2026-08-07T04:35:50.740340Z  WARN ThreadId(01) docker_node: HOTSTUFF_NODE_LEAST_ID=0, HOTSTUFF_NODE_NUM=4
2026-08-07T04:35:50.741292Z  WARN ThreadId(01) docker_node: metrics exporter disabled by SMROL_DISABLE_METRICS
2026-08-07T04:36:10.949552Z  WARN ThreadId(01) hotstuff_runner::tcp_node: Node 1 view timeout set to 2000 ms
2026-08-07T04:36:10.955917Z  WARN ThreadId(01) hotstuff_runner::smrol::sequencing: SMROL_MEDIAN_INFLIGHT=3, SMROL_ORDER_FINALIZE_INFLIGHT=3, SMROL_FINAL_SIGN_INFLIGHT=3, SMROL_FINAL_VERIFY_INFLIGHT=3
2026-08-07T04:36:10.962268Z  WARN ThreadId(01) hotstuff_runner::smrol::sequencing: [Sequencing] Node 1 multi-signature verification disabled: false
2026-08-07T04:36:10.966316Z  WARN ThreadId(02) hotstuff_runner::smrol::sequencing: [Sequencing] Node 1 final verify dispatcher started
2026-08-07T04:36:10.968319Z  WARN ThreadId(07) docker_node:   Connection reuse ineffective (2.0 msg/conn)
2026-08-07T04:36:12.963713Z  WARN ThreadId(20) hotstuff_runner::app: Node 1 [produce_block] queue size: 0, attempting up to 0 transactions this block    
2026-08-07T04:36:13.099524Z  WARN ThreadId(20) hotstuff_runner::app: Node 1 [produce_block] queue size: 0, attempting up to 0 transactions this block    
2026-08-07T04:36:13.173990Z  WARN ThreadId(20) hotstuff_runner::app: Node 1 [produce_block] queue size: 0, attempting up to 0 transactions this block    
2026-08-07T04:36:13.215245Z  WARN ThreadId(20) hotstuff_runner::app: Node 1 [produce_block] queue size: 0, attempting up to 0 transactions this block    
2026-08-07T04:36:13.299820Z  WARN ThreadId(20) hotstuff_runner::app: Node 1 [produce_block] queue size: 0, attempting up to 0 transactions this block    
2026-08-07T04:36:13.374559Z  WARN ThreadId(20) hotstuff_runner::app: Node 1 [produce_block] queue size: 0, attempting up to 0 transactions this block    
2026-08-07T04:36:13.411550Z  WARN ThreadId(20) hotstuff_runner::app: Node 1 [produce_block] queue size: 0, attempting up to 0 transactions this block    
2026-08-07T04:36:13.457474Z  WARN ThreadId(20) hotstuff_runner::app: Node 1 [produce_block] queue size: 0, attempting up to 0 transactions this block    
2026-08-07T04:36:13.519489Z  WARN ThreadId(20) hotstuff_runner::app: Node 1 [produce_block] queue size: 0, attempting up to 0 transactions this block    
2026-08-07T04:36:13.548949Z  WARN ThreadId(20) hotstuff_runner::app: Node 1 [produce_block] queue size: 0, attempting up to 0 transactions this block    
2026-08-07T04:36:13.658008Z  WARN ThreadId(20) hotstuff_runner::app: Node 1 [produce_block] queue size: 0, attempting up to 0 transactions this block    
2026-08-07T04:36:13.710910Z  WARN ThreadId(20) hotstuff_runner::app: Node 1 [produce_block] queue size: 0, attempting up to 0 transactions this block    
2026-08-07T04:36:13.734818Z  WARN ThreadId(20) hotstuff_runner::app: Node 1 [produce_block] queue size: 0, attempting up to 0 transactions this block    
2026-08-07T04:36:13.774763Z  WARN ThreadId(20) hotstuff_runner::app: Node 1 [produce_block] queue size: 0, attempting up to 0 transactions this block    
2026-08-07T04:36:13.821696Z  WARN ThreadId(20) hotstuff_runner::app: Node 1 [produce_block] queue size: 0, attempting up to 0 transactions this block    
2026-08-07T04:36:13.852311Z  WARN ThreadId(20) hotstuff_runner::app: Node 1 [produce_block] queue size: 0, attempting up to 0 transactions this block    
2026-08-07T04:36:13.896999Z  WARN ThreadId(20) hotstuff_runner::app: Node 1 [produce_block] queue size: 0, attempting up to 0 transactions this block    
2026-08-07T04:36:13.932148Z  WARN ThreadId(20) hotstuff_runner::app: Node 1 [produce_block] queue size: 0, attempting up to 0 transactions this block    
2026-08-07T04:36:13.962892Z  WARN ThreadId(20) hotstuff_runner::app: Node 1 [produce_block] queue size: 0, attempting up to 0 transactions this block    
2026-08-07T04:36:13.999435Z  WARN ThreadId(20) hotstuff_runner::app: Node 1 [produce_block] queue size: 0, attempting up to 0 transactions this block    
2026-08-07T04:36:14.033840Z  WARN ThreadId(20) hotstuff_runner::app: Node 1 [produce_block] queue size: 0, attempting up to 0 transactions this block    
2026-08-07T04:36:14.063599Z  WARN ThreadId(20) hotstuff_runner::app: Node 1 [produce_block] queue size: 0, attempting up to 0 transactions this block    
2026-08-07T04:36:14.101932Z  WARN ThreadId(20) hotstuff_runner::app: Node 1 [produce_block] queue size: 0, attempting up to 0 transactions this block    
2026-08-07T04:36:14.147462Z  WARN ThreadId(20) hotstuff_runner::app: Node 1 [produce_block] queue size: 0, attempting up to 0 transactions this block    
2026-08-07T04:36:14.194920Z  WARN ThreadId(20) hotstuff_runner::app: Node 1 [produce_block] queue size: 0, attempting up to 0 transactions this block    
2026-08-07T04:36:14.247439Z  WARN ThreadId(20) hotstuff_runner::app: Node 1 [produce_block] queue size: 0, attempting up to 0 transactions this block    
2026-08-07T04:36:14.321609Z  WARN ThreadId(20) hotstuff_runner::app: Node 1 [produce_block] queue size: 0, attempting up to 0 transactions this block    
2026-08-07T04:36:14.519697Z  WARN ThreadId(20) hotstuff_runner::app: Node 1 [produce_block] queue size: 0, attempting up to 0 transactions this block    
2026-08-07T04:36:14.656746Z  WARN ThreadId(20) hotstuff_runner::app: Node 1 [produce_block] queue size: 0, attempting up to 0 transactions this block    
2026-08-07T04:36:14.704038Z  WARN ThreadId(20) hotstuff_runner::app: Node 1 [produce_block] queue size: 0, attempting up to 0 transactions this block    
2026-08-07T04:36:14.776996Z  WARN ThreadId(20) hotstuff_runner::app: Node 1 [produce_block] queue size: 0, attempting up to 0 transactions this block    
2026-08-07T04:36:14.855663Z  WARN ThreadId(20) hotstuff_runner::app: Node 1 [produce_block] queue size: 0, attempting up to 0 transactions this block    
2026-08-07T04:36:14.976010Z  WARN ThreadId(20) hotstuff_runner::app: Node 1 [produce_block] queue size: 0, attempting up to 0 transactions this block    
2026-08-07T04:36:15.063595Z  WARN ThreadId(20) hotstuff_runner::app: Node 1 [produce_block] queue size: 0, attempting up to 0 transactions this block    
2026-08-07T04:36:15.066871Z  WARN ThreadId(20) hotstuff_runner::app: Node 1 view(136) far exceeds block count (33); potential sync issue    
2026-08-07T04:36:15.123487Z  WARN ThreadId(20) hotstuff_runner::app: Node 1 [produce_block] queue size: 0, attempting up to 0 transactions this block    
2026-08-07T04:36:15.127450Z  WARN ThreadId(20) hotstuff_runner::app: Node 1 view(140) far exceeds block count (34); potential sync issue    
2026-08-07T04:36:15.179176Z  WARN ThreadId(20) hotstuff_runner::app: Node 1 [produce_block] queue size: 0, attempting up to 0 transactions this block    
2026-08-07T04:36:15.179569Z  WARN ThreadId(20) hotstuff_runner::app: Node 1 view(144) far exceeds block count (35); potential sync issue    
2026-08-07T04:36:15.227642Z  WARN ThreadId(20) hotstuff_runner::app: Node 1 [produce_block] queue size: 0, attempting up to 0 transactions this block    
2026-08-07T04:36:15.228134Z  WARN ThreadId(20) hotstuff_runner::app: Node 1 view(148) far exceeds block count (36); potential sync issue    
2026-08-07T04:36:15.283380Z  WARN ThreadId(20) hotstuff_runner::app: Node 1 [produce_block] queue size: 0, attempting up to 0 transactions this block    
2026-08-07T04:36:15.283700Z  WARN ThreadId(20) hotstuff_runner::app: Node 1 view(152) far exceeds block count (37); potential sync issue    
2026-08-07T04:36:15.341107Z  WARN ThreadId(20) hotstuff_runner::app: Node 1 [produce_block] queue size: 0, attempting up to 0 transactions this block    
2026-08-07T04:36:15.341760Z  WARN ThreadId(20) hotstuff_runner::app: Node 1 view(156) far exceeds block count (38); potential sync issue    
2026-08-07T04:36:15.383792Z  WARN ThreadId(20) hotstuff_runner::app: Node 1 [produce_block] queue size: 0, attempting up to 0 transactions this block    
2026-08-07T04:36:15.391000Z  WARN ThreadId(20) hotstuff_runner::app: Node 1 view(160) far exceeds block count (39); potential sync issue    
2026-08-07T04:36:15.482864Z  WARN ThreadId(20) hotstuff_runner::app: Node 1 [produce_block] queue size: 0, attempting up to 0 transactions this block    
2026-08-07T04:36:15.499302Z  WARN ThreadId(20) hotstuff_runner::app: Node 1 view(164) far exceeds block count (40); potential sync issue    
2026-08-07T04:36:15.541839Z  WARN ThreadId(20) hotstuff_runner::app: Node 1 [produce_block] queue size: 0, attempting up to 0 transactions this block    
2026-08-07T04:36:15.542725Z  WARN ThreadId(20) hotstuff_runner::app: Node 1 view(168) far exceeds block count (41); potential sync issue    
2026-08-07T04:36:15.599503Z  WARN ThreadId(20) hotstuff_runner::app: Node 1 [produce_block] queue size: 0, attempting up to 0 transactions this block    
2026-08-07T04:36:15.599798Z  WARN ThreadId(20) hotstuff_runner::app: Node 1 view(172) far exceeds block count (42); potential sync issue    
2026-08-07T04:36:15.682953Z  WARN ThreadId(20) hotstuff_runner::app: Node 1 [produce_block] queue size: 0, attempting up to 0 transactions this block    
2026-08-07T04:36:15.689538Z  WARN ThreadId(20) hotstuff_runner::app: Node 1 view(176) far exceeds block count (43); potential sync issue    
2026-08-07T04:36:15.780744Z  WARN ThreadId(20) hotstuff_runner::app: Node 1 [produce_block] queue size: 0, attempting up to 0 transactions this block    
2026-08-07T04:36:15.782596Z  WARN ThreadId(20) hotstuff_runner::app: Node 1 view(180) far exceeds block count (44); potential sync issue    
2026-08-07T04:36:15.806896Z  WARN ThreadId(20) hotstuff_runner::app: Node 1 [produce_block] queue size: 0, attempting up to 0 transactions this block    
2026-08-07T04:36:15.807298Z  WARN ThreadId(20) hotstuff_runner::app: Node 1 view(184) far exceeds block count (45); potential sync issue    
2026-08-07T04:36:15.839520Z  WARN ThreadId(20) hotstuff_runner::app: Node 1 [produce_block] queue size: 0, attempting up to 0 transactions this block    
2026-08-07T04:36:15.839919Z  WARN ThreadId(20) hotstuff_runner::app: Node 1 view(188) far exceeds block count (46); potential sync issue    
2026-08-07T04:36:15.917069Z  WARN ThreadId(20) hotstuff_runner::app: Node 1 [produce_block] queue size: 0, attempting up to 0 transactions this block    
2026-08-07T04:36:15.917688Z  WARN ThreadId(20) hotstuff_runner::app: Node 1 view(192) far exceeds block count (47); potential sync issue    
2026-08-07T04:36:15.975965Z  WARN ThreadId(02) docker_node:   Connection reuse ineffective (2.0 msg/conn)
2026-08-07T04:36:15.988765Z  WARN ThreadId(01) docker_node: Node 1 port 20001 temporarily unreachable: Connection refused (os error 111)
2026-08-07T04:36:15.991932Z  WARN ThreadId(01) docker_node: Node 2 port 20002 temporarily unreachable: Connection refused (os error 111)
2026-08-07T04:36:15.992507Z  WARN ThreadId(01) docker_node: Node 3 port 20003 temporarily unreachable: Connection refused (os error 111)
2026-08-07T04:36:16.036572Z  WARN ThreadId(20) hotstuff_runner::app: Node 1 [produce_block] queue size: 0, attempting up to 0 transactions this block    
2026-08-07T04:36:16.039516Z  WARN ThreadId(20) hotstuff_runner::app: Node 1 view(196) far exceeds block count (48); potential sync issue    
2026-08-07T04:36:16.172033Z  WARN ThreadId(20) hotstuff_runner::app: Node 1 [produce_block] queue size: 0, attempting up to 0 transactions this block    
2026-08-07T04:36:16.174101Z  WARN ThreadId(20) hotstuff_runner::app: Node 1 view(200) far exceeds block count (49); potential sync issue    
2026-08-07T04:36:16.228757Z  WARN ThreadId(20) hotstuff_runner::app: Node 1 [produce_block] queue size: 0, attempting up to 0 transactions this block    
2026-08-07T04:36:16.229569Z  WARN ThreadId(20) hotstuff_runner::app: Node 1 view(204) far exceeds block count (50); potential sync issue    
2026-08-07T04:36:16.268516Z  WARN ThreadId(20) hotstuff_runner::app: Node 1 [produce_block] queue size: 0, attempting up to 0 transactions this block    
2026-08-07T04:36:16.269049Z  WARN ThreadId(20) hotstuff_runner::app: Node 1 view(208) far exceeds block count (51); potential sync issue    
2026-08-07T04:36:16.336344Z  WARN ThreadId(20) hotstuff_runner::app: Node 1 [produce_block] queue size: 0, attempting up to 0 transactions this block    
2026-08-07T04:36:16.337160Z  WARN ThreadId(20) hotstuff_runner::app: Node 1 view(212) far exceeds block count (52); potential sync issue    
2026-08-07T04:36:16.437004Z  WARN ThreadId(20) hotstuff_runner::app: Node 1 [produce_block] queue size: 2, attempting up to 2 transactions this block    
2026-08-07T04:36:16.437277Z  WARN ThreadId(20) hotstuff_runner::app: Node 1 view(216) far exceeds block count (53); potential sync issue    
2026-08-07T04:36:16.515415Z  WARN ThreadId(20) hotstuff_runner::app: Node 1 [produce_block] queue size: 0, attempting up to 0 transactions this block    
2026-08-07T04:36:16.515603Z  WARN ThreadId(20) hotstuff_runner::app: Node 1 view(220) far exceeds block count (54); potential sync issue    
2026-08-07T04:36:16.541744Z  WARN ThreadId(20) hotstuff_runner::app: Node 1 [produce_block] queue size: 0, attempting up to 0 transactions this block    
2026-08-07T04:36:16.542002Z  WARN ThreadId(20) hotstuff_runner::app: Node 1 view(224) far exceeds block count (55); potential sync issue    
2026-08-07T04:36:16.600766Z  WARN ThreadId(20) hotstuff_runner::app: Node 1 [produce_block] queue size: 2, attempting up to 2 transactions this block    
2026-08-07T04:36:16.600993Z  WARN ThreadId(20) hotstuff_runner::app: Node 1 view(228) far exceeds block count (56); potential sync issue    
2026-08-07T04:36:16.649986Z  WARN ThreadId(20) hotstuff_runner::app: Node 1 [produce_block] queue size: 0, attempting up to 0 transactions this block    
2026-08-07T04:36:16.650271Z  WARN ThreadId(20) hotstuff_runner::app: Node 1 view(232) far exceeds block count (57); potential sync issue    
2026-08-07T04:36:16.731873Z  WARN ThreadId(20) hotstuff_runner::app: Node 1 [produce_block] queue size: 0, attempting up to 0 transactions this block    
2026-08-07T04:36:16.732995Z  WARN ThreadId(20) hotstuff_runner::app: Node 1 view(236) far exceeds block count (58); potential sync issue    
2026-08-07T04:36:16.779742Z  WARN ThreadId(21) hotstuff_runner::tcp_node: Detected transaction backlog: submit rate (4.6) > confirm rate (0.0)
2026-08-07T04:36:16.805569Z  WARN ThreadId(20) hotstuff_runner::app: Node 1 [produce_block] queue size: 2, attempting up to 2 transactions this block    
2026-08-07T04:36:16.806473Z  WARN ThreadId(20) hotstuff_runner::app: Node 1 view(240) far exceeds block count (59); potential sync issue    
2026-08-07T04:36:16.866747Z  WARN ThreadId(20) hotstuff_runner::app: Node 1 [produce_block] queue size: 0, attempting up to 0 transactions this block    
2026-08-07T04:36:16.867523Z  WARN ThreadId(20) hotstuff_runner::app: Node 1 view(244) far exceeds block count (60); potential sync issue    
2026-08-07T04:36:16.967341Z  WARN ThreadId(20) hotstuff_runner::app: Node 1 [produce_block] queue size: 0, attempting up to 0 transactions this block    
2026-08-07T04:36:16.970714Z  WARN ThreadId(20) hotstuff_runner::app: Node 1 view(248) far exceeds block count (61); potential sync issue    
2026-08-07T04:36:17.040830Z  WARN ThreadId(20) hotstuff_runner::app: Node 1 [produce_block] queue size: 2, attempting up to 2 transactions this block    
2026-08-07T04:36:17.041773Z  WARN ThreadId(20) hotstuff_runner::app: Node 1 view(252) far exceeds block count (62); potential sync issue    
2026-08-07T04:36:17.101661Z  WARN ThreadId(20) hotstuff_runner::app: Node 1 [produce_block] queue size: 0, attempting up to 0 transactions this block    
2026-08-07T04:36:17.102416Z  WARN ThreadId(20) hotstuff_runner::app: Node 1 view(256) far exceeds block count (63); potential sync issue    
2026-08-07T04:36:17.143688Z  WARN ThreadId(20) hotstuff_runner::app: Node 1 [produce_block] queue size: 0, attempting up to 0 transactions this block    
2026-08-07T04:36:17.150887Z  WARN ThreadId(20) hotstuff_runner::app: Node 1 view(260) far exceeds block count (64); potential sync issue    
2026-08-07T04:36:17.268943Z  WARN ThreadId(20) hotstuff_runner::app: Node 1 [produce_block] queue size: 2, attempting up to 2 transactions this block    
2026-08-07T04:36:17.269436Z  WARN ThreadId(20) hotstuff_runner::app: Node 1 view(264) far exceeds block count (65); potential sync issue    
2026-08-07T04:36:17.302774Z  WARN ThreadId(20) hotstuff_runner::app: Node 1 [produce_block] queue size: 0, attempting up to 0 transactions this block    
2026-08-07T04:36:17.303699Z  WARN ThreadId(20) hotstuff_runner::app: Node 1 view(268) far exceeds block count (66); potential sync issue    
2026-08-07T04:36:17.347699Z  WARN ThreadId(20) hotstuff_runner::app: Node 1 [produce_block] queue size: 0, attempting up to 0 transactions this block    
2026-08-07T04:36:17.348388Z  WARN ThreadId(20) hotstuff_runner::app: Node 1 view(272) far exceeds block count (67); potential sync issue    
2026-08-07T04:36:17.383554Z  WARN ThreadId(20) hotstuff_runner::app: Node 1 [produce_block] queue size: 0, attempting up to 0 transactions this block    
2026-08-07T04:36:17.384775Z  WARN ThreadId(20) hotstuff_runner::app: Node 1 view(276) far exceeds block count (68); potential sync issue    
2026-08-07T04:36:17.417666Z  WARN ThreadId(20) hotstuff_runner::app: Node 1 [produce_block] queue size: 0, attempting up to 0 transactions this block    
2026-08-07T04:36:17.418347Z  WARN ThreadId(20) hotstuff_runner::app: Node 1 view(280) far exceeds block count (69); potential sync issue    
2026-08-07T04:36:17.486905Z  WARN ThreadId(20) hotstuff_runner::app: Node 1 [produce_block] queue size: 2, attempting up to 2 transactions this block    
2026-08-07T04:36:17.487015Z  WARN ThreadId(20) hotstuff_runner::app: Node 1 view(284) far exceeds block count (70); potential sync issue    
2026-08-07T04:36:17.517368Z  WARN ThreadId(20) hotstuff_runner::app: Node 1 [produce_block] queue size: 0, attempting up to 0 transactions this block    
2026-08-07T04:36:17.517557Z  WARN ThreadId(20) hotstuff_runner::app: Node 1 view(288) far exceeds block count (71); potential sync issue    
2026-08-07T04:36:17.547986Z  WARN ThreadId(20) hotstuff_runner::app: Node 1 [produce_block] queue size: 0, attempting up to 0 transactions this block    
2026-08-07T04:36:17.549120Z  WARN ThreadId(20) hotstuff_runner::app: Node 1 view(292) far exceeds block count (72); potential sync issue    
2026-08-07T04:36:17.588951Z  WARN ThreadId(20) hotstuff_runner::app: Node 1 [produce_block] queue size: 0, attempting up to 0 transactions this block    
2026-08-07T04:36:17.590648Z  WARN ThreadId(20) hotstuff_runner::app: Node 1 view(296) far exceeds block count (73); potential sync issue    
2026-08-07T04:36:17.623802Z  WARN ThreadId(20) hotstuff_runner::app: Node 1 [produce_block] queue size: 0, attempting up to 0 transactions this block    
2026-08-07T04:36:17.624557Z  WARN ThreadId(20) hotstuff_runner::app: Node 1 view(300) far exceeds block count (74); potential sync issue    
2026-08-07T04:36:17.671425Z  WARN ThreadId(20) hotstuff_runner::app: Node 1 [produce_block] queue size: 2, attempting up to 2 transactions this block    
2026-08-07T04:36:17.672165Z  WARN ThreadId(20) hotstuff_runner::app: Node 1 view(304) far exceeds block count (75); potential sync issue    
2026-08-07T04:36:17.713022Z  WARN ThreadId(20) hotstuff_runner::app: Node 1 [produce_block] queue size: 0, attempting up to 0 transactions this block    
2026-08-07T04:36:17.713463Z  WARN ThreadId(20) hotstuff_runner::app: Node 1 view(308) far exceeds block count (76); potential sync issue    
2026-08-07T04:36:17.779777Z  WARN ThreadId(20) hotstuff_runner::app: Node 1 [produce_block] queue size: 0, attempting up to 0 transactions this block    
2026-08-07T04:36:17.788540Z  WARN ThreadId(20) hotstuff_runner::app: Node 1 view(312) far exceeds block count (77); potential sync issue    
2026-08-07T04:36:17.861610Z  WARN ThreadId(20) hotstuff_runner::app: Node 1 [produce_block] queue size: 2, attempting up to 2 transactions this block    
2026-08-07T04:36:17.866891Z  WARN ThreadId(20) hotstuff_runner::app: Node 1 view(316) far exceeds block count (78); potential sync issue    
2026-08-07T04:36:17.930439Z  WARN ThreadId(20) hotstuff_runner::app: Node 1 [produce_block] queue size: 0, attempting up to 0 transactions this block    
2026-08-07T04:36:17.930916Z  WARN ThreadId(20) hotstuff_runner::app: Node 1 view(320) far exceeds block count (79); potential sync issue    
2026-08-07T04:36:17.970891Z  WARN ThreadId(20) hotstuff_runner::app: Node 1 [produce_block] queue size: 0, attempting up to 0 transactions this block    
2026-08-07T04:36:17.971732Z  WARN ThreadId(20) hotstuff_runner::app: Node 1 view(324) far exceeds block count (80); potential sync issue    
2026-08-07T04:36:18.040794Z  WARN ThreadId(20) hotstuff_runner::app: Node 1 [produce_block] queue size: 0, attempting up to 0 transactions this block    
2026-08-07T04:36:18.041476Z  WARN ThreadId(20) hotstuff_runner::app: Node 1 view(328) far exceeds block count (81); potential sync issue    
2026-08-07T04:36:18.095601Z  WARN ThreadId(20) hotstuff_runner::app: Node 1 [produce_block] queue size: 2, attempting up to 2 transactions this block    
2026-08-07T04:36:18.098706Z  WARN ThreadId(20) hotstuff_runner::app: Node 1 view(332) far exceeds block count (82); potential sync issue    
2026-08-07T04:36:18.132937Z  WARN ThreadId(20) hotstuff_runner::app: Node 1 [produce_block] queue size: 0, attempting up to 0 transactions this block    
2026-08-07T04:36:18.133440Z  WARN ThreadId(20) hotstuff_runner::app: Node 1 view(336) far exceeds block count (83); potential sync issue    
2026-08-07T04:36:18.179181Z  WARN ThreadId(20) hotstuff_runner::app: Node 1 [produce_block] queue size: 0, attempting up to 0 transactions this block    
2026-08-07T04:36:18.180409Z  WARN ThreadId(20) hotstuff_runner::app: Node 1 view(340) far exceeds block count (84); potential sync issue    
2026-08-07T04:36:18.335335Z  WARN ThreadId(20) hotstuff_runner::app: Node 1 [produce_block] queue size: 0, attempting up to 0 transactions this block    
2026-08-07T04:36:18.335556Z  WARN ThreadId(20) hotstuff_runner::app: Node 1 view(344) far exceeds block count (85); potential sync issue    
2026-08-07T04:36:18.422583Z  WARN ThreadId(20) hotstuff_runner::app: Node 1 [produce_block] queue size: 2, attempting up to 2 transactions this block    
2026-08-07T04:36:18.424239Z  WARN ThreadId(20) hotstuff_runner::app: Node 1 view(348) far exceeds block count (86); potential sync issue    
2026-08-07T04:36:18.469390Z  WARN ThreadId(20) hotstuff_runner::app: Node 1 [produce_block] queue size: 0, attempting up to 0 transactions this block    
2026-08-07T04:36:18.471946Z  WARN ThreadId(20) hotstuff_runner::app: Node 1 view(352) far exceeds block count (87); potential sync issue    
2026-08-07T04:36:18.535400Z  WARN ThreadId(20) hotstuff_runner::app: Node 1 [produce_block] queue size: 2, attempting up to 2 transactions this block    
2026-08-07T04:36:18.536665Z  WARN ThreadId(20) hotstuff_runner::app: Node 1 view(356) far exceeds block count (88); potential sync issue    
2026-08-07T04:36:18.590339Z  WARN ThreadId(20) hotstuff_runner::app: Node 1 [produce_block] queue size: 0, attempting up to 0 transactions this block    
2026-08-07T04:36:18.593901Z  WARN ThreadId(20) hotstuff_runner::app: Node 1 view(360) far exceeds block count (89); potential sync issue    
2026-08-07T04:36:18.642806Z  WARN ThreadId(20) hotstuff_runner::app: Node 1 [produce_block] queue size: 0, attempting up to 0 transactions this block    
2026-08-07T04:36:18.643562Z  WARN ThreadId(20) hotstuff_runner::app: Node 1 view(364) far exceeds block count (90); potential sync issue    
2026-08-07T04:36:18.698015Z  WARN ThreadId(20) hotstuff_runner::app: Node 1 [produce_block] queue size: 0, attempting up to 0 transactions this block    
2026-08-07T04:36:18.698501Z  WARN ThreadId(20) hotstuff_runner::app: Node 1 view(368) far exceeds block count (91); potential sync issue    
2026-08-07T04:36:18.763865Z  WARN ThreadId(20) hotstuff_runner::app: Node 1 [produce_block] queue size: 2, attempting up to 2 transactions this block    
2026-08-07T04:36:18.772879Z  WARN ThreadId(20) hotstuff_runner::app: Node 1 view(372) far exceeds block count (92); potential sync issue    
2026-08-07T04:36:18.833018Z  WARN ThreadId(20) hotstuff_runner::app: Node 1 [produce_block] queue size: 0, attempting up to 0 transactions this block    
2026-08-07T04:36:18.841406Z  WARN ThreadId(20) hotstuff_runner::app: Node 1 view(376) far exceeds block count (93); potential sync issue    
2026-08-07T04:36:18.898648Z  WARN ThreadId(20) hotstuff_runner::app: Node 1 [produce_block] queue size: 0, attempting up to 0 transactions this block    
2026-08-07T04:36:18.898789Z  WARN ThreadId(20) hotstuff_runner::app: Node 1 view(380) far exceeds block count (94); potential sync issue    
2026-08-07T04:36:18.964575Z  WARN ThreadId(20) hotstuff_runner::app: Node 1 [produce_block] queue size: 2, attempting up to 2 transactions this block    
2026-08-07T04:36:18.965484Z  WARN ThreadId(20) hotstuff_runner::app: Node 1 view(384) far exceeds block count (95); potential sync issue    
2026-08-07T04:36:19.026696Z  WARN ThreadId(20) hotstuff_runner::app: Node 1 [produce_block] queue size: 0, attempting up to 0 transactions this block    
2026-08-07T04:36:19.027315Z  WARN ThreadId(20) hotstuff_runner::app: Node 1 view(388) far exceeds block count (96); potential sync issue    
2026-08-07T04:36:19.092883Z  WARN ThreadId(20) hotstuff_runner::app: Node 1 [produce_block] queue size: 0, attempting up to 0 transactions this block    
2026-08-07T04:36:19.093011Z  WARN ThreadId(20) hotstuff_runner::app: Node 1 view(392) far exceeds block count (97); potential sync issue    
2026-08-07T04:36:19.152175Z  WARN ThreadId(20) hotstuff_runner::app: Node 1 [produce_block] queue size: 0, attempting up to 0 transactions this block    
2026-08-07T04:36:19.152783Z  WARN ThreadId(20) hotstuff_runner::app: Node 1 view(396) far exceeds block count (98); potential sync issue    
2026-08-07T04:36:19.192341Z  WARN ThreadId(20) hotstuff_runner::app: Node 1 [produce_block] queue size: 0, attempting up to 0 transactions this block    
2026-08-07T04:36:19.195485Z  WARN ThreadId(20) hotstuff_runner::app: Node 1 view(400) far exceeds block count (99); potential sync issue    
2026-08-07T04:36:19.230653Z  WARN ThreadId(20) hotstuff_runner::app: Node 1 [produce_block] queue size: 0, attempting up to 0 transactions this block    
2026-08-07T04:36:19.231187Z  WARN ThreadId(20) hotstuff_runner::app: Node 1 view(404) far exceeds block count (100); potential sync issue    
2026-08-07T04:36:19.306075Z  WARN ThreadId(20) hotstuff_runner::app: Node 1 [produce_block] queue size: 0, attempting up to 0 transactions this block    
2026-08-07T04:36:19.306612Z  WARN ThreadId(20) hotstuff_runner::app: Node 1 view(408) far exceeds block count (101); potential sync issue    
2026-08-07T04:36:19.368272Z  WARN ThreadId(20) hotstuff_runner::app: Node 1 [produce_block] queue size: 2, attempting up to 2 transactions this block    
2026-08-07T04:36:19.369720Z  WARN ThreadId(20) hotstuff_runner::app: Node 1 view(412) far exceeds block count (102); potential sync issue    
2026-08-07T04:36:19.434856Z  WARN ThreadId(20) hotstuff_runner::app: Node 1 [produce_block] queue size: 0, attempting up to 0 transactions this block    
2026-08-07T04:36:19.439117Z  WARN ThreadId(20) hotstuff_runner::app: Node 1 view(416) far exceeds block count (103); potential sync issue    
2026-08-07T04:36:19.505165Z  WARN ThreadId(20) hotstuff_runner::app: Node 1 [produce_block] queue size: 0, attempting up to 0 transactions this block    
2026-08-07T04:36:19.510166Z  WARN ThreadId(20) hotstuff_runner::app: Node 1 view(420) far exceeds block count (104); potential sync issue    
2026-08-07T04:36:19.549494Z  WARN ThreadId(20) hotstuff_runner::app: Node 1 [produce_block] queue size: 0, attempting up to 0 transactions this block    
2026-08-07T04:36:19.549778Z  WARN ThreadId(20) hotstuff_runner::app: Node 1 view(424) far exceeds block count (105); potential sync issue    
2026-08-07T04:36:19.598499Z  WARN ThreadId(20) hotstuff_runner::app: Node 1 [produce_block] queue size: 2, attempting up to 2 transactions this block    
2026-08-07T04:36:19.598773Z  WARN ThreadId(20) hotstuff_runner::app: Node 1 view(428) far exceeds block count (106); potential sync issue    
2026-08-07T04:36:19.631332Z  WARN ThreadId(20) hotstuff_runner::app: Node 1 [produce_block] queue size: 0, attempting up to 0 transactions this block    
2026-08-07T04:36:19.631738Z  WARN ThreadId(20) hotstuff_runner::app: Node 1 view(432) far exceeds block count (107); potential sync issue    
2026-08-07T04:36:19.675860Z  WARN ThreadId(20) hotstuff_runner::app: Node 1 [produce_block] queue size: 0, attempting up to 0 transactions this block    
2026-08-07T04:36:19.676082Z  WARN ThreadId(20) hotstuff_runner::app: Node 1 view(436) far exceeds block count (108); potential sync issue    
2026-08-07T04:36:19.733306Z  WARN ThreadId(20) hotstuff_runner::app: Node 1 [produce_block] queue size: 2, attempting up to 2 transactions this block    
2026-08-07T04:36:19.734852Z  WARN ThreadId(20) hotstuff_runner::app: Node 1 view(440) far exceeds block count (109); potential sync issue    
2026-08-07T04:36:19.772103Z  WARN ThreadId(20) hotstuff_runner::app: Node 1 [produce_block] queue size: 0, attempting up to 0 transactions this block    
2026-08-07T04:36:19.772937Z  WARN ThreadId(20) hotstuff_runner::app: Node 1 view(444) far exceeds block count (110); potential sync issue    
2026-08-07T04:36:19.814984Z  WARN ThreadId(20) hotstuff_runner::app: Node 1 [produce_block] queue size: 0, attempting up to 0 transactions this block    
2026-08-07T04:36:19.815236Z  WARN ThreadId(20) hotstuff_runner::app: Node 1 view(448) far exceeds block count (111); potential sync issue    
2026-08-07T04:36:19.855166Z  WARN ThreadId(20) hotstuff_runner::app: Node 1 [produce_block] queue size: 0, attempting up to 0 transactions this block    
2026-08-07T04:36:19.856126Z  WARN ThreadId(20) hotstuff_runner::app: Node 1 view(452) far exceeds block count (112); potential sync issue    
2026-08-07T04:36:19.886289Z  WARN ThreadId(20) hotstuff_runner::app: Node 1 [produce_block] queue size: 0, attempting up to 0 transactions this block    
2026-08-07T04:36:19.889347Z  WARN ThreadId(20) hotstuff_runner::app: Node 1 view(456) far exceeds block count (113); potential sync issue    
2026-08-07T04:36:19.922831Z  WARN ThreadId(20) hotstuff_runner::app: Node 1 [produce_block] queue size: 0, attempting up to 0 transactions this block    
2026-08-07T04:36:19.927538Z  WARN ThreadId(20) hotstuff_runner::app: Node 1 view(460) far exceeds block count (114); potential sync issue    
2026-08-07T04:36:19.998320Z  WARN ThreadId(20) hotstuff_runner::app: Node 1 [produce_block] queue size: 2, attempting up to 2 transactions this block    
2026-08-07T04:36:19.999710Z  WARN ThreadId(20) hotstuff_runner::app: Node 1 view(464) far exceeds block count (115); potential sync issue    
2026-08-07T04:36:20.040919Z  WARN ThreadId(20) hotstuff_runner::app: Node 1 [produce_block] queue size: 0, attempting up to 0 transactions this block    
2026-08-07T04:36:20.044605Z  WARN ThreadId(20) hotstuff_runner::app: Node 1 view(468) far exceeds block count (116); potential sync issue    
2026-08-07T04:36:20.099740Z  WARN ThreadId(20) hotstuff_runner::app: Node 1 [produce_block] queue size: 0, attempting up to 0 transactions this block    
2026-08-07T04:36:20.100094Z  WARN ThreadId(20) hotstuff_runner::app: Node 1 view(472) far exceeds block count (117); potential sync issue    
2026-08-07T04:36:20.182045Z  WARN ThreadId(20) hotstuff_runner::app: Node 1 [produce_block] queue size: 2, attempting up to 2 transactions this block    
2026-08-07T04:36:20.182451Z  WARN ThreadId(20) hotstuff_runner::app: Node 1 view(476) far exceeds block count (118); potential sync issue    
2026-08-07T04:36:20.222711Z  WARN ThreadId(20) hotstuff_runner::app: Node 1 [produce_block] queue size: 0, attempting up to 0 transactions this block    
2026-08-07T04:36:20.223868Z  WARN ThreadId(20) hotstuff_runner::app: Node 1 view(480) far exceeds block count (119); potential sync issue    
2026-08-07T04:36:20.267793Z  WARN ThreadId(20) hotstuff_runner::app: Node 1 [produce_block] queue size: 0, attempting up to 0 transactions this block    
2026-08-07T04:36:20.289751Z  WARN ThreadId(20) hotstuff_runner::app: Node 1 view(484) far exceeds block count (120); potential sync issue    
2026-08-07T04:36:20.365868Z  WARN ThreadId(20) hotstuff_runner::app: Node 1 [produce_block] queue size: 2, attempting up to 2 transactions this block    
2026-08-07T04:36:20.377312Z  WARN ThreadId(20) hotstuff_runner::app: Node 1 view(488) far exceeds block count (121); potential sync issue    
2026-08-07T04:36:20.486400Z  WARN ThreadId(20) hotstuff_runner::app: Node 1 [produce_block] queue size: 0, attempting up to 0 transactions this block    
2026-08-07T04:36:20.487364Z  WARN ThreadId(20) hotstuff_runner::app: Node 1 view(492) far exceeds block count (122); potential sync issue    
2026-08-07T04:36:20.558313Z  WARN ThreadId(20) hotstuff_runner::app: Node 1 [produce_block] queue size: 0, attempting up to 0 transactions this block    
2026-08-07T04:36:20.559123Z  WARN ThreadId(20) hotstuff_runner::app: Node 1 view(496) far exceeds block count (123); potential sync issue    
2026-08-07T04:36:20.610470Z  WARN ThreadId(20) hotstuff_runner::app: Node 1 [produce_block] queue size: 0, attempting up to 0 transactions this block    
2026-08-07T04:36:20.617553Z  WARN ThreadId(20) hotstuff_runner::app: Node 1 view(500) far exceeds block count (124); potential sync issue    
2026-08-07T04:36:20.757949Z  WARN ThreadId(20) hotstuff_runner::app: Node 1 [produce_block] queue size: 2, attempting up to 2 transactions this block    
2026-08-07T04:36:20.758156Z  WARN ThreadId(20) hotstuff_runner::app: Node 1 view(504) far exceeds block count (125); potential sync issue    
2026-08-07T04:36:20.825751Z  WARN ThreadId(26) hotstuff_runner::smrol::network: ⚠️ [Check] Writer 1 -> 3 slow write: 7.99275ms
2026-08-07T04:36:20.869474Z  WARN ThreadId(20) hotstuff_runner::app: Node 1 [produce_block] queue size: 2, attempting up to 2 transactions this block    
2026-08-07T04:36:20.870462Z  WARN ThreadId(20) hotstuff_runner::app: Node 1 view(508) far exceeds block count (126); potential sync issue    
2026-08-07T04:36:20.928861Z  WARN ThreadId(20) hotstuff_runner::app: Node 1 [produce_block] queue size: 0, attempting up to 0 transactions this block    
2026-08-07T04:36:20.930111Z  WARN ThreadId(20) hotstuff_runner::app: Node 1 view(512) far exceeds block count (127); potential sync issue    
2026-08-07T04:36:20.980282Z  WARN ThreadId(07) docker_node:   Connection reuse ineffective (2.0 msg/conn)
2026-08-07T04:36:21.083946Z  WARN ThreadId(20) hotstuff_runner::app: Node 1 [produce_block] queue size: 2, attempting up to 2 transactions this block    
2026-08-07T04:36:21.088995Z  WARN ThreadId(20) hotstuff_runner::app: Node 1 view(516) far exceeds block count (128); potential sync issue    
2026-08-07T04:36:21.158666Z  WARN ThreadId(20) hotstuff_runner::app: Node 1 [produce_block] queue size: 0, attempting up to 0 transactions this block    
2026-08-07T04:36:21.165308Z  WARN ThreadId(20) hotstuff_runner::app: Node 1 view(520) far exceeds block count (129); potential sync issue    
2026-08-07T04:36:21.262017Z  WARN ThreadId(20) hotstuff_runner::app: Node 1 [produce_block] queue size: 0, attempting up to 0 transactions this block    
2026-08-07T04:36:21.264191Z  WARN ThreadId(20) hotstuff_runner::app: Node 1 view(524) far exceeds block count (130); potential sync issue    
2026-08-07T04:36:21.323403Z  WARN ThreadId(20) hotstuff_runner::app: Node 1 [produce_block] queue size: 2, attempting up to 2 transactions this block    
2026-08-07T04:36:21.324170Z  WARN ThreadId(20) hotstuff_runner::app: Node 1 view(528) far exceeds block count (131); potential sync issue    
2026-08-07T04:36:21.386399Z  WARN ThreadId(20) hotstuff_runner::app: Node 1 [produce_block] queue size: 0, attempting up to 0 transactions this block    
2026-08-07T04:36:21.388149Z  WARN ThreadId(20) hotstuff_runner::app: Node 1 view(532) far exceeds block count (132); potential sync issue    
2026-08-07T04:36:21.468419Z  WARN ThreadId(20) hotstuff_runner::app: Node 1 [produce_block] queue size: 2, attempting up to 2 transactions this block    
2026-08-07T04:36:21.476366Z  WARN ThreadId(20) hotstuff_runner::app: Node 1 view(536) far exceeds block count (133); potential sync issue    
2026-08-07T04:36:21.558489Z  WARN ThreadId(20) hotstuff_runner::app: Node 1 [produce_block] queue size: 0, attempting up to 0 transactions this block    
2026-08-07T04:36:21.560207Z  WARN ThreadId(20) hotstuff_runner::app: Node 1 view(540) far exceeds block count (134); potential sync issue    
2026-08-07T04:36:21.653190Z  WARN ThreadId(20) hotstuff_runner::app: Node 1 [produce_block] queue size: 2, attempting up to 2 transactions this block    
2026-08-07T04:36:21.653751Z  WARN ThreadId(20) hotstuff_runner::app: Node 1 view(544) far exceeds block count (135); potential sync issue    
2026-08-07T04:36:21.697297Z  WARN ThreadId(20) hotstuff_runner::app: Node 1 [produce_block] queue size: 0, attempting up to 0 transactions this block    
2026-08-07T04:36:21.704011Z  WARN ThreadId(20) hotstuff_runner::app: Node 1 view(548) far exceeds block count (136); potential sync issue    
2026-08-07T04:36:21.785401Z  WARN ThreadId(20) hotstuff_runner::app: Node 1 [produce_block] queue size: 0, attempting up to 0 transactions this block    
2026-08-07T04:36:21.786684Z  WARN ThreadId(20) hotstuff_runner::app: Node 1 view(552) far exceeds block count (137); potential sync issue    
2026-08-07T04:36:21.858218Z  WARN ThreadId(20) hotstuff_runner::app: Node 1 [produce_block] queue size: 2, attempting up to 2 transactions this block    
2026-08-07T04:36:21.860906Z  WARN ThreadId(20) hotstuff_runner::app: Node 1 view(556) far exceeds block count (138); potential sync issue    
2026-08-07T04:36:21.940288Z  WARN ThreadId(20) hotstuff_runner::app: Node 1 [produce_block] queue size: 0, attempting up to 0 transactions this block    
2026-08-07T04:36:21.940666Z  WARN ThreadId(20) hotstuff_runner::app: Node 1 view(560) far exceeds block count (139); potential sync issue    
2026-08-07T04:36:21.990748Z  WARN ThreadId(20) hotstuff_runner::app: Node 1 [produce_block] queue size: 0, attempting up to 0 transactions this block    
2026-08-07T04:36:21.991095Z  WARN ThreadId(20) hotstuff_runner::app: Node 1 view(564) far exceeds block count (140); potential sync issue    
2026-08-07T04:36:22.068240Z  WARN ThreadId(20) hotstuff_runner::app: Node 1 [produce_block] queue size: 2, attempting up to 2 transactions this block    
2026-08-07T04:36:22.074320Z  WARN ThreadId(20) hotstuff_runner::app: Node 1 view(568) far exceeds block count (141); potential sync issue    
2026-08-07T04:36:22.166099Z  WARN ThreadId(20) hotstuff_runner::app: Node 1 [produce_block] queue size: 0, attempting up to 0 transactions this block    
2026-08-07T04:36:22.166200Z  WARN ThreadId(20) hotstuff_runner::app: Node 1 view(572) far exceeds block count (142); potential sync issue    
2026-08-07T04:36:22.306680Z  WARN ThreadId(20) hotstuff_runner::app: Node 1 [produce_block] queue size: 2, attempting up to 2 transactions this block    
2026-08-07T04:36:22.314544Z  WARN ThreadId(20) hotstuff_runner::app: Node 1 view(576) far exceeds block count (143); potential sync issue    
2026-08-07T04:36:22.395193Z  WARN ThreadId(20) hotstuff_runner::app: Node 1 [produce_block] queue size: 2, attempting up to 2 transactions this block    
2026-08-07T04:36:22.395394Z  WARN ThreadId(20) hotstuff_runner::app: Node 1 view(580) far exceeds block count (144); potential sync issue    
2026-08-07T04:36:22.454921Z  WARN ThreadId(20) hotstuff_runner::app: Node 1 [produce_block] queue size: 0, attempting up to 0 transactions this block    
2026-08-07T04:36:22.455347Z  WARN ThreadId(20) hotstuff_runner::app: Node 1 view(584) far exceeds block count (145); potential sync issue    
2026-08-07T04:36:22.514501Z  WARN ThreadId(20) hotstuff_runner::app: Node 1 [produce_block] queue size: 0, attempting up to 0 transactions this block    
2026-08-07T04:36:22.515600Z  WARN ThreadId(20) hotstuff_runner::app: Node 1 view(588) far exceeds block count (146); potential sync issue    
2026-08-07T04:36:22.584194Z  WARN ThreadId(20) hotstuff_runner::app: Node 1 [produce_block] queue size: 2, attempting up to 2 transactions this block    
2026-08-07T04:36:22.585896Z  WARN ThreadId(20) hotstuff_runner::app: Node 1 view(592) far exceeds block count (147); potential sync issue    
2026-08-07T04:36:22.630261Z  WARN ThreadId(20) hotstuff_runner::app: Node 1 [produce_block] queue size: 0, attempting up to 0 transactions this block    
2026-08-07T04:36:22.631034Z  WARN ThreadId(20) hotstuff_runner::app: Node 1 view(596) far exceeds block count (148); potential sync issue    
2026-08-07T04:36:22.670235Z  WARN ThreadId(20) hotstuff_runner::app: Node 1 [produce_block] queue size: 0, attempting up to 0 transactions this block    
2026-08-07T04:36:22.671004Z  WARN ThreadId(20) hotstuff_runner::app: Node 1 view(600) far exceeds block count (149); potential sync issue    
2026-08-07T04:36:22.704535Z  WARN ThreadId(20) hotstuff_runner::app: Node 1 [produce_block] queue size: 0, attempting up to 0 transactions this block    
2026-08-07T04:36:22.704741Z  WARN ThreadId(20) hotstuff_runner::app: Node 1 view(604) far exceeds block count (150); potential sync issue    
2026-08-07T04:36:22.776349Z  WARN ThreadId(20) hotstuff_runner::app: Node 1 [produce_block] queue size: 2, attempting up to 2 transactions this block    
2026-08-07T04:36:22.777764Z  WARN ThreadId(20) hotstuff_runner::app: Node 1 view(608) far exceeds block count (151); potential sync issue    
2026-08-07T04:36:22.849466Z  WARN ThreadId(20) hotstuff_runner::app: Node 1 [produce_block] queue size: 0, attempting up to 0 transactions this block    
2026-08-07T04:36:22.854145Z  WARN ThreadId(20) hotstuff_runner::app: Node 1 view(612) far exceeds block count (152); potential sync issue    
2026-08-07T04:36:22.909555Z  WARN ThreadId(20) hotstuff_runner::app: Node 1 [produce_block] queue size: 0, attempting up to 0 transactions this block    
2026-08-07T04:36:22.909700Z  WARN ThreadId(20) hotstuff_runner::app: Node 1 view(616) far exceeds block count (153); potential sync issue    
2026-08-07T04:36:22.924855Z  WARN ThreadId(26) hotstuff_runner::smrol::network: ⚠️ [Check] Writer 1 -> 0 slow write: 17.675542ms
2026-08-07T04:36:22.980312Z  WARN ThreadId(20) hotstuff_runner::app: Node 1 [produce_block] queue size: 2, attempting up to 2 transactions this block    
2026-08-07T04:36:22.980674Z  WARN ThreadId(20) hotstuff_runner::app: Node 1 view(620) far exceeds block count (154); potential sync issue    
2026-08-07T04:36:23.037624Z  WARN ThreadId(20) hotstuff_runner::app: Node 1 [produce_block] queue size: 0, attempting up to 0 transactions this block    
2026-08-07T04:36:23.037908Z  WARN ThreadId(20) hotstuff_runner::app: Node 1 view(624) far exceeds block count (155); potential sync issue    
2026-08-07T04:36:23.091493Z  WARN ThreadId(20) hotstuff_runner::app: Node 1 [produce_block] queue size: 0, attempting up to 0 transactions this block    
2026-08-07T04:36:23.096066Z  WARN ThreadId(20) hotstuff_runner::app: Node 1 view(628) far exceeds block count (156); potential sync issue    
2026-08-07T04:36:23.153366Z  WARN ThreadId(20) hotstuff_runner::app: Node 1 [produce_block] queue size: 2, attempting up to 2 transactions this block    
2026-08-07T04:36:23.156083Z  WARN ThreadId(20) hotstuff_runner::app: Node 1 view(632) far exceeds block count (157); potential sync issue    
2026-08-07T04:36:23.223947Z  WARN ThreadId(20) hotstuff_runner::app: Node 1 [produce_block] queue size: 0, attempting up to 0 transactions this block    
2026-08-07T04:36:23.224284Z  WARN ThreadId(20) hotstuff_runner::app: Node 1 view(636) far exceeds block count (158); potential sync issue    
2026-08-07T04:36:23.277817Z  WARN ThreadId(20) hotstuff_runner::app: Node 1 [produce_block] queue size: 0, attempting up to 0 transactions this block    
2026-08-07T04:36:23.283017Z  WARN ThreadId(20) hotstuff_runner::app: Node 1 view(640) far exceeds block count (159); potential sync issue    
2026-08-07T04:36:23.369359Z  WARN ThreadId(20) hotstuff_runner::app: Node 1 [produce_block] queue size: 2, attempting up to 2 transactions this block    
2026-08-07T04:36:23.374707Z  WARN ThreadId(20) hotstuff_runner::app: Node 1 view(644) far exceeds block count (160); potential sync issue    
2026-08-07T04:36:23.458325Z  WARN ThreadId(20) hotstuff_runner::app: Node 1 [produce_block] queue size: 0, attempting up to 0 transactions this block    
2026-08-07T04:36:23.459083Z  WARN ThreadId(20) hotstuff_runner::app: Node 1 view(648) far exceeds block count (161); potential sync issue    
2026-08-07T04:36:23.524115Z  WARN ThreadId(20) hotstuff_runner::app: Node 1 [produce_block] queue size: 0, attempting up to 0 transactions this block    
2026-08-07T04:36:23.530290Z  WARN ThreadId(20) hotstuff_runner::app: Node 1 view(652) far exceeds block count (162); potential sync issue    
2026-08-07T04:36:23.593785Z  WARN ThreadId(20) hotstuff_runner::app: Node 1 [produce_block] queue size: 2, attempting up to 2 transactions this block    
2026-08-07T04:36:23.596870Z  WARN ThreadId(20) hotstuff_runner::app: Node 1 view(656) far exceeds block count (163); potential sync issue    
2026-08-07T04:36:23.641921Z  WARN ThreadId(20) hotstuff_runner::app: Node 1 [produce_block] queue size: 0, attempting up to 0 transactions this block    
2026-08-07T04:36:23.643263Z  WARN ThreadId(20) hotstuff_runner::app: Node 1 view(660) far exceeds block count (164); potential sync issue    
2026-08-07T04:36:23.679581Z  WARN ThreadId(20) hotstuff_runner::app: Node 1 [produce_block] queue size: 0, attempting up to 0 transactions this block    
2026-08-07T04:36:23.680659Z  WARN ThreadId(20) hotstuff_runner::app: Node 1 view(664) far exceeds block count (165); potential sync issue    
2026-08-07T04:36:23.738369Z  WARN ThreadId(20) hotstuff_runner::app: Node 1 [produce_block] queue size: 0, attempting up to 0 transactions this block    
2026-08-07T04:36:23.739120Z  WARN ThreadId(20) hotstuff_runner::app: Node 1 view(668) far exceeds block count (166); potential sync issue    
2026-08-07T04:36:23.836825Z  WARN ThreadId(20) hotstuff_runner::app: Node 1 [produce_block] queue size: 2, attempting up to 2 transactions this block    
2026-08-07T04:36:23.838091Z  WARN ThreadId(20) hotstuff_runner::app: Node 1 view(672) far exceeds block count (167); potential sync issue    
2026-08-07T04:36:23.883362Z  WARN ThreadId(20) hotstuff_runner::app: Node 1 [produce_block] queue size: 0, attempting up to 0 transactions this block    
2026-08-07T04:36:23.885459Z  WARN ThreadId(20) hotstuff_runner::app: Node 1 view(676) far exceeds block count (168); potential sync issue    
2026-08-07T04:36:23.955110Z  WARN ThreadId(20) hotstuff_runner::app: Node 1 [produce_block] queue size: 0, attempting up to 0 transactions this block    
2026-08-07T04:36:23.955500Z  WARN ThreadId(20) hotstuff_runner::app: Node 1 view(680) far exceeds block count (169); potential sync issue    
2026-08-07T04:36:23.982301Z  WARN ThreadId(26) hotstuff_runner::smrol::network: ⚠️ [Check] Writer 1 -> 0 slow write: 5.800875ms
2026-08-07T04:36:24.004833Z  WARN ThreadId(20) hotstuff_runner::app: Node 1 [produce_block] queue size: 2, attempting up to 2 transactions this block    
2026-08-07T04:36:24.010112Z  WARN ThreadId(20) hotstuff_runner::app: Node 1 view(684) far exceeds block count (170); potential sync issue    
2026-08-07T04:36:24.075993Z  WARN ThreadId(20) hotstuff_runner::app: Node 1 [produce_block] queue size: 0, attempting up to 0 transactions this block    
2026-08-07T04:36:24.078785Z  WARN ThreadId(20) hotstuff_runner::app: Node 1 view(688) far exceeds block count (171); potential sync issue    
2026-08-07T04:36:24.143122Z  WARN ThreadId(20) hotstuff_runner::app: Node 1 [produce_block] queue size: 0, attempting up to 0 transactions this block    
2026-08-07T04:36:24.143603Z  WARN ThreadId(20) hotstuff_runner::app: Node 1 view(692) far exceeds block count (172); potential sync issue    
2026-08-07T04:36:24.179823Z  WARN ThreadId(20) hotstuff_runner::app: Node 1 [produce_block] queue size: 2, attempting up to 2 transactions this block    
2026-08-07T04:36:24.181495Z  WARN ThreadId(20) hotstuff_runner::app: Node 1 view(696) far exceeds block count (173); potential sync issue    
2026-08-07T04:36:24.215045Z  WARN ThreadId(20) hotstuff_runner::app: Node 1 [produce_block] queue size: 0, attempting up to 0 transactions this block    
2026-08-07T04:36:24.216336Z  WARN ThreadId(20) hotstuff_runner::app: Node 1 view(700) far exceeds block count (174); potential sync issue    
2026-08-07T04:36:24.257980Z  WARN ThreadId(20) hotstuff_runner::app: Node 1 [produce_block] queue size: 0, attempting up to 0 transactions this block    
2026-08-07T04:36:24.263551Z  WARN ThreadId(20) hotstuff_runner::app: Node 1 view(704) far exceeds block count (175); potential sync issue    
2026-08-07T04:36:24.344311Z  WARN ThreadId(20) hotstuff_runner::app: Node 1 [produce_block] queue size: 2, attempting up to 2 transactions this block    
2026-08-07T04:36:24.345363Z  WARN ThreadId(20) hotstuff_runner::app: Node 1 view(708) far exceeds block count (176); potential sync issue    
2026-08-07T04:36:24.380075Z  WARN ThreadId(20) hotstuff_runner::app: Node 1 [produce_block] queue size: 0, attempting up to 0 transactions this block    
2026-08-07T04:36:24.380339Z  WARN ThreadId(20) hotstuff_runner::app: Node 1 view(712) far exceeds block count (177); potential sync issue    
2026-08-07T04:36:24.451530Z  WARN ThreadId(20) hotstuff_runner::app: Node 1 [produce_block] queue size: 0, attempting up to 0 transactions this block    
2026-08-07T04:36:24.454120Z  WARN ThreadId(20) hotstuff_runner::app: Node 1 view(716) far exceeds block count (178); potential sync issue    
2026-08-07T04:36:24.549053Z  WARN ThreadId(20) hotstuff_runner::app: Node 1 [produce_block] queue size: 0, attempting up to 0 transactions this block    
2026-08-07T04:36:24.549394Z  WARN ThreadId(20) hotstuff_runner::app: Node 1 view(720) far exceeds block count (179); potential sync issue    
2026-08-07T04:36:24.599209Z  WARN ThreadId(20) hotstuff_runner::app: Node 1 [produce_block] queue size: 2, attempting up to 2 transactions this block    
2026-08-07T04:36:24.600695Z  WARN ThreadId(20) hotstuff_runner::app: Node 1 view(724) far exceeds block count (180); potential sync issue    
2026-08-07T04:36:24.632204Z  WARN ThreadId(20) hotstuff_runner::app: Node 1 [produce_block] queue size: 0, attempting up to 0 transactions this block    
2026-08-07T04:36:24.632543Z  WARN ThreadId(20) hotstuff_runner::app: Node 1 view(728) far exceeds block count (181); potential sync issue    
2026-08-07T04:36:24.681751Z  WARN ThreadId(20) hotstuff_runner::app: Node 1 [produce_block] queue size: 0, attempting up to 0 transactions this block    
2026-08-07T04:36:24.686295Z  WARN ThreadId(20) hotstuff_runner::app: Node 1 view(732) far exceeds block count (182); potential sync issue    
2026-08-07T04:36:24.734677Z  WARN ThreadId(20) hotstuff_runner::app: Node 1 [produce_block] queue size: 0, attempting up to 0 transactions this block    
2026-08-07T04:36:24.735648Z  WARN ThreadId(20) hotstuff_runner::app: Node 1 view(736) far exceeds block count (183); potential sync issue    
2026-08-07T04:36:24.796630Z  WARN ThreadId(20) hotstuff_runner::app: Node 1 [produce_block] queue size: 2, attempting up to 2 transactions this block    
2026-08-07T04:36:24.796950Z  WARN ThreadId(20) hotstuff_runner::app: Node 1 view(740) far exceeds block count (184); potential sync issue    
2026-08-07T04:36:24.830848Z  WARN ThreadId(20) hotstuff_runner::app: Node 1 [produce_block] queue size: 0, attempting up to 0 transactions this block    
2026-08-07T04:36:24.831470Z  WARN ThreadId(20) hotstuff_runner::app: Node 1 view(744) far exceeds block count (185); potential sync issue    
2026-08-07T04:36:24.863262Z  WARN ThreadId(20) hotstuff_runner::app: Node 1 [produce_block] queue size: 0, attempting up to 0 transactions this block    
2026-08-07T04:36:24.864243Z  WARN ThreadId(20) hotstuff_runner::app: Node 1 view(748) far exceeds block count (186); potential sync issue    
2026-08-07T04:36:24.904290Z  WARN ThreadId(20) hotstuff_runner::app: Node 1 [produce_block] queue size: 0, attempting up to 0 transactions this block    
2026-08-07T04:36:24.904648Z  WARN ThreadId(20) hotstuff_runner::app: Node 1 view(752) far exceeds block count (187); potential sync issue    
2026-08-07T04:36:24.978601Z  WARN ThreadId(20) hotstuff_runner::app: Node 1 [produce_block] queue size: 2, attempting up to 2 transactions this block    
2026-08-07T04:36:24.979414Z  WARN ThreadId(20) hotstuff_runner::app: Node 1 view(756) far exceeds block count (188); potential sync issue    
2026-08-07T04:36:25.044655Z  WARN ThreadId(20) hotstuff_runner::app: Node 1 [produce_block] queue size: 0, attempting up to 0 transactions this block    
2026-08-07T04:36:25.044950Z  WARN ThreadId(20) hotstuff_runner::app: Node 1 view(760) far exceeds block count (189); potential sync issue    
2026-08-07T04:36:25.087216Z  WARN ThreadId(20) hotstuff_runner::app: Node 1 [produce_block] queue size: 0, attempting up to 0 transactions this block    
2026-08-07T04:36:25.087407Z  WARN ThreadId(20) hotstuff_runner::app: Node 1 view(764) far exceeds block count (190); potential sync issue    
2026-08-07T04:36:25.147090Z  WARN ThreadId(20) hotstuff_runner::app: Node 1 [produce_block] queue size: 0, attempting up to 0 transactions this block    
2026-08-07T04:36:25.150465Z  WARN ThreadId(20) hotstuff_runner::app: Node 1 view(768) far exceeds block count (191); potential sync issue    
2026-08-07T04:36:25.217981Z  WARN ThreadId(20) hotstuff_runner::app: Node 1 [produce_block] queue size: 2, attempting up to 2 transactions this block    
2026-08-07T04:36:25.221472Z  WARN ThreadId(20) hotstuff_runner::app: Node 1 view(772) far exceeds block count (192); potential sync issue    
2026-08-07T04:36:25.271017Z  WARN ThreadId(20) hotstuff_runner::app: Node 1 [produce_block] queue size: 0, attempting up to 0 transactions this block    
2026-08-07T04:36:25.271750Z  WARN ThreadId(20) hotstuff_runner::app: Node 1 view(776) far exceeds block count (193); potential sync issue    
2026-08-07T04:36:25.304459Z  WARN ThreadId(20) hotstuff_runner::app: Node 1 [produce_block] queue size: 0, attempting up to 0 transactions this block    
2026-08-07T04:36:25.304680Z  WARN ThreadId(20) hotstuff_runner::app: Node 1 view(780) far exceeds block count (194); potential sync issue    
2026-08-07T04:36:25.360158Z  WARN ThreadId(20) hotstuff_runner::app: Node 1 [produce_block] queue size: 0, attempting up to 0 transactions this block    
2026-08-07T04:36:25.360825Z  WARN ThreadId(20) hotstuff_runner::app: Node 1 view(784) far exceeds block count (195); potential sync issue    
2026-08-07T04:36:25.413919Z  WARN ThreadId(20) hotstuff_runner::app: Node 1 [produce_block] queue size: 2, attempting up to 2 transactions this block    
2026-08-07T04:36:25.414034Z  WARN ThreadId(20) hotstuff_runner::app: Node 1 view(788) far exceeds block count (196); potential sync issue    
2026-08-07T04:36:25.469752Z  WARN ThreadId(20) hotstuff_runner::app: Node 1 [produce_block] queue size: 0, attempting up to 0 transactions this block    
2026-08-07T04:36:25.472944Z  WARN ThreadId(20) hotstuff_runner::app: Node 1 view(792) far exceeds block count (197); potential sync issue    
2026-08-07T04:36:25.536720Z  WARN ThreadId(20) hotstuff_runner::app: Node 1 [produce_block] queue size: 2, attempting up to 2 transactions this block    
2026-08-07T04:36:25.536912Z  WARN ThreadId(20) hotstuff_runner::app: Node 1 view(796) far exceeds block count (198); potential sync issue    
2026-08-07T04:36:25.587403Z  WARN ThreadId(20) hotstuff_runner::app: Node 1 [produce_block] queue size: 0, attempting up to 0 transactions this block    
2026-08-07T04:36:25.587809Z  WARN ThreadId(20) hotstuff_runner::app: Node 1 view(800) far exceeds block count (199); potential sync issue    
2026-08-07T04:36:25.623958Z  WARN ThreadId(20) hotstuff_runner::app: Node 1 [produce_block] queue size: 0, attempting up to 0 transactions this block    
2026-08-07T04:36:25.625730Z  WARN ThreadId(20) hotstuff_runner::app: Node 1 view(804) far exceeds block count (200); potential sync issue    
2026-08-07T04:36:25.681087Z  WARN ThreadId(20) hotstuff_runner::app: Node 1 [produce_block] queue size: 0, attempting up to 0 transactions this block    
2026-08-07T04:36:25.683162Z  WARN ThreadId(20) hotstuff_runner::app: Node 1 view(808) far exceeds block count (201); potential sync issue    
2026-08-07T04:36:25.761066Z  WARN ThreadId(20) hotstuff_runner::app: Node 1 [produce_block] queue size: 0, attempting up to 0 transactions this block    
2026-08-07T04:36:25.762490Z  WARN ThreadId(20) hotstuff_runner::app: Node 1 view(812) far exceeds block count (202); potential sync issue    
2026-08-07T04:36:25.840909Z  WARN ThreadId(20) hotstuff_runner::app: Node 1 [produce_block] queue size: 2, attempting up to 2 transactions this block    
2026-08-07T04:36:25.841270Z  WARN ThreadId(20) hotstuff_runner::app: Node 1 view(816) far exceeds block count (203); potential sync issue    
2026-08-07T04:36:25.884306Z  WARN ThreadId(20) hotstuff_runner::app: Node 1 [produce_block] queue size: 0, attempting up to 0 transactions this block    
2026-08-07T04:36:25.884749Z  WARN ThreadId(20) hotstuff_runner::app: Node 1 view(820) far exceeds block count (204); potential sync issue    
2026-08-07T04:36:25.950988Z  WARN ThreadId(20) hotstuff_runner::app: Node 1 [produce_block] queue size: 2, attempting up to 2 transactions this block    
2026-08-07T04:36:25.952773Z  WARN ThreadId(20) hotstuff_runner::app: Node 1 view(824) far exceeds block count (205); potential sync issue    
2026-08-07T04:36:25.967057Z  WARN ThreadId(05) docker_node:   Connection reuse ineffective (2.0 msg/conn)
2026-08-07T04:36:25.990573Z  WARN ThreadId(20) hotstuff_runner::app: Node 1 [produce_block] queue size: 0, attempting up to 0 transactions this block    
2026-08-07T04:36:25.991267Z  WARN ThreadId(20) hotstuff_runner::app: Node 1 view(828) far exceeds block count (206); potential sync issue    
2026-08-07T04:36:26.038108Z  WARN ThreadId(20) hotstuff_runner::app: Node 1 [produce_block] queue size: 0, attempting up to 0 transactions this block    
2026-08-07T04:36:26.038338Z  WARN ThreadId(20) hotstuff_runner::app: Node 1 view(832) far exceeds block count (207); potential sync issue    
2026-08-07T04:36:26.096183Z  WARN ThreadId(20) hotstuff_runner::app: Node 1 [produce_block] queue size: 0, attempting up to 0 transactions this block    
2026-08-07T04:36:26.097868Z  WARN ThreadId(20) hotstuff_runner::app: Node 1 view(836) far exceeds block count (208); potential sync issue    
2026-08-07T04:36:26.150647Z  WARN ThreadId(20) hotstuff_runner::app: Node 1 [produce_block] queue size: 2, attempting up to 2 transactions this block    
2026-08-07T04:36:26.152085Z  WARN ThreadId(20) hotstuff_runner::app: Node 1 view(840) far exceeds block count (209); potential sync issue    
2026-08-07T04:36:26.187470Z  WARN ThreadId(20) hotstuff_runner::app: Node 1 [produce_block] queue size: 0, attempting up to 0 transactions this block    
2026-08-07T04:36:26.187720Z  WARN ThreadId(20) hotstuff_runner::app: Node 1 view(844) far exceeds block count (210); potential sync issue    
2026-08-07T04:36:26.219989Z  WARN ThreadId(20) hotstuff_runner::app: Node 1 [produce_block] queue size: 0, attempting up to 0 transactions this block    
2026-08-07T04:36:26.227797Z  WARN ThreadId(20) hotstuff_runner::app: Node 1 view(848) far exceeds block count (211); potential sync issue    
2026-08-07T04:36:26.278988Z  WARN ThreadId(20) hotstuff_runner::app: Node 1 [produce_block] queue size: 0, attempting up to 0 transactions this block    
2026-08-07T04:36:26.282204Z  WARN ThreadId(20) hotstuff_runner::app: Node 1 view(852) far exceeds block count (212); potential sync issue    
2026-08-07T04:36:26.366537Z  WARN ThreadId(20) hotstuff_runner::app: Node 1 [produce_block] queue size: 2, attempting up to 2 transactions this block    
2026-08-07T04:36:26.366890Z  WARN ThreadId(20) hotstuff_runner::app: Node 1 view(856) far exceeds block count (213); potential sync issue    
2026-08-07T04:36:26.429278Z  WARN ThreadId(20) hotstuff_runner::app: Node 1 [produce_block] queue size: 0, attempting up to 0 transactions this block    
2026-08-07T04:36:26.430240Z  WARN ThreadId(20) hotstuff_runner::app: Node 1 view(860) far exceeds block count (214); potential sync issue    
2026-08-07T04:36:26.489154Z  WARN ThreadId(20) hotstuff_runner::app: Node 1 [produce_block] queue size: 0, attempting up to 0 transactions this block    
2026-08-07T04:36:26.489316Z  WARN ThreadId(20) hotstuff_runner::app: Node 1 view(864) far exceeds block count (215); potential sync issue    
2026-08-07T04:36:26.543402Z  WARN ThreadId(20) hotstuff_runner::app: Node 1 [produce_block] queue size: 2, attempting up to 2 transactions this block    
2026-08-07T04:36:26.552852Z  WARN ThreadId(20) hotstuff_runner::app: Node 1 view(868) far exceeds block count (216); potential sync issue    
2026-08-07T04:36:26.628921Z  WARN ThreadId(20) hotstuff_runner::app: Node 1 [produce_block] queue size: 0, attempting up to 0 transactions this block    
2026-08-07T04:36:26.630870Z  WARN ThreadId(20) hotstuff_runner::app: Node 1 view(872) far exceeds block count (217); potential sync issue    
2026-08-07T04:36:26.705239Z  WARN ThreadId(20) hotstuff_runner::app: Node 1 [produce_block] queue size: 2, attempting up to 2 transactions this block    
2026-08-07T04:36:26.705616Z  WARN ThreadId(20) hotstuff_runner::app: Node 1 view(876) far exceeds block count (218); potential sync issue    
2026-08-07T04:36:26.754610Z  WARN ThreadId(20) hotstuff_runner::app: Node 1 [produce_block] queue size: 0, attempting up to 0 transactions this block    
2026-08-07T04:36:26.754892Z  WARN ThreadId(20) hotstuff_runner::app: Node 1 view(880) far exceeds block count (219); potential sync issue    
2026-08-07T04:36:26.816428Z  WARN ThreadId(20) hotstuff_runner::app: Node 1 [produce_block] queue size: 0, attempting up to 0 transactions this block    
2026-08-07T04:36:26.816750Z  WARN ThreadId(20) hotstuff_runner::app: Node 1 view(884) far exceeds block count (220); potential sync issue    
2026-08-07T04:36:26.879655Z  WARN ThreadId(20) hotstuff_runner::app: Node 1 [produce_block] queue size: 2, attempting up to 2 transactions this block    
2026-08-07T04:36:26.879893Z  WARN ThreadId(20) hotstuff_runner::app: Node 1 view(888) far exceeds block count (221); potential sync issue    
2026-08-07T04:36:26.929174Z  WARN ThreadId(20) hotstuff_runner::app: Node 1 [produce_block] queue size: 0, attempting up to 0 transactions this block    
2026-08-07T04:36:26.931939Z  WARN ThreadId(20) hotstuff_runner::app: Node 1 view(892) far exceeds block count (222); potential sync issue    
2026-08-07T04:36:26.982039Z  WARN ThreadId(20) hotstuff_runner::app: Node 1 [produce_block] queue size: 0, attempting up to 0 transactions this block    
2026-08-07T04:36:26.983835Z  WARN ThreadId(20) hotstuff_runner::app: Node 1 view(896) far exceeds block count (223); potential sync issue    
2026-08-07T04:36:27.026166Z  WARN ThreadId(20) hotstuff_runner::app: Node 1 [produce_block] queue size: 0, attempting up to 0 transactions this block    
2026-08-07T04:36:27.031704Z  WARN ThreadId(20) hotstuff_runner::app: Node 1 view(900) far exceeds block count (224); potential sync issue    
2026-08-07T04:36:27.111421Z  WARN ThreadId(20) hotstuff_runner::app: Node 1 [produce_block] queue size: 2, attempting up to 2 transactions this block    
2026-08-07T04:36:27.111708Z  WARN ThreadId(20) hotstuff_runner::app: Node 1 view(904) far exceeds block count (225); potential sync issue    
2026-08-07T04:36:27.158330Z  WARN ThreadId(20) hotstuff_runner::app: Node 1 [produce_block] queue size: 0, attempting up to 0 transactions this block    
2026-08-07T04:36:27.158933Z  WARN ThreadId(20) hotstuff_runner::app: Node 1 view(908) far exceeds block count (226); potential sync issue    
2026-08-07T04:36:27.216226Z  WARN ThreadId(20) hotstuff_runner::app: Node 1 [produce_block] queue size: 0, attempting up to 0 transactions this block    
2026-08-07T04:36:27.216669Z  WARN ThreadId(20) hotstuff_runner::app: Node 1 view(912) far exceeds block count (227); potential sync issue    
2026-08-07T04:36:27.272038Z  WARN ThreadId(20) hotstuff_runner::app: Node 1 [produce_block] queue size: 0, attempting up to 0 transactions this block    
2026-08-07T04:36:27.272346Z  WARN ThreadId(20) hotstuff_runner::app: Node 1 view(916) far exceeds block count (228); potential sync issue    
2026-08-07T04:36:27.350756Z  WARN ThreadId(20) hotstuff_runner::app: Node 1 [produce_block] queue size: 2, attempting up to 2 transactions this block    
2026-08-07T04:36:27.352323Z  WARN ThreadId(20) hotstuff_runner::app: Node 1 view(920) far exceeds block count (229); potential sync issue    
2026-08-07T04:36:27.381142Z  WARN ThreadId(20) hotstuff_runner::app: Node 1 [produce_block] queue size: 0, attempting up to 0 transactions this block    
2026-08-07T04:36:27.382217Z  WARN ThreadId(20) hotstuff_runner::app: Node 1 view(924) far exceeds block count (230); potential sync issue    
2026-08-07T04:36:27.421718Z  WARN ThreadId(20) hotstuff_runner::app: Node 1 [produce_block] queue size: 0, attempting up to 0 transactions this block    
2026-08-07T04:36:27.426479Z  WARN ThreadId(20) hotstuff_runner::app: Node 1 view(928) far exceeds block count (231); potential sync issue    
2026-08-07T04:36:27.469681Z  WARN ThreadId(20) hotstuff_runner::app: Node 1 [produce_block] queue size: 0, attempting up to 0 transactions this block    
2026-08-07T04:36:27.472266Z  WARN ThreadId(20) hotstuff_runner::app: Node 1 view(932) far exceeds block count (232); potential sync issue    
2026-08-07T04:36:27.516224Z  WARN ThreadId(20) hotstuff_runner::app: Node 1 [produce_block] queue size: 0, attempting up to 0 transactions this block    
2026-08-07T04:36:27.516306Z  WARN ThreadId(20) hotstuff_runner::app: Node 1 view(936) far exceeds block count (233); potential sync issue    
2026-08-07T04:36:27.622702Z  WARN ThreadId(20) hotstuff_runner::app: Node 1 [produce_block] queue size: 2, attempting up to 2 transactions this block    
2026-08-07T04:36:27.623548Z  WARN ThreadId(20) hotstuff_runner::app: Node 1 view(940) far exceeds block count (234); potential sync issue    
2026-08-07T04:36:27.669783Z  WARN ThreadId(20) hotstuff_runner::app: Node 1 [produce_block] queue size: 0, attempting up to 0 transactions this block    
2026-08-07T04:36:27.671169Z  WARN ThreadId(20) hotstuff_runner::app: Node 1 view(944) far exceeds block count (235); potential sync issue    
2026-08-07T04:36:27.703680Z  WARN ThreadId(20) hotstuff_runner::app: Node 1 [produce_block] queue size: 0, attempting up to 0 transactions this block    
2026-08-07T04:36:27.707046Z  WARN ThreadId(20) hotstuff_runner::app: Node 1 view(948) far exceeds block count (236); potential sync issue    
2026-08-07T04:36:27.764774Z  WARN ThreadId(20) hotstuff_runner::app: Node 1 [produce_block] queue size: 2, attempting up to 2 transactions this block    
2026-08-07T04:36:27.767780Z  WARN ThreadId(20) hotstuff_runner::app: Node 1 view(952) far exceeds block count (237); potential sync issue    
2026-08-07T04:36:27.814938Z  WARN ThreadId(20) hotstuff_runner::app: Node 1 [produce_block] queue size: 0, attempting up to 0 transactions this block    
2026-08-07T04:36:27.815216Z  WARN ThreadId(20) hotstuff_runner::app: Node 1 view(956) far exceeds block count (238); potential sync issue    
2026-08-07T04:36:27.883474Z  WARN ThreadId(20) hotstuff_runner::app: Node 1 [produce_block] queue size: 0, attempting up to 0 transactions this block    
2026-08-07T04:36:27.884409Z  WARN ThreadId(20) hotstuff_runner::app: Node 1 view(960) far exceeds block count (239); potential sync issue    
2026-08-07T04:36:27.935242Z  WARN ThreadId(20) hotstuff_runner::app: Node 1 [produce_block] queue size: 0, attempting up to 0 transactions this block    
2026-08-07T04:36:27.935639Z  WARN ThreadId(20) hotstuff_runner::app: Node 1 view(964) far exceeds block count (240); potential sync issue    
2026-08-07T04:36:27.997441Z  WARN ThreadId(20) hotstuff_runner::app: Node 1 [produce_block] queue size: 2, attempting up to 2 transactions this block    
2026-08-07T04:36:27.999258Z  WARN ThreadId(20) hotstuff_runner::app: Node 1 view(968) far exceeds block count (241); potential sync issue    
2026-08-07T04:36:28.037371Z  WARN ThreadId(20) hotstuff_runner::app: Node 1 [produce_block] queue size: 0, attempting up to 0 transactions this block    
2026-08-07T04:36:28.037464Z  WARN ThreadId(20) hotstuff_runner::app: Node 1 view(972) far exceeds block count (242); potential sync issue    
2026-08-07T04:36:28.080056Z  WARN ThreadId(20) hotstuff_runner::app: Node 1 [produce_block] queue size: 0, attempting up to 0 transactions this block    
2026-08-07T04:36:28.080786Z  WARN ThreadId(20) hotstuff_runner::app: Node 1 view(976) far exceeds block count (243); potential sync issue    
2026-08-07T04:36:28.140217Z  WARN ThreadId(20) hotstuff_runner::app: Node 1 [produce_block] queue size: 2, attempting up to 2 transactions this block    
2026-08-07T04:36:28.140440Z  WARN ThreadId(20) hotstuff_runner::app: Node 1 view(980) far exceeds block count (244); potential sync issue    
2026-08-07T04:36:28.195619Z  WARN ThreadId(20) hotstuff_runner::app: Node 1 [produce_block] queue size: 0, attempting up to 0 transactions this block    
2026-08-07T04:36:28.196462Z  WARN ThreadId(20) hotstuff_runner::app: Node 1 view(984) far exceeds block count (245); potential sync issue    
2026-08-07T04:36:28.232869Z  WARN ThreadId(20) hotstuff_runner::app: Node 1 [produce_block] queue size: 0, attempting up to 0 transactions this block    
2026-08-07T04:36:28.235840Z  WARN ThreadId(20) hotstuff_runner::app: Node 1 view(988) far exceeds block count (246); potential sync issue    
2026-08-07T04:36:28.290890Z  WARN ThreadId(20) hotstuff_runner::app: Node 1 [produce_block] queue size: 0, attempting up to 0 transactions this block    
2026-08-07T04:36:28.291586Z  WARN ThreadId(20) hotstuff_runner::app: Node 1 view(992) far exceeds block count (247); potential sync issue    
2026-08-07T04:36:28.328864Z  WARN ThreadId(20) hotstuff_runner::app: Node 1 [produce_block] queue size: 0, attempting up to 0 transactions this block    
2026-08-07T04:36:28.329612Z  WARN ThreadId(20) hotstuff_runner::app: Node 1 view(996) far exceeds block count (248); potential sync issue    
2026-08-07T04:36:28.393765Z  WARN ThreadId(20) hotstuff_runner::app: Node 1 [produce_block] queue size: 2, attempting up to 2 transactions this block    
2026-08-07T04:36:28.400313Z  WARN ThreadId(20) hotstuff_runner::app: Node 1 view(1000) far exceeds block count (249); potential sync issue    
2026-08-07T04:36:28.457196Z  WARN ThreadId(20) hotstuff_runner::app: Node 1 [produce_block] queue size: 0, attempting up to 0 transactions this block    
2026-08-07T04:36:28.462564Z  WARN ThreadId(20) hotstuff_runner::app: Node 1 view(1004) far exceeds block count (250); potential sync issue    
2026-08-07T04:36:28.537933Z  WARN ThreadId(20) hotstuff_runner::app: Node 1 [produce_block] queue size: 0, attempting up to 0 transactions this block    
2026-08-07T04:36:28.538511Z  WARN ThreadId(20) hotstuff_runner::app: Node 1 view(1008) far exceeds block count (251); potential sync issue    
2026-08-07T04:36:28.574145Z  WARN ThreadId(25) hotstuff_runner::smrol::network: ⚠️ [Check] Writer 1 -> 3 slow write: 7.934375ms
2026-08-07T04:36:28.679038Z  WARN ThreadId(20) hotstuff_runner::app: Node 1 [produce_block] queue size: 2, attempting up to 2 transactions this block    
2026-08-07T04:36:28.681846Z  WARN ThreadId(20) hotstuff_runner::app: Node 1 view(1012) far exceeds block count (252); potential sync issue    
2026-08-07T04:36:28.749268Z  WARN ThreadId(20) hotstuff_runner::app: Node 1 [produce_block] queue size: 0, attempting up to 0 transactions this block    
2026-08-07T04:36:28.755374Z  WARN ThreadId(20) hotstuff_runner::app: Node 1 view(1016) far exceeds block count (253); potential sync issue    
2026-08-07T04:36:28.823392Z  WARN ThreadId(20) hotstuff_runner::app: Node 1 [produce_block] queue size: 0, attempting up to 0 transactions this block    
2026-08-07T04:36:28.823727Z  WARN ThreadId(20) hotstuff_runner::app: Node 1 view(1020) far exceeds block count (254); potential sync issue    
2026-08-07T04:36:28.887131Z  WARN ThreadId(20) hotstuff_runner::app: Node 1 [produce_block] queue size: 0, attempting up to 0 transactions this block    
2026-08-07T04:36:28.887624Z  WARN ThreadId(20) hotstuff_runner::app: Node 1 view(1024) far exceeds block count (255); potential sync issue    
2026-08-07T04:36:28.969911Z  WARN ThreadId(20) hotstuff_runner::app: Node 1 [produce_block] queue size: 2, attempting up to 2 transactions this block    
2026-08-07T04:36:28.970838Z  WARN ThreadId(20) hotstuff_runner::app: Node 1 view(1028) far exceeds block count (256); potential sync issue    
2026-08-07T04:36:29.032454Z  WARN ThreadId(20) hotstuff_runner::app: Node 1 [produce_block] queue size: 0, attempting up to 0 transactions this block    
2026-08-07T04:36:29.041196Z  WARN ThreadId(20) hotstuff_runner::app: Node 1 view(1032) far exceeds block count (257); potential sync issue    
2026-08-07T04:36:29.138501Z  WARN ThreadId(20) hotstuff_runner::app: Node 1 [produce_block] queue size: 2, attempting up to 2 transactions this block    
2026-08-07T04:36:29.144575Z  WARN ThreadId(20) hotstuff_runner::app: Node 1 view(1036) far exceeds block count (258); potential sync issue    
2026-08-07T04:36:29.193044Z  WARN ThreadId(20) hotstuff_runner::app: Node 1 [produce_block] queue size: 0, attempting up to 0 transactions this block    
2026-08-07T04:36:29.195734Z  WARN ThreadId(20) hotstuff_runner::app: Node 1 view(1040) far exceeds block count (259); potential sync issue    
2026-08-07T04:36:29.247001Z  WARN ThreadId(20) hotstuff_runner::app: Node 1 [produce_block] queue size: 0, attempting up to 0 transactions this block    
2026-08-07T04:36:29.247330Z  WARN ThreadId(20) hotstuff_runner::app: Node 1 view(1044) far exceeds block count (260); potential sync issue    
2026-08-07T04:36:29.319034Z  WARN ThreadId(20) hotstuff_runner::app: Node 1 [produce_block] queue size: 2, attempting up to 2 transactions this block    
2026-08-07T04:36:29.319232Z  WARN ThreadId(20) hotstuff_runner::app: Node 1 view(1048) far exceeds block count (261); potential sync issue    
2026-08-07T04:36:29.360374Z  WARN ThreadId(20) hotstuff_runner::app: Node 1 [produce_block] queue size: 0, attempting up to 0 transactions this block    
2026-08-07T04:36:29.360901Z  WARN ThreadId(20) hotstuff_runner::app: Node 1 view(1052) far exceeds block count (262); potential sync issue    
2026-08-07T04:36:29.411704Z  WARN ThreadId(20) hotstuff_runner::app: Node 1 [produce_block] queue size: 0, attempting up to 0 transactions this block    
2026-08-07T04:36:29.412967Z  WARN ThreadId(20) hotstuff_runner::app: Node 1 view(1056) far exceeds block count (263); potential sync issue    
2026-08-07T04:36:29.472953Z  WARN ThreadId(20) hotstuff_runner::app: Node 1 [produce_block] queue size: 0, attempting up to 0 transactions this block    
2026-08-07T04:36:29.475021Z  WARN ThreadId(20) hotstuff_runner::app: Node 1 view(1060) far exceeds block count (264); potential sync issue    
2026-08-07T04:36:29.520920Z  WARN ThreadId(20) hotstuff_runner::app: Node 1 [produce_block] queue size: 2, attempting up to 2 transactions this block    
2026-08-07T04:36:29.521127Z  WARN ThreadId(20) hotstuff_runner::app: Node 1 view(1064) far exceeds block count (265); potential sync issue    
2026-08-07T04:36:29.570842Z  WARN ThreadId(20) hotstuff_runner::app: Node 1 [produce_block] queue size: 0, attempting up to 0 transactions this block    
2026-08-07T04:36:29.571413Z  WARN ThreadId(20) hotstuff_runner::app: Node 1 view(1068) far exceeds block count (266); potential sync issue    
2026-08-07T04:36:29.616673Z  WARN ThreadId(20) hotstuff_runner::app: Node 1 [produce_block] queue size: 0, attempting up to 0 transactions this block    
2026-08-07T04:36:29.617108Z  WARN ThreadId(20) hotstuff_runner::app: Node 1 view(1072) far exceeds block count (267); potential sync issue    
2026-08-07T04:36:29.678882Z  WARN ThreadId(20) hotstuff_runner::app: Node 1 [produce_block] queue size: 0, attempting up to 0 transactions this block    
2026-08-07T04:36:29.691095Z  WARN ThreadId(20) hotstuff_runner::app: Node 1 view(1076) far exceeds block count (268); potential sync issue    
2026-08-07T04:36:29.782511Z  WARN ThreadId(20) hotstuff_runner::app: Node 1 [produce_block] queue size: 2, attempting up to 2 transactions this block    
2026-08-07T04:36:29.785197Z  WARN ThreadId(20) hotstuff_runner::app: Node 1 view(1080) far exceeds block count (269); potential sync issue    
2026-08-07T04:36:29.822508Z  WARN ThreadId(20) hotstuff_runner::app: Node 1 [produce_block] queue size: 0, attempting up to 0 transactions this block    
2026-08-07T04:36:29.827738Z  WARN ThreadId(20) hotstuff_runner::app: Node 1 view(1084) far exceeds block count (270); potential sync issue    
2026-08-07T04:36:29.863202Z  WARN ThreadId(20) hotstuff_runner::app: Node 1 [produce_block] queue size: 0, attempting up to 0 transactions this block    
2026-08-07T04:36:29.864281Z  WARN ThreadId(20) hotstuff_runner::app: Node 1 view(1088) far exceeds block count (271); potential sync issue    
2026-08-07T04:36:29.897853Z  WARN ThreadId(20) hotstuff_runner::app: Node 1 [produce_block] queue size: 0, attempting up to 0 transactions this block    
2026-08-07T04:36:29.898887Z  WARN ThreadId(20) hotstuff_runner::app: Node 1 view(1092) far exceeds block count (272); potential sync issue    
2026-08-07T04:36:29.956357Z  WARN ThreadId(20) hotstuff_runner::app: Node 1 [produce_block] queue size: 2, attempting up to 2 transactions this block    
2026-08-07T04:36:29.961352Z  WARN ThreadId(20) hotstuff_runner::app: Node 1 view(1096) far exceeds block count (273); potential sync issue    
2026-08-07T04:36:30.030924Z  WARN ThreadId(20) hotstuff_runner::app: Node 1 [produce_block] queue size: 0, attempting up to 0 transactions this block    
2026-08-07T04:36:30.034246Z  WARN ThreadId(20) hotstuff_runner::app: Node 1 view(1100) far exceeds block count (274); potential sync issue    
2026-08-07T04:36:30.079534Z  WARN ThreadId(20) hotstuff_runner::app: Node 1 [produce_block] queue size: 0, attempting up to 0 transactions this block    
2026-08-07T04:36:30.084079Z  WARN ThreadId(20) hotstuff_runner::app: Node 1 view(1104) far exceeds block count (275); potential sync issue    
2026-08-07T04:36:30.121123Z  WARN ThreadId(20) hotstuff_runner::app: Node 1 [produce_block] queue size: 0, attempting up to 0 transactions this block    
2026-08-07T04:36:30.126316Z  WARN ThreadId(20) hotstuff_runner::app: Node 1 view(1108) far exceeds block count (276); potential sync issue    
2026-08-07T04:36:30.183977Z  WARN ThreadId(20) hotstuff_runner::app: Node 1 [produce_block] queue size: 2, attempting up to 2 transactions this block    
2026-08-07T04:36:30.184947Z  WARN ThreadId(20) hotstuff_runner::app: Node 1 view(1112) far exceeds block count (277); potential sync issue    
2026-08-07T04:36:30.219522Z  WARN ThreadId(20) hotstuff_runner::app: Node 1 [produce_block] queue size: 0, attempting up to 0 transactions this block    
2026-08-07T04:36:30.219656Z  WARN ThreadId(20) hotstuff_runner::app: Node 1 view(1116) far exceeds block count (278); potential sync issue    
2026-08-07T04:36:30.260164Z  WARN ThreadId(20) hotstuff_runner::app: Node 1 [produce_block] queue size: 0, attempting up to 0 transactions this block    
2026-08-07T04:36:30.261839Z  WARN ThreadId(20) hotstuff_runner::app: Node 1 view(1120) far exceeds block count (279); potential sync issue    
2026-08-07T04:36:30.311554Z  WARN ThreadId(20) hotstuff_runner::app: Node 1 [produce_block] queue size: 0, attempting up to 0 transactions this block    
2026-08-07T04:36:30.312402Z  WARN ThreadId(20) hotstuff_runner::app: Node 1 view(1124) far exceeds block count (280); potential sync issue    
2026-08-07T04:36:30.353035Z  WARN ThreadId(20) hotstuff_runner::app: Node 1 [produce_block] queue size: 0, attempting up to 0 transactions this block    
2026-08-07T04:36:30.381962Z  WARN ThreadId(20) hotstuff_runner::app: Node 1 view(1128) far exceeds block count (281); potential sync issue    
2026-08-07T04:36:30.439034Z  WARN ThreadId(20) hotstuff_runner::app: Node 1 [produce_block] queue size: 2, attempting up to 2 transactions this block    
2026-08-07T04:36:30.439353Z  WARN ThreadId(20) hotstuff_runner::app: Node 1 view(1132) far exceeds block count (282); potential sync issue    
2026-08-07T04:36:30.483381Z  WARN ThreadId(20) hotstuff_runner::app: Node 1 [produce_block] queue size: 0, attempting up to 0 transactions this block    
2026-08-07T04:36:30.484043Z  WARN ThreadId(20) hotstuff_runner::app: Node 1 view(1136) far exceeds block count (283); potential sync issue    
2026-08-07T04:36:30.521776Z  WARN ThreadId(20) hotstuff_runner::app: Node 1 [produce_block] queue size: 0, attempting up to 0 transactions this block    
2026-08-07T04:36:30.522187Z  WARN ThreadId(20) hotstuff_runner::app: Node 1 view(1140) far exceeds block count (284); potential sync issue    
2026-08-07T04:36:30.583804Z  WARN ThreadId(20) hotstuff_runner::app: Node 1 [produce_block] queue size: 2, attempting up to 2 transactions this block    
2026-08-07T04:36:30.585074Z  WARN ThreadId(20) hotstuff_runner::app: Node 1 view(1144) far exceeds block count (285); potential sync issue    
2026-08-07T04:36:30.614035Z  WARN ThreadId(20) hotstuff_runner::app: Node 1 [produce_block] queue size: 0, attempting up to 0 transactions this block    
2026-08-07T04:36:30.615182Z  WARN ThreadId(20) hotstuff_runner::app: Node 1 view(1148) far exceeds block count (286); potential sync issue    
2026-08-07T04:36:30.650487Z  WARN ThreadId(20) hotstuff_runner::app: Node 1 [produce_block] queue size: 0, attempting up to 0 transactions this block    
2026-08-07T04:36:30.650769Z  WARN ThreadId(20) hotstuff_runner::app: Node 1 view(1152) far exceeds block count (287); potential sync issue    
2026-08-07T04:36:30.685100Z  WARN ThreadId(20) hotstuff_runner::app: Node 1 [produce_block] queue size: 0, attempting up to 0 transactions this block    
2026-08-07T04:36:30.686417Z  WARN ThreadId(20) hotstuff_runner::app: Node 1 view(1156) far exceeds block count (288); potential sync issue    
2026-08-07T04:36:30.747395Z  WARN ThreadId(20) hotstuff_runner::app: Node 1 [produce_block] queue size: 0, attempting up to 0 transactions this block    
2026-08-07T04:36:30.747682Z  WARN ThreadId(20) hotstuff_runner::app: Node 1 view(1160) far exceeds block count (289); potential sync issue    
2026-08-07T04:36:30.802081Z  WARN ThreadId(20) hotstuff_runner::app: Node 1 [produce_block] queue size: 2, attempting up to 2 transactions this block    
2026-08-07T04:36:30.802388Z  WARN ThreadId(20) hotstuff_runner::app: Node 1 view(1164) far exceeds block count (290); potential sync issue    
2026-08-07T04:36:30.831572Z  WARN ThreadId(20) hotstuff_runner::app: Node 1 [produce_block] queue size: 0, attempting up to 0 transactions this block    
2026-08-07T04:36:30.831739Z  WARN ThreadId(20) hotstuff_runner::app: Node 1 view(1168) far exceeds block count (291); potential sync issue    
2026-08-07T04:36:30.882041Z  WARN ThreadId(20) hotstuff_runner::app: Node 1 [produce_block] queue size: 0, attempting up to 0 transactions this block    
2026-08-07T04:36:30.882500Z  WARN ThreadId(20) hotstuff_runner::app: Node 1 view(1172) far exceeds block count (292); potential sync issue    
2026-08-07T04:36:30.968121Z  WARN ThreadId(07) docker_node:   Connection reuse ineffective (2.0 msg/conn)
2026-08-07T04:36:30.982594Z  WARN ThreadId(20) hotstuff_runner::app: Node 1 [produce_block] queue size: 2, attempting up to 2 transactions this block    
2026-08-07T04:36:30.986974Z  WARN ThreadId(20) hotstuff_runner::app: Node 1 view(1176) far exceeds block count (293); potential sync issue    
2026-08-07T04:36:31.110277Z  WARN ThreadId(20) hotstuff_runner::app: Node 1 [produce_block] queue size: 0, attempting up to 0 transactions this block    
2026-08-07T04:36:31.115320Z  WARN ThreadId(20) hotstuff_runner::app: Node 1 view(1180) far exceeds block count (294); potential sync issue    
2026-08-07T04:36:31.169000Z  WARN ThreadId(20) hotstuff_runner::app: Node 1 [produce_block] queue size: 2, attempting up to 2 transactions this block    
2026-08-07T04:36:31.169651Z  WARN ThreadId(20) hotstuff_runner::app: Node 1 view(1184) far exceeds block count (295); potential sync issue    
2026-08-07T04:36:31.219809Z  WARN ThreadId(20) hotstuff_runner::app: Node 1 [produce_block] queue size: 0, attempting up to 0 transactions this block    
2026-08-07T04:36:31.220628Z  WARN ThreadId(20) hotstuff_runner::app: Node 1 view(1188) far exceeds block count (296); potential sync issue    
2026-08-07T04:36:31.282242Z  WARN ThreadId(20) hotstuff_runner::app: Node 1 [produce_block] queue size: 0, attempting up to 0 transactions this block    
2026-08-07T04:36:31.285965Z  WARN ThreadId(20) hotstuff_runner::app: Node 1 view(1192) far exceeds block count (297); potential sync issue    
2026-08-07T04:36:31.380693Z  WARN ThreadId(20) hotstuff_runner::app: Node 1 [produce_block] queue size: 2, attempting up to 2 transactions this block    
2026-08-07T04:36:31.382342Z  WARN ThreadId(20) hotstuff_runner::app: Node 1 view(1196) far exceeds block count (298); potential sync issue    
2026-08-07T04:36:31.444969Z  WARN ThreadId(20) hotstuff_runner::app: Node 1 [produce_block] queue size: 0, attempting up to 0 transactions this block    
2026-08-07T04:36:31.445158Z  WARN ThreadId(20) hotstuff_runner::app: Node 1 view(1200) far exceeds block count (299); potential sync issue    
2026-08-07T04:36:31.522046Z  WARN ThreadId(20) hotstuff_runner::app: Node 1 [produce_block] queue size: 2, attempting up to 2 transactions this block    
2026-08-07T04:36:31.522311Z  WARN ThreadId(20) hotstuff_runner::app: Node 1 view(1204) far exceeds block count (300); potential sync issue    
2026-08-07T04:36:31.641126Z  WARN ThreadId(20) hotstuff_runner::app: Node 1 [produce_block] queue size: 0, attempting up to 0 transactions this block    
2026-08-07T04:36:31.641323Z  WARN ThreadId(20) hotstuff_runner::app: Node 1 view(1208) far exceeds block count (301); potential sync issue    
2026-08-07T04:36:31.704013Z  WARN ThreadId(20) hotstuff_runner::app: Node 1 [produce_block] queue size: 2, attempting up to 2 transactions this block    
2026-08-07T04:36:31.704304Z  WARN ThreadId(20) hotstuff_runner::app: Node 1 view(1212) far exceeds block count (302); potential sync issue    
2026-08-07T04:36:31.748169Z  WARN ThreadId(20) hotstuff_runner::app: Node 1 [produce_block] queue size: 0, attempting up to 0 transactions this block    
2026-08-07T04:36:31.748921Z  WARN ThreadId(20) hotstuff_runner::app: Node 1 view(1216) far exceeds block count (303); potential sync issue    
2026-08-07T04:36:31.797443Z  WARN ThreadId(20) hotstuff_runner::app: Node 1 [produce_block] queue size: 0, attempting up to 0 transactions this block    
2026-08-07T04:36:31.798747Z  WARN ThreadId(20) hotstuff_runner::app: Node 1 view(1220) far exceeds block count (304); potential sync issue    
2026-08-07T04:36:31.848225Z  WARN ThreadId(20) hotstuff_runner::app: Node 1 [produce_block] queue size: 0, attempting up to 0 transactions this block    
2026-08-07T04:36:31.850350Z  WARN ThreadId(20) hotstuff_runner::app: Node 1 view(1224) far exceeds block count (305); potential sync issue    
2026-08-07T04:36:31.953701Z  WARN ThreadId(20) hotstuff_runner::app: Node 1 [produce_block] queue size: 2, attempting up to 2 transactions this block    
2026-08-07T04:36:31.953981Z  WARN ThreadId(20) hotstuff_runner::app: Node 1 view(1228) far exceeds block count (306); potential sync issue    
2026-08-07T04:36:32.021257Z  WARN ThreadId(20) hotstuff_runner::app: Node 1 [produce_block] queue size: 0, attempting up to 0 transactions this block    
2026-08-07T04:36:32.022134Z  WARN ThreadId(20) hotstuff_runner::app: Node 1 view(1232) far exceeds block count (307); potential sync issue    
2026-08-07T04:36:32.077889Z  WARN ThreadId(20) hotstuff_runner::app: Node 1 [produce_block] queue size: 0, attempting up to 0 transactions this block    
2026-08-07T04:36:32.078038Z  WARN ThreadId(20) hotstuff_runner::app: Node 1 view(1236) far exceeds block count (308); potential sync issue    
2026-08-07T04:36:32.140478Z  WARN ThreadId(20) hotstuff_runner::app: Node 1 [produce_block] queue size: 0, attempting up to 0 transactions this block    
2026-08-07T04:36:32.141277Z  WARN ThreadId(20) hotstuff_runner::app: Node 1 view(1240) far exceeds block count (309); potential sync issue    
2026-08-07T04:36:32.215299Z  WARN ThreadId(20) hotstuff_runner::app: Node 1 [produce_block] queue size: 2, attempting up to 2 transactions this block    
2026-08-07T04:36:32.215439Z  WARN ThreadId(20) hotstuff_runner::app: Node 1 view(1244) far exceeds block count (310); potential sync issue    
2026-08-07T04:36:32.293013Z  WARN ThreadId(20) hotstuff_runner::app: Node 1 [produce_block] queue size: 0, attempting up to 0 transactions this block    
2026-08-07T04:36:32.293153Z  WARN ThreadId(20) hotstuff_runner::app: Node 1 view(1248) far exceeds block count (311); potential sync issue    
2026-08-07T04:36:32.465617Z  WARN ThreadId(20) hotstuff_runner::app: Node 1 [produce_block] queue size: 2, attempting up to 2 transactions this block    
2026-08-07T04:36:32.470123Z  WARN ThreadId(20) hotstuff_runner::app: Node 1 view(1252) far exceeds block count (312); potential sync issue    
2026-08-07T04:36:32.525080Z  WARN ThreadId(20) hotstuff_runner::app: Node 1 [produce_block] queue size: 0, attempting up to 0 transactions this block    
2026-08-07T04:36:32.533167Z  WARN ThreadId(20) hotstuff_runner::app: Node 1 view(1256) far exceeds block count (313); potential sync issue    
2026-08-07T04:36:32.612798Z  WARN ThreadId(20) hotstuff_runner::app: Node 1 [produce_block] queue size: 0, attempting up to 0 transactions this block    
2026-08-07T04:36:32.614645Z  WARN ThreadId(20) hotstuff_runner::app: Node 1 view(1260) far exceeds block count (314); potential sync issue    
2026-08-07T04:36:32.684641Z  WARN ThreadId(20) hotstuff_runner::app: Node 1 [produce_block] queue size: 0, attempting up to 0 transactions this block    
2026-08-07T04:36:32.686321Z  WARN ThreadId(20) hotstuff_runner::app: Node 1 view(1264) far exceeds block count (315); potential sync issue    
2026-08-07T04:36:32.767486Z  WARN ThreadId(25) hotstuff_runner::smrol::network: ⚠️ [Check] Writer 1 -> 0 slow write: 5.671875ms
2026-08-07T04:36:32.778734Z  WARN ThreadId(20) hotstuff_runner::app: Node 1 [produce_block] queue size: 0, attempting up to 0 transactions this block    
2026-08-07T04:36:32.778783Z  WARN ThreadId(26) hotstuff_runner::smrol::network: ⚠️ [Check] Writer 1 -> 3 slow write: 5.957958ms
2026-08-07T04:36:32.783933Z  WARN ThreadId(20) hotstuff_runner::app: Node 1 view(1268) far exceeds block count (316); potential sync issue    
2026-08-07T04:36:32.894671Z  WARN ThreadId(20) hotstuff_runner::app: Node 1 [produce_block] queue size: 2, attempting up to 2 transactions this block    
2026-08-07T04:36:32.900306Z  WARN ThreadId(20) hotstuff_runner::app: Node 1 view(1272) far exceeds block count (317); potential sync issue    
2026-08-07T04:36:32.984001Z  WARN ThreadId(20) hotstuff_runner::app: Node 1 [produce_block] queue size: 2, attempting up to 2 transactions this block    
2026-08-07T04:36:32.984817Z  WARN ThreadId(20) hotstuff_runner::app: Node 1 view(1276) far exceeds block count (318); potential sync issue    
2026-08-07T04:36:33.072890Z  WARN ThreadId(20) hotstuff_runner::app: Node 1 [produce_block] queue size: 0, attempting up to 0 transactions this block    
2026-08-07T04:36:33.074036Z  WARN ThreadId(20) hotstuff_runner::app: Node 1 view(1280) far exceeds block count (319); potential sync issue    
2026-08-07T04:36:33.114992Z  WARN ThreadId(20) hotstuff_runner::app: Node 1 [produce_block] queue size: 0, attempting up to 0 transactions this block    
2026-08-07T04:36:33.116783Z  WARN ThreadId(20) hotstuff_runner::app: Node 1 view(1284) far exceeds block count (320); potential sync issue    
2026-08-07T04:36:33.176005Z  WARN ThreadId(20) hotstuff_runner::app: Node 1 [produce_block] queue size: 0, attempting up to 0 transactions this block    
2026-08-07T04:36:33.176210Z  WARN ThreadId(20) hotstuff_runner::app: Node 1 view(1288) far exceeds block count (321); potential sync issue    
2026-08-07T04:36:33.234786Z  WARN ThreadId(20) hotstuff_runner::app: Node 1 [produce_block] queue size: 0, attempting up to 0 transactions this block    
2026-08-07T04:36:33.234916Z  WARN ThreadId(20) hotstuff_runner::app: Node 1 view(1292) far exceeds block count (322); potential sync issue    
2026-08-07T04:36:33.307642Z  WARN ThreadId(20) hotstuff_runner::app: Node 1 [produce_block] queue size: 0, attempting up to 0 transactions this block    
2026-08-07T04:36:33.308043Z  WARN ThreadId(20) hotstuff_runner::app: Node 1 view(1296) far exceeds block count (323); potential sync issue    
2026-08-07T04:36:33.372488Z  WARN ThreadId(20) hotstuff_runner::app: Node 1 [produce_block] queue size: 0, attempting up to 0 transactions this block    
2026-08-07T04:36:33.373020Z  WARN ThreadId(20) hotstuff_runner::app: Node 1 view(1300) far exceeds block count (324); potential sync issue    
2026-08-07T04:36:33.419697Z  WARN ThreadId(25) hotstuff_runner::smrol::network: ⚠️ [Check] Writer 1 -> 2 slow write: 9.184375ms
2026-08-07T04:36:33.479561Z  WARN ThreadId(20) hotstuff_runner::app: Node 1 [produce_block] queue size: 2, attempting up to 2 transactions this block    
2026-08-07T04:36:33.480249Z  WARN ThreadId(20) hotstuff_runner::app: Node 1 view(1304) far exceeds block count (325); potential sync issue    
2026-08-07T04:36:33.555065Z  WARN ThreadId(20) hotstuff_runner::app: Node 1 [produce_block] queue size: 0, attempting up to 0 transactions this block    
2026-08-07T04:36:33.555275Z  WARN ThreadId(20) hotstuff_runner::app: Node 1 view(1308) far exceeds block count (326); potential sync issue    
2026-08-07T04:36:33.656350Z  WARN ThreadId(25) hotstuff_runner::smrol::network: ⚠️ [Check] Writer 1 -> 3 slow write: 5.819208ms
2026-08-07T04:36:33.674317Z  WARN ThreadId(20) hotstuff_runner::app: Node 1 [produce_block] queue size: 0, attempting up to 0 transactions this block    
2026-08-07T04:36:33.674763Z  WARN ThreadId(20) hotstuff_runner::app: Node 1 view(1312) far exceeds block count (327); potential sync issue    
2026-08-07T04:36:33.773805Z  WARN ThreadId(20) hotstuff_runner::app: Node 1 [produce_block] queue size: 2, attempting up to 2 transactions this block    
2026-08-07T04:36:33.774395Z  WARN ThreadId(20) hotstuff_runner::app: Node 1 view(1316) far exceeds block count (328); potential sync issue    
2026-08-07T04:36:33.911768Z  WARN ThreadId(20) hotstuff_runner::app: Node 1 [produce_block] queue size: 2, attempting up to 2 transactions this block    
2026-08-07T04:36:33.912798Z  WARN ThreadId(20) hotstuff_runner::app: Node 1 view(1320) far exceeds block count (329); potential sync issue    
2026-08-07T04:36:33.995172Z  WARN ThreadId(20) hotstuff_runner::app: Node 1 [produce_block] queue size: 0, attempting up to 0 transactions this block    
2026-08-07T04:36:33.995585Z  WARN ThreadId(20) hotstuff_runner::app: Node 1 view(1324) far exceeds block count (330); potential sync issue    
2026-08-07T04:36:34.064716Z  WARN ThreadId(20) hotstuff_runner::app: Node 1 [produce_block] queue size: 0, attempting up to 0 transactions this block    
2026-08-07T04:36:34.065756Z  WARN ThreadId(20) hotstuff_runner::app: Node 1 view(1328) far exceeds block count (331); potential sync issue    
2026-08-07T04:36:34.138480Z  WARN ThreadId(20) hotstuff_runner::app: Node 1 [produce_block] queue size: 2, attempting up to 2 transactions this block    
2026-08-07T04:36:34.142670Z  WARN ThreadId(20) hotstuff_runner::app: Node 1 view(1332) far exceeds block count (332); potential sync issue    
2026-08-07T04:36:34.204136Z  WARN ThreadId(20) hotstuff_runner::app: Node 1 [produce_block] queue size: 0, attempting up to 0 transactions this block    
2026-08-07T04:36:34.204300Z  WARN ThreadId(20) hotstuff_runner::app: Node 1 view(1336) far exceeds block count (333); potential sync issue    
2026-08-07T04:36:34.274901Z  WARN ThreadId(20) hotstuff_runner::app: Node 1 [produce_block] queue size: 0, attempting up to 0 transactions this block    
2026-08-07T04:36:34.275284Z  WARN ThreadId(20) hotstuff_runner::app: Node 1 view(1340) far exceeds block count (334); potential sync issue    
2026-08-07T04:36:34.342336Z  WARN ThreadId(20) hotstuff_runner::app: Node 1 [produce_block] queue size: 2, attempting up to 2 transactions this block    
2026-08-07T04:36:34.343111Z  WARN ThreadId(20) hotstuff_runner::app: Node 1 view(1344) far exceeds block count (335); potential sync issue    
2026-08-07T04:36:34.395901Z  WARN ThreadId(20) hotstuff_runner::app: Node 1 [produce_block] queue size: 0, attempting up to 0 transactions this block    
2026-08-07T04:36:34.402690Z  WARN ThreadId(20) hotstuff_runner::app: Node 1 view(1348) far exceeds block count (336); potential sync issue    
2026-08-07T04:36:34.514799Z  WARN ThreadId(20) hotstuff_runner::app: Node 1 [produce_block] queue size: 2, attempting up to 2 transactions this block    
2026-08-07T04:36:34.515102Z  WARN ThreadId(20) hotstuff_runner::app: Node 1 view(1352) far exceeds block count (337); potential sync issue    
2026-08-07T04:36:34.570238Z  WARN ThreadId(20) hotstuff_runner::app: Node 1 [produce_block] queue size: 0, attempting up to 0 transactions this block    
2026-08-07T04:36:34.576932Z  WARN ThreadId(20) hotstuff_runner::app: Node 1 view(1356) far exceeds block count (338); potential sync issue    
2026-08-07T04:36:34.647041Z  WARN ThreadId(20) hotstuff_runner::app: Node 1 [produce_block] queue size: 2, attempting up to 2 transactions this block    
2026-08-07T04:36:34.657878Z  WARN ThreadId(20) hotstuff_runner::app: Node 1 view(1360) far exceeds block count (339); potential sync issue    
2026-08-07T04:36:34.759897Z  WARN ThreadId(20) hotstuff_runner::app: Node 1 [produce_block] queue size: 0, attempting up to 0 transactions this block    
2026-08-07T04:36:34.761699Z  WARN ThreadId(20) hotstuff_runner::app: Node 1 view(1364) far exceeds block count (340); potential sync issue    
2026-08-07T04:36:34.834065Z  WARN ThreadId(20) hotstuff_runner::app: Node 1 [produce_block] queue size: 2, attempting up to 2 transactions this block    
2026-08-07T04:36:34.838478Z  WARN ThreadId(20) hotstuff_runner::app: Node 1 view(1368) far exceeds block count (341); potential sync issue    
2026-08-07T04:36:34.897192Z  WARN ThreadId(20) hotstuff_runner::app: Node 1 [produce_block] queue size: 0, attempting up to 0 transactions this block    
2026-08-07T04:36:34.899908Z  WARN ThreadId(20) hotstuff_runner::app: Node 1 view(1372) far exceeds block count (342); potential sync issue    
2026-08-07T04:36:35.000212Z  WARN ThreadId(20) hotstuff_runner::app: Node 1 [produce_block] queue size: 2, attempting up to 2 transactions this block    
2026-08-07T04:36:35.000881Z  WARN ThreadId(20) hotstuff_runner::app: Node 1 view(1376) far exceeds block count (343); potential sync issue    
2026-08-07T04:36:35.117362Z  WARN ThreadId(20) hotstuff_runner::app: Node 1 [produce_block] queue size: 0, attempting up to 0 transactions this block    
2026-08-07T04:36:35.119120Z  WARN ThreadId(20) hotstuff_runner::app: Node 1 view(1380) far exceeds block count (344); potential sync issue    
2026-08-07T04:36:35.199989Z  WARN ThreadId(20) hotstuff_runner::app: Node 1 [produce_block] queue size: 2, attempting up to 2 transactions this block    
2026-08-07T04:36:35.200455Z  WARN ThreadId(20) hotstuff_runner::app: Node 1 view(1384) far exceeds block count (345); potential sync issue    
2026-08-07T04:36:35.304973Z  WARN ThreadId(20) hotstuff_runner::app: Node 1 [produce_block] queue size: 0, attempting up to 0 transactions this block    
2026-08-07T04:36:35.305897Z  WARN ThreadId(20) hotstuff_runner::app: Node 1 view(1388) far exceeds block count (346); potential sync issue    
2026-08-07T04:36:35.347157Z  WARN ThreadId(20) hotstuff_runner::app: Node 1 [produce_block] queue size: 0, attempting up to 0 transactions this block    
2026-08-07T04:36:35.348242Z  WARN ThreadId(20) hotstuff_runner::app: Node 1 view(1392) far exceeds block count (347); potential sync issue    
2026-08-07T04:36:35.410440Z  WARN ThreadId(20) hotstuff_runner::app: Node 1 [produce_block] queue size: 2, attempting up to 2 transactions this block    
2026-08-07T04:36:35.410968Z  WARN ThreadId(20) hotstuff_runner::app: Node 1 view(1396) far exceeds block count (348); potential sync issue    
2026-08-07T04:36:35.460072Z  WARN ThreadId(20) hotstuff_runner::app: Node 1 [produce_block] queue size: 0, attempting up to 0 transactions this block    
2026-08-07T04:36:35.460425Z  WARN ThreadId(20) hotstuff_runner::app: Node 1 view(1400) far exceeds block count (349); potential sync issue    
2026-08-07T04:36:35.518700Z  WARN ThreadId(20) hotstuff_runner::app: Node 1 [produce_block] queue size: 0, attempting up to 0 transactions this block    
2026-08-07T04:36:35.519243Z  WARN ThreadId(20) hotstuff_runner::app: Node 1 view(1404) far exceeds block count (350); potential sync issue    
2026-08-07T04:36:35.604742Z  WARN ThreadId(20) hotstuff_runner::app: Node 1 [produce_block] queue size: 2, attempting up to 2 transactions this block    
2026-08-07T04:36:35.605017Z  WARN ThreadId(20) hotstuff_runner::app: Node 1 view(1408) far exceeds block count (351); potential sync issue    
2026-08-07T04:36:35.702712Z  WARN ThreadId(20) hotstuff_runner::app: Node 1 [produce_block] queue size: 0, attempting up to 0 transactions this block    
2026-08-07T04:36:35.706823Z  WARN ThreadId(20) hotstuff_runner::app: Node 1 view(1412) far exceeds block count (352); potential sync issue    
2026-08-07T04:36:35.764042Z  WARN ThreadId(20) hotstuff_runner::app: Node 1 [produce_block] queue size: 0, attempting up to 0 transactions this block    
2026-08-07T04:36:35.764234Z  WARN ThreadId(20) hotstuff_runner::app: Node 1 view(1416) far exceeds block count (353); potential sync issue    
2026-08-07T04:36:35.814533Z  WARN ThreadId(20) hotstuff_runner::app: Node 1 [produce_block] queue size: 2, attempting up to 2 transactions this block    
2026-08-07T04:36:35.814758Z  WARN ThreadId(20) hotstuff_runner::app: Node 1 view(1420) far exceeds block count (354); potential sync issue    
2026-08-07T04:36:35.859495Z  WARN ThreadId(20) hotstuff_runner::app: Node 1 [produce_block] queue size: 0, attempting up to 0 transactions this block    
2026-08-07T04:36:35.859930Z  WARN ThreadId(20) hotstuff_runner::app: Node 1 view(1424) far exceeds block count (355); potential sync issue    
2026-08-07T04:36:35.890247Z  WARN ThreadId(20) hotstuff_runner::app: Node 1 [produce_block] queue size: 0, attempting up to 0 transactions this block    
2026-08-07T04:36:35.891301Z  WARN ThreadId(20) hotstuff_runner::app: Node 1 view(1428) far exceeds block count (356); potential sync issue    
2026-08-07T04:36:35.946993Z  WARN ThreadId(20) hotstuff_runner::app: Node 1 [produce_block] queue size: 0, attempting up to 0 transactions this block    
2026-08-07T04:36:35.949821Z  WARN ThreadId(20) hotstuff_runner::app: Node 1 view(1432) far exceeds block count (357); potential sync issue    
2026-08-07T04:36:35.967944Z  WARN ThreadId(06) docker_node:   Connection reuse ineffective (2.0 msg/conn)
2026-08-07T04:36:36.042189Z  WARN ThreadId(20) hotstuff_runner::app: Node 1 [produce_block] queue size: 2, attempting up to 2 transactions this block    
2026-08-07T04:36:36.043892Z  WARN ThreadId(20) hotstuff_runner::app: Node 1 view(1436) far exceeds block count (358); potential sync issue    
2026-08-07T04:36:36.090453Z  WARN ThreadId(20) hotstuff_runner::app: Node 1 [produce_block] queue size: 0, attempting up to 0 transactions this block    
2026-08-07T04:36:36.090933Z  WARN ThreadId(20) hotstuff_runner::app: Node 1 view(1440) far exceeds block count (359); potential sync issue    
2026-08-07T04:36:36.162914Z  WARN ThreadId(20) hotstuff_runner::app: Node 1 [produce_block] queue size: 2, attempting up to 2 transactions this block    
2026-08-07T04:36:36.163218Z  WARN ThreadId(20) hotstuff_runner::app: Node 1 view(1444) far exceeds block count (360); potential sync issue    
2026-08-07T04:36:36.218106Z  WARN ThreadId(20) hotstuff_runner::app: Node 1 [produce_block] queue size: 0, attempting up to 0 transactions this block    
2026-08-07T04:36:36.218400Z  WARN ThreadId(20) hotstuff_runner::app: Node 1 view(1448) far exceeds block count (361); potential sync issue    
2026-08-07T04:36:36.264010Z  WARN ThreadId(20) hotstuff_runner::app: Node 1 [produce_block] queue size: 0, attempting up to 0 transactions this block    
2026-08-07T04:36:36.264172Z  WARN ThreadId(20) hotstuff_runner::app: Node 1 view(1452) far exceeds block count (362); potential sync issue    
2026-08-07T04:36:36.298272Z  WARN ThreadId(20) hotstuff_runner::app: Node 1 [produce_block] queue size: 0, attempting up to 0 transactions this block    
2026-08-07T04:36:36.298889Z  WARN ThreadId(20) hotstuff_runner::app: Node 1 view(1456) far exceeds block count (363); potential sync issue    
2026-08-07T04:36:36.352675Z  WARN ThreadId(20) hotstuff_runner::app: Node 1 [produce_block] queue size: 2, attempting up to 2 transactions this block    
2026-08-07T04:36:36.353164Z  WARN ThreadId(20) hotstuff_runner::app: Node 1 view(1460) far exceeds block count (364); potential sync issue    
2026-08-07T04:36:36.389032Z  WARN ThreadId(20) hotstuff_runner::app: Node 1 [produce_block] queue size: 0, attempting up to 0 transactions this block    
2026-08-07T04:36:36.402189Z  WARN ThreadId(20) hotstuff_runner::app: Node 1 view(1464) far exceeds block count (365); potential sync issue    
2026-08-07T04:36:36.444672Z  WARN ThreadId(20) hotstuff_runner::app: Node 1 [produce_block] queue size: 0, attempting up to 0 transactions this block    
2026-08-07T04:36:36.444983Z  WARN ThreadId(20) hotstuff_runner::app: Node 1 view(1468) far exceeds block count (366); potential sync issue    
2026-08-07T04:36:36.490231Z  WARN ThreadId(20) hotstuff_runner::app: Node 1 [produce_block] queue size: 0, attempting up to 0 transactions this block    
2026-08-07T04:36:36.491394Z  WARN ThreadId(20) hotstuff_runner::app: Node 1 view(1472) far exceeds block count (367); potential sync issue    
2026-08-07T04:36:36.578899Z  WARN ThreadId(20) hotstuff_runner::app: Node 1 [produce_block] queue size: 2, attempting up to 2 transactions this block    
2026-08-07T04:36:36.579262Z  WARN ThreadId(20) hotstuff_runner::app: Node 1 view(1476) far exceeds block count (368); potential sync issue    
2026-08-07T04:36:36.622067Z  WARN ThreadId(20) hotstuff_runner::app: Node 1 [produce_block] queue size: 0, attempting up to 0 transactions this block    
2026-08-07T04:36:36.622247Z  WARN ThreadId(20) hotstuff_runner::app: Node 1 view(1480) far exceeds block count (369); potential sync issue    
2026-08-07T04:36:36.701776Z  WARN ThreadId(20) hotstuff_runner::app: Node 1 [produce_block] queue size: 0, attempting up to 0 transactions this block    
2026-08-07T04:36:36.702321Z  WARN ThreadId(20) hotstuff_runner::app: Node 1 view(1484) far exceeds block count (370); potential sync issue    
2026-08-07T04:36:36.711861Z  WARN ThreadId(26) hotstuff_runner::smrol::network: ⚠️ [Check] Writer 1 -> 0 slow write: 5.595708ms
2026-08-07T04:36:36.752178Z  WARN ThreadId(20) hotstuff_runner::app: Node 1 [produce_block] queue size: 2, attempting up to 2 transactions this block    
2026-08-07T04:36:36.753057Z  WARN ThreadId(20) hotstuff_runner::app: Node 1 view(1488) far exceeds block count (371); potential sync issue    
2026-08-07T04:36:36.811847Z  WARN ThreadId(20) hotstuff_runner::app: Node 1 [produce_block] queue size: 0, attempting up to 0 transactions this block    
2026-08-07T04:36:36.815624Z  WARN ThreadId(20) hotstuff_runner::app: Node 1 view(1492) far exceeds block count (372); potential sync issue    
2026-08-07T04:36:36.858515Z  WARN ThreadId(20) hotstuff_runner::app: Node 1 [produce_block] queue size: 0, attempting up to 0 transactions this block    
2026-08-07T04:36:36.861643Z  WARN ThreadId(20) hotstuff_runner::app: Node 1 view(1496) far exceeds block count (373); potential sync issue    
2026-08-07T04:36:36.916186Z  WARN ThreadId(25) hotstuff_runner::smrol::network: ⚠️ [Check] Writer 1 -> 3 slow write: 16.871583ms
2026-08-07T04:36:36.965597Z  WARN ThreadId(20) hotstuff_runner::app: Node 1 [produce_block] queue size: 2, attempting up to 2 transactions this block    
2026-08-07T04:36:36.966255Z  WARN ThreadId(20) hotstuff_runner::app: Node 1 view(1500) far exceeds block count (374); potential sync issue    
2026-08-07T04:36:37.036144Z  WARN ThreadId(20) hotstuff_runner::app: Node 1 [produce_block] queue size: 0, attempting up to 0 transactions this block    
2026-08-07T04:36:37.036672Z  WARN ThreadId(20) hotstuff_runner::app: Node 1 view(1504) far exceeds block count (375); potential sync issue    
2026-08-07T04:36:37.081047Z  WARN ThreadId(20) hotstuff_runner::app: Node 1 [produce_block] queue size: 0, attempting up to 0 transactions this block    
2026-08-07T04:36:37.082554Z  WARN ThreadId(20) hotstuff_runner::app: Node 1 view(1508) far exceeds block count (376); potential sync issue    
2026-08-07T04:36:37.137365Z  WARN ThreadId(20) hotstuff_runner::app: Node 1 [produce_block] queue size: 0, attempting up to 0 transactions this block    
2026-08-07T04:36:37.137856Z  WARN ThreadId(20) hotstuff_runner::app: Node 1 view(1512) far exceeds block count (377); potential sync issue    
2026-08-07T04:36:37.224959Z  WARN ThreadId(20) hotstuff_runner::app: Node 1 [produce_block] queue size: 2, attempting up to 2 transactions this block    
2026-08-07T04:36:37.239892Z  WARN ThreadId(20) hotstuff_runner::app: Node 1 view(1516) far exceeds block count (378); potential sync issue    
2026-08-07T04:36:37.319871Z  WARN ThreadId(20) hotstuff_runner::app: Node 1 [produce_block] queue size: 0, attempting up to 0 transactions this block    
2026-08-07T04:36:37.320558Z  WARN ThreadId(20) hotstuff_runner::app: Node 1 view(1520) far exceeds block count (379); potential sync issue    
2026-08-07T04:36:37.384267Z  WARN ThreadId(20) hotstuff_runner::app: Node 1 [produce_block] queue size: 2, attempting up to 2 transactions this block    
2026-08-07T04:36:37.386751Z  WARN ThreadId(20) hotstuff_runner::app: Node 1 view(1524) far exceeds block count (380); potential sync issue    
2026-08-07T04:36:37.444977Z  WARN ThreadId(20) hotstuff_runner::app: Node 1 [produce_block] queue size: 0, attempting up to 0 transactions this block    
2026-08-07T04:36:37.445752Z  WARN ThreadId(20) hotstuff_runner::app: Node 1 view(1528) far exceeds block count (381); potential sync issue    
2026-08-07T04:36:37.491819Z  WARN ThreadId(20) hotstuff_runner::app: Node 1 [produce_block] queue size: 0, attempting up to 0 transactions this block    
2026-08-07T04:36:37.492185Z  WARN ThreadId(20) hotstuff_runner::app: Node 1 view(1532) far exceeds block count (382); potential sync issue    
2026-08-07T04:36:37.572442Z  WARN ThreadId(20) hotstuff_runner::app: Node 1 [produce_block] queue size: 2, attempting up to 2 transactions this block    
2026-08-07T04:36:37.575016Z  WARN ThreadId(20) hotstuff_runner::app: Node 1 view(1536) far exceeds block count (383); potential sync issue    
2026-08-07T04:36:37.638127Z  WARN ThreadId(20) hotstuff_runner::app: Node 1 [produce_block] queue size: 0, attempting up to 0 transactions this block    
2026-08-07T04:36:37.639220Z  WARN ThreadId(20) hotstuff_runner::app: Node 1 view(1540) far exceeds block count (384); potential sync issue    
2026-08-07T04:36:37.718582Z  WARN ThreadId(20) hotstuff_runner::app: Node 1 [produce_block] queue size: 0, attempting up to 0 transactions this block    
2026-08-07T04:36:37.720153Z  WARN ThreadId(20) hotstuff_runner::app: Node 1 view(1544) far exceeds block count (385); potential sync issue    
2026-08-07T04:36:37.796322Z  WARN ThreadId(20) hotstuff_runner::app: Node 1 [produce_block] queue size: 2, attempting up to 2 transactions this block    
2026-08-07T04:36:37.798496Z  WARN ThreadId(20) hotstuff_runner::app: Node 1 view(1548) far exceeds block count (386); potential sync issue    
2026-08-07T04:36:37.840023Z  WARN ThreadId(20) hotstuff_runner::app: Node 1 [produce_block] queue size: 0, attempting up to 0 transactions this block    
2026-08-07T04:36:37.845941Z  WARN ThreadId(20) hotstuff_runner::app: Node 1 view(1552) far exceeds block count (387); potential sync issue    
2026-08-07T04:36:37.931125Z  WARN ThreadId(20) hotstuff_runner::app: Node 1 [produce_block] queue size: 0, attempting up to 0 transactions this block    
2026-08-07T04:36:37.931680Z  WARN ThreadId(20) hotstuff_runner::app: Node 1 view(1556) far exceeds block count (388); potential sync issue    
2026-08-07T04:36:38.003494Z  WARN ThreadId(20) hotstuff_runner::app: Node 1 [produce_block] queue size: 2, attempting up to 2 transactions this block    
2026-08-07T04:36:38.004608Z  WARN ThreadId(20) hotstuff_runner::app: Node 1 view(1560) far exceeds block count (389); potential sync issue    
2026-08-07T04:36:38.072060Z  WARN ThreadId(20) hotstuff_runner::app: Node 1 [produce_block] queue size: 0, attempting up to 0 transactions this block    
2026-08-07T04:36:38.072801Z  WARN ThreadId(20) hotstuff_runner::app: Node 1 view(1564) far exceeds block count (390); potential sync issue    
2026-08-07T04:36:38.140734Z  WARN ThreadId(20) hotstuff_runner::app: Node 1 [produce_block] queue size: 0, attempting up to 0 transactions this block    
2026-08-07T04:36:38.141145Z  WARN ThreadId(20) hotstuff_runner::app: Node 1 view(1568) far exceeds block count (391); potential sync issue    
2026-08-07T04:36:38.197873Z  WARN ThreadId(20) hotstuff_runner::app: Node 1 [produce_block] queue size: 2, attempting up to 2 transactions this block    
2026-08-07T04:36:38.199260Z  WARN ThreadId(20) hotstuff_runner::app: Node 1 view(1572) far exceeds block count (392); potential sync issue    
2026-08-07T04:36:38.262086Z  WARN ThreadId(20) hotstuff_runner::app: Node 1 [produce_block] queue size: 0, attempting up to 0 transactions this block    
2026-08-07T04:36:38.263695Z  WARN ThreadId(20) hotstuff_runner::app: Node 1 view(1576) far exceeds block count (393); potential sync issue    
2026-08-07T04:36:38.322968Z  WARN ThreadId(20) hotstuff_runner::app: Node 1 [produce_block] queue size: 2, attempting up to 2 transactions this block    
2026-08-07T04:36:38.326925Z  WARN ThreadId(20) hotstuff_runner::app: Node 1 view(1580) far exceeds block count (394); potential sync issue    
2026-08-07T04:36:38.367737Z  WARN ThreadId(20) hotstuff_runner::app: Node 1 [produce_block] queue size: 0, attempting up to 0 transactions this block    
2026-08-07T04:36:38.368064Z  WARN ThreadId(20) hotstuff_runner::app: Node 1 view(1584) far exceeds block count (395); potential sync issue    
2026-08-07T04:36:38.445956Z  WARN ThreadId(20) hotstuff_runner::app: Node 1 [produce_block] queue size: 0, attempting up to 0 transactions this block    
2026-08-07T04:36:38.449722Z  WARN ThreadId(20) hotstuff_runner::app: Node 1 view(1588) far exceeds block count (396); potential sync issue    
2026-08-07T04:36:38.546054Z  WARN ThreadId(20) hotstuff_runner::app: Node 1 [produce_block] queue size: 2, attempting up to 2 transactions this block    
2026-08-07T04:36:38.546677Z  WARN ThreadId(20) hotstuff_runner::app: Node 1 view(1592) far exceeds block count (397); potential sync issue    
2026-08-07T04:36:38.751406Z  WARN ThreadId(20) hotstuff_runner::app: Node 1 [produce_block] queue size: 2, attempting up to 2 transactions this block    
2026-08-07T04:36:38.751530Z  WARN ThreadId(20) hotstuff_runner::app: Node 1 view(1596) far exceeds block count (398); potential sync issue    
2026-08-07T04:36:38.826134Z  WARN ThreadId(20) hotstuff_runner::app: Node 1 [produce_block] queue size: 0, attempting up to 0 transactions this block    
2026-08-07T04:36:38.826418Z  WARN ThreadId(20) hotstuff_runner::app: Node 1 view(1600) far exceeds block count (399); potential sync issue    
2026-08-07T04:36:38.878611Z  WARN ThreadId(20) hotstuff_runner::app: Node 1 [produce_block] queue size: 0, attempting up to 0 transactions this block    
2026-08-07T04:36:38.878964Z  WARN ThreadId(20) hotstuff_runner::app: Node 1 view(1604) far exceeds block count (400); potential sync issue    
2026-08-07T04:36:38.922184Z  WARN ThreadId(20) hotstuff_runner::app: Node 1 [produce_block] queue size: 0, attempting up to 0 transactions this block    
2026-08-07T04:36:38.922542Z  WARN ThreadId(20) hotstuff_runner::app: Node 1 view(1608) far exceeds block count (401); potential sync issue    
2026-08-07T04:36:39.139645Z  WARN ThreadId(20) hotstuff_runner::app: Node 1 [produce_block] queue size: 2, attempting up to 2 transactions this block    
2026-08-07T04:36:39.141960Z  WARN ThreadId(20) hotstuff_runner::app: Node 1 view(1612) far exceeds block count (402); potential sync issue    
2026-08-07T04:36:39.224032Z  WARN ThreadId(20) hotstuff_runner::app: Node 1 [produce_block] queue size: 2, attempting up to 2 transactions this block    
2026-08-07T04:36:39.227373Z  WARN ThreadId(20) hotstuff_runner::app: Node 1 view(1616) far exceeds block count (403); potential sync issue    
2026-08-07T04:36:39.307806Z  WARN ThreadId(20) hotstuff_runner::app: Node 1 [produce_block] queue size: 0, attempting up to 0 transactions this block    
2026-08-07T04:36:39.312151Z  WARN ThreadId(20) hotstuff_runner::app: Node 1 view(1620) far exceeds block count (404); potential sync issue    
2026-08-07T04:36:39.374696Z  WARN ThreadId(20) hotstuff_runner::app: Node 1 [produce_block] queue size: 0, attempting up to 0 transactions this block    
2026-08-07T04:36:39.380654Z  WARN ThreadId(20) hotstuff_runner::app: Node 1 view(1624) far exceeds block count (405); potential sync issue    
2026-08-07T04:36:39.420408Z  WARN ThreadId(20) hotstuff_runner::app: Node 1 [produce_block] queue size: 2, attempting up to 2 transactions this block    
2026-08-07T04:36:39.421677Z  WARN ThreadId(20) hotstuff_runner::app: Node 1 view(1628) far exceeds block count (406); potential sync issue    
2026-08-07T04:36:39.471385Z  WARN ThreadId(20) hotstuff_runner::app: Node 1 [produce_block] queue size: 0, attempting up to 0 transactions this block    
2026-08-07T04:36:39.471963Z  WARN ThreadId(20) hotstuff_runner::app: Node 1 view(1632) far exceeds block count (407); potential sync issue    
2026-08-07T04:36:39.527357Z  WARN ThreadId(20) hotstuff_runner::app: Node 1 [produce_block] queue size: 0, attempting up to 0 transactions this block    
2026-08-07T04:36:39.527765Z  WARN ThreadId(20) hotstuff_runner::app: Node 1 view(1636) far exceeds block count (408); potential sync issue    
2026-08-07T04:36:39.592146Z  WARN ThreadId(20) hotstuff_runner::app: Node 1 [produce_block] queue size: 2, attempting up to 2 transactions this block    
2026-08-07T04:36:39.592573Z  WARN ThreadId(20) hotstuff_runner::app: Node 1 view(1640) far exceeds block count (409); potential sync issue    
2026-08-07T04:36:39.640995Z  WARN ThreadId(20) hotstuff_runner::app: Node 1 [produce_block] queue size: 0, attempting up to 0 transactions this block    
2026-08-07T04:36:39.641310Z  WARN ThreadId(20) hotstuff_runner::app: Node 1 view(1644) far exceeds block count (410); potential sync issue    
2026-08-07T04:36:39.684644Z  WARN ThreadId(20) hotstuff_runner::app: Node 1 [produce_block] queue size: 0, attempting up to 0 transactions this block    
2026-08-07T04:36:39.684754Z  WARN ThreadId(20) hotstuff_runner::app: Node 1 view(1648) far exceeds block count (411); potential sync issue    
2026-08-07T04:36:39.732992Z  WARN ThreadId(20) hotstuff_runner::app: Node 1 [produce_block] queue size: 0, attempting up to 0 transactions this block    
2026-08-07T04:36:39.734018Z  WARN ThreadId(20) hotstuff_runner::app: Node 1 view(1652) far exceeds block count (412); potential sync issue    
2026-08-07T04:36:39.795806Z  WARN ThreadId(20) hotstuff_runner::app: Node 1 [produce_block] queue size: 2, attempting up to 2 transactions this block    
2026-08-07T04:36:39.795925Z  WARN ThreadId(20) hotstuff_runner::app: Node 1 view(1656) far exceeds block count (413); potential sync issue    
2026-08-07T04:36:39.839837Z  WARN ThreadId(20) hotstuff_runner::app: Node 1 [produce_block] queue size: 0, attempting up to 0 transactions this block    
2026-08-07T04:36:39.840786Z  WARN ThreadId(20) hotstuff_runner::app: Node 1 view(1660) far exceeds block count (414); potential sync issue    
2026-08-07T04:36:39.883376Z  WARN ThreadId(20) hotstuff_runner::app: Node 1 [produce_block] queue size: 0, attempting up to 0 transactions this block    
2026-08-07T04:36:39.884299Z  WARN ThreadId(20) hotstuff_runner::app: Node 1 view(1664) far exceeds block count (415); potential sync issue    
2026-08-07T04:36:39.996645Z  WARN ThreadId(20) hotstuff_runner::app: Node 1 [produce_block] queue size: 2, attempting up to 2 transactions this block    
2026-08-07T04:36:40.001477Z  WARN ThreadId(20) hotstuff_runner::app: Node 1 view(1668) far exceeds block count (416); potential sync issue    
2026-08-07T04:36:40.090174Z  WARN ThreadId(20) hotstuff_runner::app: Node 1 [produce_block] queue size: 0, attempting up to 0 transactions this block    
2026-08-07T04:36:40.091519Z  WARN ThreadId(20) hotstuff_runner::app: Node 1 view(1672) far exceeds block count (417); potential sync issue    
2026-08-07T04:36:40.116198Z  WARN ThreadId(20) hotstuff_runner::app: Node 1 [produce_block] queue size: 0, attempting up to 0 transactions this block    
2026-08-07T04:36:40.117392Z  WARN ThreadId(20) hotstuff_runner::app: Node 1 view(1676) far exceeds block count (418); potential sync issue    
2026-08-07T04:36:40.185341Z  WARN ThreadId(20) hotstuff_runner::app: Node 1 [produce_block] queue size: 2, attempting up to 2 transactions this block    
2026-08-07T04:36:40.186812Z  WARN ThreadId(20) hotstuff_runner::app: Node 1 view(1680) far exceeds block count (419); potential sync issue    
2026-08-07T04:36:40.228838Z  WARN ThreadId(20) hotstuff_runner::app: Node 1 [produce_block] queue size: 0, attempting up to 0 transactions this block    
2026-08-07T04:36:40.229174Z  WARN ThreadId(20) hotstuff_runner::app: Node 1 view(1684) far exceeds block count (420); potential sync issue    
2026-08-07T04:36:40.259500Z  WARN ThreadId(20) hotstuff_runner::app: Node 1 [produce_block] queue size: 0, attempting up to 0 transactions this block    
2026-08-07T04:36:40.260536Z  WARN ThreadId(20) hotstuff_runner::app: Node 1 view(1688) far exceeds block count (421); potential sync issue    
2026-08-07T04:36:40.296474Z  WARN ThreadId(20) hotstuff_runner::app: Node 1 [produce_block] queue size: 0, attempting up to 0 transactions this block    
2026-08-07T04:36:40.298133Z  WARN ThreadId(20) hotstuff_runner::app: Node 1 view(1692) far exceeds block count (422); potential sync issue    
2026-08-07T04:36:40.343759Z  WARN ThreadId(20) hotstuff_runner::app: Node 1 [produce_block] queue size: 0, attempting up to 0 transactions this block    
2026-08-07T04:36:40.345168Z  WARN ThreadId(20) hotstuff_runner::app: Node 1 view(1696) far exceeds block count (423); potential sync issue    
2026-08-07T04:36:40.394656Z  WARN ThreadId(20) hotstuff_runner::app: Node 1 [produce_block] queue size: 2, attempting up to 2 transactions this block    
2026-08-07T04:36:40.395040Z  WARN ThreadId(20) hotstuff_runner::app: Node 1 view(1700) far exceeds block count (424); potential sync issue    
2026-08-07T04:36:40.446668Z  WARN ThreadId(20) hotstuff_runner::app: Node 1 [produce_block] queue size: 0, attempting up to 0 transactions this block    
2026-08-07T04:36:40.447510Z  WARN ThreadId(20) hotstuff_runner::app: Node 1 view(1704) far exceeds block count (425); potential sync issue    
2026-08-07T04:36:40.499491Z  WARN ThreadId(20) hotstuff_runner::app: Node 1 [produce_block] queue size: 0, attempting up to 0 transactions this block    
2026-08-07T04:36:40.500274Z  WARN ThreadId(20) hotstuff_runner::app: Node 1 view(1708) far exceeds block count (426); potential sync issue    
2026-08-07T04:36:40.544024Z  WARN ThreadId(20) hotstuff_runner::app: Node 1 [produce_block] queue size: 0, attempting up to 0 transactions this block    
2026-08-07T04:36:40.544502Z  WARN ThreadId(20) hotstuff_runner::app: Node 1 view(1712) far exceeds block count (427); potential sync issue    
2026-08-07T04:36:40.597704Z  WARN ThreadId(20) hotstuff_runner::app: Node 1 [produce_block] queue size: 2, attempting up to 2 transactions this block    
2026-08-07T04:36:40.598157Z  WARN ThreadId(20) hotstuff_runner::app: Node 1 view(1716) far exceeds block count (428); potential sync issue    
2026-08-07T04:36:40.627303Z  WARN ThreadId(20) hotstuff_runner::app: Node 1 [produce_block] queue size: 0, attempting up to 0 transactions this block    
2026-08-07T04:36:40.627403Z  WARN ThreadId(20) hotstuff_runner::app: Node 1 view(1720) far exceeds block count (429); potential sync issue    
2026-08-07T04:36:40.675654Z  WARN ThreadId(20) hotstuff_runner::app: Node 1 [produce_block] queue size: 0, attempting up to 0 transactions this block    
2026-08-07T04:36:40.677112Z  WARN ThreadId(20) hotstuff_runner::app: Node 1 view(1724) far exceeds block count (430); potential sync issue    
2026-08-07T04:36:40.751197Z  WARN ThreadId(20) hotstuff_runner::app: Node 1 [produce_block] queue size: 0, attempting up to 0 transactions this block    
2026-08-07T04:36:40.753581Z  WARN ThreadId(20) hotstuff_runner::app: Node 1 view(1728) far exceeds block count (431); potential sync issue    
2026-08-07T04:36:40.811884Z  WARN ThreadId(20) hotstuff_runner::app: Node 1 [produce_block] queue size: 2, attempting up to 2 transactions this block    
2026-08-07T04:36:40.812080Z  WARN ThreadId(20) hotstuff_runner::app: Node 1 view(1732) far exceeds block count (432); potential sync issue    
2026-08-07T04:36:40.865916Z  WARN ThreadId(20) hotstuff_runner::app: Node 1 [produce_block] queue size: 0, attempting up to 0 transactions this block    
2026-08-07T04:36:40.866433Z  WARN ThreadId(20) hotstuff_runner::app: Node 1 view(1736) far exceeds block count (433); potential sync issue    
2026-08-07T04:36:40.905654Z  WARN ThreadId(20) hotstuff_runner::app: Node 1 [produce_block] queue size: 0, attempting up to 0 transactions this block    
2026-08-07T04:36:40.906715Z  WARN ThreadId(20) hotstuff_runner::app: Node 1 view(1740) far exceeds block count (434); potential sync issue    
2026-08-07T04:36:40.967883Z  WARN ThreadId(07) docker_node:   Connection reuse ineffective (2.0 msg/conn)
2026-08-07T04:36:40.972407Z  WARN ThreadId(20) hotstuff_runner::app: Node 1 [produce_block] queue size: 2, attempting up to 2 transactions this block    
2026-08-07T04:36:40.979506Z  WARN ThreadId(20) hotstuff_runner::app: Node 1 view(1744) far exceeds block count (435); potential sync issue    
2026-08-07T04:36:41.058624Z  WARN ThreadId(20) hotstuff_runner::app: Node 1 [produce_block] queue size: 0, attempting up to 0 transactions this block    
2026-08-07T04:36:41.058974Z  WARN ThreadId(20) hotstuff_runner::app: Node 1 view(1748) far exceeds block count (436); potential sync issue    
2026-08-07T04:36:41.154811Z  WARN ThreadId(20) hotstuff_runner::app: Node 1 [produce_block] queue size: 0, attempting up to 0 transactions this block    
2026-08-07T04:36:41.155288Z  WARN ThreadId(20) hotstuff_runner::app: Node 1 view(1752) far exceeds block count (437); potential sync issue    
2026-08-07T04:36:41.229263Z  WARN ThreadId(20) hotstuff_runner::app: Node 1 [produce_block] queue size: 2, attempting up to 2 transactions this block    
2026-08-07T04:36:41.231296Z  WARN ThreadId(20) hotstuff_runner::app: Node 1 view(1756) far exceeds block count (438); potential sync issue    
2026-08-07T04:36:41.271736Z  WARN ThreadId(20) hotstuff_runner::app: Node 1 [produce_block] queue size: 0, attempting up to 0 transactions this block    
2026-08-07T04:36:41.279696Z  WARN ThreadId(20) hotstuff_runner::app: Node 1 view(1760) far exceeds block count (439); potential sync issue    
2026-08-07T04:36:41.317663Z  WARN ThreadId(20) hotstuff_runner::app: Node 1 [produce_block] queue size: 0, attempting up to 0 transactions this block    
2026-08-07T04:36:41.317762Z  WARN ThreadId(20) hotstuff_runner::app: Node 1 view(1764) far exceeds block count (440); potential sync issue    
2026-08-07T04:36:41.375101Z  WARN ThreadId(20) hotstuff_runner::app: Node 1 [produce_block] queue size: 0, attempting up to 0 transactions this block    
2026-08-07T04:36:41.375459Z  WARN ThreadId(20) hotstuff_runner::app: Node 1 view(1768) far exceeds block count (441); potential sync issue    
2026-08-07T04:36:41.442393Z  WARN ThreadId(20) hotstuff_runner::app: Node 1 [produce_block] queue size: 2, attempting up to 2 transactions this block    
2026-08-07T04:36:41.442733Z  WARN ThreadId(20) hotstuff_runner::app: Node 1 view(1772) far exceeds block count (442); potential sync issue    
2026-08-07T04:36:41.517174Z  WARN ThreadId(20) hotstuff_runner::app: Node 1 [produce_block] queue size: 0, attempting up to 0 transactions this block    
2026-08-07T04:36:41.517290Z  WARN ThreadId(20) hotstuff_runner::app: Node 1 view(1776) far exceeds block count (443); potential sync issue    
2026-08-07T04:36:41.573032Z  WARN ThreadId(20) hotstuff_runner::app: Node 1 [produce_block] queue size: 0, attempting up to 0 transactions this block    
2026-08-07T04:36:41.573348Z  WARN ThreadId(20) hotstuff_runner::app: Node 1 view(1780) far exceeds block count (444); potential sync issue    
2026-08-07T04:36:41.633563Z  WARN ThreadId(20) hotstuff_runner::app: Node 1 [produce_block] queue size: 2, attempting up to 2 transactions this block    
2026-08-07T04:36:41.634850Z  WARN ThreadId(20) hotstuff_runner::app: Node 1 view(1784) far exceeds block count (445); potential sync issue    
2026-08-07T04:36:41.688915Z  WARN ThreadId(20) hotstuff_runner::app: Node 1 [produce_block] queue size: 0, attempting up to 0 transactions this block    
2026-08-07T04:36:41.690577Z  WARN ThreadId(20) hotstuff_runner::app: Node 1 view(1788) far exceeds block count (446); potential sync issue    
2026-08-07T04:36:41.765596Z  WARN ThreadId(20) hotstuff_runner::app: Node 1 [produce_block] queue size: 0, attempting up to 0 transactions this block    
2026-08-07T04:36:41.766124Z  WARN ThreadId(20) hotstuff_runner::app: Node 1 view(1792) far exceeds block count (447); potential sync issue    
2026-08-07T04:36:41.847954Z  WARN ThreadId(20) hotstuff_runner::app: Node 1 [produce_block] queue size: 2, attempting up to 2 transactions this block    
2026-08-07T04:36:41.848586Z  WARN ThreadId(20) hotstuff_runner::app: Node 1 view(1796) far exceeds block count (448); potential sync issue    
2026-08-07T04:36:41.924606Z  WARN ThreadId(20) hotstuff_runner::app: Node 1 [produce_block] queue size: 0, attempting up to 0 transactions this block    
2026-08-07T04:36:41.925160Z  WARN ThreadId(20) hotstuff_runner::app: Node 1 view(1800) far exceeds block count (449); potential sync issue    
2026-08-07T04:36:42.001880Z  WARN ThreadId(20) hotstuff_runner::app: Node 1 [produce_block] queue size: 2, attempting up to 2 transactions this block    
2026-08-07T04:36:42.002686Z  WARN ThreadId(20) hotstuff_runner::app: Node 1 view(1804) far exceeds block count (450); potential sync issue    
2026-08-07T04:36:42.074841Z  WARN ThreadId(20) hotstuff_runner::app: Node 1 [produce_block] queue size: 0, attempting up to 0 transactions this block    
2026-08-07T04:36:42.082096Z  WARN ThreadId(20) hotstuff_runner::app: Node 1 view(1808) far exceeds block count (451); potential sync issue    
2026-08-07T04:36:42.195150Z  WARN ThreadId(20) hotstuff_runner::app: Node 1 [produce_block] queue size: 2, attempting up to 2 transactions this block    
2026-08-07T04:36:42.196105Z  WARN ThreadId(20) hotstuff_runner::app: Node 1 view(1812) far exceeds block count (452); potential sync issue    
2026-08-07T04:36:42.247622Z  WARN ThreadId(20) hotstuff_runner::app: Node 1 [produce_block] queue size: 0, attempting up to 0 transactions this block    
2026-08-07T04:36:42.248447Z  WARN ThreadId(20) hotstuff_runner::app: Node 1 view(1816) far exceeds block count (453); potential sync issue    
2026-08-07T04:36:42.340047Z  WARN ThreadId(20) hotstuff_runner::app: Node 1 [produce_block] queue size: 0, attempting up to 0 transactions this block    
2026-08-07T04:36:42.340987Z  WARN ThreadId(20) hotstuff_runner::app: Node 1 view(1820) far exceeds block count (454); potential sync issue    
2026-08-07T04:36:42.406817Z  WARN ThreadId(20) hotstuff_runner::app: Node 1 [produce_block] queue size: 2, attempting up to 2 transactions this block    
2026-08-07T04:36:42.409942Z  WARN ThreadId(20) hotstuff_runner::app: Node 1 view(1824) far exceeds block count (455); potential sync issue    
2026-08-07T04:36:42.511982Z  WARN ThreadId(20) hotstuff_runner::app: Node 1 [produce_block] queue size: 0, attempting up to 0 transactions this block    
2026-08-07T04:36:42.520659Z  WARN ThreadId(20) hotstuff_runner::app: Node 1 view(1828) far exceeds block count (456); potential sync issue    
2026-08-07T04:36:42.600495Z  WARN ThreadId(20) hotstuff_runner::app: Node 1 [produce_block] queue size: 2, attempting up to 2 transactions this block    
2026-08-07T04:36:42.606454Z  WARN ThreadId(20) hotstuff_runner::app: Node 1 view(1832) far exceeds block count (457); potential sync issue    
2026-08-07T04:36:42.679939Z  WARN ThreadId(20) hotstuff_runner::app: Node 1 [produce_block] queue size: 0, attempting up to 0 transactions this block    
2026-08-07T04:36:42.682646Z  WARN ThreadId(20) hotstuff_runner::app: Node 1 view(1836) far exceeds block count (458); potential sync issue    
2026-08-07T04:36:42.745168Z  WARN ThreadId(20) hotstuff_runner::app: Node 1 [produce_block] queue size: 2, attempting up to 2 transactions this block    
2026-08-07T04:36:42.745383Z  WARN ThreadId(20) hotstuff_runner::app: Node 1 view(1840) far exceeds block count (459); potential sync issue    
2026-08-07T04:36:42.808853Z  WARN ThreadId(20) hotstuff_runner::app: Node 1 [produce_block] queue size: 0, attempting up to 0 transactions this block    
2026-08-07T04:36:42.816940Z  WARN ThreadId(20) hotstuff_runner::app: Node 1 view(1844) far exceeds block count (460); potential sync issue    
2026-08-07T04:36:42.852027Z  WARN ThreadId(20) hotstuff_runner::app: Node 1 [produce_block] queue size: 0, attempting up to 0 transactions this block    
2026-08-07T04:36:42.853240Z  WARN ThreadId(20) hotstuff_runner::app: Node 1 view(1848) far exceeds block count (461); potential sync issue    
2026-08-07T04:36:42.916003Z  WARN ThreadId(20) hotstuff_runner::app: Node 1 [produce_block] queue size: 2, attempting up to 2 transactions this block    
2026-08-07T04:36:42.916126Z  WARN ThreadId(20) hotstuff_runner::app: Node 1 view(1852) far exceeds block count (462); potential sync issue    
2026-08-07T04:36:42.962666Z  WARN ThreadId(20) hotstuff_runner::app: Node 1 [produce_block] queue size: 0, attempting up to 0 transactions this block    
2026-08-07T04:36:42.963377Z  WARN ThreadId(20) hotstuff_runner::app: Node 1 view(1856) far exceeds block count (463); potential sync issue    
2026-08-07T04:36:43.019965Z  WARN ThreadId(20) hotstuff_runner::app: Node 1 [produce_block] queue size: 0, attempting up to 0 transactions this block    
2026-08-07T04:36:43.020608Z  WARN ThreadId(20) hotstuff_runner::app: Node 1 view(1860) far exceeds block count (464); potential sync issue    
2026-08-07T04:36:43.061496Z  WARN ThreadId(20) hotstuff_runner::app: Node 1 [produce_block] queue size: 0, attempting up to 0 transactions this block    
2026-08-07T04:36:43.061737Z  WARN ThreadId(20) hotstuff_runner::app: Node 1 view(1864) far exceeds block count (465); potential sync issue    
2026-08-07T04:36:43.128992Z  WARN ThreadId(20) hotstuff_runner::app: Node 1 [produce_block] queue size: 2, attempting up to 2 transactions this block    
2026-08-07T04:36:43.130300Z  WARN ThreadId(20) hotstuff_runner::app: Node 1 view(1868) far exceeds block count (466); potential sync issue    
2026-08-07T04:36:43.194553Z  WARN ThreadId(20) hotstuff_runner::app: Node 1 [produce_block] queue size: 0, attempting up to 0 transactions this block    
2026-08-07T04:36:43.194756Z  WARN ThreadId(20) hotstuff_runner::app: Node 1 view(1872) far exceeds block count (467); potential sync issue    
2026-08-07T04:36:43.233280Z  WARN ThreadId(20) hotstuff_runner::app: Node 1 [produce_block] queue size: 0, attempting up to 0 transactions this block    
2026-08-07T04:36:43.233556Z  WARN ThreadId(20) hotstuff_runner::app: Node 1 view(1876) far exceeds block count (468); potential sync issue    
2026-08-07T04:36:43.304358Z  WARN ThreadId(20) hotstuff_runner::app: Node 1 [produce_block] queue size: 0, attempting up to 0 transactions this block    
2026-08-07T04:36:43.306241Z  WARN ThreadId(20) hotstuff_runner::app: Node 1 view(1880) far exceeds block count (469); potential sync issue    
2026-08-07T04:36:43.390611Z  WARN ThreadId(20) hotstuff_runner::app: Node 1 [produce_block] queue size: 2, attempting up to 2 transactions this block    
2026-08-07T04:36:43.406369Z  WARN ThreadId(20) hotstuff_runner::app: Node 1 view(1884) far exceeds block count (470); potential sync issue    
2026-08-07T04:36:43.470817Z  WARN ThreadId(20) hotstuff_runner::app: Node 1 [produce_block] queue size: 0, attempting up to 0 transactions this block    
2026-08-07T04:36:43.471179Z  WARN ThreadId(20) hotstuff_runner::app: Node 1 view(1888) far exceeds block count (471); potential sync issue    
2026-08-07T04:36:43.524348Z  WARN ThreadId(20) hotstuff_runner::app: Node 1 [produce_block] queue size: 0, attempting up to 0 transactions this block    
2026-08-07T04:36:43.524692Z  WARN ThreadId(20) hotstuff_runner::app: Node 1 view(1892) far exceeds block count (472); potential sync issue    
2026-08-07T04:36:43.540828Z  WARN ThreadId(26) hotstuff_runner::smrol::network: ⚠️ [Check] Writer 1 -> 2 slow write: 5.372958ms
2026-08-07T04:36:43.603782Z  WARN ThreadId(20) hotstuff_runner::app: Node 1 [produce_block] queue size: 2, attempting up to 2 transactions this block    
2026-08-07T04:36:43.604591Z  WARN ThreadId(20) hotstuff_runner::app: Node 1 view(1896) far exceeds block count (473); potential sync issue    
2026-08-07T04:36:43.665482Z  WARN ThreadId(20) hotstuff_runner::app: Node 1 [produce_block] queue size: 0, attempting up to 0 transactions this block    
2026-08-07T04:36:43.667535Z  WARN ThreadId(20) hotstuff_runner::app: Node 1 view(1900) far exceeds block count (474); potential sync issue    
2026-08-07T04:36:43.734043Z  WARN ThreadId(20) hotstuff_runner::app: Node 1 [produce_block] queue size: 2, attempting up to 2 transactions this block    
2026-08-07T04:36:43.740097Z  WARN ThreadId(20) hotstuff_runner::app: Node 1 view(1904) far exceeds block count (475); potential sync issue    
2026-08-07T04:36:43.802673Z  WARN ThreadId(20) hotstuff_runner::app: Node 1 [produce_block] queue size: 0, attempting up to 0 transactions this block    
2026-08-07T04:36:43.803164Z  WARN ThreadId(20) hotstuff_runner::app: Node 1 view(1908) far exceeds block count (476); potential sync issue    
2026-08-07T04:36:43.866200Z  WARN ThreadId(20) hotstuff_runner::app: Node 1 [produce_block] queue size: 0, attempting up to 0 transactions this block    
2026-08-07T04:36:43.866475Z  WARN ThreadId(20) hotstuff_runner::app: Node 1 view(1912) far exceeds block count (477); potential sync issue    
2026-08-07T04:36:43.916945Z  WARN ThreadId(20) hotstuff_runner::app: Node 1 [produce_block] queue size: 0, attempting up to 0 transactions this block    
2026-08-07T04:36:43.918650Z  WARN ThreadId(20) hotstuff_runner::app: Node 1 view(1916) far exceeds block count (478); potential sync issue    
2026-08-07T04:36:43.978132Z  WARN ThreadId(20) hotstuff_runner::app: Node 1 [produce_block] queue size: 2, attempting up to 2 transactions this block    
2026-08-07T04:36:43.981693Z  WARN ThreadId(20) hotstuff_runner::app: Node 1 view(1920) far exceeds block count (479); potential sync issue    
2026-08-07T04:36:44.119811Z  WARN ThreadId(20) hotstuff_runner::app: Node 1 [produce_block] queue size: 0, attempting up to 0 transactions this block    
2026-08-07T04:36:44.120312Z  WARN ThreadId(20) hotstuff_runner::app: Node 1 view(1924) far exceeds block count (480); potential sync issue    
2026-08-07T04:36:44.178931Z  WARN ThreadId(20) hotstuff_runner::app: Node 1 [produce_block] queue size: 2, attempting up to 2 transactions this block    
2026-08-07T04:36:44.179667Z  WARN ThreadId(20) hotstuff_runner::app: Node 1 view(1928) far exceeds block count (481); potential sync issue    
2026-08-07T04:36:44.242668Z  WARN ThreadId(20) hotstuff_runner::app: Node 1 [produce_block] queue size: 0, attempting up to 0 transactions this block    
2026-08-07T04:36:44.243661Z  WARN ThreadId(20) hotstuff_runner::app: Node 1 view(1932) far exceeds block count (482); potential sync issue    
2026-08-07T04:36:44.340718Z  WARN ThreadId(20) hotstuff_runner::app: Node 1 [produce_block] queue size: 0, attempting up to 0 transactions this block    
2026-08-07T04:36:44.340999Z  WARN ThreadId(20) hotstuff_runner::app: Node 1 view(1936) far exceeds block count (483); potential sync issue    
2026-08-07T04:36:44.450751Z  WARN ThreadId(20) hotstuff_runner::app: Node 1 [produce_block] queue size: 2, attempting up to 2 transactions this block    
2026-08-07T04:36:44.451672Z  WARN ThreadId(20) hotstuff_runner::app: Node 1 view(1940) far exceeds block count (484); potential sync issue    
2026-08-07T04:36:44.529525Z  WARN ThreadId(20) hotstuff_runner::app: Node 1 [produce_block] queue size: 0, attempting up to 0 transactions this block    
2026-08-07T04:36:44.532378Z  WARN ThreadId(20) hotstuff_runner::app: Node 1 view(1944) far exceeds block count (485); potential sync issue    
2026-08-07T04:36:44.573687Z  WARN ThreadId(20) hotstuff_runner::app: Node 1 [produce_block] queue size: 2, attempting up to 2 transactions this block    
2026-08-07T04:36:44.574226Z  WARN ThreadId(20) hotstuff_runner::app: Node 1 view(1948) far exceeds block count (486); potential sync issue    
2026-08-07T04:36:44.613995Z  WARN ThreadId(20) hotstuff_runner::app: Node 1 [produce_block] queue size: 0, attempting up to 0 transactions this block    
2026-08-07T04:36:44.614321Z  WARN ThreadId(20) hotstuff_runner::app: Node 1 view(1952) far exceeds block count (487); potential sync issue    
2026-08-07T04:36:44.675271Z  WARN ThreadId(20) hotstuff_runner::app: Node 1 [produce_block] queue size: 0, attempting up to 0 transactions this block    
2026-08-07T04:36:44.680479Z  WARN ThreadId(20) hotstuff_runner::app: Node 1 view(1956) far exceeds block count (488); potential sync issue    
2026-08-07T04:36:44.723066Z  WARN ThreadId(20) hotstuff_runner::app: Node 1 [produce_block] queue size: 0, attempting up to 0 transactions this block    
2026-08-07T04:36:44.731696Z  WARN ThreadId(20) hotstuff_runner::app: Node 1 view(1960) far exceeds block count (489); potential sync issue    
2026-08-07T04:36:44.811600Z  WARN ThreadId(20) hotstuff_runner::app: Node 1 [produce_block] queue size: 2, attempting up to 2 transactions this block    
2026-08-07T04:36:44.813904Z  WARN ThreadId(20) hotstuff_runner::app: Node 1 view(1964) far exceeds block count (490); potential sync issue    
2026-08-07T04:36:44.842544Z  WARN ThreadId(20) hotstuff_runner::app: Node 1 [produce_block] queue size: 0, attempting up to 0 transactions this block    
2026-08-07T04:36:44.843451Z  WARN ThreadId(20) hotstuff_runner::app: Node 1 view(1968) far exceeds block count (491); potential sync issue    
2026-08-07T04:36:44.903367Z  WARN ThreadId(20) hotstuff_runner::app: Node 1 [produce_block] queue size: 0, attempting up to 0 transactions this block    
2026-08-07T04:36:44.904764Z  WARN ThreadId(20) hotstuff_runner::app: Node 1 view(1972) far exceeds block count (492); potential sync issue    
2026-08-07T04:36:44.944190Z  WARN ThreadId(20) hotstuff_runner::app: Node 1 [produce_block] queue size: 0, attempting up to 0 transactions this block    
2026-08-07T04:36:44.944405Z  WARN ThreadId(20) hotstuff_runner::app: Node 1 view(1976) far exceeds block count (493); potential sync issue    
2026-08-07T04:36:45.039219Z  WARN ThreadId(20) hotstuff_runner::app: Node 1 [produce_block] queue size: 2, attempting up to 2 transactions this block    
2026-08-07T04:36:45.041827Z  WARN ThreadId(20) hotstuff_runner::app: Node 1 view(1980) far exceeds block count (494); potential sync issue    
2026-08-07T04:36:45.090541Z  WARN ThreadId(20) hotstuff_runner::app: Node 1 [produce_block] queue size: 0, attempting up to 0 transactions this block    
2026-08-07T04:36:45.091526Z  WARN ThreadId(20) hotstuff_runner::app: Node 1 view(1984) far exceeds block count (495); potential sync issue    
2026-08-07T04:36:45.140518Z  WARN ThreadId(20) hotstuff_runner::app: Node 1 [produce_block] queue size: 0, attempting up to 0 transactions this block    
2026-08-07T04:36:45.141781Z  WARN ThreadId(20) hotstuff_runner::app: Node 1 view(1988) far exceeds block count (496); potential sync issue    
2026-08-07T04:36:45.195446Z  WARN ThreadId(20) hotstuff_runner::app: Node 1 [produce_block] queue size: 0, attempting up to 0 transactions this block    
2026-08-07T04:36:45.195776Z  WARN ThreadId(20) hotstuff_runner::app: Node 1 view(1992) far exceeds block count (497); potential sync issue    
2026-08-07T04:36:45.273240Z  WARN ThreadId(20) hotstuff_runner::app: Node 1 [produce_block] queue size: 0, attempting up to 0 transactions this block    
2026-08-07T04:36:45.274034Z  WARN ThreadId(20) hotstuff_runner::app: Node 1 view(1996) far exceeds block count (498); potential sync issue    
2026-08-07T04:36:45.354117Z  WARN ThreadId(20) hotstuff_runner::app: Node 1 [produce_block] queue size: 0, attempting up to 0 transactions this block    
2026-08-07T04:36:45.354809Z  WARN ThreadId(20) hotstuff_runner::app: Node 1 view(2000) far exceeds block count (499); potential sync issue    
2026-08-07T04:36:45.393144Z  WARN ThreadId(20) hotstuff_runner::app: Node 1 [produce_block] queue size: 0, attempting up to 0 transactions this block    
2026-08-07T04:36:45.394657Z  WARN ThreadId(20) hotstuff_runner::app: Node 1 view(2004) far exceeds block count (500); potential sync issue    
2026-08-07T04:36:45.469644Z  WARN ThreadId(20) hotstuff_runner::app: Node 1 [produce_block] queue size: 2, attempting up to 2 transactions this block    
2026-08-07T04:36:45.472663Z  WARN ThreadId(20) hotstuff_runner::app: Node 1 view(2008) far exceeds block count (501); potential sync issue    
2026-08-07T04:36:45.532424Z  WARN ThreadId(20) hotstuff_runner::app: Node 1 [produce_block] queue size: 0, attempting up to 0 transactions this block    
2026-08-07T04:36:45.533862Z  WARN ThreadId(20) hotstuff_runner::app: Node 1 view(2012) far exceeds block count (502); potential sync issue    
2026-08-07T04:36:45.575509Z  WARN ThreadId(20) hotstuff_runner::app: Node 1 [produce_block] queue size: 0, attempting up to 0 transactions this block    
2026-08-07T04:36:45.577153Z  WARN ThreadId(20) hotstuff_runner::app: Node 1 view(2016) far exceeds block count (503); potential sync issue    
2026-08-07T04:36:45.654101Z  WARN ThreadId(20) hotstuff_runner::app: Node 1 [produce_block] queue size: 2, attempting up to 2 transactions this block    
2026-08-07T04:36:45.655536Z  WARN ThreadId(20) hotstuff_runner::app: Node 1 view(2020) far exceeds block count (504); potential sync issue    
2026-08-07T04:36:45.712978Z  WARN ThreadId(20) hotstuff_runner::app: Node 1 [produce_block] queue size: 0, attempting up to 0 transactions this block    
2026-08-07T04:36:45.713940Z  WARN ThreadId(20) hotstuff_runner::app: Node 1 view(2024) far exceeds block count (505); potential sync issue    
2026-08-07T04:36:45.749240Z  WARN ThreadId(20) hotstuff_runner::app: Node 1 [produce_block] queue size: 0, attempting up to 0 transactions this block    
2026-08-07T04:36:45.749422Z  WARN ThreadId(20) hotstuff_runner::app: Node 1 view(2028) far exceeds block count (506); potential sync issue    
2026-08-07T04:36:45.802924Z  WARN ThreadId(20) hotstuff_runner::app: Node 1 [produce_block] queue size: 0, attempting up to 0 transactions this block    
2026-08-07T04:36:45.803791Z  WARN ThreadId(20) hotstuff_runner::app: Node 1 view(2032) far exceeds block count (507); potential sync issue    
2026-08-07T04:36:45.852359Z  WARN ThreadId(20) hotstuff_runner::app: Node 1 [produce_block] queue size: 0, attempting up to 0 transactions this block    
2026-08-07T04:36:45.852561Z  WARN ThreadId(20) hotstuff_runner::app: Node 1 view(2036) far exceeds block count (508); potential sync issue    
2026-08-07T04:36:45.920613Z  WARN ThreadId(20) hotstuff_runner::app: Node 1 [produce_block] queue size: 2, attempting up to 2 transactions this block    
2026-08-07T04:36:45.924737Z  WARN ThreadId(20) hotstuff_runner::app: Node 1 view(2040) far exceeds block count (509); potential sync issue    
2026-08-07T04:36:45.967796Z  WARN ThreadId(04) docker_node:   Connection reuse ineffective (2.0 msg/conn)
2026-08-07T04:36:45.974545Z  WARN ThreadId(20) hotstuff_runner::app: Node 1 [produce_block] queue size: 0, attempting up to 0 transactions this block    
2026-08-07T04:36:45.976178Z  WARN ThreadId(20) hotstuff_runner::app: Node 1 view(2044) far exceeds block count (510); potential sync issue    
2026-08-07T04:36:46.043646Z  WARN ThreadId(20) hotstuff_runner::app: Node 1 [produce_block] queue size: 0, attempting up to 0 transactions this block    
2026-08-07T04:36:46.045154Z  WARN ThreadId(20) hotstuff_runner::app: Node 1 view(2048) far exceeds block count (511); potential sync issue    
2026-08-07T04:36:46.086402Z  WARN ThreadId(20) hotstuff_runner::app: Node 1 [produce_block] queue size: 0, attempting up to 0 transactions this block    
2026-08-07T04:36:46.092896Z  WARN ThreadId(20) hotstuff_runner::app: Node 1 view(2052) far exceeds block count (512); potential sync issue    
2026-08-07T04:36:46.168185Z  WARN ThreadId(20) hotstuff_runner::app: Node 1 [produce_block] queue size: 2, attempting up to 2 transactions this block    
2026-08-07T04:36:46.168468Z  WARN ThreadId(20) hotstuff_runner::app: Node 1 view(2056) far exceeds block count (513); potential sync issue    
2026-08-07T04:36:46.210580Z  WARN ThreadId(20) hotstuff_runner::app: Node 1 [produce_block] queue size: 0, attempting up to 0 transactions this block    
2026-08-07T04:36:46.211153Z  WARN ThreadId(20) hotstuff_runner::app: Node 1 view(2060) far exceeds block count (514); potential sync issue    
2026-08-07T04:36:46.297709Z  WARN ThreadId(20) hotstuff_runner::app: Node 1 [produce_block] queue size: 2, attempting up to 2 transactions this block    
2026-08-07T04:36:46.300501Z  WARN ThreadId(20) hotstuff_runner::app: Node 1 view(2064) far exceeds block count (515); potential sync issue    
2026-08-07T04:36:46.396323Z  WARN ThreadId(20) hotstuff_runner::app: Node 1 [produce_block] queue size: 0, attempting up to 0 transactions this block    
2026-08-07T04:36:46.399733Z  WARN ThreadId(20) hotstuff_runner::app: Node 1 view(2068) far exceeds block count (516); potential sync issue    
2026-08-07T04:36:46.442149Z  WARN ThreadId(20) hotstuff_runner::app: Node 1 [produce_block] queue size: 0, attempting up to 0 transactions this block    
2026-08-07T04:36:46.445019Z  WARN ThreadId(20) hotstuff_runner::app: Node 1 view(2072) far exceeds block count (517); potential sync issue    
2026-08-07T04:36:46.557642Z  WARN ThreadId(20) hotstuff_runner::app: Node 1 [produce_block] queue size: 2, attempting up to 2 transactions this block    
2026-08-07T04:36:46.557791Z  WARN ThreadId(20) hotstuff_runner::app: Node 1 view(2076) far exceeds block count (518); potential sync issue    
2026-08-07T04:36:46.649224Z  WARN ThreadId(26) hotstuff_runner::smrol::network: ⚠️ [Check] Writer 1 -> 2 slow write: 15.223375ms
2026-08-07T04:36:46.697553Z  WARN ThreadId(20) hotstuff_runner::app: Node 1 [produce_block] queue size: 2, attempting up to 2 transactions this block    
2026-08-07T04:36:46.697770Z  WARN ThreadId(20) hotstuff_runner::app: Node 1 view(2080) far exceeds block count (519); potential sync issue    
2026-08-07T04:36:46.798238Z  WARN ThreadId(20) hotstuff_runner::app: Node 1 [produce_block] queue size: 0, attempting up to 0 transactions this block    
2026-08-07T04:36:46.798739Z  WARN ThreadId(20) hotstuff_runner::app: Node 1 view(2084) far exceeds block count (520); potential sync issue    
2026-08-07T04:36:46.943569Z  WARN ThreadId(20) hotstuff_runner::app: Node 1 [produce_block] queue size: 2, attempting up to 2 transactions this block    
2026-08-07T04:36:46.947653Z  WARN ThreadId(20) hotstuff_runner::app: Node 1 view(2088) far exceeds block count (521); potential sync issue    
2026-08-07T04:36:47.032428Z  WARN ThreadId(20) hotstuff_runner::app: Node 1 [produce_block] queue size: 0, attempting up to 0 transactions this block    
2026-08-07T04:36:47.032581Z  WARN ThreadId(20) hotstuff_runner::app: Node 1 view(2092) far exceeds block count (522); potential sync issue    
2026-08-07T04:36:47.219679Z  WARN ThreadId(20) hotstuff_runner::app: Node 1 [produce_block] queue size: 2, attempting up to 2 transactions this block    
2026-08-07T04:36:47.220349Z  WARN ThreadId(20) hotstuff_runner::app: Node 1 view(2096) far exceeds block count (523); potential sync issue    
2026-08-07T04:36:47.378087Z  WARN ThreadId(20) hotstuff_runner::app: Node 1 [produce_block] queue size: 2, attempting up to 2 transactions this block    
2026-08-07T04:36:47.378726Z  WARN ThreadId(20) hotstuff_runner::app: Node 1 view(2100) far exceeds block count (524); potential sync issue    
2026-08-07T04:36:47.446639Z  WARN ThreadId(20) hotstuff_runner::app: Node 1 [produce_block] queue size: 2, attempting up to 2 transactions this block    
2026-08-07T04:36:47.446963Z  WARN ThreadId(20) hotstuff_runner::app: Node 1 view(2104) far exceeds block count (525); potential sync issue    
2026-08-07T04:36:47.500360Z  WARN ThreadId(20) hotstuff_runner::app: Node 1 [produce_block] queue size: 0, attempting up to 0 transactions this block    
2026-08-07T04:36:47.501795Z  WARN ThreadId(20) hotstuff_runner::app: Node 1 view(2108) far exceeds block count (526); potential sync issue    
2026-08-07T04:36:47.556592Z  WARN ThreadId(20) hotstuff_runner::app: Node 1 [produce_block] queue size: 0, attempting up to 0 transactions this block    
2026-08-07T04:36:47.557700Z  WARN ThreadId(20) hotstuff_runner::app: Node 1 view(2112) far exceeds block count (527); potential sync issue    
2026-08-07T04:36:47.691832Z  WARN ThreadId(20) hotstuff_runner::app: Node 1 [produce_block] queue size: 0, attempting up to 0 transactions this block    
2026-08-07T04:36:47.697787Z  WARN ThreadId(20) hotstuff_runner::app: Node 1 view(2116) far exceeds block count (528); potential sync issue    
2026-08-07T04:36:47.828061Z  WARN ThreadId(20) hotstuff_runner::app: Node 1 [produce_block] queue size: 2, attempting up to 2 transactions this block    
2026-08-07T04:36:47.829226Z  WARN ThreadId(20) hotstuff_runner::app: Node 1 view(2120) far exceeds block count (529); potential sync issue    
2026-08-07T04:36:47.875757Z  WARN ThreadId(26) hotstuff_runner::smrol::network: ⚠️ [Check] Writer 1 -> 2 slow write: 6.040833ms
2026-08-07T04:36:47.935495Z  WARN ThreadId(20) hotstuff_runner::app: Node 1 [produce_block] queue size: 2, attempting up to 2 transactions this block    
2026-08-07T04:36:47.936758Z  WARN ThreadId(20) hotstuff_runner::app: Node 1 view(2124) far exceeds block count (530); potential sync issue    
2026-08-07T04:36:48.021152Z  WARN ThreadId(20) hotstuff_runner::app: Node 1 [produce_block] queue size: 0, attempting up to 0 transactions this block    
2026-08-07T04:36:48.026668Z  WARN ThreadId(20) hotstuff_runner::app: Node 1 view(2128) far exceeds block count (531); potential sync issue    
2026-08-07T04:36:48.108027Z  WARN ThreadId(20) hotstuff_runner::app: Node 1 [produce_block] queue size: 2, attempting up to 2 transactions this block    
2026-08-07T04:36:48.108278Z  WARN ThreadId(20) hotstuff_runner::app: Node 1 view(2132) far exceeds block count (532); potential sync issue    
2026-08-07T04:36:48.163438Z  WARN ThreadId(20) hotstuff_runner::app: Node 1 [produce_block] queue size: 0, attempting up to 0 transactions this block    
2026-08-07T04:36:48.165232Z  WARN ThreadId(20) hotstuff_runner::app: Node 1 view(2136) far exceeds block count (533); potential sync issue    
2026-08-07T04:36:48.255831Z  WARN ThreadId(20) hotstuff_runner::app: Node 1 [produce_block] queue size: 0, attempting up to 0 transactions this block    
2026-08-07T04:36:48.256939Z  WARN ThreadId(20) hotstuff_runner::app: Node 1 view(2140) far exceeds block count (534); potential sync issue    
2026-08-07T04:36:48.323771Z  WARN ThreadId(20) hotstuff_runner::app: Node 1 [produce_block] queue size: 2, attempting up to 2 transactions this block    
2026-08-07T04:36:48.324104Z  WARN ThreadId(20) hotstuff_runner::app: Node 1 view(2144) far exceeds block count (535); potential sync issue    
2026-08-07T04:36:48.378353Z  WARN ThreadId(20) hotstuff_runner::app: Node 1 [produce_block] queue size: 0, attempting up to 0 transactions this block    
2026-08-07T04:36:48.379364Z  WARN ThreadId(20) hotstuff_runner::app: Node 1 view(2148) far exceeds block count (536); potential sync issue    
2026-08-07T04:36:48.422285Z  WARN ThreadId(20) hotstuff_runner::app: Node 1 [produce_block] queue size: 0, attempting up to 0 transactions this block    
2026-08-07T04:36:48.422870Z  WARN ThreadId(20) hotstuff_runner::app: Node 1 view(2152) far exceeds block count (537); potential sync issue    
2026-08-07T04:36:48.475476Z  WARN ThreadId(20) hotstuff_runner::app: Node 1 [produce_block] queue size: 0, attempting up to 0 transactions this block    
2026-08-07T04:36:48.476090Z  WARN ThreadId(20) hotstuff_runner::app: Node 1 view(2156) far exceeds block count (538); potential sync issue    
2026-08-07T04:36:48.548355Z  WARN ThreadId(20) hotstuff_runner::app: Node 1 [produce_block] queue size: 2, attempting up to 2 transactions this block    
2026-08-07T04:36:48.551700Z  WARN ThreadId(20) hotstuff_runner::app: Node 1 view(2160) far exceeds block count (539); potential sync issue    
2026-08-07T04:36:48.617062Z  WARN ThreadId(20) hotstuff_runner::app: Node 1 [produce_block] queue size: 0, attempting up to 0 transactions this block    
2026-08-07T04:36:48.617487Z  WARN ThreadId(20) hotstuff_runner::app: Node 1 view(2164) far exceeds block count (540); potential sync issue    
2026-08-07T04:36:48.707791Z  WARN ThreadId(20) hotstuff_runner::app: Node 1 [produce_block] queue size: 0, attempting up to 0 transactions this block    
2026-08-07T04:36:48.708829Z  WARN ThreadId(20) hotstuff_runner::app: Node 1 view(2168) far exceeds block count (541); potential sync issue    
2026-08-07T04:36:48.775986Z  WARN ThreadId(20) hotstuff_runner::app: Node 1 [produce_block] queue size: 2, attempting up to 2 transactions this block    
2026-08-07T04:36:48.776452Z  WARN ThreadId(20) hotstuff_runner::app: Node 1 view(2172) far exceeds block count (542); potential sync issue    
2026-08-07T04:36:48.855531Z  WARN ThreadId(20) hotstuff_runner::app: Node 1 [produce_block] queue size: 0, attempting up to 0 transactions this block    
2026-08-07T04:36:48.855861Z  WARN ThreadId(20) hotstuff_runner::app: Node 1 view(2176) far exceeds block count (543); potential sync issue    
2026-08-07T04:36:48.915647Z  WARN ThreadId(20) hotstuff_runner::app: Node 1 [produce_block] queue size: 0, attempting up to 0 transactions this block    
2026-08-07T04:36:48.918033Z  WARN ThreadId(20) hotstuff_runner::app: Node 1 view(2180) far exceeds block count (544); potential sync issue    
2026-08-07T04:36:49.021646Z  WARN ThreadId(20) hotstuff_runner::app: Node 1 [produce_block] queue size: 2, attempting up to 2 transactions this block    
2026-08-07T04:36:49.023225Z  WARN ThreadId(20) hotstuff_runner::app: Node 1 view(2184) far exceeds block count (545); potential sync issue    
2026-08-07T04:36:49.088320Z  WARN ThreadId(20) hotstuff_runner::app: Node 1 [produce_block] queue size: 0, attempting up to 0 transactions this block    
2026-08-07T04:36:49.090939Z  WARN ThreadId(20) hotstuff_runner::app: Node 1 view(2188) far exceeds block count (546); potential sync issue    
2026-08-07T04:36:49.174162Z  WARN ThreadId(20) hotstuff_runner::app: Node 1 [produce_block] queue size: 0, attempting up to 0 transactions this block    
2026-08-07T04:36:49.174438Z  WARN ThreadId(20) hotstuff_runner::app: Node 1 view(2192) far exceeds block count (547); potential sync issue    
2026-08-07T04:36:49.260763Z  WARN ThreadId(20) hotstuff_runner::app: Node 1 [produce_block] queue size: 2, attempting up to 2 transactions this block    
2026-08-07T04:36:49.261769Z  WARN ThreadId(20) hotstuff_runner::app: Node 1 view(2196) far exceeds block count (548); potential sync issue    
2026-08-07T04:36:49.325638Z  WARN ThreadId(20) hotstuff_runner::app: Node 1 [produce_block] queue size: 0, attempting up to 0 transactions this block    
2026-08-07T04:36:49.325920Z  WARN ThreadId(20) hotstuff_runner::app: Node 1 view(2200) far exceeds block count (549); potential sync issue    
2026-08-07T04:36:49.395751Z  WARN ThreadId(20) hotstuff_runner::app: Node 1 [produce_block] queue size: 0, attempting up to 0 transactions this block    
2026-08-07T04:36:49.396556Z  WARN ThreadId(20) hotstuff_runner::app: Node 1 view(2204) far exceeds block count (550); potential sync issue    
2026-08-07T04:36:49.565010Z  WARN ThreadId(20) hotstuff_runner::app: Node 1 [produce_block] queue size: 2, attempting up to 2 transactions this block    
2026-08-07T04:36:49.567164Z  WARN ThreadId(20) hotstuff_runner::app: Node 1 view(2208) far exceeds block count (551); potential sync issue    
2026-08-07T04:36:49.628499Z  WARN ThreadId(20) hotstuff_runner::app: Node 1 [produce_block] queue size: 0, attempting up to 0 transactions this block    
2026-08-07T04:36:49.632508Z  WARN ThreadId(20) hotstuff_runner::app: Node 1 view(2212) far exceeds block count (552); potential sync issue    
2026-08-07T04:36:49.767876Z  WARN ThreadId(20) hotstuff_runner::app: Node 1 [produce_block] queue size: 2, attempting up to 2 transactions this block    
2026-08-07T04:36:49.768664Z  WARN ThreadId(20) hotstuff_runner::app: Node 1 view(2216) far exceeds block count (553); potential sync issue    
2026-08-07T04:36:49.860788Z  WARN ThreadId(20) hotstuff_runner::app: Node 1 [produce_block] queue size: 0, attempting up to 0 transactions this block    
2026-08-07T04:36:49.869211Z  WARN ThreadId(20) hotstuff_runner::app: Node 1 view(2220) far exceeds block count (554); potential sync issue    
2026-08-07T04:36:49.961222Z  WARN ThreadId(20) hotstuff_runner::app: Node 1 [produce_block] queue size: 2, attempting up to 2 transactions this block    
2026-08-07T04:36:49.961987Z  WARN ThreadId(20) hotstuff_runner::app: Node 1 view(2224) far exceeds block count (555); potential sync issue    
2026-08-07T04:36:50.024495Z  WARN ThreadId(20) hotstuff_runner::app: Node 1 [produce_block] queue size: 0, attempting up to 0 transactions this block    
2026-08-07T04:36:50.025540Z  WARN ThreadId(20) hotstuff_runner::app: Node 1 view(2228) far exceeds block count (556); potential sync issue    
2026-08-07T04:36:50.090830Z  WARN ThreadId(20) hotstuff_runner::app: Node 1 [produce_block] queue size: 0, attempting up to 0 transactions this block    
2026-08-07T04:36:50.091049Z  WARN ThreadId(20) hotstuff_runner::app: Node 1 view(2232) far exceeds block count (557); potential sync issue    
2026-08-07T04:36:50.167673Z  WARN ThreadId(20) hotstuff_runner::app: Node 1 [produce_block] queue size: 2, attempting up to 2 transactions this block    
2026-08-07T04:36:50.169297Z  WARN ThreadId(20) hotstuff_runner::app: Node 1 view(2236) far exceeds block count (558); potential sync issue    
2026-08-07T04:36:50.248670Z  WARN ThreadId(20) hotstuff_runner::app: Node 1 [produce_block] queue size: 0, attempting up to 0 transactions this block    
2026-08-07T04:36:50.248899Z  WARN ThreadId(20) hotstuff_runner::app: Node 1 view(2240) far exceeds block count (559); potential sync issue    
2026-08-07T04:36:50.315388Z  WARN ThreadId(20) hotstuff_runner::app: Node 1 [produce_block] queue size: 2, attempting up to 2 transactions this block    
2026-08-07T04:36:50.315528Z  WARN ThreadId(20) hotstuff_runner::app: Node 1 view(2244) far exceeds block count (560); potential sync issue    
2026-08-07T04:36:50.409984Z  WARN ThreadId(20) hotstuff_runner::app: Node 1 [produce_block] queue size: 0, attempting up to 0 transactions this block    
2026-08-07T04:36:50.411683Z  WARN ThreadId(20) hotstuff_runner::app: Node 1 view(2248) far exceeds block count (561); potential sync issue    
2026-08-07T04:36:50.475350Z  WARN ThreadId(20) hotstuff_runner::app: Node 1 [produce_block] queue size: 0, attempting up to 0 transactions this block    
2026-08-07T04:36:50.475734Z  WARN ThreadId(20) hotstuff_runner::app: Node 1 view(2252) far exceeds block count (562); potential sync issue    
2026-08-07T04:36:50.564748Z  WARN ThreadId(20) hotstuff_runner::app: Node 1 [produce_block] queue size: 2, attempting up to 2 transactions this block    
2026-08-07T04:36:50.565602Z  WARN ThreadId(20) hotstuff_runner::app: Node 1 view(2256) far exceeds block count (563); potential sync issue    
2026-08-07T04:36:50.624748Z  WARN ThreadId(20) hotstuff_runner::app: Node 1 [produce_block] queue size: 0, attempting up to 0 transactions this block    
2026-08-07T04:36:50.625299Z  WARN ThreadId(20) hotstuff_runner::app: Node 1 view(2260) far exceeds block count (564); potential sync issue    
2026-08-07T04:36:50.691188Z  WARN ThreadId(20) hotstuff_runner::app: Node 1 [produce_block] queue size: 0, attempting up to 0 transactions this block    
2026-08-07T04:36:50.693688Z  WARN ThreadId(20) hotstuff_runner::app: Node 1 view(2264) far exceeds block count (565); potential sync issue    
2026-08-07T04:36:50.817954Z  WARN ThreadId(20) hotstuff_runner::app: Node 1 [produce_block] queue size: 0, attempting up to 0 transactions this block    
2026-08-07T04:36:50.820817Z  WARN ThreadId(20) hotstuff_runner::app: Node 1 view(2268) far exceeds block count (566); potential sync issue    
2026-08-07T04:36:50.973827Z  WARN ThreadId(07) docker_node:   Connection reuse ineffective (2.0 msg/conn)
2026-08-07T04:36:51.004948Z  WARN ThreadId(20) hotstuff_runner::app: Node 1 [produce_block] queue size: 2, attempting up to 2 transactions this block    
2026-08-07T04:36:51.005205Z  WARN ThreadId(20) hotstuff_runner::app: Node 1 view(2272) far exceeds block count (567); potential sync issue    
2026-08-07T04:36:51.219670Z  WARN ThreadId(20) hotstuff_runner::app: Node 1 [produce_block] queue size: 0, attempting up to 0 transactions this block    
2026-08-07T04:36:51.220479Z  WARN ThreadId(20) hotstuff_runner::app: Node 1 view(2276) far exceeds block count (568); potential sync issue    
2026-08-07T04:36:51.305082Z  WARN ThreadId(20) hotstuff_runner::app: Node 1 [produce_block] queue size: 2, attempting up to 2 transactions this block    
2026-08-07T04:36:51.311200Z  WARN ThreadId(20) hotstuff_runner::app: Node 1 view(2280) far exceeds block count (569); potential sync issue    
2026-08-07T04:36:51.359296Z  WARN ThreadId(20) hotstuff_runner::app: Node 1 [produce_block] queue size: 0, attempting up to 0 transactions this block    
2026-08-07T04:36:51.360457Z  WARN ThreadId(20) hotstuff_runner::app: Node 1 view(2284) far exceeds block count (570); potential sync issue    
2026-08-07T04:36:51.462288Z  WARN ThreadId(20) hotstuff_runner::app: Node 1 [produce_block] queue size: 2, attempting up to 2 transactions this block    
2026-08-07T04:36:51.462470Z  WARN ThreadId(20) hotstuff_runner::app: Node 1 view(2288) far exceeds block count (571); potential sync issue    
2026-08-07T04:36:51.558040Z  WARN ThreadId(20) hotstuff_runner::app: Node 1 [produce_block] queue size: 0, attempting up to 0 transactions this block    
2026-08-07T04:36:51.558303Z  WARN ThreadId(20) hotstuff_runner::app: Node 1 view(2292) far exceeds block count (572); potential sync issue    
2026-08-07T04:36:51.618203Z  WARN ThreadId(25) hotstuff_runner::smrol::network: ⚠️ [Check] Writer 1 -> 0 slow write: 8.1405ms
2026-08-07T04:36:51.647868Z  WARN ThreadId(20) hotstuff_runner::app: Node 1 [produce_block] queue size: 2, attempting up to 2 transactions this block    
2026-08-07T04:36:51.648359Z  WARN ThreadId(20) hotstuff_runner::app: Node 1 view(2296) far exceeds block count (573); potential sync issue    
2026-08-07T04:36:51.705342Z  WARN ThreadId(20) hotstuff_runner::app: Node 1 [produce_block] queue size: 0, attempting up to 0 transactions this block    
2026-08-07T04:36:51.707397Z  WARN ThreadId(20) hotstuff_runner::app: Node 1 view(2300) far exceeds block count (574); potential sync issue    
2026-08-07T04:36:51.778003Z  WARN ThreadId(20) hotstuff_runner::app: Node 1 [produce_block] queue size: 0, attempting up to 0 transactions this block    
2026-08-07T04:36:51.778505Z  WARN ThreadId(20) hotstuff_runner::app: Node 1 view(2304) far exceeds block count (575); potential sync issue    
2026-08-07T04:36:51.834036Z  WARN ThreadId(20) hotstuff_runner::app: Node 1 [produce_block] queue size: 2, attempting up to 2 transactions this block    
2026-08-07T04:36:51.834636Z  WARN ThreadId(20) hotstuff_runner::app: Node 1 view(2308) far exceeds block count (576); potential sync issue    
2026-08-07T04:36:51.895560Z  WARN ThreadId(20) hotstuff_runner::app: Node 1 [produce_block] queue size: 0, attempting up to 0 transactions this block    
2026-08-07T04:36:51.895801Z  WARN ThreadId(20) hotstuff_runner::app: Node 1 view(2312) far exceeds block count (577); potential sync issue    
2026-08-07T04:36:51.957357Z  WARN ThreadId(20) hotstuff_runner::app: Node 1 [produce_block] queue size: 0, attempting up to 0 transactions this block    
2026-08-07T04:36:51.957704Z  WARN ThreadId(20) hotstuff_runner::app: Node 1 view(2316) far exceeds block count (578); potential sync issue    
2026-08-07T04:36:52.018618Z  WARN ThreadId(20) hotstuff_runner::app: Node 1 [produce_block] queue size: 0, attempting up to 0 transactions this block    
2026-08-07T04:36:52.020149Z  WARN ThreadId(20) hotstuff_runner::app: Node 1 view(2320) far exceeds block count (579); potential sync issue    
2026-08-07T04:36:52.046167Z  WARN ThreadId(25) hotstuff_runner::smrol::network: ⚠️ [Check] Writer 1 -> 0 slow write: 8.12175ms
2026-08-07T04:36:52.089412Z  WARN ThreadId(20) hotstuff_runner::app: Node 1 [produce_block] queue size: 2, attempting up to 2 transactions this block    
2026-08-07T04:36:52.089559Z  WARN ThreadId(20) hotstuff_runner::app: Node 1 view(2324) far exceeds block count (580); potential sync issue    
2026-08-07T04:36:52.143004Z  WARN ThreadId(20) hotstuff_runner::app: Node 1 [produce_block] queue size: 0, attempting up to 0 transactions this block    
2026-08-07T04:36:52.143117Z  WARN ThreadId(20) hotstuff_runner::app: Node 1 view(2328) far exceeds block count (581); potential sync issue    
2026-08-07T04:36:52.258862Z  WARN ThreadId(20) hotstuff_runner::app: Node 1 [produce_block] queue size: 2, attempting up to 2 transactions this block    
2026-08-07T04:36:52.259712Z  WARN ThreadId(20) hotstuff_runner::app: Node 1 view(2332) far exceeds block count (582); potential sync issue    
2026-08-07T04:36:52.321812Z  WARN ThreadId(20) hotstuff_runner::app: Node 1 [produce_block] queue size: 0, attempting up to 0 transactions this block    
2026-08-07T04:36:52.322114Z  WARN ThreadId(20) hotstuff_runner::app: Node 1 view(2336) far exceeds block count (583); potential sync issue    
2026-08-07T04:36:52.369889Z  WARN ThreadId(20) hotstuff_runner::app: Node 1 [produce_block] queue size: 0, attempting up to 0 transactions this block    
2026-08-07T04:36:52.370294Z  WARN ThreadId(20) hotstuff_runner::app: Node 1 view(2340) far exceeds block count (584); potential sync issue    
2026-08-07T04:36:52.430298Z  WARN ThreadId(20) hotstuff_runner::app: Node 1 [produce_block] queue size: 2, attempting up to 2 transactions this block    
2026-08-07T04:36:52.431827Z  WARN ThreadId(20) hotstuff_runner::app: Node 1 view(2344) far exceeds block count (585); potential sync issue    
2026-08-07T04:36:52.479898Z  WARN ThreadId(20) hotstuff_runner::app: Node 1 [produce_block] queue size: 0, attempting up to 0 transactions this block    
2026-08-07T04:36:52.480054Z  WARN ThreadId(20) hotstuff_runner::app: Node 1 view(2348) far exceeds block count (586); potential sync issue    
2026-08-07T04:36:52.525936Z  WARN ThreadId(20) hotstuff_runner::app: Node 1 [produce_block] queue size: 0, attempting up to 0 transactions this block    
2026-08-07T04:36:52.526221Z  WARN ThreadId(20) hotstuff_runner::app: Node 1 view(2352) far exceeds block count (587); potential sync issue    
2026-08-07T04:36:52.567263Z  WARN ThreadId(20) hotstuff_runner::app: Node 1 [produce_block] queue size: 0, attempting up to 0 transactions this block    
2026-08-07T04:36:52.567446Z  WARN ThreadId(20) hotstuff_runner::app: Node 1 view(2356) far exceeds block count (588); potential sync issue    
2026-08-07T04:36:52.631834Z  WARN ThreadId(20) hotstuff_runner::app: Node 1 [produce_block] queue size: 2, attempting up to 2 transactions this block    
2026-08-07T04:36:52.632011Z  WARN ThreadId(20) hotstuff_runner::app: Node 1 view(2360) far exceeds block count (589); potential sync issue    
2026-08-07T04:36:52.691544Z  WARN ThreadId(20) hotstuff_runner::app: Node 1 [produce_block] queue size: 0, attempting up to 0 transactions this block    
2026-08-07T04:36:52.692557Z  WARN ThreadId(20) hotstuff_runner::app: Node 1 view(2364) far exceeds block count (590); potential sync issue    
2026-08-07T04:36:52.740853Z  WARN ThreadId(20) hotstuff_runner::app: Node 1 [produce_block] queue size: 0, attempting up to 0 transactions this block    
2026-08-07T04:36:52.741772Z  WARN ThreadId(20) hotstuff_runner::app: Node 1 view(2368) far exceeds block count (591); potential sync issue    
2026-08-07T04:36:52.785866Z  WARN ThreadId(20) hotstuff_runner::app: Node 1 [produce_block] queue size: 0, attempting up to 0 transactions this block    
2026-08-07T04:36:52.786274Z  WARN ThreadId(20) hotstuff_runner::app: Node 1 view(2372) far exceeds block count (592); potential sync issue    
2026-08-07T04:36:52.870825Z  WARN ThreadId(25) hotstuff_runner::smrol::network: ⚠️ [Check] Writer 1 -> 0 slow write: 7.625625ms
2026-08-07T04:36:52.878779Z  WARN ThreadId(26) hotstuff_runner::smrol::network: ⚠️ [Check] Writer 1 -> 3 slow write: 19.331542ms
2026-08-07T04:36:52.910069Z  WARN ThreadId(20) hotstuff_runner::app: Node 1 [produce_block] queue size: 2, attempting up to 2 transactions this block    
2026-08-07T04:36:52.914662Z  WARN ThreadId(20) hotstuff_runner::app: Node 1 view(2376) far exceeds block count (593); potential sync issue    
2026-08-07T04:36:52.978142Z  WARN ThreadId(20) hotstuff_rs::block_tree::invariants: SAFE_PC_FAIL: pc.block=[207, 112, 77, 58, 98, 131, 77, 19, 118, 73, 29, 104, 112, 181, 24, 117, 79, 251, 90, 164, 164, 220, 221, 222, 189, 235, 51, 156, 255, 42, 250, 35] view=2378 phase=Generic | cond1(chain_id/genesis)=true (pc.chain_id=0, my.chain_id=0) | cond2(block_exists/genesis)=false (exists=false) | cond3(view>locked || extends)=true (pc.view=2378, locked.view=2375, extends=false) | cond4(phase/updates)=true (phase_special=false, has_updates=false) | highest_pc.block=[128, 29, 195, 149, 97, 178, 192, 195, 168, 164, 26, 49, 233, 205, 213, 236, 236, 212, 90, 231, 223, 234, 5, 239, 8, 36, 192, 142, 65, 122, 137, 149] highest_pc.view=2376 locked.block=[22, 17, 115, 72, 66, 226, 42, 222, 0, 237, 204, 74, 100, 125, 121, 17, 52, 124, 65, 130, 56, 89, 84, 202, 117, 254, 72, 204, 158, 254, 61, 250] locked.view=2375    
2026-08-07T04:36:52.978912Z  WARN ThreadId(20) hotstuff_rs::block_tree::invariants: SAFE_BLOCK_FAIL: block=[102, 60, 35, 162, 124, 82, 246, 112, 35, 29, 75, 188, 0, 60, 186, 55, 156, 62, 115, 250, 85, 204, 38, 54, 197, 220, 57, 121, 46, 102, 105, 232] height=None | cond1(safe_pc)=false | cond2(is_block_justify)=true (justify.phase=Generic) | justify.block=[207, 112, 77, 58, 98, 131, 77, 19, 118, 73, 29, 104, 112, 181, 24, 117, 79, 251, 90, 164, 164, 220, 221, 222, 189, 235, 51, 156, 255, 42, 250, 35] justify.view=2378 | highest_pc.block=[128, 29, 195, 149, 97, 178, 192, 195, 168, 164, 26, 49, 233, 205, 213, 236, 236, 212, 90, 231, 223, 234, 5, 239, 8, 36, 192, 142, 65, 122, 137, 149] highest_pc.view=2376 | locked.block=[22, 17, 115, 72, 66, 226, 42, 222, 0, 237, 204, 74, 100, 125, 121, 17, 52, 124, 65, 130, 56, 89, 84, 202, 117, 254, 72, 204, 158, 254, 61, 250] locked.view=2375    
2026-08-07T04:36:52.987508Z  WARN ThreadId(20) hotstuff_rs::block_tree::invariants: SAFE_PC_FAIL: pc.block=[102, 60, 35, 162, 124, 82, 246, 112, 35, 29, 75, 188, 0, 60, 186, 55, 156, 62, 115, 250, 85, 204, 38, 54, 197, 220, 57, 121, 46, 102, 105, 232] view=2379 phase=Generic | cond1(chain_id/genesis)=true (pc.chain_id=0, my.chain_id=0) | cond2(block_exists/genesis)=false (exists=false) | cond3(view>locked || extends)=true (pc.view=2379, locked.view=2375, extends=false) | cond4(phase/updates)=true (phase_special=false, has_updates=false) | highest_pc.block=[128, 29, 195, 149, 97, 178, 192, 195, 168, 164, 26, 49, 233, 205, 213, 236, 236, 212, 90, 231, 223, 234, 5, 239, 8, 36, 192, 142, 65, 122, 137, 149] highest_pc.view=2376 locked.block=[22, 17, 115, 72, 66, 226, 42, 222, 0, 237, 204, 74, 100, 125, 121, 17, 52, 124, 65, 130, 56, 89, 84, 202, 117, 254, 72, 204, 158, 254, 61, 250] locked.view=2375    
2026-08-07T04:36:54.978216Z  WARN ThreadId(20) hotstuff_runner::app: Node 1 [produce_block] queue size: 20, attempting up to 20 transactions this block    
2026-08-07T04:36:54.980475Z  WARN ThreadId(20) hotstuff_runner::app: Node 1 view(2380) far exceeds block count (594); potential sync issue    
2026-08-07T04:36:54.980665Z  WARN ThreadId(21) hotstuff_runner::tcp_node: Node 1 view 2379 timed out; latency may accumulate
2026-08-07T04:36:55.071989Z  WARN ThreadId(20) hotstuff_runner::app: Node 1 [produce_block] queue size: 0, attempting up to 0 transactions this block    
2026-08-07T04:36:55.072268Z  WARN ThreadId(20) hotstuff_runner::app: Node 1 view(2384) far exceeds block count (595); potential sync issue    
2026-08-07T04:36:55.263855Z  WARN ThreadId(20) hotstuff_runner::app: Node 1 [produce_block] queue size: 2, attempting up to 2 transactions this block    
2026-08-07T04:36:55.270659Z  WARN ThreadId(20) hotstuff_runner::app: Node 1 view(2388) far exceeds block count (596); potential sync issue    
2026-08-07T04:36:55.373751Z  WARN ThreadId(20) hotstuff_runner::app: Node 1 [produce_block] queue size: 2, attempting up to 2 transactions this block    
2026-08-07T04:36:55.373852Z  WARN ThreadId(20) hotstuff_runner::app: Node 1 view(2392) far exceeds block count (597); potential sync issue    
2026-08-07T04:36:55.413779Z  WARN ThreadId(20) hotstuff_runner::app: Node 1 [produce_block] queue size: 0, attempting up to 0 transactions this block    
2026-08-07T04:36:55.414407Z  WARN ThreadId(20) hotstuff_runner::app: Node 1 view(2396) far exceeds block count (598); potential sync issue    
2026-08-07T04:36:55.444207Z  WARN ThreadId(20) hotstuff_runner::app: Node 1 [produce_block] queue size: 0, attempting up to 0 transactions this block    
2026-08-07T04:36:55.444686Z  WARN ThreadId(20) hotstuff_runner::app: Node 1 view(2400) far exceeds block count (599); potential sync issue    
2026-08-07T04:36:55.486623Z  WARN ThreadId(20) hotstuff_runner::app: Node 1 [produce_block] queue size: 0, attempting up to 0 transactions this block    
2026-08-07T04:36:55.489116Z  WARN ThreadId(20) hotstuff_runner::app: Node 1 view(2404) far exceeds block count (600); potential sync issue    
2026-08-07T04:36:55.554939Z  WARN ThreadId(20) hotstuff_runner::app: Node 1 [produce_block] queue size: 2, attempting up to 2 transactions this block    
2026-08-07T04:36:55.555110Z  WARN ThreadId(20) hotstuff_runner::app: Node 1 view(2408) far exceeds block count (601); potential sync issue    
2026-08-07T04:36:55.658996Z  WARN ThreadId(20) hotstuff_runner::app: Node 1 [produce_block] queue size: 0, attempting up to 0 transactions this block    
2026-08-07T04:36:55.659640Z  WARN ThreadId(20) hotstuff_runner::app: Node 1 view(2412) far exceeds block count (602); potential sync issue    
2026-08-07T04:36:55.721039Z  WARN ThreadId(20) hotstuff_runner::app: Node 1 [produce_block] queue size: 2, attempting up to 2 transactions this block    
2026-08-07T04:36:55.721235Z  WARN ThreadId(20) hotstuff_runner::app: Node 1 view(2416) far exceeds block count (603); potential sync issue    
2026-08-07T04:36:55.803989Z  WARN ThreadId(20) hotstuff_runner::app: Node 1 [produce_block] queue size: 0, attempting up to 0 transactions this block    
2026-08-07T04:36:55.804250Z  WARN ThreadId(20) hotstuff_runner::app: Node 1 view(2420) far exceeds block count (604); potential sync issue    
2026-08-07T04:36:55.856419Z  WARN ThreadId(20) hotstuff_runner::app: Node 1 [produce_block] queue size: 0, attempting up to 0 transactions this block    
2026-08-07T04:36:55.857554Z  WARN ThreadId(20) hotstuff_runner::app: Node 1 view(2424) far exceeds block count (605); potential sync issue    
2026-08-07T04:36:55.938539Z  WARN ThreadId(20) hotstuff_runner::app: Node 1 [produce_block] queue size: 2, attempting up to 2 transactions this block    
2026-08-07T04:36:55.939754Z  WARN ThreadId(20) hotstuff_runner::app: Node 1 view(2428) far exceeds block count (606); potential sync issue    
2026-08-07T04:36:55.968671Z  WARN ThreadId(07) docker_node:   Connection reuse ineffective (2.0 msg/conn)
2026-08-07T04:36:55.994447Z  WARN ThreadId(20) hotstuff_runner::app: Node 1 [produce_block] queue size: 0, attempting up to 0 transactions this block    
2026-08-07T04:36:55.995407Z  WARN ThreadId(20) hotstuff_runner::app: Node 1 view(2432) far exceeds block count (607); potential sync issue    
2026-08-07T04:36:56.070324Z  WARN ThreadId(20) hotstuff_runner::app: Node 1 [produce_block] queue size: 2, attempting up to 2 transactions this block    
2026-08-07T04:36:56.071738Z  WARN ThreadId(20) hotstuff_runner::app: Node 1 view(2436) far exceeds block count (608); potential sync issue    
2026-08-07T04:36:56.124133Z  WARN ThreadId(20) hotstuff_runner::app: Node 1 [produce_block] queue size: 0, attempting up to 0 transactions this block    
2026-08-07T04:36:56.125515Z  WARN ThreadId(20) hotstuff_runner::app: Node 1 view(2440) far exceeds block count (609); potential sync issue    
2026-08-07T04:36:56.163110Z  WARN ThreadId(20) hotstuff_runner::app: Node 1 [produce_block] queue size: 0, attempting up to 0 transactions this block    
2026-08-07T04:36:56.164588Z  WARN ThreadId(20) hotstuff_runner::app: Node 1 view(2444) far exceeds block count (610); potential sync issue    
2026-08-07T04:36:56.229801Z  WARN ThreadId(20) hotstuff_runner::app: Node 1 [produce_block] queue size: 0, attempting up to 0 transactions this block    
2026-08-07T04:36:56.231839Z  WARN ThreadId(20) hotstuff_runner::app: Node 1 view(2448) far exceeds block count (611); potential sync issue    
2026-08-07T04:36:56.326615Z  WARN ThreadId(20) hotstuff_runner::app: Node 1 [produce_block] queue size: 2, attempting up to 2 transactions this block    
2026-08-07T04:36:56.327845Z  WARN ThreadId(20) hotstuff_runner::app: Node 1 view(2452) far exceeds block count (612); potential sync issue    
2026-08-07T04:36:56.367340Z  WARN ThreadId(20) hotstuff_runner::app: Node 1 [produce_block] queue size: 0, attempting up to 0 transactions this block    
2026-08-07T04:36:56.368523Z  WARN ThreadId(20) hotstuff_runner::app: Node 1 view(2456) far exceeds block count (613); potential sync issue    
2026-08-07T04:36:56.425336Z  WARN ThreadId(20) hotstuff_runner::app: Node 1 [produce_block] queue size: 0, attempting up to 0 transactions this block    
2026-08-07T04:36:56.426683Z  WARN ThreadId(20) hotstuff_runner::app: Node 1 view(2460) far exceeds block count (614); potential sync issue    
2026-08-07T04:36:56.478758Z  WARN ThreadId(20) hotstuff_runner::app: Node 1 [produce_block] queue size: 0, attempting up to 0 transactions this block    
2026-08-07T04:36:56.479160Z  WARN ThreadId(20) hotstuff_runner::app: Node 1 view(2464) far exceeds block count (615); potential sync issue    
2026-08-07T04:36:56.528195Z  WARN ThreadId(20) hotstuff_runner::app: Node 1 [produce_block] queue size: 0, attempting up to 0 transactions this block    
2026-08-07T04:36:56.528297Z  WARN ThreadId(20) hotstuff_runner::app: Node 1 view(2468) far exceeds block count (616); potential sync issue    
2026-08-07T04:36:56.587266Z  WARN ThreadId(20) hotstuff_runner::app: Node 1 [produce_block] queue size: 0, attempting up to 0 transactions this block    
2026-08-07T04:36:56.587511Z  WARN ThreadId(20) hotstuff_runner::app: Node 1 view(2472) far exceeds block count (617); potential sync issue    
2026-08-07T04:36:56.635350Z  WARN ThreadId(20) hotstuff_runner::app: Node 1 [produce_block] queue size: 0, attempting up to 0 transactions this block    
2026-08-07T04:36:56.635564Z  WARN ThreadId(20) hotstuff_runner::app: Node 1 view(2476) far exceeds block count (618); potential sync issue    
2026-08-07T04:36:56.702980Z  WARN ThreadId(20) hotstuff_runner::app: Node 1 [produce_block] queue size: 2, attempting up to 2 transactions this block    
2026-08-07T04:36:56.704768Z  WARN ThreadId(20) hotstuff_runner::app: Node 1 view(2480) far exceeds block count (619); potential sync issue    
2026-08-07T04:36:56.767826Z  WARN ThreadId(20) hotstuff_runner::app: Node 1 [produce_block] queue size: 0, attempting up to 0 transactions this block    
2026-08-07T04:36:56.769055Z  WARN ThreadId(20) hotstuff_runner::app: Node 1 view(2484) far exceeds block count (620); potential sync issue    
2026-08-07T04:36:56.844933Z  WARN ThreadId(20) hotstuff_runner::app: Node 1 [produce_block] queue size: 2, attempting up to 2 transactions this block    
2026-08-07T04:36:56.845653Z  WARN ThreadId(20) hotstuff_runner::app: Node 1 view(2488) far exceeds block count (621); potential sync issue    
2026-08-07T04:36:56.906333Z  WARN ThreadId(20) hotstuff_runner::app: Node 1 [produce_block] queue size: 0, attempting up to 0 transactions this block    
2026-08-07T04:36:56.908549Z  WARN ThreadId(20) hotstuff_runner::app: Node 1 view(2492) far exceeds block count (622); potential sync issue    
2026-08-07T04:36:56.984925Z  WARN ThreadId(20) hotstuff_runner::app: Node 1 [produce_block] queue size: 0, attempting up to 0 transactions this block    
2026-08-07T04:36:56.985150Z  WARN ThreadId(20) hotstuff_runner::app: Node 1 view(2496) far exceeds block count (623); potential sync issue    
2026-08-07T04:36:57.059732Z  WARN ThreadId(20) hotstuff_runner::app: Node 1 [produce_block] queue size: 2, attempting up to 2 transactions this block    
2026-08-07T04:36:57.071696Z  WARN ThreadId(20) hotstuff_runner::app: Node 1 view(2500) far exceeds block count (624); potential sync issue    
2026-08-07T04:36:57.121715Z  WARN ThreadId(20) hotstuff_runner::app: Node 1 [produce_block] queue size: 0, attempting up to 0 transactions this block    
2026-08-07T04:36:57.127549Z  WARN ThreadId(20) hotstuff_runner::app: Node 1 view(2504) far exceeds block count (625); potential sync issue    
2026-08-07T04:36:57.221652Z  WARN ThreadId(20) hotstuff_runner::app: Node 1 [produce_block] queue size: 0, attempting up to 0 transactions this block    
2026-08-07T04:36:57.222646Z  WARN ThreadId(20) hotstuff_runner::app: Node 1 view(2508) far exceeds block count (626); potential sync issue    
2026-08-07T04:36:57.295228Z  WARN ThreadId(20) hotstuff_runner::app: Node 1 [produce_block] queue size: 2, attempting up to 2 transactions this block    
2026-08-07T04:36:57.295433Z  WARN ThreadId(20) hotstuff_runner::app: Node 1 view(2512) far exceeds block count (627); potential sync issue    
2026-08-07T04:36:57.358326Z  WARN ThreadId(20) hotstuff_runner::app: Node 1 [produce_block] queue size: 0, attempting up to 0 transactions this block    
2026-08-07T04:36:57.358623Z  WARN ThreadId(20) hotstuff_runner::app: Node 1 view(2516) far exceeds block count (628); potential sync issue    
2026-08-07T04:36:57.418743Z  WARN ThreadId(20) hotstuff_runner::app: Node 1 [produce_block] queue size: 0, attempting up to 0 transactions this block    
2026-08-07T04:36:57.419600Z  WARN ThreadId(20) hotstuff_runner::app: Node 1 view(2520) far exceeds block count (629); potential sync issue    
2026-08-07T04:36:57.486149Z  WARN ThreadId(20) hotstuff_runner::app: Node 1 [produce_block] queue size: 2, attempting up to 2 transactions this block    
2026-08-07T04:36:57.486762Z  WARN ThreadId(20) hotstuff_runner::app: Node 1 view(2524) far exceeds block count (630); potential sync issue    
2026-08-07T04:36:57.546113Z  WARN ThreadId(20) hotstuff_runner::app: Node 1 [produce_block] queue size: 0, attempting up to 0 transactions this block    
2026-08-07T04:36:57.547986Z  WARN ThreadId(20) hotstuff_runner::app: Node 1 view(2528) far exceeds block count (631); potential sync issue    
2026-08-07T04:36:57.605321Z  WARN ThreadId(20) hotstuff_runner::app: Node 1 [produce_block] queue size: 0, attempting up to 0 transactions this block    
2026-08-07T04:36:57.605476Z  WARN ThreadId(20) hotstuff_runner::app: Node 1 view(2532) far exceeds block count (632); potential sync issue    
2026-08-07T04:36:57.656912Z  WARN ThreadId(20) hotstuff_runner::app: Node 1 [produce_block] queue size: 0, attempting up to 0 transactions this block    
2026-08-07T04:36:57.657424Z  WARN ThreadId(20) hotstuff_runner::app: Node 1 view(2536) far exceeds block count (633); potential sync issue    
2026-08-07T04:36:57.714704Z  WARN ThreadId(20) hotstuff_runner::app: Node 1 [produce_block] queue size: 2, attempting up to 2 transactions this block    
2026-08-07T04:36:57.714860Z  WARN ThreadId(20) hotstuff_runner::app: Node 1 view(2540) far exceeds block count (634); potential sync issue    
2026-08-07T04:36:57.772002Z  WARN ThreadId(20) hotstuff_runner::app: Node 1 [produce_block] queue size: 0, attempting up to 0 transactions this block    
2026-08-07T04:36:57.772842Z  WARN ThreadId(20) hotstuff_runner::app: Node 1 view(2544) far exceeds block count (635); potential sync issue    
2026-08-07T04:36:57.829475Z  WARN ThreadId(20) hotstuff_runner::app: Node 1 [produce_block] queue size: 0, attempting up to 0 transactions this block    
2026-08-07T04:36:57.832136Z  WARN ThreadId(20) hotstuff_runner::app: Node 1 view(2548) far exceeds block count (636); potential sync issue    
2026-08-07T04:36:57.908232Z  WARN ThreadId(20) hotstuff_runner::app: Node 1 [produce_block] queue size: 2, attempting up to 2 transactions this block    
2026-08-07T04:36:57.908348Z  WARN ThreadId(20) hotstuff_runner::app: Node 1 view(2552) far exceeds block count (637); potential sync issue    
2026-08-07T04:36:57.946554Z  WARN ThreadId(20) hotstuff_runner::app: Node 1 [produce_block] queue size: 0, attempting up to 0 transactions this block    
2026-08-07T04:36:57.947511Z  WARN ThreadId(20) hotstuff_runner::app: Node 1 view(2556) far exceeds block count (638); potential sync issue    
2026-08-07T04:36:57.997021Z  WARN ThreadId(20) hotstuff_runner::app: Node 1 [produce_block] queue size: 0, attempting up to 0 transactions this block    
2026-08-07T04:36:57.997324Z  WARN ThreadId(20) hotstuff_runner::app: Node 1 view(2560) far exceeds block count (639); potential sync issue    
2026-08-07T04:36:58.063464Z  WARN ThreadId(20) hotstuff_runner::app: Node 1 [produce_block] queue size: 0, attempting up to 0 transactions this block    
2026-08-07T04:36:58.063876Z  WARN ThreadId(20) hotstuff_runner::app: Node 1 view(2564) far exceeds block count (640); potential sync issue    
2026-08-07T04:36:58.121319Z  WARN ThreadId(20) hotstuff_runner::app: Node 1 [produce_block] queue size: 0, attempting up to 0 transactions this block    
2026-08-07T04:36:58.123176Z  WARN ThreadId(20) hotstuff_runner::app: Node 1 view(2568) far exceeds block count (641); potential sync issue    
2026-08-07T04:36:58.175470Z  WARN ThreadId(20) hotstuff_runner::app: Node 1 [produce_block] queue size: 0, attempting up to 0 transactions this block    
2026-08-07T04:36:58.176309Z  WARN ThreadId(20) hotstuff_runner::app: Node 1 view(2572) far exceeds block count (642); potential sync issue    
2026-08-07T04:36:58.250448Z  WARN ThreadId(20) hotstuff_runner::app: Node 1 [produce_block] queue size: 0, attempting up to 0 transactions this block    
2026-08-07T04:36:58.251044Z  WARN ThreadId(20) hotstuff_runner::app: Node 1 view(2576) far exceeds block count (643); potential sync issue    
2026-08-07T04:36:58.330839Z  WARN ThreadId(20) hotstuff_runner::app: Node 1 [produce_block] queue size: 2, attempting up to 2 transactions this block    
2026-08-07T04:36:58.335252Z  WARN ThreadId(20) hotstuff_runner::app: Node 1 view(2580) far exceeds block count (644); potential sync issue    
2026-08-07T04:36:58.403769Z  WARN ThreadId(20) hotstuff_runner::app: Node 1 [produce_block] queue size: 0, attempting up to 0 transactions this block    
2026-08-07T04:36:58.406231Z  WARN ThreadId(20) hotstuff_runner::app: Node 1 view(2584) far exceeds block count (645); potential sync issue    
2026-08-07T04:36:58.460542Z  WARN ThreadId(20) hotstuff_runner::app: Node 1 [produce_block] queue size: 0, attempting up to 0 transactions this block    
2026-08-07T04:36:58.460798Z  WARN ThreadId(20) hotstuff_runner::app: Node 1 view(2588) far exceeds block count (646); potential sync issue    
2026-08-07T04:36:58.562254Z  WARN ThreadId(20) hotstuff_runner::app: Node 1 [produce_block] queue size: 2, attempting up to 2 transactions this block    
2026-08-07T04:36:58.563681Z  WARN ThreadId(20) hotstuff_runner::app: Node 1 view(2592) far exceeds block count (647); potential sync issue    
2026-08-07T04:36:58.618436Z  WARN ThreadId(20) hotstuff_runner::app: Node 1 [produce_block] queue size: 0, attempting up to 0 transactions this block    
2026-08-07T04:36:58.619358Z  WARN ThreadId(20) hotstuff_runner::app: Node 1 view(2596) far exceeds block count (648); potential sync issue    
2026-08-07T04:36:58.684383Z  WARN ThreadId(20) hotstuff_runner::app: Node 1 [produce_block] queue size: 0, attempting up to 0 transactions this block    
2026-08-07T04:36:58.686374Z  WARN ThreadId(20) hotstuff_runner::app: Node 1 view(2600) far exceeds block count (649); potential sync issue    
2026-08-07T04:36:58.768061Z  WARN ThreadId(20) hotstuff_runner::app: Node 1 [produce_block] queue size: 2, attempting up to 2 transactions this block    
2026-08-07T04:36:58.770654Z  WARN ThreadId(20) hotstuff_runner::app: Node 1 view(2604) far exceeds block count (650); potential sync issue    
2026-08-07T04:36:58.843313Z  WARN ThreadId(20) hotstuff_runner::app: Node 1 [produce_block] queue size: 0, attempting up to 0 transactions this block    
2026-08-07T04:36:58.844165Z  WARN ThreadId(20) hotstuff_runner::app: Node 1 view(2608) far exceeds block count (651); potential sync issue    
2026-08-07T04:36:58.915798Z  WARN ThreadId(20) hotstuff_runner::app: Node 1 [produce_block] queue size: 0, attempting up to 0 transactions this block    
2026-08-07T04:36:58.919318Z  WARN ThreadId(20) hotstuff_runner::app: Node 1 view(2612) far exceeds block count (652); potential sync issue    
2026-08-07T04:36:58.979547Z  WARN ThreadId(20) hotstuff_runner::app: Node 1 [produce_block] queue size: 2, attempting up to 2 transactions this block    
2026-08-07T04:36:58.994761Z  WARN ThreadId(20) hotstuff_runner::app: Node 1 view(2616) far exceeds block count (653); potential sync issue    
2026-08-07T04:36:59.042379Z  WARN ThreadId(20) hotstuff_runner::app: Node 1 [produce_block] queue size: 0, attempting up to 0 transactions this block    
2026-08-07T04:36:59.046090Z  WARN ThreadId(20) hotstuff_runner::app: Node 1 view(2620) far exceeds block count (654); potential sync issue    
2026-08-07T04:36:59.111842Z  WARN ThreadId(20) hotstuff_runner::app: Node 1 [produce_block] queue size: 0, attempting up to 0 transactions this block    
2026-08-07T04:36:59.112493Z  WARN ThreadId(20) hotstuff_runner::app: Node 1 view(2624) far exceeds block count (655); potential sync issue    
2026-08-07T04:36:59.167863Z  WARN ThreadId(20) hotstuff_runner::app: Node 1 [produce_block] queue size: 2, attempting up to 2 transactions this block    
2026-08-07T04:36:59.168062Z  WARN ThreadId(20) hotstuff_runner::app: Node 1 view(2628) far exceeds block count (656); potential sync issue    
2026-08-07T04:36:59.251784Z  WARN ThreadId(20) hotstuff_runner::app: Node 1 [produce_block] queue size: 0, attempting up to 0 transactions this block    
2026-08-07T04:36:59.257517Z  WARN ThreadId(20) hotstuff_runner::app: Node 1 view(2632) far exceeds block count (657); potential sync issue    
2026-08-07T04:36:59.339496Z  WARN ThreadId(20) hotstuff_runner::app: Node 1 [produce_block] queue size: 0, attempting up to 0 transactions this block    
2026-08-07T04:36:59.341119Z  WARN ThreadId(20) hotstuff_runner::app: Node 1 view(2636) far exceeds block count (658); potential sync issue    
2026-08-07T04:36:59.394644Z  WARN ThreadId(20) hotstuff_runner::app: Node 1 [produce_block] queue size: 2, attempting up to 2 transactions this block    
2026-08-07T04:36:59.394770Z  WARN ThreadId(20) hotstuff_runner::app: Node 1 view(2640) far exceeds block count (659); potential sync issue    
2026-08-07T04:36:59.450181Z  WARN ThreadId(20) hotstuff_runner::app: Node 1 [produce_block] queue size: 0, attempting up to 0 transactions this block    
2026-08-07T04:36:59.450448Z  WARN ThreadId(20) hotstuff_runner::app: Node 1 view(2644) far exceeds block count (660); potential sync issue    
2026-08-07T04:36:59.507709Z  WARN ThreadId(20) hotstuff_runner::app: Node 1 [produce_block] queue size: 0, attempting up to 0 transactions this block    
2026-08-07T04:36:59.508446Z  WARN ThreadId(20) hotstuff_runner::app: Node 1 view(2648) far exceeds block count (661); potential sync issue    
2026-08-07T04:36:59.554311Z  WARN ThreadId(25) hotstuff_runner::smrol::network: ⚠️ [Check] Writer 1 -> 2 slow write: 18.29625ms
2026-08-07T04:36:59.594033Z  WARN ThreadId(20) hotstuff_runner::app: Node 1 [produce_block] queue size: 2, attempting up to 2 transactions this block    
2026-08-07T04:36:59.595324Z  WARN ThreadId(20) hotstuff_runner::app: Node 1 view(2652) far exceeds block count (662); potential sync issue    
2026-08-07T04:36:59.653949Z  WARN ThreadId(20) hotstuff_runner::app: Node 1 [produce_block] queue size: 0, attempting up to 0 transactions this block    
2026-08-07T04:36:59.655243Z  WARN ThreadId(20) hotstuff_runner::app: Node 1 view(2656) far exceeds block count (663); potential sync issue    
2026-08-07T04:36:59.699046Z  WARN ThreadId(20) hotstuff_runner::app: Node 1 [produce_block] queue size: 0, attempting up to 0 transactions this block    
2026-08-07T04:36:59.699198Z  WARN ThreadId(20) hotstuff_runner::app: Node 1 view(2660) far exceeds block count (664); potential sync issue    
2026-08-07T04:36:59.751681Z  WARN ThreadId(20) hotstuff_runner::app: Node 1 [produce_block] queue size: 0, attempting up to 0 transactions this block    
2026-08-07T04:36:59.751829Z  WARN ThreadId(20) hotstuff_runner::app: Node 1 view(2664) far exceeds block count (665); potential sync issue    
2026-08-07T04:36:59.826696Z  WARN ThreadId(20) hotstuff_runner::app: Node 1 [produce_block] queue size: 0, attempting up to 0 transactions this block    
2026-08-07T04:36:59.827292Z  WARN ThreadId(20) hotstuff_runner::app: Node 1 view(2668) far exceeds block count (666); potential sync issue    
2026-08-07T04:36:59.885120Z  WARN ThreadId(20) hotstuff_runner::app: Node 1 [produce_block] queue size: 0, attempting up to 0 transactions this block    
2026-08-07T04:36:59.886327Z  WARN ThreadId(20) hotstuff_runner::app: Node 1 view(2672) far exceeds block count (667); potential sync issue    
2026-08-07T04:36:59.975492Z  WARN ThreadId(20) hotstuff_runner::app: Node 1 [produce_block] queue size: 0, attempting up to 0 transactions this block    
2026-08-07T04:36:59.976647Z  WARN ThreadId(20) hotstuff_runner::app: Node 1 view(2676) far exceeds block count (668); potential sync issue    
2026-08-07T04:37:00.054546Z  WARN ThreadId(20) hotstuff_runner::app: Node 1 [produce_block] queue size: 2, attempting up to 2 transactions this block    
2026-08-07T04:37:00.057201Z  WARN ThreadId(20) hotstuff_runner::app: Node 1 view(2680) far exceeds block count (669); potential sync issue    
2026-08-07T04:37:00.134558Z  WARN ThreadId(20) hotstuff_runner::app: Node 1 [produce_block] queue size: 0, attempting up to 0 transactions this block    
2026-08-07T04:37:00.135745Z  WARN ThreadId(20) hotstuff_runner::app: Node 1 view(2684) far exceeds block count (670); potential sync issue    
2026-08-07T04:37:00.214582Z  WARN ThreadId(20) hotstuff_runner::app: Node 1 [produce_block] queue size: 2, attempting up to 2 transactions this block    
2026-08-07T04:37:00.215088Z  WARN ThreadId(20) hotstuff_runner::app: Node 1 view(2688) far exceeds block count (671); potential sync issue    
2026-08-07T04:37:00.275106Z  WARN ThreadId(20) hotstuff_runner::app: Node 1 [produce_block] queue size: 0, attempting up to 0 transactions this block    
2026-08-07T04:37:00.276684Z  WARN ThreadId(20) hotstuff_runner::app: Node 1 view(2692) far exceeds block count (672); potential sync issue    
2026-08-07T04:37:00.339923Z  WARN ThreadId(20) hotstuff_runner::app: Node 1 [produce_block] queue size: 0, attempting up to 0 transactions this block    
2026-08-07T04:37:00.342737Z  WARN ThreadId(20) hotstuff_runner::app: Node 1 view(2696) far exceeds block count (673); potential sync issue    
2026-08-07T04:37:00.400644Z  WARN ThreadId(20) hotstuff_runner::app: Node 1 [produce_block] queue size: 0, attempting up to 0 transactions this block    
2026-08-07T04:37:00.402510Z  WARN ThreadId(20) hotstuff_runner::app: Node 1 view(2700) far exceeds block count (674); potential sync issue    
2026-08-07T04:37:00.464017Z  WARN ThreadId(20) hotstuff_runner::app: Node 1 [produce_block] queue size: 0, attempting up to 0 transactions this block    
2026-08-07T04:37:00.471119Z  WARN ThreadId(20) hotstuff_runner::app: Node 1 view(2704) far exceeds block count (675); potential sync issue    
2026-08-07T04:37:00.539163Z  WARN ThreadId(20) hotstuff_runner::app: Node 1 [produce_block] queue size: 0, attempting up to 0 transactions this block    
2026-08-07T04:37:00.539827Z  WARN ThreadId(20) hotstuff_runner::app: Node 1 view(2708) far exceeds block count (676); potential sync issue    
2026-08-07T04:37:00.622345Z  WARN ThreadId(20) hotstuff_runner::app: Node 1 [produce_block] queue size: 2, attempting up to 2 transactions this block    
2026-08-07T04:37:00.622608Z  WARN ThreadId(20) hotstuff_runner::app: Node 1 view(2712) far exceeds block count (677); potential sync issue    
2026-08-07T04:37:00.677666Z  WARN ThreadId(20) hotstuff_runner::app: Node 1 [produce_block] queue size: 0, attempting up to 0 transactions this block    
2026-08-07T04:37:00.693700Z  WARN ThreadId(20) hotstuff_runner::app: Node 1 view(2716) far exceeds block count (678); potential sync issue    
2026-08-07T04:37:00.750325Z  WARN ThreadId(20) hotstuff_runner::app: Node 1 [produce_block] queue size: 0, attempting up to 0 transactions this block    
2026-08-07T04:37:00.751039Z  WARN ThreadId(20) hotstuff_runner::app: Node 1 view(2720) far exceeds block count (679); potential sync issue    
2026-08-07T04:37:00.818763Z  WARN ThreadId(20) hotstuff_runner::app: Node 1 [produce_block] queue size: 2, attempting up to 2 transactions this block    
2026-08-07T04:37:00.818964Z  WARN ThreadId(20) hotstuff_runner::app: Node 1 view(2724) far exceeds block count (680); potential sync issue    
2026-08-07T04:37:00.948260Z  WARN ThreadId(20) hotstuff_runner::app: Node 1 [produce_block] queue size: 0, attempting up to 0 transactions this block    
2026-08-07T04:37:00.949620Z  WARN ThreadId(20) hotstuff_runner::app: Node 1 view(2728) far exceeds block count (681); potential sync issue    
2026-08-07T04:37:00.967709Z  WARN ThreadId(06) docker_node:   Connection reuse ineffective (2.0 msg/conn)
2026-08-07T04:37:01.259657Z  WARN ThreadId(20) hotstuff_runner::app: Node 1 [produce_block] queue size: 2, attempting up to 2 transactions this block    
2026-08-07T04:37:01.260598Z  WARN ThreadId(20) hotstuff_runner::app: Node 1 view(2732) far exceeds block count (682); potential sync issue    
2026-08-07T04:37:01.309610Z  WARN ThreadId(20) hotstuff_runner::app: Node 1 [produce_block] queue size: 0, attempting up to 0 transactions this block    
2026-08-07T04:37:01.309819Z  WARN ThreadId(20) hotstuff_runner::app: Node 1 view(2736) far exceeds block count (683); potential sync issue    
2026-08-07T04:37:01.372056Z  WARN ThreadId(20) hotstuff_runner::app: Node 1 [produce_block] queue size: 2, attempting up to 2 transactions this block    
2026-08-07T04:37:01.372215Z  WARN ThreadId(20) hotstuff_runner::app: Node 1 view(2740) far exceeds block count (684); potential sync issue    
2026-08-07T04:37:01.420753Z  WARN ThreadId(20) hotstuff_runner::app: Node 1 [produce_block] queue size: 0, attempting up to 0 transactions this block    
2026-08-07T04:37:01.421213Z  WARN ThreadId(20) hotstuff_runner::app: Node 1 view(2744) far exceeds block count (685); potential sync issue    
2026-08-07T04:37:01.467404Z  WARN ThreadId(20) hotstuff_runner::app: Node 1 [produce_block] queue size: 0, attempting up to 0 transactions this block    
2026-08-07T04:37:01.467580Z  WARN ThreadId(20) hotstuff_runner::app: Node 1 view(2748) far exceeds block count (686); potential sync issue    
2026-08-07T04:37:01.506684Z  WARN ThreadId(20) hotstuff_runner::app: Node 1 [produce_block] queue size: 0, attempting up to 0 transactions this block    
2026-08-07T04:37:01.507163Z  WARN ThreadId(20) hotstuff_runner::app: Node 1 view(2752) far exceeds block count (687); potential sync issue    
2026-08-07T04:37:01.580475Z  WARN ThreadId(20) hotstuff_runner::app: Node 1 [produce_block] queue size: 0, attempting up to 0 transactions this block    
2026-08-07T04:37:01.585082Z  WARN ThreadId(20) hotstuff_runner::app: Node 1 view(2756) far exceeds block count (688); potential sync issue    
2026-08-07T04:37:01.634641Z  WARN ThreadId(20) hotstuff_runner::app: Node 1 [produce_block] queue size: 2, attempting up to 2 transactions this block    
2026-08-07T04:37:01.634949Z  WARN ThreadId(20) hotstuff_runner::app: Node 1 view(2760) far exceeds block count (689); potential sync issue    
2026-08-07T04:37:01.679361Z  WARN ThreadId(20) hotstuff_runner::app: Node 1 [produce_block] queue size: 0, attempting up to 0 transactions this block    
2026-08-07T04:37:01.680676Z  WARN ThreadId(20) hotstuff_runner::app: Node 1 view(2764) far exceeds block count (690); potential sync issue    
2026-08-07T04:37:01.729113Z  WARN ThreadId(20) hotstuff_runner::app: Node 1 [produce_block] queue size: 0, attempting up to 0 transactions this block    
2026-08-07T04:37:01.731862Z  WARN ThreadId(20) hotstuff_runner::app: Node 1 view(2768) far exceeds block count (691); potential sync issue    
2026-08-07T04:37:01.772670Z  WARN ThreadId(20) hotstuff_runner::app: Node 1 [produce_block] queue size: 0, attempting up to 0 transactions this block    
2026-08-07T04:37:01.774172Z  WARN ThreadId(20) hotstuff_runner::app: Node 1 view(2772) far exceeds block count (692); potential sync issue    
2026-08-07T04:37:01.852057Z  WARN ThreadId(26) hotstuff_runner::smrol::network: ⚠️ [Check] Writer 1 -> 2 slow write: 43.600208ms
2026-08-07T04:37:01.855159Z  WARN ThreadId(20) hotstuff_runner::app: Node 1 [produce_block] queue size: 2, attempting up to 2 transactions this block    
2026-08-07T04:37:01.859594Z  WARN ThreadId(20) hotstuff_runner::app: Node 1 view(2776) far exceeds block count (693); potential sync issue    
2026-08-07T04:37:01.928322Z  WARN ThreadId(20) hotstuff_runner::app: Node 1 [produce_block] queue size: 0, attempting up to 0 transactions this block    
2026-08-07T04:37:01.934988Z  WARN ThreadId(20) hotstuff_runner::app: Node 1 view(2780) far exceeds block count (694); potential sync issue    
2026-08-07T04:37:02.022133Z  WARN ThreadId(20) hotstuff_runner::app: Node 1 [produce_block] queue size: 0, attempting up to 0 transactions this block    
2026-08-07T04:37:02.022354Z  WARN ThreadId(20) hotstuff_runner::app: Node 1 view(2784) far exceeds block count (695); potential sync issue    
2026-08-07T04:37:02.164325Z  WARN ThreadId(20) hotstuff_runner::app: Node 1 [produce_block] queue size: 2, attempting up to 2 transactions this block    
2026-08-07T04:37:02.165722Z  WARN ThreadId(20) hotstuff_runner::app: Node 1 view(2788) far exceeds block count (696); potential sync issue    
2026-08-07T04:37:02.265306Z  WARN ThreadId(20) hotstuff_runner::app: Node 1 [produce_block] queue size: 2, attempting up to 2 transactions this block    
2026-08-07T04:37:02.266493Z  WARN ThreadId(20) hotstuff_runner::app: Node 1 view(2792) far exceeds block count (697); potential sync issue    
2026-08-07T04:37:02.338487Z  WARN ThreadId(20) hotstuff_runner::app: Node 1 [produce_block] queue size: 0, attempting up to 0 transactions this block    
2026-08-07T04:37:02.346690Z  WARN ThreadId(20) hotstuff_runner::app: Node 1 view(2796) far exceeds block count (698); potential sync issue    
2026-08-07T04:37:02.477874Z  WARN ThreadId(20) hotstuff_runner::app: Node 1 [produce_block] queue size: 2, attempting up to 2 transactions this block    
2026-08-07T04:37:02.482065Z  WARN ThreadId(20) hotstuff_runner::app: Node 1 view(2800) far exceeds block count (699); potential sync issue    
2026-08-07T04:37:02.561078Z  WARN ThreadId(20) hotstuff_runner::app: Node 1 [produce_block] queue size: 0, attempting up to 0 transactions this block    
2026-08-07T04:37:02.562196Z  WARN ThreadId(20) hotstuff_runner::app: Node 1 view(2804) far exceeds block count (700); potential sync issue    
2026-08-07T04:37:02.649447Z  WARN ThreadId(20) hotstuff_runner::app: Node 1 [produce_block] queue size: 2, attempting up to 2 transactions this block    
2026-08-07T04:37:02.650286Z  WARN ThreadId(20) hotstuff_runner::app: Node 1 view(2808) far exceeds block count (701); potential sync issue    
2026-08-07T04:37:02.724734Z  WARN ThreadId(20) hotstuff_runner::app: Node 1 [produce_block] queue size: 0, attempting up to 0 transactions this block    
2026-08-07T04:37:02.728729Z  WARN ThreadId(20) hotstuff_runner::app: Node 1 view(2812) far exceeds block count (702); potential sync issue    
2026-08-07T04:37:02.839015Z  WARN ThreadId(20) hotstuff_runner::app: Node 1 [produce_block] queue size: 2, attempting up to 2 transactions this block    
2026-08-07T04:37:02.840676Z  WARN ThreadId(20) hotstuff_runner::app: Node 1 view(2816) far exceeds block count (703); potential sync issue    
2026-08-07T04:37:02.896413Z  WARN ThreadId(20) hotstuff_runner::app: Node 1 [produce_block] queue size: 0, attempting up to 0 transactions this block    
2026-08-07T04:37:02.897342Z  WARN ThreadId(20) hotstuff_runner::app: Node 1 view(2820) far exceeds block count (704); potential sync issue    
2026-08-07T04:37:02.947576Z  WARN ThreadId(20) hotstuff_runner::app: Node 1 [produce_block] queue size: 0, attempting up to 0 transactions this block    
2026-08-07T04:37:02.953638Z  WARN ThreadId(20) hotstuff_runner::app: Node 1 view(2824) far exceeds block count (705); potential sync issue    
2026-08-07T04:37:03.073175Z  WARN ThreadId(20) hotstuff_runner::app: Node 1 [produce_block] queue size: 2, attempting up to 2 transactions this block    
2026-08-07T04:37:03.073906Z  WARN ThreadId(20) hotstuff_runner::app: Node 1 view(2828) far exceeds block count (706); potential sync issue    
2026-08-07T04:37:03.159695Z  WARN ThreadId(20) hotstuff_runner::app: Node 1 [produce_block] queue size: 0, attempting up to 0 transactions this block    
2026-08-07T04:37:03.162551Z  WARN ThreadId(20) hotstuff_runner::app: Node 1 view(2832) far exceeds block count (707); potential sync issue    
2026-08-07T04:37:03.234969Z  WARN ThreadId(26) hotstuff_runner::smrol::network: ⚠️ [Check] Writer 1 -> 0 slow write: 5.579334ms
2026-08-07T04:37:03.268644Z  WARN ThreadId(20) hotstuff_runner::app: Node 1 [produce_block] queue size: 0, attempting up to 0 transactions this block    
2026-08-07T04:37:03.271903Z  WARN ThreadId(20) hotstuff_runner::app: Node 1 view(2836) far exceeds block count (708); potential sync issue    
2026-08-07T04:37:03.336510Z  WARN ThreadId(20) hotstuff_runner::app: Node 1 [produce_block] queue size: 0, attempting up to 0 transactions this block    
2026-08-07T04:37:03.336653Z  WARN ThreadId(20) hotstuff_runner::app: Node 1 view(2840) far exceeds block count (709); potential sync issue    
2026-08-07T04:37:03.406651Z  WARN ThreadId(20) hotstuff_runner::app: Node 1 [produce_block] queue size: 0, attempting up to 0 transactions this block    
2026-08-07T04:37:03.409232Z  WARN ThreadId(20) hotstuff_runner::app: Node 1 view(2844) far exceeds block count (710); potential sync issue    
2026-08-07T04:37:03.528428Z  WARN ThreadId(20) hotstuff_runner::app: Node 1 [produce_block] queue size: 2, attempting up to 2 transactions this block    
2026-08-07T04:37:03.528916Z  WARN ThreadId(20) hotstuff_runner::app: Node 1 view(2848) far exceeds block count (711); potential sync issue    
2026-08-07T04:37:03.633201Z  WARN ThreadId(20) hotstuff_runner::app: Node 1 [produce_block] queue size: 0, attempting up to 0 transactions this block    
2026-08-07T04:37:03.636997Z  WARN ThreadId(20) hotstuff_runner::app: Node 1 view(2852) far exceeds block count (712); potential sync issue    
2026-08-07T04:37:03.693377Z  WARN ThreadId(20) hotstuff_runner::app: Node 1 [produce_block] queue size: 2, attempting up to 2 transactions this block    
2026-08-07T04:37:03.694416Z  WARN ThreadId(20) hotstuff_runner::app: Node 1 view(2856) far exceeds block count (713); potential sync issue    
2026-08-07T04:37:03.735117Z  WARN ThreadId(20) hotstuff_runner::app: Node 1 [produce_block] queue size: 0, attempting up to 0 transactions this block    
2026-08-07T04:37:03.739632Z  WARN ThreadId(20) hotstuff_runner::app: Node 1 view(2860) far exceeds block count (714); potential sync issue    
2026-08-07T04:37:03.793253Z  WARN ThreadId(20) hotstuff_runner::app: Node 1 [produce_block] queue size: 0, attempting up to 0 transactions this block    
2026-08-07T04:37:03.805491Z  WARN ThreadId(20) hotstuff_runner::app: Node 1 view(2864) far exceeds block count (715); potential sync issue    
2026-08-07T04:37:03.876945Z  WARN ThreadId(20) hotstuff_runner::app: Node 1 [produce_block] queue size: 0, attempting up to 0 transactions this block    
2026-08-07T04:37:03.877161Z  WARN ThreadId(20) hotstuff_runner::app: Node 1 view(2868) far exceeds block count (716); potential sync issue    
2026-08-07T04:37:03.982471Z  WARN ThreadId(20) hotstuff_runner::app: Node 1 [produce_block] queue size: 2, attempting up to 2 transactions this block    
2026-08-07T04:37:03.984889Z  WARN ThreadId(20) hotstuff_runner::app: Node 1 view(2872) far exceeds block count (717); potential sync issue    
2026-08-07T04:37:04.073861Z  WARN ThreadId(20) hotstuff_runner::app: Node 1 [produce_block] queue size: 0, attempting up to 0 transactions this block    
2026-08-07T04:37:04.074415Z  WARN ThreadId(20) hotstuff_runner::app: Node 1 view(2876) far exceeds block count (718); potential sync issue    
2026-08-07T04:37:04.187479Z  WARN ThreadId(20) hotstuff_runner::app: Node 1 [produce_block] queue size: 2, attempting up to 2 transactions this block    
2026-08-07T04:37:04.188113Z  WARN ThreadId(20) hotstuff_runner::app: Node 1 view(2880) far exceeds block count (719); potential sync issue    
2026-08-07T04:37:04.277738Z  WARN ThreadId(20) hotstuff_runner::app: Node 1 [produce_block] queue size: 0, attempting up to 0 transactions this block    
2026-08-07T04:37:04.278618Z  WARN ThreadId(20) hotstuff_runner::app: Node 1 view(2884) far exceeds block count (720); potential sync issue    
2026-08-07T04:37:04.385190Z  WARN ThreadId(20) hotstuff_runner::app: Node 1 [produce_block] queue size: 2, attempting up to 2 transactions this block    
2026-08-07T04:37:04.387287Z  WARN ThreadId(20) hotstuff_runner::app: Node 1 view(2888) far exceeds block count (721); potential sync issue    
2026-08-07T04:37:04.462984Z  WARN ThreadId(20) hotstuff_runner::app: Node 1 [produce_block] queue size: 0, attempting up to 0 transactions this block    
2026-08-07T04:37:04.463310Z  WARN ThreadId(20) hotstuff_runner::app: Node 1 view(2892) far exceeds block count (722); potential sync issue    
2026-08-07T04:37:04.524355Z  WARN ThreadId(20) hotstuff_runner::app: Node 1 [produce_block] queue size: 2, attempting up to 2 transactions this block    
2026-08-07T04:37:04.524484Z  WARN ThreadId(20) hotstuff_runner::app: Node 1 view(2896) far exceeds block count (723); potential sync issue    
2026-08-07T04:37:04.570655Z  WARN ThreadId(20) hotstuff_runner::app: Node 1 [produce_block] queue size: 0, attempting up to 0 transactions this block    
2026-08-07T04:37:04.571882Z  WARN ThreadId(20) hotstuff_runner::app: Node 1 view(2900) far exceeds block count (724); potential sync issue    
2026-08-07T04:37:04.626285Z  WARN ThreadId(20) hotstuff_runner::app: Node 1 [produce_block] queue size: 0, attempting up to 0 transactions this block    
2026-08-07T04:37:04.630607Z  WARN ThreadId(20) hotstuff_runner::app: Node 1 view(2904) far exceeds block count (725); potential sync issue    
2026-08-07T04:37:04.682435Z  WARN ThreadId(20) hotstuff_runner::app: Node 1 [produce_block] queue size: 0, attempting up to 0 transactions this block    
2026-08-07T04:37:04.687970Z  WARN ThreadId(20) hotstuff_runner::app: Node 1 view(2908) far exceeds block count (726); potential sync issue    
2026-08-07T04:37:04.762810Z  WARN ThreadId(20) hotstuff_runner::app: Node 1 [produce_block] queue size: 2, attempting up to 2 transactions this block    
2026-08-07T04:37:04.763715Z  WARN ThreadId(20) hotstuff_runner::app: Node 1 view(2912) far exceeds block count (727); potential sync issue    
2026-08-07T04:37:04.848805Z  WARN ThreadId(20) hotstuff_runner::app: Node 1 [produce_block] queue size: 0, attempting up to 0 transactions this block    
2026-08-07T04:37:04.851232Z  WARN ThreadId(20) hotstuff_runner::app: Node 1 view(2916) far exceeds block count (728); potential sync issue    
2026-08-07T04:37:04.967653Z  WARN ThreadId(20) hotstuff_runner::app: Node 1 [produce_block] queue size: 2, attempting up to 2 transactions this block    
2026-08-07T04:37:04.968014Z  WARN ThreadId(20) hotstuff_runner::app: Node 1 view(2920) far exceeds block count (729); potential sync issue    
2026-08-07T04:37:05.064644Z  WARN ThreadId(20) hotstuff_runner::app: Node 1 [produce_block] queue size: 0, attempting up to 0 transactions this block    
2026-08-07T04:37:05.066562Z  WARN ThreadId(20) hotstuff_runner::app: Node 1 view(2924) far exceeds block count (730); potential sync issue    
2026-08-07T04:37:05.138874Z  WARN ThreadId(20) hotstuff_runner::app: Node 1 [produce_block] queue size: 0, attempting up to 0 transactions this block    
2026-08-07T04:37:05.142092Z  WARN ThreadId(20) hotstuff_runner::app: Node 1 view(2928) far exceeds block count (731); potential sync issue    
2026-08-07T04:37:05.223920Z  WARN ThreadId(20) hotstuff_runner::app: Node 1 [produce_block] queue size: 2, attempting up to 2 transactions this block    
2026-08-07T04:37:05.224308Z  WARN ThreadId(20) hotstuff_runner::app: Node 1 view(2932) far exceeds block count (732); potential sync issue    
2026-08-07T04:37:05.281965Z  WARN ThreadId(20) hotstuff_runner::app: Node 1 [produce_block] queue size: 0, attempting up to 0 transactions this block    
2026-08-07T04:37:05.283688Z  WARN ThreadId(20) hotstuff_runner::app: Node 1 view(2936) far exceeds block count (733); potential sync issue    
2026-08-07T04:37:05.366164Z  WARN ThreadId(20) hotstuff_runner::app: Node 1 [produce_block] queue size: 0, attempting up to 0 transactions this block    
2026-08-07T04:37:05.368056Z  WARN ThreadId(20) hotstuff_runner::app: Node 1 view(2940) far exceeds block count (734); potential sync issue    
2026-08-07T04:37:05.505410Z  WARN ThreadId(20) hotstuff_runner::app: Node 1 [produce_block] queue size: 2, attempting up to 2 transactions this block    
2026-08-07T04:37:05.506750Z  WARN ThreadId(20) hotstuff_runner::app: Node 1 view(2944) far exceeds block count (735); potential sync issue    
2026-08-07T04:37:05.600448Z  WARN ThreadId(20) hotstuff_runner::app: Node 1 [produce_block] queue size: 2, attempting up to 2 transactions this block    
2026-08-07T04:37:05.602018Z  WARN ThreadId(20) hotstuff_runner::app: Node 1 view(2948) far exceeds block count (736); potential sync issue    
2026-08-07T04:37:05.672342Z  WARN ThreadId(20) hotstuff_runner::app: Node 1 [produce_block] queue size: 0, attempting up to 0 transactions this block    
2026-08-07T04:37:05.675654Z  WARN ThreadId(20) hotstuff_runner::app: Node 1 view(2952) far exceeds block count (737); potential sync issue    
2026-08-07T04:37:05.718649Z  WARN ThreadId(20) hotstuff_runner::app: Node 1 [produce_block] queue size: 0, attempting up to 0 transactions this block    
2026-08-07T04:37:05.720676Z  WARN ThreadId(20) hotstuff_runner::app: Node 1 view(2956) far exceeds block count (738); potential sync issue    
2026-08-07T04:37:05.788403Z  WARN ThreadId(20) hotstuff_runner::app: Node 1 [produce_block] queue size: 2, attempting up to 2 transactions this block    
2026-08-07T04:37:05.788532Z  WARN ThreadId(20) hotstuff_runner::app: Node 1 view(2960) far exceeds block count (739); potential sync issue    
2026-08-07T04:37:05.853364Z  WARN ThreadId(20) hotstuff_runner::app: Node 1 [produce_block] queue size: 0, attempting up to 0 transactions this block    
2026-08-07T04:37:05.854559Z  WARN ThreadId(20) hotstuff_runner::app: Node 1 view(2964) far exceeds block count (740); potential sync issue    
2026-08-07T04:37:05.904049Z  WARN ThreadId(20) hotstuff_runner::app: Node 1 [produce_block] queue size: 0, attempting up to 0 transactions this block    
2026-08-07T04:37:05.904831Z  WARN ThreadId(20) hotstuff_runner::app: Node 1 view(2968) far exceeds block count (741); potential sync issue    
2026-08-07T04:37:05.968595Z  WARN ThreadId(04) docker_node:   Connection reuse ineffective (2.0 msg/conn)
2026-08-07T04:37:05.981612Z  WARN ThreadId(20) hotstuff_runner::app: Node 1 [produce_block] queue size: 2, attempting up to 2 transactions this block    
2026-08-07T04:37:05.981919Z  WARN ThreadId(20) hotstuff_runner::app: Node 1 view(2972) far exceeds block count (742); potential sync issue    
2026-08-07T04:37:06.048769Z  WARN ThreadId(20) hotstuff_runner::app: Node 1 [produce_block] queue size: 0, attempting up to 0 transactions this block    
2026-08-07T04:37:06.053633Z  WARN ThreadId(20) hotstuff_runner::app: Node 1 view(2976) far exceeds block count (743); potential sync issue    
2026-08-07T04:37:06.128501Z  WARN ThreadId(20) hotstuff_runner::app: Node 1 [produce_block] queue size: 0, attempting up to 0 transactions this block    
2026-08-07T04:37:06.128985Z  WARN ThreadId(20) hotstuff_runner::app: Node 1 view(2980) far exceeds block count (744); potential sync issue    
2026-08-07T04:37:06.215288Z  WARN ThreadId(20) hotstuff_runner::app: Node 1 [produce_block] queue size: 2, attempting up to 2 transactions this block    
2026-08-07T04:37:06.217001Z  WARN ThreadId(20) hotstuff_runner::app: Node 1 view(2984) far exceeds block count (745); potential sync issue    
2026-08-07T04:37:06.276320Z  WARN ThreadId(20) hotstuff_runner::app: Node 1 [produce_block] queue size: 0, attempting up to 0 transactions this block    
2026-08-07T04:37:06.278911Z  WARN ThreadId(20) hotstuff_runner::app: Node 1 view(2988) far exceeds block count (746); potential sync issue    
2026-08-07T04:37:06.340919Z  WARN ThreadId(20) hotstuff_runner::app: Node 1 [produce_block] queue size: 0, attempting up to 0 transactions this block    
2026-08-07T04:37:06.341314Z  WARN ThreadId(20) hotstuff_runner::app: Node 1 view(2992) far exceeds block count (747); potential sync issue    
2026-08-07T04:37:06.423532Z  WARN ThreadId(20) hotstuff_runner::app: Node 1 [produce_block] queue size: 2, attempting up to 2 transactions this block    
2026-08-07T04:37:06.424773Z  WARN ThreadId(20) hotstuff_runner::app: Node 1 view(2996) far exceeds block count (748); potential sync issue    
2026-08-07T04:37:06.472472Z  WARN ThreadId(20) hotstuff_runner::app: Node 1 [produce_block] queue size: 0, attempting up to 0 transactions this block    
2026-08-07T04:37:06.472671Z  WARN ThreadId(20) hotstuff_runner::app: Node 1 view(3000) far exceeds block count (749); potential sync issue    
2026-08-07T04:37:06.509317Z  WARN ThreadId(20) hotstuff_runner::app: Node 1 [produce_block] queue size: 0, attempting up to 0 transactions this block    
2026-08-07T04:37:06.509549Z  WARN ThreadId(20) hotstuff_runner::app: Node 1 view(3004) far exceeds block count (750); potential sync issue    
2026-08-07T04:37:06.593282Z  WARN ThreadId(20) hotstuff_runner::app: Node 1 [produce_block] queue size: 2, attempting up to 2 transactions this block    
2026-08-07T04:37:06.600218Z  WARN ThreadId(20) hotstuff_runner::app: Node 1 view(3008) far exceeds block count (751); potential sync issue    
2026-08-07T04:37:06.684368Z  WARN ThreadId(20) hotstuff_runner::app: Node 1 [produce_block] queue size: 0, attempting up to 0 transactions this block    
2026-08-07T04:37:06.688389Z  WARN ThreadId(20) hotstuff_runner::app: Node 1 view(3012) far exceeds block count (752); potential sync issue    
2026-08-07T04:37:06.742468Z  WARN ThreadId(20) hotstuff_runner::app: Node 1 [produce_block] queue size: 0, attempting up to 0 transactions this block    
2026-08-07T04:37:06.743647Z  WARN ThreadId(20) hotstuff_runner::app: Node 1 view(3016) far exceeds block count (753); potential sync issue    
2026-08-07T04:37:06.791605Z  WARN ThreadId(20) hotstuff_runner::app: Node 1 [produce_block] queue size: 0, attempting up to 0 transactions this block    
2026-08-07T04:37:06.792012Z  WARN ThreadId(20) hotstuff_runner::app: Node 1 view(3020) far exceeds block count (754); potential sync issue    
2026-08-07T04:37:06.838031Z  WARN ThreadId(20) hotstuff_runner::app: Node 1 [produce_block] queue size: 2, attempting up to 2 transactions this block    
2026-08-07T04:37:06.838621Z  WARN ThreadId(20) hotstuff_runner::app: Node 1 view(3024) far exceeds block count (755); potential sync issue    
2026-08-07T04:37:06.906248Z  WARN ThreadId(20) hotstuff_runner::app: Node 1 [produce_block] queue size: 0, attempting up to 0 transactions this block    
2026-08-07T04:37:06.906369Z  WARN ThreadId(20) hotstuff_runner::app: Node 1 view(3028) far exceeds block count (756); potential sync issue    
2026-08-07T04:37:06.965989Z  WARN ThreadId(20) hotstuff_runner::app: Node 1 [produce_block] queue size: 0, attempting up to 0 transactions this block    
2026-08-07T04:37:06.968017Z  WARN ThreadId(20) hotstuff_runner::app: Node 1 view(3032) far exceeds block count (757); potential sync issue    
2026-08-07T04:37:07.033370Z  WARN ThreadId(20) hotstuff_runner::app: Node 1 [produce_block] queue size: 2, attempting up to 2 transactions this block    
2026-08-07T04:37:07.034117Z  WARN ThreadId(20) hotstuff_runner::app: Node 1 view(3036) far exceeds block count (758); potential sync issue    
2026-08-07T04:37:07.091112Z  WARN ThreadId(20) hotstuff_runner::app: Node 1 [produce_block] queue size: 0, attempting up to 0 transactions this block    
2026-08-07T04:37:07.091689Z  WARN ThreadId(20) hotstuff_runner::app: Node 1 view(3040) far exceeds block count (759); potential sync issue    
2026-08-07T04:37:07.144674Z  WARN ThreadId(20) hotstuff_runner::app: Node 1 [produce_block] queue size: 0, attempting up to 0 transactions this block    
2026-08-07T04:37:07.146675Z  WARN ThreadId(20) hotstuff_runner::app: Node 1 view(3044) far exceeds block count (760); potential sync issue    
2026-08-07T04:37:07.223869Z  WARN ThreadId(20) hotstuff_runner::app: Node 1 [produce_block] queue size: 2, attempting up to 2 transactions this block    
2026-08-07T04:37:07.225940Z  WARN ThreadId(20) hotstuff_runner::app: Node 1 view(3048) far exceeds block count (761); potential sync issue    
2026-08-07T04:37:07.328713Z  WARN ThreadId(20) hotstuff_runner::app: Node 1 [produce_block] queue size: 0, attempting up to 0 transactions this block    
2026-08-07T04:37:07.329155Z  WARN ThreadId(20) hotstuff_runner::app: Node 1 view(3052) far exceeds block count (762); potential sync issue    
2026-08-07T04:37:07.377921Z  WARN ThreadId(20) hotstuff_runner::app: Node 1 [produce_block] queue size: 2, attempting up to 2 transactions this block    
2026-08-07T04:37:07.378275Z  WARN ThreadId(20) hotstuff_runner::app: Node 1 view(3056) far exceeds block count (763); potential sync issue    
2026-08-07T04:37:07.453931Z  WARN ThreadId(20) hotstuff_runner::app: Node 1 [produce_block] queue size: 0, attempting up to 0 transactions this block    
2026-08-07T04:37:07.456046Z  WARN ThreadId(20) hotstuff_runner::app: Node 1 view(3060) far exceeds block count (764); potential sync issue    
2026-08-07T04:37:07.520690Z  WARN ThreadId(20) hotstuff_runner::app: Node 1 [produce_block] queue size: 0, attempting up to 0 transactions this block    
2026-08-07T04:37:07.520855Z  WARN ThreadId(20) hotstuff_runner::app: Node 1 view(3064) far exceeds block count (765); potential sync issue    
2026-08-07T04:37:07.573610Z  WARN ThreadId(20) hotstuff_runner::app: Node 1 [produce_block] queue size: 0, attempting up to 0 transactions this block    
2026-08-07T04:37:07.574552Z  WARN ThreadId(20) hotstuff_runner::app: Node 1 view(3068) far exceeds block count (766); potential sync issue    
2026-08-07T04:37:07.618589Z  WARN ThreadId(20) hotstuff_runner::app: Node 1 [produce_block] queue size: 2, attempting up to 2 transactions this block    
2026-08-07T04:37:07.618923Z  WARN ThreadId(20) hotstuff_runner::app: Node 1 view(3072) far exceeds block count (767); potential sync issue    
2026-08-07T04:37:07.667604Z  WARN ThreadId(20) hotstuff_runner::app: Node 1 [produce_block] queue size: 0, attempting up to 0 transactions this block    
2026-08-07T04:37:07.667870Z  WARN ThreadId(20) hotstuff_runner::app: Node 1 view(3076) far exceeds block count (768); potential sync issue    
2026-08-07T04:37:07.725125Z  WARN ThreadId(20) hotstuff_runner::app: Node 1 [produce_block] queue size: 0, attempting up to 0 transactions this block    
2026-08-07T04:37:07.726506Z  WARN ThreadId(20) hotstuff_runner::app: Node 1 view(3080) far exceeds block count (769); potential sync issue    
2026-08-07T04:37:07.811612Z  WARN ThreadId(20) hotstuff_runner::app: Node 1 [produce_block] queue size: 2, attempting up to 2 transactions this block    
2026-08-07T04:37:07.812887Z  WARN ThreadId(20) hotstuff_runner::app: Node 1 view(3084) far exceeds block count (770); potential sync issue    
2026-08-07T04:37:07.860573Z  WARN ThreadId(20) hotstuff_runner::app: Node 1 [produce_block] queue size: 0, attempting up to 0 transactions this block    
2026-08-07T04:37:07.861094Z  WARN ThreadId(20) hotstuff_runner::app: Node 1 view(3088) far exceeds block count (771); potential sync issue    
2026-08-07T04:37:07.904145Z  WARN ThreadId(20) hotstuff_runner::app: Node 1 [produce_block] queue size: 0, attempting up to 0 transactions this block    
2026-08-07T04:37:07.904680Z  WARN ThreadId(20) hotstuff_runner::app: Node 1 view(3092) far exceeds block count (772); potential sync issue    
2026-08-07T04:37:07.967751Z  WARN ThreadId(20) hotstuff_runner::app: Node 1 [produce_block] queue size: 2, attempting up to 2 transactions this block    
2026-08-07T04:37:07.971136Z  WARN ThreadId(20) hotstuff_runner::app: Node 1 view(3096) far exceeds block count (773); potential sync issue    
2026-08-07T04:37:08.031306Z  WARN ThreadId(20) hotstuff_runner::app: Node 1 [produce_block] queue size: 0, attempting up to 0 transactions this block    
2026-08-07T04:37:08.032171Z  WARN ThreadId(20) hotstuff_runner::app: Node 1 view(3100) far exceeds block count (774); potential sync issue    
2026-08-07T04:37:08.097547Z  WARN ThreadId(20) hotstuff_runner::app: Node 1 [produce_block] queue size: 0, attempting up to 0 transactions this block    
2026-08-07T04:37:08.099030Z  WARN ThreadId(20) hotstuff_runner::app: Node 1 view(3104) far exceeds block count (775); potential sync issue    
2026-08-07T04:37:08.193217Z  WARN ThreadId(20) hotstuff_runner::app: Node 1 [produce_block] queue size: 2, attempting up to 2 transactions this block    
2026-08-07T04:37:08.195762Z  WARN ThreadId(20) hotstuff_runner::app: Node 1 view(3108) far exceeds block count (776); potential sync issue    
2026-08-07T04:37:08.234303Z  WARN ThreadId(20) hotstuff_runner::app: Node 1 [produce_block] queue size: 0, attempting up to 0 transactions this block    
2026-08-07T04:37:08.234940Z  WARN ThreadId(20) hotstuff_runner::app: Node 1 view(3112) far exceeds block count (777); potential sync issue    
2026-08-07T04:37:08.284996Z  WARN ThreadId(20) hotstuff_runner::app: Node 1 [produce_block] queue size: 0, attempting up to 0 transactions this block    
2026-08-07T04:37:08.285960Z  WARN ThreadId(20) hotstuff_runner::app: Node 1 view(3116) far exceeds block count (778); potential sync issue    
2026-08-07T04:37:08.364557Z  WARN ThreadId(20) hotstuff_runner::app: Node 1 [produce_block] queue size: 2, attempting up to 2 transactions this block    
2026-08-07T04:37:08.364714Z  WARN ThreadId(20) hotstuff_runner::app: Node 1 view(3120) far exceeds block count (779); potential sync issue    
2026-08-07T04:37:08.422600Z  WARN ThreadId(20) hotstuff_runner::app: Node 1 [produce_block] queue size: 0, attempting up to 0 transactions this block    
2026-08-07T04:37:08.424344Z  WARN ThreadId(20) hotstuff_runner::app: Node 1 view(3124) far exceeds block count (780); potential sync issue    
2026-08-07T04:37:08.499378Z  WARN ThreadId(20) hotstuff_runner::app: Node 1 [produce_block] queue size: 0, attempting up to 0 transactions this block    
2026-08-07T04:37:08.501102Z  WARN ThreadId(20) hotstuff_runner::app: Node 1 view(3128) far exceeds block count (781); potential sync issue    
2026-08-07T04:37:08.582717Z  WARN ThreadId(20) hotstuff_runner::app: Node 1 [produce_block] queue size: 2, attempting up to 2 transactions this block    
2026-08-07T04:37:08.584555Z  WARN ThreadId(20) hotstuff_runner::app: Node 1 view(3132) far exceeds block count (782); potential sync issue    
2026-08-07T04:37:08.649655Z  WARN ThreadId(20) hotstuff_runner::app: Node 1 [produce_block] queue size: 0, attempting up to 0 transactions this block    
2026-08-07T04:37:08.650142Z  WARN ThreadId(20) hotstuff_runner::app: Node 1 view(3136) far exceeds block count (783); potential sync issue    
2026-08-07T04:37:08.739723Z  WARN ThreadId(20) hotstuff_runner::app: Node 1 [produce_block] queue size: 2, attempting up to 2 transactions this block    
2026-08-07T04:37:08.740143Z  WARN ThreadId(20) hotstuff_runner::app: Node 1 view(3140) far exceeds block count (784); potential sync issue    
2026-08-07T04:37:08.832020Z  WARN ThreadId(20) hotstuff_runner::app: Node 1 [produce_block] queue size: 0, attempting up to 0 transactions this block    
2026-08-07T04:37:08.832914Z  WARN ThreadId(20) hotstuff_runner::app: Node 1 view(3144) far exceeds block count (785); potential sync issue    
2026-08-07T04:37:08.909599Z  WARN ThreadId(20) hotstuff_runner::app: Node 1 [produce_block] queue size: 2, attempting up to 2 transactions this block    
2026-08-07T04:37:08.911356Z  WARN ThreadId(20) hotstuff_runner::app: Node 1 view(3148) far exceeds block count (786); potential sync issue    
2026-08-07T04:37:09.009600Z  WARN ThreadId(20) hotstuff_runner::app: Node 1 [produce_block] queue size: 0, attempting up to 0 transactions this block    
2026-08-07T04:37:09.013578Z  WARN ThreadId(20) hotstuff_runner::app: Node 1 view(3152) far exceeds block count (787); potential sync issue    
2026-08-07T04:37:09.085771Z  WARN ThreadId(20) hotstuff_runner::app: Node 1 [produce_block] queue size: 0, attempting up to 0 transactions this block    
2026-08-07T04:37:09.091883Z  WARN ThreadId(20) hotstuff_runner::app: Node 1 view(3156) far exceeds block count (788); potential sync issue    
2026-08-07T04:37:09.195703Z  WARN ThreadId(20) hotstuff_runner::app: Node 1 [produce_block] queue size: 2, attempting up to 2 transactions this block    
2026-08-07T04:37:09.197654Z  WARN ThreadId(20) hotstuff_runner::app: Node 1 view(3160) far exceeds block count (789); potential sync issue    
2026-08-07T04:37:09.342508Z  WARN ThreadId(26) hotstuff_runner::smrol::network: ⚠️ [Check] Writer 1 -> 3 slow write: 24.596708ms
2026-08-07T04:37:09.394212Z  WARN ThreadId(20) hotstuff_runner::app: Node 1 [produce_block] queue size: 2, attempting up to 2 transactions this block    
2026-08-07T04:37:09.397631Z  WARN ThreadId(20) hotstuff_runner::app: Node 1 view(3164) far exceeds block count (790); potential sync issue    
2026-08-07T04:37:09.489630Z  WARN ThreadId(20) hotstuff_runner::app: Node 1 [produce_block] queue size: 0, attempting up to 0 transactions this block    
2026-08-07T04:37:09.489979Z  WARN ThreadId(20) hotstuff_runner::app: Node 1 view(3168) far exceeds block count (791); potential sync issue    
2026-08-07T04:37:09.586663Z  WARN ThreadId(20) hotstuff_runner::app: Node 1 [produce_block] queue size: 2, attempting up to 2 transactions this block    
2026-08-07T04:37:09.590925Z  WARN ThreadId(20) hotstuff_runner::app: Node 1 view(3172) far exceeds block count (792); potential sync issue    
2026-08-07T04:37:09.667103Z  WARN ThreadId(20) hotstuff_runner::app: Node 1 [produce_block] queue size: 0, attempting up to 0 transactions this block    
2026-08-07T04:37:09.667970Z  WARN ThreadId(20) hotstuff_runner::app: Node 1 view(3176) far exceeds block count (793); potential sync issue    
2026-08-07T04:37:09.769949Z  WARN ThreadId(20) hotstuff_runner::app: Node 1 [produce_block] queue size: 2, attempting up to 2 transactions this block    
2026-08-07T04:37:09.771639Z  WARN ThreadId(20) hotstuff_runner::app: Node 1 view(3180) far exceeds block count (794); potential sync issue    
2026-08-07T04:37:09.843075Z  WARN ThreadId(20) hotstuff_runner::app: Node 1 [produce_block] queue size: 0, attempting up to 0 transactions this block    
2026-08-07T04:37:09.843295Z  WARN ThreadId(20) hotstuff_runner::app: Node 1 view(3184) far exceeds block count (795); potential sync issue    
2026-08-07T04:37:10.007627Z  WARN ThreadId(20) hotstuff_runner::app: Node 1 [produce_block] queue size: 2, attempting up to 2 transactions this block    
2026-08-07T04:37:10.009616Z  WARN ThreadId(20) hotstuff_runner::app: Node 1 view(3188) far exceeds block count (796); potential sync issue    
2026-08-07T04:37:10.068460Z  WARN ThreadId(20) hotstuff_runner::app: Node 1 [produce_block] queue size: 0, attempting up to 0 transactions this block    
2026-08-07T04:37:10.068640Z  WARN ThreadId(20) hotstuff_runner::app: Node 1 view(3192) far exceeds block count (797); potential sync issue    
2026-08-07T04:37:10.129623Z  WARN ThreadId(20) hotstuff_runner::app: Node 1 [produce_block] queue size: 0, attempting up to 0 transactions this block    
2026-08-07T04:37:10.133141Z  WARN ThreadId(20) hotstuff_runner::app: Node 1 view(3196) far exceeds block count (798); potential sync issue    
2026-08-07T04:37:10.193538Z  WARN ThreadId(20) hotstuff_runner::app: Node 1 [produce_block] queue size: 2, attempting up to 2 transactions this block    
2026-08-07T04:37:10.208245Z  WARN ThreadId(20) hotstuff_runner::app: Node 1 view(3200) far exceeds block count (799); potential sync issue    
2026-08-07T04:37:10.282692Z  WARN ThreadId(20) hotstuff_runner::app: Node 1 [produce_block] queue size: 0, attempting up to 0 transactions this block    
2026-08-07T04:37:10.284477Z  WARN ThreadId(20) hotstuff_runner::app: Node 1 view(3204) far exceeds block count (800); potential sync issue    
2026-08-07T04:37:10.338326Z  WARN ThreadId(20) hotstuff_runner::app: Node 1 [produce_block] queue size: 0, attempting up to 0 transactions this block    
2026-08-07T04:37:10.338535Z  WARN ThreadId(20) hotstuff_runner::app: Node 1 view(3208) far exceeds block count (801); potential sync issue    
2026-08-07T04:37:10.401543Z  WARN ThreadId(20) hotstuff_runner::app: Node 1 [produce_block] queue size: 2, attempting up to 2 transactions this block    
2026-08-07T04:37:10.401719Z  WARN ThreadId(20) hotstuff_runner::app: Node 1 view(3212) far exceeds block count (802); potential sync issue    
2026-08-07T04:37:10.454999Z  WARN ThreadId(20) hotstuff_runner::app: Node 1 [produce_block] queue size: 0, attempting up to 0 transactions this block    
2026-08-07T04:37:10.455284Z  WARN ThreadId(20) hotstuff_runner::app: Node 1 view(3216) far exceeds block count (803); potential sync issue    
2026-08-07T04:37:10.540503Z  WARN ThreadId(20) hotstuff_runner::app: Node 1 [produce_block] queue size: 2, attempting up to 2 transactions this block    
2026-08-07T04:37:10.545509Z  WARN ThreadId(20) hotstuff_runner::app: Node 1 view(3220) far exceeds block count (804); potential sync issue    
2026-08-07T04:37:10.627706Z  WARN ThreadId(20) hotstuff_runner::app: Node 1 [produce_block] queue size: 0, attempting up to 0 transactions this block    
2026-08-07T04:37:10.629369Z  WARN ThreadId(20) hotstuff_runner::app: Node 1 view(3224) far exceeds block count (805); potential sync issue    
2026-08-07T04:37:10.754775Z  WARN ThreadId(20) hotstuff_runner::app: Node 1 [produce_block] queue size: 2, attempting up to 2 transactions this block    
2026-08-07T04:37:10.757258Z  WARN ThreadId(20) hotstuff_runner::app: Node 1 view(3228) far exceeds block count (806); potential sync issue    
2026-08-07T04:37:10.838137Z  WARN ThreadId(20) hotstuff_runner::app: Node 1 [produce_block] queue size: 0, attempting up to 0 transactions this block    
2026-08-07T04:37:10.838822Z  WARN ThreadId(20) hotstuff_runner::app: Node 1 view(3232) far exceeds block count (807); potential sync issue    
2026-08-07T04:37:10.967782Z  WARN ThreadId(04) docker_node:   Connection reuse ineffective (2.0 msg/conn)
2026-08-07T04:37:11.006719Z  WARN ThreadId(20) hotstuff_runner::app: Node 1 [produce_block] queue size: 0, attempting up to 0 transactions this block    
2026-08-07T04:37:11.006841Z  WARN ThreadId(20) hotstuff_runner::app: Node 1 view(3236) far exceeds block count (808); potential sync issue    
2026-08-07T04:37:11.110606Z  WARN ThreadId(20) hotstuff_runner::app: Node 1 [produce_block] queue size: 0, attempting up to 0 transactions this block    
2026-08-07T04:37:11.110994Z  WARN ThreadId(20) hotstuff_runner::app: Node 1 view(3240) far exceeds block count (809); potential sync issue    
2026-08-07T04:37:11.265716Z  WARN ThreadId(20) hotstuff_runner::app: Node 1 [produce_block] queue size: 0, attempting up to 0 transactions this block    
2026-08-07T04:37:11.266628Z  WARN ThreadId(20) hotstuff_runner::app: Node 1 view(3244) far exceeds block count (810); potential sync issue    
2026-08-07T04:37:11.382510Z  WARN ThreadId(20) hotstuff_runner::app: Node 1 [produce_block] queue size: 0, attempting up to 0 transactions this block    
2026-08-07T04:37:11.388646Z  WARN ThreadId(20) hotstuff_runner::app: Node 1 view(3248) far exceeds block count (811); potential sync issue    
2026-08-07T04:37:11.467469Z  WARN ThreadId(20) hotstuff_runner::app: Node 1 [produce_block] queue size: 0, attempting up to 0 transactions this block    
2026-08-07T04:37:11.467558Z  WARN ThreadId(20) hotstuff_runner::app: Node 1 view(3252) far exceeds block count (812); potential sync issue    
2026-08-07T04:37:11.518644Z  WARN ThreadId(20) hotstuff_runner::app: Node 1 [produce_block] queue size: 0, attempting up to 0 transactions this block    
2026-08-07T04:37:11.518836Z  WARN ThreadId(20) hotstuff_runner::app: Node 1 view(3256) far exceeds block count (813); potential sync issue    
2026-08-07T04:37:11.594695Z  WARN ThreadId(20) hotstuff_runner::app: Node 1 [produce_block] queue size: 0, attempting up to 0 transactions this block    
2026-08-07T04:37:11.595336Z  WARN ThreadId(20) hotstuff_runner::app: Node 1 view(3260) far exceeds block count (814); potential sync issue    
2026-08-07T04:37:11.684807Z  WARN ThreadId(20) hotstuff_runner::app: Node 1 [produce_block] queue size: 0, attempting up to 0 transactions this block    
2026-08-07T04:37:11.685490Z  WARN ThreadId(20) hotstuff_runner::app: Node 1 view(3264) far exceeds block count (815); potential sync issue    
2026-08-07T04:37:11.780389Z  WARN ThreadId(20) hotstuff_runner::app: Node 1 [produce_block] queue size: 0, attempting up to 0 transactions this block    
2026-08-07T04:37:11.781974Z  WARN ThreadId(20) hotstuff_runner::app: Node 1 view(3268) far exceeds block count (816); potential sync issue    
2026-08-07T04:37:11.871776Z  WARN ThreadId(20) hotstuff_runner::app: Node 1 [produce_block] queue size: 0, attempting up to 0 transactions this block    
2026-08-07T04:37:11.873155Z  WARN ThreadId(20) hotstuff_runner::app: Node 1 view(3272) far exceeds block count (817); potential sync issue    
2026-08-07T04:37:11.915707Z  WARN ThreadId(20) hotstuff_runner::app: Node 1 [produce_block] queue size: 0, attempting up to 0 transactions this block    
2026-08-07T04:37:11.919990Z  WARN ThreadId(20) hotstuff_runner::app: Node 1 view(3276) far exceeds block count (818); potential sync issue    
2026-08-07T04:37:11.971159Z  WARN ThreadId(20) hotstuff_runner::app: Node 1 [produce_block] queue size: 0, attempting up to 0 transactions this block    
2026-08-07T04:37:11.972475Z  WARN ThreadId(20) hotstuff_runner::app: Node 1 view(3280) far exceeds block count (819); potential sync issue    
2026-08-07T04:37:12.033949Z  WARN ThreadId(20) hotstuff_runner::app: Node 1 [produce_block] queue size: 0, attempting up to 0 transactions this block    
2026-08-07T04:37:12.042610Z  WARN ThreadId(20) hotstuff_runner::app: Node 1 view(3284) far exceeds block count (820); potential sync issue    
2026-08-07T04:37:12.107484Z  WARN ThreadId(20) hotstuff_runner::app: Node 1 [produce_block] queue size: 0, attempting up to 0 transactions this block    
2026-08-07T04:37:12.108685Z  WARN ThreadId(20) hotstuff_runner::app: Node 1 view(3288) far exceeds block count (821); potential sync issue    
2026-08-07T04:37:12.168566Z  WARN ThreadId(20) hotstuff_runner::app: Node 1 [produce_block] queue size: 0, attempting up to 0 transactions this block    
2026-08-07T04:37:12.169655Z  WARN ThreadId(20) hotstuff_runner::app: Node 1 view(3292) far exceeds block count (822); potential sync issue    
2026-08-07T04:37:12.233790Z  WARN ThreadId(20) hotstuff_runner::app: Node 1 [produce_block] queue size: 0, attempting up to 0 transactions this block    
2026-08-07T04:37:12.234014Z  WARN ThreadId(20) hotstuff_runner::app: Node 1 view(3296) far exceeds block count (823); potential sync issue    
2026-08-07T04:37:12.283657Z  WARN ThreadId(20) hotstuff_runner::app: Node 1 [produce_block] queue size: 0, attempting up to 0 transactions this block    
2026-08-07T04:37:12.283893Z  WARN ThreadId(20) hotstuff_runner::app: Node 1 view(3300) far exceeds block count (824); potential sync issue    
2026-08-07T04:37:12.363017Z  WARN ThreadId(20) hotstuff_runner::app: Node 1 [produce_block] queue size: 0, attempting up to 0 transactions this block    
2026-08-07T04:37:12.363595Z  WARN ThreadId(20) hotstuff_runner::app: Node 1 view(3304) far exceeds block count (825); potential sync issue    
2026-08-07T04:37:12.428187Z  WARN ThreadId(20) hotstuff_runner::app: Node 1 [produce_block] queue size: 0, attempting up to 0 transactions this block    
2026-08-07T04:37:12.429013Z  WARN ThreadId(20) hotstuff_runner::app: Node 1 view(3308) far exceeds block count (826); potential sync issue    
2026-08-07T04:37:12.468029Z  WARN ThreadId(20) hotstuff_runner::app: Node 1 [produce_block] queue size: 0, attempting up to 0 transactions this block    
2026-08-07T04:37:12.468275Z  WARN ThreadId(20) hotstuff_runner::app: Node 1 view(3312) far exceeds block count (827); potential sync issue    
2026-08-07T04:37:12.517682Z  WARN ThreadId(20) hotstuff_runner::app: Node 1 [produce_block] queue size: 0, attempting up to 0 transactions this block    
2026-08-07T04:37:12.517930Z  WARN ThreadId(20) hotstuff_runner::app: Node 1 view(3316) far exceeds block count (828); potential sync issue    
2026-08-07T04:37:12.562609Z  WARN ThreadId(20) hotstuff_runner::app: Node 1 [produce_block] queue size: 0, attempting up to 0 transactions this block    
2026-08-07T04:37:12.563371Z  WARN ThreadId(20) hotstuff_runner::app: Node 1 view(3320) far exceeds block count (829); potential sync issue    
2026-08-07T04:37:12.625690Z  WARN ThreadId(20) hotstuff_runner::app: Node 1 [produce_block] queue size: 0, attempting up to 0 transactions this block    
2026-08-07T04:37:12.626074Z  WARN ThreadId(20) hotstuff_runner::app: Node 1 view(3324) far exceeds block count (830); potential sync issue    
2026-08-07T04:37:12.680340Z  WARN ThreadId(20) hotstuff_runner::app: Node 1 [produce_block] queue size: 0, attempting up to 0 transactions this block    
2026-08-07T04:37:12.680642Z  WARN ThreadId(20) hotstuff_runner::app: Node 1 view(3328) far exceeds block count (831); potential sync issue    
2026-08-07T04:37:12.748656Z  WARN ThreadId(20) hotstuff_runner::app: Node 1 [produce_block] queue size: 0, attempting up to 0 transactions this block    
2026-08-07T04:37:12.749675Z  WARN ThreadId(20) hotstuff_runner::app: Node 1 view(3332) far exceeds block count (832); potential sync issue    
2026-08-07T04:37:12.807348Z  WARN ThreadId(20) hotstuff_runner::app: Node 1 [produce_block] queue size: 0, attempting up to 0 transactions this block    
2026-08-07T04:37:12.810635Z  WARN ThreadId(20) hotstuff_runner::app: Node 1 view(3336) far exceeds block count (833); potential sync issue    
2026-08-07T04:37:12.881599Z  WARN ThreadId(20) hotstuff_runner::app: Node 1 [produce_block] queue size: 0, attempting up to 0 transactions this block    
2026-08-07T04:37:12.882401Z  WARN ThreadId(20) hotstuff_runner::app: Node 1 view(3340) far exceeds block count (834); potential sync issue    
2026-08-07T04:37:12.953361Z  WARN ThreadId(20) hotstuff_runner::app: Node 1 [produce_block] queue size: 0, attempting up to 0 transactions this block    
2026-08-07T04:37:12.954361Z  WARN ThreadId(20) hotstuff_runner::app: Node 1 view(3344) far exceeds block count (835); potential sync issue    
2026-08-07T04:37:13.032631Z  WARN ThreadId(20) hotstuff_runner::app: Node 1 [produce_block] queue size: 0, attempting up to 0 transactions this block    
2026-08-07T04:37:13.033174Z  WARN ThreadId(20) hotstuff_runner::app: Node 1 view(3348) far exceeds block count (836); potential sync issue    
2026-08-07T04:37:13.101633Z  WARN ThreadId(20) hotstuff_runner::app: Node 1 [produce_block] queue size: 0, attempting up to 0 transactions this block    
2026-08-07T04:37:13.125813Z  WARN ThreadId(20) hotstuff_runner::app: Node 1 view(3352) far exceeds block count (837); potential sync issue    
2026-08-07T04:37:13.194673Z  WARN ThreadId(20) hotstuff_runner::app: Node 1 [produce_block] queue size: 0, attempting up to 0 transactions this block    
2026-08-07T04:37:13.194926Z  WARN ThreadId(20) hotstuff_runner::app: Node 1 view(3356) far exceeds block count (838); potential sync issue    
2026-08-07T04:37:13.267381Z  WARN ThreadId(20) hotstuff_runner::app: Node 1 [produce_block] queue size: 0, attempting up to 0 transactions this block    
2026-08-07T04:37:13.268952Z  WARN ThreadId(20) hotstuff_runner::app: Node 1 view(3360) far exceeds block count (839); potential sync issue    
2026-08-07T04:37:13.324128Z  WARN ThreadId(20) hotstuff_runner::app: Node 1 [produce_block] queue size: 0, attempting up to 0 transactions this block    
2026-08-07T04:37:13.324609Z  WARN ThreadId(20) hotstuff_runner::app: Node 1 view(3364) far exceeds block count (840); potential sync issue    
2026-08-07T04:37:13.381355Z  WARN ThreadId(20) hotstuff_runner::app: Node 1 [produce_block] queue size: 0, attempting up to 0 transactions this block    
2026-08-07T04:37:13.382831Z  WARN ThreadId(20) hotstuff_runner::app: Node 1 view(3368) far exceeds block count (841); potential sync issue    
2026-08-07T04:37:13.441005Z  WARN ThreadId(20) hotstuff_runner::app: Node 1 [produce_block] queue size: 0, attempting up to 0 transactions this block    
2026-08-07T04:37:13.442625Z  WARN ThreadId(20) hotstuff_runner::app: Node 1 view(3372) far exceeds block count (842); potential sync issue    
2026-08-07T04:37:13.545829Z  WARN ThreadId(20) hotstuff_runner::app: Node 1 [produce_block] queue size: 0, attempting up to 0 transactions this block    
2026-08-07T04:37:13.554756Z  WARN ThreadId(20) hotstuff_runner::app: Node 1 view(3376) far exceeds block count (843); potential sync issue    
2026-08-07T04:37:13.664698Z  WARN ThreadId(20) hotstuff_runner::app: Node 1 [produce_block] queue size: 0, attempting up to 0 transactions this block    
2026-08-07T04:37:13.669649Z  WARN ThreadId(20) hotstuff_runner::app: Node 1 view(3380) far exceeds block count (844); potential sync issue    
2026-08-07T04:37:13.733808Z  WARN ThreadId(20) hotstuff_runner::app: Node 1 [produce_block] queue size: 0, attempting up to 0 transactions this block    
2026-08-07T04:37:13.736533Z  WARN ThreadId(20) hotstuff_runner::app: Node 1 view(3384) far exceeds block count (845); potential sync issue    
2026-08-07T04:37:13.827990Z  WARN ThreadId(20) hotstuff_runner::app: Node 1 [produce_block] queue size: 0, attempting up to 0 transactions this block    
2026-08-07T04:37:13.830861Z  WARN ThreadId(20) hotstuff_runner::app: Node 1 view(3388) far exceeds block count (846); potential sync issue    
2026-08-07T04:37:13.940827Z  WARN ThreadId(20) hotstuff_runner::app: Node 1 [produce_block] queue size: 0, attempting up to 0 transactions this block    
2026-08-07T04:37:13.941235Z  WARN ThreadId(20) hotstuff_runner::app: Node 1 view(3392) far exceeds block count (847); potential sync issue    
2026-08-07T04:37:13.985535Z  WARN ThreadId(20) hotstuff_runner::app: Node 1 [produce_block] queue size: 0, attempting up to 0 transactions this block    
2026-08-07T04:37:13.985938Z  WARN ThreadId(20) hotstuff_runner::app: Node 1 view(3396) far exceeds block count (848); potential sync issue    
2026-08-07T04:37:14.050197Z  WARN ThreadId(20) hotstuff_runner::app: Node 1 [produce_block] queue size: 0, attempting up to 0 transactions this block    
2026-08-07T04:37:14.058246Z  WARN ThreadId(20) hotstuff_runner::app: Node 1 view(3400) far exceeds block count (849); potential sync issue    
2026-08-07T04:37:14.135853Z  WARN ThreadId(20) hotstuff_runner::app: Node 1 [produce_block] queue size: 0, attempting up to 0 transactions this block    
2026-08-07T04:37:14.136015Z  WARN ThreadId(20) hotstuff_runner::app: Node 1 view(3404) far exceeds block count (850); potential sync issue    
2026-08-07T04:37:14.253784Z  WARN ThreadId(20) hotstuff_runner::app: Node 1 [produce_block] queue size: 0, attempting up to 0 transactions this block    
2026-08-07T04:37:14.258854Z  WARN ThreadId(20) hotstuff_runner::app: Node 1 view(3408) far exceeds block count (851); potential sync issue    
2026-08-07T04:37:14.322021Z  WARN ThreadId(20) hotstuff_runner::app: Node 1 [produce_block] queue size: 0, attempting up to 0 transactions this block    
2026-08-07T04:37:14.322357Z  WARN ThreadId(20) hotstuff_runner::app: Node 1 view(3412) far exceeds block count (852); potential sync issue    
2026-08-07T04:37:14.393987Z  WARN ThreadId(20) hotstuff_runner::app: Node 1 [produce_block] queue size: 0, attempting up to 0 transactions this block    
2026-08-07T04:37:14.394473Z  WARN ThreadId(20) hotstuff_runner::app: Node 1 view(3416) far exceeds block count (853); potential sync issue    
2026-08-07T04:37:14.581339Z  WARN ThreadId(20) hotstuff_runner::app: Node 1 [produce_block] queue size: 0, attempting up to 0 transactions this block    
2026-08-07T04:37:14.581499Z  WARN ThreadId(20) hotstuff_runner::app: Node 1 view(3420) far exceeds block count (854); potential sync issue    
2026-08-07T04:37:14.748408Z  WARN ThreadId(20) hotstuff_runner::app: Node 1 [produce_block] queue size: 0, attempting up to 0 transactions this block    
2026-08-07T04:37:14.748544Z  WARN ThreadId(20) hotstuff_runner::app: Node 1 view(3424) far exceeds block count (855); potential sync issue    
2026-08-07T04:37:14.795828Z  WARN ThreadId(20) hotstuff_runner::app: Node 1 [produce_block] queue size: 0, attempting up to 0 transactions this block    
2026-08-07T04:37:14.796073Z  WARN ThreadId(20) hotstuff_runner::app: Node 1 view(3428) far exceeds block count (856); potential sync issue    
2026-08-07T04:37:14.907862Z  WARN ThreadId(20) hotstuff_runner::app: Node 1 [produce_block] queue size: 0, attempting up to 0 transactions this block    
2026-08-07T04:37:14.908699Z  WARN ThreadId(20) hotstuff_runner::app: Node 1 view(3432) far exceeds block count (857); potential sync issue    
2026-08-07T04:37:15.038430Z  WARN ThreadId(20) hotstuff_runner::app: Node 1 [produce_block] queue size: 0, attempting up to 0 transactions this block    
2026-08-07T04:37:15.039621Z  WARN ThreadId(20) hotstuff_runner::app: Node 1 view(3436) far exceeds block count (858); potential sync issue    
2026-08-07T04:37:15.129283Z  WARN ThreadId(20) hotstuff_runner::app: Node 1 [produce_block] queue size: 0, attempting up to 0 transactions this block    
2026-08-07T04:37:15.130412Z  WARN ThreadId(20) hotstuff_runner::app: Node 1 view(3440) far exceeds block count (859); potential sync issue    
2026-08-07T04:37:15.192215Z  WARN ThreadId(20) hotstuff_runner::app: Node 1 [produce_block] queue size: 0, attempting up to 0 transactions this block    
2026-08-07T04:37:15.193092Z  WARN ThreadId(20) hotstuff_runner::app: Node 1 view(3444) far exceeds block count (860); potential sync issue    
2026-08-07T04:37:15.278627Z  WARN ThreadId(20) hotstuff_runner::app: Node 1 [produce_block] queue size: 0, attempting up to 0 transactions this block    
2026-08-07T04:37:15.278831Z  WARN ThreadId(20) hotstuff_runner::app: Node 1 view(3448) far exceeds block count (861); potential sync issue    
2026-08-07T04:37:15.355061Z  WARN ThreadId(20) hotstuff_runner::app: Node 1 [produce_block] queue size: 0, attempting up to 0 transactions this block    
2026-08-07T04:37:15.355263Z  WARN ThreadId(20) hotstuff_runner::app: Node 1 view(3452) far exceeds block count (862); potential sync issue    
2026-08-07T04:37:15.466347Z  WARN ThreadId(20) hotstuff_runner::app: Node 1 [produce_block] queue size: 0, attempting up to 0 transactions this block    
2026-08-07T04:37:15.466625Z  WARN ThreadId(20) hotstuff_runner::app: Node 1 view(3456) far exceeds block count (863); potential sync issue    
2026-08-07T04:37:15.560308Z  WARN ThreadId(20) hotstuff_runner::app: Node 1 [produce_block] queue size: 0, attempting up to 0 transactions this block    
2026-08-07T04:37:15.560411Z  WARN ThreadId(20) hotstuff_runner::app: Node 1 view(3460) far exceeds block count (864); potential sync issue    
2026-08-07T04:37:15.622591Z  WARN ThreadId(20) hotstuff_runner::app: Node 1 [produce_block] queue size: 0, attempting up to 0 transactions this block    
2026-08-07T04:37:15.622785Z  WARN ThreadId(20) hotstuff_runner::app: Node 1 view(3464) far exceeds block count (865); potential sync issue    
2026-08-07T04:37:15.694070Z  WARN ThreadId(20) hotstuff_runner::app: Node 1 [produce_block] queue size: 0, attempting up to 0 transactions this block    
2026-08-07T04:37:15.695250Z  WARN ThreadId(20) hotstuff_runner::app: Node 1 view(3468) far exceeds block count (866); potential sync issue    
2026-08-07T04:37:15.909257Z  WARN ThreadId(20) hotstuff_runner::app: Node 1 [produce_block] queue size: 0, attempting up to 0 transactions this block    
2026-08-07T04:37:15.914223Z  WARN ThreadId(20) hotstuff_runner::app: Node 1 view(3472) far exceeds block count (867); potential sync issue    
2026-08-07T04:37:15.968728Z  WARN ThreadId(05) docker_node:   Connection reuse ineffective (2.0 msg/conn)
2026-08-07T04:37:15.989266Z  WARN ThreadId(20) hotstuff_runner::app: Node 1 [produce_block] queue size: 0, attempting up to 0 transactions this block    
2026-08-07T04:37:15.989472Z  WARN ThreadId(20) hotstuff_runner::app: Node 1 view(3476) far exceeds block count (868); potential sync issue    
2026-08-07T04:37:16.032600Z  WARN ThreadId(20) hotstuff_runner::app: Node 1 [produce_block] queue size: 0, attempting up to 0 transactions this block    
2026-08-07T04:37:16.032705Z  WARN ThreadId(20) hotstuff_runner::app: Node 1 view(3480) far exceeds block count (869); potential sync issue    
2026-08-07T04:37:16.099593Z  WARN ThreadId(20) hotstuff_runner::app: Node 1 [produce_block] queue size: 0, attempting up to 0 transactions this block    
2026-08-07T04:37:16.099987Z  WARN ThreadId(20) hotstuff_runner::app: Node 1 view(3484) far exceeds block count (870); potential sync issue    
2026-08-07T04:37:16.150646Z  WARN ThreadId(20) hotstuff_runner::app: Node 1 [produce_block] queue size: 0, attempting up to 0 transactions this block    
2026-08-07T04:37:16.151434Z  WARN ThreadId(20) hotstuff_runner::app: Node 1 view(3488) far exceeds block count (871); potential sync issue    
2026-08-07T04:37:16.210727Z  WARN ThreadId(20) hotstuff_runner::app: Node 1 [produce_block] queue size: 0, attempting up to 0 transactions this block    
2026-08-07T04:37:16.212206Z  WARN ThreadId(20) hotstuff_runner::app: Node 1 view(3492) far exceeds block count (872); potential sync issue    
2026-08-07T04:37:16.304400Z  WARN ThreadId(20) hotstuff_runner::app: Node 1 [produce_block] queue size: 0, attempting up to 0 transactions this block    
2026-08-07T04:37:16.305306Z  WARN ThreadId(20) hotstuff_runner::app: Node 1 view(3496) far exceeds block count (873); potential sync issue    
2026-08-07T04:37:16.363271Z  WARN ThreadId(20) hotstuff_runner::app: Node 1 [produce_block] queue size: 0, attempting up to 0 transactions this block    
2026-08-07T04:37:16.367697Z  WARN ThreadId(20) hotstuff_runner::app: Node 1 view(3500) far exceeds block count (874); potential sync issue    
2026-08-07T04:37:16.421180Z  WARN ThreadId(20) hotstuff_runner::app: Node 1 [produce_block] queue size: 0, attempting up to 0 transactions this block    
2026-08-07T04:37:16.423045Z  WARN ThreadId(20) hotstuff_runner::app: Node 1 view(3504) far exceeds block count (875); potential sync issue    
2026-08-07T04:37:16.464147Z  WARN ThreadId(20) hotstuff_runner::app: Node 1 [produce_block] queue size: 0, attempting up to 0 transactions this block    
2026-08-07T04:37:16.465723Z  WARN ThreadId(20) hotstuff_runner::app: Node 1 view(3508) far exceeds block count (876); potential sync issue    
2026-08-07T04:37:16.538957Z  WARN ThreadId(20) hotstuff_runner::app: Node 1 [produce_block] queue size: 0, attempting up to 0 transactions this block    
2026-08-07T04:37:16.539179Z  WARN ThreadId(20) hotstuff_runner::app: Node 1 view(3512) far exceeds block count (877); potential sync issue    
2026-08-07T04:37:16.589733Z  WARN ThreadId(20) hotstuff_runner::app: Node 1 [produce_block] queue size: 0, attempting up to 0 transactions this block    
2026-08-07T04:37:16.590261Z  WARN ThreadId(20) hotstuff_runner::app: Node 1 view(3516) far exceeds block count (878); potential sync issue    
2026-08-07T04:37:16.646604Z  WARN ThreadId(20) hotstuff_runner::app: Node 1 [produce_block] queue size: 0, attempting up to 0 transactions this block    
2026-08-07T04:37:16.646868Z  WARN ThreadId(20) hotstuff_runner::app: Node 1 view(3520) far exceeds block count (879); potential sync issue    
2026-08-07T04:37:16.696592Z  WARN ThreadId(20) hotstuff_runner::app: Node 1 [produce_block] queue size: 0, attempting up to 0 transactions this block    
2026-08-07T04:37:16.697072Z  WARN ThreadId(20) hotstuff_runner::app: Node 1 view(3524) far exceeds block count (880); potential sync issue    
2026-08-07T04:37:16.740550Z  WARN ThreadId(20) hotstuff_runner::app: Node 1 [produce_block] queue size: 0, attempting up to 0 transactions this block    
2026-08-07T04:37:16.741047Z  WARN ThreadId(20) hotstuff_runner::app: Node 1 view(3528) far exceeds block count (881); potential sync issue    
2026-08-07T04:37:16.799024Z  WARN ThreadId(20) hotstuff_runner::app: Node 1 [produce_block] queue size: 0, attempting up to 0 transactions this block    
2026-08-07T04:37:16.804577Z  WARN ThreadId(20) hotstuff_runner::app: Node 1 view(3532) far exceeds block count (882); potential sync issue    
2026-08-07T04:37:16.868832Z  WARN ThreadId(20) hotstuff_runner::app: Node 1 [produce_block] queue size: 0, attempting up to 0 transactions this block    
2026-08-07T04:37:16.869037Z  WARN ThreadId(20) hotstuff_runner::app: Node 1 view(3536) far exceeds block count (883); potential sync issue    
2026-08-07T04:37:16.931604Z  WARN ThreadId(20) hotstuff_runner::app: Node 1 [produce_block] queue size: 0, attempting up to 0 transactions this block    
2026-08-07T04:37:16.931772Z  WARN ThreadId(20) hotstuff_runner::app: Node 1 view(3540) far exceeds block count (884); potential sync issue    
2026-08-07T04:37:16.990716Z  WARN ThreadId(20) hotstuff_runner::app: Node 1 [produce_block] queue size: 0, attempting up to 0 transactions this block    
2026-08-07T04:37:16.990846Z  WARN ThreadId(20) hotstuff_runner::app: Node 1 view(3544) far exceeds block count (885); potential sync issue    
2026-08-07T04:37:17.031623Z  WARN ThreadId(20) hotstuff_runner::app: Node 1 [produce_block] queue size: 0, attempting up to 0 transactions this block    
2026-08-07T04:37:17.031815Z  WARN ThreadId(20) hotstuff_runner::app: Node 1 view(3548) far exceeds block count (886); potential sync issue    
2026-08-07T04:37:17.100593Z  WARN ThreadId(20) hotstuff_runner::app: Node 1 [produce_block] queue size: 0, attempting up to 0 transactions this block    
2026-08-07T04:37:17.100712Z  WARN ThreadId(20) hotstuff_runner::app: Node 1 view(3552) far exceeds block count (887); potential sync issue    
2026-08-07T04:37:17.160936Z  WARN ThreadId(20) hotstuff_runner::app: Node 1 [produce_block] queue size: 0, attempting up to 0 transactions this block    
2026-08-07T04:37:17.161017Z  WARN ThreadId(20) hotstuff_runner::app: Node 1 view(3556) far exceeds block count (888); potential sync issue    
2026-08-07T04:37:17.217866Z  WARN ThreadId(20) hotstuff_runner::app: Node 1 [produce_block] queue size: 0, attempting up to 0 transactions this block    
2026-08-07T04:37:17.218531Z  WARN ThreadId(20) hotstuff_runner::app: Node 1 view(3560) far exceeds block count (889); potential sync issue    
2026-08-07T04:37:17.272500Z  WARN ThreadId(20) hotstuff_runner::app: Node 1 [produce_block] queue size: 0, attempting up to 0 transactions this block    
2026-08-07T04:37:17.305247Z  WARN ThreadId(20) hotstuff_runner::app: Node 1 view(3564) far exceeds block count (890); potential sync issue    
2026-08-07T04:37:17.385675Z  WARN ThreadId(20) hotstuff_runner::app: Node 1 [produce_block] queue size: 0, attempting up to 0 transactions this block    
2026-08-07T04:37:17.385795Z  WARN ThreadId(20) hotstuff_runner::app: Node 1 view(3568) far exceeds block count (891); potential sync issue    
2026-08-07T04:37:17.452106Z  WARN ThreadId(20) hotstuff_runner::app: Node 1 [produce_block] queue size: 0, attempting up to 0 transactions this block    
2026-08-07T04:37:17.452499Z  WARN ThreadId(20) hotstuff_runner::app: Node 1 view(3572) far exceeds block count (892); potential sync issue    
2026-08-07T04:37:17.528359Z  WARN ThreadId(20) hotstuff_runner::app: Node 1 [produce_block] queue size: 0, attempting up to 0 transactions this block    
2026-08-07T04:37:17.532824Z  WARN ThreadId(20) hotstuff_runner::app: Node 1 view(3576) far exceeds block count (893); potential sync issue    
2026-08-07T04:37:17.623408Z  WARN ThreadId(20) hotstuff_runner::app: Node 1 [produce_block] queue size: 0, attempting up to 0 transactions this block    
2026-08-07T04:37:17.623794Z  WARN ThreadId(20) hotstuff_runner::app: Node 1 view(3580) far exceeds block count (894); potential sync issue    
2026-08-07T04:37:17.682374Z  WARN ThreadId(20) hotstuff_runner::app: Node 1 [produce_block] queue size: 0, attempting up to 0 transactions this block    
2026-08-07T04:37:17.682520Z  WARN ThreadId(20) hotstuff_runner::app: Node 1 view(3584) far exceeds block count (895); potential sync issue    
2026-08-07T04:37:17.744053Z  WARN ThreadId(20) hotstuff_runner::app: Node 1 [produce_block] queue size: 0, attempting up to 0 transactions this block    
2026-08-07T04:37:17.749231Z  WARN ThreadId(20) hotstuff_runner::app: Node 1 view(3588) far exceeds block count (896); potential sync issue    
2026-08-07T04:37:17.884508Z  WARN ThreadId(20) hotstuff_runner::app: Node 1 [produce_block] queue size: 0, attempting up to 0 transactions this block    
2026-08-07T04:37:17.886355Z  WARN ThreadId(20) hotstuff_runner::app: Node 1 view(3592) far exceeds block count (897); potential sync issue    
2026-08-07T04:37:17.959539Z  WARN ThreadId(20) hotstuff_runner::app: Node 1 [produce_block] queue size: 0, attempting up to 0 transactions this block    
2026-08-07T04:37:17.962066Z  WARN ThreadId(20) hotstuff_runner::app: Node 1 view(3596) far exceeds block count (898); potential sync issue    
2026-08-07T04:37:18.094747Z  WARN ThreadId(20) hotstuff_runner::app: Node 1 [produce_block] queue size: 0, attempting up to 0 transactions this block    
2026-08-07T04:37:18.099339Z  WARN ThreadId(20) hotstuff_runner::app: Node 1 view(3600) far exceeds block count (899); potential sync issue    
2026-08-07T04:37:18.153930Z  WARN ThreadId(20) hotstuff_runner::app: Node 1 [produce_block] queue size: 0, attempting up to 0 transactions this block    
2026-08-07T04:37:18.155057Z  WARN ThreadId(20) hotstuff_runner::app: Node 1 view(3604) far exceeds block count (900); potential sync issue    
2026-08-07T04:37:18.210500Z  WARN ThreadId(20) hotstuff_runner::app: Node 1 [produce_block] queue size: 0, attempting up to 0 transactions this block    
2026-08-07T04:37:18.211400Z  WARN ThreadId(20) hotstuff_runner::app: Node 1 view(3608) far exceeds block count (901); potential sync issue    
2026-08-07T04:37:18.265770Z  WARN ThreadId(20) hotstuff_runner::app: Node 1 [produce_block] queue size: 0, attempting up to 0 transactions this block    
2026-08-07T04:37:18.265991Z  WARN ThreadId(20) hotstuff_runner::app: Node 1 view(3612) far exceeds block count (902); potential sync issue    
2026-08-07T04:37:18.367965Z  WARN ThreadId(20) hotstuff_runner::app: Node 1 [produce_block] queue size: 0, attempting up to 0 transactions this block    
2026-08-07T04:37:18.368297Z  WARN ThreadId(20) hotstuff_runner::app: Node 1 view(3616) far exceeds block count (903); potential sync issue    
2026-08-07T04:37:18.416315Z  WARN ThreadId(20) hotstuff_runner::app: Node 1 [produce_block] queue size: 0, attempting up to 0 transactions this block    
2026-08-07T04:37:18.417167Z  WARN ThreadId(20) hotstuff_runner::app: Node 1 view(3620) far exceeds block count (904); potential sync issue    
2026-08-07T04:37:18.468198Z  WARN ThreadId(20) hotstuff_runner::app: Node 1 [produce_block] queue size: 0, attempting up to 0 transactions this block    
2026-08-07T04:37:18.470502Z  WARN ThreadId(20) hotstuff_runner::app: Node 1 view(3624) far exceeds block count (905); potential sync issue    
2026-08-07T04:37:18.537841Z  WARN ThreadId(20) hotstuff_runner::app: Node 1 [produce_block] queue size: 0, attempting up to 0 transactions this block    
2026-08-07T04:37:18.538182Z  WARN ThreadId(20) hotstuff_runner::app: Node 1 view(3628) far exceeds block count (906); potential sync issue    
2026-08-07T04:37:18.686622Z  WARN ThreadId(20) hotstuff_runner::app: Node 1 [produce_block] queue size: 0, attempting up to 0 transactions this block    
2026-08-07T04:37:18.690357Z  WARN ThreadId(20) hotstuff_runner::app: Node 1 view(3632) far exceeds block count (907); potential sync issue    
2026-08-07T04:37:18.775735Z  WARN ThreadId(20) hotstuff_runner::app: Node 1 [produce_block] queue size: 0, attempting up to 0 transactions this block    
2026-08-07T04:37:18.776045Z  WARN ThreadId(20) hotstuff_runner::app: Node 1 view(3636) far exceeds block count (908); potential sync issue    
2026-08-07T04:37:18.854112Z  WARN ThreadId(20) hotstuff_runner::app: Node 1 [produce_block] queue size: 0, attempting up to 0 transactions this block    
2026-08-07T04:37:18.855666Z  WARN ThreadId(20) hotstuff_runner::app: Node 1 view(3640) far exceeds block count (909); potential sync issue    
2026-08-07T04:37:18.915856Z  WARN ThreadId(20) hotstuff_runner::app: Node 1 [produce_block] queue size: 0, attempting up to 0 transactions this block    
2026-08-07T04:37:18.918620Z  WARN ThreadId(20) hotstuff_runner::app: Node 1 view(3644) far exceeds block count (910); potential sync issue    
2026-08-07T04:37:18.997666Z  WARN ThreadId(20) hotstuff_runner::app: Node 1 [produce_block] queue size: 0, attempting up to 0 transactions this block    
2026-08-07T04:37:18.997745Z  WARN ThreadId(20) hotstuff_runner::app: Node 1 view(3648) far exceeds block count (911); potential sync issue    
2026-08-07T04:37:19.052835Z  WARN ThreadId(20) hotstuff_runner::app: Node 1 [produce_block] queue size: 0, attempting up to 0 transactions this block    
2026-08-07T04:37:19.053698Z  WARN ThreadId(20) hotstuff_runner::app: Node 1 view(3652) far exceeds block count (912); potential sync issue    
2026-08-07T04:37:19.129614Z  WARN ThreadId(20) hotstuff_runner::app: Node 1 [produce_block] queue size: 0, attempting up to 0 transactions this block    
2026-08-07T04:37:19.130028Z  WARN ThreadId(20) hotstuff_runner::app: Node 1 view(3656) far exceeds block count (913); potential sync issue    
2026-08-07T04:37:19.200943Z  WARN ThreadId(20) hotstuff_runner::app: Node 1 [produce_block] queue size: 0, attempting up to 0 transactions this block    
2026-08-07T04:37:19.202640Z  WARN ThreadId(20) hotstuff_runner::app: Node 1 view(3660) far exceeds block count (914); potential sync issue    
2026-08-07T04:37:19.273932Z  WARN ThreadId(20) hotstuff_runner::app: Node 1 [produce_block] queue size: 0, attempting up to 0 transactions this block    
2026-08-07T04:37:19.275940Z  WARN ThreadId(20) hotstuff_runner::app: Node 1 view(3664) far exceeds block count (915); potential sync issue    
2026-08-07T04:37:19.355876Z  WARN ThreadId(20) hotstuff_runner::app: Node 1 [produce_block] queue size: 0, attempting up to 0 transactions this block    
2026-08-07T04:37:19.356646Z  WARN ThreadId(20) hotstuff_runner::app: Node 1 view(3668) far exceeds block count (916); potential sync issue    
2026-08-07T04:37:19.422828Z  WARN ThreadId(20) hotstuff_runner::app: Node 1 [produce_block] queue size: 0, attempting up to 0 transactions this block    
2026-08-07T04:37:19.423689Z  WARN ThreadId(20) hotstuff_runner::app: Node 1 view(3672) far exceeds block count (917); potential sync issue    
2026-08-07T04:37:19.480928Z  WARN ThreadId(20) hotstuff_runner::app: Node 1 [produce_block] queue size: 0, attempting up to 0 transactions this block    
2026-08-07T04:37:19.481331Z  WARN ThreadId(20) hotstuff_runner::app: Node 1 view(3676) far exceeds block count (918); potential sync issue    
2026-08-07T04:37:19.545571Z  WARN ThreadId(20) hotstuff_runner::app: Node 1 [produce_block] queue size: 0, attempting up to 0 transactions this block    
2026-08-07T04:37:19.547425Z  WARN ThreadId(20) hotstuff_runner::app: Node 1 view(3680) far exceeds block count (919); potential sync issue    
2026-08-07T04:37:19.619619Z  WARN ThreadId(20) hotstuff_runner::app: Node 1 [produce_block] queue size: 0, attempting up to 0 transactions this block    
2026-08-07T04:37:19.619785Z  WARN ThreadId(20) hotstuff_runner::app: Node 1 view(3684) far exceeds block count (920); potential sync issue    
2026-08-07T04:37:19.654706Z  WARN ThreadId(20) hotstuff_runner::app: Node 1 [produce_block] queue size: 0, attempting up to 0 transactions this block    
2026-08-07T04:37:19.655193Z  WARN ThreadId(20) hotstuff_runner::app: Node 1 view(3688) far exceeds block count (921); potential sync issue    
2026-08-07T04:37:19.718647Z  WARN ThreadId(20) hotstuff_runner::app: Node 1 [produce_block] queue size: 0, attempting up to 0 transactions this block    
2026-08-07T04:37:19.720146Z  WARN ThreadId(20) hotstuff_runner::app: Node 1 view(3692) far exceeds block count (922); potential sync issue    
2026-08-07T04:37:19.767592Z  WARN ThreadId(20) hotstuff_runner::app: Node 1 [produce_block] queue size: 0, attempting up to 0 transactions this block    
2026-08-07T04:37:19.768257Z  WARN ThreadId(20) hotstuff_runner::app: Node 1 view(3696) far exceeds block count (923); potential sync issue    
2026-08-07T04:37:19.836598Z  WARN ThreadId(20) hotstuff_runner::app: Node 1 [produce_block] queue size: 0, attempting up to 0 transactions this block    
2026-08-07T04:37:19.836817Z  WARN ThreadId(20) hotstuff_runner::app: Node 1 view(3700) far exceeds block count (924); potential sync issue    
2026-08-07T04:37:19.889723Z  WARN ThreadId(20) hotstuff_runner::app: Node 1 [produce_block] queue size: 0, attempting up to 0 transactions this block    
2026-08-07T04:37:19.890098Z  WARN ThreadId(20) hotstuff_runner::app: Node 1 view(3704) far exceeds block count (925); potential sync issue    
2026-08-07T04:37:19.935809Z  WARN ThreadId(20) hotstuff_runner::app: Node 1 [produce_block] queue size: 0, attempting up to 0 transactions this block    
2026-08-07T04:37:19.937195Z  WARN ThreadId(20) hotstuff_runner::app: Node 1 view(3708) far exceeds block count (926); potential sync issue    
2026-08-07T04:37:20.008655Z  WARN ThreadId(20) hotstuff_runner::app: Node 1 [produce_block] queue size: 0, attempting up to 0 transactions this block    
2026-08-07T04:37:20.008963Z  WARN ThreadId(20) hotstuff_runner::app: Node 1 view(3712) far exceeds block count (927); potential sync issue    
2026-08-07T04:37:20.071357Z  WARN ThreadId(20) hotstuff_runner::app: Node 1 [produce_block] queue size: 0, attempting up to 0 transactions this block    
2026-08-07T04:37:20.074718Z  WARN ThreadId(20) hotstuff_runner::app: Node 1 view(3716) far exceeds block count (928); potential sync issue    
2026-08-07T04:37:20.163045Z  WARN ThreadId(20) hotstuff_runner::app: Node 1 [produce_block] queue size: 0, attempting up to 0 transactions this block    
2026-08-07T04:37:20.165628Z  WARN ThreadId(20) hotstuff_runner::app: Node 1 view(3720) far exceeds block count (929); potential sync issue    
2026-08-07T04:37:20.239632Z  WARN ThreadId(20) hotstuff_runner::app: Node 1 [produce_block] queue size: 0, attempting up to 0 transactions this block    
2026-08-07T04:37:20.248129Z  WARN ThreadId(20) hotstuff_runner::app: Node 1 view(3724) far exceeds block count (930); potential sync issue    
2026-08-07T04:37:20.310722Z  WARN ThreadId(20) hotstuff_runner::app: Node 1 [produce_block] queue size: 0, attempting up to 0 transactions this block    
2026-08-07T04:37:20.319559Z  WARN ThreadId(20) hotstuff_runner::app: Node 1 view(3728) far exceeds block count (931); potential sync issue    
2026-08-07T04:37:20.386356Z  WARN ThreadId(20) hotstuff_runner::app: Node 1 [produce_block] queue size: 0, attempting up to 0 transactions this block    
2026-08-07T04:37:20.386885Z  WARN ThreadId(20) hotstuff_runner::app: Node 1 view(3732) far exceeds block count (932); potential sync issue    
2026-08-07T04:37:20.469317Z  WARN ThreadId(20) hotstuff_runner::app: Node 1 [produce_block] queue size: 0, attempting up to 0 transactions this block    
2026-08-07T04:37:20.471494Z  WARN ThreadId(20) hotstuff_runner::app: Node 1 view(3736) far exceeds block count (933); potential sync issue    
2026-08-07T04:37:20.546638Z  WARN ThreadId(20) hotstuff_runner::app: Node 1 [produce_block] queue size: 0, attempting up to 0 transactions this block    
2026-08-07T04:37:20.551636Z  WARN ThreadId(20) hotstuff_runner::app: Node 1 view(3740) far exceeds block count (934); potential sync issue    
2026-08-07T04:37:20.652440Z  WARN ThreadId(20) hotstuff_runner::app: Node 1 [produce_block] queue size: 0, attempting up to 0 transactions this block    
2026-08-07T04:37:20.652760Z  WARN ThreadId(20) hotstuff_runner::app: Node 1 view(3744) far exceeds block count (935); potential sync issue    
2026-08-07T04:37:20.752216Z  WARN ThreadId(20) hotstuff_runner::app: Node 1 [produce_block] queue size: 0, attempting up to 0 transactions this block    
2026-08-07T04:37:20.762421Z  WARN ThreadId(20) hotstuff_runner::app: Node 1 view(3748) far exceeds block count (936); potential sync issue    
2026-08-07T04:37:20.869254Z  WARN ThreadId(20) hotstuff_runner::app: Node 1 [produce_block] queue size: 0, attempting up to 0 transactions this block    
2026-08-07T04:37:20.869911Z  WARN ThreadId(20) hotstuff_runner::app: Node 1 view(3752) far exceeds block count (937); potential sync issue    
2026-08-07T04:37:20.968690Z  WARN ThreadId(04) docker_node:   Connection reuse ineffective (2.0 msg/conn)
2026-08-07T04:37:20.984756Z  WARN ThreadId(20) hotstuff_runner::app: Node 1 [produce_block] queue size: 0, attempting up to 0 transactions this block    
2026-08-07T04:37:20.984934Z  WARN ThreadId(20) hotstuff_runner::app: Node 1 view(3756) far exceeds block count (938); potential sync issue    
2026-08-07T04:37:21.083461Z  WARN ThreadId(20) hotstuff_runner::app: Node 1 [produce_block] queue size: 0, attempting up to 0 transactions this block    
2026-08-07T04:37:21.085615Z  WARN ThreadId(20) hotstuff_runner::app: Node 1 view(3760) far exceeds block count (939); potential sync issue    
2026-08-07T04:37:21.205048Z  WARN ThreadId(20) hotstuff_runner::app: Node 1 [produce_block] queue size: 0, attempting up to 0 transactions this block    
2026-08-07T04:37:21.207197Z  WARN ThreadId(20) hotstuff_runner::app: Node 1 view(3764) far exceeds block count (940); potential sync issue    
2026-08-07T04:37:21.290405Z  WARN ThreadId(20) hotstuff_runner::app: Node 1 [produce_block] queue size: 0, attempting up to 0 transactions this block    
2026-08-07T04:37:21.290766Z  WARN ThreadId(20) hotstuff_runner::app: Node 1 view(3768) far exceeds block count (941); potential sync issue    
2026-08-07T04:37:21.411761Z  WARN ThreadId(20) hotstuff_runner::app: Node 1 [produce_block] queue size: 0, attempting up to 0 transactions this block    
2026-08-07T04:37:21.412620Z  WARN ThreadId(20) hotstuff_runner::app: Node 1 view(3772) far exceeds block count (942); potential sync issue    
2026-08-07T04:37:21.482778Z  WARN ThreadId(20) hotstuff_runner::app: Node 1 [produce_block] queue size: 0, attempting up to 0 transactions this block    
2026-08-07T04:37:21.483953Z  WARN ThreadId(20) hotstuff_runner::app: Node 1 view(3776) far exceeds block count (943); potential sync issue    
2026-08-07T04:37:21.531569Z  WARN ThreadId(20) hotstuff_runner::app: Node 1 [produce_block] queue size: 0, attempting up to 0 transactions this block    
2026-08-07T04:37:21.531771Z  WARN ThreadId(20) hotstuff_runner::app: Node 1 view(3780) far exceeds block count (944); potential sync issue    
2026-08-07T04:37:21.710344Z  WARN ThreadId(20) hotstuff_runner::app: Node 1 [produce_block] queue size: 0, attempting up to 0 transactions this block    
2026-08-07T04:37:21.710533Z  WARN ThreadId(20) hotstuff_runner::app: Node 1 view(3784) far exceeds block count (945); potential sync issue    
2026-08-07T04:37:21.771890Z  WARN ThreadId(20) hotstuff_runner::app: Node 1 [produce_block] queue size: 0, attempting up to 0 transactions this block    
2026-08-07T04:37:21.778123Z  WARN ThreadId(20) hotstuff_runner::app: Node 1 view(3788) far exceeds block count (946); potential sync issue    
2026-08-07T04:37:21.848707Z  WARN ThreadId(20) hotstuff_runner::app: Node 1 [produce_block] queue size: 0, attempting up to 0 transactions this block    
2026-08-07T04:37:21.849604Z  WARN ThreadId(20) hotstuff_runner::app: Node 1 view(3792) far exceeds block count (947); potential sync issue    
2026-08-07T04:37:21.923290Z  WARN ThreadId(20) hotstuff_runner::app: Node 1 [produce_block] queue size: 0, attempting up to 0 transactions this block    
2026-08-07T04:37:21.923599Z  WARN ThreadId(20) hotstuff_runner::app: Node 1 view(3796) far exceeds block count (948); potential sync issue    
2026-08-07T04:37:22.023534Z  WARN ThreadId(20) hotstuff_runner::app: Node 1 [produce_block] queue size: 0, attempting up to 0 transactions this block    
2026-08-07T04:37:22.029615Z  WARN ThreadId(20) hotstuff_runner::app: Node 1 view(3800) far exceeds block count (949); potential sync issue    
2026-08-07T04:37:22.128315Z  WARN ThreadId(20) hotstuff_runner::app: Node 1 [produce_block] queue size: 0, attempting up to 0 transactions this block    
2026-08-07T04:37:22.129246Z  WARN ThreadId(20) hotstuff_runner::app: Node 1 view(3804) far exceeds block count (950); potential sync issue    
2026-08-07T04:37:22.225664Z  WARN ThreadId(20) hotstuff_runner::app: Node 1 [produce_block] queue size: 0, attempting up to 0 transactions this block    
2026-08-07T04:37:22.226070Z  WARN ThreadId(20) hotstuff_runner::app: Node 1 view(3808) far exceeds block count (951); potential sync issue    
2026-08-07T04:37:22.315220Z  WARN ThreadId(20) hotstuff_runner::app: Node 1 [produce_block] queue size: 0, attempting up to 0 transactions this block    
2026-08-07T04:37:22.317034Z  WARN ThreadId(20) hotstuff_runner::app: Node 1 view(3812) far exceeds block count (952); potential sync issue    
2026-08-07T04:37:22.422293Z  WARN ThreadId(20) hotstuff_runner::app: Node 1 [produce_block] queue size: 0, attempting up to 0 transactions this block    
2026-08-07T04:37:22.428191Z  WARN ThreadId(20) hotstuff_runner::app: Node 1 view(3816) far exceeds block count (953); potential sync issue    
2026-08-07T04:37:22.516614Z  WARN ThreadId(20) hotstuff_runner::app: Node 1 [produce_block] queue size: 0, attempting up to 0 transactions this block    
2026-08-07T04:37:22.526952Z  WARN ThreadId(20) hotstuff_runner::app: Node 1 view(3820) far exceeds block count (954); potential sync issue    
2026-08-07T04:37:22.604395Z  WARN ThreadId(20) hotstuff_runner::app: Node 1 [produce_block] queue size: 0, attempting up to 0 transactions this block    
2026-08-07T04:37:22.606371Z  WARN ThreadId(20) hotstuff_runner::app: Node 1 view(3824) far exceeds block count (955); potential sync issue    
2026-08-07T04:37:22.739748Z  WARN ThreadId(20) hotstuff_runner::app: Node 1 [produce_block] queue size: 0, attempting up to 0 transactions this block    
2026-08-07T04:37:22.740042Z  WARN ThreadId(20) hotstuff_runner::app: Node 1 view(3828) far exceeds block count (956); potential sync issue    
2026-08-07T04:37:22.814499Z  WARN ThreadId(20) hotstuff_runner::app: Node 1 [produce_block] queue size: 0, attempting up to 0 transactions this block    
2026-08-07T04:37:22.814719Z  WARN ThreadId(20) hotstuff_runner::app: Node 1 view(3832) far exceeds block count (957); potential sync issue    
2026-08-07T04:37:22.899702Z  WARN ThreadId(20) hotstuff_runner::app: Node 1 [produce_block] queue size: 0, attempting up to 0 transactions this block    
2026-08-07T04:37:22.901974Z  WARN ThreadId(20) hotstuff_runner::app: Node 1 view(3836) far exceeds block count (958); potential sync issue    
2026-08-07T04:37:22.951880Z  WARN ThreadId(20) hotstuff_runner::app: Node 1 [produce_block] queue size: 0, attempting up to 0 transactions this block    
2026-08-07T04:37:22.957787Z  WARN ThreadId(20) hotstuff_runner::app: Node 1 view(3840) far exceeds block count (959); potential sync issue    
2026-08-07T04:37:23.026533Z  WARN ThreadId(20) hotstuff_runner::app: Node 1 [produce_block] queue size: 0, attempting up to 0 transactions this block    
2026-08-07T04:37:23.026757Z  WARN ThreadId(20) hotstuff_runner::app: Node 1 view(3844) far exceeds block count (960); potential sync issue    
2026-08-07T04:37:23.096741Z  WARN ThreadId(20) hotstuff_runner::app: Node 1 [produce_block] queue size: 0, attempting up to 0 transactions this block    
2026-08-07T04:37:23.100469Z  WARN ThreadId(20) hotstuff_runner::app: Node 1 view(3848) far exceeds block count (961); potential sync issue    
2026-08-07T04:37:23.160964Z  WARN ThreadId(20) hotstuff_runner::app: Node 1 [produce_block] queue size: 0, attempting up to 0 transactions this block    
2026-08-07T04:37:23.162706Z  WARN ThreadId(20) hotstuff_runner::app: Node 1 view(3852) far exceeds block count (962); potential sync issue    
2026-08-07T04:37:23.228866Z  WARN ThreadId(20) hotstuff_runner::app: Node 1 [produce_block] queue size: 0, attempting up to 0 transactions this block    
2026-08-07T04:37:23.228962Z  WARN ThreadId(20) hotstuff_runner::app: Node 1 view(3856) far exceeds block count (963); potential sync issue    
2026-08-07T04:37:23.552558Z  WARN ThreadId(20) hotstuff_runner::app: Node 1 [produce_block] queue size: 0, attempting up to 0 transactions this block    
2026-08-07T04:37:23.552815Z  WARN ThreadId(20) hotstuff_runner::app: Node 1 view(3860) far exceeds block count (964); potential sync issue    
2026-08-07T04:37:23.622707Z  WARN ThreadId(20) hotstuff_runner::app: Node 1 [produce_block] queue size: 0, attempting up to 0 transactions this block    
2026-08-07T04:37:23.625479Z  WARN ThreadId(20) hotstuff_runner::app: Node 1 view(3864) far exceeds block count (965); potential sync issue    
2026-08-07T04:37:23.673571Z  WARN ThreadId(20) hotstuff_runner::app: Node 1 [produce_block] queue size: 0, attempting up to 0 transactions this block    
2026-08-07T04:37:23.674263Z  WARN ThreadId(20) hotstuff_runner::app: Node 1 view(3868) far exceeds block count (966); potential sync issue    
2026-08-07T04:37:23.754427Z  WARN ThreadId(20) hotstuff_runner::app: Node 1 [produce_block] queue size: 0, attempting up to 0 transactions this block    
2026-08-07T04:37:23.754768Z  WARN ThreadId(20) hotstuff_runner::app: Node 1 view(3872) far exceeds block count (967); potential sync issue    
2026-08-07T04:37:23.808285Z  WARN ThreadId(20) hotstuff_runner::app: Node 1 [produce_block] queue size: 0, attempting up to 0 transactions this block    
2026-08-07T04:37:23.808414Z  WARN ThreadId(20) hotstuff_runner::app: Node 1 view(3876) far exceeds block count (968); potential sync issue    
2026-08-07T04:37:23.848219Z  WARN ThreadId(20) hotstuff_runner::app: Node 1 [produce_block] queue size: 0, attempting up to 0 transactions this block    
2026-08-07T04:37:23.848819Z  WARN ThreadId(20) hotstuff_runner::app: Node 1 view(3880) far exceeds block count (969); potential sync issue    
2026-08-07T04:37:23.976152Z  WARN ThreadId(20) hotstuff_runner::app: Node 1 [produce_block] queue size: 0, attempting up to 0 transactions this block    
2026-08-07T04:37:23.977709Z  WARN ThreadId(20) hotstuff_runner::app: Node 1 view(3884) far exceeds block count (970); potential sync issue    
2026-08-07T04:37:24.098676Z  WARN ThreadId(20) hotstuff_runner::app: Node 1 [produce_block] queue size: 0, attempting up to 0 transactions this block    
2026-08-07T04:37:24.101099Z  WARN ThreadId(20) hotstuff_runner::app: Node 1 view(3888) far exceeds block count (971); potential sync issue    
2026-08-07T04:37:24.193243Z  WARN ThreadId(20) hotstuff_runner::app: Node 1 [produce_block] queue size: 0, attempting up to 0 transactions this block    
2026-08-07T04:37:24.193932Z  WARN ThreadId(20) hotstuff_runner::app: Node 1 view(3892) far exceeds block count (972); potential sync issue    
2026-08-07T04:37:24.276271Z  WARN ThreadId(20) hotstuff_runner::app: Node 1 [produce_block] queue size: 0, attempting up to 0 transactions this block    
2026-08-07T04:37:24.276624Z  WARN ThreadId(20) hotstuff_runner::app: Node 1 view(3896) far exceeds block count (973); potential sync issue    
2026-08-07T04:37:24.392488Z  WARN ThreadId(20) hotstuff_runner::app: Node 1 [produce_block] queue size: 0, attempting up to 0 transactions this block    
2026-08-07T04:37:24.395602Z  WARN ThreadId(20) hotstuff_runner::app: Node 1 view(3900) far exceeds block count (974); potential sync issue    
2026-08-07T04:37:24.502361Z  WARN ThreadId(20) hotstuff_runner::app: Node 1 [produce_block] queue size: 0, attempting up to 0 transactions this block    
2026-08-07T04:37:24.503640Z  WARN ThreadId(20) hotstuff_runner::app: Node 1 view(3904) far exceeds block count (975); potential sync issue    
2026-08-07T04:37:24.618564Z  WARN ThreadId(20) hotstuff_runner::app: Node 1 [produce_block] queue size: 0, attempting up to 0 transactions this block    
2026-08-07T04:37:24.619511Z  WARN ThreadId(20) hotstuff_runner::app: Node 1 view(3908) far exceeds block count (976); potential sync issue    
2026-08-07T04:37:24.690273Z  WARN ThreadId(20) hotstuff_runner::app: Node 1 [produce_block] queue size: 0, attempting up to 0 transactions this block    
2026-08-07T04:37:24.690615Z  WARN ThreadId(20) hotstuff_runner::app: Node 1 view(3912) far exceeds block count (977); potential sync issue    
2026-08-07T04:37:24.774832Z  WARN ThreadId(20) hotstuff_runner::app: Node 1 [produce_block] queue size: 0, attempting up to 0 transactions this block    
2026-08-07T04:37:24.775208Z  WARN ThreadId(20) hotstuff_runner::app: Node 1 view(3916) far exceeds block count (978); potential sync issue    
2026-08-07T04:37:24.860899Z  WARN ThreadId(20) hotstuff_runner::app: Node 1 [produce_block] queue size: 0, attempting up to 0 transactions this block    
2026-08-07T04:37:24.861056Z  WARN ThreadId(20) hotstuff_runner::app: Node 1 view(3920) far exceeds block count (979); potential sync issue    
2026-08-07T04:37:24.924668Z  WARN ThreadId(20) hotstuff_runner::app: Node 1 [produce_block] queue size: 0, attempting up to 0 transactions this block    
2026-08-07T04:37:24.925275Z  WARN ThreadId(20) hotstuff_runner::app: Node 1 view(3924) far exceeds block count (980); potential sync issue    
2026-08-07T04:37:25.022603Z  WARN ThreadId(20) hotstuff_runner::app: Node 1 [produce_block] queue size: 0, attempting up to 0 transactions this block    
2026-08-07T04:37:25.023117Z  WARN ThreadId(20) hotstuff_runner::app: Node 1 view(3928) far exceeds block count (981); potential sync issue    
2026-08-07T04:37:25.087034Z  WARN ThreadId(20) hotstuff_runner::app: Node 1 [produce_block] queue size: 0, attempting up to 0 transactions this block    
2026-08-07T04:37:25.087220Z  WARN ThreadId(20) hotstuff_runner::app: Node 1 view(3932) far exceeds block count (982); potential sync issue    
2026-08-07T04:37:25.184780Z  WARN ThreadId(20) hotstuff_runner::app: Node 1 [produce_block] queue size: 0, attempting up to 0 transactions this block    
2026-08-07T04:37:25.185466Z  WARN ThreadId(20) hotstuff_runner::app: Node 1 view(3936) far exceeds block count (983); potential sync issue    
2026-08-07T04:37:25.264040Z  WARN ThreadId(20) hotstuff_runner::app: Node 1 [produce_block] queue size: 0, attempting up to 0 transactions this block    
2026-08-07T04:37:25.269317Z  WARN ThreadId(20) hotstuff_runner::app: Node 1 view(3940) far exceeds block count (984); potential sync issue    
2026-08-07T04:37:25.334859Z  WARN ThreadId(20) hotstuff_runner::app: Node 1 [produce_block] queue size: 0, attempting up to 0 transactions this block    
2026-08-07T04:37:25.335111Z  WARN ThreadId(20) hotstuff_runner::app: Node 1 view(3944) far exceeds block count (985); potential sync issue    
2026-08-07T04:37:25.423636Z  WARN ThreadId(20) hotstuff_runner::app: Node 1 [produce_block] queue size: 0, attempting up to 0 transactions this block    
2026-08-07T04:37:25.424384Z  WARN ThreadId(20) hotstuff_runner::app: Node 1 view(3948) far exceeds block count (986); potential sync issue    
2026-08-07T04:37:25.524210Z  WARN ThreadId(20) hotstuff_runner::app: Node 1 [produce_block] queue size: 0, attempting up to 0 transactions this block    
2026-08-07T04:37:25.527692Z  WARN ThreadId(20) hotstuff_runner::app: Node 1 view(3952) far exceeds block count (987); potential sync issue    
2026-08-07T04:37:25.603960Z  WARN ThreadId(20) hotstuff_runner::app: Node 1 [produce_block] queue size: 0, attempting up to 0 transactions this block    
2026-08-07T04:37:25.605124Z  WARN ThreadId(20) hotstuff_runner::app: Node 1 view(3956) far exceeds block count (988); potential sync issue    
2026-08-07T04:37:25.660893Z  WARN ThreadId(20) hotstuff_runner::app: Node 1 [produce_block] queue size: 0, attempting up to 0 transactions this block    
2026-08-07T04:37:25.661432Z  WARN ThreadId(20) hotstuff_runner::app: Node 1 view(3960) far exceeds block count (989); potential sync issue    
2026-08-07T04:37:25.747795Z  WARN ThreadId(20) hotstuff_runner::app: Node 1 [produce_block] queue size: 0, attempting up to 0 transactions this block    
2026-08-07T04:37:25.748525Z  WARN ThreadId(20) hotstuff_runner::app: Node 1 view(3964) far exceeds block count (990); potential sync issue    
2026-08-07T04:37:25.932570Z  WARN ThreadId(20) hotstuff_runner::app: Node 1 [produce_block] queue size: 0, attempting up to 0 transactions this block    
2026-08-07T04:37:25.943163Z  WARN ThreadId(20) hotstuff_runner::app: Node 1 view(3968) far exceeds block count (991); potential sync issue    
2026-08-07T04:37:25.968646Z  WARN ThreadId(05) docker_node:   Connection reuse ineffective (2.0 msg/conn)
2026-08-07T04:37:26.063703Z  WARN ThreadId(20) hotstuff_runner::app: Node 1 [produce_block] queue size: 0, attempting up to 0 transactions this block    
2026-08-07T04:37:26.064150Z  WARN ThreadId(20) hotstuff_runner::app: Node 1 view(3972) far exceeds block count (992); potential sync issue    
2026-08-07T04:37:26.122082Z  WARN ThreadId(20) hotstuff_runner::app: Node 1 [produce_block] queue size: 0, attempting up to 0 transactions this block    
2026-08-07T04:37:26.122210Z  WARN ThreadId(20) hotstuff_runner::app: Node 1 view(3976) far exceeds block count (993); potential sync issue    
2026-08-07T04:37:26.228600Z  WARN ThreadId(20) hotstuff_runner::app: Node 1 [produce_block] queue size: 0, attempting up to 0 transactions this block    
2026-08-07T04:37:26.236010Z  WARN ThreadId(20) hotstuff_runner::app: Node 1 view(3980) far exceeds block count (994); potential sync issue    
2026-08-07T04:37:26.315070Z  WARN ThreadId(20) hotstuff_runner::app: Node 1 [produce_block] queue size: 0, attempting up to 0 transactions this block    
2026-08-07T04:37:26.318013Z  WARN ThreadId(20) hotstuff_runner::app: Node 1 view(3984) far exceeds block count (995); potential sync issue    
2026-08-07T04:37:26.391863Z  WARN ThreadId(20) hotstuff_runner::app: Node 1 [produce_block] queue size: 0, attempting up to 0 transactions this block    
2026-08-07T04:37:26.395244Z  WARN ThreadId(20) hotstuff_runner::app: Node 1 view(3988) far exceeds block count (996); potential sync issue    
2026-08-07T04:37:26.486264Z  WARN ThreadId(20) hotstuff_runner::app: Node 1 [produce_block] queue size: 0, attempting up to 0 transactions this block    
2026-08-07T04:37:26.489808Z  WARN ThreadId(20) hotstuff_runner::app: Node 1 view(3992) far exceeds block count (997); potential sync issue    
2026-08-07T04:37:26.565006Z  WARN ThreadId(20) hotstuff_runner::app: Node 1 [produce_block] queue size: 0, attempting up to 0 transactions this block    
2026-08-07T04:37:26.565148Z  WARN ThreadId(20) hotstuff_runner::app: Node 1 view(3996) far exceeds block count (998); potential sync issue    
2026-08-07T04:37:26.626473Z  WARN ThreadId(20) hotstuff_runner::app: Node 1 [produce_block] queue size: 0, attempting up to 0 transactions this block    
2026-08-07T04:37:26.626613Z  WARN ThreadId(20) hotstuff_runner::app: Node 1 view(4000) far exceeds block count (999); potential sync issue    
2026-08-07T04:37:26.672256Z  WARN ThreadId(20) hotstuff_runner::app: Node 1 [produce_block] queue size: 0, attempting up to 0 transactions this block    
2026-08-07T04:37:26.680238Z  WARN ThreadId(20) hotstuff_runner::app: Node 1 view(4004) far exceeds block count (1000); potential sync issue    
2026-08-07T04:37:26.726139Z  WARN ThreadId(20) hotstuff_runner::app: Node 1 [produce_block] queue size: 0, attempting up to 0 transactions this block    
2026-08-07T04:37:26.727625Z  WARN ThreadId(20) hotstuff_runner::app: Node 1 view(4008) far exceeds block count (1001); potential sync issue    
2026-08-07T04:37:26.783193Z  WARN ThreadId(20) hotstuff_runner::app: Node 1 [produce_block] queue size: 0, attempting up to 0 transactions this block    
2026-08-07T04:37:26.783317Z  WARN ThreadId(20) hotstuff_runner::app: Node 1 view(4012) far exceeds block count (1002); potential sync issue    
2026-08-07T04:37:26.902267Z  WARN ThreadId(20) hotstuff_runner::app: Node 1 [produce_block] queue size: 0, attempting up to 0 transactions this block    
2026-08-07T04:37:26.904603Z  WARN ThreadId(20) hotstuff_runner::app: Node 1 view(4016) far exceeds block count (1003); potential sync issue    
2026-08-07T04:37:26.961481Z  WARN ThreadId(20) hotstuff_runner::app: Node 1 [produce_block] queue size: 0, attempting up to 0 transactions this block    
2026-08-07T04:37:26.969619Z  WARN ThreadId(20) hotstuff_runner::app: Node 1 view(4020) far exceeds block count (1004); potential sync issue    
2026-08-07T04:37:27.015758Z  WARN ThreadId(20) hotstuff_runner::app: Node 1 [produce_block] queue size: 0, attempting up to 0 transactions this block    
2026-08-07T04:37:27.016291Z  WARN ThreadId(20) hotstuff_runner::app: Node 1 view(4024) far exceeds block count (1005); potential sync issue    
2026-08-07T04:37:27.123441Z  WARN ThreadId(20) hotstuff_runner::app: Node 1 [produce_block] queue size: 0, attempting up to 0 transactions this block    
2026-08-07T04:37:27.127413Z  WARN ThreadId(20) hotstuff_runner::app: Node 1 view(4028) far exceeds block count (1006); potential sync issue    
2026-08-07T04:37:27.201295Z  WARN ThreadId(20) hotstuff_runner::app: Node 1 [produce_block] queue size: 0, attempting up to 0 transactions this block    
2026-08-07T04:37:27.201429Z  WARN ThreadId(20) hotstuff_runner::app: Node 1 view(4032) far exceeds block count (1007); potential sync issue    
2026-08-07T04:37:27.360286Z  WARN ThreadId(20) hotstuff_runner::app: Node 1 [produce_block] queue size: 0, attempting up to 0 transactions this block    
2026-08-07T04:37:27.360771Z  WARN ThreadId(20) hotstuff_runner::app: Node 1 view(4036) far exceeds block count (1008); potential sync issue    
2026-08-07T04:37:27.440677Z  WARN ThreadId(20) hotstuff_runner::app: Node 1 [produce_block] queue size: 0, attempting up to 0 transactions this block    
2026-08-07T04:37:27.441025Z  WARN ThreadId(20) hotstuff_runner::app: Node 1 view(4040) far exceeds block count (1009); potential sync issue    
2026-08-07T04:37:27.523323Z  WARN ThreadId(20) hotstuff_runner::app: Node 1 [produce_block] queue size: 0, attempting up to 0 transactions this block    
2026-08-07T04:37:27.523676Z  WARN ThreadId(20) hotstuff_runner::app: Node 1 view(4044) far exceeds block count (1010); potential sync issue    
2026-08-07T04:37:27.597086Z  WARN ThreadId(20) hotstuff_runner::app: Node 1 [produce_block] queue size: 0, attempting up to 0 transactions this block    
2026-08-07T04:37:27.597676Z  WARN ThreadId(20) hotstuff_runner::app: Node 1 view(4048) far exceeds block count (1011); potential sync issue    
2026-08-07T04:37:27.710898Z  WARN ThreadId(20) hotstuff_runner::app: Node 1 [produce_block] queue size: 0, attempting up to 0 transactions this block    
2026-08-07T04:37:27.711651Z  WARN ThreadId(20) hotstuff_runner::app: Node 1 view(4052) far exceeds block count (1012); potential sync issue    
2026-08-07T04:37:27.781472Z  WARN ThreadId(20) hotstuff_runner::app: Node 1 [produce_block] queue size: 0, attempting up to 0 transactions this block    
2026-08-07T04:37:27.782325Z  WARN ThreadId(20) hotstuff_runner::app: Node 1 view(4056) far exceeds block count (1013); potential sync issue    
2026-08-07T04:37:27.869934Z  WARN ThreadId(20) hotstuff_runner::app: Node 1 [produce_block] queue size: 0, attempting up to 0 transactions this block    
2026-08-07T04:37:27.870422Z  WARN ThreadId(20) hotstuff_runner::app: Node 1 view(4060) far exceeds block count (1014); potential sync issue    
2026-08-07T04:37:27.986987Z  WARN ThreadId(20) hotstuff_runner::app: Node 1 [produce_block] queue size: 0, attempting up to 0 transactions this block    
2026-08-07T04:37:27.988357Z  WARN ThreadId(20) hotstuff_runner::app: Node 1 view(4064) far exceeds block count (1015); potential sync issue    
2026-08-07T04:37:28.084565Z  WARN ThreadId(20) hotstuff_runner::app: Node 1 [produce_block] queue size: 0, attempting up to 0 transactions this block    
2026-08-07T04:37:28.086054Z  WARN ThreadId(20) hotstuff_runner::app: Node 1 view(4068) far exceeds block count (1016); potential sync issue    
2026-08-07T04:37:28.145100Z  WARN ThreadId(20) hotstuff_runner::app: Node 1 [produce_block] queue size: 0, attempting up to 0 transactions this block    
2026-08-07T04:37:28.145435Z  WARN ThreadId(20) hotstuff_runner::app: Node 1 view(4072) far exceeds block count (1017); potential sync issue    
2026-08-07T04:37:28.213231Z  WARN ThreadId(20) hotstuff_runner::app: Node 1 [produce_block] queue size: 0, attempting up to 0 transactions this block    
2026-08-07T04:37:28.215241Z  WARN ThreadId(20) hotstuff_runner::app: Node 1 view(4076) far exceeds block count (1018); potential sync issue    
2026-08-07T04:37:28.340289Z  WARN ThreadId(20) hotstuff_runner::app: Node 1 [produce_block] queue size: 0, attempting up to 0 transactions this block    
2026-08-07T04:37:28.342063Z  WARN ThreadId(20) hotstuff_runner::app: Node 1 view(4080) far exceeds block count (1019); potential sync issue    
2026-08-07T04:37:28.405349Z  WARN ThreadId(20) hotstuff_runner::app: Node 1 [produce_block] queue size: 0, attempting up to 0 transactions this block    
2026-08-07T04:37:28.407098Z  WARN ThreadId(20) hotstuff_runner::app: Node 1 view(4084) far exceeds block count (1020); potential sync issue    
2026-08-07T04:37:28.477917Z  WARN ThreadId(20) hotstuff_runner::app: Node 1 [produce_block] queue size: 0, attempting up to 0 transactions this block    
2026-08-07T04:37:28.478464Z  WARN ThreadId(20) hotstuff_runner::app: Node 1 view(4088) far exceeds block count (1021); potential sync issue    
2026-08-07T04:37:28.558906Z  WARN ThreadId(20) hotstuff_runner::app: Node 1 [produce_block] queue size: 0, attempting up to 0 transactions this block    
2026-08-07T04:37:28.559306Z  WARN ThreadId(20) hotstuff_runner::app: Node 1 view(4092) far exceeds block count (1022); potential sync issue    
2026-08-07T04:37:28.635915Z  WARN ThreadId(20) hotstuff_runner::app: Node 1 [produce_block] queue size: 0, attempting up to 0 transactions this block    
2026-08-07T04:37:28.636465Z  WARN ThreadId(20) hotstuff_runner::app: Node 1 view(4096) far exceeds block count (1023); potential sync issue    
2026-08-07T04:37:28.677328Z  WARN ThreadId(20) hotstuff_runner::app: Node 1 [produce_block] queue size: 0, attempting up to 0 transactions this block    
2026-08-07T04:37:28.677494Z  WARN ThreadId(20) hotstuff_runner::app: Node 1 view(4100) far exceeds block count (1024); potential sync issue    
2026-08-07T04:37:28.743392Z  WARN ThreadId(20) hotstuff_runner::app: Node 1 [produce_block] queue size: 0, attempting up to 0 transactions this block    
2026-08-07T04:37:28.744600Z  WARN ThreadId(20) hotstuff_runner::app: Node 1 view(4104) far exceeds block count (1025); potential sync issue    
2026-08-07T04:37:28.821032Z  WARN ThreadId(20) hotstuff_runner::app: Node 1 [produce_block] queue size: 0, attempting up to 0 transactions this block    
2026-08-07T04:37:28.829849Z  WARN ThreadId(20) hotstuff_runner::app: Node 1 view(4108) far exceeds block count (1026); potential sync issue    
2026-08-07T04:37:28.895348Z  WARN ThreadId(20) hotstuff_runner::app: Node 1 [produce_block] queue size: 0, attempting up to 0 transactions this block    
2026-08-07T04:37:28.896018Z  WARN ThreadId(20) hotstuff_runner::app: Node 1 view(4112) far exceeds block count (1027); potential sync issue    
2026-08-07T04:37:28.983427Z  WARN ThreadId(20) hotstuff_runner::app: Node 1 [produce_block] queue size: 0, attempting up to 0 transactions this block    
2026-08-07T04:37:28.984054Z  WARN ThreadId(20) hotstuff_runner::app: Node 1 view(4116) far exceeds block count (1028); potential sync issue    
2026-08-07T04:37:29.042592Z  WARN ThreadId(20) hotstuff_runner::app: Node 1 [produce_block] queue size: 0, attempting up to 0 transactions this block    
2026-08-07T04:37:29.042831Z  WARN ThreadId(20) hotstuff_runner::app: Node 1 view(4120) far exceeds block count (1029); potential sync issue    
2026-08-07T04:37:29.105598Z  WARN ThreadId(20) hotstuff_runner::app: Node 1 [produce_block] queue size: 0, attempting up to 0 transactions this block    
2026-08-07T04:37:29.106454Z  WARN ThreadId(20) hotstuff_runner::app: Node 1 view(4124) far exceeds block count (1030); potential sync issue    
2026-08-07T04:37:29.159391Z  WARN ThreadId(20) hotstuff_runner::app: Node 1 [produce_block] queue size: 0, attempting up to 0 transactions this block    
2026-08-07T04:37:29.159841Z  WARN ThreadId(20) hotstuff_runner::app: Node 1 view(4128) far exceeds block count (1031); potential sync issue    
2026-08-07T04:37:29.220711Z  WARN ThreadId(20) hotstuff_runner::app: Node 1 [produce_block] queue size: 0, attempting up to 0 transactions this block    
2026-08-07T04:37:29.220844Z  WARN ThreadId(20) hotstuff_runner::app: Node 1 view(4132) far exceeds block count (1032); potential sync issue    
2026-08-07T04:37:29.273032Z  WARN ThreadId(20) hotstuff_runner::app: Node 1 [produce_block] queue size: 0, attempting up to 0 transactions this block    
2026-08-07T04:37:29.273367Z  WARN ThreadId(20) hotstuff_runner::app: Node 1 view(4136) far exceeds block count (1033); potential sync issue    
2026-08-07T04:37:29.338818Z  WARN ThreadId(20) hotstuff_runner::app: Node 1 [produce_block] queue size: 0, attempting up to 0 transactions this block    
2026-08-07T04:37:29.340706Z  WARN ThreadId(20) hotstuff_runner::app: Node 1 view(4140) far exceeds block count (1034); potential sync issue    
2026-08-07T04:37:29.446121Z  WARN ThreadId(20) hotstuff_runner::app: Node 1 [produce_block] queue size: 0, attempting up to 0 transactions this block    
2026-08-07T04:37:29.449686Z  WARN ThreadId(20) hotstuff_runner::app: Node 1 view(4144) far exceeds block count (1035); potential sync issue    
2026-08-07T04:37:29.506528Z  WARN ThreadId(20) hotstuff_runner::app: Node 1 [produce_block] queue size: 0, attempting up to 0 transactions this block    
2026-08-07T04:37:29.511077Z  WARN ThreadId(20) hotstuff_runner::app: Node 1 view(4148) far exceeds block count (1036); potential sync issue    
2026-08-07T04:37:29.627930Z  WARN ThreadId(20) hotstuff_runner::app: Node 1 [produce_block] queue size: 0, attempting up to 0 transactions this block    
2026-08-07T04:37:29.628693Z  WARN ThreadId(20) hotstuff_runner::app: Node 1 view(4152) far exceeds block count (1037); potential sync issue    
2026-08-07T04:37:29.749270Z  WARN ThreadId(20) hotstuff_runner::app: Node 1 [produce_block] queue size: 0, attempting up to 0 transactions this block    
2026-08-07T04:37:29.752647Z  WARN ThreadId(20) hotstuff_runner::app: Node 1 view(4156) far exceeds block count (1038); potential sync issue    
2026-08-07T04:37:29.895071Z  WARN ThreadId(20) hotstuff_runner::app: Node 1 [produce_block] queue size: 0, attempting up to 0 transactions this block    
2026-08-07T04:37:29.899822Z  WARN ThreadId(20) hotstuff_runner::app: Node 1 view(4160) far exceeds block count (1039); potential sync issue    
2026-08-07T04:37:29.989815Z  WARN ThreadId(20) hotstuff_runner::app: Node 1 [produce_block] queue size: 0, attempting up to 0 transactions this block    
2026-08-07T04:37:29.989913Z  WARN ThreadId(20) hotstuff_runner::app: Node 1 view(4164) far exceeds block count (1040); potential sync issue    
2026-08-07T04:37:30.051241Z  WARN ThreadId(20) hotstuff_runner::app: Node 1 [produce_block] queue size: 0, attempting up to 0 transactions this block    
2026-08-07T04:37:30.053705Z  WARN ThreadId(20) hotstuff_runner::app: Node 1 view(4168) far exceeds block count (1041); potential sync issue    
2026-08-07T04:37:30.168656Z  WARN ThreadId(20) hotstuff_runner::app: Node 1 [produce_block] queue size: 0, attempting up to 0 transactions this block    
2026-08-07T04:37:30.168800Z  WARN ThreadId(20) hotstuff_runner::app: Node 1 view(4172) far exceeds block count (1042); potential sync issue    
2026-08-07T04:37:30.238068Z  WARN ThreadId(20) hotstuff_runner::app: Node 1 [produce_block] queue size: 0, attempting up to 0 transactions this block    
2026-08-07T04:37:30.239085Z  WARN ThreadId(20) hotstuff_runner::app: Node 1 view(4176) far exceeds block count (1043); potential sync issue    
2026-08-07T04:37:30.288242Z  WARN ThreadId(20) hotstuff_runner::app: Node 1 [produce_block] queue size: 0, attempting up to 0 transactions this block    
2026-08-07T04:37:30.289700Z  WARN ThreadId(20) hotstuff_runner::app: Node 1 view(4180) far exceeds block count (1044); potential sync issue    
2026-08-07T04:37:30.382186Z  WARN ThreadId(20) hotstuff_runner::app: Node 1 [produce_block] queue size: 0, attempting up to 0 transactions this block    
2026-08-07T04:37:30.382281Z  WARN ThreadId(20) hotstuff_runner::app: Node 1 view(4184) far exceeds block count (1045); potential sync issue    
2026-08-07T04:37:30.456289Z  WARN ThreadId(20) hotstuff_runner::app: Node 1 [produce_block] queue size: 0, attempting up to 0 transactions this block    
2026-08-07T04:37:30.461721Z  WARN ThreadId(20) hotstuff_runner::app: Node 1 view(4188) far exceeds block count (1046); potential sync issue    
2026-08-07T04:37:30.563803Z  WARN ThreadId(20) hotstuff_runner::app: Node 1 [produce_block] queue size: 0, attempting up to 0 transactions this block    
2026-08-07T04:37:30.563943Z  WARN ThreadId(20) hotstuff_runner::app: Node 1 view(4192) far exceeds block count (1047); potential sync issue    
2026-08-07T04:37:30.617036Z  WARN ThreadId(20) hotstuff_runner::app: Node 1 [produce_block] queue size: 0, attempting up to 0 transactions this block    
2026-08-07T04:37:30.617142Z  WARN ThreadId(20) hotstuff_runner::app: Node 1 view(4196) far exceeds block count (1048); potential sync issue    
2026-08-07T04:37:30.685576Z  WARN ThreadId(20) hotstuff_runner::app: Node 1 [produce_block] queue size: 0, attempting up to 0 transactions this block    
2026-08-07T04:37:30.685776Z  WARN ThreadId(20) hotstuff_runner::app: Node 1 view(4200) far exceeds block count (1049); potential sync issue    
2026-08-07T04:37:30.746357Z  WARN ThreadId(20) hotstuff_runner::app: Node 1 [produce_block] queue size: 0, attempting up to 0 transactions this block    
2026-08-07T04:37:30.746636Z  WARN ThreadId(20) hotstuff_runner::app: Node 1 view(4204) far exceeds block count (1050); potential sync issue    
2026-08-07T04:37:30.820800Z  WARN ThreadId(20) hotstuff_runner::app: Node 1 [produce_block] queue size: 0, attempting up to 0 transactions this block    
2026-08-07T04:37:30.825152Z  WARN ThreadId(20) hotstuff_runner::app: Node 1 view(4208) far exceeds block count (1051); potential sync issue    
2026-08-07T04:37:30.899054Z  WARN ThreadId(20) hotstuff_runner::app: Node 1 [produce_block] queue size: 0, attempting up to 0 transactions this block    
2026-08-07T04:37:30.902011Z  WARN ThreadId(20) hotstuff_runner::app: Node 1 view(4212) far exceeds block count (1052); potential sync issue    
2026-08-07T04:37:30.974469Z  WARN ThreadId(07) docker_node:   Connection reuse ineffective (2.0 msg/conn)
2026-08-07T04:37:31.012941Z  WARN ThreadId(20) hotstuff_runner::app: Node 1 [produce_block] queue size: 0, attempting up to 0 transactions this block    
2026-08-07T04:37:31.014606Z  WARN ThreadId(20) hotstuff_runner::app: Node 1 view(4216) far exceeds block count (1053); potential sync issue    
2026-08-07T04:37:33.071459Z  WARN ThreadId(20) hotstuff_runner::app: Node 1 [produce_block] queue size: 0, attempting up to 0 transactions this block    
2026-08-07T04:37:33.071633Z  WARN ThreadId(20) hotstuff_runner::app: Node 1 view(4220) far exceeds block count (1054); potential sync issue    
2026-08-07T04:37:33.134687Z  WARN ThreadId(20) hotstuff_runner::app: Node 1 [produce_block] queue size: 0, attempting up to 0 transactions this block    
2026-08-07T04:37:33.134754Z  WARN ThreadId(20) hotstuff_runner::app: Node 1 view(4224) far exceeds block count (1055); potential sync issue    
2026-08-07T04:37:33.194200Z  WARN ThreadId(20) hotstuff_runner::app: Node 1 [produce_block] queue size: 0, attempting up to 0 transactions this block    
2026-08-07T04:37:33.197565Z  WARN ThreadId(20) hotstuff_runner::app: Node 1 view(4228) far exceeds block count (1056); potential sync issue    
2026-08-07T04:37:33.265220Z  WARN ThreadId(20) hotstuff_runner::app: Node 1 [produce_block] queue size: 0, attempting up to 0 transactions this block    
2026-08-07T04:37:33.265331Z  WARN ThreadId(20) hotstuff_runner::app: Node 1 view(4232) far exceeds block count (1057); potential sync issue    
2026-08-07T04:37:33.326896Z  WARN ThreadId(20) hotstuff_runner::app: Node 1 [produce_block] queue size: 0, attempting up to 0 transactions this block    
2026-08-07T04:37:33.327045Z  WARN ThreadId(20) hotstuff_runner::app: Node 1 view(4236) far exceeds block count (1058); potential sync issue    
2026-08-07T04:37:33.389376Z  WARN ThreadId(20) hotstuff_runner::app: Node 1 [produce_block] queue size: 0, attempting up to 0 transactions this block    
2026-08-07T04:37:33.393061Z  WARN ThreadId(20) hotstuff_runner::app: Node 1 view(4240) far exceeds block count (1059); potential sync issue    
2026-08-07T04:37:33.469312Z  WARN ThreadId(20) hotstuff_runner::app: Node 1 [produce_block] queue size: 0, attempting up to 0 transactions this block    
2026-08-07T04:37:33.470069Z  WARN ThreadId(20) hotstuff_runner::app: Node 1 view(4244) far exceeds block count (1060); potential sync issue    
2026-08-07T04:37:33.541201Z  WARN ThreadId(20) hotstuff_runner::app: Node 1 [produce_block] queue size: 0, attempting up to 0 transactions this block    
2026-08-07T04:37:33.541462Z  WARN ThreadId(20) hotstuff_runner::app: Node 1 view(4248) far exceeds block count (1061); potential sync issue    
2026-08-07T04:37:33.615471Z  WARN ThreadId(20) hotstuff_runner::app: Node 1 [produce_block] queue size: 0, attempting up to 0 transactions this block    
2026-08-07T04:37:33.615636Z  WARN ThreadId(20) hotstuff_runner::app: Node 1 view(4252) far exceeds block count (1062); potential sync issue    
2026-08-07T04:37:33.678470Z  WARN ThreadId(20) hotstuff_runner::app: Node 1 [produce_block] queue size: 0, attempting up to 0 transactions this block    
2026-08-07T04:37:33.678799Z  WARN ThreadId(20) hotstuff_runner::app: Node 1 view(4256) far exceeds block count (1063); potential sync issue    
2026-08-07T04:37:33.716063Z  WARN ThreadId(20) hotstuff_runner::app: Node 1 [produce_block] queue size: 0, attempting up to 0 transactions this block    
2026-08-07T04:37:33.716278Z  WARN ThreadId(20) hotstuff_runner::app: Node 1 view(4260) far exceeds block count (1064); potential sync issue    
2026-08-07T04:37:33.765674Z  WARN ThreadId(20) hotstuff_runner::app: Node 1 [produce_block] queue size: 0, attempting up to 0 transactions this block    
2026-08-07T04:37:33.765974Z  WARN ThreadId(20) hotstuff_runner::app: Node 1 view(4264) far exceeds block count (1065); potential sync issue    
2026-08-07T04:37:33.818144Z  WARN ThreadId(20) hotstuff_runner::app: Node 1 [produce_block] queue size: 0, attempting up to 0 transactions this block    
2026-08-07T04:37:33.826256Z  WARN ThreadId(20) hotstuff_runner::app: Node 1 view(4268) far exceeds block count (1066); potential sync issue    
2026-08-07T04:37:33.927178Z  WARN ThreadId(20) hotstuff_runner::app: Node 1 [produce_block] queue size: 0, attempting up to 0 transactions this block    
2026-08-07T04:37:33.927832Z  WARN ThreadId(20) hotstuff_runner::app: Node 1 view(4272) far exceeds block count (1067); potential sync issue    
2026-08-07T04:37:34.005080Z  WARN ThreadId(20) hotstuff_runner::app: Node 1 [produce_block] queue size: 0, attempting up to 0 transactions this block    
2026-08-07T04:37:34.005304Z  WARN ThreadId(20) hotstuff_runner::app: Node 1 view(4276) far exceeds block count (1068); potential sync issue    
2026-08-07T04:37:34.068215Z  WARN ThreadId(20) hotstuff_runner::app: Node 1 [produce_block] queue size: 0, attempting up to 0 transactions this block    
2026-08-07T04:37:34.069060Z  WARN ThreadId(20) hotstuff_runner::app: Node 1 view(4280) far exceeds block count (1069); potential sync issue    
2026-08-07T04:37:34.139212Z  WARN ThreadId(20) hotstuff_runner::app: Node 1 [produce_block] queue size: 0, attempting up to 0 transactions this block    
2026-08-07T04:37:34.139602Z  WARN ThreadId(20) hotstuff_runner::app: Node 1 view(4284) far exceeds block count (1070); potential sync issue    
2026-08-07T04:37:34.204636Z  WARN ThreadId(20) hotstuff_runner::app: Node 1 [produce_block] queue size: 0, attempting up to 0 transactions this block    
2026-08-07T04:37:34.206529Z  WARN ThreadId(20) hotstuff_runner::app: Node 1 view(4288) far exceeds block count (1071); potential sync issue    
2026-08-07T04:37:34.270807Z  WARN ThreadId(20) hotstuff_runner::app: Node 1 [produce_block] queue size: 0, attempting up to 0 transactions this block    
2026-08-07T04:37:34.272565Z  WARN ThreadId(20) hotstuff_runner::app: Node 1 view(4292) far exceeds block count (1072); potential sync issue    
2026-08-07T04:37:34.320901Z  WARN ThreadId(20) hotstuff_runner::app: Node 1 [produce_block] queue size: 0, attempting up to 0 transactions this block    
2026-08-07T04:37:34.321308Z  WARN ThreadId(20) hotstuff_runner::app: Node 1 view(4296) far exceeds block count (1073); potential sync issue    
2026-08-07T04:37:34.415247Z  WARN ThreadId(20) hotstuff_runner::app: Node 1 [produce_block] queue size: 0, attempting up to 0 transactions this block    
2026-08-07T04:37:34.417199Z  WARN ThreadId(20) hotstuff_runner::app: Node 1 view(4300) far exceeds block count (1074); potential sync issue    
2026-08-07T04:37:34.527136Z  WARN ThreadId(20) hotstuff_runner::app: Node 1 [produce_block] queue size: 0, attempting up to 0 transactions this block    
2026-08-07T04:37:34.528232Z  WARN ThreadId(20) hotstuff_runner::app: Node 1 view(4304) far exceeds block count (1075); potential sync issue    
2026-08-07T04:37:34.586943Z  WARN ThreadId(20) hotstuff_runner::app: Node 1 [produce_block] queue size: 0, attempting up to 0 transactions this block    
2026-08-07T04:37:34.587584Z  WARN ThreadId(20) hotstuff_runner::app: Node 1 view(4308) far exceeds block count (1076); potential sync issue    
2026-08-07T04:37:34.658476Z  WARN ThreadId(20) hotstuff_runner::app: Node 1 [produce_block] queue size: 0, attempting up to 0 transactions this block    
2026-08-07T04:37:34.658665Z  WARN ThreadId(20) hotstuff_runner::app: Node 1 view(4312) far exceeds block count (1077); potential sync issue    
2026-08-07T04:37:34.712567Z  WARN ThreadId(20) hotstuff_runner::app: Node 1 [produce_block] queue size: 0, attempting up to 0 transactions this block    
2026-08-07T04:37:34.712846Z  WARN ThreadId(20) hotstuff_runner::app: Node 1 view(4316) far exceeds block count (1078); potential sync issue    
2026-08-07T04:37:34.764052Z  WARN ThreadId(20) hotstuff_runner::app: Node 1 [produce_block] queue size: 0, attempting up to 0 transactions this block    
2026-08-07T04:37:34.764346Z  WARN ThreadId(20) hotstuff_runner::app: Node 1 view(4320) far exceeds block count (1079); potential sync issue    
2026-08-07T04:37:34.822581Z  WARN ThreadId(20) hotstuff_runner::app: Node 1 [produce_block] queue size: 0, attempting up to 0 transactions this block    
2026-08-07T04:37:34.826625Z  WARN ThreadId(20) hotstuff_runner::app: Node 1 view(4324) far exceeds block count (1080); potential sync issue    
2026-08-07T04:37:34.896089Z  WARN ThreadId(20) hotstuff_runner::app: Node 1 [produce_block] queue size: 0, attempting up to 0 transactions this block    
2026-08-07T04:37:34.903297Z  WARN ThreadId(20) hotstuff_runner::app: Node 1 view(4328) far exceeds block count (1081); potential sync issue    
2026-08-07T04:37:34.973059Z  WARN ThreadId(20) hotstuff_runner::app: Node 1 [produce_block] queue size: 0, attempting up to 0 transactions this block    
2026-08-07T04:37:34.977631Z  WARN ThreadId(20) hotstuff_runner::app: Node 1 view(4332) far exceeds block count (1082); potential sync issue    
2026-08-07T04:37:35.049327Z  WARN ThreadId(20) hotstuff_runner::app: Node 1 [produce_block] queue size: 0, attempting up to 0 transactions this block    
2026-08-07T04:37:35.049686Z  WARN ThreadId(20) hotstuff_runner::app: Node 1 view(4336) far exceeds block count (1083); potential sync issue    
2026-08-07T04:37:35.116789Z  WARN ThreadId(20) hotstuff_runner::app: Node 1 [produce_block] queue size: 0, attempting up to 0 transactions this block    
2026-08-07T04:37:35.120504Z  WARN ThreadId(20) hotstuff_runner::app: Node 1 view(4340) far exceeds block count (1084); potential sync issue    
2026-08-07T04:37:35.205918Z  WARN ThreadId(20) hotstuff_runner::app: Node 1 [produce_block] queue size: 0, attempting up to 0 transactions this block    
2026-08-07T04:37:35.207901Z  WARN ThreadId(20) hotstuff_runner::app: Node 1 view(4344) far exceeds block count (1085); potential sync issue    
2026-08-07T04:37:35.287229Z  WARN ThreadId(20) hotstuff_runner::app: Node 1 [produce_block] queue size: 0, attempting up to 0 transactions this block    
2026-08-07T04:37:35.287392Z  WARN ThreadId(20) hotstuff_runner::app: Node 1 view(4348) far exceeds block count (1086); potential sync issue    
2026-08-07T04:37:35.380206Z  WARN ThreadId(20) hotstuff_runner::app: Node 1 [produce_block] queue size: 0, attempting up to 0 transactions this block    
2026-08-07T04:37:35.381166Z  WARN ThreadId(20) hotstuff_runner::app: Node 1 view(4352) far exceeds block count (1087); potential sync issue    
2026-08-07T04:37:35.502788Z  WARN ThreadId(20) hotstuff_runner::app: Node 1 [produce_block] queue size: 0, attempting up to 0 transactions this block    
2026-08-07T04:37:35.503374Z  WARN ThreadId(20) hotstuff_runner::app: Node 1 view(4356) far exceeds block count (1088); potential sync issue    
2026-08-07T04:37:35.605427Z  WARN ThreadId(20) hotstuff_runner::app: Node 1 [produce_block] queue size: 0, attempting up to 0 transactions this block    
2026-08-07T04:37:35.605561Z  WARN ThreadId(20) hotstuff_runner::app: Node 1 view(4360) far exceeds block count (1089); potential sync issue    
2026-08-07T04:37:35.673019Z  WARN ThreadId(20) hotstuff_runner::app: Node 1 [produce_block] queue size: 0, attempting up to 0 transactions this block    
2026-08-07T04:37:35.678461Z  WARN ThreadId(20) hotstuff_runner::app: Node 1 view(4364) far exceeds block count (1090); potential sync issue    
2026-08-07T04:37:35.787243Z  WARN ThreadId(20) hotstuff_runner::app: Node 1 [produce_block] queue size: 0, attempting up to 0 transactions this block    
2026-08-07T04:37:35.787861Z  WARN ThreadId(20) hotstuff_runner::app: Node 1 view(4368) far exceeds block count (1091); potential sync issue    
2026-08-07T04:37:35.850393Z  WARN ThreadId(20) hotstuff_runner::app: Node 1 [produce_block] queue size: 0, attempting up to 0 transactions this block    
2026-08-07T04:37:35.850782Z  WARN ThreadId(20) hotstuff_runner::app: Node 1 view(4372) far exceeds block count (1092); potential sync issue    
2026-08-07T04:37:35.925487Z  WARN ThreadId(20) hotstuff_runner::app: Node 1 [produce_block] queue size: 0, attempting up to 0 transactions this block    
2026-08-07T04:37:35.927406Z  WARN ThreadId(20) hotstuff_runner::app: Node 1 view(4376) far exceeds block count (1093); potential sync issue    
2026-08-07T04:37:35.961440Z  WARN ThreadId(05) docker_node:   Connection reuse ineffective (2.0 msg/conn)
2026-08-07T04:37:35.987897Z  WARN ThreadId(20) hotstuff_runner::app: Node 1 [produce_block] queue size: 0, attempting up to 0 transactions this block    
2026-08-07T04:37:35.988054Z  WARN ThreadId(20) hotstuff_runner::app: Node 1 view(4380) far exceeds block count (1094); potential sync issue    
2026-08-07T04:37:36.065913Z  WARN ThreadId(20) hotstuff_runner::app: Node 1 [produce_block] queue size: 0, attempting up to 0 transactions this block    
2026-08-07T04:37:36.066069Z  WARN ThreadId(20) hotstuff_runner::app: Node 1 view(4384) far exceeds block count (1095); potential sync issue    
2026-08-07T04:37:36.139991Z  WARN ThreadId(20) hotstuff_runner::app: Node 1 [produce_block] queue size: 0, attempting up to 0 transactions this block    
2026-08-07T04:37:36.140132Z  WARN ThreadId(20) hotstuff_runner::app: Node 1 view(4388) far exceeds block count (1096); potential sync issue    
2026-08-07T04:37:36.235443Z  WARN ThreadId(20) hotstuff_runner::app: Node 1 [produce_block] queue size: 0, attempting up to 0 transactions this block    
2026-08-07T04:37:36.245352Z  WARN ThreadId(20) hotstuff_runner::app: Node 1 view(4392) far exceeds block count (1097); potential sync issue    
2026-08-07T04:37:36.346358Z  WARN ThreadId(20) hotstuff_runner::app: Node 1 [produce_block] queue size: 0, attempting up to 0 transactions this block    
2026-08-07T04:37:36.347020Z  WARN ThreadId(20) hotstuff_runner::app: Node 1 view(4396) far exceeds block count (1098); potential sync issue    
2026-08-07T04:37:36.456465Z  WARN ThreadId(20) hotstuff_runner::app: Node 1 [produce_block] queue size: 0, attempting up to 0 transactions this block    
2026-08-07T04:37:36.456601Z  WARN ThreadId(20) hotstuff_runner::app: Node 1 view(4400) far exceeds block count (1099); potential sync issue    
2026-08-07T04:37:36.498783Z  WARN ThreadId(20) hotstuff_runner::app: Node 1 [produce_block] queue size: 0, attempting up to 0 transactions this block    
2026-08-07T04:37:36.498910Z  WARN ThreadId(20) hotstuff_runner::app: Node 1 view(4404) far exceeds block count (1100); potential sync issue    
2026-08-07T04:37:36.621575Z  WARN ThreadId(20) hotstuff_runner::app: Node 1 [produce_block] queue size: 0, attempting up to 0 transactions this block    
2026-08-07T04:37:36.621894Z  WARN ThreadId(20) hotstuff_runner::app: Node 1 view(4408) far exceeds block count (1101); potential sync issue    
2026-08-07T04:37:36.698582Z  WARN ThreadId(20) hotstuff_runner::app: Node 1 [produce_block] queue size: 0, attempting up to 0 transactions this block    
2026-08-07T04:37:36.698910Z  WARN ThreadId(20) hotstuff_runner::app: Node 1 view(4412) far exceeds block count (1102); potential sync issue    
2026-08-07T04:37:36.750859Z  WARN ThreadId(20) hotstuff_runner::app: Node 1 [produce_block] queue size: 0, attempting up to 0 transactions this block    
2026-08-07T04:37:36.751088Z  WARN ThreadId(20) hotstuff_runner::app: Node 1 view(4416) far exceeds block count (1103); potential sync issue    
2026-08-07T04:37:36.861669Z  WARN ThreadId(20) hotstuff_runner::app: Node 1 [produce_block] queue size: 0, attempting up to 0 transactions this block    
2026-08-07T04:37:36.862474Z  WARN ThreadId(20) hotstuff_runner::app: Node 1 view(4420) far exceeds block count (1104); potential sync issue    
2026-08-07T04:37:36.949551Z  WARN ThreadId(20) hotstuff_runner::app: Node 1 [produce_block] queue size: 0, attempting up to 0 transactions this block    
2026-08-07T04:37:36.952883Z  WARN ThreadId(20) hotstuff_runner::app: Node 1 view(4424) far exceeds block count (1105); potential sync issue    
2026-08-07T04:37:37.029206Z  WARN ThreadId(20) hotstuff_runner::app: Node 1 [produce_block] queue size: 0, attempting up to 0 transactions this block    
2026-08-07T04:37:37.031102Z  WARN ThreadId(20) hotstuff_runner::app: Node 1 view(4428) far exceeds block count (1106); potential sync issue    
2026-08-07T04:37:37.093304Z  WARN ThreadId(20) hotstuff_runner::app: Node 1 [produce_block] queue size: 0, attempting up to 0 transactions this block    
2026-08-07T04:37:37.093482Z  WARN ThreadId(20) hotstuff_runner::app: Node 1 view(4432) far exceeds block count (1107); potential sync issue    
2026-08-07T04:37:37.182617Z  WARN ThreadId(20) hotstuff_runner::app: Node 1 [produce_block] queue size: 0, attempting up to 0 transactions this block    
2026-08-07T04:37:37.183359Z  WARN ThreadId(20) hotstuff_runner::app: Node 1 view(4436) far exceeds block count (1108); potential sync issue    
2026-08-07T04:37:37.237865Z  WARN ThreadId(20) hotstuff_runner::app: Node 1 [produce_block] queue size: 0, attempting up to 0 transactions this block    
2026-08-07T04:37:37.239395Z  WARN ThreadId(20) hotstuff_runner::app: Node 1 view(4440) far exceeds block count (1109); potential sync issue    
2026-08-07T04:37:37.287636Z  WARN ThreadId(20) hotstuff_runner::app: Node 1 [produce_block] queue size: 0, attempting up to 0 transactions this block    
2026-08-07T04:37:37.287974Z  WARN ThreadId(20) hotstuff_runner::app: Node 1 view(4444) far exceeds block count (1110); potential sync issue    
2026-08-07T04:37:37.321971Z  WARN ThreadId(20) hotstuff_runner::app: Node 1 [produce_block] queue size: 0, attempting up to 0 transactions this block    
2026-08-07T04:37:37.322949Z  WARN ThreadId(20) hotstuff_runner::app: Node 1 view(4448) far exceeds block count (1111); potential sync issue    
2026-08-07T04:37:37.374115Z  WARN ThreadId(20) hotstuff_runner::app: Node 1 [produce_block] queue size: 0, attempting up to 0 transactions this block    
2026-08-07T04:37:37.374708Z  WARN ThreadId(20) hotstuff_runner::app: Node 1 view(4452) far exceeds block count (1112); potential sync issue    
2026-08-07T04:37:37.429632Z  WARN ThreadId(20) hotstuff_runner::app: Node 1 [produce_block] queue size: 0, attempting up to 0 transactions this block    
2026-08-07T04:37:37.431651Z  WARN ThreadId(20) hotstuff_runner::app: Node 1 view(4456) far exceeds block count (1113); potential sync issue    
2026-08-07T04:37:37.516836Z  WARN ThreadId(20) hotstuff_runner::app: Node 1 [produce_block] queue size: 0, attempting up to 0 transactions this block    
2026-08-07T04:37:37.518464Z  WARN ThreadId(20) hotstuff_runner::app: Node 1 view(4460) far exceeds block count (1114); potential sync issue    
2026-08-07T04:37:37.608870Z  WARN ThreadId(20) hotstuff_runner::app: Node 1 [produce_block] queue size: 0, attempting up to 0 transactions this block    
2026-08-07T04:37:37.613179Z  WARN ThreadId(20) hotstuff_runner::app: Node 1 view(4464) far exceeds block count (1115); potential sync issue    
2026-08-07T04:37:37.677152Z  WARN ThreadId(20) hotstuff_runner::app: Node 1 [produce_block] queue size: 0, attempting up to 0 transactions this block    
2026-08-07T04:37:37.678441Z  WARN ThreadId(20) hotstuff_runner::app: Node 1 view(4468) far exceeds block count (1116); potential sync issue    
2026-08-07T04:37:37.819871Z  WARN ThreadId(20) hotstuff_runner::app: Node 1 [produce_block] queue size: 0, attempting up to 0 transactions this block    
2026-08-07T04:37:37.820517Z  WARN ThreadId(20) hotstuff_runner::app: Node 1 view(4472) far exceeds block count (1117); potential sync issue    
2026-08-07T04:37:37.928466Z  WARN ThreadId(20) hotstuff_runner::app: Node 1 [produce_block] queue size: 0, attempting up to 0 transactions this block    
2026-08-07T04:37:37.928802Z  WARN ThreadId(20) hotstuff_runner::app: Node 1 view(4476) far exceeds block count (1118); potential sync issue    
2026-08-07T04:37:38.050650Z  WARN ThreadId(20) hotstuff_runner::app: Node 1 [produce_block] queue size: 0, attempting up to 0 transactions this block    
2026-08-07T04:37:38.050935Z  WARN ThreadId(20) hotstuff_runner::app: Node 1 view(4480) far exceeds block count (1119); potential sync issue    
2026-08-07T04:37:38.164774Z  WARN ThreadId(20) hotstuff_runner::app: Node 1 [produce_block] queue size: 0, attempting up to 0 transactions this block    
2026-08-07T04:37:38.171000Z  WARN ThreadId(20) hotstuff_runner::app: Node 1 view(4484) far exceeds block count (1120); potential sync issue    
2026-08-07T04:37:38.250848Z  WARN ThreadId(20) hotstuff_runner::app: Node 1 [produce_block] queue size: 0, attempting up to 0 transactions this block    
2026-08-07T04:37:38.251157Z  WARN ThreadId(20) hotstuff_runner::app: Node 1 view(4488) far exceeds block count (1121); potential sync issue    
2026-08-07T04:37:38.323475Z  WARN ThreadId(20) hotstuff_runner::app: Node 1 [produce_block] queue size: 0, attempting up to 0 transactions this block    
2026-08-07T04:37:38.323615Z  WARN ThreadId(20) hotstuff_runner::app: Node 1 view(4492) far exceeds block count (1122); potential sync issue    
2026-08-07T04:37:38.382720Z  WARN ThreadId(20) hotstuff_runner::app: Node 1 [produce_block] queue size: 0, attempting up to 0 transactions this block    
2026-08-07T04:37:38.384194Z  WARN ThreadId(20) hotstuff_runner::app: Node 1 view(4496) far exceeds block count (1123); potential sync issue    
2026-08-07T04:37:38.531860Z  WARN ThreadId(20) hotstuff_runner::app: Node 1 [produce_block] queue size: 0, attempting up to 0 transactions this block    
2026-08-07T04:37:38.532494Z  WARN ThreadId(20) hotstuff_runner::app: Node 1 view(4500) far exceeds block count (1124); potential sync issue    
2026-08-07T04:37:38.600267Z  WARN ThreadId(20) hotstuff_runner::app: Node 1 [produce_block] queue size: 0, attempting up to 0 transactions this block    
2026-08-07T04:37:38.605535Z  WARN ThreadId(20) hotstuff_runner::app: Node 1 view(4504) far exceeds block count (1125); potential sync issue    
2026-08-07T04:37:38.703455Z  WARN ThreadId(20) hotstuff_runner::app: Node 1 [produce_block] queue size: 0, attempting up to 0 transactions this block    
2026-08-07T04:37:38.715013Z  WARN ThreadId(20) hotstuff_runner::app: Node 1 view(4508) far exceeds block count (1126); potential sync issue    
2026-08-07T04:37:38.866447Z  WARN ThreadId(20) hotstuff_runner::app: Node 1 [produce_block] queue size: 0, attempting up to 0 transactions this block    
2026-08-07T04:37:38.867168Z  WARN ThreadId(20) hotstuff_runner::app: Node 1 view(4512) far exceeds block count (1127); potential sync issue    
2026-08-07T04:37:38.914638Z  WARN ThreadId(20) hotstuff_runner::app: Node 1 [produce_block] queue size: 0, attempting up to 0 transactions this block    
2026-08-07T04:37:38.915375Z  WARN ThreadId(20) hotstuff_runner::app: Node 1 view(4516) far exceeds block count (1128); potential sync issue    
2026-08-07T04:37:39.034426Z  WARN ThreadId(20) hotstuff_runner::app: Node 1 [produce_block] queue size: 0, attempting up to 0 transactions this block    
2026-08-07T04:37:39.035042Z  WARN ThreadId(20) hotstuff_runner::app: Node 1 view(4520) far exceeds block count (1129); potential sync issue    
2026-08-07T04:37:39.106383Z  WARN ThreadId(20) hotstuff_runner::app: Node 1 [produce_block] queue size: 0, attempting up to 0 transactions this block    
2026-08-07T04:37:39.106704Z  WARN ThreadId(20) hotstuff_runner::app: Node 1 view(4524) far exceeds block count (1130); potential sync issue    
2026-08-07T04:37:39.196624Z  WARN ThreadId(20) hotstuff_runner::app: Node 1 [produce_block] queue size: 0, attempting up to 0 transactions this block    
2026-08-07T04:37:39.199779Z  WARN ThreadId(20) hotstuff_runner::app: Node 1 view(4528) far exceeds block count (1131); potential sync issue    
2026-08-07T04:37:39.252129Z  WARN ThreadId(20) hotstuff_runner::app: Node 1 [produce_block] queue size: 0, attempting up to 0 transactions this block    
2026-08-07T04:37:39.252393Z  WARN ThreadId(20) hotstuff_runner::app: Node 1 view(4532) far exceeds block count (1132); potential sync issue    
2026-08-07T04:37:39.328613Z  WARN ThreadId(20) hotstuff_runner::app: Node 1 [produce_block] queue size: 0, attempting up to 0 transactions this block    
2026-08-07T04:37:39.328933Z  WARN ThreadId(20) hotstuff_runner::app: Node 1 view(4536) far exceeds block count (1133); potential sync issue    
2026-08-07T04:37:39.383003Z  WARN ThreadId(20) hotstuff_runner::app: Node 1 [produce_block] queue size: 0, attempting up to 0 transactions this block    
2026-08-07T04:37:39.383769Z  WARN ThreadId(20) hotstuff_runner::app: Node 1 view(4540) far exceeds block count (1134); potential sync issue    
2026-08-07T04:37:39.473375Z  WARN ThreadId(20) hotstuff_runner::app: Node 1 [produce_block] queue size: 0, attempting up to 0 transactions this block    
2026-08-07T04:37:39.474506Z  WARN ThreadId(20) hotstuff_runner::app: Node 1 view(4544) far exceeds block count (1135); potential sync issue    
2026-08-07T04:37:39.555281Z  WARN ThreadId(20) hotstuff_runner::app: Node 1 [produce_block] queue size: 0, attempting up to 0 transactions this block    
2026-08-07T04:37:39.555563Z  WARN ThreadId(20) hotstuff_runner::app: Node 1 view(4548) far exceeds block count (1136); potential sync issue    
2026-08-07T04:37:39.631152Z  WARN ThreadId(20) hotstuff_runner::app: Node 1 [produce_block] queue size: 0, attempting up to 0 transactions this block    
2026-08-07T04:37:39.633786Z  WARN ThreadId(20) hotstuff_runner::app: Node 1 view(4552) far exceeds block count (1137); potential sync issue    
2026-08-07T04:37:39.707476Z  WARN ThreadId(20) hotstuff_runner::app: Node 1 [produce_block] queue size: 0, attempting up to 0 transactions this block    
2026-08-07T04:37:39.710168Z  WARN ThreadId(20) hotstuff_runner::app: Node 1 view(4556) far exceeds block count (1138); potential sync issue    
2026-08-07T04:37:39.796984Z  WARN ThreadId(20) hotstuff_runner::app: Node 1 [produce_block] queue size: 0, attempting up to 0 transactions this block    
2026-08-07T04:37:39.797359Z  WARN ThreadId(20) hotstuff_runner::app: Node 1 view(4560) far exceeds block count (1139); potential sync issue    
2026-08-07T04:37:39.868733Z  WARN ThreadId(20) hotstuff_runner::app: Node 1 [produce_block] queue size: 0, attempting up to 0 transactions this block    
2026-08-07T04:37:39.868976Z  WARN ThreadId(20) hotstuff_runner::app: Node 1 view(4564) far exceeds block count (1140); potential sync issue    
2026-08-07T04:37:39.923120Z  WARN ThreadId(20) hotstuff_runner::app: Node 1 [produce_block] queue size: 0, attempting up to 0 transactions this block    
2026-08-07T04:37:39.924528Z  WARN ThreadId(20) hotstuff_runner::app: Node 1 view(4568) far exceeds block count (1141); potential sync issue    
2026-08-07T04:37:40.041150Z  WARN ThreadId(20) hotstuff_runner::app: Node 1 [produce_block] queue size: 0, attempting up to 0 transactions this block    
2026-08-07T04:37:40.042660Z  WARN ThreadId(20) hotstuff_runner::app: Node 1 view(4572) far exceeds block count (1142); potential sync issue    
2026-08-07T04:37:40.123221Z  WARN ThreadId(20) hotstuff_runner::app: Node 1 [produce_block] queue size: 0, attempting up to 0 transactions this block    
2026-08-07T04:37:40.124147Z  WARN ThreadId(20) hotstuff_runner::app: Node 1 view(4576) far exceeds block count (1143); potential sync issue    
2026-08-07T04:37:40.186743Z  WARN ThreadId(20) hotstuff_runner::app: Node 1 [produce_block] queue size: 0, attempting up to 0 transactions this block    
2026-08-07T04:37:40.186836Z  WARN ThreadId(20) hotstuff_runner::app: Node 1 view(4580) far exceeds block count (1144); potential sync issue    
2026-08-07T04:37:40.256840Z  WARN ThreadId(20) hotstuff_runner::app: Node 1 [produce_block] queue size: 0, attempting up to 0 transactions this block    
2026-08-07T04:37:40.259024Z  WARN ThreadId(20) hotstuff_runner::app: Node 1 view(4584) far exceeds block count (1145); potential sync issue    
2026-08-07T04:37:40.351887Z  WARN ThreadId(20) hotstuff_runner::app: Node 1 [produce_block] queue size: 0, attempting up to 0 transactions this block    
2026-08-07T04:37:40.354512Z  WARN ThreadId(20) hotstuff_runner::app: Node 1 view(4588) far exceeds block count (1146); potential sync issue    
2026-08-07T04:37:40.437399Z  WARN ThreadId(20) hotstuff_runner::app: Node 1 [produce_block] queue size: 0, attempting up to 0 transactions this block    
2026-08-07T04:37:40.441494Z  WARN ThreadId(20) hotstuff_runner::app: Node 1 view(4592) far exceeds block count (1147); potential sync issue    
2026-08-07T04:37:40.500262Z  WARN ThreadId(20) hotstuff_runner::app: Node 1 [produce_block] queue size: 0, attempting up to 0 transactions this block    
2026-08-07T04:37:40.501922Z  WARN ThreadId(20) hotstuff_runner::app: Node 1 view(4596) far exceeds block count (1148); potential sync issue    
2026-08-07T04:37:40.620591Z  WARN ThreadId(20) hotstuff_runner::app: Node 1 [produce_block] queue size: 0, attempting up to 0 transactions this block    
2026-08-07T04:37:40.621656Z  WARN ThreadId(20) hotstuff_runner::app: Node 1 view(4600) far exceeds block count (1149); potential sync issue    
2026-08-07T04:37:40.690102Z  WARN ThreadId(20) hotstuff_runner::app: Node 1 [produce_block] queue size: 0, attempting up to 0 transactions this block    
2026-08-07T04:37:40.690823Z  WARN ThreadId(20) hotstuff_runner::app: Node 1 view(4604) far exceeds block count (1150); potential sync issue    
2026-08-07T04:37:40.757383Z  WARN ThreadId(20) hotstuff_runner::app: Node 1 [produce_block] queue size: 0, attempting up to 0 transactions this block    
2026-08-07T04:37:40.757669Z  WARN ThreadId(20) hotstuff_runner::app: Node 1 view(4608) far exceeds block count (1151); potential sync issue    
2026-08-07T04:37:40.845017Z  WARN ThreadId(20) hotstuff_runner::app: Node 1 [produce_block] queue size: 0, attempting up to 0 transactions this block    
2026-08-07T04:37:40.854452Z  WARN ThreadId(20) hotstuff_runner::app: Node 1 view(4612) far exceeds block count (1152); potential sync issue    
2026-08-07T04:37:40.955809Z  WARN ThreadId(20) hotstuff_runner::app: Node 1 [produce_block] queue size: 0, attempting up to 0 transactions this block    
2026-08-07T04:37:40.962642Z  WARN ThreadId(05) docker_node: Low processing efficiency: 0.0% - system may need tuning
2026-08-07T04:37:40.968996Z  WARN ThreadId(05) docker_node:   Connection reuse ineffective (2.0 msg/conn)
2026-08-07T04:37:40.968343Z  WARN ThreadId(20) hotstuff_runner::app: Node 1 view(4616) far exceeds block count (1153); potential sync issue    
2026-08-07T04:37:41.086269Z  WARN ThreadId(20) hotstuff_runner::app: Node 1 [produce_block] queue size: 0, attempting up to 0 transactions this block    
2026-08-07T04:37:41.087548Z  WARN ThreadId(20) hotstuff_runner::app: Node 1 view(4620) far exceeds block count (1154); potential sync issue    
2026-08-07T04:37:41.160429Z  WARN ThreadId(20) hotstuff_runner::app: Node 1 [produce_block] queue size: 0, attempting up to 0 transactions this block    
2026-08-07T04:37:41.160786Z  WARN ThreadId(20) hotstuff_runner::app: Node 1 view(4624) far exceeds block count (1155); potential sync issue    
2026-08-07T04:37:41.238955Z  WARN ThreadId(20) hotstuff_runner::app: Node 1 [produce_block] queue size: 0, attempting up to 0 transactions this block    
2026-08-07T04:37:41.239408Z  WARN ThreadId(20) hotstuff_runner::app: Node 1 view(4628) far exceeds block count (1156); potential sync issue    
2026-08-07T04:37:41.376948Z  WARN ThreadId(20) hotstuff_runner::app: Node 1 [produce_block] queue size: 0, attempting up to 0 transactions this block    
2026-08-07T04:37:41.379112Z  WARN ThreadId(20) hotstuff_runner::app: Node 1 view(4632) far exceeds block count (1157); potential sync issue    
2026-08-07T04:37:41.441367Z  WARN ThreadId(20) hotstuff_runner::app: Node 1 [produce_block] queue size: 0, attempting up to 0 transactions this block    
2026-08-07T04:37:41.442684Z  WARN ThreadId(20) hotstuff_runner::app: Node 1 view(4636) far exceeds block count (1158); potential sync issue    
2026-08-07T04:37:41.511907Z  WARN ThreadId(20) hotstuff_runner::app: Node 1 [produce_block] queue size: 0, attempting up to 0 transactions this block    
2026-08-07T04:37:41.512140Z  WARN ThreadId(20) hotstuff_runner::app: Node 1 view(4640) far exceeds block count (1159); potential sync issue    
2026-08-07T04:37:41.579662Z  WARN ThreadId(20) hotstuff_runner::app: Node 1 [produce_block] queue size: 0, attempting up to 0 transactions this block    
2026-08-07T04:37:41.581366Z  WARN ThreadId(20) hotstuff_runner::app: Node 1 view(4644) far exceeds block count (1160); potential sync issue    
2026-08-07T04:37:41.642820Z  WARN ThreadId(20) hotstuff_runner::app: Node 1 [produce_block] queue size: 0, attempting up to 0 transactions this block    
2026-08-07T04:37:41.643109Z  WARN ThreadId(20) hotstuff_runner::app: Node 1 view(4648) far exceeds block count (1161); potential sync issue    
2026-08-07T04:37:41.762381Z  WARN ThreadId(20) hotstuff_runner::app: Node 1 [produce_block] queue size: 0, attempting up to 0 transactions this block    
2026-08-07T04:37:41.764157Z  WARN ThreadId(20) hotstuff_runner::app: Node 1 view(4652) far exceeds block count (1162); potential sync issue    
2026-08-07T04:37:41.824148Z  WARN ThreadId(20) hotstuff_runner::app: Node 1 [produce_block] queue size: 0, attempting up to 0 transactions this block    
2026-08-07T04:37:41.827622Z  WARN ThreadId(20) hotstuff_runner::app: Node 1 view(4656) far exceeds block count (1163); potential sync issue    
2026-08-07T04:37:41.966136Z  WARN ThreadId(20) hotstuff_runner::app: Node 1 [produce_block] queue size: 0, attempting up to 0 transactions this block    
2026-08-07T04:37:41.966659Z  WARN ThreadId(20) hotstuff_runner::app: Node 1 view(4660) far exceeds block count (1164); potential sync issue    
2026-08-07T04:37:42.046004Z  WARN ThreadId(20) hotstuff_runner::app: Node 1 [produce_block] queue size: 0, attempting up to 0 transactions this block    
2026-08-07T04:37:42.046138Z  WARN ThreadId(20) hotstuff_runner::app: Node 1 view(4664) far exceeds block count (1165); potential sync issue    
2026-08-07T04:37:42.150997Z  WARN ThreadId(20) hotstuff_runner::app: Node 1 [produce_block] queue size: 0, attempting up to 0 transactions this block    
2026-08-07T04:37:42.153083Z  WARN ThreadId(20) hotstuff_runner::app: Node 1 view(4668) far exceeds block count (1166); potential sync issue    
2026-08-07T04:37:42.278289Z  WARN ThreadId(20) hotstuff_runner::app: Node 1 [produce_block] queue size: 0, attempting up to 0 transactions this block    
2026-08-07T04:37:42.279461Z  WARN ThreadId(20) hotstuff_runner::app: Node 1 view(4672) far exceeds block count (1167); potential sync issue    
2026-08-07T04:37:42.366747Z  WARN ThreadId(20) hotstuff_runner::app: Node 1 [produce_block] queue size: 0, attempting up to 0 transactions this block    
2026-08-07T04:37:42.367799Z  WARN ThreadId(20) hotstuff_runner::app: Node 1 view(4676) far exceeds block count (1168); potential sync issue    
2026-08-07T04:37:42.498898Z  WARN ThreadId(20) hotstuff_runner::app: Node 1 [produce_block] queue size: 0, attempting up to 0 transactions this block    
2026-08-07T04:37:42.501763Z  WARN ThreadId(20) hotstuff_runner::app: Node 1 view(4680) far exceeds block count (1169); potential sync issue    
2026-08-07T04:37:42.593387Z  WARN ThreadId(20) hotstuff_runner::app: Node 1 [produce_block] queue size: 0, attempting up to 0 transactions this block    
2026-08-07T04:37:42.601526Z  WARN ThreadId(20) hotstuff_runner::app: Node 1 view(4684) far exceeds block count (1170); potential sync issue    
2026-08-07T04:37:42.680178Z  WARN ThreadId(20) hotstuff_runner::app: Node 1 [produce_block] queue size: 0, attempting up to 0 transactions this block    
2026-08-07T04:37:42.680500Z  WARN ThreadId(20) hotstuff_runner::app: Node 1 view(4688) far exceeds block count (1171); potential sync issue    
2026-08-07T04:37:42.780068Z  WARN ThreadId(20) hotstuff_runner::app: Node 1 [produce_block] queue size: 0, attempting up to 0 transactions this block    
2026-08-07T04:37:42.783697Z  WARN ThreadId(20) hotstuff_runner::app: Node 1 view(4692) far exceeds block count (1172); potential sync issue    
2026-08-07T04:37:42.832840Z  WARN ThreadId(20) hotstuff_runner::app: Node 1 [produce_block] queue size: 0, attempting up to 0 transactions this block    
2026-08-07T04:37:42.833586Z  WARN ThreadId(20) hotstuff_runner::app: Node 1 view(4696) far exceeds block count (1173); potential sync issue    
2026-08-07T04:37:42.903518Z  WARN ThreadId(20) hotstuff_runner::app: Node 1 [produce_block] queue size: 0, attempting up to 0 transactions this block    
2026-08-07T04:37:42.907407Z  WARN ThreadId(20) hotstuff_runner::app: Node 1 view(4700) far exceeds block count (1174); potential sync issue    
2026-08-07T04:37:42.956552Z  WARN ThreadId(20) hotstuff_runner::app: Node 1 [produce_block] queue size: 0, attempting up to 0 transactions this block    
2026-08-07T04:37:42.959638Z  WARN ThreadId(20) hotstuff_runner::app: Node 1 view(4704) far exceeds block count (1175); potential sync issue    
2026-08-07T04:37:43.046666Z  WARN ThreadId(20) hotstuff_runner::app: Node 1 [produce_block] queue size: 0, attempting up to 0 transactions this block    
2026-08-07T04:37:43.047234Z  WARN ThreadId(20) hotstuff_runner::app: Node 1 view(4708) far exceeds block count (1176); potential sync issue    
2026-08-07T04:37:43.129155Z  WARN ThreadId(20) hotstuff_runner::app: Node 1 [produce_block] queue size: 0, attempting up to 0 transactions this block    
2026-08-07T04:37:43.129656Z  WARN ThreadId(20) hotstuff_runner::app: Node 1 view(4712) far exceeds block count (1177); potential sync issue    
2026-08-07T04:37:43.254535Z  WARN ThreadId(20) hotstuff_runner::app: Node 1 [produce_block] queue size: 0, attempting up to 0 transactions this block    
2026-08-07T04:37:43.255278Z  WARN ThreadId(20) hotstuff_runner::app: Node 1 view(4716) far exceeds block count (1178); potential sync issue    
2026-08-07T04:37:43.334702Z  WARN ThreadId(20) hotstuff_runner::app: Node 1 [produce_block] queue size: 0, attempting up to 0 transactions this block    
2026-08-07T04:37:43.334807Z  WARN ThreadId(20) hotstuff_runner::app: Node 1 view(4720) far exceeds block count (1179); potential sync issue    
2026-08-07T04:37:43.404696Z  WARN ThreadId(20) hotstuff_runner::app: Node 1 [produce_block] queue size: 0, attempting up to 0 transactions this block    
2026-08-07T04:37:43.412473Z  WARN ThreadId(20) hotstuff_runner::app: Node 1 view(4724) far exceeds block count (1180); potential sync issue    
2026-08-07T04:37:43.497445Z  WARN ThreadId(20) hotstuff_runner::app: Node 1 [produce_block] queue size: 0, attempting up to 0 transactions this block    
2026-08-07T04:37:43.497854Z  WARN ThreadId(20) hotstuff_runner::app: Node 1 view(4728) far exceeds block count (1181); potential sync issue    
2026-08-07T04:37:43.553680Z  WARN ThreadId(20) hotstuff_runner::app: Node 1 [produce_block] queue size: 0, attempting up to 0 transactions this block    
2026-08-07T04:37:43.553829Z  WARN ThreadId(20) hotstuff_runner::app: Node 1 view(4732) far exceeds block count (1182); potential sync issue    
2026-08-07T04:37:43.690483Z  WARN ThreadId(20) hotstuff_runner::app: Node 1 [produce_block] queue size: 0, attempting up to 0 transactions this block    
2026-08-07T04:37:43.696841Z  WARN ThreadId(20) hotstuff_runner::app: Node 1 view(4736) far exceeds block count (1183); potential sync issue    
2026-08-07T04:37:43.759975Z  WARN ThreadId(20) hotstuff_runner::app: Node 1 [produce_block] queue size: 0, attempting up to 0 transactions this block    
2026-08-07T04:37:43.760107Z  WARN ThreadId(20) hotstuff_runner::app: Node 1 view(4740) far exceeds block count (1184); potential sync issue    
2026-08-07T04:37:43.841440Z  WARN ThreadId(20) hotstuff_runner::app: Node 1 [produce_block] queue size: 0, attempting up to 0 transactions this block    
2026-08-07T04:37:43.845647Z  WARN ThreadId(20) hotstuff_runner::app: Node 1 view(4744) far exceeds block count (1185); potential sync issue    
2026-08-07T04:37:45.910699Z  WARN ThreadId(20) hotstuff_rs::block_tree::invariants: SAFE_PC_FAIL: pc.block=[33, 101, 254, 126, 234, 139, 182, 144, 40, 191, 249, 45, 8, 92, 142, 6, 31, 195, 43, 85, 62, 59, 110, 161, 15, 217, 251, 154, 251, 183, 81, 230] view=4742 phase=Generic | cond1(chain_id/genesis)=true (pc.chain_id=0, my.chain_id=0) | cond2(block_exists/genesis)=true (exists=true) | cond3(view>locked || extends)=false (pc.view=4742, locked.view=4743, extends=false) | cond4(phase/updates)=true (phase_special=false, has_updates=false) | highest_pc.block=[188, 101, 181, 130, 183, 118, 68, 217, 76, 133, 37, 225, 76, 92, 250, 168, 148, 20, 123, 219, 61, 8, 148, 206, 186, 93, 117, 49, 205, 158, 103, 51] highest_pc.view=4744 locked.block=[157, 107, 135, 49, 112, 212, 30, 202, 10, 103, 158, 255, 173, 174, 187, 235, 236, 249, 204, 59, 243, 189, 198, 85, 205, 165, 207, 28, 183, 240, 0, 248] locked.view=4743    
2026-08-07T04:37:45.911023Z  WARN ThreadId(20) hotstuff_rs::block_tree::invariants: SAFE_BLOCK_FAIL: block=[79, 254, 44, 181, 106, 37, 220, 152, 24, 52, 163, 235, 201, 125, 212, 194, 165, 165, 44, 176, 43, 66, 86, 170, 46, 120, 145, 180, 62, 67, 64, 166] height=None | cond1(safe_pc)=false | cond2(is_block_justify)=true (justify.phase=Generic) | justify.block=[33, 101, 254, 126, 234, 139, 182, 144, 40, 191, 249, 45, 8, 92, 142, 6, 31, 195, 43, 85, 62, 59, 110, 161, 15, 217, 251, 154, 251, 183, 81, 230] justify.view=4742 | highest_pc.block=[188, 101, 181, 130, 183, 118, 68, 217, 76, 133, 37, 225, 76, 92, 250, 168, 148, 20, 123, 219, 61, 8, 148, 206, 186, 93, 117, 49, 205, 158, 103, 51] highest_pc.view=4744 | locked.block=[157, 107, 135, 49, 112, 212, 30, 202, 10, 103, 158, 255, 173, 174, 187, 235, 236, 249, 204, 59, 243, 189, 198, 85, 205, 165, 207, 28, 183, 240, 0, 248] locked.view=4743    
2026-08-07T04:37:45.962546Z  WARN ThreadId(05) docker_node: Low processing efficiency: 0.0% - system may need tuning
2026-08-07T04:37:45.962817Z  WARN ThreadId(05) docker_node:   Connection reuse ineffective (2.0 msg/conn)
2026-08-07T04:37:47.874783Z  WARN ThreadId(20) hotstuff_runner::app: Node 1 [produce_block] queue size: 0, attempting up to 0 transactions this block    
2026-08-07T04:37:47.876476Z  WARN ThreadId(20) hotstuff_runner::app: Node 1 view(4748) far exceeds block count (1186); potential sync issue    
2026-08-07T04:37:49.913442Z  WARN ThreadId(21) hotstuff_runner::tcp_node: Node 1 view 4749 timed out; latency may accumulate
2026-08-07T04:37:49.972795Z  WARN ThreadId(20) hotstuff_runner::app: Node 1 [produce_block] queue size: 0, attempting up to 0 transactions this block    
2026-08-07T04:37:49.977140Z  WARN ThreadId(20) hotstuff_runner::app: Node 1 view(4752) far exceeds block count (1187); potential sync issue    
2026-08-07T04:37:50.060540Z  WARN ThreadId(20) hotstuff_runner::app: Node 1 [produce_block] queue size: 0, attempting up to 0 transactions this block    
2026-08-07T04:37:50.061049Z  WARN ThreadId(20) hotstuff_runner::app: Node 1 view(4756) far exceeds block count (1188); potential sync issue    
2026-08-07T04:37:50.171484Z  WARN ThreadId(20) hotstuff_runner::app: Node 1 [produce_block] queue size: 0, attempting up to 0 transactions this block    
2026-08-07T04:37:50.172570Z  WARN ThreadId(20) hotstuff_runner::app: Node 1 view(4760) far exceeds block count (1189); potential sync issue    
2026-08-07T04:37:50.291468Z  WARN ThreadId(20) hotstuff_runner::app: Node 1 [produce_block] queue size: 0, attempting up to 0 transactions this block    
2026-08-07T04:37:50.291787Z  WARN ThreadId(20) hotstuff_runner::app: Node 1 view(4764) far exceeds block count (1190); potential sync issue    
2026-08-07T04:37:50.383029Z  WARN ThreadId(20) hotstuff_runner::app: Node 1 [produce_block] queue size: 0, attempting up to 0 transactions this block    
2026-08-07T04:37:50.383581Z  WARN ThreadId(20) hotstuff_runner::app: Node 1 view(4768) far exceeds block count (1191); potential sync issue    
2026-08-07T04:37:50.478998Z  WARN ThreadId(20) hotstuff_runner::app: Node 1 [produce_block] queue size: 0, attempting up to 0 transactions this block    
2026-08-07T04:37:50.479397Z  WARN ThreadId(20) hotstuff_runner::app: Node 1 view(4772) far exceeds block count (1192); potential sync issue    
2026-08-07T04:37:50.563269Z  WARN ThreadId(20) hotstuff_runner::app: Node 1 [produce_block] queue size: 0, attempting up to 0 transactions this block    
2026-08-07T04:37:50.574475Z  WARN ThreadId(20) hotstuff_runner::app: Node 1 view(4776) far exceeds block count (1193); potential sync issue    
2026-08-07T04:37:50.640125Z  WARN ThreadId(20) hotstuff_runner::app: Node 1 [produce_block] queue size: 0, attempting up to 0 transactions this block    
2026-08-07T04:37:50.640902Z  WARN ThreadId(20) hotstuff_runner::app: Node 1 view(4780) far exceeds block count (1194); potential sync issue    
2026-08-07T04:37:50.768197Z  WARN ThreadId(20) hotstuff_runner::app: Node 1 [produce_block] queue size: 0, attempting up to 0 transactions this block    
2026-08-07T04:37:50.768392Z  WARN ThreadId(20) hotstuff_runner::app: Node 1 view(4784) far exceeds block count (1195); potential sync issue    
2026-08-07T04:37:50.857659Z  WARN ThreadId(20) hotstuff_runner::app: Node 1 [produce_block] queue size: 0, attempting up to 0 transactions this block    
2026-08-07T04:37:50.863336Z  WARN ThreadId(20) hotstuff_runner::app: Node 1 view(4788) far exceeds block count (1196); potential sync issue    
2026-08-07T04:37:50.968497Z  WARN ThreadId(07) docker_node: Low processing efficiency: 0.0% - system may need tuning
2026-08-07T04:37:50.968770Z  WARN ThreadId(07) docker_node:   Connection reuse ineffective (2.0 msg/conn)
2026-08-07T04:37:51.010391Z  WARN ThreadId(20) hotstuff_runner::app: Node 1 [produce_block] queue size: 0, attempting up to 0 transactions this block    
2026-08-07T04:37:51.013751Z  WARN ThreadId(20) hotstuff_runner::app: Node 1 view(4792) far exceeds block count (1197); potential sync issue    
2026-08-07T04:37:51.102134Z  WARN ThreadId(20) hotstuff_runner::app: Node 1 [produce_block] queue size: 0, attempting up to 0 transactions this block    
2026-08-07T04:37:51.102472Z  WARN ThreadId(20) hotstuff_runner::app: Node 1 view(4796) far exceeds block count (1198); potential sync issue    
2026-08-07T04:37:51.138393Z  WARN ThreadId(20) hotstuff_runner::app: Node 1 [produce_block] queue size: 0, attempting up to 0 transactions this block    
2026-08-07T04:37:51.138531Z  WARN ThreadId(20) hotstuff_runner::app: Node 1 view(4800) far exceeds block count (1199); potential sync issue    
2026-08-07T04:37:51.223151Z  WARN ThreadId(20) hotstuff_runner::app: Node 1 [produce_block] queue size: 0, attempting up to 0 transactions this block    
2026-08-07T04:37:51.225461Z  WARN ThreadId(20) hotstuff_runner::app: Node 1 view(4804) far exceeds block count (1200); potential sync issue    
2026-08-07T04:37:51.315173Z  WARN ThreadId(20) hotstuff_runner::app: Node 1 [produce_block] queue size: 0, attempting up to 0 transactions this block    
2026-08-07T04:37:51.315382Z  WARN ThreadId(20) hotstuff_runner::app: Node 1 view(4808) far exceeds block count (1201); potential sync issue    
2026-08-07T04:37:51.414495Z  WARN ThreadId(20) hotstuff_runner::app: Node 1 [produce_block] queue size: 0, attempting up to 0 transactions this block    
2026-08-07T04:37:51.415094Z  WARN ThreadId(20) hotstuff_runner::app: Node 1 view(4812) far exceeds block count (1202); potential sync issue    
2026-08-07T04:37:51.488344Z  WARN ThreadId(20) hotstuff_runner::app: Node 1 [produce_block] queue size: 0, attempting up to 0 transactions this block    
2026-08-07T04:37:51.492865Z  WARN ThreadId(20) hotstuff_runner::app: Node 1 view(4816) far exceeds block count (1203); potential sync issue    
2026-08-07T04:37:51.559398Z  WARN ThreadId(20) hotstuff_runner::app: Node 1 [produce_block] queue size: 0, attempting up to 0 transactions this block    
2026-08-07T04:37:51.566477Z  WARN ThreadId(20) hotstuff_runner::app: Node 1 view(4820) far exceeds block count (1204); potential sync issue    
2026-08-07T04:37:51.621988Z  WARN ThreadId(20) hotstuff_runner::app: Node 1 [produce_block] queue size: 0, attempting up to 0 transactions this block    
2026-08-07T04:37:51.622318Z  WARN ThreadId(20) hotstuff_runner::app: Node 1 view(4824) far exceeds block count (1205); potential sync issue    
2026-08-07T04:37:51.767477Z  WARN ThreadId(20) hotstuff_runner::app: Node 1 [produce_block] queue size: 0, attempting up to 0 transactions this block    
2026-08-07T04:37:51.769545Z  WARN ThreadId(20) hotstuff_runner::app: Node 1 view(4828) far exceeds block count (1206); potential sync issue    
2026-08-07T04:37:51.835581Z  WARN ThreadId(20) hotstuff_runner::app: Node 1 [produce_block] queue size: 0, attempting up to 0 transactions this block    
2026-08-07T04:37:51.835915Z  WARN ThreadId(20) hotstuff_runner::app: Node 1 view(4832) far exceeds block count (1207); potential sync issue    
2026-08-07T04:37:51.911431Z  WARN ThreadId(20) hotstuff_runner::app: Node 1 [produce_block] queue size: 0, attempting up to 0 transactions this block    
2026-08-07T04:37:51.913070Z  WARN ThreadId(20) hotstuff_runner::app: Node 1 view(4836) far exceeds block count (1208); potential sync issue    
2026-08-07T04:37:51.995950Z  WARN ThreadId(20) hotstuff_runner::app: Node 1 [produce_block] queue size: 0, attempting up to 0 transactions this block    
2026-08-07T04:37:51.996636Z  WARN ThreadId(20) hotstuff_runner::app: Node 1 view(4840) far exceeds block count (1209); potential sync issue    
2026-08-07T04:37:52.067495Z  WARN ThreadId(20) hotstuff_runner::app: Node 1 [produce_block] queue size: 0, attempting up to 0 transactions this block    
2026-08-07T04:37:52.071429Z  WARN ThreadId(20) hotstuff_runner::app: Node 1 view(4844) far exceeds block count (1210); potential sync issue    
2026-08-07T04:37:52.137302Z  WARN ThreadId(20) hotstuff_runner::app: Node 1 [produce_block] queue size: 0, attempting up to 0 transactions this block    
2026-08-07T04:37:52.138228Z  WARN ThreadId(20) hotstuff_runner::app: Node 1 view(4848) far exceeds block count (1211); potential sync issue    
2026-08-07T04:37:52.300841Z  WARN ThreadId(20) hotstuff_runner::app: Node 1 [produce_block] queue size: 0, attempting up to 0 transactions this block    
2026-08-07T04:37:52.310944Z  WARN ThreadId(20) hotstuff_runner::app: Node 1 view(4852) far exceeds block count (1212); potential sync issue    
2026-08-07T04:37:52.433294Z  WARN ThreadId(20) hotstuff_runner::app: Node 1 [produce_block] queue size: 0, attempting up to 0 transactions this block    
2026-08-07T04:37:52.434360Z  WARN ThreadId(20) hotstuff_runner::app: Node 1 view(4856) far exceeds block count (1213); potential sync issue    
2026-08-07T04:37:52.538219Z  WARN ThreadId(20) hotstuff_runner::app: Node 1 [produce_block] queue size: 0, attempting up to 0 transactions this block    
2026-08-07T04:37:52.538633Z  WARN ThreadId(20) hotstuff_runner::app: Node 1 view(4860) far exceeds block count (1214); potential sync issue    
2026-08-07T04:37:52.627276Z  WARN ThreadId(20) hotstuff_runner::app: Node 1 [produce_block] queue size: 0, attempting up to 0 transactions this block    
2026-08-07T04:37:52.629232Z  WARN ThreadId(20) hotstuff_runner::app: Node 1 view(4864) far exceeds block count (1215); potential sync issue    
2026-08-07T04:37:52.691965Z  WARN ThreadId(20) hotstuff_runner::app: Node 1 [produce_block] queue size: 0, attempting up to 0 transactions this block    
2026-08-07T04:37:52.692135Z  WARN ThreadId(20) hotstuff_runner::app: Node 1 view(4868) far exceeds block count (1216); potential sync issue    
2026-08-07T04:37:52.765469Z  WARN ThreadId(20) hotstuff_runner::app: Node 1 [produce_block] queue size: 0, attempting up to 0 transactions this block    
2026-08-07T04:37:52.769373Z  WARN ThreadId(20) hotstuff_runner::app: Node 1 view(4872) far exceeds block count (1217); potential sync issue    
2026-08-07T04:37:52.855730Z  WARN ThreadId(20) hotstuff_runner::app: Node 1 [produce_block] queue size: 0, attempting up to 0 transactions this block    
2026-08-07T04:37:52.860464Z  WARN ThreadId(20) hotstuff_runner::app: Node 1 view(4876) far exceeds block count (1218); potential sync issue    
2026-08-07T04:37:52.937270Z  WARN ThreadId(20) hotstuff_runner::app: Node 1 [produce_block] queue size: 0, attempting up to 0 transactions this block    
2026-08-07T04:37:52.940053Z  WARN ThreadId(20) hotstuff_runner::app: Node 1 view(4880) far exceeds block count (1219); potential sync issue    
2026-08-07T04:37:53.031062Z  WARN ThreadId(20) hotstuff_runner::app: Node 1 [produce_block] queue size: 0, attempting up to 0 transactions this block    
2026-08-07T04:37:53.032016Z  WARN ThreadId(20) hotstuff_runner::app: Node 1 view(4884) far exceeds block count (1220); potential sync issue    
2026-08-07T04:37:53.182683Z  WARN ThreadId(20) hotstuff_runner::app: Node 1 [produce_block] queue size: 0, attempting up to 0 transactions this block    
2026-08-07T04:37:53.183180Z  WARN ThreadId(20) hotstuff_runner::app: Node 1 view(4888) far exceeds block count (1221); potential sync issue    
2026-08-07T04:37:53.275762Z  WARN ThreadId(20) hotstuff_runner::app: Node 1 [produce_block] queue size: 0, attempting up to 0 transactions this block    
2026-08-07T04:37:53.276591Z  WARN ThreadId(20) hotstuff_runner::app: Node 1 view(4892) far exceeds block count (1222); potential sync issue    
2026-08-07T04:37:53.352026Z  WARN ThreadId(20) hotstuff_runner::app: Node 1 [produce_block] queue size: 0, attempting up to 0 transactions this block    
2026-08-07T04:37:53.352478Z  WARN ThreadId(20) hotstuff_runner::app: Node 1 view(4896) far exceeds block count (1223); potential sync issue    
2026-08-07T04:37:53.429601Z  WARN ThreadId(20) hotstuff_runner::app: Node 1 [produce_block] queue size: 0, attempting up to 0 transactions this block    
2026-08-07T04:37:53.430285Z  WARN ThreadId(20) hotstuff_runner::app: Node 1 view(4900) far exceeds block count (1224); potential sync issue    
2026-08-07T04:37:53.499640Z  WARN ThreadId(20) hotstuff_runner::app: Node 1 [produce_block] queue size: 0, attempting up to 0 transactions this block    
2026-08-07T04:37:53.499950Z  WARN ThreadId(20) hotstuff_runner::app: Node 1 view(4904) far exceeds block count (1225); potential sync issue    
2026-08-07T04:37:53.615715Z  WARN ThreadId(20) hotstuff_runner::app: Node 1 [produce_block] queue size: 0, attempting up to 0 transactions this block    
2026-08-07T04:37:53.618685Z  WARN ThreadId(20) hotstuff_runner::app: Node 1 view(4908) far exceeds block count (1226); potential sync issue    
2026-08-07T04:37:53.691872Z  WARN ThreadId(20) hotstuff_runner::app: Node 1 [produce_block] queue size: 0, attempting up to 0 transactions this block    
2026-08-07T04:37:53.692097Z  WARN ThreadId(20) hotstuff_runner::app: Node 1 view(4912) far exceeds block count (1227); potential sync issue    
2026-08-07T04:37:53.764894Z  WARN ThreadId(20) hotstuff_runner::app: Node 1 [produce_block] queue size: 0, attempting up to 0 transactions this block    
2026-08-07T04:37:53.766440Z  WARN ThreadId(20) hotstuff_runner::app: Node 1 view(4916) far exceeds block count (1228); potential sync issue    
2026-08-07T04:37:53.845072Z  WARN ThreadId(20) hotstuff_runner::app: Node 1 [produce_block] queue size: 0, attempting up to 0 transactions this block    
2026-08-07T04:37:53.855481Z  WARN ThreadId(20) hotstuff_runner::app: Node 1 view(4920) far exceeds block count (1229); potential sync issue    
2026-08-07T04:37:53.928232Z  WARN ThreadId(20) hotstuff_runner::app: Node 1 [produce_block] queue size: 0, attempting up to 0 transactions this block    
2026-08-07T04:37:53.929170Z  WARN ThreadId(20) hotstuff_runner::app: Node 1 view(4924) far exceeds block count (1230); potential sync issue    
2026-08-07T04:37:54.021624Z  WARN ThreadId(20) hotstuff_runner::app: Node 1 [produce_block] queue size: 0, attempting up to 0 transactions this block    
2026-08-07T04:37:54.022531Z  WARN ThreadId(20) hotstuff_runner::app: Node 1 view(4928) far exceeds block count (1231); potential sync issue    
2026-08-07T04:37:54.168668Z  WARN ThreadId(20) hotstuff_runner::app: Node 1 [produce_block] queue size: 0, attempting up to 0 transactions this block    
2026-08-07T04:37:54.169427Z  WARN ThreadId(20) hotstuff_runner::app: Node 1 view(4932) far exceeds block count (1232); potential sync issue    
2026-08-07T04:37:54.298390Z  WARN ThreadId(20) hotstuff_runner::app: Node 1 [produce_block] queue size: 0, attempting up to 0 transactions this block    
2026-08-07T04:37:54.298842Z  WARN ThreadId(20) hotstuff_runner::app: Node 1 view(4936) far exceeds block count (1233); potential sync issue    
2026-08-07T04:37:54.364880Z  WARN ThreadId(20) hotstuff_runner::app: Node 1 [produce_block] queue size: 0, attempting up to 0 transactions this block    
2026-08-07T04:37:54.365228Z  WARN ThreadId(20) hotstuff_runner::app: Node 1 view(4940) far exceeds block count (1234); potential sync issue    
2026-08-07T04:37:54.435017Z  WARN ThreadId(20) hotstuff_runner::app: Node 1 [produce_block] queue size: 0, attempting up to 0 transactions this block    
2026-08-07T04:37:54.435483Z  WARN ThreadId(20) hotstuff_runner::app: Node 1 view(4944) far exceeds block count (1235); potential sync issue    
2026-08-07T04:37:54.574299Z  WARN ThreadId(20) hotstuff_runner::app: Node 1 [produce_block] queue size: 0, attempting up to 0 transactions this block    
2026-08-07T04:37:54.582488Z  WARN ThreadId(20) hotstuff_runner::app: Node 1 view(4948) far exceeds block count (1236); potential sync issue    
2026-08-07T04:37:54.693882Z  WARN ThreadId(20) hotstuff_runner::app: Node 1 [produce_block] queue size: 0, attempting up to 0 transactions this block    
2026-08-07T04:37:54.695170Z  WARN ThreadId(20) hotstuff_runner::app: Node 1 view(4952) far exceeds block count (1237); potential sync issue    
2026-08-07T04:37:54.782607Z  WARN ThreadId(20) hotstuff_runner::app: Node 1 [produce_block] queue size: 0, attempting up to 0 transactions this block    
2026-08-07T04:37:54.783809Z  WARN ThreadId(20) hotstuff_runner::app: Node 1 view(4956) far exceeds block count (1238); potential sync issue    
2026-08-07T04:37:54.900582Z  WARN ThreadId(20) hotstuff_runner::app: Node 1 [produce_block] queue size: 0, attempting up to 0 transactions this block    
2026-08-07T04:37:54.901189Z  WARN ThreadId(20) hotstuff_runner::app: Node 1 view(4960) far exceeds block count (1239); potential sync issue    
2026-08-07T04:37:54.993032Z  WARN ThreadId(20) hotstuff_runner::app: Node 1 [produce_block] queue size: 0, attempting up to 0 transactions this block    
2026-08-07T04:37:54.994011Z  WARN ThreadId(20) hotstuff_runner::app: Node 1 view(4964) far exceeds block count (1240); potential sync issue    
2026-08-07T04:37:55.075998Z  WARN ThreadId(20) hotstuff_runner::app: Node 1 [produce_block] queue size: 0, attempting up to 0 transactions this block    
2026-08-07T04:37:55.076719Z  WARN ThreadId(20) hotstuff_runner::app: Node 1 view(4968) far exceeds block count (1241); potential sync issue    
2026-08-07T04:37:55.179058Z  WARN ThreadId(20) hotstuff_runner::app: Node 1 [produce_block] queue size: 0, attempting up to 0 transactions this block    
2026-08-07T04:37:55.179785Z  WARN ThreadId(20) hotstuff_runner::app: Node 1 view(4972) far exceeds block count (1242); potential sync issue    
2026-08-07T04:37:55.254327Z  WARN ThreadId(20) hotstuff_runner::app: Node 1 [produce_block] queue size: 0, attempting up to 0 transactions this block    
2026-08-07T04:37:55.254480Z  WARN ThreadId(20) hotstuff_runner::app: Node 1 view(4976) far exceeds block count (1243); potential sync issue    
2026-08-07T04:37:55.313180Z  WARN ThreadId(20) hotstuff_runner::app: Node 1 [produce_block] queue size: 0, attempting up to 0 transactions this block    
2026-08-07T04:37:55.313280Z  WARN ThreadId(20) hotstuff_runner::app: Node 1 view(4980) far exceeds block count (1244); potential sync issue    
2026-08-07T04:37:55.389902Z  WARN ThreadId(20) hotstuff_runner::app: Node 1 [produce_block] queue size: 0, attempting up to 0 transactions this block    
2026-08-07T04:37:55.391467Z  WARN ThreadId(20) hotstuff_runner::app: Node 1 view(4984) far exceeds block count (1245); potential sync issue    
2026-08-07T04:37:55.450597Z  WARN ThreadId(20) hotstuff_runner::app: Node 1 [produce_block] queue size: 0, attempting up to 0 transactions this block    
2026-08-07T04:37:55.451066Z  WARN ThreadId(20) hotstuff_runner::app: Node 1 view(4988) far exceeds block count (1246); potential sync issue    
2026-08-07T04:37:55.607956Z  WARN ThreadId(20) hotstuff_runner::app: Node 1 [produce_block] queue size: 0, attempting up to 0 transactions this block    
2026-08-07T04:37:55.613904Z  WARN ThreadId(20) hotstuff_runner::app: Node 1 view(4992) far exceeds block count (1247); potential sync issue    
2026-08-07T04:37:55.682474Z  WARN ThreadId(20) hotstuff_runner::app: Node 1 [produce_block] queue size: 0, attempting up to 0 transactions this block    
2026-08-07T04:37:55.683500Z  WARN ThreadId(20) hotstuff_runner::app: Node 1 view(4996) far exceeds block count (1248); potential sync issue    
2026-08-07T04:37:55.760980Z  WARN ThreadId(20) hotstuff_runner::app: Node 1 [produce_block] queue size: 0, attempting up to 0 transactions this block    
2026-08-07T04:37:55.761206Z  WARN ThreadId(20) hotstuff_runner::app: Node 1 view(5000) far exceeds block count (1249); potential sync issue    
2026-08-07T04:37:55.832215Z  WARN ThreadId(20) hotstuff_runner::app: Node 1 [produce_block] queue size: 0, attempting up to 0 transactions this block    
2026-08-07T04:37:55.832306Z  WARN ThreadId(20) hotstuff_runner::app: Node 1 view(5004) far exceeds block count (1250); potential sync issue    
2026-08-07T04:37:55.900893Z  WARN ThreadId(20) hotstuff_runner::app: Node 1 [produce_block] queue size: 0, attempting up to 0 transactions this block    
2026-08-07T04:37:55.903103Z  WARN ThreadId(20) hotstuff_runner::app: Node 1 view(5008) far exceeds block count (1251); potential sync issue    
2026-08-07T04:37:55.962457Z  WARN ThreadId(07) docker_node: Low processing efficiency: 0.0% - system may need tuning
2026-08-07T04:37:55.966212Z  WARN ThreadId(07) docker_node:   Connection reuse ineffective (2.0 msg/conn)
2026-08-07T04:37:56.005436Z  WARN ThreadId(20) hotstuff_runner::app: Node 1 [produce_block] queue size: 0, attempting up to 0 transactions this block    
2026-08-07T04:37:56.007373Z  WARN ThreadId(20) hotstuff_runner::app: Node 1 view(5012) far exceeds block count (1252); potential sync issue    
2026-08-07T04:37:56.080558Z  WARN ThreadId(20) hotstuff_runner::app: Node 1 [produce_block] queue size: 0, attempting up to 0 transactions this block    
2026-08-07T04:37:56.083488Z  WARN ThreadId(20) hotstuff_runner::app: Node 1 view(5016) far exceeds block count (1253); potential sync issue    
2026-08-07T04:37:56.190430Z  WARN ThreadId(20) hotstuff_runner::app: Node 1 [produce_block] queue size: 0, attempting up to 0 transactions this block    
2026-08-07T04:37:56.196847Z  WARN ThreadId(20) hotstuff_runner::app: Node 1 view(5020) far exceeds block count (1254); potential sync issue    
2026-08-07T04:37:56.280779Z  WARN ThreadId(20) hotstuff_runner::app: Node 1 [produce_block] queue size: 0, attempting up to 0 transactions this block    
2026-08-07T04:37:56.282493Z  WARN ThreadId(20) hotstuff_runner::app: Node 1 view(5024) far exceeds block count (1255); potential sync issue    
2026-08-07T04:37:56.349037Z  WARN ThreadId(20) hotstuff_runner::app: Node 1 [produce_block] queue size: 0, attempting up to 0 transactions this block    
2026-08-07T04:37:56.349657Z  WARN ThreadId(20) hotstuff_runner::app: Node 1 view(5028) far exceeds block count (1256); potential sync issue    
2026-08-07T04:37:56.414313Z  WARN ThreadId(20) hotstuff_runner::app: Node 1 [produce_block] queue size: 0, attempting up to 0 transactions this block    
2026-08-07T04:37:56.414426Z  WARN ThreadId(20) hotstuff_runner::app: Node 1 view(5032) far exceeds block count (1257); potential sync issue    
2026-08-07T04:37:56.481429Z  WARN ThreadId(20) hotstuff_runner::app: Node 1 [produce_block] queue size: 0, attempting up to 0 transactions this block    
2026-08-07T04:37:56.481931Z  WARN ThreadId(20) hotstuff_runner::app: Node 1 view(5036) far exceeds block count (1258); potential sync issue    
2026-08-07T04:37:56.535437Z  WARN ThreadId(20) hotstuff_runner::app: Node 1 [produce_block] queue size: 0, attempting up to 0 transactions this block    
2026-08-07T04:37:56.546273Z  WARN ThreadId(20) hotstuff_runner::app: Node 1 view(5040) far exceeds block count (1259); potential sync issue    
2026-08-07T04:37:56.617026Z  WARN ThreadId(20) hotstuff_runner::app: Node 1 [produce_block] queue size: 0, attempting up to 0 transactions this block    
2026-08-07T04:37:56.618294Z  WARN ThreadId(20) hotstuff_runner::app: Node 1 view(5044) far exceeds block count (1260); potential sync issue    
2026-08-07T04:37:56.726442Z  WARN ThreadId(20) hotstuff_runner::app: Node 1 [produce_block] queue size: 0, attempting up to 0 transactions this block    
2026-08-07T04:37:56.730461Z  WARN ThreadId(20) hotstuff_runner::app: Node 1 view(5048) far exceeds block count (1261); potential sync issue    
2026-08-07T04:37:56.802488Z  WARN ThreadId(20) hotstuff_runner::app: Node 1 [produce_block] queue size: 0, attempting up to 0 transactions this block    
2026-08-07T04:37:56.802893Z  WARN ThreadId(20) hotstuff_runner::app: Node 1 view(5052) far exceeds block count (1262); potential sync issue    
2026-08-07T04:37:56.875929Z  WARN ThreadId(20) hotstuff_runner::app: Node 1 [produce_block] queue size: 0, attempting up to 0 transactions this block    
2026-08-07T04:37:56.878622Z  WARN ThreadId(20) hotstuff_runner::app: Node 1 view(5056) far exceeds block count (1263); potential sync issue    
2026-08-07T04:37:56.946433Z  WARN ThreadId(20) hotstuff_runner::app: Node 1 [produce_block] queue size: 0, attempting up to 0 transactions this block    
2026-08-07T04:37:56.949247Z  WARN ThreadId(20) hotstuff_runner::app: Node 1 view(5060) far exceeds block count (1264); potential sync issue    
2026-08-07T04:37:57.019076Z  WARN ThreadId(20) hotstuff_runner::app: Node 1 [produce_block] queue size: 0, attempting up to 0 transactions this block    
2026-08-07T04:37:57.024016Z  WARN ThreadId(20) hotstuff_runner::app: Node 1 view(5064) far exceeds block count (1265); potential sync issue    
2026-08-07T04:37:57.135453Z  WARN ThreadId(20) hotstuff_runner::app: Node 1 [produce_block] queue size: 0, attempting up to 0 transactions this block    
2026-08-07T04:37:57.135925Z  WARN ThreadId(20) hotstuff_runner::app: Node 1 view(5068) far exceeds block count (1266); potential sync issue    
2026-08-07T04:37:57.182425Z  WARN ThreadId(20) hotstuff_runner::app: Node 1 [produce_block] queue size: 0, attempting up to 0 transactions this block    
2026-08-07T04:37:57.185237Z  WARN ThreadId(20) hotstuff_runner::app: Node 1 view(5072) far exceeds block count (1267); potential sync issue    
2026-08-07T04:37:57.246429Z  WARN ThreadId(20) hotstuff_runner::app: Node 1 [produce_block] queue size: 0, attempting up to 0 transactions this block    
2026-08-07T04:37:57.246776Z  WARN ThreadId(20) hotstuff_runner::app: Node 1 view(5076) far exceeds block count (1268); potential sync issue    
2026-08-07T04:37:57.364456Z  WARN ThreadId(20) hotstuff_runner::app: Node 1 [produce_block] queue size: 0, attempting up to 0 transactions this block    
2026-08-07T04:37:57.364963Z  WARN ThreadId(20) hotstuff_runner::app: Node 1 view(5080) far exceeds block count (1269); potential sync issue    
2026-08-07T04:37:57.486184Z  WARN ThreadId(20) hotstuff_runner::app: Node 1 [produce_block] queue size: 0, attempting up to 0 transactions this block    
2026-08-07T04:37:57.487507Z  WARN ThreadId(20) hotstuff_runner::app: Node 1 view(5084) far exceeds block count (1270); potential sync issue    
2026-08-07T04:37:57.537897Z  WARN ThreadId(20) hotstuff_runner::app: Node 1 [produce_block] queue size: 0, attempting up to 0 transactions this block    
2026-08-07T04:37:57.538175Z  WARN ThreadId(20) hotstuff_runner::app: Node 1 view(5088) far exceeds block count (1271); potential sync issue    
2026-08-07T04:37:57.620564Z  WARN ThreadId(20) hotstuff_runner::app: Node 1 [produce_block] queue size: 0, attempting up to 0 transactions this block    
2026-08-07T04:37:57.630371Z  WARN ThreadId(20) hotstuff_runner::app: Node 1 view(5092) far exceeds block count (1272); potential sync issue    
2026-08-07T04:37:57.720598Z  WARN ThreadId(20) hotstuff_runner::app: Node 1 [produce_block] queue size: 0, attempting up to 0 transactions this block    
2026-08-07T04:37:57.721529Z  WARN ThreadId(20) hotstuff_runner::app: Node 1 view(5096) far exceeds block count (1273); potential sync issue    
2026-08-07T04:37:57.804983Z  WARN ThreadId(20) hotstuff_runner::app: Node 1 [produce_block] queue size: 0, attempting up to 0 transactions this block    
2026-08-07T04:37:57.810260Z  WARN ThreadId(20) hotstuff_runner::app: Node 1 view(5100) far exceeds block count (1274); potential sync issue    
2026-08-07T04:37:57.888989Z  WARN ThreadId(20) hotstuff_runner::app: Node 1 [produce_block] queue size: 0, attempting up to 0 transactions this block    
2026-08-07T04:37:57.893665Z  WARN ThreadId(20) hotstuff_runner::app: Node 1 view(5104) far exceeds block count (1275); potential sync issue    
2026-08-07T04:37:58.021857Z  WARN ThreadId(20) hotstuff_runner::app: Node 1 [produce_block] queue size: 0, attempting up to 0 transactions this block    
2026-08-07T04:37:58.022066Z  WARN ThreadId(20) hotstuff_runner::app: Node 1 view(5108) far exceeds block count (1276); potential sync issue    
2026-08-07T04:37:58.105308Z  WARN ThreadId(20) hotstuff_runner::app: Node 1 [produce_block] queue size: 0, attempting up to 0 transactions this block    
2026-08-07T04:37:58.105635Z  WARN ThreadId(20) hotstuff_runner::app: Node 1 view(5112) far exceeds block count (1277); potential sync issue    
2026-08-07T04:37:58.191627Z  WARN ThreadId(20) hotstuff_runner::app: Node 1 [produce_block] queue size: 0, attempting up to 0 transactions this block    
2026-08-07T04:37:58.192495Z  WARN ThreadId(20) hotstuff_runner::app: Node 1 view(5116) far exceeds block count (1278); potential sync issue    
2026-08-07T04:37:58.307873Z  WARN ThreadId(20) hotstuff_runner::app: Node 1 [produce_block] queue size: 0, attempting up to 0 transactions this block    
2026-08-07T04:37:58.308963Z  WARN ThreadId(20) hotstuff_runner::app: Node 1 view(5120) far exceeds block count (1279); potential sync issue    
2026-08-07T04:37:58.397707Z  WARN ThreadId(20) hotstuff_runner::app: Node 1 [produce_block] queue size: 0, attempting up to 0 transactions this block    
2026-08-07T04:37:58.400221Z  WARN ThreadId(20) hotstuff_runner::app: Node 1 view(5124) far exceeds block count (1280); potential sync issue    
2026-08-07T04:37:58.541438Z  WARN ThreadId(20) hotstuff_runner::app: Node 1 [produce_block] queue size: 0, attempting up to 0 transactions this block    
2026-08-07T04:37:58.544049Z  WARN ThreadId(20) hotstuff_runner::app: Node 1 view(5128) far exceeds block count (1281); potential sync issue    
2026-08-07T04:37:58.668075Z  WARN ThreadId(20) hotstuff_runner::app: Node 1 [produce_block] queue size: 0, attempting up to 0 transactions this block    
2026-08-07T04:37:58.668221Z  WARN ThreadId(20) hotstuff_runner::app: Node 1 view(5132) far exceeds block count (1282); potential sync issue    
2026-08-07T04:37:58.751302Z  WARN ThreadId(20) hotstuff_runner::app: Node 1 [produce_block] queue size: 0, attempting up to 0 transactions this block    
2026-08-07T04:37:58.751475Z  WARN ThreadId(20) hotstuff_runner::app: Node 1 view(5136) far exceeds block count (1283); potential sync issue    
2026-08-07T04:37:58.845128Z  WARN ThreadId(20) hotstuff_runner::app: Node 1 [produce_block] queue size: 0, attempting up to 0 transactions this block    
2026-08-07T04:37:58.851037Z  WARN ThreadId(20) hotstuff_runner::app: Node 1 view(5140) far exceeds block count (1284); potential sync issue    
2026-08-07T04:37:58.904334Z  WARN ThreadId(20) hotstuff_runner::app: Node 1 [produce_block] queue size: 0, attempting up to 0 transactions this block    
2026-08-07T04:37:58.913425Z  WARN ThreadId(20) hotstuff_runner::app: Node 1 view(5144) far exceeds block count (1285); potential sync issue    
2026-08-07T04:37:58.980698Z  WARN ThreadId(20) hotstuff_runner::app: Node 1 [produce_block] queue size: 0, attempting up to 0 transactions this block    
2026-08-07T04:37:58.986321Z  WARN ThreadId(20) hotstuff_runner::app: Node 1 view(5148) far exceeds block count (1286); potential sync issue    
2026-08-07T04:37:59.091871Z  WARN ThreadId(20) hotstuff_runner::app: Node 1 [produce_block] queue size: 0, attempting up to 0 transactions this block    
2026-08-07T04:37:59.092089Z  WARN ThreadId(20) hotstuff_runner::app: Node 1 view(5152) far exceeds block count (1287); potential sync issue    
2026-08-07T04:37:59.186604Z  WARN ThreadId(20) hotstuff_runner::app: Node 1 [produce_block] queue size: 0, attempting up to 0 transactions this block    
2026-08-07T04:37:59.188216Z  WARN ThreadId(20) hotstuff_runner::app: Node 1 view(5156) far exceeds block count (1288); potential sync issue    
2026-08-07T04:37:59.298003Z  WARN ThreadId(20) hotstuff_runner::app: Node 1 [produce_block] queue size: 0, attempting up to 0 transactions this block    
2026-08-07T04:37:59.298196Z  WARN ThreadId(20) hotstuff_runner::app: Node 1 view(5160) far exceeds block count (1289); potential sync issue    
2026-08-07T04:37:59.364524Z  WARN ThreadId(20) hotstuff_runner::app: Node 1 [produce_block] queue size: 0, attempting up to 0 transactions this block    
2026-08-07T04:37:59.364824Z  WARN ThreadId(20) hotstuff_runner::app: Node 1 view(5164) far exceeds block count (1290); potential sync issue    
2026-08-07T04:37:59.452526Z  WARN ThreadId(20) hotstuff_runner::app: Node 1 [produce_block] queue size: 0, attempting up to 0 transactions this block    
2026-08-07T04:37:59.452756Z  WARN ThreadId(20) hotstuff_runner::app: Node 1 view(5168) far exceeds block count (1291); potential sync issue    
2026-08-07T04:37:59.600126Z  WARN ThreadId(20) hotstuff_runner::app: Node 1 [produce_block] queue size: 0, attempting up to 0 transactions this block    
2026-08-07T04:37:59.605251Z  WARN ThreadId(20) hotstuff_runner::app: Node 1 view(5172) far exceeds block count (1292); potential sync issue    
2026-08-07T04:37:59.695019Z  WARN ThreadId(20) hotstuff_runner::app: Node 1 [produce_block] queue size: 0, attempting up to 0 transactions this block    
2026-08-07T04:37:59.695407Z  WARN ThreadId(20) hotstuff_runner::app: Node 1 view(5176) far exceeds block count (1293); potential sync issue    
2026-08-07T04:37:59.815350Z  WARN ThreadId(20) hotstuff_runner::app: Node 1 [produce_block] queue size: 0, attempting up to 0 transactions this block    
2026-08-07T04:37:59.815840Z  WARN ThreadId(20) hotstuff_runner::app: Node 1 view(5180) far exceeds block count (1294); potential sync issue    
2026-08-07T04:37:59.889580Z  WARN ThreadId(20) hotstuff_runner::app: Node 1 [produce_block] queue size: 0, attempting up to 0 transactions this block    
2026-08-07T04:37:59.889925Z  WARN ThreadId(20) hotstuff_runner::app: Node 1 view(5184) far exceeds block count (1295); potential sync issue    
2026-08-07T04:37:59.941926Z  WARN ThreadId(20) hotstuff_runner::app: Node 1 [produce_block] queue size: 0, attempting up to 0 transactions this block    
2026-08-07T04:37:59.942316Z  WARN ThreadId(20) hotstuff_runner::app: Node 1 view(5188) far exceeds block count (1296); potential sync issue    
2026-08-07T04:38:00.003126Z  WARN ThreadId(20) hotstuff_runner::app: Node 1 [produce_block] queue size: 0, attempting up to 0 transactions this block    
2026-08-07T04:38:00.011108Z  WARN ThreadId(20) hotstuff_runner::app: Node 1 view(5192) far exceeds block count (1297); potential sync issue    
2026-08-07T04:38:00.117397Z  WARN ThreadId(20) hotstuff_runner::app: Node 1 [produce_block] queue size: 0, attempting up to 0 transactions this block    
2026-08-07T04:38:00.118530Z  WARN ThreadId(20) hotstuff_runner::app: Node 1 view(5196) far exceeds block count (1298); potential sync issue    
2026-08-07T04:38:00.204440Z  WARN ThreadId(20) hotstuff_runner::app: Node 1 [produce_block] queue size: 0, attempting up to 0 transactions this block    
2026-08-07T04:38:00.205155Z  WARN ThreadId(20) hotstuff_runner::app: Node 1 view(5200) far exceeds block count (1299); potential sync issue    
2026-08-07T04:38:00.272431Z  WARN ThreadId(20) hotstuff_runner::app: Node 1 [produce_block] queue size: 0, attempting up to 0 transactions this block    
2026-08-07T04:38:00.274191Z  WARN ThreadId(20) hotstuff_runner::app: Node 1 view(5204) far exceeds block count (1300); potential sync issue    
2026-08-07T04:38:00.332731Z  WARN ThreadId(20) hotstuff_runner::app: Node 1 [produce_block] queue size: 0, attempting up to 0 transactions this block    
2026-08-07T04:38:00.333028Z  WARN ThreadId(20) hotstuff_runner::app: Node 1 view(5208) far exceeds block count (1301); potential sync issue    
2026-08-07T04:38:00.399054Z  WARN ThreadId(20) hotstuff_runner::app: Node 1 [produce_block] queue size: 0, attempting up to 0 transactions this block    
2026-08-07T04:38:00.399434Z  WARN ThreadId(20) hotstuff_runner::app: Node 1 view(5212) far exceeds block count (1302); potential sync issue    
2026-08-07T04:38:00.479468Z  WARN ThreadId(20) hotstuff_runner::app: Node 1 [produce_block] queue size: 0, attempting up to 0 transactions this block    
2026-08-07T04:38:00.480986Z  WARN ThreadId(20) hotstuff_runner::app: Node 1 view(5216) far exceeds block count (1303); potential sync issue    
2026-08-07T04:38:00.544774Z  WARN ThreadId(20) hotstuff_runner::app: Node 1 [produce_block] queue size: 0, attempting up to 0 transactions this block    
2026-08-07T04:38:00.545756Z  WARN ThreadId(20) hotstuff_runner::app: Node 1 view(5220) far exceeds block count (1304); potential sync issue    
2026-08-07T04:38:00.603360Z  WARN ThreadId(20) hotstuff_runner::app: Node 1 [produce_block] queue size: 0, attempting up to 0 transactions this block    
2026-08-07T04:38:00.603511Z  WARN ThreadId(20) hotstuff_runner::app: Node 1 view(5224) far exceeds block count (1305); potential sync issue    
2026-08-07T04:38:00.675806Z  WARN ThreadId(20) hotstuff_runner::app: Node 1 [produce_block] queue size: 0, attempting up to 0 transactions this block    
2026-08-07T04:38:00.676054Z  WARN ThreadId(20) hotstuff_runner::app: Node 1 view(5228) far exceeds block count (1306); potential sync issue    
2026-08-07T04:38:00.755924Z  WARN ThreadId(20) hotstuff_runner::app: Node 1 [produce_block] queue size: 0, attempting up to 0 transactions this block    
2026-08-07T04:38:00.757062Z  WARN ThreadId(20) hotstuff_runner::app: Node 1 view(5232) far exceeds block count (1307); potential sync issue    
2026-08-07T04:38:00.811283Z  WARN ThreadId(20) hotstuff_runner::app: Node 1 [produce_block] queue size: 0, attempting up to 0 transactions this block    
2026-08-07T04:38:00.811931Z  WARN ThreadId(20) hotstuff_runner::app: Node 1 view(5236) far exceeds block count (1308); potential sync issue    
2026-08-07T04:38:00.922178Z  WARN ThreadId(20) hotstuff_runner::app: Node 1 [produce_block] queue size: 0, attempting up to 0 transactions this block    
2026-08-07T04:38:00.923083Z  WARN ThreadId(20) hotstuff_runner::app: Node 1 view(5240) far exceeds block count (1309); potential sync issue    
2026-08-07T04:38:00.962474Z  WARN ThreadId(05) docker_node: Low processing efficiency: 0.0% - system may need tuning
2026-08-07T04:38:00.963977Z  WARN ThreadId(05) docker_node:   Connection reuse ineffective (2.0 msg/conn)
2026-08-07T04:38:01.102915Z  WARN ThreadId(20) hotstuff_runner::app: Node 1 [produce_block] queue size: 0, attempting up to 0 transactions this block    
2026-08-07T04:38:01.104562Z  WARN ThreadId(20) hotstuff_runner::app: Node 1 view(5244) far exceeds block count (1310); potential sync issue    
2026-08-07T04:38:01.195096Z  WARN ThreadId(20) hotstuff_runner::app: Node 1 [produce_block] queue size: 0, attempting up to 0 transactions this block    
2026-08-07T04:38:01.196717Z  WARN ThreadId(20) hotstuff_runner::app: Node 1 view(5248) far exceeds block count (1311); potential sync issue    
2026-08-07T04:38:01.287212Z  WARN ThreadId(20) hotstuff_runner::app: Node 1 [produce_block] queue size: 0, attempting up to 0 transactions this block    
2026-08-07T04:38:01.293171Z  WARN ThreadId(20) hotstuff_runner::app: Node 1 view(5252) far exceeds block count (1312); potential sync issue    
2026-08-07T04:38:01.365500Z  WARN ThreadId(20) hotstuff_runner::app: Node 1 [produce_block] queue size: 0, attempting up to 0 transactions this block    
2026-08-07T04:38:01.366738Z  WARN ThreadId(20) hotstuff_runner::app: Node 1 view(5256) far exceeds block count (1313); potential sync issue    
2026-08-07T04:38:01.450221Z  WARN ThreadId(20) hotstuff_runner::app: Node 1 [produce_block] queue size: 0, attempting up to 0 transactions this block    
2026-08-07T04:38:01.450850Z  WARN ThreadId(20) hotstuff_runner::app: Node 1 view(5260) far exceeds block count (1314); potential sync issue    
2026-08-07T04:38:01.502184Z  WARN ThreadId(20) hotstuff_runner::app: Node 1 [produce_block] queue size: 0, attempting up to 0 transactions this block    
2026-08-07T04:38:01.502354Z  WARN ThreadId(20) hotstuff_runner::app: Node 1 view(5264) far exceeds block count (1315); potential sync issue    
2026-08-07T04:38:01.586930Z  WARN ThreadId(20) hotstuff_runner::app: Node 1 [produce_block] queue size: 0, attempting up to 0 transactions this block    
2026-08-07T04:38:01.587724Z  WARN ThreadId(20) hotstuff_runner::app: Node 1 view(5268) far exceeds block count (1316); potential sync issue    
2026-08-07T04:38:01.710236Z  WARN ThreadId(20) hotstuff_runner::app: Node 1 [produce_block] queue size: 0, attempting up to 0 transactions this block    
2026-08-07T04:38:01.711559Z  WARN ThreadId(20) hotstuff_runner::app: Node 1 view(5272) far exceeds block count (1317); potential sync issue    
2026-08-07T04:38:01.794563Z  WARN ThreadId(20) hotstuff_runner::app: Node 1 [produce_block] queue size: 0, attempting up to 0 transactions this block    
2026-08-07T04:38:01.794740Z  WARN ThreadId(20) hotstuff_runner::app: Node 1 view(5276) far exceeds block count (1318); potential sync issue    
2026-08-07T04:38:01.869270Z  WARN ThreadId(20) hotstuff_runner::app: Node 1 [produce_block] queue size: 0, attempting up to 0 transactions this block    
2026-08-07T04:38:01.869456Z  WARN ThreadId(20) hotstuff_runner::app: Node 1 view(5280) far exceeds block count (1319); potential sync issue    
2026-08-07T04:38:01.988109Z  WARN ThreadId(20) hotstuff_runner::app: Node 1 [produce_block] queue size: 0, attempting up to 0 transactions this block    
2026-08-07T04:38:01.990611Z  WARN ThreadId(20) hotstuff_runner::app: Node 1 view(5284) far exceeds block count (1320); potential sync issue    
2026-08-07T04:38:02.076029Z  WARN ThreadId(20) hotstuff_runner::app: Node 1 [produce_block] queue size: 0, attempting up to 0 transactions this block    
2026-08-07T04:38:02.076958Z  WARN ThreadId(20) hotstuff_runner::app: Node 1 view(5288) far exceeds block count (1321); potential sync issue    
2026-08-07T04:38:02.130029Z  WARN ThreadId(20) hotstuff_runner::app: Node 1 [produce_block] queue size: 0, attempting up to 0 transactions this block    
2026-08-07T04:38:02.130624Z  WARN ThreadId(20) hotstuff_runner::app: Node 1 view(5292) far exceeds block count (1322); potential sync issue    
2026-08-07T04:38:02.265690Z  WARN ThreadId(20) hotstuff_runner::app: Node 1 [produce_block] queue size: 0, attempting up to 0 transactions this block    
2026-08-07T04:38:02.266018Z  WARN ThreadId(20) hotstuff_runner::app: Node 1 view(5296) far exceeds block count (1323); potential sync issue    
2026-08-07T04:38:02.333123Z  WARN ThreadId(20) hotstuff_runner::app: Node 1 [produce_block] queue size: 0, attempting up to 0 transactions this block    
2026-08-07T04:38:02.333537Z  WARN ThreadId(20) hotstuff_runner::app: Node 1 view(5300) far exceeds block count (1324); potential sync issue    
2026-08-07T04:38:02.463902Z  WARN ThreadId(20) hotstuff_runner::app: Node 1 [produce_block] queue size: 0, attempting up to 0 transactions this block    
2026-08-07T04:38:02.464723Z  WARN ThreadId(20) hotstuff_runner::app: Node 1 view(5304) far exceeds block count (1325); potential sync issue    
2026-08-07T04:38:02.564659Z  WARN ThreadId(20) hotstuff_runner::app: Node 1 [produce_block] queue size: 0, attempting up to 0 transactions this block    
2026-08-07T04:38:02.564799Z  WARN ThreadId(20) hotstuff_runner::app: Node 1 view(5308) far exceeds block count (1326); potential sync issue    
2026-08-07T04:38:02.637582Z  WARN ThreadId(20) hotstuff_runner::app: Node 1 [produce_block] queue size: 0, attempting up to 0 transactions this block    
2026-08-07T04:38:02.638807Z  WARN ThreadId(20) hotstuff_runner::app: Node 1 view(5312) far exceeds block count (1327); potential sync issue    
2026-08-07T04:38:02.711633Z  WARN ThreadId(20) hotstuff_runner::app: Node 1 [produce_block] queue size: 0, attempting up to 0 transactions this block    
2026-08-07T04:38:02.711833Z  WARN ThreadId(20) hotstuff_runner::app: Node 1 view(5316) far exceeds block count (1328); potential sync issue    
2026-08-07T04:38:02.770337Z  WARN ThreadId(20) hotstuff_runner::app: Node 1 [produce_block] queue size: 0, attempting up to 0 transactions this block    
2026-08-07T04:38:02.771609Z  WARN ThreadId(20) hotstuff_runner::app: Node 1 view(5320) far exceeds block count (1329); potential sync issue    
2026-08-07T04:38:02.835858Z  WARN ThreadId(20) hotstuff_runner::app: Node 1 [produce_block] queue size: 0, attempting up to 0 transactions this block    
2026-08-07T04:38:02.837135Z  WARN ThreadId(20) hotstuff_runner::app: Node 1 view(5324) far exceeds block count (1330); potential sync issue    
2026-08-07T04:38:02.912596Z  WARN ThreadId(20) hotstuff_runner::app: Node 1 [produce_block] queue size: 0, attempting up to 0 transactions this block    
2026-08-07T04:38:02.913373Z  WARN ThreadId(20) hotstuff_runner::app: Node 1 view(5328) far exceeds block count (1331); potential sync issue    
2026-08-07T04:38:02.985105Z  WARN ThreadId(20) hotstuff_runner::app: Node 1 [produce_block] queue size: 0, attempting up to 0 transactions this block    
2026-08-07T04:38:02.985617Z  WARN ThreadId(20) hotstuff_runner::app: Node 1 view(5332) far exceeds block count (1332); potential sync issue    
2026-08-07T04:38:03.048062Z  WARN ThreadId(20) hotstuff_runner::app: Node 1 [produce_block] queue size: 0, attempting up to 0 transactions this block    
2026-08-07T04:38:03.050670Z  WARN ThreadId(20) hotstuff_runner::app: Node 1 view(5336) far exceeds block count (1333); potential sync issue    
2026-08-07T04:38:03.100959Z  WARN ThreadId(20) hotstuff_runner::app: Node 1 [produce_block] queue size: 0, attempting up to 0 transactions this block    
2026-08-07T04:38:03.101138Z  WARN ThreadId(20) hotstuff_runner::app: Node 1 view(5340) far exceeds block count (1334); potential sync issue    
2026-08-07T04:38:03.168697Z  WARN ThreadId(20) hotstuff_runner::app: Node 1 [produce_block] queue size: 0, attempting up to 0 transactions this block    
2026-08-07T04:38:03.169014Z  WARN ThreadId(20) hotstuff_runner::app: Node 1 view(5344) far exceeds block count (1335); potential sync issue    
2026-08-07T04:38:03.227203Z  WARN ThreadId(20) hotstuff_runner::app: Node 1 [produce_block] queue size: 0, attempting up to 0 transactions this block    
2026-08-07T04:38:03.229911Z  WARN ThreadId(20) hotstuff_runner::app: Node 1 view(5348) far exceeds block count (1336); potential sync issue    
2026-08-07T04:38:03.283103Z  WARN ThreadId(20) hotstuff_runner::app: Node 1 [produce_block] queue size: 0, attempting up to 0 transactions this block    
2026-08-07T04:38:03.285637Z  WARN ThreadId(20) hotstuff_runner::app: Node 1 view(5352) far exceeds block count (1337); potential sync issue    
2026-08-07T04:38:03.333605Z  WARN ThreadId(20) hotstuff_runner::app: Node 1 [produce_block] queue size: 0, attempting up to 0 transactions this block    
2026-08-07T04:38:03.333747Z  WARN ThreadId(20) hotstuff_runner::app: Node 1 view(5356) far exceeds block count (1338); potential sync issue    
2026-08-07T04:38:03.409843Z  WARN ThreadId(20) hotstuff_runner::app: Node 1 [produce_block] queue size: 0, attempting up to 0 transactions this block    
2026-08-07T04:38:03.411021Z  WARN ThreadId(20) hotstuff_runner::app: Node 1 view(5360) far exceeds block count (1339); potential sync issue    
2026-08-07T04:38:03.479012Z  WARN ThreadId(20) hotstuff_runner::app: Node 1 [produce_block] queue size: 0, attempting up to 0 transactions this block    
2026-08-07T04:38:03.479937Z  WARN ThreadId(20) hotstuff_runner::app: Node 1 view(5364) far exceeds block count (1340); potential sync issue    
2026-08-07T04:38:03.582991Z  WARN ThreadId(20) hotstuff_runner::app: Node 1 [produce_block] queue size: 0, attempting up to 0 transactions this block    
2026-08-07T04:38:03.586608Z  WARN ThreadId(20) hotstuff_runner::app: Node 1 view(5368) far exceeds block count (1341); potential sync issue    
2026-08-07T04:38:03.672047Z  WARN ThreadId(20) hotstuff_runner::app: Node 1 [produce_block] queue size: 0, attempting up to 0 transactions this block    
2026-08-07T04:38:03.673673Z  WARN ThreadId(20) hotstuff_runner::app: Node 1 view(5372) far exceeds block count (1342); potential sync issue    
2026-08-07T04:38:03.768486Z  WARN ThreadId(20) hotstuff_runner::app: Node 1 [produce_block] queue size: 0, attempting up to 0 transactions this block    
2026-08-07T04:38:03.769928Z  WARN ThreadId(20) hotstuff_runner::app: Node 1 view(5376) far exceeds block count (1343); potential sync issue    
2026-08-07T04:38:03.835973Z  WARN ThreadId(20) hotstuff_runner::app: Node 1 [produce_block] queue size: 0, attempting up to 0 transactions this block    
2026-08-07T04:38:03.837948Z  WARN ThreadId(20) hotstuff_runner::app: Node 1 view(5380) far exceeds block count (1344); potential sync issue    
2026-08-07T04:38:03.931532Z  WARN ThreadId(20) hotstuff_runner::app: Node 1 [produce_block] queue size: 0, attempting up to 0 transactions this block    
2026-08-07T04:38:03.933324Z  WARN ThreadId(20) hotstuff_runner::app: Node 1 view(5384) far exceeds block count (1345); potential sync issue    
2026-08-07T04:38:03.993257Z  WARN ThreadId(20) hotstuff_runner::app: Node 1 [produce_block] queue size: 0, attempting up to 0 transactions this block    
2026-08-07T04:38:03.993434Z  WARN ThreadId(20) hotstuff_runner::app: Node 1 view(5388) far exceeds block count (1346); potential sync issue    
2026-08-07T04:38:04.056051Z  WARN ThreadId(20) hotstuff_runner::app: Node 1 [produce_block] queue size: 0, attempting up to 0 transactions this block    
2026-08-07T04:38:04.057100Z  WARN ThreadId(20) hotstuff_runner::app: Node 1 view(5392) far exceeds block count (1347); potential sync issue    
2026-08-07T04:38:04.120646Z  WARN ThreadId(20) hotstuff_runner::app: Node 1 [produce_block] queue size: 0, attempting up to 0 transactions this block    
2026-08-07T04:38:04.120800Z  WARN ThreadId(20) hotstuff_runner::app: Node 1 view(5396) far exceeds block count (1348); potential sync issue    
2026-08-07T04:38:04.205988Z  WARN ThreadId(20) hotstuff_runner::app: Node 1 [produce_block] queue size: 0, attempting up to 0 transactions this block    
2026-08-07T04:38:04.253801Z  WARN ThreadId(20) hotstuff_runner::app: Node 1 view(5400) far exceeds block count (1349); potential sync issue    
2026-08-07T04:38:04.349858Z  WARN ThreadId(20) hotstuff_runner::app: Node 1 [produce_block] queue size: 0, attempting up to 0 transactions this block    
2026-08-07T04:38:04.351611Z  WARN ThreadId(20) hotstuff_runner::app: Node 1 view(5404) far exceeds block count (1350); potential sync issue    
2026-08-07T04:38:04.423241Z  WARN ThreadId(20) hotstuff_runner::app: Node 1 [produce_block] queue size: 0, attempting up to 0 transactions this block    
2026-08-07T04:38:04.423896Z  WARN ThreadId(20) hotstuff_runner::app: Node 1 view(5408) far exceeds block count (1351); potential sync issue    
2026-08-07T04:38:04.513822Z  WARN ThreadId(20) hotstuff_runner::app: Node 1 [produce_block] queue size: 0, attempting up to 0 transactions this block    
2026-08-07T04:38:04.514099Z  WARN ThreadId(20) hotstuff_runner::app: Node 1 view(5412) far exceeds block count (1352); potential sync issue    
2026-08-07T04:38:04.610364Z  WARN ThreadId(20) hotstuff_runner::app: Node 1 [produce_block] queue size: 0, attempting up to 0 transactions this block    
2026-08-07T04:38:04.610619Z  WARN ThreadId(20) hotstuff_runner::app: Node 1 view(5416) far exceeds block count (1353); potential sync issue    
2026-08-07T04:38:04.676977Z  WARN ThreadId(20) hotstuff_runner::app: Node 1 [produce_block] queue size: 0, attempting up to 0 transactions this block    
2026-08-07T04:38:04.677586Z  WARN ThreadId(20) hotstuff_runner::app: Node 1 view(5420) far exceeds block count (1354); potential sync issue    
2026-08-07T04:38:04.757326Z  WARN ThreadId(20) hotstuff_runner::app: Node 1 [produce_block] queue size: 0, attempting up to 0 transactions this block    
2026-08-07T04:38:04.758590Z  WARN ThreadId(20) hotstuff_runner::app: Node 1 view(5424) far exceeds block count (1355); potential sync issue    
2026-08-07T04:38:04.804218Z  WARN ThreadId(20) hotstuff_runner::app: Node 1 [produce_block] queue size: 0, attempting up to 0 transactions this block    
2026-08-07T04:38:04.806477Z  WARN ThreadId(20) hotstuff_runner::app: Node 1 view(5428) far exceeds block count (1356); potential sync issue    
2026-08-07T04:38:04.864329Z  WARN ThreadId(20) hotstuff_runner::app: Node 1 [produce_block] queue size: 0, attempting up to 0 transactions this block    
2026-08-07T04:38:04.865591Z  WARN ThreadId(20) hotstuff_runner::app: Node 1 view(5432) far exceeds block count (1357); potential sync issue    
2026-08-07T04:38:04.924067Z  WARN ThreadId(20) hotstuff_runner::app: Node 1 [produce_block] queue size: 0, attempting up to 0 transactions this block    
2026-08-07T04:38:04.924462Z  WARN ThreadId(20) hotstuff_runner::app: Node 1 view(5436) far exceeds block count (1358); potential sync issue    
2026-08-07T04:38:05.015289Z  WARN ThreadId(20) hotstuff_runner::app: Node 1 [produce_block] queue size: 0, attempting up to 0 transactions this block    
2026-08-07T04:38:05.015822Z  WARN ThreadId(20) hotstuff_runner::app: Node 1 view(5440) far exceeds block count (1359); potential sync issue    
2026-08-07T04:38:05.076909Z  WARN ThreadId(20) hotstuff_runner::app: Node 1 [produce_block] queue size: 0, attempting up to 0 transactions this block    
2026-08-07T04:38:05.080584Z  WARN ThreadId(20) hotstuff_runner::app: Node 1 view(5444) far exceeds block count (1360); potential sync issue    
2026-08-07T04:38:05.187599Z  WARN ThreadId(20) hotstuff_runner::app: Node 1 [produce_block] queue size: 0, attempting up to 0 transactions this block    
2026-08-07T04:38:05.187853Z  WARN ThreadId(20) hotstuff_runner::app: Node 1 view(5448) far exceeds block count (1361); potential sync issue    
2026-08-07T04:38:05.324653Z  WARN ThreadId(20) hotstuff_runner::app: Node 1 [produce_block] queue size: 0, attempting up to 0 transactions this block    
2026-08-07T04:38:05.328666Z  WARN ThreadId(20) hotstuff_runner::app: Node 1 view(5452) far exceeds block count (1362); potential sync issue    
2026-08-07T04:38:05.407505Z  WARN ThreadId(20) hotstuff_runner::app: Node 1 [produce_block] queue size: 0, attempting up to 0 transactions this block    
2026-08-07T04:38:05.407743Z  WARN ThreadId(20) hotstuff_runner::app: Node 1 view(5456) far exceeds block count (1363); potential sync issue    
2026-08-07T04:38:05.488920Z  WARN ThreadId(20) hotstuff_runner::app: Node 1 [produce_block] queue size: 0, attempting up to 0 transactions this block    
2026-08-07T04:38:05.489948Z  WARN ThreadId(20) hotstuff_runner::app: Node 1 view(5460) far exceeds block count (1364); potential sync issue    
2026-08-07T04:38:05.620210Z  WARN ThreadId(20) hotstuff_runner::app: Node 1 [produce_block] queue size: 0, attempting up to 0 transactions this block    
2026-08-07T04:38:05.620439Z  WARN ThreadId(20) hotstuff_runner::app: Node 1 view(5464) far exceeds block count (1365); potential sync issue    
2026-08-07T04:38:05.679651Z  WARN ThreadId(20) hotstuff_runner::app: Node 1 [produce_block] queue size: 0, attempting up to 0 transactions this block    
2026-08-07T04:38:05.681746Z  WARN ThreadId(20) hotstuff_runner::app: Node 1 view(5468) far exceeds block count (1366); potential sync issue    
2026-08-07T04:38:05.793085Z  WARN ThreadId(20) hotstuff_runner::app: Node 1 [produce_block] queue size: 0, attempting up to 0 transactions this block    
2026-08-07T04:38:05.799443Z  WARN ThreadId(20) hotstuff_runner::app: Node 1 view(5472) far exceeds block count (1367); potential sync issue    
2026-08-07T04:38:05.882054Z  WARN ThreadId(20) hotstuff_runner::app: Node 1 [produce_block] queue size: 0, attempting up to 0 transactions this block    
2026-08-07T04:38:05.883594Z  WARN ThreadId(20) hotstuff_runner::app: Node 1 view(5476) far exceeds block count (1368); potential sync issue    
2026-08-07T04:38:05.969635Z  WARN ThreadId(06) docker_node: Low processing efficiency: 0.0% - system may need tuning
2026-08-07T04:38:05.970974Z  WARN ThreadId(06) docker_node:   Connection reuse ineffective (2.0 msg/conn)
2026-08-07T04:38:05.994826Z  WARN ThreadId(20) hotstuff_runner::app: Node 1 [produce_block] queue size: 0, attempting up to 0 transactions this block    
2026-08-07T04:38:05.996329Z  WARN ThreadId(20) hotstuff_runner::app: Node 1 view(5480) far exceeds block count (1369); potential sync issue    
2026-08-07T04:38:06.128962Z  WARN ThreadId(20) hotstuff_runner::app: Node 1 [produce_block] queue size: 0, attempting up to 0 transactions this block    
2026-08-07T04:38:06.134643Z  WARN ThreadId(20) hotstuff_runner::app: Node 1 view(5484) far exceeds block count (1370); potential sync issue    
2026-08-07T04:38:06.232152Z  WARN ThreadId(20) hotstuff_runner::app: Node 1 [produce_block] queue size: 0, attempting up to 0 transactions this block    
2026-08-07T04:38:06.232746Z  WARN ThreadId(20) hotstuff_runner::app: Node 1 view(5488) far exceeds block count (1371); potential sync issue    
2026-08-07T04:38:06.351146Z  WARN ThreadId(20) hotstuff_runner::app: Node 1 [produce_block] queue size: 0, attempting up to 0 transactions this block    
2026-08-07T04:38:06.352009Z  WARN ThreadId(20) hotstuff_runner::app: Node 1 view(5492) far exceeds block count (1372); potential sync issue    
2026-08-07T04:38:06.430329Z  WARN ThreadId(20) hotstuff_runner::app: Node 1 [produce_block] queue size: 0, attempting up to 0 transactions this block    
2026-08-07T04:38:06.432732Z  WARN ThreadId(20) hotstuff_runner::app: Node 1 view(5496) far exceeds block count (1373); potential sync issue    
2026-08-07T04:38:06.541995Z  WARN ThreadId(20) hotstuff_runner::app: Node 1 [produce_block] queue size: 0, attempting up to 0 transactions this block    
2026-08-07T04:38:06.542542Z  WARN ThreadId(20) hotstuff_runner::app: Node 1 view(5500) far exceeds block count (1374); potential sync issue    
2026-08-07T04:38:06.632586Z  WARN ThreadId(20) hotstuff_runner::app: Node 1 [produce_block] queue size: 0, attempting up to 0 transactions this block    
2026-08-07T04:38:06.633510Z  WARN ThreadId(20) hotstuff_runner::app: Node 1 view(5504) far exceeds block count (1375); potential sync issue    
2026-08-07T04:38:06.729290Z  WARN ThreadId(20) hotstuff_runner::app: Node 1 [produce_block] queue size: 0, attempting up to 0 transactions this block    
2026-08-07T04:38:06.730581Z  WARN ThreadId(20) hotstuff_runner::app: Node 1 view(5508) far exceeds block count (1376); potential sync issue    
2026-08-07T04:38:06.829881Z  WARN ThreadId(20) hotstuff_runner::app: Node 1 [produce_block] queue size: 0, attempting up to 0 transactions this block    
2026-08-07T04:38:06.837473Z  WARN ThreadId(20) hotstuff_runner::app: Node 1 view(5512) far exceeds block count (1377); potential sync issue    
2026-08-07T04:38:06.971093Z  WARN ThreadId(20) hotstuff_runner::app: Node 1 [produce_block] queue size: 0, attempting up to 0 transactions this block    
2026-08-07T04:38:06.972101Z  WARN ThreadId(20) hotstuff_runner::app: Node 1 view(5516) far exceeds block count (1378); potential sync issue    
2026-08-07T04:38:07.052114Z  WARN ThreadId(20) hotstuff_runner::app: Node 1 [produce_block] queue size: 0, attempting up to 0 transactions this block    
2026-08-07T04:38:07.052615Z  WARN ThreadId(20) hotstuff_runner::app: Node 1 view(5520) far exceeds block count (1379); potential sync issue    
2026-08-07T04:38:07.128609Z  WARN ThreadId(20) hotstuff_runner::app: Node 1 [produce_block] queue size: 0, attempting up to 0 transactions this block    
2026-08-07T04:38:07.129337Z  WARN ThreadId(20) hotstuff_runner::app: Node 1 view(5524) far exceeds block count (1380); potential sync issue    
2026-08-07T04:38:07.236422Z  WARN ThreadId(20) hotstuff_runner::app: Node 1 [produce_block] queue size: 0, attempting up to 0 transactions this block    
2026-08-07T04:38:07.239839Z  WARN ThreadId(20) hotstuff_runner::app: Node 1 view(5528) far exceeds block count (1381); potential sync issue    
2026-08-07T04:38:07.370607Z  WARN ThreadId(20) hotstuff_runner::app: Node 1 [produce_block] queue size: 0, attempting up to 0 transactions this block    
2026-08-07T04:38:07.371139Z  WARN ThreadId(20) hotstuff_runner::app: Node 1 view(5532) far exceeds block count (1382); potential sync issue    
2026-08-07T04:38:07.486719Z  WARN ThreadId(20) hotstuff_runner::app: Node 1 [produce_block] queue size: 0, attempting up to 0 transactions this block    
2026-08-07T04:38:07.487518Z  WARN ThreadId(20) hotstuff_runner::app: Node 1 view(5536) far exceeds block count (1383); potential sync issue    
2026-08-07T04:38:07.651577Z  WARN ThreadId(20) hotstuff_runner::app: Node 1 [produce_block] queue size: 0, attempting up to 0 transactions this block    
2026-08-07T04:38:07.651759Z  WARN ThreadId(20) hotstuff_runner::app: Node 1 view(5540) far exceeds block count (1384); potential sync issue    
2026-08-07T04:38:07.796478Z  WARN ThreadId(20) hotstuff_runner::app: Node 1 [produce_block] queue size: 0, attempting up to 0 transactions this block    
2026-08-07T04:38:07.798603Z  WARN ThreadId(20) hotstuff_runner::app: Node 1 view(5544) far exceeds block count (1385); potential sync issue    
2026-08-07T04:38:07.935508Z  WARN ThreadId(20) hotstuff_runner::app: Node 1 [produce_block] queue size: 0, attempting up to 0 transactions this block    
2026-08-07T04:38:07.936266Z  WARN ThreadId(20) hotstuff_runner::app: Node 1 view(5548) far exceeds block count (1386); potential sync issue    
2026-08-07T04:38:07.984803Z  WARN ThreadId(20) hotstuff_runner::app: Node 1 [produce_block] queue size: 0, attempting up to 0 transactions this block    
2026-08-07T04:38:07.985249Z  WARN ThreadId(20) hotstuff_runner::app: Node 1 view(5552) far exceeds block count (1387); potential sync issue    
2026-08-07T04:38:08.096799Z  WARN ThreadId(20) hotstuff_runner::app: Node 1 [produce_block] queue size: 0, attempting up to 0 transactions this block    
2026-08-07T04:38:08.102546Z  WARN ThreadId(20) hotstuff_runner::app: Node 1 view(5556) far exceeds block count (1388); potential sync issue    
2026-08-07T04:38:08.241529Z  WARN ThreadId(20) hotstuff_runner::app: Node 1 [produce_block] queue size: 0, attempting up to 0 transactions this block    
2026-08-07T04:38:08.242911Z  WARN ThreadId(20) hotstuff_runner::app: Node 1 view(5560) far exceeds block count (1389); potential sync issue    
2026-08-07T04:38:08.356317Z  WARN ThreadId(20) hotstuff_runner::app: Node 1 [produce_block] queue size: 0, attempting up to 0 transactions this block    
2026-08-07T04:38:08.356621Z  WARN ThreadId(20) hotstuff_runner::app: Node 1 view(5564) far exceeds block count (1390); potential sync issue    
2026-08-07T04:38:08.441882Z  WARN ThreadId(20) hotstuff_runner::app: Node 1 [produce_block] queue size: 0, attempting up to 0 transactions this block    
2026-08-07T04:38:08.444248Z  WARN ThreadId(20) hotstuff_runner::app: Node 1 view(5568) far exceeds block count (1391); potential sync issue    
2026-08-07T04:38:08.488568Z  WARN ThreadId(20) hotstuff_runner::app: Node 1 [produce_block] queue size: 0, attempting up to 0 transactions this block    
2026-08-07T04:38:08.488800Z  WARN ThreadId(20) hotstuff_runner::app: Node 1 view(5572) far exceeds block count (1392); potential sync issue    
2026-08-07T04:38:08.563183Z  WARN ThreadId(20) hotstuff_runner::app: Node 1 [produce_block] queue size: 0, attempting up to 0 transactions this block    
2026-08-07T04:38:08.563288Z  WARN ThreadId(20) hotstuff_runner::app: Node 1 view(5576) far exceeds block count (1393); potential sync issue    
2026-08-07T04:38:08.605754Z  WARN ThreadId(20) hotstuff_runner::app: Node 1 [produce_block] queue size: 0, attempting up to 0 transactions this block    
2026-08-07T04:38:08.605977Z  WARN ThreadId(20) hotstuff_runner::app: Node 1 view(5580) far exceeds block count (1394); potential sync issue    
2026-08-07T04:38:08.676624Z  WARN ThreadId(20) hotstuff_runner::app: Node 1 [produce_block] queue size: 0, attempting up to 0 transactions this block    
2026-08-07T04:38:08.680455Z  WARN ThreadId(20) hotstuff_runner::app: Node 1 view(5584) far exceeds block count (1395); potential sync issue    
2026-08-07T04:38:08.748854Z  WARN ThreadId(20) hotstuff_runner::app: Node 1 [produce_block] queue size: 0, attempting up to 0 transactions this block    
2026-08-07T04:38:08.749382Z  WARN ThreadId(20) hotstuff_runner::app: Node 1 view(5588) far exceeds block count (1396); potential sync issue    
2026-08-07T04:38:08.861675Z  WARN ThreadId(20) hotstuff_runner::app: Node 1 [produce_block] queue size: 0, attempting up to 0 transactions this block    
2026-08-07T04:38:08.875740Z  WARN ThreadId(20) hotstuff_runner::app: Node 1 view(5592) far exceeds block count (1397); potential sync issue    
2026-08-07T04:38:08.967572Z  WARN ThreadId(20) hotstuff_runner::app: Node 1 [produce_block] queue size: 0, attempting up to 0 transactions this block    
2026-08-07T04:38:08.967749Z  WARN ThreadId(20) hotstuff_runner::app: Node 1 view(5596) far exceeds block count (1398); potential sync issue    
2026-08-07T04:38:09.042429Z  WARN ThreadId(20) hotstuff_runner::app: Node 1 [produce_block] queue size: 0, attempting up to 0 transactions this block    
2026-08-07T04:38:09.042968Z  WARN ThreadId(20) hotstuff_runner::app: Node 1 view(5600) far exceeds block count (1399); potential sync issue    
2026-08-07T04:38:09.108829Z  WARN ThreadId(20) hotstuff_runner::app: Node 1 [produce_block] queue size: 0, attempting up to 0 transactions this block    
2026-08-07T04:38:09.110056Z  WARN ThreadId(20) hotstuff_runner::app: Node 1 view(5604) far exceeds block count (1400); potential sync issue    
2026-08-07T04:38:09.194133Z  WARN ThreadId(20) hotstuff_runner::app: Node 1 [produce_block] queue size: 0, attempting up to 0 transactions this block    
2026-08-07T04:38:09.197354Z  WARN ThreadId(20) hotstuff_runner::app: Node 1 view(5608) far exceeds block count (1401); potential sync issue    
2026-08-07T04:38:09.266515Z  WARN ThreadId(20) hotstuff_runner::app: Node 1 [produce_block] queue size: 0, attempting up to 0 transactions this block    
2026-08-07T04:38:09.272196Z  WARN ThreadId(20) hotstuff_runner::app: Node 1 view(5612) far exceeds block count (1402); potential sync issue    
2026-08-07T04:38:09.350666Z  WARN ThreadId(20) hotstuff_runner::app: Node 1 [produce_block] queue size: 0, attempting up to 0 transactions this block    
2026-08-07T04:38:09.351058Z  WARN ThreadId(20) hotstuff_runner::app: Node 1 view(5616) far exceeds block count (1403); potential sync issue    
2026-08-07T04:38:09.426844Z  WARN ThreadId(20) hotstuff_runner::app: Node 1 [produce_block] queue size: 0, attempting up to 0 transactions this block    
2026-08-07T04:38:09.427526Z  WARN ThreadId(20) hotstuff_runner::app: Node 1 view(5620) far exceeds block count (1404); potential sync issue    
2026-08-07T04:38:09.485796Z  WARN ThreadId(20) hotstuff_runner::app: Node 1 [produce_block] queue size: 0, attempting up to 0 transactions this block    
2026-08-07T04:38:09.486024Z  WARN ThreadId(20) hotstuff_runner::app: Node 1 view(5624) far exceeds block count (1405); potential sync issue    
2026-08-07T04:38:09.558938Z  WARN ThreadId(20) hotstuff_runner::app: Node 1 [produce_block] queue size: 0, attempting up to 0 transactions this block    
2026-08-07T04:38:09.559876Z  WARN ThreadId(20) hotstuff_runner::app: Node 1 view(5628) far exceeds block count (1406); potential sync issue    
2026-08-07T04:38:09.647574Z  WARN ThreadId(20) hotstuff_runner::app: Node 1 [produce_block] queue size: 0, attempting up to 0 transactions this block    
2026-08-07T04:38:09.648115Z  WARN ThreadId(20) hotstuff_runner::app: Node 1 view(5632) far exceeds block count (1407); potential sync issue    
2026-08-07T04:38:09.707854Z  WARN ThreadId(20) hotstuff_runner::app: Node 1 [produce_block] queue size: 0, attempting up to 0 transactions this block    
2026-08-07T04:38:09.709715Z  WARN ThreadId(20) hotstuff_runner::app: Node 1 view(5636) far exceeds block count (1408); potential sync issue    
2026-08-07T04:38:09.783577Z  WARN ThreadId(20) hotstuff_runner::app: Node 1 [produce_block] queue size: 0, attempting up to 0 transactions this block    
2026-08-07T04:38:09.784551Z  WARN ThreadId(20) hotstuff_runner::app: Node 1 view(5640) far exceeds block count (1409); potential sync issue    
2026-08-07T04:38:09.879527Z  WARN ThreadId(20) hotstuff_runner::app: Node 1 [produce_block] queue size: 0, attempting up to 0 transactions this block    
2026-08-07T04:38:09.880330Z  WARN ThreadId(20) hotstuff_runner::app: Node 1 view(5644) far exceeds block count (1410); potential sync issue    
2026-08-07T04:38:09.946076Z  WARN ThreadId(20) hotstuff_runner::app: Node 1 [produce_block] queue size: 0, attempting up to 0 transactions this block    
2026-08-07T04:38:09.947863Z  WARN ThreadId(20) hotstuff_runner::app: Node 1 view(5648) far exceeds block count (1411); potential sync issue    
2026-08-07T04:38:10.011230Z  WARN ThreadId(20) hotstuff_runner::app: Node 1 [produce_block] queue size: 0, attempting up to 0 transactions this block    
2026-08-07T04:38:10.015652Z  WARN ThreadId(20) hotstuff_runner::app: Node 1 view(5652) far exceeds block count (1412); potential sync issue    
2026-08-07T04:38:10.088162Z  WARN ThreadId(20) hotstuff_runner::app: Node 1 [produce_block] queue size: 0, attempting up to 0 transactions this block    
2026-08-07T04:38:10.090359Z  WARN ThreadId(20) hotstuff_runner::app: Node 1 view(5656) far exceeds block count (1413); potential sync issue    
2026-08-07T04:38:10.176217Z  WARN ThreadId(20) hotstuff_runner::app: Node 1 [produce_block] queue size: 0, attempting up to 0 transactions this block    
2026-08-07T04:38:10.182615Z  WARN ThreadId(20) hotstuff_runner::app: Node 1 view(5660) far exceeds block count (1414); potential sync issue    
2026-08-07T04:38:10.232066Z  WARN ThreadId(20) hotstuff_runner::app: Node 1 [produce_block] queue size: 0, attempting up to 0 transactions this block    
2026-08-07T04:38:10.232355Z  WARN ThreadId(20) hotstuff_runner::app: Node 1 view(5664) far exceeds block count (1415); potential sync issue    
2026-08-07T04:38:10.285725Z  WARN ThreadId(20) hotstuff_runner::app: Node 1 [produce_block] queue size: 0, attempting up to 0 transactions this block    
2026-08-07T04:38:10.286924Z  WARN ThreadId(20) hotstuff_runner::app: Node 1 view(5668) far exceeds block count (1416); potential sync issue    
2026-08-07T04:38:10.351019Z  WARN ThreadId(20) hotstuff_runner::app: Node 1 [produce_block] queue size: 0, attempting up to 0 transactions this block    
2026-08-07T04:38:10.355070Z  WARN ThreadId(20) hotstuff_runner::app: Node 1 view(5672) far exceeds block count (1417); potential sync issue    
2026-08-07T04:38:10.430429Z  WARN ThreadId(20) hotstuff_runner::app: Node 1 [produce_block] queue size: 0, attempting up to 0 transactions this block    
2026-08-07T04:38:10.432992Z  WARN ThreadId(20) hotstuff_runner::app: Node 1 view(5676) far exceeds block count (1418); potential sync issue    
2026-08-07T04:38:10.542713Z  WARN ThreadId(20) hotstuff_runner::app: Node 1 [produce_block] queue size: 0, attempting up to 0 transactions this block    
2026-08-07T04:38:10.543212Z  WARN ThreadId(20) hotstuff_runner::app: Node 1 view(5680) far exceeds block count (1419); potential sync issue    
2026-08-07T04:38:10.662583Z  WARN ThreadId(20) hotstuff_runner::app: Node 1 [produce_block] queue size: 0, attempting up to 0 transactions this block    
2026-08-07T04:38:10.663491Z  WARN ThreadId(20) hotstuff_runner::app: Node 1 view(5684) far exceeds block count (1420); potential sync issue    
2026-08-07T04:38:10.784129Z  WARN ThreadId(20) hotstuff_runner::app: Node 1 [produce_block] queue size: 0, attempting up to 0 transactions this block    
2026-08-07T04:38:10.790379Z  WARN ThreadId(20) hotstuff_runner::app: Node 1 view(5688) far exceeds block count (1421); potential sync issue    
2026-08-07T04:38:10.878947Z  WARN ThreadId(20) hotstuff_runner::app: Node 1 [produce_block] queue size: 0, attempting up to 0 transactions this block    
2026-08-07T04:38:10.879404Z  WARN ThreadId(20) hotstuff_runner::app: Node 1 view(5692) far exceeds block count (1422); potential sync issue    
2026-08-07T04:38:10.970571Z  WARN ThreadId(05) docker_node: Low processing efficiency: 0.0% - system may need tuning
2026-08-07T04:38:10.974272Z  WARN ThreadId(05) docker_node:   Connection reuse ineffective (2.0 msg/conn)
2026-08-07T04:38:11.099402Z  WARN ThreadId(20) hotstuff_runner::app: Node 1 [produce_block] queue size: 0, attempting up to 0 transactions this block    
2026-08-07T04:38:11.100118Z  WARN ThreadId(20) hotstuff_runner::app: Node 1 view(5696) far exceeds block count (1423); potential sync issue    
2026-08-07T04:38:11.307576Z  WARN ThreadId(20) hotstuff_runner::app: Node 1 [produce_block] queue size: 0, attempting up to 0 transactions this block    
2026-08-07T04:38:11.309110Z  WARN ThreadId(20) hotstuff_runner::app: Node 1 view(5700) far exceeds block count (1424); potential sync issue    
2026-08-07T04:38:11.400073Z  WARN ThreadId(20) hotstuff_runner::app: Node 1 [produce_block] queue size: 0, attempting up to 0 transactions this block    
2026-08-07T04:38:11.407909Z  WARN ThreadId(20) hotstuff_runner::app: Node 1 view(5704) far exceeds block count (1425); potential sync issue    
2026-08-07T04:38:11.522661Z  WARN ThreadId(20) hotstuff_runner::app: Node 1 [produce_block] queue size: 0, attempting up to 0 transactions this block    
2026-08-07T04:38:11.522814Z  WARN ThreadId(20) hotstuff_runner::app: Node 1 view(5708) far exceeds block count (1426); potential sync issue    
2026-08-07T04:38:11.612775Z  WARN ThreadId(20) hotstuff_runner::app: Node 1 [produce_block] queue size: 0, attempting up to 0 transactions this block    
2026-08-07T04:38:11.612892Z  WARN ThreadId(20) hotstuff_runner::app: Node 1 view(5712) far exceeds block count (1427); potential sync issue    
2026-08-07T04:38:11.776899Z  WARN ThreadId(20) hotstuff_runner::app: Node 1 [produce_block] queue size: 0, attempting up to 0 transactions this block    
2026-08-07T04:38:11.778487Z  WARN ThreadId(20) hotstuff_runner::app: Node 1 view(5716) far exceeds block count (1428); potential sync issue    
2026-08-07T04:38:11.842907Z  WARN ThreadId(20) hotstuff_runner::app: Node 1 [produce_block] queue size: 0, attempting up to 0 transactions this block    
2026-08-07T04:38:11.843191Z  WARN ThreadId(20) hotstuff_runner::app: Node 1 view(5720) far exceeds block count (1429); potential sync issue    
2026-08-07T04:38:11.943265Z  WARN ThreadId(20) hotstuff_runner::app: Node 1 [produce_block] queue size: 0, attempting up to 0 transactions this block    
2026-08-07T04:38:11.944655Z  WARN ThreadId(20) hotstuff_runner::app: Node 1 view(5724) far exceeds block count (1430); potential sync issue    
2026-08-07T04:38:12.107917Z  WARN ThreadId(20) hotstuff_runner::app: Node 1 [produce_block] queue size: 0, attempting up to 0 transactions this block    
2026-08-07T04:38:12.108294Z  WARN ThreadId(20) hotstuff_runner::app: Node 1 view(5728) far exceeds block count (1431); potential sync issue    
2026-08-07T04:38:12.220632Z  WARN ThreadId(20) hotstuff_runner::app: Node 1 [produce_block] queue size: 0, attempting up to 0 transactions this block    
2026-08-07T04:38:12.221210Z  WARN ThreadId(20) hotstuff_runner::app: Node 1 view(5732) far exceeds block count (1432); potential sync issue    
2026-08-07T04:38:12.348583Z  WARN ThreadId(20) hotstuff_runner::app: Node 1 [produce_block] queue size: 0, attempting up to 0 transactions this block    
2026-08-07T04:38:12.355489Z  WARN ThreadId(20) hotstuff_runner::app: Node 1 view(5736) far exceeds block count (1433); potential sync issue    
2026-08-07T04:38:12.450176Z  WARN ThreadId(20) hotstuff_runner::app: Node 1 [produce_block] queue size: 0, attempting up to 0 transactions this block    
2026-08-07T04:38:12.451084Z  WARN ThreadId(20) hotstuff_runner::app: Node 1 view(5740) far exceeds block count (1434); potential sync issue    
2026-08-07T04:38:12.486105Z  WARN ThreadId(20) hotstuff_runner::app: Node 1 [produce_block] queue size: 0, attempting up to 0 transactions this block    
2026-08-07T04:38:12.486368Z  WARN ThreadId(20) hotstuff_runner::app: Node 1 view(5744) far exceeds block count (1435); potential sync issue    
2026-08-07T04:38:12.652334Z  WARN ThreadId(20) hotstuff_runner::app: Node 1 [produce_block] queue size: 0, attempting up to 0 transactions this block    
2026-08-07T04:38:12.673621Z  WARN ThreadId(20) hotstuff_runner::app: Node 1 view(5748) far exceeds block count (1436); potential sync issue    
2026-08-07T04:38:12.761410Z  WARN ThreadId(20) hotstuff_runner::app: Node 1 [produce_block] queue size: 0, attempting up to 0 transactions this block    
2026-08-07T04:38:12.763610Z  WARN ThreadId(20) hotstuff_runner::app: Node 1 view(5752) far exceeds block count (1437); potential sync issue    
2026-08-07T04:38:12.872032Z  WARN ThreadId(20) hotstuff_runner::app: Node 1 [produce_block] queue size: 0, attempting up to 0 transactions this block    
2026-08-07T04:38:12.876531Z  WARN ThreadId(20) hotstuff_runner::app: Node 1 view(5756) far exceeds block count (1438); potential sync issue    
2026-08-07T04:38:12.960571Z  WARN ThreadId(20) hotstuff_runner::app: Node 1 [produce_block] queue size: 0, attempting up to 0 transactions this block    
2026-08-07T04:38:12.960696Z  WARN ThreadId(20) hotstuff_runner::app: Node 1 view(5760) far exceeds block count (1439); potential sync issue    
2026-08-07T04:38:13.032716Z  WARN ThreadId(20) hotstuff_runner::app: Node 1 [produce_block] queue size: 0, attempting up to 0 transactions this block    
2026-08-07T04:38:13.032914Z  WARN ThreadId(20) hotstuff_runner::app: Node 1 view(5764) far exceeds block count (1440); potential sync issue    
2026-08-07T04:38:13.083578Z  WARN ThreadId(20) hotstuff_runner::app: Node 1 [produce_block] queue size: 0, attempting up to 0 transactions this block    
2026-08-07T04:38:13.083762Z  WARN ThreadId(20) hotstuff_runner::app: Node 1 view(5768) far exceeds block count (1441); potential sync issue    
2026-08-07T04:38:13.186355Z  WARN ThreadId(20) hotstuff_runner::app: Node 1 [produce_block] queue size: 0, attempting up to 0 transactions this block    
2026-08-07T04:38:13.186851Z  WARN ThreadId(20) hotstuff_runner::app: Node 1 view(5772) far exceeds block count (1442); potential sync issue    
2026-08-07T04:38:13.272614Z  WARN ThreadId(20) hotstuff_runner::app: Node 1 [produce_block] queue size: 0, attempting up to 0 transactions this block    
2026-08-07T04:38:13.274323Z  WARN ThreadId(20) hotstuff_runner::app: Node 1 view(5776) far exceeds block count (1443); potential sync issue    
2026-08-07T04:38:13.358453Z  WARN ThreadId(20) hotstuff_runner::app: Node 1 [produce_block] queue size: 0, attempting up to 0 transactions this block    
2026-08-07T04:38:13.364339Z  WARN ThreadId(20) hotstuff_runner::app: Node 1 view(5780) far exceeds block count (1444); potential sync issue    
2026-08-07T04:38:13.531636Z  WARN ThreadId(20) hotstuff_runner::app: Node 1 [produce_block] queue size: 0, attempting up to 0 transactions this block    
2026-08-07T04:38:13.550859Z  WARN ThreadId(20) hotstuff_runner::app: Node 1 view(5784) far exceeds block count (1445); potential sync issue    
2026-08-07T04:38:13.666922Z  WARN ThreadId(20) hotstuff_runner::app: Node 1 [produce_block] queue size: 0, attempting up to 0 transactions this block    
2026-08-07T04:38:13.667124Z  WARN ThreadId(20) hotstuff_runner::app: Node 1 view(5788) far exceeds block count (1446); potential sync issue    
2026-08-07T04:38:13.733779Z  WARN ThreadId(20) hotstuff_runner::app: Node 1 [produce_block] queue size: 0, attempting up to 0 transactions this block    
2026-08-07T04:38:13.736231Z  WARN ThreadId(20) hotstuff_runner::app: Node 1 view(5792) far exceeds block count (1447); potential sync issue    
2026-08-07T04:38:13.817782Z  WARN ThreadId(20) hotstuff_runner::app: Node 1 [produce_block] queue size: 0, attempting up to 0 transactions this block    
2026-08-07T04:38:13.819591Z  WARN ThreadId(20) hotstuff_runner::app: Node 1 view(5796) far exceeds block count (1448); potential sync issue    
2026-08-07T04:38:13.903953Z  WARN ThreadId(20) hotstuff_runner::app: Node 1 [produce_block] queue size: 0, attempting up to 0 transactions this block    
2026-08-07T04:38:13.904654Z  WARN ThreadId(20) hotstuff_runner::app: Node 1 view(5800) far exceeds block count (1449); potential sync issue    
2026-08-07T04:38:14.012847Z  WARN ThreadId(20) hotstuff_runner::app: Node 1 [produce_block] queue size: 0, attempting up to 0 transactions this block    
2026-08-07T04:38:14.017060Z  WARN ThreadId(20) hotstuff_runner::app: Node 1 view(5804) far exceeds block count (1450); potential sync issue    
2026-08-07T04:38:14.114503Z  WARN ThreadId(20) hotstuff_runner::app: Node 1 [produce_block] queue size: 0, attempting up to 0 transactions this block    
2026-08-07T04:38:14.116665Z  WARN ThreadId(20) hotstuff_runner::app: Node 1 view(5808) far exceeds block count (1451); potential sync issue    
2026-08-07T04:38:14.214375Z  WARN ThreadId(20) hotstuff_runner::app: Node 1 [produce_block] queue size: 0, attempting up to 0 transactions this block    
2026-08-07T04:38:14.215512Z  WARN ThreadId(20) hotstuff_runner::app: Node 1 view(5812) far exceeds block count (1452); potential sync issue    
2026-08-07T04:38:14.319998Z  WARN ThreadId(20) hotstuff_runner::app: Node 1 [produce_block] queue size: 0, attempting up to 0 transactions this block    
2026-08-07T04:38:14.321952Z  WARN ThreadId(20) hotstuff_runner::app: Node 1 view(5816) far exceeds block count (1453); potential sync issue    
2026-08-07T04:38:14.447717Z  WARN ThreadId(20) hotstuff_runner::app: Node 1 [produce_block] queue size: 0, attempting up to 0 transactions this block    
2026-08-07T04:38:14.448380Z  WARN ThreadId(20) hotstuff_runner::app: Node 1 view(5820) far exceeds block count (1454); potential sync issue    
2026-08-07T04:38:14.585629Z  WARN ThreadId(20) hotstuff_runner::app: Node 1 [produce_block] queue size: 0, attempting up to 0 transactions this block    
2026-08-07T04:38:14.586213Z  WARN ThreadId(20) hotstuff_runner::app: Node 1 view(5824) far exceeds block count (1455); potential sync issue    
2026-08-07T04:38:14.692210Z  WARN ThreadId(20) hotstuff_runner::app: Node 1 [produce_block] queue size: 0, attempting up to 0 transactions this block    
2026-08-07T04:38:14.695587Z  WARN ThreadId(20) hotstuff_runner::app: Node 1 view(5828) far exceeds block count (1456); potential sync issue    
2026-08-07T04:38:14.788787Z  WARN ThreadId(20) hotstuff_runner::app: Node 1 [produce_block] queue size: 0, attempting up to 0 transactions this block    
2026-08-07T04:38:14.789793Z  WARN ThreadId(20) hotstuff_runner::app: Node 1 view(5832) far exceeds block count (1457); potential sync issue    
2026-08-07T04:38:14.848842Z  WARN ThreadId(20) hotstuff_runner::app: Node 1 [produce_block] queue size: 0, attempting up to 0 transactions this block    
2026-08-07T04:38:14.850795Z  WARN ThreadId(20) hotstuff_runner::app: Node 1 view(5836) far exceeds block count (1458); potential sync issue    
2026-08-07T04:38:14.890602Z  WARN ThreadId(20) hotstuff_runner::app: Node 1 [produce_block] queue size: 0, attempting up to 0 transactions this block    
2026-08-07T04:38:14.890871Z  WARN ThreadId(20) hotstuff_runner::app: Node 1 view(5840) far exceeds block count (1459); potential sync issue    
2026-08-07T04:38:14.951901Z  WARN ThreadId(20) hotstuff_runner::app: Node 1 [produce_block] queue size: 0, attempting up to 0 transactions this block    
2026-08-07T04:38:14.954245Z  WARN ThreadId(20) hotstuff_runner::app: Node 1 view(5844) far exceeds block count (1460); potential sync issue    
2026-08-07T04:38:15.037068Z  WARN ThreadId(20) hotstuff_runner::app: Node 1 [produce_block] queue size: 0, attempting up to 0 transactions this block    
2026-08-07T04:38:15.043125Z  WARN ThreadId(20) hotstuff_runner::app: Node 1 view(5848) far exceeds block count (1461); potential sync issue    
2026-08-07T04:38:15.103501Z  WARN ThreadId(20) hotstuff_runner::app: Node 1 [produce_block] queue size: 0, attempting up to 0 transactions this block    
2026-08-07T04:38:15.103589Z  WARN ThreadId(20) hotstuff_runner::app: Node 1 view(5852) far exceeds block count (1462); potential sync issue    
2026-08-07T04:38:15.154278Z  WARN ThreadId(20) hotstuff_runner::app: Node 1 [produce_block] queue size: 0, attempting up to 0 transactions this block    
2026-08-07T04:38:15.155142Z  WARN ThreadId(20) hotstuff_runner::app: Node 1 view(5856) far exceeds block count (1463); potential sync issue    
2026-08-07T04:38:15.238252Z  WARN ThreadId(20) hotstuff_runner::app: Node 1 [produce_block] queue size: 0, attempting up to 0 transactions this block    
2026-08-07T04:38:15.238405Z  WARN ThreadId(20) hotstuff_runner::app: Node 1 view(5860) far exceeds block count (1464); potential sync issue    
2026-08-07T04:38:15.286261Z  WARN ThreadId(20) hotstuff_runner::app: Node 1 [produce_block] queue size: 0, attempting up to 0 transactions this block    
2026-08-07T04:38:15.287856Z  WARN ThreadId(20) hotstuff_runner::app: Node 1 view(5864) far exceeds block count (1465); potential sync issue    
2026-08-07T04:38:15.363785Z  WARN ThreadId(20) hotstuff_runner::app: Node 1 [produce_block] queue size: 0, attempting up to 0 transactions this block    
2026-08-07T04:38:15.364151Z  WARN ThreadId(20) hotstuff_runner::app: Node 1 view(5868) far exceeds block count (1466); potential sync issue    
2026-08-07T04:38:15.456032Z  WARN ThreadId(20) hotstuff_runner::app: Node 1 [produce_block] queue size: 0, attempting up to 0 transactions this block    
2026-08-07T04:38:15.456665Z  WARN ThreadId(20) hotstuff_runner::app: Node 1 view(5872) far exceeds block count (1467); potential sync issue    
2026-08-07T04:38:15.518720Z  WARN ThreadId(20) hotstuff_runner::app: Node 1 [produce_block] queue size: 0, attempting up to 0 transactions this block    
2026-08-07T04:38:15.519775Z  WARN ThreadId(20) hotstuff_runner::app: Node 1 view(5876) far exceeds block count (1468); potential sync issue    
2026-08-07T04:38:15.577568Z  WARN ThreadId(20) hotstuff_runner::app: Node 1 [produce_block] queue size: 0, attempting up to 0 transactions this block    
2026-08-07T04:38:15.578030Z  WARN ThreadId(20) hotstuff_runner::app: Node 1 view(5880) far exceeds block count (1469); potential sync issue    
2026-08-07T04:38:15.635677Z  WARN ThreadId(20) hotstuff_runner::app: Node 1 [produce_block] queue size: 0, attempting up to 0 transactions this block    
2026-08-07T04:38:15.636145Z  WARN ThreadId(20) hotstuff_runner::app: Node 1 view(5884) far exceeds block count (1470); potential sync issue    
2026-08-07T04:38:15.717240Z  WARN ThreadId(20) hotstuff_runner::app: Node 1 [produce_block] queue size: 0, attempting up to 0 transactions this block    
2026-08-07T04:38:15.717867Z  WARN ThreadId(20) hotstuff_runner::app: Node 1 view(5888) far exceeds block count (1471); potential sync issue    
2026-08-07T04:38:15.758726Z  WARN ThreadId(20) hotstuff_runner::app: Node 1 [produce_block] queue size: 0, attempting up to 0 transactions this block    
2026-08-07T04:38:15.759154Z  WARN ThreadId(20) hotstuff_runner::app: Node 1 view(5892) far exceeds block count (1472); potential sync issue    
2026-08-07T04:38:15.807346Z  WARN ThreadId(20) hotstuff_runner::app: Node 1 [produce_block] queue size: 0, attempting up to 0 transactions this block    
2026-08-07T04:38:15.807493Z  WARN ThreadId(20) hotstuff_runner::app: Node 1 view(5896) far exceeds block count (1473); potential sync issue    
2026-08-07T04:38:15.881603Z  WARN ThreadId(20) hotstuff_runner::app: Node 1 [produce_block] queue size: 0, attempting up to 0 transactions this block    
2026-08-07T04:38:15.881899Z  WARN ThreadId(20) hotstuff_runner::app: Node 1 view(5900) far exceeds block count (1474); potential sync issue    
2026-08-07T04:38:15.932942Z  WARN ThreadId(20) hotstuff_runner::app: Node 1 [produce_block] queue size: 0, attempting up to 0 transactions this block    
2026-08-07T04:38:15.934391Z  WARN ThreadId(20) hotstuff_runner::app: Node 1 view(5904) far exceeds block count (1475); potential sync issue    
2026-08-07T04:38:15.988580Z  WARN ThreadId(06) docker_node: Low processing efficiency: 0.0% - system may need tuning
2026-08-07T04:38:15.988793Z  WARN ThreadId(06) docker_node:   Connection reuse ineffective (2.0 msg/conn)
2026-08-07T04:38:16.046423Z  WARN ThreadId(20) hotstuff_runner::app: Node 1 [produce_block] queue size: 0, attempting up to 0 transactions this block    
2026-08-07T04:38:16.050683Z  WARN ThreadId(20) hotstuff_runner::app: Node 1 view(5908) far exceeds block count (1476); potential sync issue    
2026-08-07T04:38:16.168888Z  WARN ThreadId(20) hotstuff_runner::app: Node 1 [produce_block] queue size: 0, attempting up to 0 transactions this block    
2026-08-07T04:38:16.170039Z  WARN ThreadId(20) hotstuff_runner::app: Node 1 view(5912) far exceeds block count (1477); potential sync issue    
2026-08-07T04:38:16.298592Z  WARN ThreadId(20) hotstuff_runner::app: Node 1 [produce_block] queue size: 0, attempting up to 0 transactions this block    
2026-08-07T04:38:16.299256Z  WARN ThreadId(20) hotstuff_runner::app: Node 1 view(5916) far exceeds block count (1478); potential sync issue    
2026-08-07T04:38:16.379921Z  WARN ThreadId(20) hotstuff_runner::app: Node 1 [produce_block] queue size: 0, attempting up to 0 transactions this block    
2026-08-07T04:38:16.381019Z  WARN ThreadId(20) hotstuff_runner::app: Node 1 view(5920) far exceeds block count (1479); potential sync issue    
2026-08-07T04:38:16.449187Z  WARN ThreadId(20) hotstuff_runner::app: Node 1 [produce_block] queue size: 0, attempting up to 0 transactions this block    
2026-08-07T04:38:16.452366Z  WARN ThreadId(20) hotstuff_runner::app: Node 1 view(5924) far exceeds block count (1480); potential sync issue    
2026-08-07T04:38:16.531128Z  WARN ThreadId(20) hotstuff_runner::app: Node 1 [produce_block] queue size: 0, attempting up to 0 transactions this block    
2026-08-07T04:38:16.531252Z  WARN ThreadId(20) hotstuff_runner::app: Node 1 view(5928) far exceeds block count (1481); potential sync issue    
2026-08-07T04:38:16.595303Z  WARN ThreadId(20) hotstuff_runner::app: Node 1 [produce_block] queue size: 0, attempting up to 0 transactions this block    
2026-08-07T04:38:16.596357Z  WARN ThreadId(20) hotstuff_runner::app: Node 1 view(5932) far exceeds block count (1482); potential sync issue    
2026-08-07T04:38:16.646088Z  WARN ThreadId(20) hotstuff_runner::app: Node 1 [produce_block] queue size: 0, attempting up to 0 transactions this block    
2026-08-07T04:38:16.646524Z  WARN ThreadId(20) hotstuff_runner::app: Node 1 view(5936) far exceeds block count (1483); potential sync issue    
2026-08-07T04:38:16.699435Z  WARN ThreadId(20) hotstuff_runner::app: Node 1 [produce_block] queue size: 0, attempting up to 0 transactions this block    
2026-08-07T04:38:16.699913Z  WARN ThreadId(20) hotstuff_runner::app: Node 1 view(5940) far exceeds block count (1484); potential sync issue    
2026-08-07T04:38:16.732195Z  WARN ThreadId(20) hotstuff_runner::app: Node 1 [produce_block] queue size: 0, attempting up to 0 transactions this block    
2026-08-07T04:38:16.732436Z  WARN ThreadId(20) hotstuff_runner::app: Node 1 view(5944) far exceeds block count (1485); potential sync issue    
2026-08-07T04:38:16.791075Z  WARN ThreadId(20) hotstuff_runner::app: Node 1 [produce_block] queue size: 0, attempting up to 0 transactions this block    
2026-08-07T04:38:16.792153Z  WARN ThreadId(20) hotstuff_runner::app: Node 1 view(5948) far exceeds block count (1486); potential sync issue    
2026-08-07T04:38:16.860901Z  WARN ThreadId(20) hotstuff_runner::app: Node 1 [produce_block] queue size: 0, attempting up to 0 transactions this block    
2026-08-07T04:38:16.864456Z  WARN ThreadId(20) hotstuff_runner::app: Node 1 view(5952) far exceeds block count (1487); potential sync issue    
2026-08-07T04:38:16.953788Z  WARN ThreadId(20) hotstuff_runner::app: Node 1 [produce_block] queue size: 0, attempting up to 0 transactions this block    
2026-08-07T04:38:16.954783Z  WARN ThreadId(20) hotstuff_runner::app: Node 1 view(5956) far exceeds block count (1488); potential sync issue    
2026-08-07T04:38:17.043504Z  WARN ThreadId(20) hotstuff_runner::app: Node 1 [produce_block] queue size: 0, attempting up to 0 transactions this block    
2026-08-07T04:38:17.045130Z  WARN ThreadId(20) hotstuff_runner::app: Node 1 view(5960) far exceeds block count (1489); potential sync issue    
2026-08-07T04:38:17.113091Z  WARN ThreadId(20) hotstuff_runner::app: Node 1 [produce_block] queue size: 0, attempting up to 0 transactions this block    
2026-08-07T04:38:17.113359Z  WARN ThreadId(20) hotstuff_runner::app: Node 1 view(5964) far exceeds block count (1490); potential sync issue    
2026-08-07T04:38:17.203109Z  WARN ThreadId(20) hotstuff_runner::app: Node 1 [produce_block] queue size: 0, attempting up to 0 transactions this block    
2026-08-07T04:38:17.203442Z  WARN ThreadId(20) hotstuff_runner::app: Node 1 view(5968) far exceeds block count (1491); potential sync issue    
2026-08-07T04:38:17.280838Z  WARN ThreadId(20) hotstuff_runner::app: Node 1 [produce_block] queue size: 0, attempting up to 0 transactions this block    
2026-08-07T04:38:17.281543Z  WARN ThreadId(20) hotstuff_runner::app: Node 1 view(5972) far exceeds block count (1492); potential sync issue    
2026-08-07T04:38:17.376710Z  WARN ThreadId(20) hotstuff_runner::app: Node 1 [produce_block] queue size: 0, attempting up to 0 transactions this block    
2026-08-07T04:38:17.377743Z  WARN ThreadId(20) hotstuff_runner::app: Node 1 view(5976) far exceeds block count (1493); potential sync issue    
2026-08-07T04:38:17.435567Z  WARN ThreadId(20) hotstuff_runner::app: Node 1 [produce_block] queue size: 0, attempting up to 0 transactions this block    
2026-08-07T04:38:17.437409Z  WARN ThreadId(20) hotstuff_runner::app: Node 1 view(5980) far exceeds block count (1494); potential sync issue    
2026-08-07T04:38:17.477574Z  WARN ThreadId(20) hotstuff_runner::app: Node 1 [produce_block] queue size: 0, attempting up to 0 transactions this block    
2026-08-07T04:38:17.477742Z  WARN ThreadId(20) hotstuff_runner::app: Node 1 view(5984) far exceeds block count (1495); potential sync issue    
2026-08-07T04:38:17.554570Z  WARN ThreadId(20) hotstuff_runner::app: Node 1 [produce_block] queue size: 0, attempting up to 0 transactions this block    
2026-08-07T04:38:17.554873Z  WARN ThreadId(20) hotstuff_runner::app: Node 1 view(5988) far exceeds block count (1496); potential sync issue    
2026-08-07T04:38:17.636236Z  WARN ThreadId(20) hotstuff_runner::app: Node 1 [produce_block] queue size: 0, attempting up to 0 transactions this block    
2026-08-07T04:38:17.643893Z  WARN ThreadId(20) hotstuff_runner::app: Node 1 view(5992) far exceeds block count (1497); potential sync issue    
2026-08-07T04:38:17.719157Z  WARN ThreadId(20) hotstuff_runner::app: Node 1 [produce_block] queue size: 0, attempting up to 0 transactions this block    
2026-08-07T04:38:17.721712Z  WARN ThreadId(20) hotstuff_runner::app: Node 1 view(5996) far exceeds block count (1498); potential sync issue    
2026-08-07T04:38:17.786109Z  WARN ThreadId(20) hotstuff_runner::app: Node 1 [produce_block] queue size: 0, attempting up to 0 transactions this block    
2026-08-07T04:38:17.786384Z  WARN ThreadId(20) hotstuff_runner::app: Node 1 view(6000) far exceeds block count (1499); potential sync issue    
2026-08-07T04:38:17.834985Z  WARN ThreadId(20) hotstuff_runner::app: Node 1 [produce_block] queue size: 0, attempting up to 0 transactions this block    
2026-08-07T04:38:17.835305Z  WARN ThreadId(20) hotstuff_runner::app: Node 1 view(6004) far exceeds block count (1500); potential sync issue    
2026-08-07T04:38:17.898336Z  WARN ThreadId(20) hotstuff_runner::app: Node 1 [produce_block] queue size: 0, attempting up to 0 transactions this block    
2026-08-07T04:38:17.899571Z  WARN ThreadId(20) hotstuff_runner::app: Node 1 view(6008) far exceeds block count (1501); potential sync issue    
2026-08-07T04:38:17.972306Z  WARN ThreadId(20) hotstuff_runner::app: Node 1 [produce_block] queue size: 0, attempting up to 0 transactions this block    
2026-08-07T04:38:17.972521Z  WARN ThreadId(20) hotstuff_runner::app: Node 1 view(6012) far exceeds block count (1502); potential sync issue    
2026-08-07T04:38:18.042564Z  WARN ThreadId(20) hotstuff_runner::app: Node 1 [produce_block] queue size: 0, attempting up to 0 transactions this block    
2026-08-07T04:38:18.043467Z  WARN ThreadId(20) hotstuff_runner::app: Node 1 view(6016) far exceeds block count (1503); potential sync issue    
2026-08-07T04:38:18.108575Z  WARN ThreadId(20) hotstuff_runner::app: Node 1 [produce_block] queue size: 0, attempting up to 0 transactions this block    
2026-08-07T04:38:18.109102Z  WARN ThreadId(20) hotstuff_runner::app: Node 1 view(6020) far exceeds block count (1504); potential sync issue    
2026-08-07T04:38:18.191408Z  WARN ThreadId(20) hotstuff_runner::app: Node 1 [produce_block] queue size: 0, attempting up to 0 transactions this block    
2026-08-07T04:38:18.191637Z  WARN ThreadId(20) hotstuff_runner::app: Node 1 view(6024) far exceeds block count (1505); potential sync issue    
2026-08-07T04:38:18.270288Z  WARN ThreadId(20) hotstuff_runner::app: Node 1 [produce_block] queue size: 0, attempting up to 0 transactions this block    
2026-08-07T04:38:18.271501Z  WARN ThreadId(20) hotstuff_runner::app: Node 1 view(6028) far exceeds block count (1506); potential sync issue    
2026-08-07T04:38:18.329603Z  WARN ThreadId(20) hotstuff_runner::app: Node 1 [produce_block] queue size: 0, attempting up to 0 transactions this block    
2026-08-07T04:38:18.329877Z  WARN ThreadId(20) hotstuff_runner::app: Node 1 view(6032) far exceeds block count (1507); potential sync issue    
2026-08-07T04:38:18.376737Z  WARN ThreadId(20) hotstuff_runner::app: Node 1 [produce_block] queue size: 0, attempting up to 0 transactions this block    
2026-08-07T04:38:18.377443Z  WARN ThreadId(20) hotstuff_runner::app: Node 1 view(6036) far exceeds block count (1508); potential sync issue    
2026-08-07T04:38:18.454777Z  WARN ThreadId(20) hotstuff_runner::app: Node 1 [produce_block] queue size: 0, attempting up to 0 transactions this block    
2026-08-07T04:38:18.458214Z  WARN ThreadId(20) hotstuff_runner::app: Node 1 view(6040) far exceeds block count (1509); potential sync issue    
2026-08-07T04:38:18.539882Z  WARN ThreadId(20) hotstuff_runner::app: Node 1 [produce_block] queue size: 0, attempting up to 0 transactions this block    
2026-08-07T04:38:18.540546Z  WARN ThreadId(20) hotstuff_runner::app: Node 1 view(6044) far exceeds block count (1510); potential sync issue    
2026-08-07T04:38:18.632291Z  WARN ThreadId(20) hotstuff_runner::app: Node 1 [produce_block] queue size: 0, attempting up to 0 transactions this block    
2026-08-07T04:38:18.635584Z  WARN ThreadId(20) hotstuff_runner::app: Node 1 view(6048) far exceeds block count (1511); potential sync issue    
2026-08-07T04:38:18.743575Z  WARN ThreadId(20) hotstuff_runner::app: Node 1 [produce_block] queue size: 0, attempting up to 0 transactions this block    
2026-08-07T04:38:18.743894Z  WARN ThreadId(20) hotstuff_runner::app: Node 1 view(6052) far exceeds block count (1512); potential sync issue    
2026-08-07T04:38:18.826585Z  WARN ThreadId(20) hotstuff_runner::app: Node 1 [produce_block] queue size: 0, attempting up to 0 transactions this block    
2026-08-07T04:38:18.826920Z  WARN ThreadId(20) hotstuff_runner::app: Node 1 view(6056) far exceeds block count (1513); potential sync issue    
2026-08-07T04:38:18.909575Z  WARN ThreadId(20) hotstuff_runner::app: Node 1 [produce_block] queue size: 0, attempting up to 0 transactions this block    
2026-08-07T04:38:18.914011Z  WARN ThreadId(20) hotstuff_runner::app: Node 1 view(6060) far exceeds block count (1514); potential sync issue    
2026-08-07T04:38:18.999142Z  WARN ThreadId(20) hotstuff_runner::app: Node 1 [produce_block] queue size: 0, attempting up to 0 transactions this block    
2026-08-07T04:38:19.000667Z  WARN ThreadId(20) hotstuff_runner::app: Node 1 view(6064) far exceeds block count (1515); potential sync issue    
2026-08-07T04:38:19.099211Z  WARN ThreadId(20) hotstuff_runner::app: Node 1 [produce_block] queue size: 0, attempting up to 0 transactions this block    
2026-08-07T04:38:19.099977Z  WARN ThreadId(20) hotstuff_runner::app: Node 1 view(6068) far exceeds block count (1516); potential sync issue    
2026-08-07T04:38:19.156897Z  WARN ThreadId(20) hotstuff_runner::app: Node 1 [produce_block] queue size: 0, attempting up to 0 transactions this block    
2026-08-07T04:38:19.159792Z  WARN ThreadId(20) hotstuff_runner::app: Node 1 view(6072) far exceeds block count (1517); potential sync issue    
2026-08-07T04:38:19.258869Z  WARN ThreadId(20) hotstuff_runner::app: Node 1 [produce_block] queue size: 0, attempting up to 0 transactions this block    
2026-08-07T04:38:19.260069Z  WARN ThreadId(20) hotstuff_runner::app: Node 1 view(6076) far exceeds block count (1518); potential sync issue    
2026-08-07T04:38:19.340670Z  WARN ThreadId(20) hotstuff_runner::app: Node 1 [produce_block] queue size: 0, attempting up to 0 transactions this block    
2026-08-07T04:38:19.341663Z  WARN ThreadId(20) hotstuff_runner::app: Node 1 view(6080) far exceeds block count (1519); potential sync issue    
2026-08-07T04:38:19.422222Z  WARN ThreadId(20) hotstuff_runner::app: Node 1 [produce_block] queue size: 0, attempting up to 0 transactions this block    
2026-08-07T04:38:19.427898Z  WARN ThreadId(20) hotstuff_runner::app: Node 1 view(6084) far exceeds block count (1520); potential sync issue    
2026-08-07T04:38:19.523781Z  WARN ThreadId(20) hotstuff_runner::app: Node 1 [produce_block] queue size: 0, attempting up to 0 transactions this block    
2026-08-07T04:38:19.524096Z  WARN ThreadId(20) hotstuff_runner::app: Node 1 view(6088) far exceeds block count (1521); potential sync issue    
2026-08-07T04:38:19.635579Z  WARN ThreadId(20) hotstuff_runner::app: Node 1 [produce_block] queue size: 0, attempting up to 0 transactions this block    
2026-08-07T04:38:19.642367Z  WARN ThreadId(20) hotstuff_runner::app: Node 1 view(6092) far exceeds block count (1522); potential sync issue    
2026-08-07T04:38:19.739565Z  WARN ThreadId(20) hotstuff_runner::app: Node 1 [produce_block] queue size: 0, attempting up to 0 transactions this block    
2026-08-07T04:38:19.739980Z  WARN ThreadId(20) hotstuff_runner::app: Node 1 view(6096) far exceeds block count (1523); potential sync issue    
2026-08-07T04:38:19.858376Z  WARN ThreadId(20) hotstuff_runner::app: Node 1 [produce_block] queue size: 0, attempting up to 0 transactions this block    
2026-08-07T04:38:19.859059Z  WARN ThreadId(20) hotstuff_runner::app: Node 1 view(6100) far exceeds block count (1524); potential sync issue    
2026-08-07T04:38:19.949572Z  WARN ThreadId(20) hotstuff_runner::app: Node 1 [produce_block] queue size: 0, attempting up to 0 transactions this block    
2026-08-07T04:38:19.949847Z  WARN ThreadId(20) hotstuff_runner::app: Node 1 view(6104) far exceeds block count (1525); potential sync issue    
2026-08-07T04:38:20.003378Z  WARN ThreadId(20) hotstuff_runner::app: Node 1 [produce_block] queue size: 0, attempting up to 0 transactions this block    
2026-08-07T04:38:20.003614Z  WARN ThreadId(20) hotstuff_runner::app: Node 1 view(6108) far exceeds block count (1526); potential sync issue    
2026-08-07T04:38:20.079092Z  WARN ThreadId(20) hotstuff_runner::app: Node 1 [produce_block] queue size: 0, attempting up to 0 transactions this block    
2026-08-07T04:38:20.084603Z  WARN ThreadId(20) hotstuff_runner::app: Node 1 view(6112) far exceeds block count (1527); potential sync issue    
2026-08-07T04:38:20.223899Z  WARN ThreadId(20) hotstuff_runner::app: Node 1 [produce_block] queue size: 0, attempting up to 0 transactions this block    
2026-08-07T04:38:20.224603Z  WARN ThreadId(20) hotstuff_runner::app: Node 1 view(6116) far exceeds block count (1528); potential sync issue    
2026-08-07T04:38:20.372569Z  WARN ThreadId(20) hotstuff_runner::app: Node 1 [produce_block] queue size: 0, attempting up to 0 transactions this block    
2026-08-07T04:38:20.375597Z  WARN ThreadId(20) hotstuff_runner::app: Node 1 view(6120) far exceeds block count (1529); potential sync issue    
2026-08-07T04:38:20.487068Z  WARN ThreadId(20) hotstuff_runner::app: Node 1 [produce_block] queue size: 0, attempting up to 0 transactions this block    
2026-08-07T04:38:20.490607Z  WARN ThreadId(20) hotstuff_runner::app: Node 1 view(6124) far exceeds block count (1530); potential sync issue    
2026-08-07T04:38:20.610072Z  WARN ThreadId(20) hotstuff_runner::app: Node 1 [produce_block] queue size: 0, attempting up to 0 transactions this block    
2026-08-07T04:38:20.610428Z  WARN ThreadId(20) hotstuff_runner::app: Node 1 view(6128) far exceeds block count (1531); potential sync issue    
2026-08-07T04:38:20.682571Z  WARN ThreadId(20) hotstuff_runner::app: Node 1 [produce_block] queue size: 0, attempting up to 0 transactions this block    
2026-08-07T04:38:20.683467Z  WARN ThreadId(20) hotstuff_runner::app: Node 1 view(6132) far exceeds block count (1532); potential sync issue    
2026-08-07T04:38:20.780574Z  WARN ThreadId(20) hotstuff_runner::app: Node 1 [produce_block] queue size: 0, attempting up to 0 transactions this block    
2026-08-07T04:38:20.780672Z  WARN ThreadId(20) hotstuff_runner::app: Node 1 view(6136) far exceeds block count (1533); potential sync issue    
2026-08-07T04:38:20.901934Z  WARN ThreadId(20) hotstuff_runner::app: Node 1 [produce_block] queue size: 0, attempting up to 0 transactions this block    
2026-08-07T04:38:20.902724Z  WARN ThreadId(20) hotstuff_runner::app: Node 1 view(6140) far exceeds block count (1534); potential sync issue    
2026-08-07T04:38:20.968663Z  WARN ThreadId(07) docker_node: Low processing efficiency: 0.0% - system may need tuning
2026-08-07T04:38:20.969442Z  WARN ThreadId(07) docker_node:   Connection reuse ineffective (2.0 msg/conn)
2026-08-07T04:38:21.015817Z  WARN ThreadId(20) hotstuff_runner::app: Node 1 [produce_block] queue size: 0, attempting up to 0 transactions this block    
2026-08-07T04:38:21.019610Z  WARN ThreadId(20) hotstuff_runner::app: Node 1 view(6144) far exceeds block count (1535); potential sync issue    
2026-08-07T04:38:21.233353Z  WARN ThreadId(20) hotstuff_runner::app: Node 1 [produce_block] queue size: 0, attempting up to 0 transactions this block    
2026-08-07T04:38:21.238628Z  WARN ThreadId(20) hotstuff_runner::app: Node 1 view(6148) far exceeds block count (1536); potential sync issue    
2026-08-07T04:38:21.330246Z  WARN ThreadId(20) hotstuff_runner::app: Node 1 [produce_block] queue size: 0, attempting up to 0 transactions this block    
2026-08-07T04:38:21.331150Z  WARN ThreadId(20) hotstuff_runner::app: Node 1 view(6152) far exceeds block count (1537); potential sync issue    
2026-08-07T04:38:21.426374Z  WARN ThreadId(20) hotstuff_runner::app: Node 1 [produce_block] queue size: 0, attempting up to 0 transactions this block    
2026-08-07T04:38:21.429102Z  WARN ThreadId(20) hotstuff_runner::app: Node 1 view(6156) far exceeds block count (1538); potential sync issue    
2026-08-07T04:38:21.481954Z  WARN ThreadId(20) hotstuff_runner::app: Node 1 [produce_block] queue size: 0, attempting up to 0 transactions this block    
2026-08-07T04:38:21.482301Z  WARN ThreadId(20) hotstuff_runner::app: Node 1 view(6160) far exceeds block count (1539); potential sync issue    
2026-08-07T04:38:21.555763Z  WARN ThreadId(20) hotstuff_runner::app: Node 1 [produce_block] queue size: 0, attempting up to 0 transactions this block    
2026-08-07T04:38:21.560594Z  WARN ThreadId(20) hotstuff_runner::app: Node 1 view(6164) far exceeds block count (1540); potential sync issue    
2026-08-07T04:38:21.656149Z  WARN ThreadId(20) hotstuff_runner::app: Node 1 [produce_block] queue size: 0, attempting up to 0 transactions this block    
2026-08-07T04:38:21.658749Z  WARN ThreadId(20) hotstuff_runner::app: Node 1 view(6168) far exceeds block count (1541); potential sync issue    
2026-08-07T04:38:21.725651Z  WARN ThreadId(20) hotstuff_runner::app: Node 1 [produce_block] queue size: 0, attempting up to 0 transactions this block    
2026-08-07T04:38:21.726368Z  WARN ThreadId(20) hotstuff_runner::app: Node 1 view(6172) far exceeds block count (1542); potential sync issue    
2026-08-07T04:38:21.845934Z  WARN ThreadId(20) hotstuff_runner::app: Node 1 [produce_block] queue size: 0, attempting up to 0 transactions this block    
2026-08-07T04:38:21.846576Z  WARN ThreadId(20) hotstuff_runner::app: Node 1 view(6176) far exceeds block count (1543); potential sync issue    
2026-08-07T04:38:21.974647Z  WARN ThreadId(20) hotstuff_runner::app: Node 1 [produce_block] queue size: 0, attempting up to 0 transactions this block    
2026-08-07T04:38:21.976538Z  WARN ThreadId(20) hotstuff_runner::app: Node 1 view(6180) far exceeds block count (1544); potential sync issue    
2026-08-07T04:38:22.040585Z  WARN ThreadId(20) hotstuff_runner::app: Node 1 [produce_block] queue size: 0, attempting up to 0 transactions this block    
2026-08-07T04:38:22.042703Z  WARN ThreadId(20) hotstuff_runner::app: Node 1 view(6184) far exceeds block count (1545); potential sync issue    
2026-08-07T04:38:22.159188Z  WARN ThreadId(20) hotstuff_runner::app: Node 1 [produce_block] queue size: 0, attempting up to 0 transactions this block    
2026-08-07T04:38:22.160790Z  WARN ThreadId(20) hotstuff_runner::app: Node 1 view(6188) far exceeds block count (1546); potential sync issue    
2026-08-07T04:38:22.278303Z  WARN ThreadId(20) hotstuff_runner::app: Node 1 [produce_block] queue size: 0, attempting up to 0 transactions this block    
2026-08-07T04:38:22.278606Z  WARN ThreadId(20) hotstuff_runner::app: Node 1 view(6192) far exceeds block count (1547); potential sync issue    
2026-08-07T04:38:22.378395Z  WARN ThreadId(20) hotstuff_runner::app: Node 1 [produce_block] queue size: 0, attempting up to 0 transactions this block    
2026-08-07T04:38:22.379080Z  WARN ThreadId(20) hotstuff_runner::app: Node 1 view(6196) far exceeds block count (1548); potential sync issue    
2026-08-07T04:38:22.448337Z  WARN ThreadId(20) hotstuff_runner::app: Node 1 [produce_block] queue size: 0, attempting up to 0 transactions this block    
2026-08-07T04:38:22.448707Z  WARN ThreadId(20) hotstuff_runner::app: Node 1 view(6200) far exceeds block count (1549); potential sync issue    
2026-08-07T04:38:22.566823Z  WARN ThreadId(20) hotstuff_runner::app: Node 1 [produce_block] queue size: 0, attempting up to 0 transactions this block    
2026-08-07T04:38:22.589039Z  WARN ThreadId(20) hotstuff_runner::app: Node 1 view(6204) far exceeds block count (1550); potential sync issue    
2026-08-07T04:38:22.698256Z  WARN ThreadId(20) hotstuff_runner::app: Node 1 [produce_block] queue size: 0, attempting up to 0 transactions this block    
2026-08-07T04:38:22.699254Z  WARN ThreadId(20) hotstuff_runner::app: Node 1 view(6208) far exceeds block count (1551); potential sync issue    
2026-08-07T04:38:22.825079Z  WARN ThreadId(20) hotstuff_runner::app: Node 1 [produce_block] queue size: 0, attempting up to 0 transactions this block    
2026-08-07T04:38:22.827153Z  WARN ThreadId(20) hotstuff_runner::app: Node 1 view(6212) far exceeds block count (1552); potential sync issue    
2026-08-07T04:38:22.958770Z  WARN ThreadId(20) hotstuff_runner::app: Node 1 [produce_block] queue size: 0, attempting up to 0 transactions this block    
2026-08-07T04:38:22.966826Z  WARN ThreadId(20) hotstuff_runner::app: Node 1 view(6216) far exceeds block count (1553); potential sync issue    
2026-08-07T04:38:23.046692Z  WARN ThreadId(20) hotstuff_runner::app: Node 1 [produce_block] queue size: 0, attempting up to 0 transactions this block    
2026-08-07T04:38:23.047190Z  WARN ThreadId(20) hotstuff_runner::app: Node 1 view(6220) far exceeds block count (1554); potential sync issue    
2026-08-07T04:38:23.167782Z  WARN ThreadId(20) hotstuff_runner::app: Node 1 [produce_block] queue size: 0, attempting up to 0 transactions this block    
2026-08-07T04:38:23.168416Z  WARN ThreadId(20) hotstuff_runner::app: Node 1 view(6224) far exceeds block count (1555); potential sync issue    
2026-08-07T04:38:23.270053Z  WARN ThreadId(20) hotstuff_runner::app: Node 1 [produce_block] queue size: 0, attempting up to 0 transactions this block    
2026-08-07T04:38:23.270442Z  WARN ThreadId(20) hotstuff_runner::app: Node 1 view(6228) far exceeds block count (1556); potential sync issue    
2026-08-07T04:38:23.335756Z  WARN ThreadId(20) hotstuff_runner::app: Node 1 [produce_block] queue size: 0, attempting up to 0 transactions this block    
2026-08-07T04:38:23.338006Z  WARN ThreadId(20) hotstuff_runner::app: Node 1 view(6232) far exceeds block count (1557); potential sync issue    
2026-08-07T04:38:23.423907Z  WARN ThreadId(20) hotstuff_runner::app: Node 1 [produce_block] queue size: 0, attempting up to 0 transactions this block    
2026-08-07T04:38:23.425116Z  WARN ThreadId(20) hotstuff_runner::app: Node 1 view(6236) far exceeds block count (1558); potential sync issue    
2026-08-07T04:38:23.492866Z  WARN ThreadId(20) hotstuff_runner::app: Node 1 [produce_block] queue size: 0, attempting up to 0 transactions this block    
2026-08-07T04:38:23.494164Z  WARN ThreadId(20) hotstuff_runner::app: Node 1 view(6240) far exceeds block count (1559); potential sync issue    
2026-08-07T04:38:23.574725Z  WARN ThreadId(20) hotstuff_runner::app: Node 1 [produce_block] queue size: 0, attempting up to 0 transactions this block    
2026-08-07T04:38:23.574940Z  WARN ThreadId(20) hotstuff_runner::app: Node 1 view(6244) far exceeds block count (1560); potential sync issue    
2026-08-07T04:38:23.637361Z  WARN ThreadId(20) hotstuff_runner::app: Node 1 [produce_block] queue size: 0, attempting up to 0 transactions this block    
2026-08-07T04:38:23.639638Z  WARN ThreadId(20) hotstuff_runner::app: Node 1 view(6248) far exceeds block count (1561); potential sync issue    
2026-08-07T04:38:23.706651Z  WARN ThreadId(20) hotstuff_runner::app: Node 1 [produce_block] queue size: 0, attempting up to 0 transactions this block    
2026-08-07T04:38:23.707091Z  WARN ThreadId(20) hotstuff_runner::app: Node 1 view(6252) far exceeds block count (1562); potential sync issue    
2026-08-07T04:38:23.796402Z  WARN ThreadId(20) hotstuff_runner::app: Node 1 [produce_block] queue size: 0, attempting up to 0 transactions this block    
2026-08-07T04:38:23.797547Z  WARN ThreadId(20) hotstuff_runner::app: Node 1 view(6256) far exceeds block count (1563); potential sync issue    
2026-08-07T04:38:23.913449Z  WARN ThreadId(20) hotstuff_runner::app: Node 1 [produce_block] queue size: 0, attempting up to 0 transactions this block    
2026-08-07T04:38:23.914079Z  WARN ThreadId(20) hotstuff_runner::app: Node 1 view(6260) far exceeds block count (1564); potential sync issue    
2026-08-07T04:38:24.049072Z  WARN ThreadId(20) hotstuff_runner::app: Node 1 [produce_block] queue size: 0, attempting up to 0 transactions this block    
2026-08-07T04:38:24.050578Z  WARN ThreadId(20) hotstuff_runner::app: Node 1 view(6264) far exceeds block count (1565); potential sync issue    
2026-08-07T04:38:24.126600Z  WARN ThreadId(20) hotstuff_runner::app: Node 1 [produce_block] queue size: 0, attempting up to 0 transactions this block    
2026-08-07T04:38:24.126838Z  WARN ThreadId(20) hotstuff_runner::app: Node 1 view(6268) far exceeds block count (1566); potential sync issue    
2026-08-07T04:38:24.189538Z  WARN ThreadId(20) hotstuff_runner::app: Node 1 [produce_block] queue size: 0, attempting up to 0 transactions this block    
2026-08-07T04:38:24.191256Z  WARN ThreadId(20) hotstuff_runner::app: Node 1 view(6272) far exceeds block count (1567); potential sync issue    
2026-08-07T04:38:24.295644Z  WARN ThreadId(20) hotstuff_runner::app: Node 1 [produce_block] queue size: 0, attempting up to 0 transactions this block    
2026-08-07T04:38:24.295863Z  WARN ThreadId(20) hotstuff_runner::app: Node 1 view(6276) far exceeds block count (1568); potential sync issue    
2026-08-07T04:38:24.395110Z  WARN ThreadId(20) hotstuff_runner::app: Node 1 [produce_block] queue size: 0, attempting up to 0 transactions this block    
2026-08-07T04:38:24.396767Z  WARN ThreadId(20) hotstuff_runner::app: Node 1 view(6280) far exceeds block count (1569); potential sync issue    
2026-08-07T04:38:24.475915Z  WARN ThreadId(20) hotstuff_runner::app: Node 1 [produce_block] queue size: 0, attempting up to 0 transactions this block    
2026-08-07T04:38:24.476024Z  WARN ThreadId(20) hotstuff_runner::app: Node 1 view(6284) far exceeds block count (1570); potential sync issue    
2026-08-07T04:38:24.611657Z  WARN ThreadId(20) hotstuff_runner::app: Node 1 [produce_block] queue size: 0, attempting up to 0 transactions this block    
2026-08-07T04:38:24.617269Z  WARN ThreadId(20) hotstuff_runner::app: Node 1 view(6288) far exceeds block count (1571); potential sync issue    
2026-08-07T04:38:24.685167Z  WARN ThreadId(20) hotstuff_runner::app: Node 1 [produce_block] queue size: 0, attempting up to 0 transactions this block    
2026-08-07T04:38:24.698597Z  WARN ThreadId(20) hotstuff_runner::app: Node 1 view(6292) far exceeds block count (1572); potential sync issue    
2026-08-07T04:38:24.792566Z  WARN ThreadId(20) hotstuff_runner::app: Node 1 [produce_block] queue size: 0, attempting up to 0 transactions this block    
2026-08-07T04:38:24.797614Z  WARN ThreadId(20) hotstuff_runner::app: Node 1 view(6296) far exceeds block count (1573); potential sync issue    
2026-08-07T04:38:24.922421Z  WARN ThreadId(20) hotstuff_runner::app: Node 1 [produce_block] queue size: 0, attempting up to 0 transactions this block    
2026-08-07T04:38:24.923989Z  WARN ThreadId(20) hotstuff_runner::app: Node 1 view(6300) far exceeds block count (1574); potential sync issue    
2026-08-07T04:38:25.044263Z  WARN ThreadId(20) hotstuff_runner::app: Node 1 [produce_block] queue size: 0, attempting up to 0 transactions this block    
2026-08-07T04:38:25.056602Z  WARN ThreadId(20) hotstuff_runner::app: Node 1 view(6304) far exceeds block count (1575); potential sync issue    
2026-08-07T04:38:25.221582Z  WARN ThreadId(20) hotstuff_runner::app: Node 1 [produce_block] queue size: 0, attempting up to 0 transactions this block    
2026-08-07T04:38:25.221818Z  WARN ThreadId(20) hotstuff_runner::app: Node 1 view(6308) far exceeds block count (1576); potential sync issue    
2026-08-07T04:38:25.340891Z  WARN ThreadId(20) hotstuff_runner::app: Node 1 [produce_block] queue size: 0, attempting up to 0 transactions this block    
2026-08-07T04:38:25.341078Z  WARN ThreadId(20) hotstuff_runner::app: Node 1 view(6312) far exceeds block count (1577); potential sync issue    
2026-08-07T04:38:25.393573Z  WARN ThreadId(20) hotstuff_runner::app: Node 1 [produce_block] queue size: 0, attempting up to 0 transactions this block    
2026-08-07T04:38:25.393980Z  WARN ThreadId(20) hotstuff_runner::app: Node 1 view(6316) far exceeds block count (1578); potential sync issue    
2026-08-07T04:38:25.479393Z  WARN ThreadId(20) hotstuff_runner::app: Node 1 [produce_block] queue size: 0, attempting up to 0 transactions this block    
2026-08-07T04:38:25.479535Z  WARN ThreadId(20) hotstuff_runner::app: Node 1 view(6320) far exceeds block count (1579); potential sync issue    
2026-08-07T04:38:25.549946Z  WARN ThreadId(20) hotstuff_runner::app: Node 1 [produce_block] queue size: 0, attempting up to 0 transactions this block    
2026-08-07T04:38:25.550074Z  WARN ThreadId(20) hotstuff_runner::app: Node 1 view(6324) far exceeds block count (1580); potential sync issue    
2026-08-07T04:38:25.639584Z  WARN ThreadId(20) hotstuff_runner::app: Node 1 [produce_block] queue size: 0, attempting up to 0 transactions this block    
2026-08-07T04:38:25.640730Z  WARN ThreadId(20) hotstuff_runner::app: Node 1 view(6328) far exceeds block count (1581); potential sync issue    
2026-08-07T04:38:25.737268Z  WARN ThreadId(20) hotstuff_runner::app: Node 1 [produce_block] queue size: 0, attempting up to 0 transactions this block    
2026-08-07T04:38:25.737731Z  WARN ThreadId(20) hotstuff_runner::app: Node 1 view(6332) far exceeds block count (1582); potential sync issue    
2026-08-07T04:38:25.803275Z  WARN ThreadId(20) hotstuff_runner::app: Node 1 [produce_block] queue size: 0, attempting up to 0 transactions this block    
2026-08-07T04:38:25.803574Z  WARN ThreadId(20) hotstuff_runner::app: Node 1 view(6336) far exceeds block count (1583); potential sync issue    
2026-08-07T04:38:25.917613Z  WARN ThreadId(20) hotstuff_runner::app: Node 1 [produce_block] queue size: 0, attempting up to 0 transactions this block    
2026-08-07T04:38:25.917759Z  WARN ThreadId(20) hotstuff_runner::app: Node 1 view(6340) far exceeds block count (1584); potential sync issue    
2026-08-07T04:38:25.969958Z  WARN ThreadId(05) docker_node: Low processing efficiency: 0.0% - system may need tuning
2026-08-07T04:38:25.970202Z  WARN ThreadId(05) docker_node:   Connection reuse ineffective (2.0 msg/conn)
2026-08-07T04:38:26.005999Z  WARN ThreadId(20) hotstuff_runner::app: Node 1 [produce_block] queue size: 0, attempting up to 0 transactions this block    
2026-08-07T04:38:26.006301Z  WARN ThreadId(20) hotstuff_runner::app: Node 1 view(6344) far exceeds block count (1585); potential sync issue    
2026-08-07T04:38:26.156569Z  WARN ThreadId(20) hotstuff_runner::app: Node 1 [produce_block] queue size: 0, attempting up to 0 transactions this block    
2026-08-07T04:38:26.160686Z  WARN ThreadId(20) hotstuff_runner::app: Node 1 view(6348) far exceeds block count (1586); potential sync issue    
2026-08-07T04:38:26.252565Z  WARN ThreadId(20) hotstuff_runner::app: Node 1 [produce_block] queue size: 0, attempting up to 0 transactions this block    
2026-08-07T04:38:26.252711Z  WARN ThreadId(20) hotstuff_runner::app: Node 1 view(6352) far exceeds block count (1587); potential sync issue    
2026-08-07T04:38:26.353677Z  WARN ThreadId(20) hotstuff_runner::app: Node 1 [produce_block] queue size: 0, attempting up to 0 transactions this block    
2026-08-07T04:38:26.365365Z  WARN ThreadId(20) hotstuff_runner::app: Node 1 view(6356) far exceeds block count (1588); potential sync issue    
2026-08-07T04:38:26.464527Z  WARN ThreadId(20) hotstuff_runner::app: Node 1 [produce_block] queue size: 0, attempting up to 0 transactions this block    
2026-08-07T04:38:26.469471Z  WARN ThreadId(20) hotstuff_runner::app: Node 1 view(6360) far exceeds block count (1589); potential sync issue    
2026-08-07T04:38:26.531601Z  WARN ThreadId(20) hotstuff_runner::app: Node 1 [produce_block] queue size: 0, attempting up to 0 transactions this block    
2026-08-07T04:38:26.532568Z  WARN ThreadId(20) hotstuff_runner::app: Node 1 view(6364) far exceeds block count (1590); potential sync issue    
2026-08-07T04:38:26.596489Z  WARN ThreadId(20) hotstuff_runner::app: Node 1 [produce_block] queue size: 0, attempting up to 0 transactions this block    
2026-08-07T04:38:26.601588Z  WARN ThreadId(20) hotstuff_runner::app: Node 1 view(6368) far exceeds block count (1591); potential sync issue    
2026-08-07T04:38:26.656883Z  WARN ThreadId(20) hotstuff_runner::app: Node 1 [produce_block] queue size: 0, attempting up to 0 transactions this block    
2026-08-07T04:38:26.658255Z  WARN ThreadId(20) hotstuff_runner::app: Node 1 view(6372) far exceeds block count (1592); potential sync issue    
2026-08-07T04:38:26.789379Z  WARN ThreadId(20) hotstuff_runner::app: Node 1 [produce_block] queue size: 0, attempting up to 0 transactions this block    
2026-08-07T04:38:26.790580Z  WARN ThreadId(20) hotstuff_runner::app: Node 1 view(6376) far exceeds block count (1593); potential sync issue    
2026-08-07T04:38:26.861689Z  WARN ThreadId(20) hotstuff_runner::app: Node 1 [produce_block] queue size: 0, attempting up to 0 transactions this block    
2026-08-07T04:38:26.861961Z  WARN ThreadId(20) hotstuff_runner::app: Node 1 view(6380) far exceeds block count (1594); potential sync issue    
2026-08-07T04:38:26.943590Z  WARN ThreadId(20) hotstuff_runner::app: Node 1 [produce_block] queue size: 0, attempting up to 0 transactions this block    
2026-08-07T04:38:26.944373Z  WARN ThreadId(20) hotstuff_runner::app: Node 1 view(6384) far exceeds block count (1595); potential sync issue    
2026-08-07T04:38:27.042876Z  WARN ThreadId(20) hotstuff_runner::app: Node 1 [produce_block] queue size: 0, attempting up to 0 transactions this block    
2026-08-07T04:38:27.054722Z  WARN ThreadId(20) hotstuff_runner::app: Node 1 view(6388) far exceeds block count (1596); potential sync issue    
2026-08-07T04:38:27.139585Z  WARN ThreadId(20) hotstuff_runner::app: Node 1 [produce_block] queue size: 0, attempting up to 0 transactions this block    
2026-08-07T04:38:27.140903Z  WARN ThreadId(20) hotstuff_runner::app: Node 1 view(6392) far exceeds block count (1597); potential sync issue    
2026-08-07T04:38:27.202917Z  WARN ThreadId(20) hotstuff_runner::app: Node 1 [produce_block] queue size: 0, attempting up to 0 transactions this block    
2026-08-07T04:38:27.204116Z  WARN ThreadId(20) hotstuff_runner::app: Node 1 view(6396) far exceeds block count (1598); potential sync issue    
2026-08-07T04:38:27.263959Z  WARN ThreadId(20) hotstuff_runner::app: Node 1 [produce_block] queue size: 0, attempting up to 0 transactions this block    
2026-08-07T04:38:27.264342Z  WARN ThreadId(20) hotstuff_runner::app: Node 1 view(6400) far exceeds block count (1599); potential sync issue    
2026-08-07T04:38:27.370293Z  WARN ThreadId(20) hotstuff_runner::app: Node 1 [produce_block] queue size: 0, attempting up to 0 transactions this block    
2026-08-07T04:38:27.371969Z  WARN ThreadId(20) hotstuff_runner::app: Node 1 view(6404) far exceeds block count (1600); potential sync issue    
2026-08-07T04:38:27.490631Z  WARN ThreadId(20) hotstuff_runner::app: Node 1 [produce_block] queue size: 0, attempting up to 0 transactions this block    
2026-08-07T04:38:27.495886Z  WARN ThreadId(20) hotstuff_runner::app: Node 1 view(6408) far exceeds block count (1601); potential sync issue    
2026-08-07T04:38:27.579580Z  WARN ThreadId(20) hotstuff_runner::app: Node 1 [produce_block] queue size: 0, attempting up to 0 transactions this block    
2026-08-07T04:38:27.580746Z  WARN ThreadId(20) hotstuff_runner::app: Node 1 view(6412) far exceeds block count (1602); potential sync issue    
2026-08-07T04:38:27.643756Z  WARN ThreadId(20) hotstuff_runner::app: Node 1 [produce_block] queue size: 0, attempting up to 0 transactions this block    
2026-08-07T04:38:27.644250Z  WARN ThreadId(20) hotstuff_runner::app: Node 1 view(6416) far exceeds block count (1603); potential sync issue    
2026-08-07T04:38:27.777941Z  WARN ThreadId(20) hotstuff_runner::app: Node 1 [produce_block] queue size: 0, attempting up to 0 transactions this block    
2026-08-07T04:38:27.782303Z  WARN ThreadId(20) hotstuff_runner::app: Node 1 view(6420) far exceeds block count (1604); potential sync issue    
2026-08-07T04:38:27.916321Z  WARN ThreadId(20) hotstuff_runner::app: Node 1 [produce_block] queue size: 0, attempting up to 0 transactions this block    
2026-08-07T04:38:27.916659Z  WARN ThreadId(20) hotstuff_runner::app: Node 1 view(6424) far exceeds block count (1605); potential sync issue    
2026-08-07T04:38:28.021606Z  WARN ThreadId(20) hotstuff_runner::app: Node 1 [produce_block] queue size: 0, attempting up to 0 transactions this block    
2026-08-07T04:38:28.025809Z  WARN ThreadId(20) hotstuff_runner::app: Node 1 view(6428) far exceeds block count (1606); potential sync issue    
2026-08-07T04:38:28.122944Z  WARN ThreadId(20) hotstuff_runner::app: Node 1 [produce_block] queue size: 0, attempting up to 0 transactions this block    
2026-08-07T04:38:28.123899Z  WARN ThreadId(20) hotstuff_runner::app: Node 1 view(6432) far exceeds block count (1607); potential sync issue    
2026-08-07T04:38:28.193825Z  WARN ThreadId(20) hotstuff_runner::app: Node 1 [produce_block] queue size: 0, attempting up to 0 transactions this block    
2026-08-07T04:38:28.193971Z  WARN ThreadId(20) hotstuff_runner::app: Node 1 view(6436) far exceeds block count (1608); potential sync issue    
2026-08-07T04:38:28.313394Z  WARN ThreadId(20) hotstuff_runner::app: Node 1 [produce_block] queue size: 0, attempting up to 0 transactions this block    
2026-08-07T04:38:28.313749Z  WARN ThreadId(20) hotstuff_runner::app: Node 1 view(6440) far exceeds block count (1609); potential sync issue    
2026-08-07T04:38:28.441727Z  WARN ThreadId(20) hotstuff_runner::app: Node 1 [produce_block] queue size: 0, attempting up to 0 transactions this block    
2026-08-07T04:38:28.446021Z  WARN ThreadId(20) hotstuff_runner::app: Node 1 view(6444) far exceeds block count (1610); potential sync issue    
2026-08-07T04:38:28.572331Z  WARN ThreadId(20) hotstuff_runner::app: Node 1 [produce_block] queue size: 0, attempting up to 0 transactions this block    
2026-08-07T04:38:28.572650Z  WARN ThreadId(20) hotstuff_runner::app: Node 1 view(6448) far exceeds block count (1611); potential sync issue    
2026-08-07T04:38:28.687503Z  WARN ThreadId(20) hotstuff_runner::app: Node 1 [produce_block] queue size: 0, attempting up to 0 transactions this block    
2026-08-07T04:38:28.688574Z  WARN ThreadId(20) hotstuff_runner::app: Node 1 view(6452) far exceeds block count (1612); potential sync issue    
2026-08-07T04:38:28.789069Z  WARN ThreadId(20) hotstuff_runner::app: Node 1 [produce_block] queue size: 0, attempting up to 0 transactions this block    
2026-08-07T04:38:28.789719Z  WARN ThreadId(20) hotstuff_runner::app: Node 1 view(6456) far exceeds block count (1613); potential sync issue    
2026-08-07T04:38:28.918336Z  WARN ThreadId(20) hotstuff_runner::app: Node 1 [produce_block] queue size: 0, attempting up to 0 transactions this block    
2026-08-07T04:38:28.918685Z  WARN ThreadId(20) hotstuff_runner::app: Node 1 view(6460) far exceeds block count (1614); potential sync issue    
2026-08-07T04:38:29.034073Z  WARN ThreadId(20) hotstuff_runner::app: Node 1 [produce_block] queue size: 0, attempting up to 0 transactions this block    
2026-08-07T04:38:29.035851Z  WARN ThreadId(20) hotstuff_runner::app: Node 1 view(6464) far exceeds block count (1615); potential sync issue    
2026-08-07T04:38:29.152437Z  WARN ThreadId(20) hotstuff_runner::app: Node 1 [produce_block] queue size: 0, attempting up to 0 transactions this block    
2026-08-07T04:38:29.153246Z  WARN ThreadId(20) hotstuff_runner::app: Node 1 view(6468) far exceeds block count (1616); potential sync issue    
2026-08-07T04:38:29.292449Z  WARN ThreadId(20) hotstuff_runner::app: Node 1 [produce_block] queue size: 0, attempting up to 0 transactions this block    
2026-08-07T04:38:29.292641Z  WARN ThreadId(20) hotstuff_runner::app: Node 1 view(6472) far exceeds block count (1617); potential sync issue    
2026-08-07T04:38:29.365247Z  WARN ThreadId(20) hotstuff_runner::app: Node 1 [produce_block] queue size: 0, attempting up to 0 transactions this block    
2026-08-07T04:38:29.365751Z  WARN ThreadId(20) hotstuff_runner::app: Node 1 view(6476) far exceeds block count (1618); potential sync issue    
2026-08-07T04:38:29.477923Z  WARN ThreadId(20) hotstuff_runner::app: Node 1 [produce_block] queue size: 0, attempting up to 0 transactions this block    
2026-08-07T04:38:29.478542Z  WARN ThreadId(20) hotstuff_runner::app: Node 1 view(6480) far exceeds block count (1619); potential sync issue    
2026-08-07T04:38:29.589303Z  WARN ThreadId(20) hotstuff_runner::app: Node 1 [produce_block] queue size: 0, attempting up to 0 transactions this block    
2026-08-07T04:38:29.592600Z  WARN ThreadId(20) hotstuff_runner::app: Node 1 view(6484) far exceeds block count (1620); potential sync issue    
2026-08-07T04:38:29.728940Z  WARN ThreadId(20) hotstuff_runner::app: Node 1 [produce_block] queue size: 0, attempting up to 0 transactions this block    
2026-08-07T04:38:29.729336Z  WARN ThreadId(20) hotstuff_runner::app: Node 1 view(6488) far exceeds block count (1621); potential sync issue    
2026-08-07T04:38:29.902375Z  WARN ThreadId(20) hotstuff_runner::app: Node 1 [produce_block] queue size: 0, attempting up to 0 transactions this block    
2026-08-07T04:38:29.903964Z  WARN ThreadId(20) hotstuff_runner::app: Node 1 view(6492) far exceeds block count (1622); potential sync issue    
2026-08-07T04:38:29.976404Z  WARN ThreadId(20) hotstuff_runner::app: Node 1 [produce_block] queue size: 0, attempting up to 0 transactions this block    
2026-08-07T04:38:29.976644Z  WARN ThreadId(20) hotstuff_runner::app: Node 1 view(6496) far exceeds block count (1623); potential sync issue    
2026-08-07T04:38:30.054388Z  WARN ThreadId(20) hotstuff_runner::app: Node 1 [produce_block] queue size: 0, attempting up to 0 transactions this block    
2026-08-07T04:38:30.054867Z  WARN ThreadId(20) hotstuff_runner::app: Node 1 view(6500) far exceeds block count (1624); potential sync issue    
2026-08-07T04:38:30.164926Z  WARN ThreadId(20) hotstuff_runner::app: Node 1 [produce_block] queue size: 0, attempting up to 0 transactions this block    
2026-08-07T04:38:30.166605Z  WARN ThreadId(20) hotstuff_runner::app: Node 1 view(6504) far exceeds block count (1625); potential sync issue    
2026-08-07T04:38:30.299777Z  WARN ThreadId(20) hotstuff_runner::app: Node 1 [produce_block] queue size: 0, attempting up to 0 transactions this block    
2026-08-07T04:38:30.312784Z  WARN ThreadId(20) hotstuff_runner::app: Node 1 view(6508) far exceeds block count (1626); potential sync issue    
2026-08-07T04:38:30.416041Z  WARN ThreadId(20) hotstuff_runner::app: Node 1 [produce_block] queue size: 0, attempting up to 0 transactions this block    
2026-08-07T04:38:30.416268Z  WARN ThreadId(20) hotstuff_runner::app: Node 1 view(6512) far exceeds block count (1627); potential sync issue    
2026-08-07T04:38:30.592518Z  WARN ThreadId(20) hotstuff_runner::app: Node 1 [produce_block] queue size: 0, attempting up to 0 transactions this block    
2026-08-07T04:38:30.593593Z  WARN ThreadId(20) hotstuff_runner::app: Node 1 view(6516) far exceeds block count (1628); potential sync issue    
2026-08-07T04:38:30.808542Z  WARN ThreadId(20) hotstuff_runner::app: Node 1 [produce_block] queue size: 0, attempting up to 0 transactions this block    
2026-08-07T04:38:30.812592Z  WARN ThreadId(20) hotstuff_runner::app: Node 1 view(6520) far exceeds block count (1629); potential sync issue    
2026-08-07T04:38:30.945570Z  WARN ThreadId(20) hotstuff_runner::app: Node 1 [produce_block] queue size: 0, attempting up to 0 transactions this block    
2026-08-07T04:38:30.947355Z  WARN ThreadId(20) hotstuff_runner::app: Node 1 view(6524) far exceeds block count (1630); potential sync issue    
2026-08-07T04:38:30.969871Z  WARN ThreadId(06) docker_node: Low processing efficiency: 0.0% - system may need tuning
2026-08-07T04:38:30.974284Z  WARN ThreadId(06) docker_node:   Connection reuse ineffective (2.0 msg/conn)
2026-08-07T04:38:31.054834Z  WARN ThreadId(20) hotstuff_runner::app: Node 1 [produce_block] queue size: 0, attempting up to 0 transactions this block    
2026-08-07T04:38:31.069468Z  WARN ThreadId(20) hotstuff_runner::app: Node 1 view(6528) far exceeds block count (1631); potential sync issue    
2026-08-07T04:38:31.215086Z  WARN ThreadId(20) hotstuff_runner::app: Node 1 [produce_block] queue size: 0, attempting up to 0 transactions this block    
2026-08-07T04:38:31.217063Z  WARN ThreadId(20) hotstuff_runner::app: Node 1 view(6532) far exceeds block count (1632); potential sync issue    
2026-08-07T04:38:31.314813Z  WARN ThreadId(20) hotstuff_runner::app: Node 1 [produce_block] queue size: 0, attempting up to 0 transactions this block    
2026-08-07T04:38:31.315687Z  WARN ThreadId(20) hotstuff_runner::app: Node 1 view(6536) far exceeds block count (1633); potential sync issue    
2026-08-07T04:38:31.418945Z  WARN ThreadId(20) hotstuff_runner::app: Node 1 [produce_block] queue size: 0, attempting up to 0 transactions this block    
2026-08-07T04:38:31.424617Z  WARN ThreadId(20) hotstuff_runner::app: Node 1 view(6540) far exceeds block count (1634); potential sync issue    
2026-08-07T04:38:31.520113Z  WARN ThreadId(20) hotstuff_runner::app: Node 1 [produce_block] queue size: 0, attempting up to 0 transactions this block    
2026-08-07T04:38:31.522215Z  WARN ThreadId(20) hotstuff_runner::app: Node 1 view(6544) far exceeds block count (1635); potential sync issue    
2026-08-07T04:38:31.621404Z  WARN ThreadId(20) hotstuff_runner::app: Node 1 [produce_block] queue size: 0, attempting up to 0 transactions this block    
2026-08-07T04:38:31.623973Z  WARN ThreadId(20) hotstuff_runner::app: Node 1 view(6548) far exceeds block count (1636); potential sync issue    
2026-08-07T04:38:31.719317Z  WARN ThreadId(20) hotstuff_runner::app: Node 1 [produce_block] queue size: 0, attempting up to 0 transactions this block    
2026-08-07T04:38:31.720340Z  WARN ThreadId(20) hotstuff_runner::app: Node 1 view(6552) far exceeds block count (1637); potential sync issue    
2026-08-07T04:38:31.842321Z  WARN ThreadId(20) hotstuff_runner::app: Node 1 [produce_block] queue size: 0, attempting up to 0 transactions this block    
2026-08-07T04:38:31.842534Z  WARN ThreadId(20) hotstuff_runner::app: Node 1 view(6556) far exceeds block count (1638); potential sync issue    
2026-08-07T04:38:31.939722Z  WARN ThreadId(20) hotstuff_runner::app: Node 1 [produce_block] queue size: 0, attempting up to 0 transactions this block    
2026-08-07T04:38:31.939825Z  WARN ThreadId(20) hotstuff_runner::app: Node 1 view(6560) far exceeds block count (1639); potential sync issue    
2026-08-07T04:38:32.038920Z  WARN ThreadId(20) hotstuff_runner::app: Node 1 [produce_block] queue size: 0, attempting up to 0 transactions this block    
2026-08-07T04:38:32.039208Z  WARN ThreadId(20) hotstuff_runner::app: Node 1 view(6564) far exceeds block count (1640); potential sync issue    
2026-08-07T04:38:32.112858Z  WARN ThreadId(20) hotstuff_runner::app: Node 1 [produce_block] queue size: 0, attempting up to 0 transactions this block    
2026-08-07T04:38:32.112952Z  WARN ThreadId(20) hotstuff_runner::app: Node 1 view(6568) far exceeds block count (1641); potential sync issue    
2026-08-07T04:38:32.174382Z  WARN ThreadId(20) hotstuff_runner::app: Node 1 [produce_block] queue size: 0, attempting up to 0 transactions this block    
2026-08-07T04:38:32.174744Z  WARN ThreadId(20) hotstuff_runner::app: Node 1 view(6572) far exceeds block count (1642); potential sync issue    
2026-08-07T04:38:32.265945Z  WARN ThreadId(20) hotstuff_runner::app: Node 1 [produce_block] queue size: 0, attempting up to 0 transactions this block    
2026-08-07T04:38:32.267170Z  WARN ThreadId(20) hotstuff_runner::app: Node 1 view(6576) far exceeds block count (1643); potential sync issue    
2026-08-07T04:38:32.366839Z  WARN ThreadId(20) hotstuff_runner::app: Node 1 [produce_block] queue size: 0, attempting up to 0 transactions this block    
2026-08-07T04:38:32.367988Z  WARN ThreadId(20) hotstuff_runner::app: Node 1 view(6580) far exceeds block count (1644); potential sync issue    
2026-08-07T04:38:32.511950Z  WARN ThreadId(20) hotstuff_runner::app: Node 1 [produce_block] queue size: 0, attempting up to 0 transactions this block    
2026-08-07T04:38:32.514680Z  WARN ThreadId(20) hotstuff_runner::app: Node 1 view(6584) far exceeds block count (1645); potential sync issue    
2026-08-07T04:38:32.598047Z  WARN ThreadId(20) hotstuff_runner::app: Node 1 [produce_block] queue size: 0, attempting up to 0 transactions this block    
2026-08-07T04:38:32.598441Z  WARN ThreadId(20) hotstuff_runner::app: Node 1 view(6588) far exceeds block count (1646); potential sync issue    
2026-08-07T04:38:32.840775Z  WARN ThreadId(20) hotstuff_runner::app: Node 1 [produce_block] queue size: 0, attempting up to 0 transactions this block    
2026-08-07T04:38:32.845420Z  WARN ThreadId(20) hotstuff_runner::app: Node 1 view(6592) far exceeds block count (1647); potential sync issue    
2026-08-07T04:38:33.041725Z  WARN ThreadId(20) hotstuff_runner::app: Node 1 [produce_block] queue size: 0, attempting up to 0 transactions this block    
2026-08-07T04:38:33.050573Z  WARN ThreadId(20) hotstuff_runner::app: Node 1 view(6596) far exceeds block count (1648); potential sync issue    
2026-08-07T04:38:33.241451Z  WARN ThreadId(20) hotstuff_runner::app: Node 1 [produce_block] queue size: 0, attempting up to 0 transactions this block    
2026-08-07T04:38:33.244810Z  WARN ThreadId(20) hotstuff_runner::app: Node 1 view(6600) far exceeds block count (1649); potential sync issue    
2026-08-07T04:38:33.364910Z  WARN ThreadId(20) hotstuff_runner::app: Node 1 [produce_block] queue size: 0, attempting up to 0 transactions this block    
2026-08-07T04:38:33.372823Z  WARN ThreadId(20) hotstuff_runner::app: Node 1 view(6604) far exceeds block count (1650); potential sync issue    
2026-08-07T04:38:33.516506Z  WARN ThreadId(20) hotstuff_runner::app: Node 1 [produce_block] queue size: 0, attempting up to 0 transactions this block    
2026-08-07T04:38:33.516996Z  WARN ThreadId(20) hotstuff_runner::app: Node 1 view(6608) far exceeds block count (1651); potential sync issue    
2026-08-07T04:38:33.606501Z  WARN ThreadId(20) hotstuff_runner::app: Node 1 [produce_block] queue size: 0, attempting up to 0 transactions this block    
2026-08-07T04:38:33.608433Z  WARN ThreadId(20) hotstuff_runner::app: Node 1 view(6612) far exceeds block count (1652); potential sync issue    
2026-08-07T04:38:33.644235Z  WARN ThreadId(25) hotstuff_runner::smrol::network: ⚠️ [Check] Writer 1 -> 3 slow write: 6.421916ms
2026-08-07T04:38:33.647939Z  WARN ThreadId(26) hotstuff_runner::smrol::network: ⚠️ [Check] Writer 1 -> 2 slow write: 7.649084ms
2026-08-07T04:38:33.821052Z  WARN ThreadId(25) hotstuff_runner::smrol::network: ⚠️ [Check] Writer 1 -> 3 slow write: 17.4625ms
2026-08-07T04:38:33.926080Z  WARN ThreadId(20) hotstuff_runner::app: Node 1 [produce_block] queue size: 0, attempting up to 0 transactions this block    
2026-08-07T04:38:33.935151Z  WARN ThreadId(20) hotstuff_runner::app: Node 1 view(6616) far exceeds block count (1653); potential sync issue    
2026-08-07T04:38:34.068482Z  WARN ThreadId(20) hotstuff_runner::app: Node 1 [produce_block] queue size: 0, attempting up to 0 transactions this block    
2026-08-07T04:38:34.068700Z  WARN ThreadId(20) hotstuff_runner::app: Node 1 view(6620) far exceeds block count (1654); potential sync issue    
2026-08-07T04:38:34.230548Z  WARN ThreadId(20) hotstuff_runner::app: Node 1 [produce_block] queue size: 2, attempting up to 2 transactions this block    
2026-08-07T04:38:34.232843Z  WARN ThreadId(20) hotstuff_runner::app: Node 1 view(6624) far exceeds block count (1655); potential sync issue    
2026-08-07T04:38:34.327512Z  WARN ThreadId(20) hotstuff_runner::app: Node 1 [produce_block] queue size: 0, attempting up to 0 transactions this block    
2026-08-07T04:38:34.330732Z  WARN ThreadId(20) hotstuff_runner::app: Node 1 view(6628) far exceeds block count (1656); potential sync issue    
2026-08-07T04:38:34.418517Z  WARN ThreadId(20) hotstuff_runner::app: Node 1 [produce_block] queue size: 2, attempting up to 2 transactions this block    
2026-08-07T04:38:34.420529Z  WARN ThreadId(20) hotstuff_runner::app: Node 1 view(6632) far exceeds block count (1657); potential sync issue    
2026-08-07T04:38:34.488911Z  WARN ThreadId(20) hotstuff_runner::app: Node 1 [produce_block] queue size: 0, attempting up to 0 transactions this block    
2026-08-07T04:38:34.489938Z  WARN ThreadId(20) hotstuff_runner::app: Node 1 view(6636) far exceeds block count (1658); potential sync issue    
2026-08-07T04:38:34.762489Z  WARN ThreadId(20) hotstuff_runner::app: Node 1 [produce_block] queue size: 2, attempting up to 2 transactions this block    
2026-08-07T04:38:34.762908Z  WARN ThreadId(20) hotstuff_runner::app: Node 1 view(6640) far exceeds block count (1659); potential sync issue    
2026-08-07T04:38:35.029845Z  WARN ThreadId(20) hotstuff_runner::app: Node 1 [produce_block] queue size: 4, attempting up to 4 transactions this block    
2026-08-07T04:38:35.032071Z  WARN ThreadId(20) hotstuff_runner::app: Node 1 view(6644) far exceeds block count (1660); potential sync issue    
2026-08-07T04:38:35.245274Z  WARN ThreadId(20) hotstuff_runner::app: Node 1 [produce_block] queue size: 2, attempting up to 2 transactions this block    
2026-08-07T04:38:35.245414Z  WARN ThreadId(20) hotstuff_runner::app: Node 1 view(6648) far exceeds block count (1661); potential sync issue    
2026-08-07T04:38:35.347215Z  WARN ThreadId(20) hotstuff_runner::app: Node 1 [produce_block] queue size: 0, attempting up to 0 transactions this block    
2026-08-07T04:38:35.347526Z  WARN ThreadId(20) hotstuff_runner::app: Node 1 view(6652) far exceeds block count (1662); potential sync issue    
2026-08-07T04:38:35.439241Z  WARN ThreadId(20) hotstuff_runner::app: Node 1 [produce_block] queue size: 0, attempting up to 0 transactions this block    
2026-08-07T04:38:35.439575Z  WARN ThreadId(20) hotstuff_runner::app: Node 1 view(6656) far exceeds block count (1663); potential sync issue    
2026-08-07T04:38:35.536391Z  WARN ThreadId(20) hotstuff_runner::app: Node 1 [produce_block] queue size: 2, attempting up to 2 transactions this block    
2026-08-07T04:38:35.537379Z  WARN ThreadId(20) hotstuff_runner::app: Node 1 view(6660) far exceeds block count (1664); potential sync issue    
2026-08-07T04:38:35.646428Z  WARN ThreadId(20) hotstuff_runner::app: Node 1 [produce_block] queue size: 0, attempting up to 0 transactions this block    
2026-08-07T04:38:35.646854Z  WARN ThreadId(20) hotstuff_runner::app: Node 1 view(6664) far exceeds block count (1665); potential sync issue    
2026-08-07T04:38:35.725207Z  WARN ThreadId(20) hotstuff_runner::app: Node 1 [produce_block] queue size: 2, attempting up to 2 transactions this block    
2026-08-07T04:38:35.725748Z  WARN ThreadId(20) hotstuff_runner::app: Node 1 view(6668) far exceeds block count (1666); potential sync issue    
2026-08-07T04:38:35.826096Z  WARN ThreadId(20) hotstuff_runner::app: Node 1 [produce_block] queue size: 0, attempting up to 0 transactions this block    
2026-08-07T04:38:35.826657Z  WARN ThreadId(20) hotstuff_runner::app: Node 1 view(6672) far exceeds block count (1667); potential sync issue    
2026-08-07T04:38:35.909207Z  WARN ThreadId(20) hotstuff_runner::app: Node 1 [produce_block] queue size: 2, attempting up to 2 transactions this block    
2026-08-07T04:38:35.911850Z  WARN ThreadId(20) hotstuff_runner::app: Node 1 view(6676) far exceeds block count (1668); potential sync issue    
2026-08-07T04:38:35.969793Z  WARN ThreadId(05) docker_node: Low processing efficiency: 0.0% - system may need tuning
2026-08-07T04:38:35.974351Z  WARN ThreadId(05) docker_node:   Connection reuse ineffective (2.0 msg/conn)
2026-08-07T04:38:36.033774Z  WARN ThreadId(20) hotstuff_runner::app: Node 1 [produce_block] queue size: 0, attempting up to 0 transactions this block    
2026-08-07T04:38:36.034376Z  WARN ThreadId(20) hotstuff_runner::app: Node 1 view(6680) far exceeds block count (1669); potential sync issue    
2026-08-07T04:38:36.141922Z  WARN ThreadId(20) hotstuff_runner::app: Node 1 [produce_block] queue size: 2, attempting up to 2 transactions this block    
2026-08-07T04:38:36.142805Z  WARN ThreadId(20) hotstuff_runner::app: Node 1 view(6684) far exceeds block count (1670); potential sync issue    
2026-08-07T04:38:36.232724Z  WARN ThreadId(20) hotstuff_runner::app: Node 1 [produce_block] queue size: 0, attempting up to 0 transactions this block    
2026-08-07T04:38:36.232965Z  WARN ThreadId(20) hotstuff_runner::app: Node 1 view(6688) far exceeds block count (1671); potential sync issue    
2026-08-07T04:38:36.372545Z  WARN ThreadId(20) hotstuff_runner::app: Node 1 [produce_block] queue size: 2, attempting up to 2 transactions this block    
2026-08-07T04:38:36.373116Z  WARN ThreadId(20) hotstuff_runner::app: Node 1 view(6692) far exceeds block count (1672); potential sync issue    
2026-08-07T04:38:36.514830Z  WARN ThreadId(20) hotstuff_runner::app: Node 1 [produce_block] queue size: 2, attempting up to 2 transactions this block    
2026-08-07T04:38:36.515344Z  WARN ThreadId(20) hotstuff_runner::app: Node 1 view(6696) far exceeds block count (1673); potential sync issue    
2026-08-07T04:38:36.669617Z  WARN ThreadId(20) hotstuff_runner::app: Node 1 [produce_block] queue size: 2, attempting up to 2 transactions this block    
2026-08-07T04:38:36.670815Z  WARN ThreadId(20) hotstuff_runner::app: Node 1 view(6700) far exceeds block count (1674); potential sync issue    
2026-08-07T04:38:36.816357Z  WARN ThreadId(20) hotstuff_runner::app: Node 1 [produce_block] queue size: 0, attempting up to 0 transactions this block    
2026-08-07T04:38:36.822262Z  WARN ThreadId(20) hotstuff_runner::app: Node 1 view(6704) far exceeds block count (1675); potential sync issue    
2026-08-07T04:38:36.893164Z  WARN ThreadId(20) hotstuff_runner::app: Node 1 [produce_block] queue size: 2, attempting up to 2 transactions this block    
2026-08-07T04:38:36.894789Z  WARN ThreadId(20) hotstuff_runner::app: Node 1 view(6708) far exceeds block count (1676); potential sync issue    
2026-08-07T04:38:36.981975Z  WARN ThreadId(20) hotstuff_runner::app: Node 1 [produce_block] queue size: 0, attempting up to 0 transactions this block    
2026-08-07T04:38:36.982270Z  WARN ThreadId(20) hotstuff_runner::app: Node 1 view(6712) far exceeds block count (1677); potential sync issue    
2026-08-07T04:38:37.040855Z  WARN ThreadId(25) hotstuff_runner::smrol::network: ⚠️ [Check] Writer 1 -> 0 slow write: 10.833625ms
2026-08-07T04:38:37.075774Z  WARN ThreadId(26) hotstuff_runner::smrol::network: ⚠️ [Check] Writer 1 -> 3 slow write: 5.905834ms
2026-08-07T04:38:37.077007Z  WARN ThreadId(20) hotstuff_runner::app: Node 1 [produce_block] queue size: 2, attempting up to 2 transactions this block    
2026-08-07T04:38:37.077395Z  WARN ThreadId(20) hotstuff_runner::app: Node 1 view(6716) far exceeds block count (1678); potential sync issue    
2026-08-07T04:38:37.189940Z  WARN ThreadId(20) hotstuff_runner::app: Node 1 [produce_block] queue size: 0, attempting up to 0 transactions this block    
2026-08-07T04:38:37.191749Z  WARN ThreadId(20) hotstuff_runner::app: Node 1 view(6720) far exceeds block count (1679); potential sync issue    
2026-08-07T04:38:37.358789Z  WARN ThreadId(20) hotstuff_runner::app: Node 1 [produce_block] queue size: 2, attempting up to 2 transactions this block    
2026-08-07T04:38:37.362884Z  WARN ThreadId(20) hotstuff_runner::app: Node 1 view(6724) far exceeds block count (1680); potential sync issue    
2026-08-07T04:38:37.446880Z  WARN ThreadId(20) hotstuff_runner::app: Node 1 [produce_block] queue size: 0, attempting up to 0 transactions this block    
2026-08-07T04:38:37.448958Z  WARN ThreadId(20) hotstuff_runner::app: Node 1 view(6728) far exceeds block count (1681); potential sync issue    
2026-08-07T04:38:37.593363Z  WARN ThreadId(20) hotstuff_runner::app: Node 1 [produce_block] queue size: 2, attempting up to 2 transactions this block    
2026-08-07T04:38:37.596655Z  WARN ThreadId(20) hotstuff_runner::app: Node 1 view(6732) far exceeds block count (1682); potential sync issue    
2026-08-07T04:38:37.730956Z  WARN ThreadId(20) hotstuff_runner::app: Node 1 [produce_block] queue size: 2, attempting up to 2 transactions this block    
2026-08-07T04:38:37.732810Z  WARN ThreadId(20) hotstuff_runner::app: Node 1 view(6736) far exceeds block count (1683); potential sync issue    
2026-08-07T04:38:37.820324Z  WARN ThreadId(20) hotstuff_runner::app: Node 1 [produce_block] queue size: 0, attempting up to 0 transactions this block    
2026-08-07T04:38:37.823785Z  WARN ThreadId(20) hotstuff_runner::app: Node 1 view(6740) far exceeds block count (1684); potential sync issue    
2026-08-07T04:38:37.907747Z  WARN ThreadId(20) hotstuff_runner::app: Node 1 [produce_block] queue size: 0, attempting up to 0 transactions this block    
2026-08-07T04:38:37.908750Z  WARN ThreadId(20) hotstuff_runner::app: Node 1 view(6744) far exceeds block count (1685); potential sync issue    
2026-08-07T04:38:38.070770Z  WARN ThreadId(20) hotstuff_runner::app: Node 1 [produce_block] queue size: 2, attempting up to 2 transactions this block    
2026-08-07T04:38:38.075871Z  WARN ThreadId(20) hotstuff_runner::app: Node 1 view(6748) far exceeds block count (1686); potential sync issue    
2026-08-07T04:38:38.214776Z  WARN ThreadId(20) hotstuff_runner::app: Node 1 [produce_block] queue size: 2, attempting up to 2 transactions this block    
2026-08-07T04:38:38.216100Z  WARN ThreadId(20) hotstuff_runner::app: Node 1 view(6752) far exceeds block count (1687); potential sync issue    
2026-08-07T04:38:38.330207Z  WARN ThreadId(20) hotstuff_runner::app: Node 1 [produce_block] queue size: 2, attempting up to 2 transactions this block    
2026-08-07T04:38:38.331209Z  WARN ThreadId(20) hotstuff_runner::app: Node 1 view(6756) far exceeds block count (1688); potential sync issue    
2026-08-07T04:38:38.457082Z  WARN ThreadId(20) hotstuff_runner::app: Node 1 [produce_block] queue size: 0, attempting up to 0 transactions this block    
2026-08-07T04:38:38.458678Z  WARN ThreadId(20) hotstuff_runner::app: Node 1 view(6760) far exceeds block count (1689); potential sync issue    
2026-08-07T04:38:38.553801Z  WARN ThreadId(20) hotstuff_runner::app: Node 1 [produce_block] queue size: 0, attempting up to 0 transactions this block    
2026-08-07T04:38:38.555500Z  WARN ThreadId(20) hotstuff_runner::app: Node 1 view(6764) far exceeds block count (1690); potential sync issue    
2026-08-07T04:38:38.694881Z  WARN ThreadId(20) hotstuff_runner::app: Node 1 [produce_block] queue size: 2, attempting up to 2 transactions this block    
2026-08-07T04:38:38.699820Z  WARN ThreadId(20) hotstuff_runner::app: Node 1 view(6768) far exceeds block count (1691); potential sync issue    
2026-08-07T04:38:38.818174Z  WARN ThreadId(20) hotstuff_runner::app: Node 1 [produce_block] queue size: 2, attempting up to 2 transactions this block    
2026-08-07T04:38:38.820904Z  WARN ThreadId(20) hotstuff_runner::app: Node 1 view(6772) far exceeds block count (1692); potential sync issue    
2026-08-07T04:38:38.945794Z  WARN ThreadId(20) hotstuff_runner::app: Node 1 [produce_block] queue size: 0, attempting up to 0 transactions this block    
2026-08-07T04:38:38.951393Z  WARN ThreadId(20) hotstuff_runner::app: Node 1 view(6776) far exceeds block count (1693); potential sync issue    
2026-08-07T04:38:39.047799Z  WARN ThreadId(20) hotstuff_runner::app: Node 1 [produce_block] queue size: 2, attempting up to 2 transactions this block    
2026-08-07T04:38:39.048192Z  WARN ThreadId(20) hotstuff_runner::app: Node 1 view(6780) far exceeds block count (1694); potential sync issue    
2026-08-07T04:38:39.176837Z  WARN ThreadId(20) hotstuff_runner::app: Node 1 [produce_block] queue size: 2, attempting up to 2 transactions this block    
2026-08-07T04:38:39.178850Z  WARN ThreadId(20) hotstuff_runner::app: Node 1 view(6784) far exceeds block count (1695); potential sync issue    
2026-08-07T04:38:39.283056Z  WARN ThreadId(20) hotstuff_runner::app: Node 1 [produce_block] queue size: 0, attempting up to 0 transactions this block    
2026-08-07T04:38:39.283570Z  WARN ThreadId(20) hotstuff_runner::app: Node 1 view(6788) far exceeds block count (1696); potential sync issue    
2026-08-07T04:38:39.368387Z  WARN ThreadId(20) hotstuff_runner::app: Node 1 [produce_block] queue size: 2, attempting up to 2 transactions this block    
2026-08-07T04:38:39.369315Z  WARN ThreadId(20) hotstuff_runner::app: Node 1 view(6792) far exceeds block count (1697); potential sync issue    
2026-08-07T04:38:39.476814Z  WARN ThreadId(20) hotstuff_runner::app: Node 1 [produce_block] queue size: 0, attempting up to 0 transactions this block    
2026-08-07T04:38:39.482771Z  WARN ThreadId(20) hotstuff_runner::app: Node 1 view(6796) far exceeds block count (1698); potential sync issue    
2026-08-07T04:38:39.583842Z  WARN ThreadId(20) hotstuff_runner::app: Node 1 [produce_block] queue size: 2, attempting up to 2 transactions this block    
2026-08-07T04:38:39.584323Z  WARN ThreadId(20) hotstuff_runner::app: Node 1 view(6800) far exceeds block count (1699); potential sync issue    
2026-08-07T04:38:39.653002Z  WARN ThreadId(20) hotstuff_runner::app: Node 1 [produce_block] queue size: 0, attempting up to 0 transactions this block    
2026-08-07T04:38:39.653274Z  WARN ThreadId(20) hotstuff_runner::app: Node 1 view(6804) far exceeds block count (1700); potential sync issue    
2026-08-07T04:38:39.729615Z  WARN ThreadId(20) hotstuff_runner::app: Node 1 [produce_block] queue size: 2, attempting up to 2 transactions this block    
2026-08-07T04:38:39.729832Z  WARN ThreadId(20) hotstuff_runner::app: Node 1 view(6808) far exceeds block count (1701); potential sync issue    
2026-08-07T04:38:39.837773Z  WARN ThreadId(20) hotstuff_runner::app: Node 1 [produce_block] queue size: 0, attempting up to 0 transactions this block    
2026-08-07T04:38:39.838410Z  WARN ThreadId(20) hotstuff_runner::app: Node 1 view(6812) far exceeds block count (1702); potential sync issue    
2026-08-07T04:38:39.928996Z  WARN ThreadId(20) hotstuff_runner::app: Node 1 [produce_block] queue size: 0, attempting up to 0 transactions this block    
2026-08-07T04:38:39.933286Z  WARN ThreadId(20) hotstuff_runner::app: Node 1 view(6816) far exceeds block count (1703); potential sync issue    
2026-08-07T04:38:40.052693Z  WARN ThreadId(20) hotstuff_runner::app: Node 1 [produce_block] queue size: 2, attempting up to 2 transactions this block    
2026-08-07T04:38:40.054173Z  WARN ThreadId(20) hotstuff_runner::app: Node 1 view(6820) far exceeds block count (1704); potential sync issue    
2026-08-07T04:38:40.191838Z  WARN ThreadId(20) hotstuff_runner::app: Node 1 [produce_block] queue size: 2, attempting up to 2 transactions this block    
2026-08-07T04:38:40.192292Z  WARN ThreadId(20) hotstuff_runner::app: Node 1 view(6824) far exceeds block count (1705); potential sync issue    
2026-08-07T04:38:40.273470Z  WARN ThreadId(20) hotstuff_runner::app: Node 1 [produce_block] queue size: 0, attempting up to 0 transactions this block    
2026-08-07T04:38:40.274384Z  WARN ThreadId(20) hotstuff_runner::app: Node 1 view(6828) far exceeds block count (1706); potential sync issue    
2026-08-07T04:38:40.348112Z  WARN ThreadId(20) hotstuff_runner::app: Node 1 [produce_block] queue size: 2, attempting up to 2 transactions this block    
2026-08-07T04:38:40.348735Z  WARN ThreadId(20) hotstuff_runner::app: Node 1 view(6832) far exceeds block count (1707); potential sync issue    
2026-08-07T04:38:40.438766Z  WARN ThreadId(20) hotstuff_runner::app: Node 1 [produce_block] queue size: 0, attempting up to 0 transactions this block    
2026-08-07T04:38:40.439147Z  WARN ThreadId(20) hotstuff_runner::app: Node 1 view(6836) far exceeds block count (1708); potential sync issue    
2026-08-07T04:38:40.529281Z  WARN ThreadId(20) hotstuff_runner::app: Node 1 [produce_block] queue size: 0, attempting up to 0 transactions this block    
2026-08-07T04:38:40.529397Z  WARN ThreadId(20) hotstuff_runner::app: Node 1 view(6840) far exceeds block count (1709); potential sync issue    
2026-08-07T04:38:40.606037Z  WARN ThreadId(20) hotstuff_runner::app: Node 1 [produce_block] queue size: 2, attempting up to 2 transactions this block    
2026-08-07T04:38:40.606836Z  WARN ThreadId(20) hotstuff_runner::app: Node 1 view(6844) far exceeds block count (1710); potential sync issue    
2026-08-07T04:38:40.731887Z  WARN ThreadId(20) hotstuff_runner::app: Node 1 [produce_block] queue size: 2, attempting up to 2 transactions this block    
2026-08-07T04:38:40.738274Z  WARN ThreadId(20) hotstuff_runner::app: Node 1 view(6848) far exceeds block count (1711); potential sync issue    
2026-08-07T04:38:40.784578Z  WARN ThreadId(20) hotstuff_runner::app: Node 1 [produce_block] queue size: 0, attempting up to 0 transactions this block    
2026-08-07T04:38:40.785217Z  WARN ThreadId(20) hotstuff_runner::app: Node 1 view(6852) far exceeds block count (1712); potential sync issue    
2026-08-07T04:38:40.892660Z  WARN ThreadId(20) hotstuff_runner::app: Node 1 [produce_block] queue size: 0, attempting up to 0 transactions this block    
2026-08-07T04:38:40.892947Z  WARN ThreadId(20) hotstuff_runner::app: Node 1 view(6856) far exceeds block count (1713); potential sync issue    
2026-08-07T04:38:40.968809Z  WARN ThreadId(02) docker_node: Low processing efficiency: 0.0% - system may need tuning
2026-08-07T04:38:40.972083Z  WARN ThreadId(02) docker_node:   Connection reuse ineffective (2.0 msg/conn)
2026-08-07T04:38:41.052610Z  WARN ThreadId(20) hotstuff_runner::app: Node 1 [produce_block] queue size: 2, attempting up to 2 transactions this block    
2026-08-07T04:38:41.053764Z  WARN ThreadId(20) hotstuff_runner::app: Node 1 view(6860) far exceeds block count (1714); potential sync issue    
2026-08-07T04:38:41.197217Z  WARN ThreadId(20) hotstuff_runner::app: Node 1 [produce_block] queue size: 0, attempting up to 0 transactions this block    
2026-08-07T04:38:41.200779Z  WARN ThreadId(20) hotstuff_runner::app: Node 1 view(6864) far exceeds block count (1715); potential sync issue    
2026-08-07T04:38:41.272510Z  WARN ThreadId(20) hotstuff_runner::app: Node 1 [produce_block] queue size: 0, attempting up to 0 transactions this block    
2026-08-07T04:38:41.274205Z  WARN ThreadId(20) hotstuff_runner::app: Node 1 view(6868) far exceeds block count (1716); potential sync issue    
2026-08-07T04:38:41.360946Z  WARN ThreadId(20) hotstuff_runner::app: Node 1 [produce_block] queue size: 0, attempting up to 0 transactions this block    
2026-08-07T04:38:41.362629Z  WARN ThreadId(20) hotstuff_runner::app: Node 1 view(6872) far exceeds block count (1717); potential sync issue    
2026-08-07T04:38:41.423122Z  WARN ThreadId(20) hotstuff_runner::app: Node 1 [produce_block] queue size: 0, attempting up to 0 transactions this block    
2026-08-07T04:38:41.425786Z  WARN ThreadId(20) hotstuff_runner::app: Node 1 view(6876) far exceeds block count (1718); potential sync issue    
2026-08-07T04:38:41.488789Z  WARN ThreadId(20) hotstuff_runner::app: Node 1 [produce_block] queue size: 0, attempting up to 0 transactions this block    
2026-08-07T04:38:41.489303Z  WARN ThreadId(20) hotstuff_runner::app: Node 1 view(6880) far exceeds block count (1719); potential sync issue    
2026-08-07T04:38:41.569684Z  WARN ThreadId(20) hotstuff_runner::app: Node 1 [produce_block] queue size: 0, attempting up to 0 transactions this block    
2026-08-07T04:38:41.570452Z  WARN ThreadId(20) hotstuff_runner::app: Node 1 view(6884) far exceeds block count (1720); potential sync issue    
2026-08-07T04:38:41.671458Z  WARN ThreadId(20) hotstuff_runner::app: Node 1 [produce_block] queue size: 0, attempting up to 0 transactions this block    
2026-08-07T04:38:41.671964Z  WARN ThreadId(20) hotstuff_runner::app: Node 1 view(6888) far exceeds block count (1721); potential sync issue    
2026-08-07T04:38:41.751897Z  WARN ThreadId(20) hotstuff_runner::app: Node 1 [produce_block] queue size: 0, attempting up to 0 transactions this block    
2026-08-07T04:38:41.752700Z  WARN ThreadId(20) hotstuff_runner::app: Node 1 view(6892) far exceeds block count (1722); potential sync issue    
2026-08-07T04:38:41.873588Z  WARN ThreadId(20) hotstuff_runner::app: Node 1 [produce_block] queue size: 0, attempting up to 0 transactions this block    
2026-08-07T04:38:41.876043Z  WARN ThreadId(20) hotstuff_runner::app: Node 1 view(6896) far exceeds block count (1723); potential sync issue    
2026-08-07T04:38:42.013154Z  WARN ThreadId(20) hotstuff_runner::app: Node 1 [produce_block] queue size: 0, attempting up to 0 transactions this block    
2026-08-07T04:38:42.016153Z  WARN ThreadId(20) hotstuff_runner::app: Node 1 view(6900) far exceeds block count (1724); potential sync issue    
2026-08-07T04:38:42.156726Z  WARN ThreadId(20) hotstuff_runner::app: Node 1 [produce_block] queue size: 0, attempting up to 0 transactions this block    
2026-08-07T04:38:42.157291Z  WARN ThreadId(20) hotstuff_runner::app: Node 1 view(6904) far exceeds block count (1725); potential sync issue    
2026-08-07T04:38:42.259385Z  WARN ThreadId(20) hotstuff_runner::app: Node 1 [produce_block] queue size: 0, attempting up to 0 transactions this block    
2026-08-07T04:38:42.259646Z  WARN ThreadId(20) hotstuff_runner::app: Node 1 view(6908) far exceeds block count (1726); potential sync issue    
2026-08-07T04:38:42.377313Z  WARN ThreadId(20) hotstuff_runner::app: Node 1 [produce_block] queue size: 0, attempting up to 0 transactions this block    
2026-08-07T04:38:42.378305Z  WARN ThreadId(20) hotstuff_runner::app: Node 1 view(6912) far exceeds block count (1727); potential sync issue    
2026-08-07T04:38:42.498610Z  WARN ThreadId(20) hotstuff_runner::app: Node 1 [produce_block] queue size: 0, attempting up to 0 transactions this block    
2026-08-07T04:38:42.499370Z  WARN ThreadId(20) hotstuff_runner::app: Node 1 view(6916) far exceeds block count (1728); potential sync issue    
2026-08-07T04:38:42.603632Z  WARN ThreadId(20) hotstuff_runner::app: Node 1 [produce_block] queue size: 0, attempting up to 0 transactions this block    
2026-08-07T04:38:42.604430Z  WARN ThreadId(20) hotstuff_runner::app: Node 1 view(6920) far exceeds block count (1729); potential sync issue    
2026-08-07T04:38:42.693834Z  WARN ThreadId(20) hotstuff_runner::app: Node 1 [produce_block] queue size: 0, attempting up to 0 transactions this block    
2026-08-07T04:38:42.694607Z  WARN ThreadId(20) hotstuff_runner::app: Node 1 view(6924) far exceeds block count (1730); potential sync issue    
2026-08-07T04:38:42.927212Z  WARN ThreadId(20) hotstuff_runner::app: Node 1 [produce_block] queue size: 0, attempting up to 0 transactions this block    
2026-08-07T04:38:42.937166Z  WARN ThreadId(20) hotstuff_runner::app: Node 1 view(6928) far exceeds block count (1731); potential sync issue    
2026-08-07T04:38:43.006698Z  WARN ThreadId(20) hotstuff_runner::app: Node 1 [produce_block] queue size: 0, attempting up to 0 transactions this block    
2026-08-07T04:38:43.006981Z  WARN ThreadId(20) hotstuff_runner::app: Node 1 view(6932) far exceeds block count (1732); potential sync issue    
2026-08-07T04:38:43.127237Z  WARN ThreadId(20) hotstuff_runner::app: Node 1 [produce_block] queue size: 0, attempting up to 0 transactions this block    
2026-08-07T04:38:43.127594Z  WARN ThreadId(20) hotstuff_runner::app: Node 1 view(6936) far exceeds block count (1733); potential sync issue    
2026-08-07T04:38:43.263453Z  WARN ThreadId(20) hotstuff_runner::app: Node 1 [produce_block] queue size: 0, attempting up to 0 transactions this block    
2026-08-07T04:38:43.263975Z  WARN ThreadId(20) hotstuff_runner::app: Node 1 view(6940) far exceeds block count (1734); potential sync issue    
2026-08-07T04:38:43.396172Z  WARN ThreadId(20) hotstuff_runner::app: Node 1 [produce_block] queue size: 0, attempting up to 0 transactions this block    
2026-08-07T04:38:43.396386Z  WARN ThreadId(20) hotstuff_runner::app: Node 1 view(6944) far exceeds block count (1735); potential sync issue    
2026-08-07T04:38:43.453140Z  WARN ThreadId(20) hotstuff_runner::app: Node 1 [produce_block] queue size: 0, attempting up to 0 transactions this block    
2026-08-07T04:38:43.453352Z  WARN ThreadId(20) hotstuff_runner::app: Node 1 view(6948) far exceeds block count (1736); potential sync issue    
2026-08-07T04:38:43.575230Z  WARN ThreadId(20) hotstuff_runner::app: Node 1 [produce_block] queue size: 0, attempting up to 0 transactions this block    
2026-08-07T04:38:43.587521Z  WARN ThreadId(20) hotstuff_runner::app: Node 1 view(6952) far exceeds block count (1737); potential sync issue    
2026-08-07T04:38:43.795307Z  WARN ThreadId(20) hotstuff_runner::app: Node 1 [produce_block] queue size: 0, attempting up to 0 transactions this block    
2026-08-07T04:38:43.809853Z  WARN ThreadId(20) hotstuff_runner::app: Node 1 view(6956) far exceeds block count (1738); potential sync issue    
2026-08-07T04:38:44.063882Z  WARN ThreadId(20) hotstuff_runner::app: Node 1 [produce_block] queue size: 0, attempting up to 0 transactions this block    
2026-08-07T04:38:44.069913Z  WARN ThreadId(20) hotstuff_runner::app: Node 1 view(6960) far exceeds block count (1739); potential sync issue    
2026-08-07T04:38:44.214340Z  WARN ThreadId(20) hotstuff_runner::app: Node 1 [produce_block] queue size: 0, attempting up to 0 transactions this block    
2026-08-07T04:38:44.214694Z  WARN ThreadId(20) hotstuff_runner::app: Node 1 view(6964) far exceeds block count (1740); potential sync issue    
2026-08-07T04:38:44.438623Z  WARN ThreadId(20) hotstuff_runner::app: Node 1 [produce_block] queue size: 0, attempting up to 0 transactions this block    
2026-08-07T04:38:44.454464Z  WARN ThreadId(20) hotstuff_runner::app: Node 1 view(6968) far exceeds block count (1741); potential sync issue    
2026-08-07T04:38:44.521500Z  WARN ThreadId(20) hotstuff_runner::app: Node 1 [produce_block] queue size: 0, attempting up to 0 transactions this block    
2026-08-07T04:38:44.521814Z  WARN ThreadId(20) hotstuff_runner::app: Node 1 view(6972) far exceeds block count (1742); potential sync issue    
2026-08-07T04:38:44.746407Z  WARN ThreadId(20) hotstuff_runner::app: Node 1 [produce_block] queue size: 0, attempting up to 0 transactions this block    
2026-08-07T04:38:44.746995Z  WARN ThreadId(20) hotstuff_runner::app: Node 1 view(6976) far exceeds block count (1743); potential sync issue    
2026-08-07T04:38:44.805043Z  WARN ThreadId(20) hotstuff_runner::app: Node 1 [produce_block] queue size: 0, attempting up to 0 transactions this block    
2026-08-07T04:38:44.806168Z  WARN ThreadId(20) hotstuff_runner::app: Node 1 view(6980) far exceeds block count (1744); potential sync issue    
2026-08-07T04:38:44.932644Z  WARN ThreadId(20) hotstuff_runner::app: Node 1 [produce_block] queue size: 0, attempting up to 0 transactions this block    
2026-08-07T04:38:44.933722Z  WARN ThreadId(20) hotstuff_runner::app: Node 1 view(6984) far exceeds block count (1745); potential sync issue    
2026-08-07T04:38:45.060927Z  WARN ThreadId(20) hotstuff_runner::app: Node 1 [produce_block] queue size: 0, attempting up to 0 transactions this block    
2026-08-07T04:38:45.062303Z  WARN ThreadId(20) hotstuff_runner::app: Node 1 view(6988) far exceeds block count (1746); potential sync issue    
2026-08-07T04:38:45.175603Z  WARN ThreadId(20) hotstuff_runner::app: Node 1 [produce_block] queue size: 0, attempting up to 0 transactions this block    
2026-08-07T04:38:45.176048Z  WARN ThreadId(20) hotstuff_runner::app: Node 1 view(6992) far exceeds block count (1747); potential sync issue    
2026-08-07T04:38:45.280188Z  WARN ThreadId(20) hotstuff_runner::app: Node 1 [produce_block] queue size: 0, attempting up to 0 transactions this block    
2026-08-07T04:38:45.287098Z  WARN ThreadId(20) hotstuff_runner::app: Node 1 view(6996) far exceeds block count (1748); potential sync issue    
2026-08-07T04:38:45.344787Z  WARN ThreadId(20) hotstuff_runner::app: Node 1 [produce_block] queue size: 0, attempting up to 0 transactions this block    
2026-08-07T04:38:45.345022Z  WARN ThreadId(20) hotstuff_runner::app: Node 1 view(7000) far exceeds block count (1749); potential sync issue    
2026-08-07T04:38:45.508781Z  WARN ThreadId(20) hotstuff_runner::app: Node 1 [produce_block] queue size: 0, attempting up to 0 transactions this block    
2026-08-07T04:38:45.508990Z  WARN ThreadId(20) hotstuff_runner::app: Node 1 view(7004) far exceeds block count (1750); potential sync issue    
2026-08-07T04:38:45.601863Z  WARN ThreadId(20) hotstuff_runner::app: Node 1 [produce_block] queue size: 0, attempting up to 0 transactions this block    
2026-08-07T04:38:45.609810Z  WARN ThreadId(20) hotstuff_runner::app: Node 1 view(7008) far exceeds block count (1751); potential sync issue    
2026-08-07T04:38:45.714568Z  WARN ThreadId(20) hotstuff_runner::app: Node 1 [produce_block] queue size: 0, attempting up to 0 transactions this block    
2026-08-07T04:38:45.718198Z  WARN ThreadId(20) hotstuff_runner::app: Node 1 view(7012) far exceeds block count (1752); potential sync issue    
2026-08-07T04:38:45.834339Z  WARN ThreadId(20) hotstuff_runner::app: Node 1 [produce_block] queue size: 0, attempting up to 0 transactions this block    
2026-08-07T04:38:45.839673Z  WARN ThreadId(20) hotstuff_runner::app: Node 1 view(7016) far exceeds block count (1753); potential sync issue    
2026-08-07T04:38:45.925387Z  WARN ThreadId(20) hotstuff_runner::app: Node 1 [produce_block] queue size: 0, attempting up to 0 transactions this block    
2026-08-07T04:38:45.927532Z  WARN ThreadId(20) hotstuff_runner::app: Node 1 view(7020) far exceeds block count (1754); potential sync issue    
2026-08-07T04:38:45.969826Z  WARN ThreadId(05) docker_node: Low processing efficiency: 0.0% - system may need tuning
2026-08-07T04:38:45.973374Z  WARN ThreadId(05) docker_node:   Connection reuse ineffective (2.0 msg/conn)
2026-08-07T04:38:46.052798Z  WARN ThreadId(20) hotstuff_runner::app: Node 1 [produce_block] queue size: 0, attempting up to 0 transactions this block    
2026-08-07T04:38:46.053281Z  WARN ThreadId(20) hotstuff_runner::app: Node 1 view(7024) far exceeds block count (1755); potential sync issue    
2026-08-07T04:38:46.152121Z  WARN ThreadId(20) hotstuff_runner::app: Node 1 [produce_block] queue size: 0, attempting up to 0 transactions this block    
2026-08-07T04:38:46.154130Z  WARN ThreadId(20) hotstuff_runner::app: Node 1 view(7028) far exceeds block count (1756); potential sync issue    
2026-08-07T04:38:46.273692Z  WARN ThreadId(20) hotstuff_runner::app: Node 1 [produce_block] queue size: 0, attempting up to 0 transactions this block    
2026-08-07T04:38:46.276234Z  WARN ThreadId(20) hotstuff_runner::app: Node 1 view(7032) far exceeds block count (1757); potential sync issue    
2026-08-07T04:38:46.386972Z  WARN ThreadId(20) hotstuff_runner::app: Node 1 [produce_block] queue size: 0, attempting up to 0 transactions this block    
2026-08-07T04:38:46.387613Z  WARN ThreadId(20) hotstuff_runner::app: Node 1 view(7036) far exceeds block count (1758); potential sync issue    
2026-08-07T04:38:46.451334Z  WARN ThreadId(20) hotstuff_runner::app: Node 1 [produce_block] queue size: 0, attempting up to 0 transactions this block    
2026-08-07T04:38:46.452215Z  WARN ThreadId(20) hotstuff_runner::app: Node 1 view(7040) far exceeds block count (1759); potential sync issue    
2026-08-07T04:38:46.553035Z  WARN ThreadId(20) hotstuff_runner::app: Node 1 [produce_block] queue size: 0, attempting up to 0 transactions this block    
2026-08-07T04:38:46.554942Z  WARN ThreadId(20) hotstuff_runner::app: Node 1 view(7044) far exceeds block count (1760); potential sync issue    
2026-08-07T04:38:46.626771Z  WARN ThreadId(20) hotstuff_runner::app: Node 1 [produce_block] queue size: 0, attempting up to 0 transactions this block    
2026-08-07T04:38:46.634078Z  WARN ThreadId(20) hotstuff_runner::app: Node 1 view(7048) far exceeds block count (1761); potential sync issue    
2026-08-07T04:38:46.729159Z  WARN ThreadId(20) hotstuff_runner::app: Node 1 [produce_block] queue size: 0, attempting up to 0 transactions this block    
2026-08-07T04:38:46.731552Z  WARN ThreadId(20) hotstuff_runner::app: Node 1 view(7052) far exceeds block count (1762); potential sync issue    
2026-08-07T04:38:46.801774Z  WARN ThreadId(20) hotstuff_runner::app: Node 1 [produce_block] queue size: 0, attempting up to 0 transactions this block    
2026-08-07T04:38:46.802715Z  WARN ThreadId(20) hotstuff_runner::app: Node 1 view(7056) far exceeds block count (1763); potential sync issue    
2026-08-07T04:38:46.890241Z  WARN ThreadId(20) hotstuff_runner::app: Node 1 [produce_block] queue size: 0, attempting up to 0 transactions this block    
2026-08-07T04:38:46.890599Z  WARN ThreadId(20) hotstuff_runner::app: Node 1 view(7060) far exceeds block count (1764); potential sync issue    
2026-08-07T04:38:46.995132Z  WARN ThreadId(20) hotstuff_runner::app: Node 1 [produce_block] queue size: 0, attempting up to 0 transactions this block    
2026-08-07T04:38:46.995266Z  WARN ThreadId(20) hotstuff_runner::app: Node 1 view(7064) far exceeds block count (1765); potential sync issue    
2026-08-07T04:38:47.091130Z  WARN ThreadId(20) hotstuff_runner::app: Node 1 [produce_block] queue size: 0, attempting up to 0 transactions this block    
2026-08-07T04:38:47.091822Z  WARN ThreadId(20) hotstuff_runner::app: Node 1 view(7068) far exceeds block count (1766); potential sync issue    
2026-08-07T04:38:47.178287Z  WARN ThreadId(20) hotstuff_runner::app: Node 1 [produce_block] queue size: 0, attempting up to 0 transactions this block    
2026-08-07T04:38:47.178466Z  WARN ThreadId(20) hotstuff_runner::app: Node 1 view(7072) far exceeds block count (1767); potential sync issue    
2026-08-07T04:38:47.257744Z  WARN ThreadId(20) hotstuff_runner::app: Node 1 [produce_block] queue size: 0, attempting up to 0 transactions this block    
2026-08-07T04:38:47.261514Z  WARN ThreadId(20) hotstuff_runner::app: Node 1 view(7076) far exceeds block count (1768); potential sync issue    
2026-08-07T04:38:47.340025Z  WARN ThreadId(20) hotstuff_runner::app: Node 1 [produce_block] queue size: 0, attempting up to 0 transactions this block    
2026-08-07T04:38:47.340423Z  WARN ThreadId(20) hotstuff_runner::app: Node 1 view(7080) far exceeds block count (1769); potential sync issue    
2026-08-07T04:38:47.448443Z  WARN ThreadId(20) hotstuff_runner::app: Node 1 [produce_block] queue size: 0, attempting up to 0 transactions this block    
2026-08-07T04:38:47.450865Z  WARN ThreadId(20) hotstuff_runner::app: Node 1 view(7084) far exceeds block count (1770); potential sync issue    
2026-08-07T04:38:47.548047Z  WARN ThreadId(20) hotstuff_runner::app: Node 1 [produce_block] queue size: 0, attempting up to 0 transactions this block    
2026-08-07T04:38:47.550335Z  WARN ThreadId(20) hotstuff_runner::app: Node 1 view(7088) far exceeds block count (1771); potential sync issue    
2026-08-07T04:38:47.655809Z  WARN ThreadId(20) hotstuff_runner::app: Node 1 [produce_block] queue size: 0, attempting up to 0 transactions this block    
2026-08-07T04:38:47.655977Z  WARN ThreadId(20) hotstuff_runner::app: Node 1 view(7092) far exceeds block count (1772); potential sync issue    
2026-08-07T04:38:47.740165Z  WARN ThreadId(20) hotstuff_runner::app: Node 1 [produce_block] queue size: 0, attempting up to 0 transactions this block    
2026-08-07T04:38:47.740808Z  WARN ThreadId(20) hotstuff_runner::app: Node 1 view(7096) far exceeds block count (1773); potential sync issue    
2026-08-07T04:38:47.843656Z  WARN ThreadId(20) hotstuff_runner::app: Node 1 [produce_block] queue size: 0, attempting up to 0 transactions this block    
2026-08-07T04:38:47.850309Z  WARN ThreadId(20) hotstuff_runner::app: Node 1 view(7100) far exceeds block count (1774); potential sync issue    
2026-08-07T04:38:47.919092Z  WARN ThreadId(20) hotstuff_runner::app: Node 1 [produce_block] queue size: 0, attempting up to 0 transactions this block    
2026-08-07T04:38:47.919892Z  WARN ThreadId(20) hotstuff_runner::app: Node 1 view(7104) far exceeds block count (1775); potential sync issue    
2026-08-07T04:38:47.997677Z  WARN ThreadId(20) hotstuff_runner::app: Node 1 [produce_block] queue size: 0, attempting up to 0 transactions this block    
2026-08-07T04:38:47.998030Z  WARN ThreadId(20) hotstuff_runner::app: Node 1 view(7108) far exceeds block count (1776); potential sync issue    
2026-08-07T04:38:48.092162Z  WARN ThreadId(20) hotstuff_runner::app: Node 1 [produce_block] queue size: 0, attempting up to 0 transactions this block    
2026-08-07T04:38:48.102512Z  WARN ThreadId(20) hotstuff_runner::app: Node 1 view(7112) far exceeds block count (1777); potential sync issue    
2026-08-07T04:38:48.225775Z  WARN ThreadId(20) hotstuff_runner::app: Node 1 [produce_block] queue size: 0, attempting up to 0 transactions this block    
2026-08-07T04:38:48.227559Z  WARN ThreadId(20) hotstuff_runner::app: Node 1 view(7116) far exceeds block count (1778); potential sync issue    
2026-08-07T04:38:48.357032Z  WARN ThreadId(20) hotstuff_runner::app: Node 1 [produce_block] queue size: 0, attempting up to 0 transactions this block    
2026-08-07T04:38:48.358134Z  WARN ThreadId(20) hotstuff_runner::app: Node 1 view(7120) far exceeds block count (1779); potential sync issue    
2026-08-07T04:38:48.461960Z  WARN ThreadId(20) hotstuff_runner::app: Node 1 [produce_block] queue size: 0, attempting up to 0 transactions this block    
2026-08-07T04:38:48.462655Z  WARN ThreadId(20) hotstuff_runner::app: Node 1 view(7124) far exceeds block count (1780); potential sync issue    
2026-08-07T04:38:48.781633Z  WARN ThreadId(20) hotstuff_runner::app: Node 1 [produce_block] queue size: 0, attempting up to 0 transactions this block    
2026-08-07T04:38:48.785250Z  WARN ThreadId(20) hotstuff_runner::app: Node 1 view(7128) far exceeds block count (1781); potential sync issue    
2026-08-07T04:38:48.921584Z  WARN ThreadId(20) hotstuff_runner::app: Node 1 [produce_block] queue size: 0, attempting up to 0 transactions this block    
2026-08-07T04:38:48.951142Z  WARN ThreadId(20) hotstuff_runner::app: Node 1 view(7132) far exceeds block count (1782); potential sync issue    
2026-08-07T04:38:49.123613Z  WARN ThreadId(20) hotstuff_runner::app: Node 1 [produce_block] queue size: 0, attempting up to 0 transactions this block    
2026-08-07T04:38:49.128779Z  WARN ThreadId(20) hotstuff_runner::app: Node 1 view(7136) far exceeds block count (1783); potential sync issue    
2026-08-07T04:38:49.221695Z  WARN ThreadId(20) hotstuff_runner::app: Node 1 [produce_block] queue size: 0, attempting up to 0 transactions this block    
2026-08-07T04:38:49.227019Z  WARN ThreadId(20) hotstuff_runner::app: Node 1 view(7140) far exceeds block count (1784); potential sync issue    
2026-08-07T04:38:49.351517Z  WARN ThreadId(20) hotstuff_runner::app: Node 1 [produce_block] queue size: 0, attempting up to 0 transactions this block    
2026-08-07T04:38:49.352488Z  WARN ThreadId(20) hotstuff_runner::app: Node 1 view(7144) far exceeds block count (1785); potential sync issue    
2026-08-07T04:38:49.426085Z  WARN ThreadId(20) hotstuff_runner::app: Node 1 [produce_block] queue size: 0, attempting up to 0 transactions this block    
2026-08-07T04:38:49.432809Z  WARN ThreadId(20) hotstuff_runner::app: Node 1 view(7148) far exceeds block count (1786); potential sync issue    
2026-08-07T04:38:49.533424Z  WARN ThreadId(20) hotstuff_runner::app: Node 1 [produce_block] queue size: 0, attempting up to 0 transactions this block    
2026-08-07T04:38:49.533790Z  WARN ThreadId(20) hotstuff_runner::app: Node 1 view(7152) far exceeds block count (1787); potential sync issue    
2026-08-07T04:38:49.666214Z  WARN ThreadId(20) hotstuff_runner::app: Node 1 [produce_block] queue size: 0, attempting up to 0 transactions this block    
2026-08-07T04:38:49.670388Z  WARN ThreadId(20) hotstuff_runner::app: Node 1 view(7156) far exceeds block count (1788); potential sync issue    
2026-08-07T04:38:49.851781Z  WARN ThreadId(20) hotstuff_runner::app: Node 1 [produce_block] queue size: 0, attempting up to 0 transactions this block    
2026-08-07T04:38:49.851934Z  WARN ThreadId(20) hotstuff_runner::app: Node 1 view(7160) far exceeds block count (1789); potential sync issue    
2026-08-07T04:38:49.981775Z  WARN ThreadId(20) hotstuff_runner::app: Node 1 [produce_block] queue size: 0, attempting up to 0 transactions this block    
2026-08-07T04:38:49.981993Z  WARN ThreadId(20) hotstuff_runner::app: Node 1 view(7164) far exceeds block count (1790); potential sync issue    
2026-08-07T04:38:50.096134Z  WARN ThreadId(20) hotstuff_runner::app: Node 1 [produce_block] queue size: 0, attempting up to 0 transactions this block    
2026-08-07T04:38:50.097164Z  WARN ThreadId(20) hotstuff_runner::app: Node 1 view(7168) far exceeds block count (1791); potential sync issue    
2026-08-07T04:38:50.195421Z  WARN ThreadId(20) hotstuff_runner::app: Node 1 [produce_block] queue size: 0, attempting up to 0 transactions this block    
2026-08-07T04:38:50.199173Z  WARN ThreadId(20) hotstuff_runner::app: Node 1 view(7172) far exceeds block count (1792); potential sync issue    
2026-08-07T04:38:50.334653Z  WARN ThreadId(20) hotstuff_runner::app: Node 1 [produce_block] queue size: 0, attempting up to 0 transactions this block    
2026-08-07T04:38:50.336860Z  WARN ThreadId(20) hotstuff_runner::app: Node 1 view(7176) far exceeds block count (1793); potential sync issue    
2026-08-07T04:38:50.403419Z  WARN ThreadId(20) hotstuff_runner::app: Node 1 [produce_block] queue size: 0, attempting up to 0 transactions this block    
2026-08-07T04:38:50.404622Z  WARN ThreadId(20) hotstuff_runner::app: Node 1 view(7180) far exceeds block count (1794); potential sync issue    
2026-08-07T04:38:50.472119Z  WARN ThreadId(20) hotstuff_runner::app: Node 1 [produce_block] queue size: 0, attempting up to 0 transactions this block    
2026-08-07T04:38:50.478792Z  WARN ThreadId(20) hotstuff_runner::app: Node 1 view(7184) far exceeds block count (1795); potential sync issue    
2026-08-07T04:38:50.534791Z  WARN ThreadId(20) hotstuff_runner::app: Node 1 [produce_block] queue size: 0, attempting up to 0 transactions this block    
2026-08-07T04:38:50.535844Z  WARN ThreadId(20) hotstuff_runner::app: Node 1 view(7188) far exceeds block count (1796); potential sync issue    
2026-08-07T04:38:50.623147Z  WARN ThreadId(20) hotstuff_runner::app: Node 1 [produce_block] queue size: 0, attempting up to 0 transactions this block    
2026-08-07T04:38:50.623585Z  WARN ThreadId(20) hotstuff_runner::app: Node 1 view(7192) far exceeds block count (1797); potential sync issue    
2026-08-07T04:38:50.721815Z  WARN ThreadId(20) hotstuff_runner::app: Node 1 [produce_block] queue size: 0, attempting up to 0 transactions this block    
2026-08-07T04:38:50.722044Z  WARN ThreadId(20) hotstuff_runner::app: Node 1 view(7196) far exceeds block count (1798); potential sync issue    
2026-08-07T04:38:50.838923Z  WARN ThreadId(20) hotstuff_runner::app: Node 1 [produce_block] queue size: 0, attempting up to 0 transactions this block    
2026-08-07T04:38:50.840047Z  WARN ThreadId(20) hotstuff_runner::app: Node 1 view(7200) far exceeds block count (1799); potential sync issue    
2026-08-07T04:38:50.923771Z  WARN ThreadId(20) hotstuff_runner::app: Node 1 [produce_block] queue size: 0, attempting up to 0 transactions this block    
2026-08-07T04:38:50.926747Z  WARN ThreadId(20) hotstuff_runner::app: Node 1 view(7204) far exceeds block count (1800); potential sync issue    
2026-08-07T04:38:50.968812Z  WARN ThreadId(05) docker_node: Low processing efficiency: 0.0% - system may need tuning
2026-08-07T04:38:50.969125Z  WARN ThreadId(05) docker_node:   Connection reuse ineffective (2.0 msg/conn)
2026-08-07T04:38:51.076509Z  WARN ThreadId(20) hotstuff_runner::app: Node 1 [produce_block] queue size: 0, attempting up to 0 transactions this block    
2026-08-07T04:38:51.076831Z  WARN ThreadId(20) hotstuff_runner::app: Node 1 view(7208) far exceeds block count (1801); potential sync issue    
2026-08-07T04:38:51.163665Z  WARN ThreadId(20) hotstuff_runner::app: Node 1 [produce_block] queue size: 0, attempting up to 0 transactions this block    
2026-08-07T04:38:51.167602Z  WARN ThreadId(20) hotstuff_runner::app: Node 1 view(7212) far exceeds block count (1802); potential sync issue    
2026-08-07T04:38:51.255020Z  WARN ThreadId(20) hotstuff_runner::app: Node 1 [produce_block] queue size: 0, attempting up to 0 transactions this block    
2026-08-07T04:38:51.255420Z  WARN ThreadId(20) hotstuff_runner::app: Node 1 view(7216) far exceeds block count (1803); potential sync issue    
2026-08-07T04:38:51.487707Z  WARN ThreadId(20) hotstuff_runner::app: Node 1 [produce_block] queue size: 0, attempting up to 0 transactions this block    
2026-08-07T04:38:51.492612Z  WARN ThreadId(20) hotstuff_runner::app: Node 1 view(7220) far exceeds block count (1804); potential sync issue    
2026-08-07T04:38:51.650799Z  WARN ThreadId(20) hotstuff_runner::app: Node 1 [produce_block] queue size: 0, attempting up to 0 transactions this block    
2026-08-07T04:38:51.653286Z  WARN ThreadId(20) hotstuff_runner::app: Node 1 view(7224) far exceeds block count (1805); potential sync issue    
2026-08-07T04:38:51.775318Z  WARN ThreadId(20) hotstuff_runner::app: Node 1 [produce_block] queue size: 0, attempting up to 0 transactions this block    
2026-08-07T04:38:51.780573Z  WARN ThreadId(20) hotstuff_runner::app: Node 1 view(7228) far exceeds block count (1806); potential sync issue    
2026-08-07T04:38:52.165023Z  WARN ThreadId(20) hotstuff_runner::app: Node 1 [produce_block] queue size: 0, attempting up to 0 transactions this block    
2026-08-07T04:38:52.165232Z  WARN ThreadId(20) hotstuff_runner::app: Node 1 view(7232) far exceeds block count (1807); potential sync issue    
2026-08-07T04:38:52.234566Z  WARN ThreadId(20) hotstuff_runner::app: Node 1 [produce_block] queue size: 0, attempting up to 0 transactions this block    
2026-08-07T04:38:52.234785Z  WARN ThreadId(20) hotstuff_runner::app: Node 1 view(7236) far exceeds block count (1808); potential sync issue    
2026-08-07T04:38:52.384518Z  WARN ThreadId(20) hotstuff_runner::app: Node 1 [produce_block] queue size: 0, attempting up to 0 transactions this block    
2026-08-07T04:38:52.385970Z  WARN ThreadId(20) hotstuff_runner::app: Node 1 view(7240) far exceeds block count (1809); potential sync issue    
2026-08-07T04:38:52.497035Z  WARN ThreadId(20) hotstuff_runner::app: Node 1 [produce_block] queue size: 0, attempting up to 0 transactions this block    
2026-08-07T04:38:52.497781Z  WARN ThreadId(20) hotstuff_runner::app: Node 1 view(7244) far exceeds block count (1810); potential sync issue    
2026-08-07T04:38:52.593524Z  WARN ThreadId(20) hotstuff_runner::app: Node 1 [produce_block] queue size: 0, attempting up to 0 transactions this block    
2026-08-07T04:38:52.594841Z  WARN ThreadId(20) hotstuff_runner::app: Node 1 view(7248) far exceeds block count (1811); potential sync issue    
2026-08-07T04:38:52.824687Z  WARN ThreadId(20) hotstuff_runner::app: Node 1 [produce_block] queue size: 0, attempting up to 0 transactions this block    
2026-08-07T04:38:52.825369Z  WARN ThreadId(20) hotstuff_runner::app: Node 1 view(7252) far exceeds block count (1812); potential sync issue    
2026-08-07T04:38:54.898125Z  WARN ThreadId(20) hotstuff_rs::block_tree::invariants: SAFE_PC_FAIL: pc.block=[185, 17, 168, 53, 37, 215, 200, 212, 210, 227, 225, 103, 70, 191, 204, 139, 205, 85, 192, 159, 67, 229, 238, 235, 9, 55, 248, 159, 202, 119, 186, 222] view=7249 phase=Generic | cond1(chain_id/genesis)=true (pc.chain_id=0, my.chain_id=0) | cond2(block_exists/genesis)=true (exists=true) | cond3(view>locked || extends)=false (pc.view=7249, locked.view=7251, extends=false) | cond4(phase/updates)=true (phase_special=false, has_updates=false) | highest_pc.block=[152, 155, 186, 246, 211, 31, 147, 126, 189, 160, 18, 114, 180, 157, 137, 177, 232, 33, 2, 205, 94, 124, 228, 29, 51, 28, 99, 129, 116, 245, 177, 16] highest_pc.view=7252 locked.block=[93, 74, 96, 160, 119, 59, 88, 23, 102, 166, 103, 54, 65, 124, 52, 215, 35, 197, 203, 237, 68, 69, 71, 7, 122, 217, 96, 65, 67, 51, 71, 116] locked.view=7251    
2026-08-07T04:38:54.898525Z  WARN ThreadId(20) hotstuff_rs::block_tree::invariants: SAFE_BLOCK_FAIL: block=[126, 238, 124, 99, 239, 76, 149, 147, 195, 43, 118, 49, 242, 192, 188, 56, 49, 38, 94, 14, 4, 21, 209, 250, 177, 85, 89, 4, 19, 185, 235, 135] height=None | cond1(safe_pc)=false | cond2(is_block_justify)=true (justify.phase=Generic) | justify.block=[185, 17, 168, 53, 37, 215, 200, 212, 210, 227, 225, 103, 70, 191, 204, 139, 205, 85, 192, 159, 67, 229, 238, 235, 9, 55, 248, 159, 202, 119, 186, 222] justify.view=7249 | highest_pc.block=[152, 155, 186, 246, 211, 31, 147, 126, 189, 160, 18, 114, 180, 157, 137, 177, 232, 33, 2, 205, 94, 124, 228, 29, 51, 28, 99, 129, 116, 245, 177, 16] highest_pc.view=7252 | locked.block=[93, 74, 96, 160, 119, 59, 88, 23, 102, 166, 103, 54, 65, 124, 52, 215, 35, 197, 203, 237, 68, 69, 71, 7, 122, 217, 96, 65, 67, 51, 71, 116] locked.view=7251    
2026-08-07T04:38:55.970519Z  WARN ThreadId(02) docker_node: Low processing efficiency: 0.0% - system may need tuning
2026-08-07T04:38:55.970820Z  WARN ThreadId(02) docker_node:   Connection reuse ineffective (2.0 msg/conn)
2026-08-07T04:38:56.981935Z  WARN ThreadId(20) hotstuff_runner::app: Node 1 [produce_block] queue size: 0, attempting up to 0 transactions this block    
2026-08-07T04:38:56.984611Z  WARN ThreadId(20) hotstuff_runner::app: Node 1 view(7256) far exceeds block count (1813); potential sync issue    
2026-08-07T04:38:58.996053Z  WARN ThreadId(21) hotstuff_runner::tcp_node: Node 1 view 7257 timed out; latency may accumulate
2026-08-07T04:38:59.040883Z  WARN ThreadId(20) hotstuff_runner::app: Node 1 [produce_block] queue size: 0, attempting up to 0 transactions this block    
2026-08-07T04:38:59.048056Z  WARN ThreadId(20) hotstuff_runner::app: Node 1 view(7260) far exceeds block count (1814); potential sync issue    
2026-08-07T04:38:59.179201Z  WARN ThreadId(20) hotstuff_runner::app: Node 1 [produce_block] queue size: 0, attempting up to 0 transactions this block    
2026-08-07T04:38:59.180784Z  WARN ThreadId(20) hotstuff_runner::app: Node 1 view(7264) far exceeds block count (1815); potential sync issue    
2026-08-07T04:38:59.241841Z  WARN ThreadId(20) hotstuff_runner::app: Node 1 [produce_block] queue size: 0, attempting up to 0 transactions this block    
2026-08-07T04:38:59.243876Z  WARN ThreadId(20) hotstuff_runner::app: Node 1 view(7268) far exceeds block count (1816); potential sync issue    
2026-08-07T04:38:59.345137Z  WARN ThreadId(20) hotstuff_runner::app: Node 1 [produce_block] queue size: 0, attempting up to 0 transactions this block    
2026-08-07T04:38:59.353167Z  WARN ThreadId(20) hotstuff_runner::app: Node 1 view(7272) far exceeds block count (1817); potential sync issue    
2026-08-07T04:38:59.450433Z  WARN ThreadId(20) hotstuff_runner::app: Node 1 [produce_block] queue size: 0, attempting up to 0 transactions this block    
2026-08-07T04:38:59.450624Z  WARN ThreadId(20) hotstuff_runner::app: Node 1 view(7276) far exceeds block count (1818); potential sync issue    
2026-08-07T04:38:59.524450Z  WARN ThreadId(20) hotstuff_runner::app: Node 1 [produce_block] queue size: 0, attempting up to 0 transactions this block    
2026-08-07T04:38:59.526787Z  WARN ThreadId(20) hotstuff_runner::app: Node 1 view(7280) far exceeds block count (1819); potential sync issue    
2026-08-07T04:38:59.620783Z  WARN ThreadId(20) hotstuff_runner::app: Node 1 [produce_block] queue size: 0, attempting up to 0 transactions this block    
2026-08-07T04:38:59.621210Z  WARN ThreadId(20) hotstuff_runner::app: Node 1 view(7284) far exceeds block count (1820); potential sync issue    
2026-08-07T04:38:59.692768Z  WARN ThreadId(20) hotstuff_runner::app: Node 1 [produce_block] queue size: 0, attempting up to 0 transactions this block    
2026-08-07T04:38:59.693086Z  WARN ThreadId(20) hotstuff_runner::app: Node 1 view(7288) far exceeds block count (1821); potential sync issue    
2026-08-07T04:38:59.819772Z  WARN ThreadId(20) hotstuff_runner::app: Node 1 [produce_block] queue size: 0, attempting up to 0 transactions this block    
2026-08-07T04:38:59.820819Z  WARN ThreadId(20) hotstuff_runner::app: Node 1 view(7292) far exceeds block count (1822); potential sync issue    
2026-08-07T04:38:59.954775Z  WARN ThreadId(20) hotstuff_runner::app: Node 1 [produce_block] queue size: 0, attempting up to 0 transactions this block    
2026-08-07T04:38:59.954900Z  WARN ThreadId(20) hotstuff_runner::app: Node 1 view(7296) far exceeds block count (1823); potential sync issue    
2026-08-07T04:39:00.044768Z  WARN ThreadId(20) hotstuff_runner::app: Node 1 [produce_block] queue size: 0, attempting up to 0 transactions this block    
2026-08-07T04:39:00.047803Z  WARN ThreadId(20) hotstuff_runner::app: Node 1 view(7300) far exceeds block count (1824); potential sync issue    
2026-08-07T04:39:00.129012Z  WARN ThreadId(20) hotstuff_runner::app: Node 1 [produce_block] queue size: 0, attempting up to 0 transactions this block    
2026-08-07T04:39:00.132288Z  WARN ThreadId(20) hotstuff_runner::app: Node 1 view(7304) far exceeds block count (1825); potential sync issue    
2026-08-07T04:39:00.296368Z  WARN ThreadId(20) hotstuff_runner::app: Node 1 [produce_block] queue size: 0, attempting up to 0 transactions this block    
2026-08-07T04:39:00.300894Z  WARN ThreadId(20) hotstuff_runner::app: Node 1 view(7308) far exceeds block count (1826); potential sync issue    
2026-08-07T04:39:00.518258Z  WARN ThreadId(20) hotstuff_runner::app: Node 1 [produce_block] queue size: 0, attempting up to 0 transactions this block    
2026-08-07T04:39:00.518700Z  WARN ThreadId(20) hotstuff_runner::app: Node 1 view(7312) far exceeds block count (1827); potential sync issue    
2026-08-07T04:39:00.669448Z  WARN ThreadId(20) hotstuff_runner::app: Node 1 [produce_block] queue size: 0, attempting up to 0 transactions this block    
2026-08-07T04:39:00.672936Z  WARN ThreadId(20) hotstuff_runner::app: Node 1 view(7316) far exceeds block count (1828); potential sync issue    
2026-08-07T04:39:00.828341Z  WARN ThreadId(20) hotstuff_runner::app: Node 1 [produce_block] queue size: 0, attempting up to 0 transactions this block    
2026-08-07T04:39:00.831132Z  WARN ThreadId(20) hotstuff_runner::app: Node 1 view(7320) far exceeds block count (1829); potential sync issue    
2026-08-07T04:39:00.972146Z  WARN ThreadId(06) docker_node: Low processing efficiency: 0.0% - system may need tuning
2026-08-07T04:39:00.972433Z  WARN ThreadId(06) docker_node:   Connection reuse ineffective (2.0 msg/conn)
2026-08-07T04:39:00.983666Z  WARN ThreadId(20) hotstuff_runner::app: Node 1 [produce_block] queue size: 0, attempting up to 0 transactions this block    
2026-08-07T04:39:00.984678Z  WARN ThreadId(20) hotstuff_runner::app: Node 1 view(7324) far exceeds block count (1830); potential sync issue    
2026-08-07T04:39:01.101196Z  WARN ThreadId(20) hotstuff_runner::app: Node 1 [produce_block] queue size: 0, attempting up to 0 transactions this block    
2026-08-07T04:39:01.103893Z  WARN ThreadId(20) hotstuff_runner::app: Node 1 view(7328) far exceeds block count (1831); potential sync issue    
2026-08-07T04:39:01.383410Z  WARN ThreadId(20) hotstuff_runner::app: Node 1 [produce_block] queue size: 0, attempting up to 0 transactions this block    
2026-08-07T04:39:01.383637Z  WARN ThreadId(20) hotstuff_runner::app: Node 1 view(7332) far exceeds block count (1832); potential sync issue    
2026-08-07T04:39:01.567941Z  WARN ThreadId(20) hotstuff_runner::app: Node 1 [produce_block] queue size: 0, attempting up to 0 transactions this block    
2026-08-07T04:39:01.568277Z  WARN ThreadId(20) hotstuff_runner::app: Node 1 view(7336) far exceeds block count (1833); potential sync issue    
2026-08-07T04:39:01.777714Z  WARN ThreadId(20) hotstuff_runner::app: Node 1 [produce_block] queue size: 0, attempting up to 0 transactions this block    
2026-08-07T04:39:01.779333Z  WARN ThreadId(20) hotstuff_runner::app: Node 1 view(7340) far exceeds block count (1834); potential sync issue    
2026-08-07T04:39:01.860798Z  WARN ThreadId(20) hotstuff_runner::app: Node 1 [produce_block] queue size: 0, attempting up to 0 transactions this block    
2026-08-07T04:39:01.864078Z  WARN ThreadId(20) hotstuff_runner::app: Node 1 view(7344) far exceeds block count (1835); potential sync issue    
2026-08-07T04:39:01.990673Z  WARN ThreadId(20) hotstuff_runner::app: Node 1 [produce_block] queue size: 0, attempting up to 0 transactions this block    
2026-08-07T04:39:01.996472Z  WARN ThreadId(20) hotstuff_runner::app: Node 1 view(7348) far exceeds block count (1836); potential sync issue    
2026-08-07T04:39:02.124770Z  WARN ThreadId(20) hotstuff_runner::app: Node 1 [produce_block] queue size: 0, attempting up to 0 transactions this block    
2026-08-07T04:39:02.125112Z  WARN ThreadId(20) hotstuff_runner::app: Node 1 view(7352) far exceeds block count (1837); potential sync issue    
2026-08-07T04:39:02.247326Z  WARN ThreadId(20) hotstuff_runner::app: Node 1 [produce_block] queue size: 0, attempting up to 0 transactions this block    
2026-08-07T04:39:02.249462Z  WARN ThreadId(20) hotstuff_runner::app: Node 1 view(7356) far exceeds block count (1838); potential sync issue    
2026-08-07T04:39:02.380966Z  WARN ThreadId(20) hotstuff_runner::app: Node 1 [produce_block] queue size: 0, attempting up to 0 transactions this block    
2026-08-07T04:39:02.382458Z  WARN ThreadId(20) hotstuff_runner::app: Node 1 view(7360) far exceeds block count (1839); potential sync issue    
2026-08-07T04:39:02.502178Z  WARN ThreadId(20) hotstuff_runner::app: Node 1 [produce_block] queue size: 0, attempting up to 0 transactions this block    
2026-08-07T04:39:02.503327Z  WARN ThreadId(20) hotstuff_runner::app: Node 1 view(7364) far exceeds block count (1840); potential sync issue    
2026-08-07T04:39:02.616274Z  WARN ThreadId(20) hotstuff_runner::app: Node 1 [produce_block] queue size: 0, attempting up to 0 transactions this block    
2026-08-07T04:39:02.619773Z  WARN ThreadId(20) hotstuff_runner::app: Node 1 view(7368) far exceeds block count (1841); potential sync issue    
2026-08-07T04:39:02.708156Z  WARN ThreadId(20) hotstuff_runner::app: Node 1 [produce_block] queue size: 0, attempting up to 0 transactions this block    
2026-08-07T04:39:02.709502Z  WARN ThreadId(20) hotstuff_runner::app: Node 1 view(7372) far exceeds block count (1842); potential sync issue    
2026-08-07T04:39:02.847474Z  WARN ThreadId(20) hotstuff_runner::app: Node 1 [produce_block] queue size: 0, attempting up to 0 transactions this block    
2026-08-07T04:39:02.847689Z  WARN ThreadId(20) hotstuff_runner::app: Node 1 view(7376) far exceeds block count (1843); potential sync issue    
2026-08-07T04:39:02.993645Z  WARN ThreadId(20) hotstuff_runner::app: Node 1 [produce_block] queue size: 0, attempting up to 0 transactions this block    
2026-08-07T04:39:02.994070Z  WARN ThreadId(20) hotstuff_runner::app: Node 1 view(7380) far exceeds block count (1844); potential sync issue    
2026-08-07T04:39:03.139594Z  WARN ThreadId(20) hotstuff_runner::app: Node 1 [produce_block] queue size: 0, attempting up to 0 transactions this block    
2026-08-07T04:39:03.140342Z  WARN ThreadId(20) hotstuff_runner::app: Node 1 view(7384) far exceeds block count (1845); potential sync issue    
2026-08-07T04:39:03.278706Z  WARN ThreadId(20) hotstuff_runner::app: Node 1 [produce_block] queue size: 0, attempting up to 0 transactions this block    
2026-08-07T04:39:03.280592Z  WARN ThreadId(20) hotstuff_runner::app: Node 1 view(7388) far exceeds block count (1846); potential sync issue    
2026-08-07T04:39:03.427640Z  WARN ThreadId(20) hotstuff_runner::app: Node 1 [produce_block] queue size: 0, attempting up to 0 transactions this block    
2026-08-07T04:39:03.432452Z  WARN ThreadId(20) hotstuff_runner::app: Node 1 view(7392) far exceeds block count (1847); potential sync issue    
2026-08-07T04:39:03.542942Z  WARN ThreadId(20) hotstuff_runner::app: Node 1 [produce_block] queue size: 0, attempting up to 0 transactions this block    
2026-08-07T04:39:03.543076Z  WARN ThreadId(20) hotstuff_runner::app: Node 1 view(7396) far exceeds block count (1848); potential sync issue    
2026-08-07T04:39:03.669519Z  WARN ThreadId(20) hotstuff_runner::app: Node 1 [produce_block] queue size: 0, attempting up to 0 transactions this block    
2026-08-07T04:39:03.674284Z  WARN ThreadId(20) hotstuff_runner::app: Node 1 view(7400) far exceeds block count (1849); potential sync issue    
2026-08-07T04:39:03.781363Z  WARN ThreadId(20) hotstuff_runner::app: Node 1 [produce_block] queue size: 0, attempting up to 0 transactions this block    
2026-08-07T04:39:03.786190Z  WARN ThreadId(20) hotstuff_runner::app: Node 1 view(7404) far exceeds block count (1850); potential sync issue    
2026-08-07T04:39:03.875287Z  WARN ThreadId(20) hotstuff_runner::app: Node 1 [produce_block] queue size: 0, attempting up to 0 transactions this block    
2026-08-07T04:39:03.875490Z  WARN ThreadId(20) hotstuff_runner::app: Node 1 view(7408) far exceeds block count (1851); potential sync issue    
2026-08-07T04:39:04.073466Z  WARN ThreadId(20) hotstuff_runner::app: Node 1 [produce_block] queue size: 0, attempting up to 0 transactions this block    
2026-08-07T04:39:04.079596Z  WARN ThreadId(20) hotstuff_runner::app: Node 1 view(7412) far exceeds block count (1852); potential sync issue    
2026-08-07T04:39:04.167753Z  WARN ThreadId(20) hotstuff_runner::app: Node 1 [produce_block] queue size: 0, attempting up to 0 transactions this block    
2026-08-07T04:39:04.170089Z  WARN ThreadId(20) hotstuff_runner::app: Node 1 view(7416) far exceeds block count (1853); potential sync issue    
2026-08-07T04:39:04.286358Z  WARN ThreadId(20) hotstuff_runner::app: Node 1 [produce_block] queue size: 2, attempting up to 2 transactions this block    
2026-08-07T04:39:04.286673Z  WARN ThreadId(20) hotstuff_runner::app: Node 1 view(7420) far exceeds block count (1854); potential sync issue    
2026-08-07T04:39:04.538018Z  WARN ThreadId(20) hotstuff_runner::app: Node 1 [produce_block] queue size: 2, attempting up to 2 transactions this block    
2026-08-07T04:39:04.546922Z  WARN ThreadId(20) hotstuff_runner::app: Node 1 view(7424) far exceeds block count (1855); potential sync issue    
2026-08-07T04:39:04.685549Z  WARN ThreadId(20) hotstuff_runner::app: Node 1 [produce_block] queue size: 2, attempting up to 2 transactions this block    
2026-08-07T04:39:04.692054Z  WARN ThreadId(20) hotstuff_runner::app: Node 1 view(7428) far exceeds block count (1856); potential sync issue    
2026-08-07T04:39:04.795265Z  WARN ThreadId(20) hotstuff_runner::app: Node 1 [produce_block] queue size: 0, attempting up to 0 transactions this block    
2026-08-07T04:39:04.797291Z  WARN ThreadId(20) hotstuff_runner::app: Node 1 view(7432) far exceeds block count (1857); potential sync issue    
2026-08-07T04:39:04.969141Z  WARN ThreadId(20) hotstuff_runner::app: Node 1 [produce_block] queue size: 2, attempting up to 2 transactions this block    
2026-08-07T04:39:04.979950Z  WARN ThreadId(20) hotstuff_runner::app: Node 1 view(7436) far exceeds block count (1858); potential sync issue    
2026-08-07T04:39:05.171081Z  WARN ThreadId(20) hotstuff_runner::app: Node 1 [produce_block] queue size: 2, attempting up to 2 transactions this block    
2026-08-07T04:39:05.179347Z  WARN ThreadId(20) hotstuff_runner::app: Node 1 view(7440) far exceeds block count (1859); potential sync issue    
2026-08-07T04:39:05.200726Z  WARN ThreadId(25) hotstuff_runner::smrol::network: ⚠️ [Check] Writer 1 -> 3 slow write: 6.780542ms
2026-08-07T04:39:05.346038Z  WARN ThreadId(20) hotstuff_runner::app: Node 1 [produce_block] queue size: 2, attempting up to 2 transactions this block    
2026-08-07T04:39:05.352249Z  WARN ThreadId(20) hotstuff_runner::app: Node 1 view(7444) far exceeds block count (1860); potential sync issue    
2026-08-07T04:39:05.599924Z  WARN ThreadId(20) hotstuff_runner::app: Node 1 [produce_block] queue size: 2, attempting up to 2 transactions this block    
2026-08-07T04:39:05.600116Z  WARN ThreadId(20) hotstuff_runner::app: Node 1 view(7448) far exceeds block count (1861); potential sync issue    
2026-08-07T04:39:05.718298Z  WARN ThreadId(20) hotstuff_runner::app: Node 1 [produce_block] queue size: 2, attempting up to 2 transactions this block    
2026-08-07T04:39:05.720914Z  WARN ThreadId(20) hotstuff_runner::app: Node 1 view(7452) far exceeds block count (1862); potential sync issue    
2026-08-07T04:39:05.827315Z  WARN ThreadId(20) hotstuff_runner::app: Node 1 [produce_block] queue size: 2, attempting up to 2 transactions this block    
2026-08-07T04:39:05.827479Z  WARN ThreadId(20) hotstuff_runner::app: Node 1 view(7456) far exceeds block count (1863); potential sync issue    
2026-08-07T04:39:05.968726Z  WARN ThreadId(05) docker_node: Low processing efficiency: 0.0% - system may need tuning
2026-08-07T04:39:05.972237Z  WARN ThreadId(05) docker_node:   Connection reuse ineffective (2.0 msg/conn)
2026-08-07T04:39:05.968738Z  WARN ThreadId(20) hotstuff_runner::app: Node 1 [produce_block] queue size: 0, attempting up to 0 transactions this block    
2026-08-07T04:39:05.972718Z  WARN ThreadId(20) hotstuff_runner::app: Node 1 view(7460) far exceeds block count (1864); potential sync issue    
2026-08-07T04:39:06.127405Z  WARN ThreadId(20) hotstuff_runner::app: Node 1 [produce_block] queue size: 2, attempting up to 2 transactions this block    
2026-08-07T04:39:06.127831Z  WARN ThreadId(20) hotstuff_runner::app: Node 1 view(7464) far exceeds block count (1865); potential sync issue    
2026-08-07T04:39:06.311472Z  WARN ThreadId(20) hotstuff_runner::app: Node 1 [produce_block] queue size: 2, attempting up to 2 transactions this block    
2026-08-07T04:39:06.313517Z  WARN ThreadId(20) hotstuff_runner::app: Node 1 view(7468) far exceeds block count (1866); potential sync issue    
2026-08-07T04:39:06.480695Z  WARN ThreadId(20) hotstuff_runner::app: Node 1 [produce_block] queue size: 2, attempting up to 2 transactions this block    
2026-08-07T04:39:06.480908Z  WARN ThreadId(20) hotstuff_runner::app: Node 1 view(7472) far exceeds block count (1867); potential sync issue    
2026-08-07T04:39:06.596577Z  WARN ThreadId(20) hotstuff_runner::app: Node 1 [produce_block] queue size: 0, attempting up to 0 transactions this block    
2026-08-07T04:39:06.596981Z  WARN ThreadId(20) hotstuff_runner::app: Node 1 view(7476) far exceeds block count (1868); potential sync issue    
2026-08-07T04:39:06.744183Z  WARN ThreadId(20) hotstuff_runner::app: Node 1 [produce_block] queue size: 2, attempting up to 2 transactions this block    
2026-08-07T04:39:06.744375Z  WARN ThreadId(20) hotstuff_runner::app: Node 1 view(7480) far exceeds block count (1869); potential sync issue    
2026-08-07T04:39:06.888033Z  WARN ThreadId(20) hotstuff_runner::app: Node 1 [produce_block] queue size: 0, attempting up to 0 transactions this block    
2026-08-07T04:39:06.890209Z  WARN ThreadId(20) hotstuff_runner::app: Node 1 view(7484) far exceeds block count (1870); potential sync issue    
2026-08-07T04:39:07.151935Z  WARN ThreadId(20) hotstuff_runner::app: Node 1 [produce_block] queue size: 4, attempting up to 4 transactions this block    
2026-08-07T04:39:07.153274Z  WARN ThreadId(20) hotstuff_runner::app: Node 1 view(7488) far exceeds block count (1871); potential sync issue    
2026-08-07T04:39:07.347366Z  WARN ThreadId(20) hotstuff_runner::app: Node 1 [produce_block] queue size: 2, attempting up to 2 transactions this block    
2026-08-07T04:39:07.348534Z  WARN ThreadId(20) hotstuff_runner::app: Node 1 view(7492) far exceeds block count (1872); potential sync issue    
2026-08-07T04:39:07.514745Z  WARN ThreadId(20) hotstuff_runner::app: Node 1 [produce_block] queue size: 2, attempting up to 2 transactions this block    
2026-08-07T04:39:07.520023Z  WARN ThreadId(20) hotstuff_runner::app: Node 1 view(7496) far exceeds block count (1873); potential sync issue    
2026-08-07T04:39:07.627713Z  WARN ThreadId(20) hotstuff_runner::app: Node 1 [produce_block] queue size: 0, attempting up to 0 transactions this block    
2026-08-07T04:39:07.628229Z  WARN ThreadId(20) hotstuff_runner::app: Node 1 view(7500) far exceeds block count (1874); potential sync issue    
2026-08-07T04:39:07.788884Z  WARN ThreadId(20) hotstuff_runner::app: Node 1 [produce_block] queue size: 2, attempting up to 2 transactions this block    
2026-08-07T04:39:07.790629Z  WARN ThreadId(20) hotstuff_runner::app: Node 1 view(7504) far exceeds block count (1875); potential sync issue    
2026-08-07T04:39:07.923130Z  WARN ThreadId(20) hotstuff_runner::app: Node 1 [produce_block] queue size: 2, attempting up to 2 transactions this block    
2026-08-07T04:39:07.926473Z  WARN ThreadId(20) hotstuff_runner::app: Node 1 view(7508) far exceeds block count (1876); potential sync issue    
2026-08-07T04:39:08.056315Z  WARN ThreadId(20) hotstuff_runner::app: Node 1 [produce_block] queue size: 0, attempting up to 0 transactions this block    
2026-08-07T04:39:08.061192Z  WARN ThreadId(20) hotstuff_runner::app: Node 1 view(7512) far exceeds block count (1877); potential sync issue    
2026-08-07T04:39:08.273752Z  WARN ThreadId(20) hotstuff_runner::app: Node 1 [produce_block] queue size: 2, attempting up to 2 transactions this block    
2026-08-07T04:39:08.273932Z  WARN ThreadId(20) hotstuff_runner::app: Node 1 view(7516) far exceeds block count (1878); potential sync issue    
2026-08-07T04:39:08.420186Z  WARN ThreadId(20) hotstuff_runner::app: Node 1 [produce_block] queue size: 2, attempting up to 2 transactions this block    
2026-08-07T04:39:08.425482Z  WARN ThreadId(20) hotstuff_runner::app: Node 1 view(7520) far exceeds block count (1879); potential sync issue    
2026-08-07T04:39:08.613086Z  WARN ThreadId(20) hotstuff_runner::app: Node 1 [produce_block] queue size: 2, attempting up to 2 transactions this block    
2026-08-07T04:39:08.614578Z  WARN ThreadId(20) hotstuff_runner::app: Node 1 view(7524) far exceeds block count (1880); potential sync issue    
2026-08-07T04:39:08.699449Z  WARN ThreadId(20) hotstuff_runner::app: Node 1 [produce_block] queue size: 0, attempting up to 0 transactions this block    
2026-08-07T04:39:08.699562Z  WARN ThreadId(20) hotstuff_runner::app: Node 1 view(7528) far exceeds block count (1881); potential sync issue    
2026-08-07T04:39:08.782083Z  WARN ThreadId(20) hotstuff_runner::app: Node 1 [produce_block] queue size: 0, attempting up to 0 transactions this block    
2026-08-07T04:39:08.783256Z  WARN ThreadId(20) hotstuff_runner::app: Node 1 view(7532) far exceeds block count (1882); potential sync issue    
2026-08-07T04:39:08.983608Z  WARN ThreadId(20) hotstuff_runner::app: Node 1 [produce_block] queue size: 4, attempting up to 4 transactions this block    
2026-08-07T04:39:08.983798Z  WARN ThreadId(20) hotstuff_runner::app: Node 1 view(7536) far exceeds block count (1883); potential sync issue    
2026-08-07T04:39:09.179678Z  WARN ThreadId(20) hotstuff_runner::app: Node 1 [produce_block] queue size: 2, attempting up to 2 transactions this block    
2026-08-07T04:39:09.180591Z  WARN ThreadId(20) hotstuff_runner::app: Node 1 view(7540) far exceeds block count (1884); potential sync issue    
2026-08-07T04:39:09.300891Z  WARN ThreadId(20) hotstuff_runner::app: Node 1 [produce_block] queue size: 0, attempting up to 0 transactions this block    
2026-08-07T04:39:09.305138Z  WARN ThreadId(20) hotstuff_runner::app: Node 1 view(7544) far exceeds block count (1885); potential sync issue    
2026-08-07T04:39:09.407452Z  WARN ThreadId(20) hotstuff_runner::app: Node 1 [produce_block] queue size: 2, attempting up to 2 transactions this block    
2026-08-07T04:39:09.409463Z  WARN ThreadId(20) hotstuff_runner::app: Node 1 view(7548) far exceeds block count (1886); potential sync issue    
2026-08-07T04:39:09.521936Z  WARN ThreadId(20) hotstuff_runner::app: Node 1 [produce_block] queue size: 0, attempting up to 0 transactions this block    
2026-08-07T04:39:09.522529Z  WARN ThreadId(20) hotstuff_runner::app: Node 1 view(7552) far exceeds block count (1887); potential sync issue    
2026-08-07T04:39:09.622447Z  WARN ThreadId(20) hotstuff_runner::app: Node 1 [produce_block] queue size: 2, attempting up to 2 transactions this block    
2026-08-07T04:39:09.622715Z  WARN ThreadId(20) hotstuff_runner::app: Node 1 view(7556) far exceeds block count (1888); potential sync issue    
2026-08-07T04:39:09.774609Z  WARN ThreadId(26) hotstuff_runner::smrol::network: ⚠️ [Check] Writer 1 -> 0 slow write: 11.145875ms
2026-08-07T04:39:09.799139Z  WARN ThreadId(20) hotstuff_runner::app: Node 1 [produce_block] queue size: 2, attempting up to 2 transactions this block    
2026-08-07T04:39:09.799271Z  WARN ThreadId(20) hotstuff_runner::app: Node 1 view(7560) far exceeds block count (1889); potential sync issue    
2026-08-07T04:39:09.901243Z  WARN ThreadId(20) hotstuff_runner::app: Node 1 [produce_block] queue size: 0, attempting up to 0 transactions this block    
2026-08-07T04:39:09.902216Z  WARN ThreadId(20) hotstuff_runner::app: Node 1 view(7564) far exceeds block count (1890); potential sync issue    
2026-08-07T04:39:10.012440Z  WARN ThreadId(20) hotstuff_runner::app: Node 1 [produce_block] queue size: 2, attempting up to 2 transactions this block    
2026-08-07T04:39:10.013603Z  WARN ThreadId(20) hotstuff_runner::app: Node 1 view(7568) far exceeds block count (1891); potential sync issue    
2026-08-07T04:39:10.108689Z  WARN ThreadId(20) hotstuff_runner::app: Node 1 [produce_block] queue size: 0, attempting up to 0 transactions this block    
2026-08-07T04:39:10.109151Z  WARN ThreadId(20) hotstuff_runner::app: Node 1 view(7572) far exceeds block count (1892); potential sync issue    
2026-08-07T04:39:10.201791Z  WARN ThreadId(26) hotstuff_runner::smrol::network: ⚠️ [Check] Writer 1 -> 0 slow write: 8.191667ms
2026-08-07T04:39:10.246512Z  WARN ThreadId(20) hotstuff_runner::app: Node 1 [produce_block] queue size: 2, attempting up to 2 transactions this block    
2026-08-07T04:39:10.246867Z  WARN ThreadId(20) hotstuff_runner::app: Node 1 view(7576) far exceeds block count (1893); potential sync issue    
2026-08-07T04:39:10.374026Z  WARN ThreadId(20) hotstuff_runner::app: Node 1 [produce_block] queue size: 0, attempting up to 0 transactions this block    
2026-08-07T04:39:10.374190Z  WARN ThreadId(20) hotstuff_runner::app: Node 1 view(7580) far exceeds block count (1894); potential sync issue    
2026-08-07T04:39:10.375473Z  WARN ThreadId(25) hotstuff_runner::smrol::network: ⚠️ [Check] Writer 1 -> 3 slow write: 7.048125ms
2026-08-07T04:39:10.527811Z  WARN ThreadId(20) hotstuff_runner::app: Node 1 [produce_block] queue size: 2, attempting up to 2 transactions this block    
2026-08-07T04:39:10.528636Z  WARN ThreadId(20) hotstuff_runner::app: Node 1 view(7584) far exceeds block count (1895); potential sync issue    
2026-08-07T04:39:10.692169Z  WARN ThreadId(20) hotstuff_runner::app: Node 1 [produce_block] queue size: 2, attempting up to 2 transactions this block    
2026-08-07T04:39:10.693644Z  WARN ThreadId(20) hotstuff_runner::app: Node 1 view(7588) far exceeds block count (1896); potential sync issue    
2026-08-07T04:39:10.874346Z  WARN ThreadId(20) hotstuff_runner::app: Node 1 [produce_block] queue size: 2, attempting up to 2 transactions this block    
2026-08-07T04:39:10.874773Z  WARN ThreadId(20) hotstuff_runner::app: Node 1 view(7592) far exceeds block count (1897); potential sync issue    
2026-08-07T04:39:10.968571Z  WARN ThreadId(05) docker_node: Low processing efficiency: 0.0% - system may need tuning
2026-08-07T04:39:10.968847Z  WARN ThreadId(05) docker_node:   Connection reuse ineffective (2.0 msg/conn)
2026-08-07T04:39:11.154692Z  WARN ThreadId(20) hotstuff_runner::app: Node 1 [produce_block] queue size: 0, attempting up to 0 transactions this block    
2026-08-07T04:39:11.154879Z  WARN ThreadId(20) hotstuff_runner::app: Node 1 view(7596) far exceeds block count (1898); potential sync issue    
2026-08-07T04:39:11.294844Z  WARN ThreadId(20) hotstuff_runner::app: Node 1 [produce_block] queue size: 0, attempting up to 0 transactions this block    
2026-08-07T04:39:11.295065Z  WARN ThreadId(20) hotstuff_runner::app: Node 1 view(7600) far exceeds block count (1899); potential sync issue    
2026-08-07T04:39:11.410413Z  WARN ThreadId(20) hotstuff_runner::app: Node 1 [produce_block] queue size: 0, attempting up to 0 transactions this block    
2026-08-07T04:39:11.418999Z  WARN ThreadId(20) hotstuff_runner::app: Node 1 view(7604) far exceeds block count (1900); potential sync issue    
2026-08-07T04:39:11.658443Z  WARN ThreadId(20) hotstuff_runner::app: Node 1 [produce_block] queue size: 0, attempting up to 0 transactions this block    
2026-08-07T04:39:11.659409Z  WARN ThreadId(20) hotstuff_runner::app: Node 1 view(7608) far exceeds block count (1901); potential sync issue    
2026-08-07T04:39:11.739457Z  WARN ThreadId(20) hotstuff_runner::app: Node 1 [produce_block] queue size: 0, attempting up to 0 transactions this block    
2026-08-07T04:39:11.739572Z  WARN ThreadId(20) hotstuff_runner::app: Node 1 view(7612) far exceeds block count (1902); potential sync issue    
2026-08-07T04:39:11.906236Z  WARN ThreadId(20) hotstuff_runner::app: Node 1 [produce_block] queue size: 0, attempting up to 0 transactions this block    
2026-08-07T04:39:11.906445Z  WARN ThreadId(20) hotstuff_runner::app: Node 1 view(7616) far exceeds block count (1903); potential sync issue    
2026-08-07T04:39:12.026443Z  WARN ThreadId(20) hotstuff_runner::app: Node 1 [produce_block] queue size: 0, attempting up to 0 transactions this block    
2026-08-07T04:39:12.027112Z  WARN ThreadId(20) hotstuff_runner::app: Node 1 view(7620) far exceeds block count (1904); potential sync issue    
2026-08-07T04:39:12.102439Z  WARN ThreadId(20) hotstuff_runner::app: Node 1 [produce_block] queue size: 0, attempting up to 0 transactions this block    
2026-08-07T04:39:12.102994Z  WARN ThreadId(20) hotstuff_runner::app: Node 1 view(7624) far exceeds block count (1905); potential sync issue    
2026-08-07T04:39:12.231842Z  WARN ThreadId(20) hotstuff_runner::app: Node 1 [produce_block] queue size: 0, attempting up to 0 transactions this block    
2026-08-07T04:39:12.235368Z  WARN ThreadId(20) hotstuff_runner::app: Node 1 view(7628) far exceeds block count (1906); potential sync issue    
2026-08-07T04:39:12.345209Z  WARN ThreadId(20) hotstuff_runner::app: Node 1 [produce_block] queue size: 0, attempting up to 0 transactions this block    
2026-08-07T04:39:12.345883Z  WARN ThreadId(20) hotstuff_runner::app: Node 1 view(7632) far exceeds block count (1907); potential sync issue    
2026-08-07T04:39:12.516675Z  WARN ThreadId(20) hotstuff_runner::app: Node 1 [produce_block] queue size: 0, attempting up to 0 transactions this block    
2026-08-07T04:39:12.517572Z  WARN ThreadId(20) hotstuff_runner::app: Node 1 view(7636) far exceeds block count (1908); potential sync issue    
2026-08-07T04:39:12.657493Z  WARN ThreadId(20) hotstuff_runner::app: Node 1 [produce_block] queue size: 0, attempting up to 0 transactions this block    
2026-08-07T04:39:12.657827Z  WARN ThreadId(20) hotstuff_runner::app: Node 1 view(7640) far exceeds block count (1909); potential sync issue    
2026-08-07T04:39:12.779723Z  WARN ThreadId(20) hotstuff_runner::app: Node 1 [produce_block] queue size: 0, attempting up to 0 transactions this block    
2026-08-07T04:39:12.780482Z  WARN ThreadId(20) hotstuff_runner::app: Node 1 view(7644) far exceeds block count (1910); potential sync issue    
2026-08-07T04:39:12.933704Z  WARN ThreadId(20) hotstuff_runner::app: Node 1 [produce_block] queue size: 0, attempting up to 0 transactions this block    
2026-08-07T04:39:12.934195Z  WARN ThreadId(20) hotstuff_runner::app: Node 1 view(7648) far exceeds block count (1911); potential sync issue    
2026-08-07T04:39:13.116516Z  WARN ThreadId(20) hotstuff_runner::app: Node 1 [produce_block] queue size: 0, attempting up to 0 transactions this block    
2026-08-07T04:39:13.116733Z  WARN ThreadId(20) hotstuff_runner::app: Node 1 view(7652) far exceeds block count (1912); potential sync issue    
2026-08-07T04:39:13.276621Z  WARN ThreadId(20) hotstuff_runner::app: Node 1 [produce_block] queue size: 0, attempting up to 0 transactions this block    
2026-08-07T04:39:13.276938Z  WARN ThreadId(20) hotstuff_runner::app: Node 1 view(7656) far exceeds block count (1913); potential sync issue    
2026-08-07T04:39:13.353009Z  WARN ThreadId(20) hotstuff_runner::app: Node 1 [produce_block] queue size: 0, attempting up to 0 transactions this block    
2026-08-07T04:39:13.360375Z  WARN ThreadId(20) hotstuff_runner::app: Node 1 view(7660) far exceeds block count (1914); potential sync issue    
2026-08-07T04:39:13.499359Z  WARN ThreadId(20) hotstuff_runner::app: Node 1 [produce_block] queue size: 0, attempting up to 0 transactions this block    
2026-08-07T04:39:13.500472Z  WARN ThreadId(20) hotstuff_runner::app: Node 1 view(7664) far exceeds block count (1915); potential sync issue    
2026-08-07T04:39:13.641947Z  WARN ThreadId(20) hotstuff_runner::app: Node 1 [produce_block] queue size: 0, attempting up to 0 transactions this block    
2026-08-07T04:39:13.647550Z  WARN ThreadId(20) hotstuff_runner::app: Node 1 view(7668) far exceeds block count (1916); potential sync issue    
2026-08-07T04:39:13.784719Z  WARN ThreadId(20) hotstuff_runner::app: Node 1 [produce_block] queue size: 0, attempting up to 0 transactions this block    
2026-08-07T04:39:13.785256Z  WARN ThreadId(20) hotstuff_runner::app: Node 1 view(7672) far exceeds block count (1917); potential sync issue    
2026-08-07T04:39:13.918730Z  WARN ThreadId(20) hotstuff_runner::app: Node 1 [produce_block] queue size: 0, attempting up to 0 transactions this block    
2026-08-07T04:39:13.931752Z  WARN ThreadId(20) hotstuff_runner::app: Node 1 view(7676) far exceeds block count (1918); potential sync issue    
2026-08-07T04:39:14.013683Z  WARN ThreadId(20) hotstuff_runner::app: Node 1 [produce_block] queue size: 0, attempting up to 0 transactions this block    
2026-08-07T04:39:14.014882Z  WARN ThreadId(20) hotstuff_runner::app: Node 1 view(7680) far exceeds block count (1919); potential sync issue    
2026-08-07T04:39:14.174178Z  WARN ThreadId(20) hotstuff_runner::app: Node 1 [produce_block] queue size: 0, attempting up to 0 transactions this block    
2026-08-07T04:39:14.180482Z  WARN ThreadId(20) hotstuff_runner::app: Node 1 view(7684) far exceeds block count (1920); potential sync issue    
2026-08-07T04:39:14.372088Z  WARN ThreadId(20) hotstuff_runner::app: Node 1 [produce_block] queue size: 0, attempting up to 0 transactions this block    
2026-08-07T04:39:14.375406Z  WARN ThreadId(20) hotstuff_runner::app: Node 1 view(7688) far exceeds block count (1921); potential sync issue    
2026-08-07T04:39:14.625236Z  WARN ThreadId(20) hotstuff_runner::app: Node 1 [produce_block] queue size: 0, attempting up to 0 transactions this block    
2026-08-07T04:39:14.628472Z  WARN ThreadId(20) hotstuff_runner::app: Node 1 view(7692) far exceeds block count (1922); potential sync issue    
2026-08-07T04:39:14.746027Z  WARN ThreadId(20) hotstuff_runner::app: Node 1 [produce_block] queue size: 0, attempting up to 0 transactions this block    
2026-08-07T04:39:14.747145Z  WARN ThreadId(20) hotstuff_runner::app: Node 1 view(7696) far exceeds block count (1923); potential sync issue    
2026-08-07T04:39:14.867784Z  WARN ThreadId(20) hotstuff_runner::app: Node 1 [produce_block] queue size: 0, attempting up to 0 transactions this block    
2026-08-07T04:39:14.870127Z  WARN ThreadId(20) hotstuff_runner::app: Node 1 view(7700) far exceeds block count (1924); potential sync issue    
2026-08-07T04:39:15.092098Z  WARN ThreadId(20) hotstuff_runner::app: Node 1 [produce_block] queue size: 0, attempting up to 0 transactions this block    
2026-08-07T04:39:15.093453Z  WARN ThreadId(20) hotstuff_runner::app: Node 1 view(7704) far exceeds block count (1925); potential sync issue    
2026-08-07T04:39:15.192493Z  WARN ThreadId(20) hotstuff_runner::app: Node 1 [produce_block] queue size: 0, attempting up to 0 transactions this block    
2026-08-07T04:39:15.196466Z  WARN ThreadId(20) hotstuff_runner::app: Node 1 view(7708) far exceeds block count (1926); potential sync issue    
2026-08-07T04:39:15.283344Z  WARN ThreadId(20) hotstuff_runner::app: Node 1 [produce_block] queue size: 0, attempting up to 0 transactions this block    
2026-08-07T04:39:15.292495Z  WARN ThreadId(20) hotstuff_runner::app: Node 1 view(7712) far exceeds block count (1927); potential sync issue    
2026-08-07T04:39:15.388252Z  WARN ThreadId(20) hotstuff_runner::app: Node 1 [produce_block] queue size: 0, attempting up to 0 transactions this block    
2026-08-07T04:39:15.391455Z  WARN ThreadId(20) hotstuff_runner::app: Node 1 view(7716) far exceeds block count (1928); potential sync issue    
2026-08-07T04:39:15.527045Z  WARN ThreadId(20) hotstuff_runner::app: Node 1 [produce_block] queue size: 0, attempting up to 0 transactions this block    
2026-08-07T04:39:15.533482Z  WARN ThreadId(20) hotstuff_runner::app: Node 1 view(7720) far exceeds block count (1929); potential sync issue    
2026-08-07T04:39:15.647697Z  WARN ThreadId(20) hotstuff_runner::app: Node 1 [produce_block] queue size: 0, attempting up to 0 transactions this block    
2026-08-07T04:39:15.649194Z  WARN ThreadId(20) hotstuff_runner::app: Node 1 view(7724) far exceeds block count (1930); potential sync issue    
2026-08-07T04:39:15.866690Z  WARN ThreadId(20) hotstuff_runner::app: Node 1 [produce_block] queue size: 0, attempting up to 0 transactions this block    
2026-08-07T04:39:15.867305Z  WARN ThreadId(20) hotstuff_runner::app: Node 1 view(7728) far exceeds block count (1931); potential sync issue    
2026-08-07T04:39:15.968892Z  WARN ThreadId(20) hotstuff_runner::app: Node 1 [produce_block] queue size: 0, attempting up to 0 transactions this block    
2026-08-07T04:39:15.969004Z  WARN ThreadId(20) hotstuff_runner::app: Node 1 view(7732) far exceeds block count (1932); potential sync issue    
2026-08-07T04:39:15.970780Z  WARN ThreadId(05) docker_node: Low processing efficiency: 0.0% - system may need tuning
2026-08-07T04:39:15.971710Z  WARN ThreadId(05) docker_node:   Connection reuse ineffective (2.0 msg/conn)
2026-08-07T04:39:16.301773Z  WARN ThreadId(20) hotstuff_runner::app: Node 1 [produce_block] queue size: 0, attempting up to 0 transactions this block    
2026-08-07T04:39:16.304090Z  WARN ThreadId(20) hotstuff_runner::app: Node 1 view(7736) far exceeds block count (1933); potential sync issue    
2026-08-07T04:39:16.460993Z  WARN ThreadId(20) hotstuff_runner::app: Node 1 [produce_block] queue size: 0, attempting up to 0 transactions this block    
2026-08-07T04:39:16.569401Z  WARN ThreadId(20) hotstuff_runner::app: Node 1 view(7740) far exceeds block count (1934); potential sync issue    
2026-08-07T04:39:16.750710Z  WARN ThreadId(20) hotstuff_runner::app: Node 1 [produce_block] queue size: 0, attempting up to 0 transactions this block    
2026-08-07T04:39:16.750937Z  WARN ThreadId(20) hotstuff_runner::app: Node 1 view(7744) far exceeds block count (1935); potential sync issue    
2026-08-07T04:39:16.867764Z  WARN ThreadId(20) hotstuff_runner::app: Node 1 [produce_block] queue size: 0, attempting up to 0 transactions this block    
2026-08-07T04:39:16.868767Z  WARN ThreadId(20) hotstuff_runner::app: Node 1 view(7748) far exceeds block count (1936); potential sync issue    
2026-08-07T04:39:17.031769Z  WARN ThreadId(20) hotstuff_runner::app: Node 1 [produce_block] queue size: 0, attempting up to 0 transactions this block    
2026-08-07T04:39:17.032086Z  WARN ThreadId(20) hotstuff_runner::app: Node 1 view(7752) far exceeds block count (1937); potential sync issue    
2026-08-07T04:39:17.092978Z  WARN ThreadId(20) hotstuff_runner::app: Node 1 [produce_block] queue size: 0, attempting up to 0 transactions this block    
2026-08-07T04:39:17.093159Z  WARN ThreadId(20) hotstuff_runner::app: Node 1 view(7756) far exceeds block count (1938); potential sync issue    
2026-08-07T04:39:17.178134Z  WARN ThreadId(20) hotstuff_runner::app: Node 1 [produce_block] queue size: 0, attempting up to 0 transactions this block    
2026-08-07T04:39:17.180188Z  WARN ThreadId(20) hotstuff_runner::app: Node 1 view(7760) far exceeds block count (1939); potential sync issue    
2026-08-07T04:39:17.323036Z  WARN ThreadId(20) hotstuff_runner::app: Node 1 [produce_block] queue size: 0, attempting up to 0 transactions this block    
2026-08-07T04:39:17.324216Z  WARN ThreadId(20) hotstuff_runner::app: Node 1 view(7764) far exceeds block count (1940); potential sync issue    
2026-08-07T04:39:17.468536Z  WARN ThreadId(20) hotstuff_runner::app: Node 1 [produce_block] queue size: 0, attempting up to 0 transactions this block    
2026-08-07T04:39:17.468623Z  WARN ThreadId(20) hotstuff_runner::app: Node 1 view(7768) far exceeds block count (1941); potential sync issue    
2026-08-07T04:39:17.612243Z  WARN ThreadId(20) hotstuff_runner::app: Node 1 [produce_block] queue size: 0, attempting up to 0 transactions this block    
2026-08-07T04:39:17.619793Z  WARN ThreadId(20) hotstuff_runner::app: Node 1 view(7772) far exceeds block count (1942); potential sync issue    
2026-08-07T04:39:17.737718Z  WARN ThreadId(20) hotstuff_runner::app: Node 1 [produce_block] queue size: 0, attempting up to 0 transactions this block    
2026-08-07T04:39:17.737895Z  WARN ThreadId(20) hotstuff_runner::app: Node 1 view(7776) far exceeds block count (1943); potential sync issue    
2026-08-07T04:39:17.842540Z  WARN ThreadId(20) hotstuff_runner::app: Node 1 [produce_block] queue size: 0, attempting up to 0 transactions this block    
2026-08-07T04:39:17.860066Z  WARN ThreadId(20) hotstuff_runner::app: Node 1 view(7780) far exceeds block count (1944); potential sync issue    
2026-08-07T04:39:18.082421Z  WARN ThreadId(20) hotstuff_runner::app: Node 1 [produce_block] queue size: 0, attempting up to 0 transactions this block    
2026-08-07T04:39:18.082994Z  WARN ThreadId(20) hotstuff_runner::app: Node 1 view(7784) far exceeds block count (1945); potential sync issue    
2026-08-07T04:39:18.226601Z  WARN ThreadId(20) hotstuff_runner::app: Node 1 [produce_block] queue size: 0, attempting up to 0 transactions this block    
2026-08-07T04:39:18.227903Z  WARN ThreadId(20) hotstuff_runner::app: Node 1 view(7788) far exceeds block count (1946); potential sync issue    
2026-08-07T04:39:18.341148Z  WARN ThreadId(20) hotstuff_runner::app: Node 1 [produce_block] queue size: 0, attempting up to 0 transactions this block    
2026-08-07T04:39:18.343800Z  WARN ThreadId(20) hotstuff_runner::app: Node 1 view(7792) far exceeds block count (1947); potential sync issue    
2026-08-07T04:39:18.436130Z  WARN ThreadId(20) hotstuff_runner::app: Node 1 [produce_block] queue size: 0, attempting up to 0 transactions this block    
2026-08-07T04:39:18.436250Z  WARN ThreadId(20) hotstuff_runner::app: Node 1 view(7796) far exceeds block count (1948); potential sync issue    
2026-08-07T04:39:18.557442Z  WARN ThreadId(20) hotstuff_runner::app: Node 1 [produce_block] queue size: 0, attempting up to 0 transactions this block    
2026-08-07T04:39:18.557624Z  WARN ThreadId(20) hotstuff_runner::app: Node 1 view(7800) far exceeds block count (1949); potential sync issue    
2026-08-07T04:39:18.655528Z  WARN ThreadId(20) hotstuff_runner::app: Node 1 [produce_block] queue size: 0, attempting up to 0 transactions this block    
2026-08-07T04:39:18.656558Z  WARN ThreadId(20) hotstuff_runner::app: Node 1 view(7804) far exceeds block count (1950); potential sync issue    
2026-08-07T04:39:18.828527Z  WARN ThreadId(20) hotstuff_runner::app: Node 1 [produce_block] queue size: 0, attempting up to 0 transactions this block    
2026-08-07T04:39:18.829019Z  WARN ThreadId(20) hotstuff_runner::app: Node 1 view(7808) far exceeds block count (1951); potential sync issue    
2026-08-07T04:39:19.078175Z  WARN ThreadId(20) hotstuff_runner::app: Node 1 [produce_block] queue size: 0, attempting up to 0 transactions this block    
2026-08-07T04:39:19.081927Z  WARN ThreadId(20) hotstuff_runner::app: Node 1 view(7812) far exceeds block count (1952); potential sync issue    
2026-08-07T04:39:19.203109Z  WARN ThreadId(20) hotstuff_runner::app: Node 1 [produce_block] queue size: 0, attempting up to 0 transactions this block    
2026-08-07T04:39:19.207637Z  WARN ThreadId(20) hotstuff_runner::app: Node 1 view(7816) far exceeds block count (1953); potential sync issue    
2026-08-07T04:39:19.400201Z  WARN ThreadId(20) hotstuff_runner::app: Node 1 [produce_block] queue size: 0, attempting up to 0 transactions this block    
2026-08-07T04:39:19.400584Z  WARN ThreadId(20) hotstuff_runner::app: Node 1 view(7820) far exceeds block count (1954); potential sync issue    
2026-08-07T04:39:19.571468Z  WARN ThreadId(20) hotstuff_runner::app: Node 1 [produce_block] queue size: 0, attempting up to 0 transactions this block    
2026-08-07T04:39:19.571635Z  WARN ThreadId(20) hotstuff_runner::app: Node 1 view(7824) far exceeds block count (1955); potential sync issue    
2026-08-07T04:39:19.672213Z  WARN ThreadId(20) hotstuff_runner::app: Node 1 [produce_block] queue size: 0, attempting up to 0 transactions this block    
2026-08-07T04:39:19.672743Z  WARN ThreadId(20) hotstuff_runner::app: Node 1 view(7828) far exceeds block count (1956); potential sync issue    
2026-08-07T04:39:19.790196Z  WARN ThreadId(20) hotstuff_runner::app: Node 1 [produce_block] queue size: 0, attempting up to 0 transactions this block    
2026-08-07T04:39:19.793495Z  WARN ThreadId(20) hotstuff_runner::app: Node 1 view(7832) far exceeds block count (1957); potential sync issue    
2026-08-07T04:39:19.939660Z  WARN ThreadId(20) hotstuff_runner::app: Node 1 [produce_block] queue size: 0, attempting up to 0 transactions this block    
2026-08-07T04:39:19.944833Z  WARN ThreadId(20) hotstuff_runner::app: Node 1 view(7836) far exceeds block count (1958); potential sync issue    
2026-08-07T04:39:20.250331Z  WARN ThreadId(20) hotstuff_runner::app: Node 1 [produce_block] queue size: 0, attempting up to 0 transactions this block    
2026-08-07T04:39:20.260221Z  WARN ThreadId(20) hotstuff_runner::app: Node 1 view(7840) far exceeds block count (1959); potential sync issue    
2026-08-07T04:39:20.347123Z  WARN ThreadId(20) hotstuff_runner::app: Node 1 [produce_block] queue size: 0, attempting up to 0 transactions this block    
2026-08-07T04:39:20.347636Z  WARN ThreadId(20) hotstuff_runner::app: Node 1 view(7844) far exceeds block count (1960); potential sync issue    
2026-08-07T04:39:20.510400Z  WARN ThreadId(20) hotstuff_runner::app: Node 1 [produce_block] queue size: 0, attempting up to 0 transactions this block    
2026-08-07T04:39:20.515989Z  WARN ThreadId(20) hotstuff_runner::app: Node 1 view(7848) far exceeds block count (1961); potential sync issue    
2026-08-07T04:39:20.666649Z  WARN ThreadId(20) hotstuff_runner::app: Node 1 [produce_block] queue size: 0, attempting up to 0 transactions this block    
2026-08-07T04:39:20.666813Z  WARN ThreadId(20) hotstuff_runner::app: Node 1 view(7852) far exceeds block count (1962); potential sync issue    
2026-08-07T04:39:20.892476Z  WARN ThreadId(20) hotstuff_runner::app: Node 1 [produce_block] queue size: 0, attempting up to 0 transactions this block    
2026-08-07T04:39:20.892765Z  WARN ThreadId(20) hotstuff_runner::app: Node 1 view(7856) far exceeds block count (1963); potential sync issue    
2026-08-07T04:39:20.967484Z  WARN ThreadId(05) docker_node: Low processing efficiency: 0.0% - system may need tuning
2026-08-07T04:39:20.968102Z  WARN ThreadId(05) docker_node:   Connection reuse ineffective (2.0 msg/conn)
2026-08-07T04:39:21.043684Z  WARN ThreadId(20) hotstuff_runner::app: Node 1 [produce_block] queue size: 0, attempting up to 0 transactions this block    
2026-08-07T04:39:21.045193Z  WARN ThreadId(20) hotstuff_runner::app: Node 1 view(7860) far exceeds block count (1964); potential sync issue    
2026-08-07T04:39:21.212263Z  WARN ThreadId(20) hotstuff_runner::app: Node 1 [produce_block] queue size: 0, attempting up to 0 transactions this block    
2026-08-07T04:39:21.214683Z  WARN ThreadId(20) hotstuff_runner::app: Node 1 view(7864) far exceeds block count (1965); potential sync issue    
2026-08-07T04:39:21.323544Z  WARN ThreadId(20) hotstuff_runner::app: Node 1 [produce_block] queue size: 0, attempting up to 0 transactions this block    
2026-08-07T04:39:21.324729Z  WARN ThreadId(20) hotstuff_runner::app: Node 1 view(7868) far exceeds block count (1966); potential sync issue    
2026-08-07T04:39:21.504309Z  WARN ThreadId(20) hotstuff_runner::app: Node 1 [produce_block] queue size: 0, attempting up to 0 transactions this block    
2026-08-07T04:39:21.504795Z  WARN ThreadId(20) hotstuff_runner::app: Node 1 view(7872) far exceeds block count (1967); potential sync issue    
2026-08-07T04:39:21.705105Z  WARN ThreadId(20) hotstuff_runner::app: Node 1 [produce_block] queue size: 0, attempting up to 0 transactions this block    
2026-08-07T04:39:21.709045Z  WARN ThreadId(20) hotstuff_runner::app: Node 1 view(7876) far exceeds block count (1968); potential sync issue    
2026-08-07T04:39:21.865152Z  WARN ThreadId(20) hotstuff_runner::app: Node 1 [produce_block] queue size: 0, attempting up to 0 transactions this block    
2026-08-07T04:39:21.867276Z  WARN ThreadId(20) hotstuff_runner::app: Node 1 view(7880) far exceeds block count (1969); potential sync issue    
2026-08-07T04:39:22.018768Z  WARN ThreadId(20) hotstuff_runner::app: Node 1 [produce_block] queue size: 0, attempting up to 0 transactions this block    
2026-08-07T04:39:22.018950Z  WARN ThreadId(20) hotstuff_runner::app: Node 1 view(7884) far exceeds block count (1970); potential sync issue    
2026-08-07T04:39:22.252101Z  WARN ThreadId(20) hotstuff_runner::app: Node 1 [produce_block] queue size: 0, attempting up to 0 transactions this block    
2026-08-07T04:39:22.252917Z  WARN ThreadId(20) hotstuff_runner::app: Node 1 view(7888) far exceeds block count (1971); potential sync issue    
2026-08-07T04:39:22.365178Z  WARN ThreadId(20) hotstuff_runner::app: Node 1 [produce_block] queue size: 0, attempting up to 0 transactions this block    
2026-08-07T04:39:22.365282Z  WARN ThreadId(20) hotstuff_runner::app: Node 1 view(7892) far exceeds block count (1972); potential sync issue    
2026-08-07T04:39:22.495776Z  WARN ThreadId(20) hotstuff_runner::app: Node 1 [produce_block] queue size: 0, attempting up to 0 transactions this block    
2026-08-07T04:39:22.497455Z  WARN ThreadId(20) hotstuff_runner::app: Node 1 view(7896) far exceeds block count (1973); potential sync issue    
2026-08-07T04:39:22.669222Z  WARN ThreadId(20) hotstuff_runner::app: Node 1 [produce_block] queue size: 0, attempting up to 0 transactions this block    
2026-08-07T04:39:22.670860Z  WARN ThreadId(20) hotstuff_runner::app: Node 1 view(7900) far exceeds block count (1974); potential sync issue    
2026-08-07T04:39:22.802008Z  WARN ThreadId(20) hotstuff_runner::app: Node 1 [produce_block] queue size: 0, attempting up to 0 transactions this block    
2026-08-07T04:39:22.809486Z  WARN ThreadId(20) hotstuff_runner::app: Node 1 view(7904) far exceeds block count (1975); potential sync issue    
2026-08-07T04:39:22.946830Z  WARN ThreadId(20) hotstuff_runner::app: Node 1 [produce_block] queue size: 0, attempting up to 0 transactions this block    
2026-08-07T04:39:22.947602Z  WARN ThreadId(20) hotstuff_runner::app: Node 1 view(7908) far exceeds block count (1976); potential sync issue    
2026-08-07T04:39:23.072546Z  WARN ThreadId(20) hotstuff_runner::app: Node 1 [produce_block] queue size: 0, attempting up to 0 transactions this block    
2026-08-07T04:39:23.073819Z  WARN ThreadId(20) hotstuff_runner::app: Node 1 view(7912) far exceeds block count (1977); potential sync issue    
2026-08-07T04:39:23.188896Z  WARN ThreadId(20) hotstuff_runner::app: Node 1 [produce_block] queue size: 0, attempting up to 0 transactions this block    
2026-08-07T04:39:23.197104Z  WARN ThreadId(20) hotstuff_runner::app: Node 1 view(7916) far exceeds block count (1978); potential sync issue    
2026-08-07T04:39:23.285069Z  WARN ThreadId(20) hotstuff_runner::app: Node 1 [produce_block] queue size: 0, attempting up to 0 transactions this block    
2026-08-07T04:39:23.286150Z  WARN ThreadId(20) hotstuff_runner::app: Node 1 view(7920) far exceeds block count (1979); potential sync issue    
2026-08-07T04:39:23.426371Z  WARN ThreadId(20) hotstuff_runner::app: Node 1 [produce_block] queue size: 0, attempting up to 0 transactions this block    
2026-08-07T04:39:23.427150Z  WARN ThreadId(20) hotstuff_runner::app: Node 1 view(7924) far exceeds block count (1980); potential sync issue    
2026-08-07T04:39:23.606397Z  WARN ThreadId(20) hotstuff_runner::app: Node 1 [produce_block] queue size: 0, attempting up to 0 transactions this block    
2026-08-07T04:39:23.607405Z  WARN ThreadId(20) hotstuff_runner::app: Node 1 view(7928) far exceeds block count (1981); potential sync issue    
2026-08-07T04:39:23.864495Z  WARN ThreadId(20) hotstuff_runner::app: Node 1 [produce_block] queue size: 0, attempting up to 0 transactions this block    
2026-08-07T04:39:23.864911Z  WARN ThreadId(20) hotstuff_runner::app: Node 1 view(7932) far exceeds block count (1982); potential sync issue    
2026-08-07T04:39:24.097356Z  WARN ThreadId(20) hotstuff_runner::app: Node 1 [produce_block] queue size: 0, attempting up to 0 transactions this block    
2026-08-07T04:39:24.100323Z  WARN ThreadId(20) hotstuff_runner::app: Node 1 view(7936) far exceeds block count (1983); potential sync issue    
2026-08-07T04:39:24.245452Z  WARN ThreadId(20) hotstuff_runner::app: Node 1 [produce_block] queue size: 0, attempting up to 0 transactions this block    
2026-08-07T04:39:24.245942Z  WARN ThreadId(20) hotstuff_runner::app: Node 1 view(7940) far exceeds block count (1984); potential sync issue    
2026-08-07T04:39:24.304537Z  WARN ThreadId(20) hotstuff_runner::app: Node 1 [produce_block] queue size: 0, attempting up to 0 transactions this block    
2026-08-07T04:39:24.304666Z  WARN ThreadId(20) hotstuff_runner::app: Node 1 view(7944) far exceeds block count (1985); potential sync issue    
2026-08-07T04:39:24.468302Z  WARN ThreadId(20) hotstuff_runner::app: Node 1 [produce_block] queue size: 0, attempting up to 0 transactions this block    
2026-08-07T04:39:24.469620Z  WARN ThreadId(20) hotstuff_runner::app: Node 1 view(7948) far exceeds block count (1986); potential sync issue    
2026-08-07T04:39:24.582451Z  WARN ThreadId(20) hotstuff_runner::app: Node 1 [produce_block] queue size: 0, attempting up to 0 transactions this block    
2026-08-07T04:39:24.582700Z  WARN ThreadId(20) hotstuff_runner::app: Node 1 view(7952) far exceeds block count (1987); potential sync issue    
2026-08-07T04:39:24.713546Z  WARN ThreadId(20) hotstuff_runner::app: Node 1 [produce_block] queue size: 0, attempting up to 0 transactions this block    
2026-08-07T04:39:24.713917Z  WARN ThreadId(20) hotstuff_runner::app: Node 1 view(7956) far exceeds block count (1988); potential sync issue    
2026-08-07T04:39:24.856367Z  WARN ThreadId(20) hotstuff_runner::app: Node 1 [produce_block] queue size: 0, attempting up to 0 transactions this block    
2026-08-07T04:39:24.861816Z  WARN ThreadId(20) hotstuff_runner::app: Node 1 view(7960) far exceeds block count (1989); potential sync issue    
2026-08-07T04:39:24.985018Z  WARN ThreadId(20) hotstuff_runner::app: Node 1 [produce_block] queue size: 0, attempting up to 0 transactions this block    
2026-08-07T04:39:24.987796Z  WARN ThreadId(20) hotstuff_runner::app: Node 1 view(7964) far exceeds block count (1990); potential sync issue    
2026-08-07T04:39:25.110107Z  WARN ThreadId(20) hotstuff_runner::app: Node 1 [produce_block] queue size: 0, attempting up to 0 transactions this block    
2026-08-07T04:39:25.111198Z  WARN ThreadId(20) hotstuff_runner::app: Node 1 view(7968) far exceeds block count (1991); potential sync issue    
2026-08-07T04:39:25.243909Z  WARN ThreadId(20) hotstuff_runner::app: Node 1 [produce_block] queue size: 0, attempting up to 0 transactions this block    
2026-08-07T04:39:25.244068Z  WARN ThreadId(20) hotstuff_runner::app: Node 1 view(7972) far exceeds block count (1992); potential sync issue    
2026-08-07T04:39:25.481446Z  WARN ThreadId(20) hotstuff_runner::app: Node 1 [produce_block] queue size: 0, attempting up to 0 transactions this block    
2026-08-07T04:39:25.486439Z  WARN ThreadId(20) hotstuff_runner::app: Node 1 view(7976) far exceeds block count (1993); potential sync issue    
2026-08-07T04:39:25.559019Z  WARN ThreadId(20) hotstuff_runner::app: Node 1 [produce_block] queue size: 0, attempting up to 0 transactions this block    
2026-08-07T04:39:25.559972Z  WARN ThreadId(20) hotstuff_runner::app: Node 1 view(7980) far exceeds block count (1994); potential sync issue    
2026-08-07T04:39:25.809266Z  WARN ThreadId(20) hotstuff_runner::app: Node 1 [produce_block] queue size: 0, attempting up to 0 transactions this block    
2026-08-07T04:39:25.809498Z  WARN ThreadId(20) hotstuff_runner::app: Node 1 view(7984) far exceeds block count (1995); potential sync issue    
2026-08-07T04:39:25.942117Z  WARN ThreadId(20) hotstuff_runner::app: Node 1 [produce_block] queue size: 0, attempting up to 0 transactions this block    
2026-08-07T04:39:25.947615Z  WARN ThreadId(20) hotstuff_runner::app: Node 1 view(7988) far exceeds block count (1996); potential sync issue    
2026-08-07T04:39:25.967496Z  WARN ThreadId(06) docker_node: Low processing efficiency: 0.0% - system may need tuning
2026-08-07T04:39:25.968016Z  WARN ThreadId(06) docker_node:   Connection reuse ineffective (2.0 msg/conn)
2026-08-07T04:39:26.132271Z  WARN ThreadId(20) hotstuff_runner::app: Node 1 [produce_block] queue size: 0, attempting up to 0 transactions this block    
2026-08-07T04:39:26.133607Z  WARN ThreadId(20) hotstuff_runner::app: Node 1 view(7992) far exceeds block count (1997); potential sync issue    
2026-08-07T04:39:26.269371Z  WARN ThreadId(20) hotstuff_runner::app: Node 1 [produce_block] queue size: 0, attempting up to 0 transactions this block    
2026-08-07T04:39:26.325047Z  WARN ThreadId(20) hotstuff_runner::app: Node 1 view(7996) far exceeds block count (1998); potential sync issue    
2026-08-07T04:39:26.435706Z  WARN ThreadId(20) hotstuff_runner::app: Node 1 [produce_block] queue size: 0, attempting up to 0 transactions this block    
2026-08-07T04:39:26.437311Z  WARN ThreadId(20) hotstuff_runner::app: Node 1 view(8000) far exceeds block count (1999); potential sync issue    
2026-08-07T04:39:26.562026Z  WARN ThreadId(20) hotstuff_runner::app: Node 1 [produce_block] queue size: 0, attempting up to 0 transactions this block    
2026-08-07T04:39:26.565599Z  WARN ThreadId(20) hotstuff_runner::app: Node 1 view(8004) far exceeds block count (2000); potential sync issue    
2026-08-07T04:39:26.698862Z  WARN ThreadId(20) hotstuff_runner::app: Node 1 [produce_block] queue size: 0, attempting up to 0 transactions this block    
2026-08-07T04:39:26.707495Z  WARN ThreadId(20) hotstuff_runner::app: Node 1 view(8008) far exceeds block count (2001); potential sync issue    
2026-08-07T04:39:26.878728Z  WARN ThreadId(20) hotstuff_runner::app: Node 1 [produce_block] queue size: 0, attempting up to 0 transactions this block    
2026-08-07T04:39:26.879720Z  WARN ThreadId(20) hotstuff_runner::app: Node 1 view(8012) far exceeds block count (2002); potential sync issue    
2026-08-07T04:39:27.023693Z  WARN ThreadId(20) hotstuff_runner::app: Node 1 [produce_block] queue size: 0, attempting up to 0 transactions this block    
2026-08-07T04:39:27.026498Z  WARN ThreadId(20) hotstuff_runner::app: Node 1 view(8016) far exceeds block count (2003); potential sync issue    
2026-08-07T04:39:27.126465Z  WARN ThreadId(20) hotstuff_runner::app: Node 1 [produce_block] queue size: 0, attempting up to 0 transactions this block    
2026-08-07T04:39:27.126726Z  WARN ThreadId(20) hotstuff_runner::app: Node 1 view(8020) far exceeds block count (2004); potential sync issue    
2026-08-07T04:39:27.285918Z  WARN ThreadId(20) hotstuff_runner::app: Node 1 [produce_block] queue size: 0, attempting up to 0 transactions this block    
2026-08-07T04:39:27.289411Z  WARN ThreadId(20) hotstuff_runner::app: Node 1 view(8024) far exceeds block count (2005); potential sync issue    
2026-08-07T04:39:27.425570Z  WARN ThreadId(20) hotstuff_runner::app: Node 1 [produce_block] queue size: 0, attempting up to 0 transactions this block    
2026-08-07T04:39:27.440445Z  WARN ThreadId(20) hotstuff_runner::app: Node 1 view(8028) far exceeds block count (2006); potential sync issue    
2026-08-07T04:39:27.580217Z  WARN ThreadId(20) hotstuff_runner::app: Node 1 [produce_block] queue size: 0, attempting up to 0 transactions this block    
2026-08-07T04:39:27.580376Z  WARN ThreadId(20) hotstuff_runner::app: Node 1 view(8032) far exceeds block count (2007); potential sync issue    
2026-08-07T04:39:27.690682Z  WARN ThreadId(20) hotstuff_runner::app: Node 1 [produce_block] queue size: 0, attempting up to 0 transactions this block    
2026-08-07T04:39:27.710940Z  WARN ThreadId(20) hotstuff_runner::app: Node 1 view(8036) far exceeds block count (2008); potential sync issue    
2026-08-07T04:39:27.910825Z  WARN ThreadId(20) hotstuff_runner::app: Node 1 [produce_block] queue size: 0, attempting up to 0 transactions this block    
2026-08-07T04:39:27.912848Z  WARN ThreadId(20) hotstuff_runner::app: Node 1 view(8040) far exceeds block count (2009); potential sync issue    
2026-08-07T04:39:28.044214Z  WARN ThreadId(20) hotstuff_runner::app: Node 1 [produce_block] queue size: 0, attempting up to 0 transactions this block    
2026-08-07T04:39:28.045196Z  WARN ThreadId(20) hotstuff_runner::app: Node 1 view(8044) far exceeds block count (2010); potential sync issue    
2026-08-07T04:39:28.144122Z  WARN ThreadId(20) hotstuff_runner::app: Node 1 [produce_block] queue size: 0, attempting up to 0 transactions this block    
2026-08-07T04:39:28.151474Z  WARN ThreadId(20) hotstuff_runner::app: Node 1 view(8048) far exceeds block count (2011); potential sync issue    
2026-08-07T04:39:28.243765Z  WARN ThreadId(20) hotstuff_runner::app: Node 1 [produce_block] queue size: 0, attempting up to 0 transactions this block    
2026-08-07T04:39:28.244113Z  WARN ThreadId(20) hotstuff_runner::app: Node 1 view(8052) far exceeds block count (2012); potential sync issue    
2026-08-07T04:39:28.352408Z  WARN ThreadId(20) hotstuff_runner::app: Node 1 [produce_block] queue size: 0, attempting up to 0 transactions this block    
2026-08-07T04:39:28.356668Z  WARN ThreadId(20) hotstuff_runner::app: Node 1 view(8056) far exceeds block count (2013); potential sync issue    
2026-08-07T04:39:28.470275Z  WARN ThreadId(20) hotstuff_runner::app: Node 1 [produce_block] queue size: 0, attempting up to 0 transactions this block    
2026-08-07T04:39:28.473868Z  WARN ThreadId(20) hotstuff_runner::app: Node 1 view(8060) far exceeds block count (2014); potential sync issue    
2026-08-07T04:39:28.580030Z  WARN ThreadId(20) hotstuff_runner::app: Node 1 [produce_block] queue size: 0, attempting up to 0 transactions this block    
2026-08-07T04:39:28.584490Z  WARN ThreadId(20) hotstuff_runner::app: Node 1 view(8064) far exceeds block count (2015); potential sync issue    
2026-08-07T04:39:28.760248Z  WARN ThreadId(20) hotstuff_runner::app: Node 1 [produce_block] queue size: 0, attempting up to 0 transactions this block    
2026-08-07T04:39:28.761183Z  WARN ThreadId(20) hotstuff_runner::app: Node 1 view(8068) far exceeds block count (2016); potential sync issue    
2026-08-07T04:39:28.895902Z  WARN ThreadId(20) hotstuff_runner::app: Node 1 [produce_block] queue size: 0, attempting up to 0 transactions this block    
2026-08-07T04:39:28.896119Z  WARN ThreadId(20) hotstuff_runner::app: Node 1 view(8072) far exceeds block count (2017); potential sync issue    
2026-08-07T04:39:29.054965Z  WARN ThreadId(20) hotstuff_runner::app: Node 1 [produce_block] queue size: 0, attempting up to 0 transactions this block    
2026-08-07T04:39:29.063240Z  WARN ThreadId(20) hotstuff_runner::app: Node 1 view(8076) far exceeds block count (2018); potential sync issue    
2026-08-07T04:39:29.186971Z  WARN ThreadId(20) hotstuff_runner::app: Node 1 [produce_block] queue size: 0, attempting up to 0 transactions this block    
2026-08-07T04:39:29.187192Z  WARN ThreadId(20) hotstuff_runner::app: Node 1 view(8080) far exceeds block count (2019); potential sync issue    
2026-08-07T04:39:29.301056Z  WARN ThreadId(20) hotstuff_runner::app: Node 1 [produce_block] queue size: 0, attempting up to 0 transactions this block    
2026-08-07T04:39:29.303650Z  WARN ThreadId(20) hotstuff_runner::app: Node 1 view(8084) far exceeds block count (2020); potential sync issue    
2026-08-07T04:39:29.480922Z  WARN ThreadId(20) hotstuff_runner::app: Node 1 [produce_block] queue size: 0, attempting up to 0 transactions this block    
2026-08-07T04:39:29.483487Z  WARN ThreadId(20) hotstuff_runner::app: Node 1 view(8088) far exceeds block count (2021); potential sync issue    
2026-08-07T04:39:29.604634Z  WARN ThreadId(20) hotstuff_runner::app: Node 1 [produce_block] queue size: 0, attempting up to 0 transactions this block    
2026-08-07T04:39:29.609494Z  WARN ThreadId(20) hotstuff_runner::app: Node 1 view(8092) far exceeds block count (2022); potential sync issue    
2026-08-07T04:39:29.769555Z  WARN ThreadId(20) hotstuff_runner::app: Node 1 [produce_block] queue size: 0, attempting up to 0 transactions this block    
2026-08-07T04:39:29.773574Z  WARN ThreadId(20) hotstuff_runner::app: Node 1 view(8096) far exceeds block count (2023); potential sync issue    
2026-08-07T04:39:29.985139Z  WARN ThreadId(20) hotstuff_runner::app: Node 1 [produce_block] queue size: 0, attempting up to 0 transactions this block    
2026-08-07T04:39:29.986472Z  WARN ThreadId(20) hotstuff_runner::app: Node 1 view(8100) far exceeds block count (2024); potential sync issue    
2026-08-07T04:39:30.107725Z  WARN ThreadId(20) hotstuff_runner::app: Node 1 [produce_block] queue size: 0, attempting up to 0 transactions this block    
2026-08-07T04:39:30.107880Z  WARN ThreadId(20) hotstuff_runner::app: Node 1 view(8104) far exceeds block count (2025); potential sync issue    
2026-08-07T04:39:30.284725Z  WARN ThreadId(20) hotstuff_runner::app: Node 1 [produce_block] queue size: 0, attempting up to 0 transactions this block    
2026-08-07T04:39:30.286053Z  WARN ThreadId(20) hotstuff_runner::app: Node 1 view(8108) far exceeds block count (2026); potential sync issue    
2026-08-07T04:39:30.474408Z  WARN ThreadId(20) hotstuff_runner::app: Node 1 [produce_block] queue size: 0, attempting up to 0 transactions this block    
2026-08-07T04:39:30.478771Z  WARN ThreadId(20) hotstuff_runner::app: Node 1 view(8112) far exceeds block count (2027); potential sync issue    
2026-08-07T04:39:30.568955Z  WARN ThreadId(20) hotstuff_runner::app: Node 1 [produce_block] queue size: 0, attempting up to 0 transactions this block    
2026-08-07T04:39:30.571954Z  WARN ThreadId(20) hotstuff_runner::app: Node 1 view(8116) far exceeds block count (2028); potential sync issue    
2026-08-07T04:39:30.749371Z  WARN ThreadId(20) hotstuff_runner::app: Node 1 [produce_block] queue size: 0, attempting up to 0 transactions this block    
2026-08-07T04:39:30.750456Z  WARN ThreadId(20) hotstuff_runner::app: Node 1 view(8120) far exceeds block count (2029); potential sync issue    
2026-08-07T04:39:30.856336Z  WARN ThreadId(20) hotstuff_runner::app: Node 1 [produce_block] queue size: 0, attempting up to 0 transactions this block    
2026-08-07T04:39:30.857462Z  WARN ThreadId(20) hotstuff_runner::app: Node 1 view(8124) far exceeds block count (2030); potential sync issue    
2026-08-07T04:39:30.968498Z  WARN ThreadId(06) docker_node: Low processing efficiency: 0.0% - system may need tuning
2026-08-07T04:39:30.969053Z  WARN ThreadId(06) docker_node:   Connection reuse ineffective (2.0 msg/conn)
2026-08-07T04:39:31.028960Z  WARN ThreadId(20) hotstuff_runner::app: Node 1 [produce_block] queue size: 0, attempting up to 0 transactions this block    
2026-08-07T04:39:31.036489Z  WARN ThreadId(20) hotstuff_runner::app: Node 1 view(8128) far exceeds block count (2031); potential sync issue    
2026-08-07T04:39:31.242677Z  WARN ThreadId(20) hotstuff_runner::app: Node 1 [produce_block] queue size: 0, attempting up to 0 transactions this block    
2026-08-07T04:39:31.242851Z  WARN ThreadId(20) hotstuff_runner::app: Node 1 view(8132) far exceeds block count (2032); potential sync issue    
2026-08-07T04:39:31.353304Z  WARN ThreadId(20) hotstuff_runner::app: Node 1 [produce_block] queue size: 0, attempting up to 0 transactions this block    
2026-08-07T04:39:31.356068Z  WARN ThreadId(20) hotstuff_runner::app: Node 1 view(8136) far exceeds block count (2033); potential sync issue    
2026-08-07T04:39:31.644870Z  WARN ThreadId(20) hotstuff_runner::app: Node 1 [produce_block] queue size: 0, attempting up to 0 transactions this block    
2026-08-07T04:39:31.645464Z  WARN ThreadId(20) hotstuff_runner::app: Node 1 view(8140) far exceeds block count (2034); potential sync issue    
2026-08-07T04:39:31.780353Z  WARN ThreadId(20) hotstuff_runner::app: Node 1 [produce_block] queue size: 0, attempting up to 0 transactions this block    
2026-08-07T04:39:31.783489Z  WARN ThreadId(20) hotstuff_runner::app: Node 1 view(8144) far exceeds block count (2035); potential sync issue    
2026-08-07T04:39:31.890824Z  WARN ThreadId(20) hotstuff_runner::app: Node 1 [produce_block] queue size: 0, attempting up to 0 transactions this block    
2026-08-07T04:39:31.894167Z  WARN ThreadId(20) hotstuff_runner::app: Node 1 view(8148) far exceeds block count (2036); potential sync issue    
2026-08-07T04:39:32.029369Z  WARN ThreadId(20) hotstuff_runner::app: Node 1 [produce_block] queue size: 0, attempting up to 0 transactions this block    
2026-08-07T04:39:32.029622Z  WARN ThreadId(20) hotstuff_runner::app: Node 1 view(8152) far exceeds block count (2037); potential sync issue    
2026-08-07T04:39:32.140733Z  WARN ThreadId(20) hotstuff_runner::app: Node 1 [produce_block] queue size: 0, attempting up to 0 transactions this block    
2026-08-07T04:39:32.141677Z  WARN ThreadId(20) hotstuff_runner::app: Node 1 view(8156) far exceeds block count (2038); potential sync issue    
2026-08-07T04:39:32.276387Z  WARN ThreadId(20) hotstuff_runner::app: Node 1 [produce_block] queue size: 0, attempting up to 0 transactions this block    
2026-08-07T04:39:32.276660Z  WARN ThreadId(20) hotstuff_runner::app: Node 1 view(8160) far exceeds block count (2039); potential sync issue    
2026-08-07T04:39:32.401634Z  WARN ThreadId(20) hotstuff_runner::app: Node 1 [produce_block] queue size: 0, attempting up to 0 transactions this block    
2026-08-07T04:39:32.402020Z  WARN ThreadId(20) hotstuff_runner::app: Node 1 view(8164) far exceeds block count (2040); potential sync issue    
2026-08-07T04:39:32.538837Z  WARN ThreadId(20) hotstuff_runner::app: Node 1 [produce_block] queue size: 0, attempting up to 0 transactions this block    
2026-08-07T04:39:32.542478Z  WARN ThreadId(20) hotstuff_runner::app: Node 1 view(8168) far exceeds block count (2041); potential sync issue    
2026-08-07T04:39:32.644317Z  WARN ThreadId(20) hotstuff_runner::app: Node 1 [produce_block] queue size: 0, attempting up to 0 transactions this block    
2026-08-07T04:39:32.649639Z  WARN ThreadId(20) hotstuff_runner::app: Node 1 view(8172) far exceeds block count (2042); potential sync issue    
2026-08-07T04:39:32.935691Z  WARN ThreadId(20) hotstuff_runner::app: Node 1 [produce_block] queue size: 0, attempting up to 0 transactions this block    
2026-08-07T04:39:32.936161Z  WARN ThreadId(20) hotstuff_runner::app: Node 1 view(8176) far exceeds block count (2043); potential sync issue    
2026-08-07T04:39:33.123905Z  WARN ThreadId(20) hotstuff_runner::app: Node 1 [produce_block] queue size: 0, attempting up to 0 transactions this block    
2026-08-07T04:39:33.125022Z  WARN ThreadId(20) hotstuff_runner::app: Node 1 view(8180) far exceeds block count (2044); potential sync issue    
2026-08-07T04:39:33.282808Z  WARN ThreadId(20) hotstuff_runner::app: Node 1 [produce_block] queue size: 0, attempting up to 0 transactions this block    
2026-08-07T04:39:33.285307Z  WARN ThreadId(20) hotstuff_runner::app: Node 1 view(8184) far exceeds block count (2045); potential sync issue    
2026-08-07T04:39:33.473938Z  WARN ThreadId(20) hotstuff_runner::app: Node 1 [produce_block] queue size: 0, attempting up to 0 transactions this block    
2026-08-07T04:39:33.476529Z  WARN ThreadId(20) hotstuff_runner::app: Node 1 view(8188) far exceeds block count (2046); potential sync issue    
2026-08-07T04:39:33.612323Z  WARN ThreadId(20) hotstuff_runner::app: Node 1 [produce_block] queue size: 0, attempting up to 0 transactions this block    
2026-08-07T04:39:33.614094Z  WARN ThreadId(20) hotstuff_runner::app: Node 1 view(8192) far exceeds block count (2047); potential sync issue    
2026-08-07T04:39:33.801358Z  WARN ThreadId(20) hotstuff_runner::app: Node 1 [produce_block] queue size: 0, attempting up to 0 transactions this block    
2026-08-07T04:39:33.801499Z  WARN ThreadId(20) hotstuff_runner::app: Node 1 view(8196) far exceeds block count (2048); potential sync issue    
2026-08-07T04:39:34.017699Z  WARN ThreadId(20) hotstuff_runner::app: Node 1 [produce_block] queue size: 0, attempting up to 0 transactions this block    
2026-08-07T04:39:34.017936Z  WARN ThreadId(20) hotstuff_runner::app: Node 1 view(8200) far exceeds block count (2049); potential sync issue    
2026-08-07T04:39:34.101327Z  WARN ThreadId(20) hotstuff_runner::app: Node 1 [produce_block] queue size: 0, attempting up to 0 transactions this block    
2026-08-07T04:39:34.102378Z  WARN ThreadId(20) hotstuff_runner::app: Node 1 view(8204) far exceeds block count (2050); potential sync issue    
2026-08-07T04:39:34.234622Z  WARN ThreadId(20) hotstuff_runner::app: Node 1 [produce_block] queue size: 0, attempting up to 0 transactions this block    
2026-08-07T04:39:34.235180Z  WARN ThreadId(20) hotstuff_runner::app: Node 1 view(8208) far exceeds block count (2051); potential sync issue    
2026-08-07T04:39:34.534261Z  WARN ThreadId(20) hotstuff_runner::app: Node 1 [produce_block] queue size: 0, attempting up to 0 transactions this block    
2026-08-07T04:39:34.534619Z  WARN ThreadId(20) hotstuff_runner::app: Node 1 view(8212) far exceeds block count (2052); potential sync issue    
2026-08-07T04:39:34.690783Z  WARN ThreadId(20) hotstuff_runner::app: Node 1 [produce_block] queue size: 0, attempting up to 0 transactions this block    
2026-08-07T04:39:34.692874Z  WARN ThreadId(20) hotstuff_runner::app: Node 1 view(8216) far exceeds block count (2053); potential sync issue    
2026-08-07T04:39:34.894478Z  WARN ThreadId(20) hotstuff_runner::app: Node 1 [produce_block] queue size: 0, attempting up to 0 transactions this block    
2026-08-07T04:39:34.897591Z  WARN ThreadId(20) hotstuff_runner::app: Node 1 view(8220) far exceeds block count (2054); potential sync issue    
2026-08-07T04:39:35.019247Z  WARN ThreadId(20) hotstuff_runner::app: Node 1 [produce_block] queue size: 0, attempting up to 0 transactions this block    
2026-08-07T04:39:35.019543Z  WARN ThreadId(20) hotstuff_runner::app: Node 1 view(8224) far exceeds block count (2055); potential sync issue    
2026-08-07T04:39:35.143313Z  WARN ThreadId(20) hotstuff_runner::app: Node 1 [produce_block] queue size: 0, attempting up to 0 transactions this block    
2026-08-07T04:39:35.145452Z  WARN ThreadId(20) hotstuff_runner::app: Node 1 view(8228) far exceeds block count (2056); potential sync issue    
2026-08-07T04:39:35.281725Z  WARN ThreadId(20) hotstuff_runner::app: Node 1 [produce_block] queue size: 0, attempting up to 0 transactions this block    
2026-08-07T04:39:35.282057Z  WARN ThreadId(20) hotstuff_runner::app: Node 1 view(8232) far exceeds block count (2057); potential sync issue    
2026-08-07T04:39:35.421059Z  WARN ThreadId(20) hotstuff_runner::app: Node 1 [produce_block] queue size: 0, attempting up to 0 transactions this block    
2026-08-07T04:39:35.423278Z  WARN ThreadId(20) hotstuff_runner::app: Node 1 view(8236) far exceeds block count (2058); potential sync issue    
2026-08-07T04:39:35.569989Z  WARN ThreadId(20) hotstuff_runner::app: Node 1 [produce_block] queue size: 0, attempting up to 0 transactions this block    
2026-08-07T04:39:35.579163Z  WARN ThreadId(20) hotstuff_runner::app: Node 1 view(8240) far exceeds block count (2059); potential sync issue    
2026-08-07T04:39:35.783608Z  WARN ThreadId(20) hotstuff_runner::app: Node 1 [produce_block] queue size: 0, attempting up to 0 transactions this block    
2026-08-07T04:39:35.784095Z  WARN ThreadId(20) hotstuff_runner::app: Node 1 view(8244) far exceeds block count (2060); potential sync issue    
2026-08-07T04:39:35.970498Z  WARN ThreadId(05) docker_node: Low processing efficiency: 0.0% - system may need tuning
2026-08-07T04:39:35.977691Z  WARN ThreadId(05) docker_node:   Connection reuse ineffective (2.0 msg/conn)
2026-08-07T04:39:35.984166Z  WARN ThreadId(20) hotstuff_runner::app: Node 1 [produce_block] queue size: 0, attempting up to 0 transactions this block    
2026-08-07T04:39:35.984368Z  WARN ThreadId(20) hotstuff_runner::app: Node 1 view(8248) far exceeds block count (2061); potential sync issue    
2026-08-07T04:39:36.178618Z  WARN ThreadId(20) hotstuff_runner::app: Node 1 [produce_block] queue size: 0, attempting up to 0 transactions this block    
2026-08-07T04:39:36.179615Z  WARN ThreadId(20) hotstuff_runner::app: Node 1 view(8252) far exceeds block count (2062); potential sync issue    
2026-08-07T04:39:36.423688Z  WARN ThreadId(20) hotstuff_runner::app: Node 1 [produce_block] queue size: 0, attempting up to 0 transactions this block    
2026-08-07T04:39:36.423941Z  WARN ThreadId(20) hotstuff_runner::app: Node 1 view(8256) far exceeds block count (2063); potential sync issue    
2026-08-07T04:39:36.610696Z  WARN ThreadId(20) hotstuff_runner::app: Node 1 [produce_block] queue size: 0, attempting up to 0 transactions this block    
2026-08-07T04:39:36.611080Z  WARN ThreadId(20) hotstuff_runner::app: Node 1 view(8260) far exceeds block count (2064); potential sync issue    
2026-08-07T04:39:36.791501Z  WARN ThreadId(20) hotstuff_runner::app: Node 1 [produce_block] queue size: 0, attempting up to 0 transactions this block    
2026-08-07T04:39:36.792583Z  WARN ThreadId(20) hotstuff_runner::app: Node 1 view(8264) far exceeds block count (2065); potential sync issue    
2026-08-07T04:39:36.936401Z  WARN ThreadId(20) hotstuff_runner::app: Node 1 [produce_block] queue size: 0, attempting up to 0 transactions this block    
2026-08-07T04:39:36.942672Z  WARN ThreadId(20) hotstuff_runner::app: Node 1 view(8268) far exceeds block count (2066); potential sync issue    
2026-08-07T04:39:37.136728Z  WARN ThreadId(20) hotstuff_runner::app: Node 1 [produce_block] queue size: 0, attempting up to 0 transactions this block    
2026-08-07T04:39:37.141782Z  WARN ThreadId(20) hotstuff_runner::app: Node 1 view(8272) far exceeds block count (2067); potential sync issue    
2026-08-07T04:39:37.279524Z  WARN ThreadId(20) hotstuff_runner::app: Node 1 [produce_block] queue size: 0, attempting up to 0 transactions this block    
2026-08-07T04:39:37.280966Z  WARN ThreadId(20) hotstuff_runner::app: Node 1 view(8276) far exceeds block count (2068); potential sync issue    
2026-08-07T04:39:37.456960Z  WARN ThreadId(20) hotstuff_runner::app: Node 1 [produce_block] queue size: 0, attempting up to 0 transactions this block    
2026-08-07T04:39:37.464052Z  WARN ThreadId(20) hotstuff_runner::app: Node 1 view(8280) far exceeds block count (2069); potential sync issue    
2026-08-07T04:39:37.628592Z  WARN ThreadId(20) hotstuff_runner::app: Node 1 [produce_block] queue size: 0, attempting up to 0 transactions this block    
2026-08-07T04:39:37.632173Z  WARN ThreadId(20) hotstuff_runner::app: Node 1 view(8284) far exceeds block count (2070); potential sync issue    
2026-08-07T04:39:37.783274Z  WARN ThreadId(20) hotstuff_runner::app: Node 1 [produce_block] queue size: 0, attempting up to 0 transactions this block    
2026-08-07T04:39:37.783547Z  WARN ThreadId(20) hotstuff_runner::app: Node 1 view(8288) far exceeds block count (2071); potential sync issue    
2026-08-07T04:39:37.887128Z  WARN ThreadId(20) hotstuff_runner::app: Node 1 [produce_block] queue size: 0, attempting up to 0 transactions this block    
2026-08-07T04:39:37.887488Z  WARN ThreadId(20) hotstuff_runner::app: Node 1 view(8292) far exceeds block count (2072); potential sync issue    
2026-08-07T04:39:38.030883Z  WARN ThreadId(20) hotstuff_runner::app: Node 1 [produce_block] queue size: 0, attempting up to 0 transactions this block    
2026-08-07T04:39:38.031295Z  WARN ThreadId(20) hotstuff_runner::app: Node 1 view(8296) far exceeds block count (2073); potential sync issue    
2026-08-07T04:39:38.170170Z  WARN ThreadId(20) hotstuff_runner::app: Node 1 [produce_block] queue size: 0, attempting up to 0 transactions this block    
2026-08-07T04:39:38.170356Z  WARN ThreadId(20) hotstuff_runner::app: Node 1 view(8300) far exceeds block count (2074); potential sync issue    
2026-08-07T04:39:38.325888Z  WARN ThreadId(20) hotstuff_runner::app: Node 1 [produce_block] queue size: 2, attempting up to 2 transactions this block    
2026-08-07T04:39:38.330489Z  WARN ThreadId(20) hotstuff_runner::app: Node 1 view(8304) far exceeds block count (2075); potential sync issue    
2026-08-07T04:39:38.524173Z  WARN ThreadId(20) hotstuff_runner::app: Node 1 [produce_block] queue size: 2, attempting up to 2 transactions this block    
2026-08-07T04:39:38.527855Z  WARN ThreadId(20) hotstuff_runner::app: Node 1 view(8308) far exceeds block count (2076); potential sync issue    
2026-08-07T04:39:38.648587Z  WARN ThreadId(20) hotstuff_runner::app: Node 1 [produce_block] queue size: 0, attempting up to 0 transactions this block    
2026-08-07T04:39:38.648735Z  WARN ThreadId(20) hotstuff_runner::app: Node 1 view(8312) far exceeds block count (2077); potential sync issue    
2026-08-07T04:39:38.827080Z  WARN ThreadId(20) hotstuff_runner::app: Node 1 [produce_block] queue size: 2, attempting up to 2 transactions this block    
2026-08-07T04:39:38.841027Z  WARN ThreadId(20) hotstuff_runner::app: Node 1 view(8316) far exceeds block count (2078); potential sync issue    
2026-08-07T04:39:39.063249Z  WARN ThreadId(20) hotstuff_runner::app: Node 1 [produce_block] queue size: 2, attempting up to 2 transactions this block    
2026-08-07T04:39:39.063471Z  WARN ThreadId(20) hotstuff_runner::app: Node 1 view(8320) far exceeds block count (2079); potential sync issue    
2026-08-07T04:39:39.232270Z  WARN ThreadId(20) hotstuff_runner::app: Node 1 [produce_block] queue size: 0, attempting up to 0 transactions this block    
2026-08-07T04:39:39.235652Z  WARN ThreadId(20) hotstuff_runner::app: Node 1 view(8324) far exceeds block count (2080); potential sync issue    
2026-08-07T04:39:39.360322Z  WARN ThreadId(20) hotstuff_runner::app: Node 1 [produce_block] queue size: 0, attempting up to 0 transactions this block    
2026-08-07T04:39:39.360567Z  WARN ThreadId(20) hotstuff_runner::app: Node 1 view(8328) far exceeds block count (2081); potential sync issue    
2026-08-07T04:39:39.501664Z  WARN ThreadId(20) hotstuff_runner::app: Node 1 [produce_block] queue size: 0, attempting up to 0 transactions this block    
2026-08-07T04:39:39.505292Z  WARN ThreadId(20) hotstuff_runner::app: Node 1 view(8332) far exceeds block count (2082); potential sync issue    
2026-08-07T04:39:39.647588Z  WARN ThreadId(20) hotstuff_runner::app: Node 1 [produce_block] queue size: 0, attempting up to 0 transactions this block    
2026-08-07T04:39:39.647716Z  WARN ThreadId(20) hotstuff_runner::app: Node 1 view(8336) far exceeds block count (2083); potential sync issue    
2026-08-07T04:39:39.777208Z  WARN ThreadId(20) hotstuff_runner::app: Node 1 [produce_block] queue size: 0, attempting up to 0 transactions this block    
2026-08-07T04:39:39.777662Z  WARN ThreadId(20) hotstuff_runner::app: Node 1 view(8340) far exceeds block count (2084); potential sync issue    
2026-08-07T04:39:39.961898Z  WARN ThreadId(20) hotstuff_runner::app: Node 1 [produce_block] queue size: 0, attempting up to 0 transactions this block    
2026-08-07T04:39:39.963737Z  WARN ThreadId(20) hotstuff_runner::app: Node 1 view(8344) far exceeds block count (2085); potential sync issue    
2026-08-07T04:39:40.065697Z  WARN ThreadId(20) hotstuff_runner::app: Node 1 [produce_block] queue size: 0, attempting up to 0 transactions this block    
2026-08-07T04:39:40.068395Z  WARN ThreadId(20) hotstuff_runner::app: Node 1 view(8348) far exceeds block count (2086); potential sync issue    
2026-08-07T04:39:40.169199Z  WARN ThreadId(20) hotstuff_runner::app: Node 1 [produce_block] queue size: 0, attempting up to 0 transactions this block    
2026-08-07T04:39:40.171962Z  WARN ThreadId(20) hotstuff_runner::app: Node 1 view(8352) far exceeds block count (2087); potential sync issue    
2026-08-07T04:39:40.275294Z  WARN ThreadId(20) hotstuff_runner::app: Node 1 [produce_block] queue size: 0, attempting up to 0 transactions this block    
2026-08-07T04:39:40.279273Z  WARN ThreadId(20) hotstuff_runner::app: Node 1 view(8356) far exceeds block count (2088); potential sync issue    
2026-08-07T04:39:40.440588Z  WARN ThreadId(20) hotstuff_runner::app: Node 1 [produce_block] queue size: 0, attempting up to 0 transactions this block    
2026-08-07T04:39:40.446159Z  WARN ThreadId(20) hotstuff_runner::app: Node 1 view(8360) far exceeds block count (2089); potential sync issue    
2026-08-07T04:39:40.535482Z  WARN ThreadId(20) hotstuff_runner::app: Node 1 [produce_block] queue size: 0, attempting up to 0 transactions this block    
2026-08-07T04:39:40.535793Z  WARN ThreadId(20) hotstuff_runner::app: Node 1 view(8364) far exceeds block count (2090); potential sync issue    
2026-08-07T04:39:40.809034Z  WARN ThreadId(20) hotstuff_runner::app: Node 1 [produce_block] queue size: 0, attempting up to 0 transactions this block    
2026-08-07T04:39:40.810374Z  WARN ThreadId(20) hotstuff_runner::app: Node 1 view(8368) far exceeds block count (2091); potential sync issue    
2026-08-07T04:39:40.954228Z  WARN ThreadId(20) hotstuff_runner::app: Node 1 [produce_block] queue size: 0, attempting up to 0 transactions this block    
2026-08-07T04:39:40.960512Z  WARN ThreadId(20) hotstuff_runner::app: Node 1 view(8372) far exceeds block count (2092); potential sync issue    
2026-08-07T04:39:40.970518Z  WARN ThreadId(05) docker_node: Low processing efficiency: 0.0% - system may need tuning
2026-08-07T04:39:40.970673Z  WARN ThreadId(05) docker_node:   Connection reuse ineffective (2.0 msg/conn)
2026-08-07T04:39:41.448437Z  WARN ThreadId(20) hotstuff_runner::app: Node 1 [produce_block] queue size: 0, attempting up to 0 transactions this block    
2026-08-07T04:39:41.448658Z  WARN ThreadId(20) hotstuff_runner::app: Node 1 view(8376) far exceeds block count (2093); potential sync issue    
2026-08-07T04:39:41.659980Z  WARN ThreadId(20) hotstuff_runner::app: Node 1 [produce_block] queue size: 0, attempting up to 0 transactions this block    
2026-08-07T04:39:41.667474Z  WARN ThreadId(20) hotstuff_runner::app: Node 1 view(8380) far exceeds block count (2094); potential sync issue    
2026-08-07T04:39:41.816965Z  WARN ThreadId(20) hotstuff_runner::app: Node 1 [produce_block] queue size: 0, attempting up to 0 transactions this block    
2026-08-07T04:39:41.817941Z  WARN ThreadId(20) hotstuff_runner::app: Node 1 view(8384) far exceeds block count (2095); potential sync issue    
2026-08-07T04:39:42.026106Z  WARN ThreadId(20) hotstuff_runner::app: Node 1 [produce_block] queue size: 0, attempting up to 0 transactions this block    
2026-08-07T04:39:42.026211Z  WARN ThreadId(20) hotstuff_runner::app: Node 1 view(8388) far exceeds block count (2096); potential sync issue    
2026-08-07T04:39:42.160693Z  WARN ThreadId(20) hotstuff_runner::app: Node 1 [produce_block] queue size: 0, attempting up to 0 transactions this block    
2026-08-07T04:39:42.176857Z  WARN ThreadId(20) hotstuff_runner::app: Node 1 view(8392) far exceeds block count (2097); potential sync issue    
2026-08-07T04:39:42.340155Z  WARN ThreadId(20) hotstuff_runner::app: Node 1 [produce_block] queue size: 0, attempting up to 0 transactions this block    
2026-08-07T04:39:42.344474Z  WARN ThreadId(20) hotstuff_runner::app: Node 1 view(8396) far exceeds block count (2098); potential sync issue    
2026-08-07T04:39:43.602727Z  WARN ThreadId(20) hotstuff_runner::app: Node 1 [produce_block] queue size: 0, attempting up to 0 transactions this block    
2026-08-07T04:39:43.603329Z  WARN ThreadId(20) hotstuff_runner::app: Node 1 view(8400) far exceeds block count (2099); potential sync issue    
2026-08-07T04:39:43.692411Z  WARN ThreadId(20) hotstuff_runner::app: Node 1 [produce_block] queue size: 0, attempting up to 0 transactions this block    
2026-08-07T04:39:43.692833Z  WARN ThreadId(20) hotstuff_runner::app: Node 1 view(8404) far exceeds block count (2100); potential sync issue    
2026-08-07T04:39:43.826214Z  WARN ThreadId(20) hotstuff_runner::app: Node 1 [produce_block] queue size: 0, attempting up to 0 transactions this block    
2026-08-07T04:39:43.827471Z  WARN ThreadId(20) hotstuff_runner::app: Node 1 view(8408) far exceeds block count (2101); potential sync issue    
2026-08-07T04:39:43.952269Z  WARN ThreadId(20) hotstuff_runner::app: Node 1 [produce_block] queue size: 0, attempting up to 0 transactions this block    
2026-08-07T04:39:43.952895Z  WARN ThreadId(20) hotstuff_runner::app: Node 1 view(8412) far exceeds block count (2102); potential sync issue    
2026-08-07T04:39:44.154395Z  WARN ThreadId(20) hotstuff_runner::app: Node 1 [produce_block] queue size: 0, attempting up to 0 transactions this block    
2026-08-07T04:39:44.156010Z  WARN ThreadId(20) hotstuff_runner::app: Node 1 view(8416) far exceeds block count (2103); potential sync issue    
2026-08-07T04:39:44.261133Z  WARN ThreadId(20) hotstuff_runner::app: Node 1 [produce_block] queue size: 0, attempting up to 0 transactions this block    
2026-08-07T04:39:44.263846Z  WARN ThreadId(20) hotstuff_runner::app: Node 1 view(8420) far exceeds block count (2104); potential sync issue    
2026-08-07T04:39:44.386900Z  WARN ThreadId(20) hotstuff_runner::app: Node 1 [produce_block] queue size: 0, attempting up to 0 transactions this block    
2026-08-07T04:39:44.388438Z  WARN ThreadId(20) hotstuff_runner::app: Node 1 view(8424) far exceeds block count (2105); potential sync issue    
2026-08-07T04:39:44.490949Z  WARN ThreadId(20) hotstuff_runner::app: Node 1 [produce_block] queue size: 0, attempting up to 0 transactions this block    
2026-08-07T04:39:44.496453Z  WARN ThreadId(20) hotstuff_runner::app: Node 1 view(8428) far exceeds block count (2106); potential sync issue    
2026-08-07T04:39:44.629461Z  WARN ThreadId(20) hotstuff_runner::app: Node 1 [produce_block] queue size: 0, attempting up to 0 transactions this block    
2026-08-07T04:39:44.630239Z  WARN ThreadId(20) hotstuff_runner::app: Node 1 view(8432) far exceeds block count (2107); potential sync issue    
2026-08-07T04:39:44.755781Z  WARN ThreadId(20) hotstuff_runner::app: Node 1 [produce_block] queue size: 0, attempting up to 0 transactions this block    
2026-08-07T04:39:44.756508Z  WARN ThreadId(20) hotstuff_runner::app: Node 1 view(8436) far exceeds block count (2108); potential sync issue    
2026-08-07T04:39:44.872761Z  WARN ThreadId(20) hotstuff_runner::app: Node 1 [produce_block] queue size: 0, attempting up to 0 transactions this block    
2026-08-07T04:39:44.873004Z  WARN ThreadId(20) hotstuff_runner::app: Node 1 view(8440) far exceeds block count (2109); potential sync issue    
2026-08-07T04:39:45.039194Z  WARN ThreadId(20) hotstuff_runner::app: Node 1 [produce_block] queue size: 0, attempting up to 0 transactions this block    
2026-08-07T04:39:45.043478Z  WARN ThreadId(20) hotstuff_runner::app: Node 1 view(8444) far exceeds block count (2110); potential sync issue    
2026-08-07T04:39:45.333590Z  WARN ThreadId(20) hotstuff_runner::app: Node 1 [produce_block] queue size: 0, attempting up to 0 transactions this block    
2026-08-07T04:39:45.341319Z  WARN ThreadId(20) hotstuff_runner::app: Node 1 view(8448) far exceeds block count (2111); potential sync issue    
2026-08-07T04:39:45.430621Z  WARN ThreadId(20) hotstuff_runner::app: Node 1 [produce_block] queue size: 0, attempting up to 0 transactions this block    
2026-08-07T04:39:45.443140Z  WARN ThreadId(20) hotstuff_runner::app: Node 1 view(8452) far exceeds block count (2112); potential sync issue    
2026-08-07T04:39:45.658148Z  WARN ThreadId(20) hotstuff_runner::app: Node 1 [produce_block] queue size: 0, attempting up to 0 transactions this block    
2026-08-07T04:39:45.660228Z  WARN ThreadId(20) hotstuff_runner::app: Node 1 view(8456) far exceeds block count (2113); potential sync issue    
2026-08-07T04:39:45.809837Z  WARN ThreadId(20) hotstuff_runner::app: Node 1 [produce_block] queue size: 0, attempting up to 0 transactions this block    
2026-08-07T04:39:45.810780Z  WARN ThreadId(20) hotstuff_runner::app: Node 1 view(8460) far exceeds block count (2114); potential sync issue    
2026-08-07T04:39:45.924683Z  WARN ThreadId(20) hotstuff_runner::app: Node 1 [produce_block] queue size: 0, attempting up to 0 transactions this block    
2026-08-07T04:39:45.924853Z  WARN ThreadId(20) hotstuff_runner::app: Node 1 view(8464) far exceeds block count (2115); potential sync issue    
2026-08-07T04:39:45.978612Z  WARN ThreadId(08) docker_node: Low processing efficiency: 0.0% - system may need tuning
2026-08-07T04:39:45.978964Z  WARN ThreadId(08) docker_node:   Connection reuse ineffective (2.0 msg/conn)
2026-08-07T04:39:46.039498Z  WARN ThreadId(20) hotstuff_runner::app: Node 1 [produce_block] queue size: 0, attempting up to 0 transactions this block    
2026-08-07T04:39:46.040476Z  WARN ThreadId(20) hotstuff_runner::app: Node 1 view(8468) far exceeds block count (2116); potential sync issue    
2026-08-07T04:39:46.138841Z  WARN ThreadId(20) hotstuff_runner::app: Node 1 [produce_block] queue size: 0, attempting up to 0 transactions this block    
2026-08-07T04:39:46.138994Z  WARN ThreadId(20) hotstuff_runner::app: Node 1 view(8472) far exceeds block count (2117); potential sync issue    
2026-08-07T04:39:46.240120Z  WARN ThreadId(20) hotstuff_runner::app: Node 1 [produce_block] queue size: 0, attempting up to 0 transactions this block    
2026-08-07T04:39:46.240370Z  WARN ThreadId(20) hotstuff_runner::app: Node 1 view(8476) far exceeds block count (2118); potential sync issue    
2026-08-07T04:39:46.321988Z  WARN ThreadId(20) hotstuff_runner::app: Node 1 [produce_block] queue size: 0, attempting up to 0 transactions this block    
2026-08-07T04:39:46.322151Z  WARN ThreadId(20) hotstuff_runner::app: Node 1 view(8480) far exceeds block count (2119); potential sync issue    
2026-08-07T04:39:46.436442Z  WARN ThreadId(20) hotstuff_runner::app: Node 1 [produce_block] queue size: 0, attempting up to 0 transactions this block    
2026-08-07T04:39:46.436916Z  WARN ThreadId(20) hotstuff_runner::app: Node 1 view(8484) far exceeds block count (2120); potential sync issue    
2026-08-07T04:39:46.548394Z  WARN ThreadId(20) hotstuff_runner::app: Node 1 [produce_block] queue size: 0, attempting up to 0 transactions this block    
2026-08-07T04:39:46.548766Z  WARN ThreadId(20) hotstuff_runner::app: Node 1 view(8488) far exceeds block count (2121); potential sync issue    
2026-08-07T04:39:46.712954Z  WARN ThreadId(20) hotstuff_runner::app: Node 1 [produce_block] queue size: 0, attempting up to 0 transactions this block    
2026-08-07T04:39:46.713157Z  WARN ThreadId(20) hotstuff_runner::app: Node 1 view(8492) far exceeds block count (2122); potential sync issue    
2026-08-07T04:39:46.899853Z  WARN ThreadId(20) hotstuff_runner::app: Node 1 [produce_block] queue size: 0, attempting up to 0 transactions this block    
2026-08-07T04:39:46.902748Z  WARN ThreadId(20) hotstuff_runner::app: Node 1 view(8496) far exceeds block count (2123); potential sync issue    
2026-08-07T04:39:47.064109Z  WARN ThreadId(20) hotstuff_runner::app: Node 1 [produce_block] queue size: 0, attempting up to 0 transactions this block    
2026-08-07T04:39:47.071499Z  WARN ThreadId(20) hotstuff_runner::app: Node 1 view(8500) far exceeds block count (2124); potential sync issue    
2026-08-07T04:39:47.179662Z  WARN ThreadId(20) hotstuff_runner::app: Node 1 [produce_block] queue size: 0, attempting up to 0 transactions this block    
2026-08-07T04:39:47.179992Z  WARN ThreadId(20) hotstuff_runner::app: Node 1 view(8504) far exceeds block count (2125); potential sync issue    
2026-08-07T04:39:47.306544Z  WARN ThreadId(20) hotstuff_runner::app: Node 1 [produce_block] queue size: 0, attempting up to 0 transactions this block    
2026-08-07T04:39:47.316478Z  WARN ThreadId(20) hotstuff_runner::app: Node 1 view(8508) far exceeds block count (2126); potential sync issue    
2026-08-07T04:39:47.451621Z  WARN ThreadId(20) hotstuff_runner::app: Node 1 [produce_block] queue size: 0, attempting up to 0 transactions this block    
2026-08-07T04:39:47.452367Z  WARN ThreadId(20) hotstuff_runner::app: Node 1 view(8512) far exceeds block count (2127); potential sync issue    
2026-08-07T04:39:47.555001Z  WARN ThreadId(20) hotstuff_runner::app: Node 1 [produce_block] queue size: 0, attempting up to 0 transactions this block    
2026-08-07T04:39:47.557456Z  WARN ThreadId(20) hotstuff_runner::app: Node 1 view(8516) far exceeds block count (2128); potential sync issue    
2026-08-07T04:39:47.693767Z  WARN ThreadId(20) hotstuff_runner::app: Node 1 [produce_block] queue size: 0, attempting up to 0 transactions this block    
2026-08-07T04:39:47.701282Z  WARN ThreadId(20) hotstuff_runner::app: Node 1 view(8520) far exceeds block count (2129); potential sync issue    
2026-08-07T04:39:47.868413Z  WARN ThreadId(20) hotstuff_runner::app: Node 1 [produce_block] queue size: 0, attempting up to 0 transactions this block    
2026-08-07T04:39:47.871869Z  WARN ThreadId(20) hotstuff_runner::app: Node 1 view(8524) far exceeds block count (2130); potential sync issue    
2026-08-07T04:39:47.979262Z  WARN ThreadId(20) hotstuff_runner::app: Node 1 [produce_block] queue size: 0, attempting up to 0 transactions this block    
2026-08-07T04:39:47.981242Z  WARN ThreadId(20) hotstuff_runner::app: Node 1 view(8528) far exceeds block count (2131); potential sync issue    
2026-08-07T04:39:48.151182Z  WARN ThreadId(20) hotstuff_runner::app: Node 1 [produce_block] queue size: 0, attempting up to 0 transactions this block    
2026-08-07T04:39:48.155009Z  WARN ThreadId(20) hotstuff_runner::app: Node 1 view(8532) far exceeds block count (2132); potential sync issue    
2026-08-07T04:39:48.292467Z  WARN ThreadId(20) hotstuff_runner::app: Node 1 [produce_block] queue size: 0, attempting up to 0 transactions this block    
2026-08-07T04:39:48.299768Z  WARN ThreadId(20) hotstuff_runner::app: Node 1 view(8536) far exceeds block count (2133); potential sync issue    
2026-08-07T04:39:48.453020Z  WARN ThreadId(20) hotstuff_runner::app: Node 1 [produce_block] queue size: 0, attempting up to 0 transactions this block    
2026-08-07T04:39:48.455296Z  WARN ThreadId(20) hotstuff_runner::app: Node 1 view(8540) far exceeds block count (2134); potential sync issue    
2026-08-07T04:39:48.597357Z  WARN ThreadId(20) hotstuff_runner::app: Node 1 [produce_block] queue size: 0, attempting up to 0 transactions this block    
2026-08-07T04:39:48.597533Z  WARN ThreadId(20) hotstuff_runner::app: Node 1 view(8544) far exceeds block count (2135); potential sync issue    
2026-08-07T04:39:48.774669Z  WARN ThreadId(20) hotstuff_runner::app: Node 1 [produce_block] queue size: 0, attempting up to 0 transactions this block    
2026-08-07T04:39:48.779574Z  WARN ThreadId(20) hotstuff_runner::app: Node 1 view(8548) far exceeds block count (2136); potential sync issue    
2026-08-07T04:39:48.932903Z  WARN ThreadId(20) hotstuff_runner::app: Node 1 [produce_block] queue size: 0, attempting up to 0 transactions this block    
2026-08-07T04:39:48.933144Z  WARN ThreadId(20) hotstuff_runner::app: Node 1 view(8552) far exceeds block count (2137); potential sync issue    
2026-08-07T04:39:49.067646Z  WARN ThreadId(20) hotstuff_runner::app: Node 1 [produce_block] queue size: 0, attempting up to 0 transactions this block    
2026-08-07T04:39:49.072627Z  WARN ThreadId(20) hotstuff_runner::app: Node 1 view(8556) far exceeds block count (2138); potential sync issue    
2026-08-07T04:39:49.232772Z  WARN ThreadId(20) hotstuff_runner::app: Node 1 [produce_block] queue size: 0, attempting up to 0 transactions this block    
2026-08-07T04:39:49.236005Z  WARN ThreadId(20) hotstuff_runner::app: Node 1 view(8560) far exceeds block count (2139); potential sync issue    
2026-08-07T04:39:49.366333Z  WARN ThreadId(20) hotstuff_runner::app: Node 1 [produce_block] queue size: 0, attempting up to 0 transactions this block    
2026-08-07T04:39:49.370887Z  WARN ThreadId(20) hotstuff_runner::app: Node 1 view(8564) far exceeds block count (2140); potential sync issue    
2026-08-07T04:39:49.537533Z  WARN ThreadId(20) hotstuff_runner::app: Node 1 [produce_block] queue size: 0, attempting up to 0 transactions this block    
2026-08-07T04:39:49.538737Z  WARN ThreadId(20) hotstuff_runner::app: Node 1 view(8568) far exceeds block count (2141); potential sync issue    
2026-08-07T04:39:49.698454Z  WARN ThreadId(20) hotstuff_runner::app: Node 1 [produce_block] queue size: 0, attempting up to 0 transactions this block    
2026-08-07T04:39:49.698655Z  WARN ThreadId(20) hotstuff_runner::app: Node 1 view(8572) far exceeds block count (2142); potential sync issue    
2026-08-07T04:39:49.856442Z  WARN ThreadId(20) hotstuff_runner::app: Node 1 [produce_block] queue size: 0, attempting up to 0 transactions this block    
2026-08-07T04:39:49.856844Z  WARN ThreadId(20) hotstuff_runner::app: Node 1 view(8576) far exceeds block count (2143); potential sync issue    
2026-08-07T04:39:50.058945Z  WARN ThreadId(20) hotstuff_runner::app: Node 1 [produce_block] queue size: 0, attempting up to 0 transactions this block    
2026-08-07T04:39:50.061977Z  WARN ThreadId(20) hotstuff_runner::app: Node 1 view(8580) far exceeds block count (2144); potential sync issue    
2026-08-07T04:39:50.191102Z  WARN ThreadId(20) hotstuff_runner::app: Node 1 [produce_block] queue size: 0, attempting up to 0 transactions this block    
2026-08-07T04:39:50.196505Z  WARN ThreadId(20) hotstuff_runner::app: Node 1 view(8584) far exceeds block count (2145); potential sync issue    
2026-08-07T04:39:50.338355Z  WARN ThreadId(20) hotstuff_runner::app: Node 1 [produce_block] queue size: 0, attempting up to 0 transactions this block    
2026-08-07T04:39:50.341521Z  WARN ThreadId(20) hotstuff_runner::app: Node 1 view(8588) far exceeds block count (2146); potential sync issue    
2026-08-07T04:39:50.502314Z  WARN ThreadId(20) hotstuff_runner::app: Node 1 [produce_block] queue size: 0, attempting up to 0 transactions this block    
2026-08-07T04:39:50.504116Z  WARN ThreadId(20) hotstuff_runner::app: Node 1 view(8592) far exceeds block count (2147); potential sync issue    
2026-08-07T04:39:50.666606Z  WARN ThreadId(20) hotstuff_runner::app: Node 1 [produce_block] queue size: 0, attempting up to 0 transactions this block    
2026-08-07T04:39:50.668030Z  WARN ThreadId(20) hotstuff_runner::app: Node 1 view(8596) far exceeds block count (2148); potential sync issue    
2026-08-07T04:39:50.846719Z  WARN ThreadId(20) hotstuff_runner::app: Node 1 [produce_block] queue size: 0, attempting up to 0 transactions this block    
2026-08-07T04:39:50.846868Z  WARN ThreadId(20) hotstuff_runner::app: Node 1 view(8600) far exceeds block count (2149); potential sync issue    
2026-08-07T04:39:50.972500Z  WARN ThreadId(05) docker_node: Low processing efficiency: 0.0% - system may need tuning
2026-08-07T04:39:50.987477Z  WARN ThreadId(05) docker_node:   Connection reuse ineffective (2.0 msg/conn)
2026-08-07T04:39:51.137510Z  WARN ThreadId(20) hotstuff_runner::app: Node 1 [produce_block] queue size: 0, attempting up to 0 transactions this block    
2026-08-07T04:39:51.145870Z  WARN ThreadId(20) hotstuff_runner::app: Node 1 view(8604) far exceeds block count (2150); potential sync issue    
