2026-08-08T12:18:09.931927Z  WARN ThreadId(01) docker_node: HOTSTUFF_NODE_LEAST_ID=0, HOTSTUFF_NODE_NUM=4
2026-08-08T12:18:09.933151Z  WARN ThreadId(01) hotstuff_runner::telemetry: Prometheus metrics exporter started ✅ listen_addr=0.0.0.0:9900
2026-08-08T12:18:09.933375Z  WARN ThreadId(01) hotstuff_runner::telemetry: ✅ wrote smrol.node_up=1 (boot) node_id=0
2026-08-08T12:18:30.143680Z  WARN ThreadId(01) hotstuff_runner::tcp_node: Node 0 view timeout set to 2000 ms
2026-08-08T12:18:30.153225Z  WARN ThreadId(01) hotstuff_runner::smrol::sequencing: SMROL_MEDIAN_INFLIGHT=3, SMROL_ORDER_FINALIZE_INFLIGHT=3, SMROL_FINAL_SIGN_INFLIGHT=3, SMROL_FINAL_VERIFY_INFLIGHT=3
2026-08-08T12:18:30.160299Z  WARN ThreadId(01) hotstuff_runner::smrol::sequencing: [Sequencing] Node 0 multi-signature verification disabled: false
2026-08-08T12:18:30.153538Z ERROR ThreadId(23) hotstuff_runner::pompe_network: Node 0 failed to connect to node 1: Connection refused (os error 111)
2026-08-08T12:18:30.163826Z  WARN ThreadId(05) hotstuff_runner::smrol::sequencing: [Sequencing] Node 0 final verify dispatcher started
2026-08-08T12:18:30.168461Z ERROR ThreadId(24) hotstuff_runner::pompe_network: Node 0 failed to connect to node 2: Connection refused (os error 111)
2026-08-08T12:18:30.169525Z ERROR ThreadId(24) hotstuff_runner::pompe_network: Node 0 failed to connect to node 3: Connection refused (os error 111)
2026-08-08T12:18:32.153882Z  WARN ThreadId(21) hotstuff_runner::tcp_node: Node 0 view 0 timed out; latency may accumulate
2026-08-08T12:18:32.204958Z  WARN ThreadId(20) hotstuff_runner::app: Node 0 [produce_block] queue size: 0, attempting up to 0 transactions this block    
2026-08-08T12:18:32.249734Z  WARN ThreadId(20) hotstuff_runner::app: Node 0 [produce_block] queue size: 0, attempting up to 0 transactions this block    
2026-08-08T12:18:32.313036Z  WARN ThreadId(20) hotstuff_runner::app: Node 0 [produce_block] queue size: 0, attempting up to 0 transactions this block    
2026-08-08T12:18:32.340208Z  WARN ThreadId(20) hotstuff_runner::app: Node 0 [produce_block] queue size: 0, attempting up to 0 transactions this block    
2026-08-08T12:18:32.393690Z  WARN ThreadId(20) hotstuff_runner::app: Node 0 [produce_block] queue size: 0, attempting up to 0 transactions this block    
2026-08-08T12:18:32.433572Z  WARN ThreadId(20) hotstuff_runner::app: Node 0 [produce_block] queue size: 0, attempting up to 0 transactions this block    
2026-08-08T12:18:32.466269Z  WARN ThreadId(20) hotstuff_runner::app: Node 0 [produce_block] queue size: 0, attempting up to 0 transactions this block    
2026-08-08T12:18:32.496538Z  WARN ThreadId(20) hotstuff_runner::app: Node 0 [produce_block] queue size: 0, attempting up to 0 transactions this block    
2026-08-08T12:18:32.519914Z  WARN ThreadId(20) hotstuff_runner::app: Node 0 [produce_block] queue size: 0, attempting up to 0 transactions this block    
2026-08-08T12:18:32.571032Z  WARN ThreadId(20) hotstuff_runner::app: Node 0 [produce_block] queue size: 0, attempting up to 0 transactions this block    
2026-08-08T12:18:32.607954Z  WARN ThreadId(20) hotstuff_runner::app: Node 0 [produce_block] queue size: 0, attempting up to 0 transactions this block    
2026-08-08T12:18:32.647903Z  WARN ThreadId(20) hotstuff_runner::app: Node 0 [produce_block] queue size: 0, attempting up to 0 transactions this block    
2026-08-08T12:18:32.700241Z  WARN ThreadId(20) hotstuff_runner::app: Node 0 [produce_block] queue size: 0, attempting up to 0 transactions this block    
2026-08-08T12:18:32.727149Z  WARN ThreadId(20) hotstuff_runner::app: Node 0 [produce_block] queue size: 0, attempting up to 0 transactions this block    
2026-08-08T12:18:32.764064Z  WARN ThreadId(20) hotstuff_runner::app: Node 0 [produce_block] queue size: 0, attempting up to 0 transactions this block    
2026-08-08T12:18:32.803091Z  WARN ThreadId(20) hotstuff_runner::app: Node 0 [produce_block] queue size: 0, attempting up to 0 transactions this block    
2026-08-08T12:18:32.832624Z  WARN ThreadId(20) hotstuff_runner::app: Node 0 [produce_block] queue size: 0, attempting up to 0 transactions this block    
2026-08-08T12:18:32.898337Z  WARN ThreadId(20) hotstuff_runner::app: Node 0 [produce_block] queue size: 0, attempting up to 0 transactions this block    
2026-08-08T12:18:32.975230Z  WARN ThreadId(20) hotstuff_runner::app: Node 0 [produce_block] queue size: 0, attempting up to 0 transactions this block    
2026-08-08T12:18:33.007343Z  WARN ThreadId(20) hotstuff_runner::app: Node 0 [produce_block] queue size: 0, attempting up to 0 transactions this block    
2026-08-08T12:18:33.053546Z  WARN ThreadId(20) hotstuff_runner::app: Node 0 [produce_block] queue size: 0, attempting up to 0 transactions this block    
2026-08-08T12:18:33.092198Z  WARN ThreadId(20) hotstuff_runner::app: Node 0 [produce_block] queue size: 0, attempting up to 0 transactions this block    
2026-08-08T12:18:33.126310Z  WARN ThreadId(20) hotstuff_runner::app: Node 0 [produce_block] queue size: 0, attempting up to 0 transactions this block    
2026-08-08T12:18:33.164957Z  WARN ThreadId(20) hotstuff_runner::app: Node 0 [produce_block] queue size: 0, attempting up to 0 transactions this block    
2026-08-08T12:18:33.207710Z  WARN ThreadId(20) hotstuff_runner::app: Node 0 [produce_block] queue size: 0, attempting up to 0 transactions this block    
2026-08-08T12:18:33.269518Z  WARN ThreadId(20) hotstuff_runner::app: Node 0 [produce_block] queue size: 0, attempting up to 0 transactions this block    
2026-08-08T12:18:33.296145Z  WARN ThreadId(20) hotstuff_runner::app: Node 0 [produce_block] queue size: 0, attempting up to 0 transactions this block    
2026-08-08T12:18:33.326067Z  WARN ThreadId(20) hotstuff_runner::app: Node 0 [produce_block] queue size: 0, attempting up to 0 transactions this block    
2026-08-08T12:18:33.352068Z  WARN ThreadId(20) hotstuff_runner::app: Node 0 [produce_block] queue size: 0, attempting up to 0 transactions this block    
2026-08-08T12:18:33.380429Z  WARN ThreadId(20) hotstuff_runner::app: Node 0 [produce_block] queue size: 0, attempting up to 0 transactions this block    
2026-08-08T12:18:33.405791Z  WARN ThreadId(20) hotstuff_runner::app: Node 0 [produce_block] queue size: 0, attempting up to 0 transactions this block    
2026-08-08T12:18:33.433149Z  WARN ThreadId(20) hotstuff_runner::app: Node 0 [produce_block] queue size: 0, attempting up to 0 transactions this block    
2026-08-08T12:18:33.453754Z  WARN ThreadId(20) hotstuff_runner::app: Node 0 [produce_block] queue size: 0, attempting up to 0 transactions this block    
2026-08-08T12:18:33.476074Z  WARN ThreadId(20) hotstuff_runner::app: Node 0 [produce_block] queue size: 0, attempting up to 0 transactions this block    
2026-08-08T12:18:33.500801Z  WARN ThreadId(20) hotstuff_runner::app: Node 0 [produce_block] queue size: 0, attempting up to 0 transactions this block    
2026-08-08T12:18:33.500889Z  WARN ThreadId(20) hotstuff_runner::app: Node 0 view(137) far exceeds block count (34); potential sync issue    
2026-08-08T12:18:33.532624Z  WARN ThreadId(20) hotstuff_runner::app: Node 0 [produce_block] queue size: 0, attempting up to 0 transactions this block    
2026-08-08T12:18:33.532856Z  WARN ThreadId(20) hotstuff_runner::app: Node 0 view(141) far exceeds block count (35); potential sync issue    
2026-08-08T12:18:33.583291Z  WARN ThreadId(20) hotstuff_runner::app: Node 0 [produce_block] queue size: 0, attempting up to 0 transactions this block    
2026-08-08T12:18:33.583607Z  WARN ThreadId(20) hotstuff_runner::app: Node 0 view(145) far exceeds block count (36); potential sync issue    
2026-08-08T12:18:33.617419Z  WARN ThreadId(20) hotstuff_runner::app: Node 0 [produce_block] queue size: 0, attempting up to 0 transactions this block    
2026-08-08T12:18:33.619253Z  WARN ThreadId(20) hotstuff_runner::app: Node 0 view(149) far exceeds block count (37); potential sync issue    
2026-08-08T12:18:33.660252Z  WARN ThreadId(20) hotstuff_runner::app: Node 0 [produce_block] queue size: 0, attempting up to 0 transactions this block    
2026-08-08T12:18:33.661726Z  WARN ThreadId(20) hotstuff_runner::app: Node 0 view(153) far exceeds block count (38); potential sync issue    
2026-08-08T12:18:33.695659Z  WARN ThreadId(20) hotstuff_runner::app: Node 0 [produce_block] queue size: 0, attempting up to 0 transactions this block    
2026-08-08T12:18:33.696230Z  WARN ThreadId(20) hotstuff_runner::app: Node 0 view(157) far exceeds block count (39); potential sync issue    
2026-08-08T12:18:33.722574Z  WARN ThreadId(20) hotstuff_runner::app: Node 0 [produce_block] queue size: 0, attempting up to 0 transactions this block    
2026-08-08T12:18:33.722897Z  WARN ThreadId(20) hotstuff_runner::app: Node 0 view(161) far exceeds block count (40); potential sync issue    
2026-08-08T12:18:33.753122Z  WARN ThreadId(20) hotstuff_runner::app: Node 0 [produce_block] queue size: 0, attempting up to 0 transactions this block    
2026-08-08T12:18:33.754005Z  WARN ThreadId(20) hotstuff_runner::app: Node 0 view(165) far exceeds block count (41); potential sync issue    
2026-08-08T12:18:33.789172Z  WARN ThreadId(20) hotstuff_runner::app: Node 0 [produce_block] queue size: 0, attempting up to 0 transactions this block    
2026-08-08T12:18:33.789507Z  WARN ThreadId(20) hotstuff_runner::app: Node 0 view(169) far exceeds block count (42); potential sync issue    
2026-08-08T12:18:33.817743Z  WARN ThreadId(20) hotstuff_runner::app: Node 0 [produce_block] queue size: 0, attempting up to 0 transactions this block    
2026-08-08T12:18:33.818536Z  WARN ThreadId(20) hotstuff_runner::app: Node 0 view(173) far exceeds block count (43); potential sync issue    
2026-08-08T12:18:33.848116Z  WARN ThreadId(20) hotstuff_runner::app: Node 0 [produce_block] queue size: 0, attempting up to 0 transactions this block    
2026-08-08T12:18:33.848834Z  WARN ThreadId(20) hotstuff_runner::app: Node 0 view(177) far exceeds block count (44); potential sync issue    
2026-08-08T12:18:33.876169Z  WARN ThreadId(20) hotstuff_runner::app: Node 0 [produce_block] queue size: 0, attempting up to 0 transactions this block    
2026-08-08T12:18:33.877261Z  WARN ThreadId(20) hotstuff_runner::app: Node 0 view(181) far exceeds block count (45); potential sync issue    
2026-08-08T12:18:33.922062Z  WARN ThreadId(20) hotstuff_runner::app: Node 0 [produce_block] queue size: 0, attempting up to 0 transactions this block    
2026-08-08T12:18:33.923122Z  WARN ThreadId(20) hotstuff_runner::app: Node 0 view(185) far exceeds block count (46); potential sync issue    
2026-08-08T12:18:33.951989Z  WARN ThreadId(20) hotstuff_runner::app: Node 0 [produce_block] queue size: 0, attempting up to 0 transactions this block    
2026-08-08T12:18:33.952343Z  WARN ThreadId(20) hotstuff_runner::app: Node 0 view(189) far exceeds block count (47); potential sync issue    
2026-08-08T12:18:33.988846Z  WARN ThreadId(20) hotstuff_runner::app: Node 0 [produce_block] queue size: 0, attempting up to 0 transactions this block    
2026-08-08T12:18:33.990073Z  WARN ThreadId(20) hotstuff_runner::app: Node 0 view(193) far exceeds block count (48); potential sync issue    
2026-08-08T12:18:34.020193Z  WARN ThreadId(20) hotstuff_runner::app: Node 0 [produce_block] queue size: 0, attempting up to 0 transactions this block    
2026-08-08T12:18:34.021198Z  WARN ThreadId(20) hotstuff_runner::app: Node 0 view(197) far exceeds block count (49); potential sync issue    
2026-08-08T12:18:34.056467Z  WARN ThreadId(20) hotstuff_runner::app: Node 0 [produce_block] queue size: 0, attempting up to 0 transactions this block    
2026-08-08T12:18:34.057341Z  WARN ThreadId(20) hotstuff_runner::app: Node 0 view(201) far exceeds block count (50); potential sync issue    
2026-08-08T12:18:34.093366Z  WARN ThreadId(20) hotstuff_runner::app: Node 0 [produce_block] queue size: 0, attempting up to 0 transactions this block    
2026-08-08T12:18:34.094447Z  WARN ThreadId(20) hotstuff_runner::app: Node 0 view(205) far exceeds block count (51); potential sync issue    
2026-08-08T12:18:34.126613Z  WARN ThreadId(20) hotstuff_runner::app: Node 0 [produce_block] queue size: 0, attempting up to 0 transactions this block    
2026-08-08T12:18:34.127088Z  WARN ThreadId(20) hotstuff_runner::app: Node 0 view(209) far exceeds block count (52); potential sync issue    
2026-08-08T12:18:34.169278Z  WARN ThreadId(20) hotstuff_runner::app: Node 0 [produce_block] queue size: 0, attempting up to 0 transactions this block    
2026-08-08T12:18:34.170826Z  WARN ThreadId(20) hotstuff_runner::app: Node 0 view(213) far exceeds block count (53); potential sync issue    
2026-08-08T12:18:34.202805Z  WARN ThreadId(20) hotstuff_runner::app: Node 0 [produce_block] queue size: 0, attempting up to 0 transactions this block    
2026-08-08T12:18:34.204425Z  WARN ThreadId(20) hotstuff_runner::app: Node 0 view(217) far exceeds block count (54); potential sync issue    
2026-08-08T12:18:34.236221Z  WARN ThreadId(20) hotstuff_runner::app: Node 0 [produce_block] queue size: 0, attempting up to 0 transactions this block    
2026-08-08T12:18:34.252948Z  WARN ThreadId(20) hotstuff_runner::app: Node 0 view(221) far exceeds block count (55); potential sync issue    
2026-08-08T12:18:34.312859Z  WARN ThreadId(20) hotstuff_runner::app: Node 0 [produce_block] queue size: 0, attempting up to 0 transactions this block    
2026-08-08T12:18:34.318941Z  WARN ThreadId(20) hotstuff_runner::app: Node 0 view(225) far exceeds block count (56); potential sync issue    
2026-08-08T12:18:34.369221Z  WARN ThreadId(20) hotstuff_runner::app: Node 0 [produce_block] queue size: 0, attempting up to 0 transactions this block    
2026-08-08T12:18:34.370754Z  WARN ThreadId(20) hotstuff_runner::app: Node 0 view(229) far exceeds block count (57); potential sync issue    
2026-08-08T12:18:34.401791Z  WARN ThreadId(20) hotstuff_runner::app: Node 0 [produce_block] queue size: 0, attempting up to 0 transactions this block    
2026-08-08T12:18:34.402190Z  WARN ThreadId(20) hotstuff_runner::app: Node 0 view(233) far exceeds block count (58); potential sync issue    
2026-08-08T12:18:34.431732Z  WARN ThreadId(20) hotstuff_runner::app: Node 0 [produce_block] queue size: 0, attempting up to 0 transactions this block    
2026-08-08T12:18:34.431852Z  WARN ThreadId(20) hotstuff_runner::app: Node 0 view(237) far exceeds block count (59); potential sync issue    
2026-08-08T12:18:34.466218Z  WARN ThreadId(20) hotstuff_runner::app: Node 0 [produce_block] queue size: 0, attempting up to 0 transactions this block    
2026-08-08T12:18:34.466971Z  WARN ThreadId(20) hotstuff_runner::app: Node 0 view(241) far exceeds block count (60); potential sync issue    
2026-08-08T12:18:34.498669Z  WARN ThreadId(20) hotstuff_runner::app: Node 0 [produce_block] queue size: 0, attempting up to 0 transactions this block    
2026-08-08T12:18:34.499258Z  WARN ThreadId(20) hotstuff_runner::app: Node 0 view(245) far exceeds block count (61); potential sync issue    
2026-08-08T12:18:34.528352Z  WARN ThreadId(20) hotstuff_runner::app: Node 0 [produce_block] queue size: 0, attempting up to 0 transactions this block    
2026-08-08T12:18:34.528535Z  WARN ThreadId(20) hotstuff_runner::app: Node 0 view(249) far exceeds block count (62); potential sync issue    
2026-08-08T12:18:34.574022Z  WARN ThreadId(20) hotstuff_runner::app: Node 0 [produce_block] queue size: 0, attempting up to 0 transactions this block    
2026-08-08T12:18:34.574461Z  WARN ThreadId(20) hotstuff_runner::app: Node 0 view(253) far exceeds block count (63); potential sync issue    
2026-08-08T12:18:34.604454Z  WARN ThreadId(20) hotstuff_runner::app: Node 0 [produce_block] queue size: 0, attempting up to 0 transactions this block    
2026-08-08T12:18:34.604942Z  WARN ThreadId(20) hotstuff_runner::app: Node 0 view(257) far exceeds block count (64); potential sync issue    
2026-08-08T12:18:34.638705Z  WARN ThreadId(20) hotstuff_runner::app: Node 0 [produce_block] queue size: 0, attempting up to 0 transactions this block    
2026-08-08T12:18:34.638783Z  WARN ThreadId(20) hotstuff_runner::app: Node 0 view(261) far exceeds block count (65); potential sync issue    
2026-08-08T12:18:34.662849Z  WARN ThreadId(20) hotstuff_runner::app: Node 0 [produce_block] queue size: 0, attempting up to 0 transactions this block    
2026-08-08T12:18:34.663362Z  WARN ThreadId(20) hotstuff_runner::app: Node 0 view(265) far exceeds block count (66); potential sync issue    
2026-08-08T12:18:34.701366Z  WARN ThreadId(20) hotstuff_runner::app: Node 0 [produce_block] queue size: 0, attempting up to 0 transactions this block    
2026-08-08T12:18:34.702674Z  WARN ThreadId(20) hotstuff_runner::app: Node 0 view(269) far exceeds block count (67); potential sync issue    
2026-08-08T12:18:34.732982Z  WARN ThreadId(20) hotstuff_runner::app: Node 0 [produce_block] queue size: 0, attempting up to 0 transactions this block    
2026-08-08T12:18:34.734344Z  WARN ThreadId(20) hotstuff_runner::app: Node 0 view(273) far exceeds block count (68); potential sync issue    
2026-08-08T12:18:34.768904Z  WARN ThreadId(20) hotstuff_runner::app: Node 0 [produce_block] queue size: 0, attempting up to 0 transactions this block    
2026-08-08T12:18:34.771801Z  WARN ThreadId(20) hotstuff_runner::app: Node 0 view(277) far exceeds block count (69); potential sync issue    
2026-08-08T12:18:34.809226Z  WARN ThreadId(20) hotstuff_runner::app: Node 0 [produce_block] queue size: 0, attempting up to 0 transactions this block    
2026-08-08T12:18:34.809552Z  WARN ThreadId(20) hotstuff_runner::app: Node 0 view(281) far exceeds block count (70); potential sync issue    
2026-08-08T12:18:34.841660Z  WARN ThreadId(20) hotstuff_runner::app: Node 0 [produce_block] queue size: 0, attempting up to 0 transactions this block    
2026-08-08T12:18:34.842751Z  WARN ThreadId(20) hotstuff_runner::app: Node 0 view(285) far exceeds block count (71); potential sync issue    
2026-08-08T12:18:34.872501Z  WARN ThreadId(20) hotstuff_runner::app: Node 0 [produce_block] queue size: 0, attempting up to 0 transactions this block    
2026-08-08T12:18:34.873911Z  WARN ThreadId(20) hotstuff_runner::app: Node 0 view(289) far exceeds block count (72); potential sync issue    
2026-08-08T12:18:34.904213Z  WARN ThreadId(20) hotstuff_runner::app: Node 0 [produce_block] queue size: 0, attempting up to 0 transactions this block    
2026-08-08T12:18:34.904607Z  WARN ThreadId(20) hotstuff_runner::app: Node 0 view(293) far exceeds block count (73); potential sync issue    
2026-08-08T12:18:34.933473Z  WARN ThreadId(20) hotstuff_runner::app: Node 0 [produce_block] queue size: 0, attempting up to 0 transactions this block    
2026-08-08T12:18:34.933762Z  WARN ThreadId(20) hotstuff_runner::app: Node 0 view(297) far exceeds block count (74); potential sync issue    
2026-08-08T12:18:34.965060Z  WARN ThreadId(20) hotstuff_runner::app: Node 0 [produce_block] queue size: 0, attempting up to 0 transactions this block    
2026-08-08T12:18:34.966283Z  WARN ThreadId(20) hotstuff_runner::app: Node 0 view(301) far exceeds block count (75); potential sync issue    
2026-08-08T12:18:35.026139Z  WARN ThreadId(20) hotstuff_runner::app: Node 0 [produce_block] queue size: 0, attempting up to 0 transactions this block    
2026-08-08T12:18:35.031351Z  WARN ThreadId(20) hotstuff_runner::app: Node 0 view(305) far exceeds block count (76); potential sync issue    
2026-08-08T12:18:35.084206Z  WARN ThreadId(20) hotstuff_runner::app: Node 0 [produce_block] queue size: 0, attempting up to 0 transactions this block    
2026-08-08T12:18:35.084850Z  WARN ThreadId(20) hotstuff_runner::app: Node 0 view(309) far exceeds block count (77); potential sync issue    
2026-08-08T12:18:35.130330Z  WARN ThreadId(20) hotstuff_runner::app: Node 0 [produce_block] queue size: 0, attempting up to 0 transactions this block    
2026-08-08T12:18:35.130699Z  WARN ThreadId(20) hotstuff_runner::app: Node 0 view(313) far exceeds block count (78); potential sync issue    
2026-08-08T12:18:35.162101Z  WARN ThreadId(20) hotstuff_runner::app: Node 0 [produce_block] queue size: 0, attempting up to 0 transactions this block    
2026-08-08T12:18:35.162474Z  WARN ThreadId(20) hotstuff_runner::app: Node 0 view(317) far exceeds block count (79); potential sync issue    
2026-08-08T12:18:35.166656Z  WARN ThreadId(01) docker_node: Node 1 port 20001 temporarily unreachable: Connection refused (os error 111)
2026-08-08T12:18:35.167139Z  WARN ThreadId(01) docker_node: Node 2 port 20002 temporarily unreachable: Connection refused (os error 111)
2026-08-08T12:18:35.168708Z  WARN ThreadId(01) docker_node: Node 3 port 20003 temporarily unreachable: Connection refused (os error 111)
2026-08-08T12:18:35.201713Z  WARN ThreadId(20) hotstuff_runner::app: Node 0 [produce_block] queue size: 0, attempting up to 0 transactions this block    
2026-08-08T12:18:35.201816Z  WARN ThreadId(20) hotstuff_runner::app: Node 0 view(321) far exceeds block count (80); potential sync issue    
2026-08-08T12:18:35.231989Z  WARN ThreadId(20) hotstuff_runner::app: Node 0 [produce_block] queue size: 0, attempting up to 0 transactions this block    
2026-08-08T12:18:35.233149Z  WARN ThreadId(20) hotstuff_runner::app: Node 0 view(325) far exceeds block count (81); potential sync issue    
2026-08-08T12:18:35.293659Z  WARN ThreadId(20) hotstuff_runner::app: Node 0 [produce_block] queue size: 0, attempting up to 0 transactions this block    
2026-08-08T12:18:35.294325Z  WARN ThreadId(20) hotstuff_runner::app: Node 0 view(329) far exceeds block count (82); potential sync issue    
2026-08-08T12:18:35.340901Z  WARN ThreadId(20) hotstuff_runner::app: Node 0 [produce_block] queue size: 0, attempting up to 0 transactions this block    
2026-08-08T12:18:35.341367Z  WARN ThreadId(20) hotstuff_runner::app: Node 0 view(333) far exceeds block count (83); potential sync issue    
2026-08-08T12:18:35.477064Z  WARN ThreadId(20) hotstuff_runner::app: Node 0 [produce_block] queue size: 0, attempting up to 0 transactions this block    
2026-08-08T12:18:35.477589Z  WARN ThreadId(20) hotstuff_runner::app: Node 0 view(337) far exceeds block count (84); potential sync issue    
2026-08-08T12:18:35.535129Z  WARN ThreadId(20) hotstuff_runner::app: Node 0 [produce_block] queue size: 0, attempting up to 0 transactions this block    
2026-08-08T12:18:35.535702Z  WARN ThreadId(20) hotstuff_runner::app: Node 0 view(341) far exceeds block count (85); potential sync issue    
2026-08-08T12:18:35.590422Z  WARN ThreadId(20) hotstuff_runner::app: Node 0 [produce_block] queue size: 0, attempting up to 0 transactions this block    
2026-08-08T12:18:35.598858Z  WARN ThreadId(20) hotstuff_runner::app: Node 0 view(345) far exceeds block count (86); potential sync issue    
2026-08-08T12:18:35.690136Z  WARN ThreadId(20) hotstuff_runner::app: Node 0 [produce_block] queue size: 0, attempting up to 0 transactions this block    
2026-08-08T12:18:35.690832Z  WARN ThreadId(20) hotstuff_runner::app: Node 0 view(349) far exceeds block count (87); potential sync issue    
2026-08-08T12:18:35.750333Z  WARN ThreadId(20) hotstuff_runner::app: Node 0 [produce_block] queue size: 0, attempting up to 0 transactions this block    
2026-08-08T12:18:35.752534Z  WARN ThreadId(20) hotstuff_runner::app: Node 0 view(353) far exceeds block count (88); potential sync issue    
2026-08-08T12:18:35.779216Z  WARN ThreadId(20) hotstuff_runner::app: Node 0 [produce_block] queue size: 0, attempting up to 0 transactions this block    
2026-08-08T12:18:35.780907Z  WARN ThreadId(20) hotstuff_runner::app: Node 0 view(357) far exceeds block count (89); potential sync issue    
2026-08-08T12:18:35.828533Z  WARN ThreadId(20) hotstuff_runner::app: Node 0 [produce_block] queue size: 0, attempting up to 0 transactions this block    
2026-08-08T12:18:35.829605Z  WARN ThreadId(20) hotstuff_runner::app: Node 0 view(361) far exceeds block count (90); potential sync issue    
2026-08-08T12:18:35.883793Z  WARN ThreadId(21) hotstuff_runner::tcp_node: Detected transaction backlog: submit rate (8.3) > confirm rate (0.0)
2026-08-08T12:18:35.892212Z  WARN ThreadId(20) hotstuff_runner::app: Node 0 [produce_block] queue size: 0, attempting up to 0 transactions this block    
2026-08-08T12:18:35.892680Z  WARN ThreadId(20) hotstuff_runner::app: Node 0 view(365) far exceeds block count (91); potential sync issue    
2026-08-08T12:18:35.948750Z  WARN ThreadId(20) hotstuff_runner::app: Node 0 [produce_block] queue size: 0, attempting up to 0 transactions this block    
2026-08-08T12:18:35.954190Z  WARN ThreadId(20) hotstuff_runner::app: Node 0 view(369) far exceeds block count (92); potential sync issue    
2026-08-08T12:18:36.020922Z  WARN ThreadId(20) hotstuff_runner::app: Node 0 [produce_block] queue size: 2, attempting up to 2 transactions this block    
2026-08-08T12:18:36.021319Z  WARN ThreadId(20) hotstuff_runner::app: Node 0 view(373) far exceeds block count (93); potential sync issue    
2026-08-08T12:18:36.032624Z  WARN ThreadId(21) hotstuff_runner::tcp_node: Detected transaction backlog: submit rate (3.5) > confirm rate (0.0)
2026-08-08T12:18:36.094250Z  WARN ThreadId(20) hotstuff_runner::app: Node 0 [produce_block] queue size: 0, attempting up to 0 transactions this block    
2026-08-08T12:18:36.095149Z  WARN ThreadId(20) hotstuff_runner::app: Node 0 view(377) far exceeds block count (94); potential sync issue    
2026-08-08T12:18:36.125573Z  WARN ThreadId(20) hotstuff_runner::app: Node 0 [produce_block] queue size: 0, attempting up to 0 transactions this block    
2026-08-08T12:18:36.126827Z  WARN ThreadId(20) hotstuff_runner::app: Node 0 view(381) far exceeds block count (95); potential sync issue    
2026-08-08T12:18:36.156062Z  WARN ThreadId(21) hotstuff_runner::tcp_node: Detected transaction backlog: submit rate (2.5) > confirm rate (0.0)
2026-08-08T12:18:36.212275Z  WARN ThreadId(20) hotstuff_runner::app: Node 0 [produce_block] queue size: 2, attempting up to 2 transactions this block    
2026-08-08T12:18:36.213003Z  WARN ThreadId(20) hotstuff_runner::app: Node 0 view(385) far exceeds block count (96); potential sync issue    
2026-08-08T12:18:36.270052Z  WARN ThreadId(20) hotstuff_runner::app: Node 0 [produce_block] queue size: 0, attempting up to 0 transactions this block    
2026-08-08T12:18:36.270607Z  WARN ThreadId(20) hotstuff_runner::app: Node 0 view(389) far exceeds block count (97); potential sync issue    
2026-08-08T12:18:36.281603Z  WARN ThreadId(21) hotstuff_runner::tcp_node: Detected transaction backlog: submit rate (1.9) > confirm rate (0.0)
2026-08-08T12:18:36.333107Z  WARN ThreadId(20) hotstuff_runner::app: Node 0 [produce_block] queue size: 2, attempting up to 2 transactions this block    
2026-08-08T12:18:36.334050Z  WARN ThreadId(20) hotstuff_runner::app: Node 0 view(393) far exceeds block count (98); potential sync issue    
2026-08-08T12:18:36.417357Z  WARN ThreadId(21) hotstuff_runner::tcp_node: Detected transaction backlog: submit rate (1.5) > confirm rate (0.0)
2026-08-08T12:18:36.423457Z  WARN ThreadId(20) hotstuff_runner::app: Node 0 [produce_block] queue size: 0, attempting up to 0 transactions this block    
2026-08-08T12:18:36.424236Z  WARN ThreadId(20) hotstuff_runner::app: Node 0 view(397) far exceeds block count (99); potential sync issue    
2026-08-08T12:18:36.499239Z  WARN ThreadId(20) hotstuff_runner::app: Node 0 [produce_block] queue size: 2, attempting up to 2 transactions this block    
2026-08-08T12:18:36.500648Z  WARN ThreadId(20) hotstuff_runner::app: Node 0 view(401) far exceeds block count (100); potential sync issue    
2026-08-08T12:18:36.517680Z  WARN ThreadId(21) hotstuff_runner::tcp_node: Detected transaction backlog: submit rate (2.6) > confirm rate (0.0)
2026-08-08T12:18:36.594479Z  WARN ThreadId(20) hotstuff_runner::app: Node 0 [produce_block] queue size: 0, attempting up to 0 transactions this block    
2026-08-08T12:18:36.600702Z  WARN ThreadId(20) hotstuff_runner::app: Node 0 view(405) far exceeds block count (101); potential sync issue    
2026-08-08T12:18:36.615130Z  WARN ThreadId(21) hotstuff_runner::tcp_node: Detected transaction backlog: submit rate (2.3) > confirm rate (0.0)
2026-08-08T12:18:36.682886Z  WARN ThreadId(20) hotstuff_runner::app: Node 0 [produce_block] queue size: 2, attempting up to 2 transactions this block    
2026-08-08T12:18:36.683140Z  WARN ThreadId(20) hotstuff_runner::app: Node 0 view(409) far exceeds block count (102); potential sync issue    
2026-08-08T12:18:36.723263Z  WARN ThreadId(21) hotstuff_runner::tcp_node: Detected transaction backlog: submit rate (2.1) > confirm rate (0.0)
2026-08-08T12:18:36.807991Z  WARN ThreadId(20) hotstuff_runner::app: Node 0 [produce_block] queue size: 0, attempting up to 0 transactions this block    
2026-08-08T12:18:36.808227Z  WARN ThreadId(20) hotstuff_runner::app: Node 0 view(413) far exceeds block count (103); potential sync issue    
2026-08-08T12:18:36.869462Z  WARN ThreadId(20) hotstuff_runner::app: Node 0 [produce_block] queue size: 2, attempting up to 2 transactions this block    
2026-08-08T12:18:36.872730Z  WARN ThreadId(20) hotstuff_runner::app: Node 0 view(417) far exceeds block count (104); potential sync issue    
2026-08-08T12:18:36.935940Z  WARN ThreadId(20) hotstuff_runner::app: Node 0 [produce_block] queue size: 0, attempting up to 0 transactions this block    
2026-08-08T12:18:36.937978Z  WARN ThreadId(20) hotstuff_runner::app: Node 0 view(421) far exceeds block count (105); potential sync issue    
2026-08-08T12:18:37.001688Z  WARN ThreadId(20) hotstuff_runner::app: Node 0 [produce_block] queue size: 2, attempting up to 2 transactions this block    
2026-08-08T12:18:37.002770Z  WARN ThreadId(20) hotstuff_runner::app: Node 0 view(425) far exceeds block count (106); potential sync issue    
2026-08-08T12:18:37.067209Z  WARN ThreadId(20) hotstuff_runner::app: Node 0 [produce_block] queue size: 0, attempting up to 0 transactions this block    
2026-08-08T12:18:37.067335Z  WARN ThreadId(20) hotstuff_runner::app: Node 0 view(429) far exceeds block count (107); potential sync issue    
2026-08-08T12:18:37.123241Z  WARN ThreadId(20) hotstuff_runner::app: Node 0 [produce_block] queue size: 0, attempting up to 0 transactions this block    
2026-08-08T12:18:37.125214Z  WARN ThreadId(20) hotstuff_runner::app: Node 0 view(433) far exceeds block count (108); potential sync issue    
2026-08-08T12:18:37.161279Z  WARN ThreadId(20) hotstuff_runner::app: Node 0 [produce_block] queue size: 0, attempting up to 0 transactions this block    
2026-08-08T12:18:37.161609Z  WARN ThreadId(20) hotstuff_runner::app: Node 0 view(437) far exceeds block count (109); potential sync issue    
2026-08-08T12:18:37.217556Z  WARN ThreadId(20) hotstuff_runner::app: Node 0 [produce_block] queue size: 2, attempting up to 2 transactions this block    
2026-08-08T12:18:37.217748Z  WARN ThreadId(20) hotstuff_runner::app: Node 0 view(441) far exceeds block count (110); potential sync issue    
2026-08-08T12:18:37.273031Z  WARN ThreadId(20) hotstuff_runner::app: Node 0 [produce_block] queue size: 0, attempting up to 0 transactions this block    
2026-08-08T12:18:37.273222Z  WARN ThreadId(20) hotstuff_runner::app: Node 0 view(445) far exceeds block count (111); potential sync issue    
2026-08-08T12:18:37.305675Z  WARN ThreadId(20) hotstuff_runner::app: Node 0 [produce_block] queue size: 0, attempting up to 0 transactions this block    
2026-08-08T12:18:37.309244Z  WARN ThreadId(20) hotstuff_runner::app: Node 0 view(449) far exceeds block count (112); potential sync issue    
2026-08-08T12:18:37.342030Z  WARN ThreadId(20) hotstuff_runner::app: Node 0 [produce_block] queue size: 0, attempting up to 0 transactions this block    
2026-08-08T12:18:37.342159Z  WARN ThreadId(20) hotstuff_runner::app: Node 0 view(453) far exceeds block count (113); potential sync issue    
2026-08-08T12:18:37.395001Z  WARN ThreadId(20) hotstuff_runner::app: Node 0 [produce_block] queue size: 0, attempting up to 0 transactions this block    
2026-08-08T12:18:37.399700Z  WARN ThreadId(20) hotstuff_runner::app: Node 0 view(457) far exceeds block count (114); potential sync issue    
2026-08-08T12:18:37.463177Z  WARN ThreadId(20) hotstuff_runner::app: Node 0 [produce_block] queue size: 2, attempting up to 2 transactions this block    
2026-08-08T12:18:37.464716Z  WARN ThreadId(20) hotstuff_runner::app: Node 0 view(461) far exceeds block count (115); potential sync issue    
2026-08-08T12:18:37.547372Z  WARN ThreadId(20) hotstuff_runner::app: Node 0 [produce_block] queue size: 0, attempting up to 0 transactions this block    
2026-08-08T12:18:37.547601Z  WARN ThreadId(20) hotstuff_runner::app: Node 0 view(465) far exceeds block count (116); potential sync issue    
2026-08-08T12:18:37.583261Z  WARN ThreadId(20) hotstuff_runner::app: Node 0 [produce_block] queue size: 0, attempting up to 0 transactions this block    
2026-08-08T12:18:37.583577Z  WARN ThreadId(20) hotstuff_runner::app: Node 0 view(469) far exceeds block count (117); potential sync issue    
2026-08-08T12:18:37.637534Z  WARN ThreadId(20) hotstuff_runner::app: Node 0 [produce_block] queue size: 0, attempting up to 0 transactions this block    
2026-08-08T12:18:37.638352Z  WARN ThreadId(20) hotstuff_runner::app: Node 0 view(473) far exceeds block count (118); potential sync issue    
2026-08-08T12:18:37.671462Z  WARN ThreadId(20) hotstuff_runner::app: Node 0 [produce_block] queue size: 2, attempting up to 2 transactions this block    
2026-08-08T12:18:37.671633Z  WARN ThreadId(20) hotstuff_runner::app: Node 0 view(477) far exceeds block count (119); potential sync issue    
2026-08-08T12:18:37.707930Z  WARN ThreadId(20) hotstuff_runner::app: Node 0 [produce_block] queue size: 0, attempting up to 0 transactions this block    
2026-08-08T12:18:37.708521Z  WARN ThreadId(20) hotstuff_runner::app: Node 0 view(481) far exceeds block count (120); potential sync issue    
2026-08-08T12:18:37.738285Z  WARN ThreadId(20) hotstuff_runner::app: Node 0 [produce_block] queue size: 0, attempting up to 0 transactions this block    
2026-08-08T12:18:37.738412Z  WARN ThreadId(20) hotstuff_runner::app: Node 0 view(485) far exceeds block count (121); potential sync issue    
2026-08-08T12:18:37.770682Z  WARN ThreadId(20) hotstuff_runner::app: Node 0 [produce_block] queue size: 0, attempting up to 0 transactions this block    
2026-08-08T12:18:37.772314Z  WARN ThreadId(20) hotstuff_runner::app: Node 0 view(489) far exceeds block count (122); potential sync issue    
2026-08-08T12:18:37.807776Z  WARN ThreadId(20) hotstuff_runner::app: Node 0 [produce_block] queue size: 0, attempting up to 0 transactions this block    
2026-08-08T12:18:37.807939Z  WARN ThreadId(20) hotstuff_runner::app: Node 0 view(493) far exceeds block count (123); potential sync issue    
2026-08-08T12:18:37.842808Z  WARN ThreadId(20) hotstuff_runner::app: Node 0 [produce_block] queue size: 2, attempting up to 2 transactions this block    
2026-08-08T12:18:37.843227Z  WARN ThreadId(20) hotstuff_runner::app: Node 0 view(497) far exceeds block count (124); potential sync issue    
2026-08-08T12:18:37.868354Z  WARN ThreadId(20) hotstuff_runner::app: Node 0 [produce_block] queue size: 0, attempting up to 0 transactions this block    
2026-08-08T12:18:37.869167Z  WARN ThreadId(20) hotstuff_runner::app: Node 0 view(501) far exceeds block count (125); potential sync issue    
2026-08-08T12:18:37.904071Z  WARN ThreadId(20) hotstuff_runner::app: Node 0 [produce_block] queue size: 0, attempting up to 0 transactions this block    
2026-08-08T12:18:37.906585Z  WARN ThreadId(20) hotstuff_runner::app: Node 0 view(505) far exceeds block count (126); potential sync issue    
2026-08-08T12:18:37.956286Z  WARN ThreadId(20) hotstuff_runner::app: Node 0 [produce_block] queue size: 0, attempting up to 0 transactions this block    
2026-08-08T12:18:37.956861Z  WARN ThreadId(20) hotstuff_runner::app: Node 0 view(509) far exceeds block count (127); potential sync issue    
2026-08-08T12:18:38.004309Z  WARN ThreadId(20) hotstuff_runner::app: Node 0 [produce_block] queue size: 0, attempting up to 0 transactions this block    
2026-08-08T12:18:38.005695Z  WARN ThreadId(20) hotstuff_runner::app: Node 0 view(513) far exceeds block count (128); potential sync issue    
2026-08-08T12:18:38.055478Z  WARN ThreadId(20) hotstuff_runner::app: Node 0 [produce_block] queue size: 2, attempting up to 2 transactions this block    
2026-08-08T12:18:38.057042Z  WARN ThreadId(20) hotstuff_runner::app: Node 0 view(517) far exceeds block count (129); potential sync issue    
2026-08-08T12:18:38.113034Z  WARN ThreadId(20) hotstuff_runner::app: Node 0 [produce_block] queue size: 0, attempting up to 0 transactions this block    
2026-08-08T12:18:38.113189Z  WARN ThreadId(20) hotstuff_runner::app: Node 0 view(521) far exceeds block count (130); potential sync issue    
2026-08-08T12:18:38.165785Z  WARN ThreadId(20) hotstuff_runner::app: Node 0 [produce_block] queue size: 0, attempting up to 0 transactions this block    
2026-08-08T12:18:38.170955Z  WARN ThreadId(20) hotstuff_runner::app: Node 0 view(525) far exceeds block count (131); potential sync issue    
2026-08-08T12:18:38.230115Z  WARN ThreadId(20) hotstuff_runner::app: Node 0 [produce_block] queue size: 0, attempting up to 0 transactions this block    
2026-08-08T12:18:38.234848Z  WARN ThreadId(20) hotstuff_runner::app: Node 0 view(529) far exceeds block count (132); potential sync issue    
2026-08-08T12:18:38.275710Z  WARN ThreadId(20) hotstuff_runner::app: Node 0 [produce_block] queue size: 2, attempting up to 2 transactions this block    
2026-08-08T12:18:38.278276Z  WARN ThreadId(20) hotstuff_runner::app: Node 0 view(533) far exceeds block count (133); potential sync issue    
2026-08-08T12:18:38.329756Z  WARN ThreadId(20) hotstuff_runner::app: Node 0 [produce_block] queue size: 0, attempting up to 0 transactions this block    
2026-08-08T12:18:38.330424Z  WARN ThreadId(20) hotstuff_runner::app: Node 0 view(537) far exceeds block count (134); potential sync issue    
2026-08-08T12:18:38.408455Z  WARN ThreadId(20) hotstuff_runner::app: Node 0 [produce_block] queue size: 0, attempting up to 0 transactions this block    
2026-08-08T12:18:38.411330Z  WARN ThreadId(20) hotstuff_runner::app: Node 0 view(541) far exceeds block count (135); potential sync issue    
2026-08-08T12:18:38.466395Z  WARN ThreadId(20) hotstuff_runner::app: Node 0 [produce_block] queue size: 2, attempting up to 2 transactions this block    
2026-08-08T12:18:38.472317Z  WARN ThreadId(20) hotstuff_runner::app: Node 0 view(545) far exceeds block count (136); potential sync issue    
2026-08-08T12:18:38.537229Z  WARN ThreadId(20) hotstuff_runner::app: Node 0 [produce_block] queue size: 0, attempting up to 0 transactions this block    
2026-08-08T12:18:38.539595Z  WARN ThreadId(20) hotstuff_runner::app: Node 0 view(549) far exceeds block count (137); potential sync issue    
2026-08-08T12:18:38.596455Z  WARN ThreadId(20) hotstuff_runner::app: Node 0 [produce_block] queue size: 0, attempting up to 0 transactions this block    
2026-08-08T12:18:38.596601Z  WARN ThreadId(20) hotstuff_runner::app: Node 0 view(553) far exceeds block count (138); potential sync issue    
2026-08-08T12:18:38.630999Z  WARN ThreadId(20) hotstuff_runner::app: Node 0 [produce_block] queue size: 0, attempting up to 0 transactions this block    
2026-08-08T12:18:38.632809Z  WARN ThreadId(20) hotstuff_runner::app: Node 0 view(557) far exceeds block count (139); potential sync issue    
2026-08-08T12:18:38.694088Z  WARN ThreadId(20) hotstuff_runner::app: Node 0 [produce_block] queue size: 2, attempting up to 2 transactions this block    
2026-08-08T12:18:38.696883Z  WARN ThreadId(20) hotstuff_runner::app: Node 0 view(561) far exceeds block count (140); potential sync issue    
2026-08-08T12:18:38.734803Z  WARN ThreadId(20) hotstuff_runner::app: Node 0 [produce_block] queue size: 0, attempting up to 0 transactions this block    
2026-08-08T12:18:38.740147Z  WARN ThreadId(20) hotstuff_runner::app: Node 0 view(565) far exceeds block count (141); potential sync issue    
2026-08-08T12:18:38.772161Z  WARN ThreadId(20) hotstuff_runner::app: Node 0 [produce_block] queue size: 0, attempting up to 0 transactions this block    
2026-08-08T12:18:38.772317Z  WARN ThreadId(20) hotstuff_runner::app: Node 0 view(569) far exceeds block count (142); potential sync issue    
2026-08-08T12:18:38.824788Z  WARN ThreadId(20) hotstuff_runner::app: Node 0 [produce_block] queue size: 0, attempting up to 0 transactions this block    
2026-08-08T12:18:38.827007Z  WARN ThreadId(20) hotstuff_runner::app: Node 0 view(573) far exceeds block count (143); potential sync issue    
2026-08-08T12:18:38.856864Z  WARN ThreadId(20) hotstuff_runner::app: Node 0 [produce_block] queue size: 0, attempting up to 0 transactions this block    
2026-08-08T12:18:38.858463Z  WARN ThreadId(20) hotstuff_runner::app: Node 0 view(577) far exceeds block count (144); potential sync issue    
2026-08-08T12:18:38.912128Z  WARN ThreadId(20) hotstuff_runner::app: Node 0 [produce_block] queue size: 2, attempting up to 2 transactions this block    
2026-08-08T12:18:38.912246Z  WARN ThreadId(20) hotstuff_runner::app: Node 0 view(581) far exceeds block count (145); potential sync issue    
2026-08-08T12:18:38.938505Z  WARN ThreadId(20) hotstuff_runner::app: Node 0 [produce_block] queue size: 0, attempting up to 0 transactions this block    
2026-08-08T12:18:38.940449Z  WARN ThreadId(20) hotstuff_runner::app: Node 0 view(585) far exceeds block count (146); potential sync issue    
2026-08-08T12:18:38.979225Z  WARN ThreadId(20) hotstuff_runner::app: Node 0 [produce_block] queue size: 0, attempting up to 0 transactions this block    
2026-08-08T12:18:38.979347Z  WARN ThreadId(20) hotstuff_runner::app: Node 0 view(589) far exceeds block count (147); potential sync issue    
2026-08-08T12:18:39.052263Z  WARN ThreadId(20) hotstuff_runner::app: Node 0 [produce_block] queue size: 0, attempting up to 0 transactions this block    
2026-08-08T12:18:39.059886Z  WARN ThreadId(20) hotstuff_runner::app: Node 0 view(593) far exceeds block count (148); potential sync issue    
2026-08-08T12:18:39.114265Z  WARN ThreadId(20) hotstuff_runner::app: Node 0 [produce_block] queue size: 2, attempting up to 2 transactions this block    
2026-08-08T12:18:39.115503Z  WARN ThreadId(20) hotstuff_runner::app: Node 0 view(597) far exceeds block count (149); potential sync issue    
2026-08-08T12:18:39.151700Z  WARN ThreadId(20) hotstuff_runner::app: Node 0 [produce_block] queue size: 0, attempting up to 0 transactions this block    
2026-08-08T12:18:39.151970Z  WARN ThreadId(20) hotstuff_runner::app: Node 0 view(601) far exceeds block count (150); potential sync issue    
2026-08-08T12:18:39.185705Z  WARN ThreadId(20) hotstuff_runner::app: Node 0 [produce_block] queue size: 0, attempting up to 0 transactions this block    
2026-08-08T12:18:39.185862Z  WARN ThreadId(20) hotstuff_runner::app: Node 0 view(605) far exceeds block count (151); potential sync issue    
2026-08-08T12:18:39.228160Z  WARN ThreadId(20) hotstuff_runner::app: Node 0 [produce_block] queue size: 0, attempting up to 0 transactions this block    
2026-08-08T12:18:39.228499Z  WARN ThreadId(20) hotstuff_runner::app: Node 0 view(609) far exceeds block count (152); potential sync issue    
2026-08-08T12:18:39.270874Z  WARN ThreadId(20) hotstuff_runner::app: Node 0 [produce_block] queue size: 2, attempting up to 2 transactions this block    
2026-08-08T12:18:39.271315Z  WARN ThreadId(20) hotstuff_runner::app: Node 0 view(613) far exceeds block count (153); potential sync issue    
2026-08-08T12:18:39.304749Z  WARN ThreadId(20) hotstuff_runner::app: Node 0 [produce_block] queue size: 0, attempting up to 0 transactions this block    
2026-08-08T12:18:39.304878Z  WARN ThreadId(20) hotstuff_runner::app: Node 0 view(617) far exceeds block count (154); potential sync issue    
2026-08-08T12:18:39.350941Z  WARN ThreadId(20) hotstuff_runner::app: Node 0 [produce_block] queue size: 0, attempting up to 0 transactions this block    
2026-08-08T12:18:39.351217Z  WARN ThreadId(20) hotstuff_runner::app: Node 0 view(621) far exceeds block count (155); potential sync issue    
2026-08-08T12:18:39.406646Z  WARN ThreadId(20) hotstuff_runner::app: Node 0 [produce_block] queue size: 0, attempting up to 0 transactions this block    
2026-08-08T12:18:39.406736Z  WARN ThreadId(20) hotstuff_runner::app: Node 0 view(625) far exceeds block count (156); potential sync issue    
2026-08-08T12:18:39.472025Z  WARN ThreadId(20) hotstuff_runner::app: Node 0 [produce_block] queue size: 0, attempting up to 0 transactions this block    
2026-08-08T12:18:39.473953Z  WARN ThreadId(20) hotstuff_runner::app: Node 0 view(629) far exceeds block count (157); potential sync issue    
2026-08-08T12:18:39.532545Z  WARN ThreadId(20) hotstuff_runner::app: Node 0 [produce_block] queue size: 2, attempting up to 2 transactions this block    
2026-08-08T12:18:39.542782Z  WARN ThreadId(20) hotstuff_runner::app: Node 0 view(633) far exceeds block count (158); potential sync issue    
2026-08-08T12:18:39.600777Z  WARN ThreadId(20) hotstuff_runner::app: Node 0 [produce_block] queue size: 0, attempting up to 0 transactions this block    
2026-08-08T12:18:39.607861Z  WARN ThreadId(20) hotstuff_runner::app: Node 0 view(637) far exceeds block count (159); potential sync issue    
2026-08-08T12:18:39.661755Z  WARN ThreadId(20) hotstuff_runner::app: Node 0 [produce_block] queue size: 0, attempting up to 0 transactions this block    
2026-08-08T12:18:39.663305Z  WARN ThreadId(20) hotstuff_runner::app: Node 0 view(641) far exceeds block count (160); potential sync issue    
2026-08-08T12:18:39.719725Z  WARN ThreadId(20) hotstuff_runner::app: Node 0 [produce_block] queue size: 2, attempting up to 2 transactions this block    
2026-08-08T12:18:39.720589Z  WARN ThreadId(20) hotstuff_runner::app: Node 0 view(645) far exceeds block count (161); potential sync issue    
2026-08-08T12:18:39.770998Z  WARN ThreadId(20) hotstuff_runner::app: Node 0 [produce_block] queue size: 0, attempting up to 0 transactions this block    
2026-08-08T12:18:39.773908Z  WARN ThreadId(20) hotstuff_runner::app: Node 0 view(649) far exceeds block count (162); potential sync issue    
2026-08-08T12:18:39.825196Z  WARN ThreadId(20) hotstuff_runner::app: Node 0 [produce_block] queue size: 0, attempting up to 0 transactions this block    
2026-08-08T12:18:39.825682Z  WARN ThreadId(20) hotstuff_runner::app: Node 0 view(653) far exceeds block count (163); potential sync issue    
2026-08-08T12:18:39.892088Z  WARN ThreadId(20) hotstuff_runner::app: Node 0 [produce_block] queue size: 2, attempting up to 2 transactions this block    
2026-08-08T12:18:39.892258Z  WARN ThreadId(20) hotstuff_runner::app: Node 0 view(657) far exceeds block count (164); potential sync issue    
2026-08-08T12:18:39.943891Z  WARN ThreadId(20) hotstuff_runner::app: Node 0 [produce_block] queue size: 0, attempting up to 0 transactions this block    
2026-08-08T12:18:39.944718Z  WARN ThreadId(20) hotstuff_runner::app: Node 0 view(661) far exceeds block count (165); potential sync issue    
2026-08-08T12:18:39.978976Z  WARN ThreadId(20) hotstuff_runner::app: Node 0 [produce_block] queue size: 0, attempting up to 0 transactions this block    
2026-08-08T12:18:39.979353Z  WARN ThreadId(20) hotstuff_runner::app: Node 0 view(665) far exceeds block count (166); potential sync issue    
2026-08-08T12:18:40.042526Z  WARN ThreadId(20) hotstuff_runner::app: Node 0 [produce_block] queue size: 0, attempting up to 0 transactions this block    
2026-08-08T12:18:40.042726Z  WARN ThreadId(20) hotstuff_runner::app: Node 0 view(669) far exceeds block count (167); potential sync issue    
2026-08-08T12:18:40.125125Z  WARN ThreadId(20) hotstuff_runner::app: Node 0 [produce_block] queue size: 2, attempting up to 2 transactions this block    
2026-08-08T12:18:40.129350Z  WARN ThreadId(20) hotstuff_runner::app: Node 0 view(673) far exceeds block count (168); potential sync issue    
2026-08-08T12:18:40.167648Z  WARN ThreadId(06) docker_node:   Connection reuse ineffective (46.7 msg/conn)
2026-08-08T12:18:40.194117Z  WARN ThreadId(20) hotstuff_runner::app: Node 0 [produce_block] queue size: 0, attempting up to 0 transactions this block    
2026-08-08T12:18:40.205703Z  WARN ThreadId(20) hotstuff_runner::app: Node 0 view(677) far exceeds block count (169); potential sync issue    
2026-08-08T12:18:40.285448Z  WARN ThreadId(20) hotstuff_runner::app: Node 0 [produce_block] queue size: 0, attempting up to 0 transactions this block    
2026-08-08T12:18:40.286525Z  WARN ThreadId(20) hotstuff_runner::app: Node 0 view(681) far exceeds block count (170); potential sync issue    
2026-08-08T12:18:40.382901Z  WARN ThreadId(20) hotstuff_runner::app: Node 0 [produce_block] queue size: 2, attempting up to 2 transactions this block    
2026-08-08T12:18:40.383303Z  WARN ThreadId(20) hotstuff_runner::app: Node 0 view(685) far exceeds block count (171); potential sync issue    
2026-08-08T12:18:40.508800Z  WARN ThreadId(20) hotstuff_runner::app: Node 0 [produce_block] queue size: 0, attempting up to 0 transactions this block    
2026-08-08T12:18:40.518414Z  WARN ThreadId(20) hotstuff_runner::app: Node 0 view(689) far exceeds block count (172); potential sync issue    
2026-08-08T12:18:40.579529Z  WARN ThreadId(20) hotstuff_runner::app: Node 0 [produce_block] queue size: 2, attempting up to 2 transactions this block    
2026-08-08T12:18:40.582148Z  WARN ThreadId(20) hotstuff_runner::app: Node 0 view(693) far exceeds block count (173); potential sync issue    
2026-08-08T12:18:40.628784Z  WARN ThreadId(20) hotstuff_runner::app: Node 0 [produce_block] queue size: 0, attempting up to 0 transactions this block    
2026-08-08T12:18:40.637237Z  WARN ThreadId(20) hotstuff_runner::app: Node 0 view(697) far exceeds block count (174); potential sync issue    
2026-08-08T12:18:40.675675Z  WARN ThreadId(20) hotstuff_runner::app: Node 0 [produce_block] queue size: 0, attempting up to 0 transactions this block    
2026-08-08T12:18:40.675897Z  WARN ThreadId(20) hotstuff_runner::app: Node 0 view(701) far exceeds block count (175); potential sync issue    
2026-08-08T12:18:40.717647Z  WARN ThreadId(20) hotstuff_runner::app: Node 0 [produce_block] queue size: 0, attempting up to 0 transactions this block    
2026-08-08T12:18:40.717972Z  WARN ThreadId(20) hotstuff_runner::app: Node 0 view(705) far exceeds block count (176); potential sync issue    
2026-08-08T12:18:40.767697Z  WARN ThreadId(20) hotstuff_runner::app: Node 0 [produce_block] queue size: 2, attempting up to 2 transactions this block    
2026-08-08T12:18:40.768465Z  WARN ThreadId(20) hotstuff_runner::app: Node 0 view(709) far exceeds block count (177); potential sync issue    
2026-08-08T12:18:40.816834Z  WARN ThreadId(20) hotstuff_runner::app: Node 0 [produce_block] queue size: 0, attempting up to 0 transactions this block    
2026-08-08T12:18:40.817233Z  WARN ThreadId(20) hotstuff_runner::app: Node 0 view(713) far exceeds block count (178); potential sync issue    
2026-08-08T12:18:40.865189Z  WARN ThreadId(20) hotstuff_runner::app: Node 0 [produce_block] queue size: 0, attempting up to 0 transactions this block    
2026-08-08T12:18:40.866041Z  WARN ThreadId(20) hotstuff_runner::app: Node 0 view(717) far exceeds block count (179); potential sync issue    
2026-08-08T12:18:40.906389Z  WARN ThreadId(20) hotstuff_runner::app: Node 0 [produce_block] queue size: 0, attempting up to 0 transactions this block    
2026-08-08T12:18:40.911533Z  WARN ThreadId(20) hotstuff_runner::app: Node 0 view(721) far exceeds block count (180); potential sync issue    
2026-08-08T12:18:40.984237Z  WARN ThreadId(20) hotstuff_runner::app: Node 0 [produce_block] queue size: 2, attempting up to 2 transactions this block    
2026-08-08T12:18:40.991859Z  WARN ThreadId(20) hotstuff_runner::app: Node 0 view(725) far exceeds block count (181); potential sync issue    
2026-08-08T12:18:41.042583Z  WARN ThreadId(20) hotstuff_runner::app: Node 0 [produce_block] queue size: 0, attempting up to 0 transactions this block    
2026-08-08T12:18:41.042866Z  WARN ThreadId(20) hotstuff_runner::app: Node 0 view(729) far exceeds block count (182); potential sync issue    
2026-08-08T12:18:41.093516Z  WARN ThreadId(20) hotstuff_runner::app: Node 0 [produce_block] queue size: 0, attempting up to 0 transactions this block    
2026-08-08T12:18:41.093704Z  WARN ThreadId(20) hotstuff_runner::app: Node 0 view(733) far exceeds block count (183); potential sync issue    
2026-08-08T12:18:41.148292Z  WARN ThreadId(20) hotstuff_runner::app: Node 0 [produce_block] queue size: 2, attempting up to 2 transactions this block    
2026-08-08T12:18:41.154991Z  WARN ThreadId(20) hotstuff_runner::app: Node 0 view(737) far exceeds block count (184); potential sync issue    
2026-08-08T12:18:41.214716Z  WARN ThreadId(20) hotstuff_runner::app: Node 0 [produce_block] queue size: 0, attempting up to 0 transactions this block    
2026-08-08T12:18:41.220986Z  WARN ThreadId(20) hotstuff_runner::app: Node 0 view(741) far exceeds block count (185); potential sync issue    
2026-08-08T12:18:41.291447Z  WARN ThreadId(20) hotstuff_runner::app: Node 0 [produce_block] queue size: 2, attempting up to 2 transactions this block    
2026-08-08T12:18:41.291642Z  WARN ThreadId(20) hotstuff_runner::app: Node 0 view(745) far exceeds block count (186); potential sync issue    
2026-08-08T12:18:41.335632Z  WARN ThreadId(20) hotstuff_runner::app: Node 0 [produce_block] queue size: 0, attempting up to 0 transactions this block    
2026-08-08T12:18:41.337643Z  WARN ThreadId(20) hotstuff_runner::app: Node 0 view(749) far exceeds block count (187); potential sync issue    
2026-08-08T12:18:41.386212Z  WARN ThreadId(20) hotstuff_runner::app: Node 0 [produce_block] queue size: 0, attempting up to 0 transactions this block    
2026-08-08T12:18:41.386915Z  WARN ThreadId(20) hotstuff_runner::app: Node 0 view(753) far exceeds block count (188); potential sync issue    
2026-08-08T12:18:41.421748Z  WARN ThreadId(20) hotstuff_runner::app: Node 0 [produce_block] queue size: 0, attempting up to 0 transactions this block    
2026-08-08T12:18:41.422660Z  WARN ThreadId(20) hotstuff_runner::app: Node 0 view(757) far exceeds block count (189); potential sync issue    
2026-08-08T12:18:41.458779Z  WARN ThreadId(20) hotstuff_runner::app: Node 0 [produce_block] queue size: 0, attempting up to 0 transactions this block    
2026-08-08T12:18:41.459683Z  WARN ThreadId(20) hotstuff_runner::app: Node 0 view(761) far exceeds block count (190); potential sync issue    
2026-08-08T12:18:41.511677Z  WARN ThreadId(20) hotstuff_runner::app: Node 0 [produce_block] queue size: 0, attempting up to 0 transactions this block    
2026-08-08T12:18:41.514495Z  WARN ThreadId(20) hotstuff_runner::app: Node 0 view(765) far exceeds block count (191); potential sync issue    
2026-08-08T12:18:41.577444Z  WARN ThreadId(20) hotstuff_runner::app: Node 0 [produce_block] queue size: 2, attempting up to 2 transactions this block    
2026-08-08T12:18:41.579345Z  WARN ThreadId(20) hotstuff_runner::app: Node 0 view(769) far exceeds block count (192); potential sync issue    
2026-08-08T12:18:41.644733Z  WARN ThreadId(20) hotstuff_runner::app: Node 0 [produce_block] queue size: 0, attempting up to 0 transactions this block    
2026-08-08T12:18:41.654021Z  WARN ThreadId(20) hotstuff_runner::app: Node 0 view(773) far exceeds block count (193); potential sync issue    
2026-08-08T12:18:41.745357Z  WARN ThreadId(20) hotstuff_runner::app: Node 0 [produce_block] queue size: 2, attempting up to 2 transactions this block    
2026-08-08T12:18:41.750804Z  WARN ThreadId(20) hotstuff_runner::app: Node 0 view(777) far exceeds block count (194); potential sync issue    
2026-08-08T12:18:41.791171Z  WARN ThreadId(20) hotstuff_runner::app: Node 0 [produce_block] queue size: 0, attempting up to 0 transactions this block    
2026-08-08T12:18:41.791593Z  WARN ThreadId(20) hotstuff_runner::app: Node 0 view(781) far exceeds block count (195); potential sync issue    
2026-08-08T12:18:41.832073Z  WARN ThreadId(20) hotstuff_runner::app: Node 0 [produce_block] queue size: 0, attempting up to 0 transactions this block    
2026-08-08T12:18:41.834626Z  WARN ThreadId(20) hotstuff_runner::app: Node 0 view(785) far exceeds block count (196); potential sync issue    
2026-08-08T12:18:41.875252Z  WARN ThreadId(20) hotstuff_runner::app: Node 0 [produce_block] queue size: 0, attempting up to 0 transactions this block    
2026-08-08T12:18:41.875520Z  WARN ThreadId(20) hotstuff_runner::app: Node 0 view(789) far exceeds block count (197); potential sync issue    
2026-08-08T12:18:41.916410Z  WARN ThreadId(20) hotstuff_runner::app: Node 0 [produce_block] queue size: 0, attempting up to 0 transactions this block    
2026-08-08T12:18:41.917239Z  WARN ThreadId(20) hotstuff_runner::app: Node 0 view(793) far exceeds block count (198); potential sync issue    
2026-08-08T12:18:41.974513Z  WARN ThreadId(20) hotstuff_runner::app: Node 0 [produce_block] queue size: 2, attempting up to 2 transactions this block    
2026-08-08T12:18:41.979670Z  WARN ThreadId(20) hotstuff_runner::app: Node 0 view(797) far exceeds block count (199); potential sync issue    
2026-08-08T12:18:42.045919Z  WARN ThreadId(20) hotstuff_runner::app: Node 0 [produce_block] queue size: 0, attempting up to 0 transactions this block    
2026-08-08T12:18:42.054400Z  WARN ThreadId(20) hotstuff_runner::app: Node 0 view(801) far exceeds block count (200); potential sync issue    
2026-08-08T12:18:44.071609Z  WARN ThreadId(21) hotstuff_runner::tcp_node: Node 0 view 802 timed out; latency may accumulate
2026-08-08T12:18:44.107713Z  WARN ThreadId(20) hotstuff_runner::app: Node 0 [produce_block] queue size: 22, attempting up to 22 transactions this block    
2026-08-08T12:18:44.114983Z  WARN ThreadId(20) hotstuff_runner::app: Node 0 view(805) far exceeds block count (201); potential sync issue    
2026-08-08T12:18:44.186194Z  WARN ThreadId(20) hotstuff_runner::app: Node 0 [produce_block] queue size: 0, attempting up to 0 transactions this block    
2026-08-08T12:18:44.189764Z  WARN ThreadId(20) hotstuff_runner::app: Node 0 view(809) far exceeds block count (202); potential sync issue    
2026-08-08T12:18:44.230328Z  WARN ThreadId(20) hotstuff_runner::app: Node 0 [produce_block] queue size: 0, attempting up to 0 transactions this block    
2026-08-08T12:18:44.230637Z  WARN ThreadId(20) hotstuff_runner::app: Node 0 view(813) far exceeds block count (203); potential sync issue    
2026-08-08T12:18:44.294282Z  WARN ThreadId(20) hotstuff_runner::app: Node 0 [produce_block] queue size: 2, attempting up to 2 transactions this block    
2026-08-08T12:18:44.295148Z  WARN ThreadId(20) hotstuff_runner::app: Node 0 view(817) far exceeds block count (204); potential sync issue    
2026-08-08T12:18:44.349822Z  WARN ThreadId(20) hotstuff_runner::app: Node 0 [produce_block] queue size: 0, attempting up to 0 transactions this block    
2026-08-08T12:18:44.350538Z  WARN ThreadId(20) hotstuff_runner::app: Node 0 view(821) far exceeds block count (205); potential sync issue    
2026-08-08T12:18:44.400104Z  WARN ThreadId(20) hotstuff_runner::app: Node 0 [produce_block] queue size: 0, attempting up to 0 transactions this block    
2026-08-08T12:18:44.400229Z  WARN ThreadId(20) hotstuff_runner::app: Node 0 view(825) far exceeds block count (206); potential sync issue    
2026-08-08T12:18:44.435131Z  WARN ThreadId(20) hotstuff_runner::app: Node 0 [produce_block] queue size: 0, attempting up to 0 transactions this block    
2026-08-08T12:18:44.435741Z  WARN ThreadId(20) hotstuff_runner::app: Node 0 view(829) far exceeds block count (207); potential sync issue    
2026-08-08T12:18:44.474453Z  WARN ThreadId(20) hotstuff_runner::app: Node 0 [produce_block] queue size: 2, attempting up to 2 transactions this block    
2026-08-08T12:18:44.474795Z  WARN ThreadId(20) hotstuff_runner::app: Node 0 view(833) far exceeds block count (208); potential sync issue    
2026-08-08T12:18:44.605065Z  WARN ThreadId(20) hotstuff_runner::app: Node 0 [produce_block] queue size: 0, attempting up to 0 transactions this block    
2026-08-08T12:18:44.613615Z  WARN ThreadId(20) hotstuff_runner::app: Node 0 view(837) far exceeds block count (209); potential sync issue    
2026-08-08T12:18:44.820272Z  WARN ThreadId(20) hotstuff_runner::app: Node 0 [produce_block] queue size: 4, attempting up to 4 transactions this block    
2026-08-08T12:18:44.824562Z  WARN ThreadId(20) hotstuff_runner::app: Node 0 view(841) far exceeds block count (210); potential sync issue    
2026-08-08T12:18:46.853714Z  WARN ThreadId(21) hotstuff_runner::tcp_node: Node 0 view 843 timed out; latency may accumulate
2026-08-08T12:18:46.938032Z  WARN ThreadId(20) hotstuff_runner::app: Node 0 [produce_block] queue size: 20, attempting up to 20 transactions this block    
2026-08-08T12:18:46.938277Z  WARN ThreadId(20) hotstuff_runner::app: Node 0 view(845) far exceeds block count (211); potential sync issue    
2026-08-08T12:18:46.975975Z  WARN ThreadId(20) hotstuff_runner::app: Node 0 [produce_block] queue size: 2, attempting up to 2 transactions this block    
2026-08-08T12:18:46.978432Z  WARN ThreadId(20) hotstuff_runner::app: Node 0 view(849) far exceeds block count (212); potential sync issue    
2026-08-08T12:18:47.006205Z  WARN ThreadId(20) hotstuff_runner::app: Node 0 [produce_block] queue size: 0, attempting up to 0 transactions this block    
2026-08-08T12:18:47.006530Z  WARN ThreadId(20) hotstuff_runner::app: Node 0 view(853) far exceeds block count (213); potential sync issue    
2026-08-08T12:18:47.035969Z  WARN ThreadId(20) hotstuff_runner::app: Node 0 [produce_block] queue size: 0, attempting up to 0 transactions this block    
2026-08-08T12:18:47.036323Z  WARN ThreadId(20) hotstuff_runner::app: Node 0 view(857) far exceeds block count (214); potential sync issue    
2026-08-08T12:18:47.080917Z  WARN ThreadId(20) hotstuff_runner::app: Node 0 [produce_block] queue size: 0, attempting up to 0 transactions this block    
2026-08-08T12:18:47.081205Z  WARN ThreadId(20) hotstuff_runner::app: Node 0 view(861) far exceeds block count (215); potential sync issue    
2026-08-08T12:18:47.122427Z  WARN ThreadId(20) hotstuff_runner::app: Node 0 [produce_block] queue size: 0, attempting up to 0 transactions this block    
2026-08-08T12:18:47.124710Z  WARN ThreadId(20) hotstuff_runner::app: Node 0 view(865) far exceeds block count (216); potential sync issue    
2026-08-08T12:18:49.167633Z  WARN ThreadId(20) hotstuff_runner::app: Node 0 [produce_block] queue size: 20, attempting up to 20 transactions this block    
2026-08-08T12:18:49.171761Z  WARN ThreadId(20) hotstuff_runner::app: Node 0 view(869) far exceeds block count (217); potential sync issue    
2026-08-08T12:18:49.219476Z  WARN ThreadId(20) hotstuff_runner::app: Node 0 [produce_block] queue size: 2, attempting up to 2 transactions this block    
2026-08-08T12:18:49.220678Z  WARN ThreadId(20) hotstuff_runner::app: Node 0 view(873) far exceeds block count (218); potential sync issue    
2026-08-08T12:18:49.319943Z  WARN ThreadId(20) hotstuff_runner::app: Node 0 [produce_block] queue size: 0, attempting up to 0 transactions this block    
2026-08-08T12:18:49.322078Z  WARN ThreadId(20) hotstuff_runner::app: Node 0 view(877) far exceeds block count (219); potential sync issue    
2026-08-08T12:18:49.384907Z  WARN ThreadId(20) hotstuff_runner::app: Node 0 [produce_block] queue size: 2, attempting up to 2 transactions this block    
2026-08-08T12:18:49.388954Z  WARN ThreadId(20) hotstuff_runner::app: Node 0 view(881) far exceeds block count (220); potential sync issue    
2026-08-08T12:18:49.442561Z  WARN ThreadId(20) hotstuff_runner::app: Node 0 [produce_block] queue size: 0, attempting up to 0 transactions this block    
2026-08-08T12:18:49.442946Z  WARN ThreadId(20) hotstuff_runner::app: Node 0 view(885) far exceeds block count (221); potential sync issue    
2026-08-08T12:18:49.485952Z  WARN ThreadId(20) hotstuff_runner::app: Node 0 [produce_block] queue size: 0, attempting up to 0 transactions this block    
2026-08-08T12:18:49.486765Z  WARN ThreadId(20) hotstuff_runner::app: Node 0 view(889) far exceeds block count (222); potential sync issue    
2026-08-08T12:18:49.528482Z  WARN ThreadId(20) hotstuff_runner::app: Node 0 [produce_block] queue size: 2, attempting up to 2 transactions this block    
2026-08-08T12:18:49.529925Z  WARN ThreadId(20) hotstuff_runner::app: Node 0 view(893) far exceeds block count (223); potential sync issue    
2026-08-08T12:18:49.583285Z  WARN ThreadId(20) hotstuff_runner::app: Node 0 [produce_block] queue size: 0, attempting up to 0 transactions this block    
2026-08-08T12:18:49.587310Z  WARN ThreadId(20) hotstuff_runner::app: Node 0 view(897) far exceeds block count (224); potential sync issue    
2026-08-08T12:18:49.640176Z  WARN ThreadId(20) hotstuff_runner::app: Node 0 [produce_block] queue size: 0, attempting up to 0 transactions this block    
2026-08-08T12:18:49.640309Z  WARN ThreadId(20) hotstuff_runner::app: Node 0 view(901) far exceeds block count (225); potential sync issue    
2026-08-08T12:18:49.706561Z  WARN ThreadId(20) hotstuff_runner::app: Node 0 [produce_block] queue size: 0, attempting up to 0 transactions this block    
2026-08-08T12:18:49.707153Z  WARN ThreadId(20) hotstuff_runner::app: Node 0 view(905) far exceeds block count (226); potential sync issue    
2026-08-08T12:18:49.760888Z  WARN ThreadId(20) hotstuff_runner::app: Node 0 [produce_block] queue size: 2, attempting up to 2 transactions this block    
2026-08-08T12:18:49.762310Z  WARN ThreadId(20) hotstuff_runner::app: Node 0 view(909) far exceeds block count (227); potential sync issue    
2026-08-08T12:18:49.811460Z  WARN ThreadId(20) hotstuff_runner::app: Node 0 [produce_block] queue size: 0, attempting up to 0 transactions this block    
2026-08-08T12:18:49.811660Z  WARN ThreadId(20) hotstuff_runner::app: Node 0 view(913) far exceeds block count (228); potential sync issue    
2026-08-08T12:18:49.853492Z  WARN ThreadId(20) hotstuff_runner::app: Node 0 [produce_block] queue size: 0, attempting up to 0 transactions this block    
2026-08-08T12:18:49.854608Z  WARN ThreadId(20) hotstuff_runner::app: Node 0 view(917) far exceeds block count (229); potential sync issue    
2026-08-08T12:18:49.893261Z  WARN ThreadId(20) hotstuff_runner::app: Node 0 [produce_block] queue size: 2, attempting up to 2 transactions this block    
2026-08-08T12:18:49.893482Z  WARN ThreadId(20) hotstuff_runner::app: Node 0 view(921) far exceeds block count (230); potential sync issue    
2026-08-08T12:18:49.960142Z  WARN ThreadId(20) hotstuff_runner::app: Node 0 [produce_block] queue size: 0, attempting up to 0 transactions this block    
2026-08-08T12:18:49.960290Z  WARN ThreadId(20) hotstuff_runner::app: Node 0 view(925) far exceeds block count (231); potential sync issue    
2026-08-08T12:18:50.016921Z  WARN ThreadId(20) hotstuff_runner::app: Node 0 [produce_block] queue size: 0, attempting up to 0 transactions this block    
2026-08-08T12:18:50.017253Z  WARN ThreadId(20) hotstuff_runner::app: Node 0 view(929) far exceeds block count (232); potential sync issue    
2026-08-08T12:18:50.068616Z  WARN ThreadId(20) hotstuff_runner::app: Node 0 [produce_block] queue size: 2, attempting up to 2 transactions this block    
2026-08-08T12:18:50.069402Z  WARN ThreadId(20) hotstuff_runner::app: Node 0 view(933) far exceeds block count (233); potential sync issue    
2026-08-08T12:18:50.133273Z  WARN ThreadId(20) hotstuff_runner::app: Node 0 [produce_block] queue size: 0, attempting up to 0 transactions this block    
2026-08-08T12:18:50.141815Z  WARN ThreadId(20) hotstuff_runner::app: Node 0 view(937) far exceeds block count (234); potential sync issue    
2026-08-08T12:18:50.231861Z  WARN ThreadId(20) hotstuff_runner::app: Node 0 [produce_block] queue size: 0, attempting up to 0 transactions this block    
2026-08-08T12:18:50.232045Z  WARN ThreadId(20) hotstuff_runner::app: Node 0 view(941) far exceeds block count (235); potential sync issue    
2026-08-08T12:18:50.319154Z  WARN ThreadId(20) hotstuff_runner::app: Node 0 [produce_block] queue size: 2, attempting up to 2 transactions this block    
2026-08-08T12:18:50.319364Z  WARN ThreadId(20) hotstuff_runner::app: Node 0 view(945) far exceeds block count (236); potential sync issue    
2026-08-08T12:18:50.354580Z  WARN ThreadId(20) hotstuff_runner::app: Node 0 [produce_block] queue size: 0, attempting up to 0 transactions this block    
2026-08-08T12:18:50.356922Z  WARN ThreadId(20) hotstuff_runner::app: Node 0 view(949) far exceeds block count (237); potential sync issue    
2026-08-08T12:18:50.390365Z  WARN ThreadId(20) hotstuff_runner::app: Node 0 [produce_block] queue size: 0, attempting up to 0 transactions this block    
2026-08-08T12:18:50.391726Z  WARN ThreadId(20) hotstuff_runner::app: Node 0 view(953) far exceeds block count (238); potential sync issue    
2026-08-08T12:18:50.427246Z  WARN ThreadId(20) hotstuff_runner::app: Node 0 [produce_block] queue size: 0, attempting up to 0 transactions this block    
2026-08-08T12:18:50.428445Z  WARN ThreadId(20) hotstuff_runner::app: Node 0 view(957) far exceeds block count (239); potential sync issue    
2026-08-08T12:18:50.465189Z  WARN ThreadId(20) hotstuff_runner::app: Node 0 [produce_block] queue size: 2, attempting up to 2 transactions this block    
2026-08-08T12:18:50.466492Z  WARN ThreadId(20) hotstuff_runner::app: Node 0 view(961) far exceeds block count (240); potential sync issue    
2026-08-08T12:18:50.502136Z  WARN ThreadId(20) hotstuff_runner::app: Node 0 [produce_block] queue size: 0, attempting up to 0 transactions this block    
2026-08-08T12:18:50.503508Z  WARN ThreadId(20) hotstuff_runner::app: Node 0 view(965) far exceeds block count (241); potential sync issue    
2026-08-08T12:18:50.532600Z  WARN ThreadId(20) hotstuff_runner::app: Node 0 [produce_block] queue size: 0, attempting up to 0 transactions this block    
2026-08-08T12:18:50.533994Z  WARN ThreadId(20) hotstuff_runner::app: Node 0 view(969) far exceeds block count (242); potential sync issue    
2026-08-08T12:18:50.573663Z  WARN ThreadId(20) hotstuff_runner::app: Node 0 [produce_block] queue size: 0, attempting up to 0 transactions this block    
2026-08-08T12:18:50.574759Z  WARN ThreadId(20) hotstuff_runner::app: Node 0 view(973) far exceeds block count (243); potential sync issue    
2026-08-08T12:18:50.609347Z  WARN ThreadId(20) hotstuff_runner::app: Node 0 [produce_block] queue size: 0, attempting up to 0 transactions this block    
2026-08-08T12:18:50.610154Z  WARN ThreadId(20) hotstuff_runner::app: Node 0 view(977) far exceeds block count (244); potential sync issue    
2026-08-08T12:18:50.633681Z  WARN ThreadId(20) hotstuff_runner::app: Node 0 [produce_block] queue size: 2, attempting up to 2 transactions this block    
2026-08-08T12:18:50.635746Z  WARN ThreadId(20) hotstuff_runner::app: Node 0 view(981) far exceeds block count (245); potential sync issue    
2026-08-08T12:18:50.667646Z  WARN ThreadId(20) hotstuff_runner::app: Node 0 [produce_block] queue size: 0, attempting up to 0 transactions this block    
2026-08-08T12:18:50.668418Z  WARN ThreadId(20) hotstuff_runner::app: Node 0 view(985) far exceeds block count (246); potential sync issue    
2026-08-08T12:18:50.710782Z  WARN ThreadId(20) hotstuff_runner::app: Node 0 [produce_block] queue size: 0, attempting up to 0 transactions this block    
2026-08-08T12:18:50.711022Z  WARN ThreadId(20) hotstuff_runner::app: Node 0 view(989) far exceeds block count (247); potential sync issue    
2026-08-08T12:18:50.741798Z  WARN ThreadId(20) hotstuff_runner::app: Node 0 [produce_block] queue size: 0, attempting up to 0 transactions this block    
2026-08-08T12:18:50.743207Z  WARN ThreadId(20) hotstuff_runner::app: Node 0 view(993) far exceeds block count (248); potential sync issue    
2026-08-08T12:18:50.775506Z  WARN ThreadId(20) hotstuff_runner::app: Node 0 [produce_block] queue size: 0, attempting up to 0 transactions this block    
2026-08-08T12:18:50.775911Z  WARN ThreadId(20) hotstuff_runner::app: Node 0 view(997) far exceeds block count (249); potential sync issue    
2026-08-08T12:18:50.802321Z  WARN ThreadId(20) hotstuff_runner::app: Node 0 [produce_block] queue size: 2, attempting up to 2 transactions this block    
2026-08-08T12:18:50.804511Z  WARN ThreadId(20) hotstuff_runner::app: Node 0 view(1001) far exceeds block count (250); potential sync issue    
2026-08-08T12:18:50.839519Z  WARN ThreadId(20) hotstuff_runner::app: Node 0 [produce_block] queue size: 0, attempting up to 0 transactions this block    
2026-08-08T12:18:50.840523Z  WARN ThreadId(20) hotstuff_runner::app: Node 0 view(1005) far exceeds block count (251); potential sync issue    
2026-08-08T12:18:50.870477Z  WARN ThreadId(20) hotstuff_runner::app: Node 0 [produce_block] queue size: 0, attempting up to 0 transactions this block    
2026-08-08T12:18:50.872411Z  WARN ThreadId(20) hotstuff_runner::app: Node 0 view(1009) far exceeds block count (252); potential sync issue    
2026-08-08T12:18:50.903477Z  WARN ThreadId(20) hotstuff_runner::app: Node 0 [produce_block] queue size: 0, attempting up to 0 transactions this block    
2026-08-08T12:18:50.903675Z  WARN ThreadId(20) hotstuff_runner::app: Node 0 view(1013) far exceeds block count (253); potential sync issue    
2026-08-08T12:18:50.936231Z  WARN ThreadId(20) hotstuff_runner::app: Node 0 [produce_block] queue size: 0, attempting up to 0 transactions this block    
2026-08-08T12:18:50.937737Z  WARN ThreadId(20) hotstuff_runner::app: Node 0 view(1017) far exceeds block count (254); potential sync issue    
2026-08-08T12:18:50.966956Z  WARN ThreadId(20) hotstuff_runner::app: Node 0 [produce_block] queue size: 0, attempting up to 0 transactions this block    
2026-08-08T12:18:50.967902Z  WARN ThreadId(20) hotstuff_runner::app: Node 0 view(1021) far exceeds block count (255); potential sync issue    
2026-08-08T12:18:51.015974Z  WARN ThreadId(20) hotstuff_runner::app: Node 0 [produce_block] queue size: 2, attempting up to 2 transactions this block    
2026-08-08T12:18:51.016427Z  WARN ThreadId(20) hotstuff_runner::app: Node 0 view(1025) far exceeds block count (256); potential sync issue    
2026-08-08T12:18:51.055485Z  WARN ThreadId(20) hotstuff_runner::app: Node 0 [produce_block] queue size: 0, attempting up to 0 transactions this block    
2026-08-08T12:18:51.055683Z  WARN ThreadId(20) hotstuff_runner::app: Node 0 view(1029) far exceeds block count (257); potential sync issue    
2026-08-08T12:18:51.097836Z  WARN ThreadId(20) hotstuff_runner::app: Node 0 [produce_block] queue size: 0, attempting up to 0 transactions this block    
2026-08-08T12:18:51.098010Z  WARN ThreadId(20) hotstuff_runner::app: Node 0 view(1033) far exceeds block count (258); potential sync issue    
2026-08-08T12:18:51.156032Z  WARN ThreadId(20) hotstuff_runner::app: Node 0 [produce_block] queue size: 0, attempting up to 0 transactions this block    
2026-08-08T12:18:51.156809Z  WARN ThreadId(20) hotstuff_runner::app: Node 0 view(1037) far exceeds block count (259); potential sync issue    
2026-08-08T12:18:51.212264Z  WARN ThreadId(20) hotstuff_runner::app: Node 0 [produce_block] queue size: 2, attempting up to 2 transactions this block    
2026-08-08T12:18:51.212990Z  WARN ThreadId(20) hotstuff_runner::app: Node 0 view(1041) far exceeds block count (260); potential sync issue    
2026-08-08T12:18:51.248478Z  WARN ThreadId(20) hotstuff_runner::app: Node 0 [produce_block] queue size: 0, attempting up to 0 transactions this block    
2026-08-08T12:18:51.248836Z  WARN ThreadId(20) hotstuff_runner::app: Node 0 view(1045) far exceeds block count (261); potential sync issue    
2026-08-08T12:18:51.300103Z  WARN ThreadId(20) hotstuff_runner::app: Node 0 [produce_block] queue size: 0, attempting up to 0 transactions this block    
2026-08-08T12:18:51.301012Z  WARN ThreadId(20) hotstuff_runner::app: Node 0 view(1049) far exceeds block count (262); potential sync issue    
2026-08-08T12:18:51.350581Z  WARN ThreadId(20) hotstuff_runner::app: Node 0 [produce_block] queue size: 0, attempting up to 0 transactions this block    
2026-08-08T12:18:51.353099Z  WARN ThreadId(20) hotstuff_runner::app: Node 0 view(1053) far exceeds block count (263); potential sync issue    
2026-08-08T12:18:51.403480Z  WARN ThreadId(20) hotstuff_runner::app: Node 0 [produce_block] queue size: 0, attempting up to 0 transactions this block    
2026-08-08T12:18:51.403712Z  WARN ThreadId(20) hotstuff_runner::app: Node 0 view(1057) far exceeds block count (264); potential sync issue    
2026-08-08T12:18:51.491521Z  WARN ThreadId(20) hotstuff_runner::app: Node 0 [produce_block] queue size: 2, attempting up to 2 transactions this block    
2026-08-08T12:18:51.494245Z  WARN ThreadId(20) hotstuff_runner::app: Node 0 view(1061) far exceeds block count (265); potential sync issue    
2026-08-08T12:18:51.545943Z  WARN ThreadId(20) hotstuff_runner::app: Node 0 [produce_block] queue size: 0, attempting up to 0 transactions this block    
2026-08-08T12:18:51.546154Z  WARN ThreadId(20) hotstuff_runner::app: Node 0 view(1065) far exceeds block count (266); potential sync issue    
2026-08-08T12:18:51.603522Z  WARN ThreadId(20) hotstuff_runner::app: Node 0 [produce_block] queue size: 2, attempting up to 2 transactions this block    
2026-08-08T12:18:51.603934Z  WARN ThreadId(20) hotstuff_runner::app: Node 0 view(1069) far exceeds block count (267); potential sync issue    
2026-08-08T12:18:51.663222Z  WARN ThreadId(20) hotstuff_runner::app: Node 0 [produce_block] queue size: 0, attempting up to 0 transactions this block    
2026-08-08T12:18:51.665357Z  WARN ThreadId(20) hotstuff_runner::app: Node 0 view(1073) far exceeds block count (268); potential sync issue    
2026-08-08T12:18:51.742054Z  WARN ThreadId(20) hotstuff_runner::app: Node 0 [produce_block] queue size: 0, attempting up to 0 transactions this block    
2026-08-08T12:18:51.742187Z  WARN ThreadId(20) hotstuff_runner::app: Node 0 view(1077) far exceeds block count (269); potential sync issue    
2026-08-08T12:18:51.805171Z  WARN ThreadId(20) hotstuff_runner::app: Node 0 [produce_block] queue size: 0, attempting up to 0 transactions this block    
2026-08-08T12:18:51.805786Z  WARN ThreadId(20) hotstuff_runner::app: Node 0 view(1081) far exceeds block count (270); potential sync issue    
2026-08-08T12:18:51.853716Z  WARN ThreadId(20) hotstuff_runner::app: Node 0 [produce_block] queue size: 2, attempting up to 2 transactions this block    
2026-08-08T12:18:51.854685Z  WARN ThreadId(20) hotstuff_runner::app: Node 0 view(1085) far exceeds block count (271); potential sync issue    
2026-08-08T12:18:51.906641Z  WARN ThreadId(20) hotstuff_runner::app: Node 0 [produce_block] queue size: 0, attempting up to 0 transactions this block    
2026-08-08T12:18:51.907165Z  WARN ThreadId(20) hotstuff_runner::app: Node 0 view(1089) far exceeds block count (272); potential sync issue    
2026-08-08T12:18:51.957476Z  WARN ThreadId(20) hotstuff_runner::app: Node 0 [produce_block] queue size: 0, attempting up to 0 transactions this block    
2026-08-08T12:18:51.957918Z  WARN ThreadId(20) hotstuff_runner::app: Node 0 view(1093) far exceeds block count (273); potential sync issue    
2026-08-08T12:18:52.008061Z  WARN ThreadId(20) hotstuff_runner::app: Node 0 [produce_block] queue size: 0, attempting up to 0 transactions this block    
2026-08-08T12:18:52.010616Z  WARN ThreadId(20) hotstuff_runner::app: Node 0 view(1097) far exceeds block count (274); potential sync issue    
2026-08-08T12:18:52.074751Z  WARN ThreadId(20) hotstuff_runner::app: Node 0 [produce_block] queue size: 2, attempting up to 2 transactions this block    
2026-08-08T12:18:52.075856Z  WARN ThreadId(20) hotstuff_runner::app: Node 0 view(1101) far exceeds block count (275); potential sync issue    
2026-08-08T12:18:52.123552Z  WARN ThreadId(20) hotstuff_runner::app: Node 0 [produce_block] queue size: 0, attempting up to 0 transactions this block    
2026-08-08T12:18:52.123917Z  WARN ThreadId(20) hotstuff_runner::app: Node 0 view(1105) far exceeds block count (276); potential sync issue    
2026-08-08T12:18:52.189995Z  WARN ThreadId(20) hotstuff_runner::app: Node 0 [produce_block] queue size: 0, attempting up to 0 transactions this block    
2026-08-08T12:18:52.190540Z  WARN ThreadId(20) hotstuff_runner::app: Node 0 view(1109) far exceeds block count (277); potential sync issue    
2026-08-08T12:18:52.261165Z  WARN ThreadId(20) hotstuff_runner::app: Node 0 [produce_block] queue size: 2, attempting up to 2 transactions this block    
2026-08-08T12:18:52.261423Z  WARN ThreadId(20) hotstuff_runner::app: Node 0 view(1113) far exceeds block count (278); potential sync issue    
2026-08-08T12:18:52.336129Z  WARN ThreadId(20) hotstuff_runner::app: Node 0 [produce_block] queue size: 0, attempting up to 0 transactions this block    
2026-08-08T12:18:52.337262Z  WARN ThreadId(20) hotstuff_runner::app: Node 0 view(1117) far exceeds block count (279); potential sync issue    
2026-08-08T12:18:52.407233Z  WARN ThreadId(20) hotstuff_runner::app: Node 0 [produce_block] queue size: 0, attempting up to 0 transactions this block    
2026-08-08T12:18:52.407479Z  WARN ThreadId(20) hotstuff_runner::app: Node 0 view(1121) far exceeds block count (280); potential sync issue    
2026-08-08T12:18:52.474216Z  WARN ThreadId(20) hotstuff_runner::app: Node 0 [produce_block] queue size: 2, attempting up to 2 transactions this block    
2026-08-08T12:18:52.482819Z  WARN ThreadId(20) hotstuff_runner::app: Node 0 view(1125) far exceeds block count (281); potential sync issue    
2026-08-08T12:18:52.527772Z  WARN ThreadId(20) hotstuff_runner::app: Node 0 [produce_block] queue size: 0, attempting up to 0 transactions this block    
2026-08-08T12:18:52.528823Z  WARN ThreadId(20) hotstuff_runner::app: Node 0 view(1129) far exceeds block count (282); potential sync issue    
2026-08-08T12:18:52.608718Z  WARN ThreadId(20) hotstuff_runner::app: Node 0 [produce_block] queue size: 2, attempting up to 2 transactions this block    
2026-08-08T12:18:52.609210Z  WARN ThreadId(20) hotstuff_runner::app: Node 0 view(1133) far exceeds block count (283); potential sync issue    
2026-08-08T12:18:52.715541Z  WARN ThreadId(20) hotstuff_runner::app: Node 0 [produce_block] queue size: 0, attempting up to 0 transactions this block    
2026-08-08T12:18:52.717038Z  WARN ThreadId(20) hotstuff_runner::app: Node 0 view(1137) far exceeds block count (284); potential sync issue    
2026-08-08T12:18:52.761830Z  WARN ThreadId(20) hotstuff_runner::app: Node 0 [produce_block] queue size: 0, attempting up to 0 transactions this block    
2026-08-08T12:18:52.762148Z  WARN ThreadId(20) hotstuff_runner::app: Node 0 view(1141) far exceeds block count (285); potential sync issue    
2026-08-08T12:18:52.805271Z  WARN ThreadId(20) hotstuff_runner::app: Node 0 [produce_block] queue size: 2, attempting up to 2 transactions this block    
2026-08-08T12:18:52.806190Z  WARN ThreadId(20) hotstuff_runner::app: Node 0 view(1145) far exceeds block count (286); potential sync issue    
2026-08-08T12:18:52.908656Z  WARN ThreadId(20) hotstuff_runner::app: Node 0 [produce_block] queue size: 0, attempting up to 0 transactions this block    
2026-08-08T12:18:52.909002Z  WARN ThreadId(20) hotstuff_runner::app: Node 0 view(1149) far exceeds block count (287); potential sync issue    
2026-08-08T12:18:52.946186Z  WARN ThreadId(20) hotstuff_runner::app: Node 0 [produce_block] queue size: 0, attempting up to 0 transactions this block    
2026-08-08T12:18:52.946334Z  WARN ThreadId(20) hotstuff_runner::app: Node 0 view(1153) far exceeds block count (288); potential sync issue    
2026-08-08T12:18:52.976255Z  WARN ThreadId(20) hotstuff_runner::app: Node 0 [produce_block] queue size: 2, attempting up to 2 transactions this block    
2026-08-08T12:18:52.977297Z  WARN ThreadId(20) hotstuff_runner::app: Node 0 view(1157) far exceeds block count (289); potential sync issue    
2026-08-08T12:18:53.022834Z  WARN ThreadId(20) hotstuff_runner::app: Node 0 [produce_block] queue size: 0, attempting up to 0 transactions this block    
2026-08-08T12:18:53.025251Z  WARN ThreadId(20) hotstuff_runner::app: Node 0 view(1161) far exceeds block count (290); potential sync issue    
2026-08-08T12:18:53.065576Z  WARN ThreadId(20) hotstuff_runner::app: Node 0 [produce_block] queue size: 0, attempting up to 0 transactions this block    
2026-08-08T12:18:53.066080Z  WARN ThreadId(20) hotstuff_runner::app: Node 0 view(1165) far exceeds block count (291); potential sync issue    
2026-08-08T12:18:53.106707Z  WARN ThreadId(20) hotstuff_runner::app: Node 0 [produce_block] queue size: 0, attempting up to 0 transactions this block    
2026-08-08T12:18:53.107439Z  WARN ThreadId(20) hotstuff_runner::app: Node 0 view(1169) far exceeds block count (292); potential sync issue    
2026-08-08T12:18:53.147539Z  WARN ThreadId(20) hotstuff_runner::app: Node 0 [produce_block] queue size: 0, attempting up to 0 transactions this block    
2026-08-08T12:18:53.148827Z  WARN ThreadId(20) hotstuff_runner::app: Node 0 view(1173) far exceeds block count (293); potential sync issue    
2026-08-08T12:18:53.208271Z  WARN ThreadId(20) hotstuff_runner::app: Node 0 [produce_block] queue size: 2, attempting up to 2 transactions this block    
2026-08-08T12:18:53.210891Z  WARN ThreadId(20) hotstuff_runner::app: Node 0 view(1177) far exceeds block count (294); potential sync issue    
2026-08-08T12:18:53.291635Z  WARN ThreadId(20) hotstuff_runner::app: Node 0 [produce_block] queue size: 0, attempting up to 0 transactions this block    
2026-08-08T12:18:53.292135Z  WARN ThreadId(20) hotstuff_runner::app: Node 0 view(1181) far exceeds block count (295); potential sync issue    
2026-08-08T12:18:53.331158Z  WARN ThreadId(20) hotstuff_runner::app: Node 0 [produce_block] queue size: 0, attempting up to 0 transactions this block    
2026-08-08T12:18:53.332446Z  WARN ThreadId(20) hotstuff_runner::app: Node 0 view(1185) far exceeds block count (296); potential sync issue    
2026-08-08T12:18:53.394850Z  WARN ThreadId(20) hotstuff_runner::app: Node 0 [produce_block] queue size: 2, attempting up to 2 transactions this block    
2026-08-08T12:18:53.397056Z  WARN ThreadId(20) hotstuff_runner::app: Node 0 view(1189) far exceeds block count (297); potential sync issue    
2026-08-08T12:18:53.447302Z  WARN ThreadId(20) hotstuff_runner::app: Node 0 [produce_block] queue size: 0, attempting up to 0 transactions this block    
2026-08-08T12:18:53.448041Z  WARN ThreadId(20) hotstuff_runner::app: Node 0 view(1193) far exceeds block count (298); potential sync issue    
2026-08-08T12:18:53.558729Z  WARN ThreadId(20) hotstuff_runner::app: Node 0 [produce_block] queue size: 0, attempting up to 0 transactions this block    
2026-08-08T12:18:53.559614Z  WARN ThreadId(20) hotstuff_runner::app: Node 0 view(1197) far exceeds block count (299); potential sync issue    
2026-08-08T12:18:53.635311Z  WARN ThreadId(20) hotstuff_runner::app: Node 0 [produce_block] queue size: 2, attempting up to 2 transactions this block    
2026-08-08T12:18:53.635543Z  WARN ThreadId(20) hotstuff_runner::app: Node 0 view(1201) far exceeds block count (300); potential sync issue    
2026-08-08T12:18:53.775564Z  WARN ThreadId(20) hotstuff_runner::app: Node 0 [produce_block] queue size: 0, attempting up to 0 transactions this block    
2026-08-08T12:18:53.798197Z  WARN ThreadId(20) hotstuff_runner::app: Node 0 view(1205) far exceeds block count (301); potential sync issue    
2026-08-08T12:18:53.850935Z  WARN ThreadId(20) hotstuff_runner::app: Node 0 [produce_block] queue size: 2, attempting up to 2 transactions this block    
2026-08-08T12:18:53.852357Z  WARN ThreadId(20) hotstuff_runner::app: Node 0 view(1209) far exceeds block count (302); potential sync issue    
2026-08-08T12:18:53.937013Z  WARN ThreadId(20) hotstuff_runner::app: Node 0 [produce_block] queue size: 0, attempting up to 0 transactions this block    
2026-08-08T12:18:53.938501Z  WARN ThreadId(20) hotstuff_runner::app: Node 0 view(1213) far exceeds block count (303); potential sync issue    
2026-08-08T12:18:53.990293Z  WARN ThreadId(20) hotstuff_runner::app: Node 0 [produce_block] queue size: 2, attempting up to 2 transactions this block    
2026-08-08T12:18:53.997491Z  WARN ThreadId(20) hotstuff_runner::app: Node 0 view(1217) far exceeds block count (304); potential sync issue    
2026-08-08T12:18:54.044905Z  WARN ThreadId(20) hotstuff_runner::app: Node 0 [produce_block] queue size: 0, attempting up to 0 transactions this block    
2026-08-08T12:18:54.045269Z  WARN ThreadId(20) hotstuff_runner::app: Node 0 view(1221) far exceeds block count (305); potential sync issue    
2026-08-08T12:18:54.107572Z  WARN ThreadId(20) hotstuff_runner::app: Node 0 [produce_block] queue size: 0, attempting up to 0 transactions this block    
2026-08-08T12:18:54.108098Z  WARN ThreadId(20) hotstuff_runner::app: Node 0 view(1225) far exceeds block count (306); potential sync issue    
2026-08-08T12:18:54.169965Z  WARN ThreadId(20) hotstuff_runner::app: Node 0 [produce_block] queue size: 2, attempting up to 2 transactions this block    
2026-08-08T12:18:54.170325Z  WARN ThreadId(20) hotstuff_runner::app: Node 0 view(1229) far exceeds block count (307); potential sync issue    
2026-08-08T12:18:54.232506Z  WARN ThreadId(20) hotstuff_runner::app: Node 0 [produce_block] queue size: 0, attempting up to 0 transactions this block    
2026-08-08T12:18:54.232695Z  WARN ThreadId(20) hotstuff_runner::app: Node 0 view(1233) far exceeds block count (308); potential sync issue    
2026-08-08T12:18:54.348690Z  WARN ThreadId(20) hotstuff_runner::app: Node 0 [produce_block] queue size: 2, attempting up to 2 transactions this block    
2026-08-08T12:18:54.350785Z  WARN ThreadId(20) hotstuff_runner::app: Node 0 view(1237) far exceeds block count (309); potential sync issue    
2026-08-08T12:18:54.442795Z  WARN ThreadId(20) hotstuff_runner::app: Node 0 [produce_block] queue size: 0, attempting up to 0 transactions this block    
2026-08-08T12:18:54.443489Z  WARN ThreadId(20) hotstuff_runner::app: Node 0 view(1241) far exceeds block count (310); potential sync issue    
2026-08-08T12:18:54.474926Z  WARN ThreadId(20) hotstuff_runner::app: Node 0 [produce_block] queue size: 0, attempting up to 0 transactions this block    
2026-08-08T12:18:54.475691Z  WARN ThreadId(20) hotstuff_runner::app: Node 0 view(1245) far exceeds block count (311); potential sync issue    
2026-08-08T12:18:54.539831Z  WARN ThreadId(20) hotstuff_runner::app: Node 0 [produce_block] queue size: 0, attempting up to 0 transactions this block    
2026-08-08T12:18:54.540899Z  WARN ThreadId(20) hotstuff_runner::app: Node 0 view(1249) far exceeds block count (312); potential sync issue    
2026-08-08T12:18:54.605035Z  WARN ThreadId(20) hotstuff_runner::app: Node 0 [produce_block] queue size: 2, attempting up to 2 transactions this block    
2026-08-08T12:18:54.605251Z  WARN ThreadId(20) hotstuff_runner::app: Node 0 view(1253) far exceeds block count (313); potential sync issue    
2026-08-08T12:18:54.679759Z  WARN ThreadId(20) hotstuff_runner::app: Node 0 [produce_block] queue size: 0, attempting up to 0 transactions this block    
2026-08-08T12:18:54.680255Z  WARN ThreadId(20) hotstuff_runner::app: Node 0 view(1257) far exceeds block count (314); potential sync issue    
2026-08-08T12:18:54.725279Z  WARN ThreadId(20) hotstuff_runner::app: Node 0 [produce_block] queue size: 0, attempting up to 0 transactions this block    
2026-08-08T12:18:54.725954Z  WARN ThreadId(20) hotstuff_runner::app: Node 0 view(1261) far exceeds block count (315); potential sync issue    
2026-08-08T12:18:54.777297Z  WARN ThreadId(20) hotstuff_runner::app: Node 0 [produce_block] queue size: 2, attempting up to 2 transactions this block    
2026-08-08T12:18:54.779003Z  WARN ThreadId(20) hotstuff_runner::app: Node 0 view(1265) far exceeds block count (316); potential sync issue    
2026-08-08T12:18:54.832717Z  WARN ThreadId(20) hotstuff_runner::app: Node 0 [produce_block] queue size: 0, attempting up to 0 transactions this block    
2026-08-08T12:18:54.834336Z  WARN ThreadId(20) hotstuff_runner::app: Node 0 view(1269) far exceeds block count (317); potential sync issue    
2026-08-08T12:18:54.877172Z  WARN ThreadId(20) hotstuff_runner::app: Node 0 [produce_block] queue size: 0, attempting up to 0 transactions this block    
2026-08-08T12:18:54.878580Z  WARN ThreadId(20) hotstuff_runner::app: Node 0 view(1273) far exceeds block count (318); potential sync issue    
2026-08-08T12:18:54.937655Z  WARN ThreadId(20) hotstuff_runner::app: Node 0 [produce_block] queue size: 0, attempting up to 0 transactions this block    
2026-08-08T12:18:54.939036Z  WARN ThreadId(20) hotstuff_runner::app: Node 0 view(1277) far exceeds block count (319); potential sync issue    
2026-08-08T12:18:55.052088Z  WARN ThreadId(20) hotstuff_runner::app: Node 0 [produce_block] queue size: 2, attempting up to 2 transactions this block    
2026-08-08T12:18:55.054900Z  WARN ThreadId(20) hotstuff_runner::app: Node 0 view(1281) far exceeds block count (320); potential sync issue    
2026-08-08T12:18:55.103919Z  WARN ThreadId(20) hotstuff_runner::app: Node 0 [produce_block] queue size: 0, attempting up to 0 transactions this block    
2026-08-08T12:18:55.106741Z  WARN ThreadId(20) hotstuff_runner::app: Node 0 view(1285) far exceeds block count (321); potential sync issue    
2026-08-08T12:18:55.181836Z  WARN ThreadId(20) hotstuff_runner::app: Node 0 [produce_block] queue size: 2, attempting up to 2 transactions this block    
2026-08-08T12:18:55.181959Z  WARN ThreadId(20) hotstuff_runner::app: Node 0 view(1289) far exceeds block count (322); potential sync issue    
2026-08-08T12:18:55.230953Z  WARN ThreadId(20) hotstuff_runner::app: Node 0 [produce_block] queue size: 0, attempting up to 0 transactions this block    
2026-08-08T12:18:55.231295Z  WARN ThreadId(20) hotstuff_runner::app: Node 0 view(1293) far exceeds block count (323); potential sync issue    
2026-08-08T12:18:55.270452Z  WARN ThreadId(20) hotstuff_runner::app: Node 0 [produce_block] queue size: 0, attempting up to 0 transactions this block    
2026-08-08T12:18:55.278228Z  WARN ThreadId(20) hotstuff_runner::app: Node 0 view(1297) far exceeds block count (324); potential sync issue    
2026-08-08T12:18:55.315354Z  WARN ThreadId(20) hotstuff_runner::app: Node 0 [produce_block] queue size: 0, attempting up to 0 transactions this block    
2026-08-08T12:18:55.315961Z  WARN ThreadId(20) hotstuff_runner::app: Node 0 view(1301) far exceeds block count (325); potential sync issue    
2026-08-08T12:18:55.360337Z  WARN ThreadId(20) hotstuff_runner::app: Node 0 [produce_block] queue size: 0, attempting up to 0 transactions this block    
2026-08-08T12:18:55.360490Z  WARN ThreadId(20) hotstuff_runner::app: Node 0 view(1305) far exceeds block count (326); potential sync issue    
2026-08-08T12:18:55.393982Z  WARN ThreadId(20) hotstuff_runner::app: Node 0 [produce_block] queue size: 2, attempting up to 2 transactions this block    
2026-08-08T12:18:55.394233Z  WARN ThreadId(20) hotstuff_runner::app: Node 0 view(1309) far exceeds block count (327); potential sync issue    
2026-08-08T12:18:55.466152Z  WARN ThreadId(20) hotstuff_runner::app: Node 0 [produce_block] queue size: 0, attempting up to 0 transactions this block    
2026-08-08T12:18:55.466299Z  WARN ThreadId(20) hotstuff_runner::app: Node 0 view(1313) far exceeds block count (328); potential sync issue    
2026-08-08T12:18:55.510237Z  WARN ThreadId(20) hotstuff_runner::app: Node 0 [produce_block] queue size: 0, attempting up to 0 transactions this block    
2026-08-08T12:18:55.511358Z  WARN ThreadId(20) hotstuff_runner::app: Node 0 view(1317) far exceeds block count (329); potential sync issue    
2026-08-08T12:18:55.577874Z  WARN ThreadId(20) hotstuff_runner::app: Node 0 [produce_block] queue size: 0, attempting up to 0 transactions this block    
2026-08-08T12:18:55.578249Z  WARN ThreadId(20) hotstuff_runner::app: Node 0 view(1321) far exceeds block count (330); potential sync issue    
2026-08-08T12:18:55.621058Z  WARN ThreadId(20) hotstuff_runner::app: Node 0 [produce_block] queue size: 2, attempting up to 2 transactions this block    
2026-08-08T12:18:55.621401Z  WARN ThreadId(20) hotstuff_runner::app: Node 0 view(1325) far exceeds block count (331); potential sync issue    
2026-08-08T12:18:55.682362Z  WARN ThreadId(20) hotstuff_runner::app: Node 0 [produce_block] queue size: 0, attempting up to 0 transactions this block    
2026-08-08T12:18:55.683778Z  WARN ThreadId(20) hotstuff_runner::app: Node 0 view(1329) far exceeds block count (332); potential sync issue    
2026-08-08T12:18:55.723442Z  WARN ThreadId(20) hotstuff_runner::app: Node 0 [produce_block] queue size: 0, attempting up to 0 transactions this block    
2026-08-08T12:18:55.723826Z  WARN ThreadId(20) hotstuff_runner::app: Node 0 view(1333) far exceeds block count (333); potential sync issue    
2026-08-08T12:18:55.769680Z  WARN ThreadId(20) hotstuff_runner::app: Node 0 [produce_block] queue size: 0, attempting up to 0 transactions this block    
2026-08-08T12:18:55.770639Z  WARN ThreadId(20) hotstuff_runner::app: Node 0 view(1337) far exceeds block count (334); potential sync issue    
2026-08-08T12:18:55.819376Z  WARN ThreadId(20) hotstuff_runner::app: Node 0 [produce_block] queue size: 2, attempting up to 2 transactions this block    
2026-08-08T12:18:55.820356Z  WARN ThreadId(20) hotstuff_runner::app: Node 0 view(1341) far exceeds block count (335); potential sync issue    
2026-08-08T12:18:55.874488Z  WARN ThreadId(20) hotstuff_runner::app: Node 0 [produce_block] queue size: 0, attempting up to 0 transactions this block    
2026-08-08T12:18:55.875901Z  WARN ThreadId(20) hotstuff_runner::app: Node 0 view(1345) far exceeds block count (336); potential sync issue    
2026-08-08T12:18:55.910402Z  WARN ThreadId(20) hotstuff_runner::app: Node 0 [produce_block] queue size: 0, attempting up to 0 transactions this block    
2026-08-08T12:18:55.910769Z  WARN ThreadId(20) hotstuff_runner::app: Node 0 view(1349) far exceeds block count (337); potential sync issue    
2026-08-08T12:18:55.953425Z  WARN ThreadId(20) hotstuff_runner::app: Node 0 [produce_block] queue size: 0, attempting up to 0 transactions this block    
2026-08-08T12:18:55.953595Z  WARN ThreadId(20) hotstuff_runner::app: Node 0 view(1353) far exceeds block count (338); potential sync issue    
2026-08-08T12:18:55.979500Z  WARN ThreadId(20) hotstuff_runner::app: Node 0 [produce_block] queue size: 0, attempting up to 0 transactions this block    
2026-08-08T12:18:55.980490Z  WARN ThreadId(20) hotstuff_runner::app: Node 0 view(1357) far exceeds block count (339); potential sync issue    
2026-08-08T12:18:56.029488Z  WARN ThreadId(20) hotstuff_runner::app: Node 0 [produce_block] queue size: 2, attempting up to 2 transactions this block    
2026-08-08T12:18:56.036497Z  WARN ThreadId(20) hotstuff_runner::app: Node 0 view(1361) far exceeds block count (340); potential sync issue    
2026-08-08T12:18:56.073001Z  WARN ThreadId(20) hotstuff_runner::app: Node 0 [produce_block] queue size: 0, attempting up to 0 transactions this block    
2026-08-08T12:18:56.073452Z  WARN ThreadId(20) hotstuff_runner::app: Node 0 view(1365) far exceeds block count (341); potential sync issue    
2026-08-08T12:18:56.119537Z  WARN ThreadId(20) hotstuff_runner::app: Node 0 [produce_block] queue size: 0, attempting up to 0 transactions this block    
2026-08-08T12:18:56.120535Z  WARN ThreadId(20) hotstuff_runner::app: Node 0 view(1369) far exceeds block count (342); potential sync issue    
2026-08-08T12:18:56.162934Z  WARN ThreadId(20) hotstuff_runner::app: Node 0 [produce_block] queue size: 2, attempting up to 2 transactions this block    
2026-08-08T12:18:56.166368Z  WARN ThreadId(20) hotstuff_runner::app: Node 0 view(1373) far exceeds block count (343); potential sync issue    
2026-08-08T12:18:56.200705Z  WARN ThreadId(20) hotstuff_runner::app: Node 0 [produce_block] queue size: 0, attempting up to 0 transactions this block    
2026-08-08T12:18:56.202514Z  WARN ThreadId(20) hotstuff_runner::app: Node 0 view(1377) far exceeds block count (344); potential sync issue    
2026-08-08T12:18:56.238489Z  WARN ThreadId(20) hotstuff_runner::app: Node 0 [produce_block] queue size: 0, attempting up to 0 transactions this block    
2026-08-08T12:18:56.240780Z  WARN ThreadId(20) hotstuff_runner::app: Node 0 view(1381) far exceeds block count (345); potential sync issue    
2026-08-08T12:18:56.291266Z  WARN ThreadId(20) hotstuff_runner::app: Node 0 [produce_block] queue size: 0, attempting up to 0 transactions this block    
2026-08-08T12:18:56.292921Z  WARN ThreadId(20) hotstuff_runner::app: Node 0 view(1385) far exceeds block count (346); potential sync issue    
2026-08-08T12:18:56.351864Z  WARN ThreadId(20) hotstuff_runner::app: Node 0 [produce_block] queue size: 0, attempting up to 0 transactions this block    
2026-08-08T12:18:56.355788Z  WARN ThreadId(20) hotstuff_runner::app: Node 0 view(1389) far exceeds block count (347); potential sync issue    
2026-08-08T12:18:56.422090Z  WARN ThreadId(20) hotstuff_runner::app: Node 0 [produce_block] queue size: 2, attempting up to 2 transactions this block    
2026-08-08T12:18:56.423201Z  WARN ThreadId(20) hotstuff_runner::app: Node 0 view(1393) far exceeds block count (348); potential sync issue    
2026-08-08T12:18:56.451491Z  WARN ThreadId(20) hotstuff_runner::app: Node 0 [produce_block] queue size: 0, attempting up to 0 transactions this block    
2026-08-08T12:18:56.452105Z  WARN ThreadId(20) hotstuff_runner::app: Node 0 view(1397) far exceeds block count (349); potential sync issue    
2026-08-08T12:18:56.498780Z  WARN ThreadId(20) hotstuff_runner::app: Node 0 [produce_block] queue size: 0, attempting up to 0 transactions this block    
2026-08-08T12:18:56.502408Z  WARN ThreadId(20) hotstuff_runner::app: Node 0 view(1401) far exceeds block count (350); potential sync issue    
2026-08-08T12:18:56.573289Z  WARN ThreadId(20) hotstuff_runner::app: Node 0 [produce_block] queue size: 2, attempting up to 2 transactions this block    
2026-08-08T12:18:56.573531Z  WARN ThreadId(20) hotstuff_runner::app: Node 0 view(1405) far exceeds block count (351); potential sync issue    
2026-08-08T12:18:56.611585Z  WARN ThreadId(20) hotstuff_runner::app: Node 0 [produce_block] queue size: 0, attempting up to 0 transactions this block    
2026-08-08T12:18:56.614362Z  WARN ThreadId(20) hotstuff_runner::app: Node 0 view(1409) far exceeds block count (352); potential sync issue    
2026-08-08T12:18:56.688606Z  WARN ThreadId(20) hotstuff_runner::app: Node 0 [produce_block] queue size: 0, attempting up to 0 transactions this block    
2026-08-08T12:18:56.689358Z  WARN ThreadId(20) hotstuff_runner::app: Node 0 view(1413) far exceeds block count (353); potential sync issue    
2026-08-08T12:18:56.754437Z  WARN ThreadId(20) hotstuff_runner::app: Node 0 [produce_block] queue size: 0, attempting up to 0 transactions this block    
2026-08-08T12:18:56.754857Z  WARN ThreadId(20) hotstuff_runner::app: Node 0 view(1417) far exceeds block count (354); potential sync issue    
2026-08-08T12:18:56.810173Z  WARN ThreadId(20) hotstuff_runner::app: Node 0 [produce_block] queue size: 2, attempting up to 2 transactions this block    
2026-08-08T12:18:56.810326Z  WARN ThreadId(20) hotstuff_runner::app: Node 0 view(1421) far exceeds block count (355); potential sync issue    
2026-08-08T12:18:56.869123Z  WARN ThreadId(20) hotstuff_runner::app: Node 0 [produce_block] queue size: 0, attempting up to 0 transactions this block    
2026-08-08T12:18:56.869344Z  WARN ThreadId(20) hotstuff_runner::app: Node 0 view(1425) far exceeds block count (356); potential sync issue    
2026-08-08T12:18:56.908743Z  WARN ThreadId(20) hotstuff_runner::app: Node 0 [produce_block] queue size: 0, attempting up to 0 transactions this block    
2026-08-08T12:18:56.912559Z  WARN ThreadId(20) hotstuff_runner::app: Node 0 view(1429) far exceeds block count (357); potential sync issue    
2026-08-08T12:18:56.972475Z  WARN ThreadId(20) hotstuff_runner::app: Node 0 [produce_block] queue size: 0, attempting up to 0 transactions this block    
2026-08-08T12:18:56.973167Z  WARN ThreadId(20) hotstuff_runner::app: Node 0 view(1433) far exceeds block count (358); potential sync issue    
2026-08-08T12:18:57.036809Z  WARN ThreadId(20) hotstuff_runner::app: Node 0 [produce_block] queue size: 2, attempting up to 2 transactions this block    
2026-08-08T12:18:57.037431Z  WARN ThreadId(20) hotstuff_runner::app: Node 0 view(1437) far exceeds block count (359); potential sync issue    
2026-08-08T12:18:57.094500Z  WARN ThreadId(20) hotstuff_runner::app: Node 0 [produce_block] queue size: 0, attempting up to 0 transactions this block    
2026-08-08T12:18:57.094751Z  WARN ThreadId(20) hotstuff_runner::app: Node 0 view(1441) far exceeds block count (360); potential sync issue    
2026-08-08T12:18:57.145853Z  WARN ThreadId(20) hotstuff_runner::app: Node 0 [produce_block] queue size: 0, attempting up to 0 transactions this block    
2026-08-08T12:18:57.148733Z  WARN ThreadId(20) hotstuff_runner::app: Node 0 view(1445) far exceeds block count (361); potential sync issue    
2026-08-08T12:18:57.206755Z  WARN ThreadId(20) hotstuff_runner::app: Node 0 [produce_block] queue size: 2, attempting up to 2 transactions this block    
2026-08-08T12:18:57.208541Z  WARN ThreadId(20) hotstuff_runner::app: Node 0 view(1449) far exceeds block count (362); potential sync issue    
2026-08-08T12:18:57.257484Z  WARN ThreadId(20) hotstuff_runner::app: Node 0 [produce_block] queue size: 0, attempting up to 0 transactions this block    
2026-08-08T12:18:57.257660Z  WARN ThreadId(20) hotstuff_runner::app: Node 0 view(1453) far exceeds block count (363); potential sync issue    
2026-08-08T12:18:57.328064Z  WARN ThreadId(20) hotstuff_runner::app: Node 0 [produce_block] queue size: 0, attempting up to 0 transactions this block    
2026-08-08T12:18:57.328672Z  WARN ThreadId(20) hotstuff_runner::app: Node 0 view(1457) far exceeds block count (364); potential sync issue    
2026-08-08T12:18:57.386807Z  WARN ThreadId(20) hotstuff_runner::app: Node 0 [produce_block] queue size: 2, attempting up to 2 transactions this block    
2026-08-08T12:18:57.387720Z  WARN ThreadId(20) hotstuff_runner::app: Node 0 view(1461) far exceeds block count (365); potential sync issue    
2026-08-08T12:18:57.435758Z  WARN ThreadId(20) hotstuff_runner::app: Node 0 [produce_block] queue size: 0, attempting up to 0 transactions this block    
2026-08-08T12:18:57.435986Z  WARN ThreadId(20) hotstuff_runner::app: Node 0 view(1465) far exceeds block count (366); potential sync issue    
2026-08-08T12:18:57.493150Z  WARN ThreadId(20) hotstuff_runner::app: Node 0 [produce_block] queue size: 0, attempting up to 0 transactions this block    
2026-08-08T12:18:57.493307Z  WARN ThreadId(20) hotstuff_runner::app: Node 0 view(1469) far exceeds block count (367); potential sync issue    
2026-08-08T12:18:57.575951Z  WARN ThreadId(20) hotstuff_runner::app: Node 0 [produce_block] queue size: 2, attempting up to 2 transactions this block    
2026-08-08T12:18:57.576055Z  WARN ThreadId(20) hotstuff_runner::app: Node 0 view(1473) far exceeds block count (368); potential sync issue    
2026-08-08T12:18:57.624579Z  WARN ThreadId(20) hotstuff_runner::app: Node 0 [produce_block] queue size: 0, attempting up to 0 transactions this block    
2026-08-08T12:18:57.624694Z  WARN ThreadId(20) hotstuff_runner::app: Node 0 view(1477) far exceeds block count (369); potential sync issue    
2026-08-08T12:18:57.703459Z  WARN ThreadId(20) hotstuff_runner::app: Node 0 [produce_block] queue size: 0, attempting up to 0 transactions this block    
2026-08-08T12:18:57.704254Z  WARN ThreadId(20) hotstuff_runner::app: Node 0 view(1481) far exceeds block count (370); potential sync issue    
2026-08-08T12:18:57.751085Z  WARN ThreadId(20) hotstuff_runner::app: Node 0 [produce_block] queue size: 0, attempting up to 0 transactions this block    
2026-08-08T12:18:57.752237Z  WARN ThreadId(20) hotstuff_runner::app: Node 0 view(1485) far exceeds block count (371); potential sync issue    
2026-08-08T12:18:57.810482Z  WARN ThreadId(20) hotstuff_runner::app: Node 0 [produce_block] queue size: 2, attempting up to 2 transactions this block    
2026-08-08T12:18:57.811070Z  WARN ThreadId(20) hotstuff_runner::app: Node 0 view(1489) far exceeds block count (372); potential sync issue    
2026-08-08T12:18:57.905585Z  WARN ThreadId(20) hotstuff_runner::app: Node 0 [produce_block] queue size: 0, attempting up to 0 transactions this block    
2026-08-08T12:18:57.906813Z  WARN ThreadId(20) hotstuff_runner::app: Node 0 view(1493) far exceeds block count (373); potential sync issue    
2026-08-08T12:18:57.990550Z  WARN ThreadId(20) hotstuff_runner::app: Node 0 [produce_block] queue size: 0, attempting up to 0 transactions this block    
2026-08-08T12:18:58.017118Z  WARN ThreadId(20) hotstuff_runner::app: Node 0 view(1497) far exceeds block count (374); potential sync issue    
2026-08-08T12:18:58.052927Z  WARN ThreadId(20) hotstuff_runner::app: Node 0 [produce_block] queue size: 2, attempting up to 2 transactions this block    
2026-08-08T12:18:58.053086Z  WARN ThreadId(20) hotstuff_runner::app: Node 0 view(1501) far exceeds block count (375); potential sync issue    
2026-08-08T12:18:58.100393Z  WARN ThreadId(20) hotstuff_runner::app: Node 0 [produce_block] queue size: 0, attempting up to 0 transactions this block    
2026-08-08T12:18:58.100584Z  WARN ThreadId(20) hotstuff_runner::app: Node 0 view(1505) far exceeds block count (376); potential sync issue    
2026-08-08T12:18:58.143275Z  WARN ThreadId(20) hotstuff_runner::app: Node 0 [produce_block] queue size: 0, attempting up to 0 transactions this block    
2026-08-08T12:18:58.143410Z  WARN ThreadId(20) hotstuff_runner::app: Node 0 view(1509) far exceeds block count (377); potential sync issue    
2026-08-08T12:18:58.192408Z  WARN ThreadId(20) hotstuff_runner::app: Node 0 [produce_block] queue size: 2, attempting up to 2 transactions this block    
2026-08-08T12:18:58.193493Z  WARN ThreadId(20) hotstuff_runner::app: Node 0 view(1513) far exceeds block count (378); potential sync issue    
2026-08-08T12:18:58.274862Z  WARN ThreadId(20) hotstuff_runner::app: Node 0 [produce_block] queue size: 0, attempting up to 0 transactions this block    
2026-08-08T12:18:58.276702Z  WARN ThreadId(20) hotstuff_runner::app: Node 0 view(1517) far exceeds block count (379); potential sync issue    
2026-08-08T12:18:58.319221Z  WARN ThreadId(20) hotstuff_runner::app: Node 0 [produce_block] queue size: 0, attempting up to 0 transactions this block    
2026-08-08T12:18:58.319353Z  WARN ThreadId(20) hotstuff_runner::app: Node 0 view(1521) far exceeds block count (380); potential sync issue    
2026-08-08T12:18:58.349054Z  WARN ThreadId(20) hotstuff_runner::app: Node 0 [produce_block] queue size: 0, attempting up to 0 transactions this block    
2026-08-08T12:18:58.349224Z  WARN ThreadId(20) hotstuff_runner::app: Node 0 view(1525) far exceeds block count (381); potential sync issue    
2026-08-08T12:18:58.387488Z  WARN ThreadId(20) hotstuff_runner::app: Node 0 [produce_block] queue size: 2, attempting up to 2 transactions this block    
2026-08-08T12:18:58.387638Z  WARN ThreadId(20) hotstuff_runner::app: Node 0 view(1529) far exceeds block count (382); potential sync issue    
2026-08-08T12:18:58.439933Z  WARN ThreadId(20) hotstuff_runner::app: Node 0 [produce_block] queue size: 0, attempting up to 0 transactions this block    
2026-08-08T12:18:58.445687Z  WARN ThreadId(20) hotstuff_runner::app: Node 0 view(1533) far exceeds block count (383); potential sync issue    
2026-08-08T12:18:58.508197Z  WARN ThreadId(20) hotstuff_runner::app: Node 0 [produce_block] queue size: 0, attempting up to 0 transactions this block    
2026-08-08T12:18:58.513358Z  WARN ThreadId(20) hotstuff_runner::app: Node 0 view(1537) far exceeds block count (384); potential sync issue    
2026-08-08T12:18:58.574344Z  WARN ThreadId(20) hotstuff_runner::app: Node 0 [produce_block] queue size: 0, attempting up to 0 transactions this block    
2026-08-08T12:18:58.581327Z  WARN ThreadId(20) hotstuff_runner::app: Node 0 view(1541) far exceeds block count (385); potential sync issue    
2026-08-08T12:18:58.647494Z  WARN ThreadId(20) hotstuff_runner::app: Node 0 [produce_block] queue size: 2, attempting up to 2 transactions this block    
2026-08-08T12:18:58.647765Z  WARN ThreadId(20) hotstuff_runner::app: Node 0 view(1545) far exceeds block count (386); potential sync issue    
2026-08-08T12:18:58.688300Z  WARN ThreadId(20) hotstuff_runner::app: Node 0 [produce_block] queue size: 0, attempting up to 0 transactions this block    
2026-08-08T12:18:58.688504Z  WARN ThreadId(20) hotstuff_runner::app: Node 0 view(1549) far exceeds block count (387); potential sync issue    
2026-08-08T12:18:58.749483Z  WARN ThreadId(20) hotstuff_runner::app: Node 0 [produce_block] queue size: 0, attempting up to 0 transactions this block    
2026-08-08T12:18:58.754640Z  WARN ThreadId(20) hotstuff_runner::app: Node 0 view(1553) far exceeds block count (388); potential sync issue    
2026-08-08T12:18:58.793761Z  WARN ThreadId(20) hotstuff_runner::app: Node 0 [produce_block] queue size: 0, attempting up to 0 transactions this block    
2026-08-08T12:18:58.794256Z  WARN ThreadId(20) hotstuff_runner::app: Node 0 view(1557) far exceeds block count (389); potential sync issue    
2026-08-08T12:18:58.834920Z  WARN ThreadId(20) hotstuff_runner::app: Node 0 [produce_block] queue size: 0, attempting up to 0 transactions this block    
2026-08-08T12:18:58.835734Z  WARN ThreadId(20) hotstuff_runner::app: Node 0 view(1561) far exceeds block count (390); potential sync issue    
2026-08-08T12:18:58.882303Z  WARN ThreadId(20) hotstuff_runner::app: Node 0 [produce_block] queue size: 2, attempting up to 2 transactions this block    
2026-08-08T12:18:58.882605Z  WARN ThreadId(20) hotstuff_runner::app: Node 0 view(1565) far exceeds block count (391); potential sync issue    
2026-08-08T12:18:58.941550Z  WARN ThreadId(20) hotstuff_runner::app: Node 0 [produce_block] queue size: 0, attempting up to 0 transactions this block    
2026-08-08T12:18:58.941798Z  WARN ThreadId(20) hotstuff_runner::app: Node 0 view(1569) far exceeds block count (392); potential sync issue    
2026-08-08T12:18:59.001344Z  WARN ThreadId(20) hotstuff_runner::app: Node 0 [produce_block] queue size: 0, attempting up to 0 transactions this block    
2026-08-08T12:18:59.002401Z  WARN ThreadId(20) hotstuff_runner::app: Node 0 view(1573) far exceeds block count (393); potential sync issue    
2026-08-08T12:18:59.128312Z  WARN ThreadId(20) hotstuff_runner::app: Node 0 [produce_block] queue size: 2, attempting up to 2 transactions this block    
2026-08-08T12:18:59.135129Z  WARN ThreadId(20) hotstuff_runner::app: Node 0 view(1577) far exceeds block count (394); potential sync issue    
2026-08-08T12:18:59.211577Z  WARN ThreadId(20) hotstuff_runner::app: Node 0 [produce_block] queue size: 0, attempting up to 0 transactions this block    
2026-08-08T12:18:59.219296Z  WARN ThreadId(20) hotstuff_runner::app: Node 0 view(1581) far exceeds block count (395); potential sync issue    
2026-08-08T12:18:59.324308Z  WARN ThreadId(20) hotstuff_runner::app: Node 0 [produce_block] queue size: 2, attempting up to 2 transactions this block    
2026-08-08T12:18:59.324589Z  WARN ThreadId(20) hotstuff_runner::app: Node 0 view(1585) far exceeds block count (396); potential sync issue    
2026-08-08T12:18:59.402995Z  WARN ThreadId(20) hotstuff_runner::app: Node 0 [produce_block] queue size: 0, attempting up to 0 transactions this block    
2026-08-08T12:18:59.406557Z  WARN ThreadId(20) hotstuff_runner::app: Node 0 view(1589) far exceeds block count (397); potential sync issue    
2026-08-08T12:18:59.481323Z  WARN ThreadId(20) hotstuff_runner::app: Node 0 [produce_block] queue size: 2, attempting up to 2 transactions this block    
2026-08-08T12:18:59.482076Z  WARN ThreadId(20) hotstuff_runner::app: Node 0 view(1593) far exceeds block count (398); potential sync issue    
2026-08-08T12:18:59.565687Z  WARN ThreadId(20) hotstuff_runner::app: Node 0 [produce_block] queue size: 0, attempting up to 0 transactions this block    
2026-08-08T12:18:59.567657Z  WARN ThreadId(20) hotstuff_runner::app: Node 0 view(1597) far exceeds block count (399); potential sync issue    
2026-08-08T12:18:59.704542Z  WARN ThreadId(20) hotstuff_runner::app: Node 0 [produce_block] queue size: 2, attempting up to 2 transactions this block    
2026-08-08T12:18:59.708459Z  WARN ThreadId(20) hotstuff_runner::app: Node 0 view(1601) far exceeds block count (400); potential sync issue    
2026-08-08T12:18:59.795596Z  WARN ThreadId(20) hotstuff_runner::app: Node 0 [produce_block] queue size: 0, attempting up to 0 transactions this block    
2026-08-08T12:18:59.796357Z  WARN ThreadId(20) hotstuff_runner::app: Node 0 view(1605) far exceeds block count (401); potential sync issue    
2026-08-08T12:18:59.887512Z  WARN ThreadId(20) hotstuff_runner::app: Node 0 [produce_block] queue size: 2, attempting up to 2 transactions this block    
2026-08-08T12:18:59.890487Z  WARN ThreadId(20) hotstuff_runner::app: Node 0 view(1609) far exceeds block count (402); potential sync issue    
2026-08-08T12:18:59.945361Z  WARN ThreadId(20) hotstuff_runner::app: Node 0 [produce_block] queue size: 0, attempting up to 0 transactions this block    
2026-08-08T12:18:59.950156Z  WARN ThreadId(20) hotstuff_runner::app: Node 0 view(1613) far exceeds block count (403); potential sync issue    
2026-08-08T12:18:59.993648Z  WARN ThreadId(20) hotstuff_runner::app: Node 0 [produce_block] queue size: 0, attempting up to 0 transactions this block    
2026-08-08T12:18:59.993844Z  WARN ThreadId(20) hotstuff_runner::app: Node 0 view(1617) far exceeds block count (404); potential sync issue    
2026-08-08T12:19:00.082620Z  WARN ThreadId(20) hotstuff_runner::app: Node 0 [produce_block] queue size: 2, attempting up to 2 transactions this block    
2026-08-08T12:19:00.085568Z  WARN ThreadId(20) hotstuff_runner::app: Node 0 view(1621) far exceeds block count (405); potential sync issue    
2026-08-08T12:19:00.172903Z  WARN ThreadId(20) hotstuff_runner::app: Node 0 [produce_block] queue size: 0, attempting up to 0 transactions this block    
2026-08-08T12:19:00.173368Z  WARN ThreadId(20) hotstuff_runner::app: Node 0 view(1625) far exceeds block count (406); potential sync issue    
2026-08-08T12:19:00.265595Z  WARN ThreadId(20) hotstuff_runner::app: Node 0 [produce_block] queue size: 0, attempting up to 0 transactions this block    
2026-08-08T12:19:00.267046Z  WARN ThreadId(20) hotstuff_runner::app: Node 0 view(1629) far exceeds block count (407); potential sync issue    
2026-08-08T12:19:00.381064Z  WARN ThreadId(20) hotstuff_runner::app: Node 0 [produce_block] queue size: 2, attempting up to 2 transactions this block    
2026-08-08T12:19:00.381283Z  WARN ThreadId(20) hotstuff_runner::app: Node 0 view(1633) far exceeds block count (408); potential sync issue    
2026-08-08T12:19:00.435047Z  WARN ThreadId(20) hotstuff_runner::app: Node 0 [produce_block] queue size: 0, attempting up to 0 transactions this block    
2026-08-08T12:19:00.437131Z  WARN ThreadId(20) hotstuff_runner::app: Node 0 view(1637) far exceeds block count (409); potential sync issue    
2026-08-08T12:19:00.482481Z  WARN ThreadId(20) hotstuff_runner::app: Node 0 [produce_block] queue size: 0, attempting up to 0 transactions this block    
2026-08-08T12:19:00.482657Z  WARN ThreadId(20) hotstuff_runner::app: Node 0 view(1641) far exceeds block count (410); potential sync issue    
2026-08-08T12:19:00.531817Z  WARN ThreadId(20) hotstuff_runner::app: Node 0 [produce_block] queue size: 2, attempting up to 2 transactions this block    
2026-08-08T12:19:00.532053Z  WARN ThreadId(20) hotstuff_runner::app: Node 0 view(1645) far exceeds block count (411); potential sync issue    
2026-08-08T12:19:00.589688Z  WARN ThreadId(20) hotstuff_runner::app: Node 0 [produce_block] queue size: 0, attempting up to 0 transactions this block    
2026-08-08T12:19:00.590755Z  WARN ThreadId(20) hotstuff_runner::app: Node 0 view(1649) far exceeds block count (412); potential sync issue    
2026-08-08T12:19:00.627005Z  WARN ThreadId(20) hotstuff_runner::app: Node 0 [produce_block] queue size: 0, attempting up to 0 transactions this block    
2026-08-08T12:19:00.627625Z  WARN ThreadId(20) hotstuff_runner::app: Node 0 view(1653) far exceeds block count (413); potential sync issue    
2026-08-08T12:19:00.684908Z  WARN ThreadId(20) hotstuff_runner::app: Node 0 [produce_block] queue size: 0, attempting up to 0 transactions this block    
2026-08-08T12:19:00.685166Z  WARN ThreadId(20) hotstuff_runner::app: Node 0 view(1657) far exceeds block count (414); potential sync issue    
2026-08-08T12:19:00.739926Z  WARN ThreadId(20) hotstuff_runner::app: Node 0 [produce_block] queue size: 2, attempting up to 2 transactions this block    
2026-08-08T12:19:00.740278Z  WARN ThreadId(20) hotstuff_runner::app: Node 0 view(1661) far exceeds block count (415); potential sync issue    
2026-08-08T12:19:00.793252Z  WARN ThreadId(20) hotstuff_runner::app: Node 0 [produce_block] queue size: 0, attempting up to 0 transactions this block    
2026-08-08T12:19:00.794219Z  WARN ThreadId(20) hotstuff_runner::app: Node 0 view(1665) far exceeds block count (416); potential sync issue    
2026-08-08T12:19:00.836972Z  WARN ThreadId(20) hotstuff_runner::app: Node 0 [produce_block] queue size: 0, attempting up to 0 transactions this block    
2026-08-08T12:19:00.837963Z  WARN ThreadId(20) hotstuff_runner::app: Node 0 view(1669) far exceeds block count (417); potential sync issue    
2026-08-08T12:19:00.875571Z  WARN ThreadId(20) hotstuff_runner::app: Node 0 [produce_block] queue size: 0, attempting up to 0 transactions this block    
2026-08-08T12:19:00.875865Z  WARN ThreadId(20) hotstuff_runner::app: Node 0 view(1673) far exceeds block count (418); potential sync issue    
2026-08-08T12:19:00.926490Z  WARN ThreadId(20) hotstuff_runner::app: Node 0 [produce_block] queue size: 2, attempting up to 2 transactions this block    
2026-08-08T12:19:00.932222Z  WARN ThreadId(20) hotstuff_runner::app: Node 0 view(1677) far exceeds block count (419); potential sync issue    
2026-08-08T12:19:00.994852Z  WARN ThreadId(20) hotstuff_runner::app: Node 0 [produce_block] queue size: 0, attempting up to 0 transactions this block    
2026-08-08T12:19:00.999754Z  WARN ThreadId(20) hotstuff_runner::app: Node 0 view(1681) far exceeds block count (420); potential sync issue    
2026-08-08T12:19:01.050028Z  WARN ThreadId(20) hotstuff_runner::app: Node 0 [produce_block] queue size: 0, attempting up to 0 transactions this block    
2026-08-08T12:19:01.051288Z  WARN ThreadId(20) hotstuff_runner::app: Node 0 view(1685) far exceeds block count (421); potential sync issue    
2026-08-08T12:19:01.110733Z  WARN ThreadId(20) hotstuff_runner::app: Node 0 [produce_block] queue size: 0, attempting up to 0 transactions this block    
2026-08-08T12:19:01.111716Z  WARN ThreadId(20) hotstuff_runner::app: Node 0 view(1689) far exceeds block count (422); potential sync issue    
2026-08-08T12:19:01.149872Z  WARN ThreadId(20) hotstuff_runner::app: Node 0 [produce_block] queue size: 2, attempting up to 2 transactions this block    
2026-08-08T12:19:01.150555Z  WARN ThreadId(20) hotstuff_runner::app: Node 0 view(1693) far exceeds block count (423); potential sync issue    
2026-08-08T12:19:01.202549Z  WARN ThreadId(20) hotstuff_runner::app: Node 0 [produce_block] queue size: 0, attempting up to 0 transactions this block    
2026-08-08T12:19:01.204694Z  WARN ThreadId(20) hotstuff_runner::app: Node 0 view(1697) far exceeds block count (424); potential sync issue    
2026-08-08T12:19:01.258119Z  WARN ThreadId(20) hotstuff_runner::app: Node 0 [produce_block] queue size: 0, attempting up to 0 transactions this block    
2026-08-08T12:19:01.258261Z  WARN ThreadId(20) hotstuff_runner::app: Node 0 view(1701) far exceeds block count (425); potential sync issue    
2026-08-08T12:19:01.323712Z  WARN ThreadId(20) hotstuff_runner::app: Node 0 [produce_block] queue size: 2, attempting up to 2 transactions this block    
2026-08-08T12:19:01.324136Z  WARN ThreadId(20) hotstuff_runner::app: Node 0 view(1705) far exceeds block count (426); potential sync issue    
2026-08-08T12:19:01.382146Z  WARN ThreadId(20) hotstuff_runner::app: Node 0 [produce_block] queue size: 0, attempting up to 0 transactions this block    
2026-08-08T12:19:01.383491Z  WARN ThreadId(20) hotstuff_runner::app: Node 0 view(1709) far exceeds block count (427); potential sync issue    
2026-08-08T12:19:01.424902Z  WARN ThreadId(20) hotstuff_runner::app: Node 0 [produce_block] queue size: 0, attempting up to 0 transactions this block    
2026-08-08T12:19:01.426498Z  WARN ThreadId(20) hotstuff_runner::app: Node 0 view(1713) far exceeds block count (428); potential sync issue    
2026-08-08T12:19:01.485270Z  WARN ThreadId(20) hotstuff_runner::app: Node 0 [produce_block] queue size: 2, attempting up to 2 transactions this block    
2026-08-08T12:19:01.486897Z  WARN ThreadId(20) hotstuff_runner::app: Node 0 view(1717) far exceeds block count (429); potential sync issue    
2026-08-08T12:19:01.525980Z  WARN ThreadId(20) hotstuff_runner::app: Node 0 [produce_block] queue size: 0, attempting up to 0 transactions this block    
2026-08-08T12:19:01.526622Z  WARN ThreadId(20) hotstuff_runner::app: Node 0 view(1721) far exceeds block count (430); potential sync issue    
2026-08-08T12:19:01.565559Z  WARN ThreadId(20) hotstuff_runner::app: Node 0 [produce_block] queue size: 0, attempting up to 0 transactions this block    
2026-08-08T12:19:01.565738Z  WARN ThreadId(20) hotstuff_runner::app: Node 0 view(1725) far exceeds block count (431); potential sync issue    
2026-08-08T12:19:01.597971Z  WARN ThreadId(20) hotstuff_runner::app: Node 0 [produce_block] queue size: 0, attempting up to 0 transactions this block    
2026-08-08T12:19:01.600489Z  WARN ThreadId(20) hotstuff_runner::app: Node 0 view(1729) far exceeds block count (432); potential sync issue    
2026-08-08T12:19:01.642104Z  WARN ThreadId(20) hotstuff_runner::app: Node 0 [produce_block] queue size: 0, attempting up to 0 transactions this block    
2026-08-08T12:19:01.643633Z  WARN ThreadId(20) hotstuff_runner::app: Node 0 view(1733) far exceeds block count (433); potential sync issue    
2026-08-08T12:19:01.683919Z  WARN ThreadId(20) hotstuff_runner::app: Node 0 [produce_block] queue size: 2, attempting up to 2 transactions this block    
2026-08-08T12:19:01.685267Z  WARN ThreadId(20) hotstuff_runner::app: Node 0 view(1737) far exceeds block count (434); potential sync issue    
2026-08-08T12:19:01.740824Z  WARN ThreadId(20) hotstuff_runner::app: Node 0 [produce_block] queue size: 0, attempting up to 0 transactions this block    
2026-08-08T12:19:01.741552Z  WARN ThreadId(20) hotstuff_runner::app: Node 0 view(1741) far exceeds block count (435); potential sync issue    
2026-08-08T12:19:01.773385Z  WARN ThreadId(20) hotstuff_runner::app: Node 0 [produce_block] queue size: 0, attempting up to 0 transactions this block    
2026-08-08T12:19:01.775521Z  WARN ThreadId(20) hotstuff_runner::app: Node 0 view(1745) far exceeds block count (436); potential sync issue    
2026-08-08T12:19:01.812223Z  WARN ThreadId(20) hotstuff_runner::app: Node 0 [produce_block] queue size: 0, attempting up to 0 transactions this block    
2026-08-08T12:19:01.815513Z  WARN ThreadId(20) hotstuff_runner::app: Node 0 view(1749) far exceeds block count (437); potential sync issue    
2026-08-08T12:19:01.854369Z  WARN ThreadId(20) hotstuff_runner::app: Node 0 [produce_block] queue size: 0, attempting up to 0 transactions this block    
2026-08-08T12:19:01.854665Z  WARN ThreadId(20) hotstuff_runner::app: Node 0 view(1753) far exceeds block count (438); potential sync issue    
2026-08-08T12:19:01.895665Z  WARN ThreadId(20) hotstuff_runner::app: Node 0 [produce_block] queue size: 0, attempting up to 0 transactions this block    
2026-08-08T12:19:01.896245Z  WARN ThreadId(20) hotstuff_runner::app: Node 0 view(1757) far exceeds block count (439); potential sync issue    
2026-08-08T12:19:01.944009Z  WARN ThreadId(20) hotstuff_runner::app: Node 0 [produce_block] queue size: 2, attempting up to 2 transactions this block    
2026-08-08T12:19:01.944317Z  WARN ThreadId(20) hotstuff_runner::app: Node 0 view(1761) far exceeds block count (440); potential sync issue    
2026-08-08T12:19:01.977074Z  WARN ThreadId(20) hotstuff_runner::app: Node 0 [produce_block] queue size: 0, attempting up to 0 transactions this block    
2026-08-08T12:19:01.979909Z  WARN ThreadId(20) hotstuff_runner::app: Node 0 view(1765) far exceeds block count (441); potential sync issue    
2026-08-08T12:19:02.028088Z  WARN ThreadId(20) hotstuff_runner::app: Node 0 [produce_block] queue size: 0, attempting up to 0 transactions this block    
2026-08-08T12:19:02.028238Z  WARN ThreadId(20) hotstuff_runner::app: Node 0 view(1769) far exceeds block count (442); potential sync issue    
2026-08-08T12:19:02.059631Z  WARN ThreadId(20) hotstuff_runner::app: Node 0 [produce_block] queue size: 0, attempting up to 0 transactions this block    
2026-08-08T12:19:02.060221Z  WARN ThreadId(20) hotstuff_runner::app: Node 0 view(1773) far exceeds block count (443); potential sync issue    
2026-08-08T12:19:02.103579Z  WARN ThreadId(20) hotstuff_runner::app: Node 0 [produce_block] queue size: 2, attempting up to 2 transactions this block    
2026-08-08T12:19:02.104543Z  WARN ThreadId(20) hotstuff_runner::app: Node 0 view(1777) far exceeds block count (444); potential sync issue    
2026-08-08T12:19:02.140397Z  WARN ThreadId(20) hotstuff_runner::app: Node 0 [produce_block] queue size: 0, attempting up to 0 transactions this block    
2026-08-08T12:19:02.143010Z  WARN ThreadId(20) hotstuff_runner::app: Node 0 view(1781) far exceeds block count (445); potential sync issue    
2026-08-08T12:19:02.180661Z  WARN ThreadId(20) hotstuff_runner::app: Node 0 [produce_block] queue size: 0, attempting up to 0 transactions this block    
2026-08-08T12:19:02.180803Z  WARN ThreadId(20) hotstuff_runner::app: Node 0 view(1785) far exceeds block count (446); potential sync issue    
2026-08-08T12:19:02.232650Z  WARN ThreadId(20) hotstuff_runner::app: Node 0 [produce_block] queue size: 0, attempting up to 0 transactions this block    
2026-08-08T12:19:02.234723Z  WARN ThreadId(20) hotstuff_runner::app: Node 0 view(1789) far exceeds block count (447); potential sync issue    
2026-08-08T12:19:02.276492Z  WARN ThreadId(20) hotstuff_runner::app: Node 0 [produce_block] queue size: 2, attempting up to 2 transactions this block    
2026-08-08T12:19:02.277628Z  WARN ThreadId(20) hotstuff_runner::app: Node 0 view(1793) far exceeds block count (448); potential sync issue    
2026-08-08T12:19:02.327485Z  WARN ThreadId(20) hotstuff_runner::app: Node 0 [produce_block] queue size: 0, attempting up to 0 transactions this block    
2026-08-08T12:19:02.327685Z  WARN ThreadId(20) hotstuff_runner::app: Node 0 view(1797) far exceeds block count (449); potential sync issue    
2026-08-08T12:19:02.372486Z  WARN ThreadId(20) hotstuff_runner::app: Node 0 [produce_block] queue size: 0, attempting up to 0 transactions this block    
2026-08-08T12:19:02.372750Z  WARN ThreadId(20) hotstuff_runner::app: Node 0 view(1801) far exceeds block count (450); potential sync issue    
2026-08-08T12:19:02.432353Z  WARN ThreadId(20) hotstuff_runner::app: Node 0 [produce_block] queue size: 0, attempting up to 0 transactions this block    
2026-08-08T12:19:02.432783Z  WARN ThreadId(20) hotstuff_runner::app: Node 0 view(1805) far exceeds block count (451); potential sync issue    
2026-08-08T12:19:02.494165Z  WARN ThreadId(20) hotstuff_runner::app: Node 0 [produce_block] queue size: 2, attempting up to 2 transactions this block    
2026-08-08T12:19:02.496214Z  WARN ThreadId(20) hotstuff_runner::app: Node 0 view(1809) far exceeds block count (452); potential sync issue    
2026-08-08T12:19:02.606112Z  WARN ThreadId(20) hotstuff_runner::app: Node 0 [produce_block] queue size: 0, attempting up to 0 transactions this block    
2026-08-08T12:19:02.654257Z  WARN ThreadId(20) hotstuff_runner::app: Node 0 view(1813) far exceeds block count (453); potential sync issue    
2026-08-08T12:19:02.711152Z  WARN ThreadId(20) hotstuff_runner::app: Node 0 [produce_block] queue size: 2, attempting up to 2 transactions this block    
2026-08-08T12:19:02.711297Z  WARN ThreadId(20) hotstuff_runner::app: Node 0 view(1817) far exceeds block count (454); potential sync issue    
2026-08-08T12:19:02.749293Z  WARN ThreadId(20) hotstuff_runner::app: Node 0 [produce_block] queue size: 0, attempting up to 0 transactions this block    
2026-08-08T12:19:02.750008Z  WARN ThreadId(20) hotstuff_runner::app: Node 0 view(1821) far exceeds block count (455); potential sync issue    
2026-08-08T12:19:02.794175Z  WARN ThreadId(20) hotstuff_runner::app: Node 0 [produce_block] queue size: 0, attempting up to 0 transactions this block    
2026-08-08T12:19:02.795195Z  WARN ThreadId(20) hotstuff_runner::app: Node 0 view(1825) far exceeds block count (456); potential sync issue    
2026-08-08T12:19:02.841008Z  WARN ThreadId(20) hotstuff_runner::app: Node 0 [produce_block] queue size: 0, attempting up to 0 transactions this block    
2026-08-08T12:19:02.841173Z  WARN ThreadId(20) hotstuff_runner::app: Node 0 view(1829) far exceeds block count (457); potential sync issue    
2026-08-08T12:19:02.960228Z  WARN ThreadId(20) hotstuff_runner::app: Node 0 [produce_block] queue size: 2, attempting up to 2 transactions this block    
2026-08-08T12:19:02.965491Z  WARN ThreadId(20) hotstuff_runner::app: Node 0 view(1833) far exceeds block count (458); potential sync issue    
2026-08-08T12:19:03.035175Z  WARN ThreadId(20) hotstuff_runner::app: Node 0 [produce_block] queue size: 0, attempting up to 0 transactions this block    
2026-08-08T12:19:03.035342Z  WARN ThreadId(20) hotstuff_runner::app: Node 0 view(1837) far exceeds block count (459); potential sync issue    
2026-08-08T12:19:03.077958Z  WARN ThreadId(20) hotstuff_runner::app: Node 0 [produce_block] queue size: 2, attempting up to 2 transactions this block    
2026-08-08T12:19:03.078412Z  WARN ThreadId(20) hotstuff_runner::app: Node 0 view(1841) far exceeds block count (460); potential sync issue    
2026-08-08T12:19:03.120903Z  WARN ThreadId(20) hotstuff_runner::app: Node 0 [produce_block] queue size: 0, attempting up to 0 transactions this block    
2026-08-08T12:19:03.121862Z  WARN ThreadId(20) hotstuff_runner::app: Node 0 view(1845) far exceeds block count (461); potential sync issue    
2026-08-08T12:19:03.158199Z  WARN ThreadId(20) hotstuff_runner::app: Node 0 [produce_block] queue size: 0, attempting up to 0 transactions this block    
2026-08-08T12:19:03.158700Z  WARN ThreadId(20) hotstuff_runner::app: Node 0 view(1849) far exceeds block count (462); potential sync issue    
2026-08-08T12:19:03.255481Z  WARN ThreadId(20) hotstuff_runner::app: Node 0 [produce_block] queue size: 2, attempting up to 2 transactions this block    
2026-08-08T12:19:03.256659Z  WARN ThreadId(20) hotstuff_runner::app: Node 0 view(1853) far exceeds block count (463); potential sync issue    
2026-08-08T12:19:03.288876Z  WARN ThreadId(20) hotstuff_runner::app: Node 0 [produce_block] queue size: 0, attempting up to 0 transactions this block    
2026-08-08T12:19:03.289702Z  WARN ThreadId(20) hotstuff_runner::app: Node 0 view(1857) far exceeds block count (464); potential sync issue    
2026-08-08T12:19:03.357485Z  WARN ThreadId(20) hotstuff_runner::app: Node 0 [produce_block] queue size: 0, attempting up to 0 transactions this block    
2026-08-08T12:19:03.358535Z  WARN ThreadId(20) hotstuff_runner::app: Node 0 view(1861) far exceeds block count (465); potential sync issue    
2026-08-08T12:19:03.430475Z  WARN ThreadId(20) hotstuff_runner::app: Node 0 [produce_block] queue size: 0, attempting up to 0 transactions this block    
2026-08-08T12:19:03.430653Z  WARN ThreadId(20) hotstuff_runner::app: Node 0 view(1865) far exceeds block count (466); potential sync issue    
2026-08-08T12:19:03.495619Z  WARN ThreadId(20) hotstuff_runner::app: Node 0 [produce_block] queue size: 2, attempting up to 2 transactions this block    
2026-08-08T12:19:03.496128Z  WARN ThreadId(20) hotstuff_runner::app: Node 0 view(1869) far exceeds block count (467); potential sync issue    
2026-08-08T12:19:03.559872Z  WARN ThreadId(20) hotstuff_runner::app: Node 0 [produce_block] queue size: 0, attempting up to 0 transactions this block    
2026-08-08T12:19:03.560897Z  WARN ThreadId(20) hotstuff_runner::app: Node 0 view(1873) far exceeds block count (468); potential sync issue    
2026-08-08T12:19:03.614806Z  WARN ThreadId(20) hotstuff_runner::app: Node 0 [produce_block] queue size: 0, attempting up to 0 transactions this block    
2026-08-08T12:19:03.616354Z  WARN ThreadId(20) hotstuff_runner::app: Node 0 view(1877) far exceeds block count (469); potential sync issue    
2026-08-08T12:19:03.780499Z  WARN ThreadId(20) hotstuff_runner::app: Node 0 [produce_block] queue size: 2, attempting up to 2 transactions this block    
2026-08-08T12:19:03.784537Z  WARN ThreadId(20) hotstuff_runner::app: Node 0 view(1881) far exceeds block count (470); potential sync issue    
2026-08-08T12:19:03.849116Z  WARN ThreadId(20) hotstuff_runner::app: Node 0 [produce_block] queue size: 0, attempting up to 0 transactions this block    
2026-08-08T12:19:03.849851Z  WARN ThreadId(20) hotstuff_runner::app: Node 0 view(1885) far exceeds block count (471); potential sync issue    
2026-08-08T12:19:04.008579Z  WARN ThreadId(20) hotstuff_runner::app: Node 0 [produce_block] queue size: 2, attempting up to 2 transactions this block    
2026-08-08T12:19:04.009319Z  WARN ThreadId(20) hotstuff_runner::app: Node 0 view(1889) far exceeds block count (472); potential sync issue    
2026-08-08T12:19:04.071140Z  WARN ThreadId(20) hotstuff_runner::app: Node 0 [produce_block] queue size: 0, attempting up to 0 transactions this block    
2026-08-08T12:19:04.071976Z  WARN ThreadId(20) hotstuff_runner::app: Node 0 view(1893) far exceeds block count (473); potential sync issue    
2026-08-08T12:19:06.120241Z  WARN ThreadId(20) hotstuff_runner::app: Node 0 [produce_block] queue size: 20, attempting up to 20 transactions this block    
2026-08-08T12:19:06.121300Z  WARN ThreadId(20) hotstuff_runner::app: Node 0 view(1897) far exceeds block count (474); potential sync issue    
2026-08-08T12:19:06.190142Z  WARN ThreadId(20) hotstuff_runner::app: Node 0 [produce_block] queue size: 0, attempting up to 0 transactions this block    
2026-08-08T12:19:06.190378Z  WARN ThreadId(20) hotstuff_runner::app: Node 0 view(1901) far exceeds block count (475); potential sync issue    
2026-08-08T12:19:06.247604Z  WARN ThreadId(20) hotstuff_runner::app: Node 0 [produce_block] queue size: 2, attempting up to 2 transactions this block    
2026-08-08T12:19:06.248971Z  WARN ThreadId(20) hotstuff_runner::app: Node 0 view(1905) far exceeds block count (476); potential sync issue    
2026-08-08T12:19:06.294971Z  WARN ThreadId(20) hotstuff_runner::app: Node 0 [produce_block] queue size: 0, attempting up to 0 transactions this block    
2026-08-08T12:19:06.295459Z  WARN ThreadId(20) hotstuff_runner::app: Node 0 view(1909) far exceeds block count (477); potential sync issue    
2026-08-08T12:19:06.359794Z  WARN ThreadId(20) hotstuff_runner::app: Node 0 [produce_block] queue size: 0, attempting up to 0 transactions this block    
2026-08-08T12:19:06.361557Z  WARN ThreadId(20) hotstuff_runner::app: Node 0 view(1913) far exceeds block count (478); potential sync issue    
2026-08-08T12:19:06.422971Z  WARN ThreadId(20) hotstuff_runner::app: Node 0 [produce_block] queue size: 2, attempting up to 2 transactions this block    
2026-08-08T12:19:06.423549Z  WARN ThreadId(20) hotstuff_runner::app: Node 0 view(1917) far exceeds block count (479); potential sync issue    
2026-08-08T12:19:06.459862Z  WARN ThreadId(20) hotstuff_runner::app: Node 0 [produce_block] queue size: 0, attempting up to 0 transactions this block    
2026-08-08T12:19:06.462174Z  WARN ThreadId(20) hotstuff_runner::app: Node 0 view(1921) far exceeds block count (480); potential sync issue    
2026-08-08T12:19:06.495748Z  WARN ThreadId(20) hotstuff_runner::app: Node 0 [produce_block] queue size: 0, attempting up to 0 transactions this block    
2026-08-08T12:19:06.496343Z  WARN ThreadId(20) hotstuff_runner::app: Node 0 view(1925) far exceeds block count (481); potential sync issue    
2026-08-08T12:19:06.537899Z  WARN ThreadId(20) hotstuff_runner::app: Node 0 [produce_block] queue size: 0, attempting up to 0 transactions this block    
2026-08-08T12:19:06.538173Z  WARN ThreadId(20) hotstuff_runner::app: Node 0 view(1929) far exceeds block count (482); potential sync issue    
2026-08-08T12:19:06.611122Z  WARN ThreadId(20) hotstuff_runner::app: Node 0 [produce_block] queue size: 0, attempting up to 0 transactions this block    
2026-08-08T12:19:06.619504Z  WARN ThreadId(20) hotstuff_runner::app: Node 0 view(1933) far exceeds block count (483); potential sync issue    
2026-08-08T12:19:06.680756Z  WARN ThreadId(20) hotstuff_runner::app: Node 0 [produce_block] queue size: 2, attempting up to 2 transactions this block    
2026-08-08T12:19:06.687010Z  WARN ThreadId(20) hotstuff_runner::app: Node 0 view(1937) far exceeds block count (484); potential sync issue    
2026-08-08T12:19:06.732163Z  WARN ThreadId(20) hotstuff_runner::app: Node 0 [produce_block] queue size: 0, attempting up to 0 transactions this block    
2026-08-08T12:19:06.732358Z  WARN ThreadId(20) hotstuff_runner::app: Node 0 view(1941) far exceeds block count (485); potential sync issue    
2026-08-08T12:19:06.777325Z  WARN ThreadId(20) hotstuff_runner::app: Node 0 [produce_block] queue size: 0, attempting up to 0 transactions this block    
2026-08-08T12:19:06.777405Z  WARN ThreadId(20) hotstuff_runner::app: Node 0 view(1945) far exceeds block count (486); potential sync issue    
2026-08-08T12:19:06.839859Z  WARN ThreadId(20) hotstuff_runner::app: Node 0 [produce_block] queue size: 2, attempting up to 2 transactions this block    
2026-08-08T12:19:06.839959Z  WARN ThreadId(20) hotstuff_runner::app: Node 0 view(1949) far exceeds block count (487); potential sync issue    
2026-08-08T12:19:06.872923Z  WARN ThreadId(20) hotstuff_runner::app: Node 0 [produce_block] queue size: 0, attempting up to 0 transactions this block    
2026-08-08T12:19:06.874201Z  WARN ThreadId(20) hotstuff_runner::app: Node 0 view(1953) far exceeds block count (488); potential sync issue    
2026-08-08T12:19:06.930846Z  WARN ThreadId(20) hotstuff_runner::app: Node 0 [produce_block] queue size: 0, attempting up to 0 transactions this block    
2026-08-08T12:19:06.933524Z  WARN ThreadId(20) hotstuff_runner::app: Node 0 view(1957) far exceeds block count (489); potential sync issue    
2026-08-08T12:19:07.025565Z  WARN ThreadId(20) hotstuff_runner::app: Node 0 [produce_block] queue size: 2, attempting up to 2 transactions this block    
2026-08-08T12:19:07.025770Z  WARN ThreadId(20) hotstuff_runner::app: Node 0 view(1961) far exceeds block count (490); potential sync issue    
2026-08-08T12:19:07.064858Z  WARN ThreadId(20) hotstuff_runner::app: Node 0 [produce_block] queue size: 0, attempting up to 0 transactions this block    
2026-08-08T12:19:07.067939Z  WARN ThreadId(20) hotstuff_runner::app: Node 0 view(1965) far exceeds block count (491); potential sync issue    
2026-08-08T12:19:07.119488Z  WARN ThreadId(20) hotstuff_runner::app: Node 0 [produce_block] queue size: 0, attempting up to 0 transactions this block    
2026-08-08T12:19:07.119605Z  WARN ThreadId(20) hotstuff_runner::app: Node 0 view(1969) far exceeds block count (492); potential sync issue    
2026-08-08T12:19:07.181646Z  WARN ThreadId(20) hotstuff_runner::app: Node 0 [produce_block] queue size: 0, attempting up to 0 transactions this block    
2026-08-08T12:19:07.188211Z  WARN ThreadId(20) hotstuff_runner::app: Node 0 view(1973) far exceeds block count (493); potential sync issue    
2026-08-08T12:19:07.265798Z  WARN ThreadId(20) hotstuff_runner::app: Node 0 [produce_block] queue size: 2, attempting up to 2 transactions this block    
2026-08-08T12:19:07.275295Z  WARN ThreadId(20) hotstuff_runner::app: Node 0 view(1977) far exceeds block count (494); potential sync issue    
2026-08-08T12:19:07.336741Z  WARN ThreadId(20) hotstuff_runner::app: Node 0 [produce_block] queue size: 0, attempting up to 0 transactions this block    
2026-08-08T12:19:07.337609Z  WARN ThreadId(20) hotstuff_runner::app: Node 0 view(1981) far exceeds block count (495); potential sync issue    
2026-08-08T12:19:07.387681Z  WARN ThreadId(20) hotstuff_runner::app: Node 0 [produce_block] queue size: 0, attempting up to 0 transactions this block    
2026-08-08T12:19:07.392239Z  WARN ThreadId(20) hotstuff_runner::app: Node 0 view(1985) far exceeds block count (496); potential sync issue    
2026-08-08T12:19:07.426698Z  WARN ThreadId(20) hotstuff_runner::app: Node 0 [produce_block] queue size: 2, attempting up to 2 transactions this block    
2026-08-08T12:19:07.426807Z  WARN ThreadId(20) hotstuff_runner::app: Node 0 view(1989) far exceeds block count (497); potential sync issue    
2026-08-08T12:19:07.479706Z  WARN ThreadId(20) hotstuff_runner::app: Node 0 [produce_block] queue size: 0, attempting up to 0 transactions this block    
2026-08-08T12:19:07.480134Z  WARN ThreadId(20) hotstuff_runner::app: Node 0 view(1993) far exceeds block count (498); potential sync issue    
2026-08-08T12:19:07.527933Z  WARN ThreadId(20) hotstuff_runner::app: Node 0 [produce_block] queue size: 0, attempting up to 0 transactions this block    
2026-08-08T12:19:07.528516Z  WARN ThreadId(20) hotstuff_runner::app: Node 0 view(1997) far exceeds block count (499); potential sync issue    
2026-08-08T12:19:07.576319Z  WARN ThreadId(20) hotstuff_runner::app: Node 0 [produce_block] queue size: 0, attempting up to 0 transactions this block    
2026-08-08T12:19:07.576696Z  WARN ThreadId(20) hotstuff_runner::app: Node 0 view(2001) far exceeds block count (500); potential sync issue    
2026-08-08T12:19:07.618510Z  WARN ThreadId(20) hotstuff_runner::app: Node 0 [produce_block] queue size: 0, attempting up to 0 transactions this block    
2026-08-08T12:19:07.620317Z  WARN ThreadId(20) hotstuff_runner::app: Node 0 view(2005) far exceeds block count (501); potential sync issue    
2026-08-08T12:19:07.661475Z  WARN ThreadId(20) hotstuff_runner::app: Node 0 [produce_block] queue size: 2, attempting up to 2 transactions this block    
2026-08-08T12:19:07.662512Z  WARN ThreadId(20) hotstuff_runner::app: Node 0 view(2009) far exceeds block count (502); potential sync issue    
2026-08-08T12:19:07.712489Z  WARN ThreadId(20) hotstuff_runner::app: Node 0 [produce_block] queue size: 0, attempting up to 0 transactions this block    
2026-08-08T12:19:07.713540Z  WARN ThreadId(20) hotstuff_runner::app: Node 0 view(2013) far exceeds block count (503); potential sync issue    
2026-08-08T12:19:07.761034Z  WARN ThreadId(20) hotstuff_runner::app: Node 0 [produce_block] queue size: 0, attempting up to 0 transactions this block    
2026-08-08T12:19:07.762191Z  WARN ThreadId(20) hotstuff_runner::app: Node 0 view(2017) far exceeds block count (504); potential sync issue    
2026-08-08T12:19:07.807929Z  WARN ThreadId(20) hotstuff_runner::app: Node 0 [produce_block] queue size: 0, attempting up to 0 transactions this block    
2026-08-08T12:19:07.808777Z  WARN ThreadId(20) hotstuff_runner::app: Node 0 view(2021) far exceeds block count (505); potential sync issue    
2026-08-08T12:19:07.867740Z  WARN ThreadId(20) hotstuff_runner::app: Node 0 [produce_block] queue size: 2, attempting up to 2 transactions this block    
2026-08-08T12:19:07.868852Z  WARN ThreadId(20) hotstuff_runner::app: Node 0 view(2025) far exceeds block count (506); potential sync issue    
2026-08-08T12:19:07.929836Z  WARN ThreadId(20) hotstuff_runner::app: Node 0 [produce_block] queue size: 0, attempting up to 0 transactions this block    
2026-08-08T12:19:07.930920Z  WARN ThreadId(20) hotstuff_runner::app: Node 0 view(2029) far exceeds block count (507); potential sync issue    
2026-08-08T12:19:07.983305Z  WARN ThreadId(20) hotstuff_runner::app: Node 0 [produce_block] queue size: 0, attempting up to 0 transactions this block    
2026-08-08T12:19:07.983801Z  WARN ThreadId(20) hotstuff_runner::app: Node 0 view(2033) far exceeds block count (508); potential sync issue    
2026-08-08T12:19:08.039494Z  WARN ThreadId(20) hotstuff_runner::app: Node 0 [produce_block] queue size: 0, attempting up to 0 transactions this block    
2026-08-08T12:19:08.040058Z  WARN ThreadId(20) hotstuff_runner::app: Node 0 view(2037) far exceeds block count (509); potential sync issue    
2026-08-08T12:19:08.099779Z  WARN ThreadId(20) hotstuff_runner::app: Node 0 [produce_block] queue size: 2, attempting up to 2 transactions this block    
2026-08-08T12:19:08.105068Z  WARN ThreadId(20) hotstuff_runner::app: Node 0 view(2041) far exceeds block count (510); potential sync issue    
2026-08-08T12:19:08.172532Z  WARN ThreadId(20) hotstuff_runner::app: Node 0 [produce_block] queue size: 0, attempting up to 0 transactions this block    
2026-08-08T12:19:08.174424Z  WARN ThreadId(20) hotstuff_runner::app: Node 0 view(2045) far exceeds block count (511); potential sync issue    
2026-08-08T12:19:08.212151Z  WARN ThreadId(20) hotstuff_runner::app: Node 0 [produce_block] queue size: 0, attempting up to 0 transactions this block    
2026-08-08T12:19:08.213423Z  WARN ThreadId(20) hotstuff_runner::app: Node 0 view(2049) far exceeds block count (512); potential sync issue    
2026-08-08T12:19:08.254394Z  WARN ThreadId(20) hotstuff_runner::app: Node 0 [produce_block] queue size: 0, attempting up to 0 transactions this block    
2026-08-08T12:19:08.255479Z  WARN ThreadId(20) hotstuff_runner::app: Node 0 view(2053) far exceeds block count (513); potential sync issue    
2026-08-08T12:19:08.297589Z  WARN ThreadId(20) hotstuff_runner::app: Node 0 [produce_block] queue size: 2, attempting up to 2 transactions this block    
2026-08-08T12:19:08.298823Z  WARN ThreadId(20) hotstuff_runner::app: Node 0 view(2057) far exceeds block count (514); potential sync issue    
2026-08-08T12:19:08.389713Z  WARN ThreadId(20) hotstuff_runner::app: Node 0 [produce_block] queue size: 0, attempting up to 0 transactions this block    
2026-08-08T12:19:08.390795Z  WARN ThreadId(20) hotstuff_runner::app: Node 0 view(2061) far exceeds block count (515); potential sync issue    
2026-08-08T12:19:08.477289Z  WARN ThreadId(20) hotstuff_runner::app: Node 0 [produce_block] queue size: 2, attempting up to 2 transactions this block    
2026-08-08T12:19:08.480075Z  WARN ThreadId(20) hotstuff_runner::app: Node 0 view(2065) far exceeds block count (516); potential sync issue    
2026-08-08T12:19:08.543094Z  WARN ThreadId(20) hotstuff_runner::app: Node 0 [produce_block] queue size: 0, attempting up to 0 transactions this block    
2026-08-08T12:19:08.545704Z  WARN ThreadId(20) hotstuff_runner::app: Node 0 view(2069) far exceeds block count (517); potential sync issue    
2026-08-08T12:19:08.618427Z  WARN ThreadId(20) hotstuff_runner::app: Node 0 [produce_block] queue size: 0, attempting up to 0 transactions this block    
2026-08-08T12:19:08.622747Z  WARN ThreadId(20) hotstuff_runner::app: Node 0 view(2073) far exceeds block count (518); potential sync issue    
2026-08-08T12:19:08.673621Z  WARN ThreadId(20) hotstuff_runner::app: Node 0 [produce_block] queue size: 2, attempting up to 2 transactions this block    
2026-08-08T12:19:08.674252Z  WARN ThreadId(20) hotstuff_runner::app: Node 0 view(2077) far exceeds block count (519); potential sync issue    
2026-08-08T12:19:08.737315Z  WARN ThreadId(20) hotstuff_runner::app: Node 0 [produce_block] queue size: 0, attempting up to 0 transactions this block    
2026-08-08T12:19:08.737779Z  WARN ThreadId(20) hotstuff_runner::app: Node 0 view(2081) far exceeds block count (520); potential sync issue    
2026-08-08T12:19:08.844015Z  WARN ThreadId(20) hotstuff_runner::app: Node 0 [produce_block] queue size: 2, attempting up to 2 transactions this block    
2026-08-08T12:19:08.845157Z  WARN ThreadId(20) hotstuff_runner::app: Node 0 view(2085) far exceeds block count (521); potential sync issue    
2026-08-08T12:19:08.933192Z  WARN ThreadId(20) hotstuff_runner::app: Node 0 [produce_block] queue size: 0, attempting up to 0 transactions this block    
2026-08-08T12:19:08.933876Z  WARN ThreadId(20) hotstuff_runner::app: Node 0 view(2089) far exceeds block count (522); potential sync issue    
2026-08-08T12:19:08.989557Z  WARN ThreadId(20) hotstuff_runner::app: Node 0 [produce_block] queue size: 0, attempting up to 0 transactions this block    
2026-08-08T12:19:08.989881Z  WARN ThreadId(20) hotstuff_runner::app: Node 0 view(2093) far exceeds block count (523); potential sync issue    
2026-08-08T12:19:09.095655Z  WARN ThreadId(20) hotstuff_runner::app: Node 0 [produce_block] queue size: 2, attempting up to 2 transactions this block    
2026-08-08T12:19:09.100202Z  WARN ThreadId(20) hotstuff_runner::app: Node 0 view(2097) far exceeds block count (524); potential sync issue    
2026-08-08T12:19:09.161109Z  WARN ThreadId(20) hotstuff_runner::app: Node 0 [produce_block] queue size: 0, attempting up to 0 transactions this block    
2026-08-08T12:19:09.161543Z  WARN ThreadId(20) hotstuff_runner::app: Node 0 view(2101) far exceeds block count (525); potential sync issue    
2026-08-08T12:19:09.241087Z  WARN ThreadId(20) hotstuff_runner::app: Node 0 [produce_block] queue size: 2, attempting up to 2 transactions this block    
2026-08-08T12:19:09.241797Z  WARN ThreadId(20) hotstuff_runner::app: Node 0 view(2105) far exceeds block count (526); potential sync issue    
2026-08-08T12:19:09.301438Z  WARN ThreadId(20) hotstuff_runner::app: Node 0 [produce_block] queue size: 0, attempting up to 0 transactions this block    
2026-08-08T12:19:09.303394Z  WARN ThreadId(20) hotstuff_runner::app: Node 0 view(2109) far exceeds block count (527); potential sync issue    
2026-08-08T12:19:09.348774Z  WARN ThreadId(20) hotstuff_runner::app: Node 0 [produce_block] queue size: 0, attempting up to 0 transactions this block    
2026-08-08T12:19:09.349374Z  WARN ThreadId(20) hotstuff_runner::app: Node 0 view(2113) far exceeds block count (528); potential sync issue    
2026-08-08T12:19:09.396785Z  WARN ThreadId(20) hotstuff_runner::app: Node 0 [produce_block] queue size: 0, attempting up to 0 transactions this block    
2026-08-08T12:19:09.397923Z  WARN ThreadId(20) hotstuff_runner::app: Node 0 view(2117) far exceeds block count (529); potential sync issue    
2026-08-08T12:19:09.466785Z  WARN ThreadId(20) hotstuff_runner::app: Node 0 [produce_block] queue size: 2, attempting up to 2 transactions this block    
2026-08-08T12:19:09.472729Z  WARN ThreadId(20) hotstuff_runner::app: Node 0 view(2121) far exceeds block count (530); potential sync issue    
2026-08-08T12:19:09.507067Z  WARN ThreadId(20) hotstuff_runner::app: Node 0 [produce_block] queue size: 0, attempting up to 0 transactions this block    
2026-08-08T12:19:09.508021Z  WARN ThreadId(20) hotstuff_runner::app: Node 0 view(2125) far exceeds block count (531); potential sync issue    
2026-08-08T12:19:09.577510Z  WARN ThreadId(20) hotstuff_runner::app: Node 0 [produce_block] queue size: 0, attempting up to 0 transactions this block    
2026-08-08T12:19:09.578202Z  WARN ThreadId(20) hotstuff_runner::app: Node 0 view(2129) far exceeds block count (532); potential sync issue    
2026-08-08T12:19:09.635981Z  WARN ThreadId(20) hotstuff_runner::app: Node 0 [produce_block] queue size: 2, attempting up to 2 transactions this block    
2026-08-08T12:19:09.636709Z  WARN ThreadId(20) hotstuff_runner::app: Node 0 view(2133) far exceeds block count (533); potential sync issue    
2026-08-08T12:19:09.741838Z  WARN ThreadId(20) hotstuff_runner::app: Node 0 [produce_block] queue size: 0, attempting up to 0 transactions this block    
2026-08-08T12:19:09.742882Z  WARN ThreadId(20) hotstuff_runner::app: Node 0 view(2137) far exceeds block count (534); potential sync issue    
2026-08-08T12:19:09.798008Z  WARN ThreadId(20) hotstuff_runner::app: Node 0 [produce_block] queue size: 2, attempting up to 2 transactions this block    
2026-08-08T12:19:09.799495Z  WARN ThreadId(20) hotstuff_runner::app: Node 0 view(2141) far exceeds block count (535); potential sync issue    
2026-08-08T12:19:09.849029Z  WARN ThreadId(20) hotstuff_runner::app: Node 0 [produce_block] queue size: 0, attempting up to 0 transactions this block    
2026-08-08T12:19:09.850441Z  WARN ThreadId(20) hotstuff_runner::app: Node 0 view(2145) far exceeds block count (536); potential sync issue    
2026-08-08T12:19:09.909503Z  WARN ThreadId(20) hotstuff_runner::app: Node 0 [produce_block] queue size: 0, attempting up to 0 transactions this block    
2026-08-08T12:19:09.912991Z  WARN ThreadId(20) hotstuff_runner::app: Node 0 view(2149) far exceeds block count (537); potential sync issue    
2026-08-08T12:19:09.948309Z  WARN ThreadId(20) hotstuff_runner::app: Node 0 [produce_block] queue size: 0, attempting up to 0 transactions this block    
2026-08-08T12:19:09.948750Z  WARN ThreadId(20) hotstuff_runner::app: Node 0 view(2153) far exceeds block count (538); potential sync issue    
2026-08-08T12:19:10.016829Z  WARN ThreadId(20) hotstuff_runner::app: Node 0 [produce_block] queue size: 2, attempting up to 2 transactions this block    
2026-08-08T12:19:10.028910Z  WARN ThreadId(20) hotstuff_runner::app: Node 0 view(2157) far exceeds block count (539); potential sync issue    
2026-08-08T12:19:10.082072Z  WARN ThreadId(20) hotstuff_runner::app: Node 0 [produce_block] queue size: 0, attempting up to 0 transactions this block    
2026-08-08T12:19:10.082316Z  WARN ThreadId(20) hotstuff_runner::app: Node 0 view(2161) far exceeds block count (540); potential sync issue    
2026-08-08T12:19:10.169908Z  WARN ThreadId(20) hotstuff_runner::app: Node 0 [produce_block] queue size: 0, attempting up to 0 transactions this block    
2026-08-08T12:19:10.170034Z  WARN ThreadId(20) hotstuff_runner::app: Node 0 view(2165) far exceeds block count (541); potential sync issue    
2026-08-08T12:19:10.248626Z  WARN ThreadId(20) hotstuff_runner::app: Node 0 [produce_block] queue size: 2, attempting up to 2 transactions this block    
2026-08-08T12:19:10.248881Z  WARN ThreadId(20) hotstuff_runner::app: Node 0 view(2169) far exceeds block count (542); potential sync issue    
2026-08-08T12:19:10.328481Z  WARN ThreadId(20) hotstuff_runner::app: Node 0 [produce_block] queue size: 0, attempting up to 0 transactions this block    
2026-08-08T12:19:10.329668Z  WARN ThreadId(20) hotstuff_runner::app: Node 0 view(2173) far exceeds block count (543); potential sync issue    
2026-08-08T12:19:10.373108Z  WARN ThreadId(20) hotstuff_runner::app: Node 0 [produce_block] queue size: 2, attempting up to 2 transactions this block    
2026-08-08T12:19:10.373430Z  WARN ThreadId(20) hotstuff_runner::app: Node 0 view(2177) far exceeds block count (544); potential sync issue    
2026-08-08T12:19:10.452229Z  WARN ThreadId(20) hotstuff_runner::app: Node 0 [produce_block] queue size: 0, attempting up to 0 transactions this block    
2026-08-08T12:19:10.452396Z  WARN ThreadId(20) hotstuff_runner::app: Node 0 view(2181) far exceeds block count (545); potential sync issue    
2026-08-08T12:19:10.497583Z  WARN ThreadId(20) hotstuff_runner::app: Node 0 [produce_block] queue size: 0, attempting up to 0 transactions this block    
2026-08-08T12:19:10.497910Z  WARN ThreadId(20) hotstuff_runner::app: Node 0 view(2185) far exceeds block count (546); potential sync issue    
2026-08-08T12:19:10.535283Z  WARN ThreadId(20) hotstuff_runner::app: Node 0 [produce_block] queue size: 0, attempting up to 0 transactions this block    
2026-08-08T12:19:10.536245Z  WARN ThreadId(20) hotstuff_runner::app: Node 0 view(2189) far exceeds block count (547); potential sync issue    
2026-08-08T12:19:10.654945Z  WARN ThreadId(20) hotstuff_runner::app: Node 0 [produce_block] queue size: 2, attempting up to 2 transactions this block    
2026-08-08T12:19:10.655347Z  WARN ThreadId(20) hotstuff_runner::app: Node 0 view(2193) far exceeds block count (548); potential sync issue    
2026-08-08T12:19:10.714047Z  WARN ThreadId(20) hotstuff_runner::app: Node 0 [produce_block] queue size: 0, attempting up to 0 transactions this block    
2026-08-08T12:19:10.714407Z  WARN ThreadId(20) hotstuff_runner::app: Node 0 view(2197) far exceeds block count (549); potential sync issue    
2026-08-08T12:19:10.785339Z  WARN ThreadId(20) hotstuff_runner::app: Node 0 [produce_block] queue size: 2, attempting up to 2 transactions this block    
2026-08-08T12:19:10.785496Z  WARN ThreadId(20) hotstuff_runner::app: Node 0 view(2201) far exceeds block count (550); potential sync issue    
2026-08-08T12:19:10.833284Z  WARN ThreadId(20) hotstuff_runner::app: Node 0 [produce_block] queue size: 0, attempting up to 0 transactions this block    
2026-08-08T12:19:10.834319Z  WARN ThreadId(20) hotstuff_runner::app: Node 0 view(2205) far exceeds block count (551); potential sync issue    
2026-08-08T12:19:10.889747Z  WARN ThreadId(20) hotstuff_runner::app: Node 0 [produce_block] queue size: 0, attempting up to 0 transactions this block    
2026-08-08T12:19:10.891785Z  WARN ThreadId(20) hotstuff_runner::app: Node 0 view(2209) far exceeds block count (552); potential sync issue    
2026-08-08T12:19:10.932383Z  WARN ThreadId(20) hotstuff_runner::app: Node 0 [produce_block] queue size: 0, attempting up to 0 transactions this block    
2026-08-08T12:19:10.932586Z  WARN ThreadId(20) hotstuff_runner::app: Node 0 view(2213) far exceeds block count (553); potential sync issue    
2026-08-08T12:19:10.993657Z  WARN ThreadId(20) hotstuff_runner::app: Node 0 [produce_block] queue size: 2, attempting up to 2 transactions this block    
2026-08-08T12:19:10.994702Z  WARN ThreadId(20) hotstuff_runner::app: Node 0 view(2217) far exceeds block count (554); potential sync issue    
2026-08-08T12:19:11.076440Z  WARN ThreadId(20) hotstuff_runner::app: Node 0 [produce_block] queue size: 0, attempting up to 0 transactions this block    
2026-08-08T12:19:11.076591Z  WARN ThreadId(20) hotstuff_runner::app: Node 0 view(2221) far exceeds block count (555); potential sync issue    
2026-08-08T12:19:11.138961Z  WARN ThreadId(20) hotstuff_runner::app: Node 0 [produce_block] queue size: 0, attempting up to 0 transactions this block    
2026-08-08T12:19:11.139542Z  WARN ThreadId(20) hotstuff_runner::app: Node 0 view(2225) far exceeds block count (556); potential sync issue    
2026-08-08T12:19:11.224440Z  WARN ThreadId(20) hotstuff_runner::app: Node 0 [produce_block] queue size: 2, attempting up to 2 transactions this block    
2026-08-08T12:19:11.225923Z  WARN ThreadId(20) hotstuff_runner::app: Node 0 view(2229) far exceeds block count (557); potential sync issue    
2026-08-08T12:19:11.270031Z  WARN ThreadId(20) hotstuff_runner::app: Node 0 [produce_block] queue size: 0, attempting up to 0 transactions this block    
2026-08-08T12:19:11.270393Z  WARN ThreadId(20) hotstuff_runner::app: Node 0 view(2233) far exceeds block count (558); potential sync issue    
2026-08-08T12:19:11.321339Z  WARN ThreadId(20) hotstuff_runner::app: Node 0 [produce_block] queue size: 0, attempting up to 0 transactions this block    
2026-08-08T12:19:11.323854Z  WARN ThreadId(20) hotstuff_runner::app: Node 0 view(2237) far exceeds block count (559); potential sync issue    
2026-08-08T12:19:11.393423Z  WARN ThreadId(20) hotstuff_runner::app: Node 0 [produce_block] queue size: 0, attempting up to 0 transactions this block    
2026-08-08T12:19:11.399358Z  WARN ThreadId(20) hotstuff_runner::app: Node 0 view(2241) far exceeds block count (560); potential sync issue    
2026-08-08T12:19:11.464173Z  WARN ThreadId(20) hotstuff_runner::app: Node 0 [produce_block] queue size: 2, attempting up to 2 transactions this block    
2026-08-08T12:19:11.465410Z  WARN ThreadId(20) hotstuff_runner::app: Node 0 view(2245) far exceeds block count (561); potential sync issue    
2026-08-08T12:19:11.505074Z  WARN ThreadId(20) hotstuff_runner::app: Node 0 [produce_block] queue size: 0, attempting up to 0 transactions this block    
2026-08-08T12:19:11.506247Z  WARN ThreadId(20) hotstuff_runner::app: Node 0 view(2249) far exceeds block count (562); potential sync issue    
2026-08-08T12:19:11.547377Z  WARN ThreadId(20) hotstuff_runner::app: Node 0 [produce_block] queue size: 0, attempting up to 0 transactions this block    
2026-08-08T12:19:11.547596Z  WARN ThreadId(20) hotstuff_runner::app: Node 0 view(2253) far exceeds block count (563); potential sync issue    
2026-08-08T12:19:11.585190Z  WARN ThreadId(20) hotstuff_runner::app: Node 0 [produce_block] queue size: 2, attempting up to 2 transactions this block    
2026-08-08T12:19:11.588417Z  WARN ThreadId(20) hotstuff_runner::app: Node 0 view(2257) far exceeds block count (564); potential sync issue    
2026-08-08T12:19:11.658163Z  WARN ThreadId(20) hotstuff_runner::app: Node 0 [produce_block] queue size: 0, attempting up to 0 transactions this block    
2026-08-08T12:19:11.660811Z  WARN ThreadId(20) hotstuff_runner::app: Node 0 view(2261) far exceeds block count (565); potential sync issue    
2026-08-08T12:19:11.706371Z  WARN ThreadId(20) hotstuff_runner::app: Node 0 [produce_block] queue size: 0, attempting up to 0 transactions this block    
2026-08-08T12:19:11.707970Z  WARN ThreadId(20) hotstuff_runner::app: Node 0 view(2265) far exceeds block count (566); potential sync issue    
2026-08-08T12:19:11.758058Z  WARN ThreadId(20) hotstuff_runner::app: Node 0 [produce_block] queue size: 0, attempting up to 0 transactions this block    
2026-08-08T12:19:11.758644Z  WARN ThreadId(20) hotstuff_runner::app: Node 0 view(2269) far exceeds block count (567); potential sync issue    
2026-08-08T12:19:11.824411Z  WARN ThreadId(20) hotstuff_runner::app: Node 0 [produce_block] queue size: 2, attempting up to 2 transactions this block    
2026-08-08T12:19:11.827455Z  WARN ThreadId(20) hotstuff_runner::app: Node 0 view(2273) far exceeds block count (568); potential sync issue    
2026-08-08T12:19:11.885844Z  WARN ThreadId(20) hotstuff_runner::app: Node 0 [produce_block] queue size: 0, attempting up to 0 transactions this block    
2026-08-08T12:19:11.888112Z  WARN ThreadId(20) hotstuff_runner::app: Node 0 view(2277) far exceeds block count (569); potential sync issue    
2026-08-08T12:19:11.925069Z  WARN ThreadId(20) hotstuff_runner::app: Node 0 [produce_block] queue size: 0, attempting up to 0 transactions this block    
2026-08-08T12:19:11.925449Z  WARN ThreadId(20) hotstuff_runner::app: Node 0 view(2281) far exceeds block count (570); potential sync issue    
2026-08-08T12:19:11.970102Z  WARN ThreadId(20) hotstuff_runner::app: Node 0 [produce_block] queue size: 0, attempting up to 0 transactions this block    
2026-08-08T12:19:11.971250Z  WARN ThreadId(20) hotstuff_runner::app: Node 0 view(2285) far exceeds block count (571); potential sync issue    
2026-08-08T12:19:12.019072Z  WARN ThreadId(20) hotstuff_runner::app: Node 0 [produce_block] queue size: 0, attempting up to 0 transactions this block    
2026-08-08T12:19:12.019353Z  WARN ThreadId(20) hotstuff_runner::app: Node 0 view(2289) far exceeds block count (572); potential sync issue    
2026-08-08T12:19:12.077161Z  WARN ThreadId(20) hotstuff_runner::app: Node 0 [produce_block] queue size: 2, attempting up to 2 transactions this block    
2026-08-08T12:19:12.079859Z  WARN ThreadId(20) hotstuff_runner::app: Node 0 view(2293) far exceeds block count (573); potential sync issue    
2026-08-08T12:19:12.129282Z  WARN ThreadId(20) hotstuff_runner::app: Node 0 [produce_block] queue size: 0, attempting up to 0 transactions this block    
2026-08-08T12:19:12.130977Z  WARN ThreadId(20) hotstuff_runner::app: Node 0 view(2297) far exceeds block count (574); potential sync issue    
2026-08-08T12:19:12.193615Z  WARN ThreadId(20) hotstuff_runner::app: Node 0 [produce_block] queue size: 0, attempting up to 0 transactions this block    
2026-08-08T12:19:12.200832Z  WARN ThreadId(20) hotstuff_runner::app: Node 0 view(2301) far exceeds block count (575); potential sync issue    
2026-08-08T12:19:12.266961Z  WARN ThreadId(20) hotstuff_runner::app: Node 0 [produce_block] queue size: 2, attempting up to 2 transactions this block    
2026-08-08T12:19:12.268054Z  WARN ThreadId(20) hotstuff_runner::app: Node 0 view(2305) far exceeds block count (576); potential sync issue    
2026-08-08T12:19:12.331216Z  WARN ThreadId(20) hotstuff_runner::app: Node 0 [produce_block] queue size: 0, attempting up to 0 transactions this block    
2026-08-08T12:19:12.332186Z  WARN ThreadId(20) hotstuff_runner::app: Node 0 view(2309) far exceeds block count (577); potential sync issue    
2026-08-08T12:19:12.373308Z  WARN ThreadId(20) hotstuff_runner::app: Node 0 [produce_block] queue size: 0, attempting up to 0 transactions this block    
2026-08-08T12:19:12.373885Z  WARN ThreadId(20) hotstuff_runner::app: Node 0 view(2313) far exceeds block count (578); potential sync issue    
2026-08-08T12:19:12.427559Z  WARN ThreadId(20) hotstuff_runner::app: Node 0 [produce_block] queue size: 2, attempting up to 2 transactions this block    
2026-08-08T12:19:12.430895Z  WARN ThreadId(20) hotstuff_runner::app: Node 0 view(2317) far exceeds block count (579); potential sync issue    
2026-08-08T12:19:12.463041Z  WARN ThreadId(20) hotstuff_runner::app: Node 0 [produce_block] queue size: 0, attempting up to 0 transactions this block    
2026-08-08T12:19:12.464413Z  WARN ThreadId(20) hotstuff_runner::app: Node 0 view(2321) far exceeds block count (580); potential sync issue    
2026-08-08T12:19:12.516075Z  WARN ThreadId(20) hotstuff_runner::app: Node 0 [produce_block] queue size: 0, attempting up to 0 transactions this block    
2026-08-08T12:19:12.516638Z  WARN ThreadId(20) hotstuff_runner::app: Node 0 view(2325) far exceeds block count (581); potential sync issue    
2026-08-08T12:19:12.558433Z  WARN ThreadId(20) hotstuff_runner::app: Node 0 [produce_block] queue size: 0, attempting up to 0 transactions this block    
2026-08-08T12:19:12.559827Z  WARN ThreadId(20) hotstuff_runner::app: Node 0 view(2329) far exceeds block count (582); potential sync issue    
2026-08-08T12:19:12.610436Z  WARN ThreadId(20) hotstuff_runner::app: Node 0 [produce_block] queue size: 0, attempting up to 0 transactions this block    
2026-08-08T12:19:12.611079Z  WARN ThreadId(20) hotstuff_runner::app: Node 0 view(2333) far exceeds block count (583); potential sync issue    
2026-08-08T12:19:12.671855Z  WARN ThreadId(20) hotstuff_runner::app: Node 0 [produce_block] queue size: 2, attempting up to 2 transactions this block    
2026-08-08T12:19:12.673531Z  WARN ThreadId(20) hotstuff_runner::app: Node 0 view(2337) far exceeds block count (584); potential sync issue    
2026-08-08T12:19:12.718289Z  WARN ThreadId(20) hotstuff_runner::app: Node 0 [produce_block] queue size: 0, attempting up to 0 transactions this block    
2026-08-08T12:19:12.718919Z  WARN ThreadId(20) hotstuff_runner::app: Node 0 view(2341) far exceeds block count (585); potential sync issue    
2026-08-08T12:19:12.763330Z  WARN ThreadId(20) hotstuff_runner::app: Node 0 [produce_block] queue size: 0, attempting up to 0 transactions this block    
2026-08-08T12:19:12.764090Z  WARN ThreadId(20) hotstuff_runner::app: Node 0 view(2345) far exceeds block count (586); potential sync issue    
2026-08-08T12:19:12.831432Z  WARN ThreadId(20) hotstuff_runner::app: Node 0 [produce_block] queue size: 2, attempting up to 2 transactions this block    
2026-08-08T12:19:12.831784Z  WARN ThreadId(20) hotstuff_runner::app: Node 0 view(2349) far exceeds block count (587); potential sync issue    
2026-08-08T12:19:12.905031Z  WARN ThreadId(20) hotstuff_runner::app: Node 0 [produce_block] queue size: 0, attempting up to 0 transactions this block    
2026-08-08T12:19:12.908806Z  WARN ThreadId(20) hotstuff_runner::app: Node 0 view(2353) far exceeds block count (588); potential sync issue    
2026-08-08T12:19:12.967030Z  WARN ThreadId(20) hotstuff_runner::app: Node 0 [produce_block] queue size: 0, attempting up to 0 transactions this block    
2026-08-08T12:19:12.968027Z  WARN ThreadId(20) hotstuff_runner::app: Node 0 view(2357) far exceeds block count (589); potential sync issue    
2026-08-08T12:19:13.054418Z  WARN ThreadId(20) hotstuff_runner::app: Node 0 [produce_block] queue size: 2, attempting up to 2 transactions this block    
2026-08-08T12:19:13.054777Z  WARN ThreadId(20) hotstuff_runner::app: Node 0 view(2361) far exceeds block count (590); potential sync issue    
2026-08-08T12:19:13.106401Z  WARN ThreadId(20) hotstuff_runner::app: Node 0 [produce_block] queue size: 0, attempting up to 0 transactions this block    
2026-08-08T12:19:13.108474Z  WARN ThreadId(20) hotstuff_runner::app: Node 0 view(2365) far exceeds block count (591); potential sync issue    
2026-08-08T12:19:13.172449Z  WARN ThreadId(20) hotstuff_runner::app: Node 0 [produce_block] queue size: 0, attempting up to 0 transactions this block    
2026-08-08T12:19:13.174434Z  WARN ThreadId(20) hotstuff_runner::app: Node 0 view(2369) far exceeds block count (592); potential sync issue    
2026-08-08T12:19:13.222485Z  WARN ThreadId(20) hotstuff_runner::app: Node 0 [produce_block] queue size: 2, attempting up to 2 transactions this block    
2026-08-08T12:19:13.224156Z  WARN ThreadId(20) hotstuff_runner::app: Node 0 view(2373) far exceeds block count (593); potential sync issue    
2026-08-08T12:19:13.276113Z  WARN ThreadId(20) hotstuff_runner::app: Node 0 [produce_block] queue size: 0, attempting up to 0 transactions this block    
2026-08-08T12:19:13.276373Z  WARN ThreadId(20) hotstuff_runner::app: Node 0 view(2377) far exceeds block count (594); potential sync issue    
2026-08-08T12:19:13.324913Z  WARN ThreadId(20) hotstuff_runner::app: Node 0 [produce_block] queue size: 0, attempting up to 0 transactions this block    
2026-08-08T12:19:13.326037Z  WARN ThreadId(20) hotstuff_runner::app: Node 0 view(2381) far exceeds block count (595); potential sync issue    
2026-08-08T12:19:13.385119Z  WARN ThreadId(20) hotstuff_runner::app: Node 0 [produce_block] queue size: 0, attempting up to 0 transactions this block    
2026-08-08T12:19:13.385284Z  WARN ThreadId(20) hotstuff_runner::app: Node 0 view(2385) far exceeds block count (596); potential sync issue    
2026-08-08T12:19:13.427428Z  WARN ThreadId(20) hotstuff_runner::app: Node 0 [produce_block] queue size: 2, attempting up to 2 transactions this block    
2026-08-08T12:19:13.428451Z  WARN ThreadId(20) hotstuff_runner::app: Node 0 view(2389) far exceeds block count (597); potential sync issue    
2026-08-08T12:19:13.486419Z  WARN ThreadId(20) hotstuff_runner::app: Node 0 [produce_block] queue size: 0, attempting up to 0 transactions this block    
2026-08-08T12:19:13.487448Z  WARN ThreadId(20) hotstuff_runner::app: Node 0 view(2393) far exceeds block count (598); potential sync issue    
2026-08-08T12:19:13.531263Z  WARN ThreadId(20) hotstuff_runner::app: Node 0 [produce_block] queue size: 0, attempting up to 0 transactions this block    
2026-08-08T12:19:13.531439Z  WARN ThreadId(20) hotstuff_runner::app: Node 0 view(2397) far exceeds block count (599); potential sync issue    
2026-08-08T12:19:13.584808Z  WARN ThreadId(20) hotstuff_runner::app: Node 0 [produce_block] queue size: 0, attempting up to 0 transactions this block    
2026-08-08T12:19:13.585871Z  WARN ThreadId(20) hotstuff_runner::app: Node 0 view(2401) far exceeds block count (600); potential sync issue    
2026-08-08T12:19:13.631075Z  WARN ThreadId(20) hotstuff_runner::app: Node 0 [produce_block] queue size: 2, attempting up to 2 transactions this block    
2026-08-08T12:19:13.632997Z  WARN ThreadId(20) hotstuff_runner::app: Node 0 view(2405) far exceeds block count (601); potential sync issue    
2026-08-08T12:19:13.685403Z  WARN ThreadId(20) hotstuff_runner::app: Node 0 [produce_block] queue size: 0, attempting up to 0 transactions this block    
2026-08-08T12:19:13.686391Z  WARN ThreadId(20) hotstuff_runner::app: Node 0 view(2409) far exceeds block count (602); potential sync issue    
2026-08-08T12:19:13.766623Z  WARN ThreadId(20) hotstuff_runner::app: Node 0 [produce_block] queue size: 0, attempting up to 0 transactions this block    
2026-08-08T12:19:13.766880Z  WARN ThreadId(20) hotstuff_runner::app: Node 0 view(2413) far exceeds block count (603); potential sync issue    
2026-08-08T12:19:13.818401Z  WARN ThreadId(20) hotstuff_runner::app: Node 0 [produce_block] queue size: 0, attempting up to 0 transactions this block    
2026-08-08T12:19:13.825447Z  WARN ThreadId(20) hotstuff_runner::app: Node 0 view(2417) far exceeds block count (604); potential sync issue    
2026-08-08T12:19:13.880527Z  WARN ThreadId(20) hotstuff_runner::app: Node 0 [produce_block] queue size: 2, attempting up to 2 transactions this block    
2026-08-08T12:19:13.886251Z  WARN ThreadId(20) hotstuff_runner::app: Node 0 view(2421) far exceeds block count (605); potential sync issue    
2026-08-08T12:19:13.943166Z  WARN ThreadId(20) hotstuff_runner::app: Node 0 [produce_block] queue size: 0, attempting up to 0 transactions this block    
2026-08-08T12:19:13.944226Z  WARN ThreadId(20) hotstuff_runner::app: Node 0 view(2425) far exceeds block count (606); potential sync issue    
2026-08-08T12:19:13.992755Z  WARN ThreadId(20) hotstuff_runner::app: Node 0 [produce_block] queue size: 0, attempting up to 0 transactions this block    
2026-08-08T12:19:13.993151Z  WARN ThreadId(20) hotstuff_runner::app: Node 0 view(2429) far exceeds block count (607); potential sync issue    
2026-08-08T12:19:14.052992Z  WARN ThreadId(20) hotstuff_runner::app: Node 0 [produce_block] queue size: 2, attempting up to 2 transactions this block    
2026-08-08T12:19:14.053351Z  WARN ThreadId(20) hotstuff_runner::app: Node 0 view(2433) far exceeds block count (608); potential sync issue    
2026-08-08T12:19:14.105412Z  WARN ThreadId(20) hotstuff_runner::app: Node 0 [produce_block] queue size: 0, attempting up to 0 transactions this block    
2026-08-08T12:19:14.108508Z  WARN ThreadId(20) hotstuff_runner::app: Node 0 view(2437) far exceeds block count (609); potential sync issue    
2026-08-08T12:19:14.149117Z  WARN ThreadId(20) hotstuff_runner::app: Node 0 [produce_block] queue size: 0, attempting up to 0 transactions this block    
2026-08-08T12:19:14.149529Z  WARN ThreadId(20) hotstuff_runner::app: Node 0 view(2441) far exceeds block count (610); potential sync issue    
2026-08-08T12:19:14.207702Z  WARN ThreadId(20) hotstuff_runner::app: Node 0 [produce_block] queue size: 2, attempting up to 2 transactions this block    
2026-08-08T12:19:14.212006Z  WARN ThreadId(20) hotstuff_runner::app: Node 0 view(2445) far exceeds block count (611); potential sync issue    
2026-08-08T12:19:14.277683Z  WARN ThreadId(20) hotstuff_runner::app: Node 0 [produce_block] queue size: 0, attempting up to 0 transactions this block    
2026-08-08T12:19:14.278131Z  WARN ThreadId(20) hotstuff_runner::app: Node 0 view(2449) far exceeds block count (612); potential sync issue    
2026-08-08T12:19:14.332410Z  WARN ThreadId(20) hotstuff_runner::app: Node 0 [produce_block] queue size: 0, attempting up to 0 transactions this block    
2026-08-08T12:19:14.332690Z  WARN ThreadId(20) hotstuff_runner::app: Node 0 view(2453) far exceeds block count (613); potential sync issue    
2026-08-08T12:19:14.387169Z  WARN ThreadId(20) hotstuff_runner::app: Node 0 [produce_block] queue size: 0, attempting up to 0 transactions this block    
2026-08-08T12:19:14.387460Z  WARN ThreadId(20) hotstuff_runner::app: Node 0 view(2457) far exceeds block count (614); potential sync issue    
2026-08-08T12:19:14.460406Z  WARN ThreadId(20) hotstuff_runner::app: Node 0 [produce_block] queue size: 2, attempting up to 2 transactions this block    
2026-08-08T12:19:14.460749Z  WARN ThreadId(20) hotstuff_runner::app: Node 0 view(2461) far exceeds block count (615); potential sync issue    
2026-08-08T12:19:14.556977Z  WARN ThreadId(20) hotstuff_runner::app: Node 0 [produce_block] queue size: 0, attempting up to 0 transactions this block    
2026-08-08T12:19:14.557416Z  WARN ThreadId(20) hotstuff_runner::app: Node 0 view(2465) far exceeds block count (616); potential sync issue    
2026-08-08T12:19:14.591311Z  WARN ThreadId(20) hotstuff_runner::app: Node 0 [produce_block] queue size: 0, attempting up to 0 transactions this block    
2026-08-08T12:19:14.591479Z  WARN ThreadId(20) hotstuff_runner::app: Node 0 view(2469) far exceeds block count (617); potential sync issue    
2026-08-08T12:19:14.662481Z  WARN ThreadId(20) hotstuff_runner::app: Node 0 [produce_block] queue size: 2, attempting up to 2 transactions this block    
2026-08-08T12:19:14.664009Z  WARN ThreadId(20) hotstuff_runner::app: Node 0 view(2473) far exceeds block count (618); potential sync issue    
2026-08-08T12:19:14.707444Z  WARN ThreadId(20) hotstuff_runner::app: Node 0 [produce_block] queue size: 0, attempting up to 0 transactions this block    
2026-08-08T12:19:14.710428Z  WARN ThreadId(20) hotstuff_runner::app: Node 0 view(2477) far exceeds block count (619); potential sync issue    
2026-08-08T12:19:14.750662Z  WARN ThreadId(20) hotstuff_runner::app: Node 0 [produce_block] queue size: 0, attempting up to 0 transactions this block    
2026-08-08T12:19:14.750890Z  WARN ThreadId(20) hotstuff_runner::app: Node 0 view(2481) far exceeds block count (620); potential sync issue    
2026-08-08T12:19:14.819694Z  WARN ThreadId(20) hotstuff_runner::app: Node 0 [produce_block] queue size: 2, attempting up to 2 transactions this block    
2026-08-08T12:19:14.823707Z  WARN ThreadId(20) hotstuff_runner::app: Node 0 view(2485) far exceeds block count (621); potential sync issue    
2026-08-08T12:19:14.891906Z  WARN ThreadId(20) hotstuff_runner::app: Node 0 [produce_block] queue size: 0, attempting up to 0 transactions this block    
2026-08-08T12:19:14.893441Z  WARN ThreadId(20) hotstuff_runner::app: Node 0 view(2489) far exceeds block count (622); potential sync issue    
2026-08-08T12:19:14.952781Z  WARN ThreadId(20) hotstuff_runner::app: Node 0 [produce_block] queue size: 0, attempting up to 0 transactions this block    
2026-08-08T12:19:14.955744Z  WARN ThreadId(20) hotstuff_runner::app: Node 0 view(2493) far exceeds block count (623); potential sync issue    
2026-08-08T12:19:15.003212Z  WARN ThreadId(20) hotstuff_runner::app: Node 0 [produce_block] queue size: 0, attempting up to 0 transactions this block    
2026-08-08T12:19:15.004980Z  WARN ThreadId(20) hotstuff_runner::app: Node 0 view(2497) far exceeds block count (624); potential sync issue    
2026-08-08T12:19:15.091116Z  WARN ThreadId(20) hotstuff_runner::app: Node 0 [produce_block] queue size: 2, attempting up to 2 transactions this block    
2026-08-08T12:19:15.094169Z  WARN ThreadId(20) hotstuff_runner::app: Node 0 view(2501) far exceeds block count (625); potential sync issue    
2026-08-08T12:19:15.153576Z  WARN ThreadId(20) hotstuff_runner::app: Node 0 [produce_block] queue size: 0, attempting up to 0 transactions this block    
2026-08-08T12:19:15.156063Z  WARN ThreadId(20) hotstuff_runner::app: Node 0 view(2505) far exceeds block count (626); potential sync issue    
2026-08-08T12:19:15.200815Z  WARN ThreadId(20) hotstuff_runner::app: Node 0 [produce_block] queue size: 0, attempting up to 0 transactions this block    
2026-08-08T12:19:15.201338Z  WARN ThreadId(20) hotstuff_runner::app: Node 0 view(2509) far exceeds block count (627); potential sync issue    
2026-08-08T12:19:15.254898Z  WARN ThreadId(20) hotstuff_runner::app: Node 0 [produce_block] queue size: 2, attempting up to 2 transactions this block    
2026-08-08T12:19:15.255447Z  WARN ThreadId(20) hotstuff_runner::app: Node 0 view(2513) far exceeds block count (628); potential sync issue    
2026-08-08T12:19:15.298326Z  WARN ThreadId(20) hotstuff_runner::app: Node 0 [produce_block] queue size: 0, attempting up to 0 transactions this block    
2026-08-08T12:19:15.298956Z  WARN ThreadId(20) hotstuff_runner::app: Node 0 view(2517) far exceeds block count (629); potential sync issue    
2026-08-08T12:19:15.369491Z  WARN ThreadId(20) hotstuff_runner::app: Node 0 [produce_block] queue size: 0, attempting up to 0 transactions this block    
2026-08-08T12:19:15.370039Z  WARN ThreadId(20) hotstuff_runner::app: Node 0 view(2521) far exceeds block count (630); potential sync issue    
2026-08-08T12:19:15.425355Z  WARN ThreadId(20) hotstuff_runner::app: Node 0 [produce_block] queue size: 2, attempting up to 2 transactions this block    
2026-08-08T12:19:15.425893Z  WARN ThreadId(20) hotstuff_runner::app: Node 0 view(2525) far exceeds block count (631); potential sync issue    
2026-08-08T12:19:15.468163Z  WARN ThreadId(20) hotstuff_runner::app: Node 0 [produce_block] queue size: 0, attempting up to 0 transactions this block    
2026-08-08T12:19:15.469485Z  WARN ThreadId(20) hotstuff_runner::app: Node 0 view(2529) far exceeds block count (632); potential sync issue    
2026-08-08T12:19:15.526087Z  WARN ThreadId(20) hotstuff_runner::app: Node 0 [produce_block] queue size: 0, attempting up to 0 transactions this block    
2026-08-08T12:19:15.527232Z  WARN ThreadId(20) hotstuff_runner::app: Node 0 view(2533) far exceeds block count (633); potential sync issue    
2026-08-08T12:19:15.574588Z  WARN ThreadId(20) hotstuff_runner::app: Node 0 [produce_block] queue size: 0, attempting up to 0 transactions this block    
2026-08-08T12:19:15.575277Z  WARN ThreadId(20) hotstuff_runner::app: Node 0 view(2537) far exceeds block count (634); potential sync issue    
2026-08-08T12:19:15.623736Z  WARN ThreadId(20) hotstuff_runner::app: Node 0 [produce_block] queue size: 2, attempting up to 2 transactions this block    
2026-08-08T12:19:15.624221Z  WARN ThreadId(20) hotstuff_runner::app: Node 0 view(2541) far exceeds block count (635); potential sync issue    
2026-08-08T12:19:15.690447Z  WARN ThreadId(20) hotstuff_runner::app: Node 0 [produce_block] queue size: 0, attempting up to 0 transactions this block    
2026-08-08T12:19:15.691485Z  WARN ThreadId(20) hotstuff_runner::app: Node 0 view(2545) far exceeds block count (636); potential sync issue    
2026-08-08T12:19:15.739076Z  WARN ThreadId(20) hotstuff_runner::app: Node 0 [produce_block] queue size: 0, attempting up to 0 transactions this block    
2026-08-08T12:19:15.741413Z  WARN ThreadId(20) hotstuff_runner::app: Node 0 view(2549) far exceeds block count (637); potential sync issue    
2026-08-08T12:19:15.790035Z  WARN ThreadId(20) hotstuff_runner::app: Node 0 [produce_block] queue size: 2, attempting up to 2 transactions this block    
2026-08-08T12:19:15.794095Z  WARN ThreadId(20) hotstuff_runner::app: Node 0 view(2553) far exceeds block count (638); potential sync issue    
2026-08-08T12:19:15.851449Z  WARN ThreadId(20) hotstuff_runner::app: Node 0 [produce_block] queue size: 0, attempting up to 0 transactions this block    
2026-08-08T12:19:15.854998Z  WARN ThreadId(20) hotstuff_runner::app: Node 0 view(2557) far exceeds block count (639); potential sync issue    
2026-08-08T12:19:15.914904Z  WARN ThreadId(20) hotstuff_runner::app: Node 0 [produce_block] queue size: 0, attempting up to 0 transactions this block    
2026-08-08T12:19:15.919262Z  WARN ThreadId(20) hotstuff_runner::app: Node 0 view(2561) far exceeds block count (640); potential sync issue    
2026-08-08T12:19:15.962824Z  WARN ThreadId(20) hotstuff_runner::app: Node 0 [produce_block] queue size: 0, attempting up to 0 transactions this block    
2026-08-08T12:19:15.965497Z  WARN ThreadId(20) hotstuff_runner::app: Node 0 view(2565) far exceeds block count (641); potential sync issue    
2026-08-08T12:19:16.071681Z  WARN ThreadId(20) hotstuff_runner::app: Node 0 [produce_block] queue size: 2, attempting up to 2 transactions this block    
2026-08-08T12:19:16.072252Z  WARN ThreadId(20) hotstuff_runner::app: Node 0 view(2569) far exceeds block count (642); potential sync issue    
2026-08-08T12:19:16.180851Z  WARN ThreadId(20) hotstuff_runner::app: Node 0 [produce_block] queue size: 0, attempting up to 0 transactions this block    
2026-08-08T12:19:16.182323Z  WARN ThreadId(20) hotstuff_runner::app: Node 0 view(2573) far exceeds block count (643); potential sync issue    
2026-08-08T12:19:16.234302Z  WARN ThreadId(20) hotstuff_runner::app: Node 0 [produce_block] queue size: 2, attempting up to 2 transactions this block    
2026-08-08T12:19:16.235343Z  WARN ThreadId(20) hotstuff_runner::app: Node 0 view(2577) far exceeds block count (644); potential sync issue    
2026-08-08T12:19:16.300331Z  WARN ThreadId(20) hotstuff_runner::app: Node 0 [produce_block] queue size: 0, attempting up to 0 transactions this block    
2026-08-08T12:19:16.301012Z  WARN ThreadId(20) hotstuff_runner::app: Node 0 view(2581) far exceeds block count (645); potential sync issue    
2026-08-08T12:19:16.359882Z  WARN ThreadId(20) hotstuff_runner::app: Node 0 [produce_block] queue size: 0, attempting up to 0 transactions this block    
2026-08-08T12:19:16.360365Z  WARN ThreadId(20) hotstuff_runner::app: Node 0 view(2585) far exceeds block count (646); potential sync issue    
2026-08-08T12:19:16.433813Z  WARN ThreadId(20) hotstuff_runner::app: Node 0 [produce_block] queue size: 0, attempting up to 0 transactions this block    
2026-08-08T12:19:16.434240Z  WARN ThreadId(20) hotstuff_runner::app: Node 0 view(2589) far exceeds block count (647); potential sync issue    
2026-08-08T12:19:16.498986Z  WARN ThreadId(20) hotstuff_runner::app: Node 0 [produce_block] queue size: 2, attempting up to 2 transactions this block    
2026-08-08T12:19:16.505466Z  WARN ThreadId(20) hotstuff_runner::app: Node 0 view(2593) far exceeds block count (648); potential sync issue    
2026-08-08T12:19:16.573933Z  WARN ThreadId(20) hotstuff_runner::app: Node 0 [produce_block] queue size: 0, attempting up to 0 transactions this block    
2026-08-08T12:19:16.574070Z  WARN ThreadId(20) hotstuff_runner::app: Node 0 view(2597) far exceeds block count (649); potential sync issue    
2026-08-08T12:19:16.652449Z  WARN ThreadId(20) hotstuff_runner::app: Node 0 [produce_block] queue size: 2, attempting up to 2 transactions this block    
2026-08-08T12:19:16.652745Z  WARN ThreadId(20) hotstuff_runner::app: Node 0 view(2601) far exceeds block count (650); potential sync issue    
2026-08-08T12:19:16.731406Z  WARN ThreadId(20) hotstuff_runner::app: Node 0 [produce_block] queue size: 0, attempting up to 0 transactions this block    
2026-08-08T12:19:16.732124Z  WARN ThreadId(20) hotstuff_runner::app: Node 0 view(2605) far exceeds block count (651); potential sync issue    
2026-08-08T12:19:16.926481Z  WARN ThreadId(20) hotstuff_runner::app: Node 0 [produce_block] queue size: 2, attempting up to 2 transactions this block    
2026-08-08T12:19:16.927120Z  WARN ThreadId(20) hotstuff_runner::app: Node 0 view(2609) far exceeds block count (652); potential sync issue    
2026-08-08T12:19:16.981564Z  WARN ThreadId(20) hotstuff_runner::app: Node 0 [produce_block] queue size: 0, attempting up to 0 transactions this block    
2026-08-08T12:19:16.988615Z  WARN ThreadId(20) hotstuff_runner::app: Node 0 view(2613) far exceeds block count (653); potential sync issue    
2026-08-08T12:19:17.084747Z  WARN ThreadId(20) hotstuff_runner::app: Node 0 [produce_block] queue size: 2, attempting up to 2 transactions this block    
2026-08-08T12:19:17.084916Z  WARN ThreadId(20) hotstuff_runner::app: Node 0 view(2617) far exceeds block count (654); potential sync issue    
2026-08-08T12:19:17.177404Z  WARN ThreadId(20) hotstuff_runner::app: Node 0 [produce_block] queue size: 0, attempting up to 0 transactions this block    
2026-08-08T12:19:17.177612Z  WARN ThreadId(20) hotstuff_runner::app: Node 0 view(2621) far exceeds block count (655); potential sync issue    
2026-08-08T12:19:17.236191Z  WARN ThreadId(20) hotstuff_runner::app: Node 0 [produce_block] queue size: 2, attempting up to 2 transactions this block    
2026-08-08T12:19:17.237450Z  WARN ThreadId(20) hotstuff_runner::app: Node 0 view(2625) far exceeds block count (656); potential sync issue    
2026-08-08T12:19:17.336161Z  WARN ThreadId(20) hotstuff_runner::app: Node 0 [produce_block] queue size: 0, attempting up to 0 transactions this block    
2026-08-08T12:19:17.338618Z  WARN ThreadId(20) hotstuff_runner::app: Node 0 view(2629) far exceeds block count (657); potential sync issue    
2026-08-08T12:19:17.423573Z  WARN ThreadId(20) hotstuff_runner::app: Node 0 [produce_block] queue size: 2, attempting up to 2 transactions this block    
2026-08-08T12:19:17.425402Z  WARN ThreadId(20) hotstuff_runner::app: Node 0 view(2633) far exceeds block count (658); potential sync issue    
2026-08-08T12:19:17.484588Z  WARN ThreadId(20) hotstuff_runner::app: Node 0 [produce_block] queue size: 0, attempting up to 0 transactions this block    
2026-08-08T12:19:17.484990Z  WARN ThreadId(20) hotstuff_runner::app: Node 0 view(2637) far exceeds block count (659); potential sync issue    
2026-08-08T12:19:17.588576Z  WARN ThreadId(20) hotstuff_runner::app: Node 0 [produce_block] queue size: 0, attempting up to 0 transactions this block    
2026-08-08T12:19:17.589460Z  WARN ThreadId(20) hotstuff_runner::app: Node 0 view(2641) far exceeds block count (660); potential sync issue    
2026-08-08T12:19:17.643333Z  WARN ThreadId(20) hotstuff_runner::app: Node 0 [produce_block] queue size: 2, attempting up to 2 transactions this block    
2026-08-08T12:19:17.644798Z  WARN ThreadId(20) hotstuff_runner::app: Node 0 view(2645) far exceeds block count (661); potential sync issue    
2026-08-08T12:19:17.735587Z  WARN ThreadId(20) hotstuff_runner::app: Node 0 [produce_block] queue size: 0, attempting up to 0 transactions this block    
2026-08-08T12:19:17.737756Z  WARN ThreadId(20) hotstuff_runner::app: Node 0 view(2649) far exceeds block count (662); potential sync issue    
2026-08-08T12:19:17.805993Z  WARN ThreadId(20) hotstuff_runner::app: Node 0 [produce_block] queue size: 2, attempting up to 2 transactions this block    
2026-08-08T12:19:17.806257Z  WARN ThreadId(20) hotstuff_runner::app: Node 0 view(2653) far exceeds block count (663); potential sync issue    
2026-08-08T12:19:17.874503Z  WARN ThreadId(20) hotstuff_runner::app: Node 0 [produce_block] queue size: 0, attempting up to 0 transactions this block    
2026-08-08T12:19:17.875146Z  WARN ThreadId(20) hotstuff_runner::app: Node 0 view(2657) far exceeds block count (664); potential sync issue    
2026-08-08T12:19:17.957845Z  WARN ThreadId(20) hotstuff_runner::app: Node 0 [produce_block] queue size: 2, attempting up to 2 transactions this block    
2026-08-08T12:19:17.971193Z  WARN ThreadId(20) hotstuff_runner::app: Node 0 view(2661) far exceeds block count (665); potential sync issue    
2026-08-08T12:19:18.049415Z  WARN ThreadId(20) hotstuff_runner::app: Node 0 [produce_block] queue size: 0, attempting up to 0 transactions this block    
2026-08-08T12:19:18.049973Z  WARN ThreadId(20) hotstuff_runner::app: Node 0 view(2665) far exceeds block count (666); potential sync issue    
2026-08-08T12:19:18.123113Z  WARN ThreadId(20) hotstuff_runner::app: Node 0 [produce_block] queue size: 0, attempting up to 0 transactions this block    
2026-08-08T12:19:18.129153Z  WARN ThreadId(20) hotstuff_runner::app: Node 0 view(2669) far exceeds block count (667); potential sync issue    
2026-08-08T12:19:18.189274Z  WARN ThreadId(20) hotstuff_runner::app: Node 0 [produce_block] queue size: 2, attempting up to 2 transactions this block    
2026-08-08T12:19:18.196711Z  WARN ThreadId(20) hotstuff_runner::app: Node 0 view(2673) far exceeds block count (668); potential sync issue    
2026-08-08T12:19:18.259145Z  WARN ThreadId(20) hotstuff_runner::app: Node 0 [produce_block] queue size: 0, attempting up to 0 transactions this block    
2026-08-08T12:19:18.261372Z  WARN ThreadId(20) hotstuff_runner::app: Node 0 view(2677) far exceeds block count (669); potential sync issue    
2026-08-08T12:19:18.313095Z  WARN ThreadId(20) hotstuff_runner::app: Node 0 [produce_block] queue size: 0, attempting up to 0 transactions this block    
2026-08-08T12:19:18.316461Z  WARN ThreadId(20) hotstuff_runner::app: Node 0 view(2681) far exceeds block count (670); potential sync issue    
2026-08-08T12:19:18.374315Z  WARN ThreadId(20) hotstuff_runner::app: Node 0 [produce_block] queue size: 2, attempting up to 2 transactions this block    
2026-08-08T12:19:18.375020Z  WARN ThreadId(20) hotstuff_runner::app: Node 0 view(2685) far exceeds block count (671); potential sync issue    
2026-08-08T12:19:18.421238Z  WARN ThreadId(20) hotstuff_runner::app: Node 0 [produce_block] queue size: 0, attempting up to 0 transactions this block    
2026-08-08T12:19:18.421797Z  WARN ThreadId(20) hotstuff_runner::app: Node 0 view(2689) far exceeds block count (672); potential sync issue    
2026-08-08T12:19:18.475513Z  WARN ThreadId(20) hotstuff_runner::app: Node 0 [produce_block] queue size: 0, attempting up to 0 transactions this block    
2026-08-08T12:19:18.476026Z  WARN ThreadId(20) hotstuff_runner::app: Node 0 view(2693) far exceeds block count (673); potential sync issue    
2026-08-08T12:19:18.535398Z  WARN ThreadId(20) hotstuff_runner::app: Node 0 [produce_block] queue size: 0, attempting up to 0 transactions this block    
2026-08-08T12:19:18.536012Z  WARN ThreadId(20) hotstuff_runner::app: Node 0 view(2697) far exceeds block count (674); potential sync issue    
2026-08-08T12:19:18.589624Z  WARN ThreadId(20) hotstuff_runner::app: Node 0 [produce_block] queue size: 2, attempting up to 2 transactions this block    
2026-08-08T12:19:18.593703Z  WARN ThreadId(20) hotstuff_runner::app: Node 0 view(2701) far exceeds block count (675); potential sync issue    
2026-08-08T12:19:18.663930Z  WARN ThreadId(20) hotstuff_runner::app: Node 0 [produce_block] queue size: 0, attempting up to 0 transactions this block    
2026-08-08T12:19:18.665152Z  WARN ThreadId(20) hotstuff_runner::app: Node 0 view(2705) far exceeds block count (676); potential sync issue    
2026-08-08T12:19:18.758574Z  WARN ThreadId(20) hotstuff_runner::app: Node 0 [produce_block] queue size: 2, attempting up to 2 transactions this block    
2026-08-08T12:19:18.760237Z  WARN ThreadId(20) hotstuff_runner::app: Node 0 view(2709) far exceeds block count (677); potential sync issue    
2026-08-08T12:19:18.806777Z  WARN ThreadId(20) hotstuff_runner::app: Node 0 [produce_block] queue size: 0, attempting up to 0 transactions this block    
2026-08-08T12:19:18.807265Z  WARN ThreadId(20) hotstuff_runner::app: Node 0 view(2713) far exceeds block count (678); potential sync issue    
2026-08-08T12:19:18.886596Z  WARN ThreadId(20) hotstuff_runner::app: Node 0 [produce_block] queue size: 0, attempting up to 0 transactions this block    
2026-08-08T12:19:18.886910Z  WARN ThreadId(20) hotstuff_runner::app: Node 0 view(2717) far exceeds block count (679); potential sync issue    
2026-08-08T12:19:18.944938Z  WARN ThreadId(20) hotstuff_runner::app: Node 0 [produce_block] queue size: 0, attempting up to 0 transactions this block    
2026-08-08T12:19:18.945246Z  WARN ThreadId(20) hotstuff_runner::app: Node 0 view(2721) far exceeds block count (680); potential sync issue    
2026-08-08T12:19:19.024434Z  WARN ThreadId(20) hotstuff_runner::app: Node 0 [produce_block] queue size: 2, attempting up to 2 transactions this block    
2026-08-08T12:19:19.026179Z  WARN ThreadId(20) hotstuff_runner::app: Node 0 view(2725) far exceeds block count (681); potential sync issue    
2026-08-08T12:19:19.124781Z  WARN ThreadId(20) hotstuff_runner::app: Node 0 [produce_block] queue size: 2, attempting up to 2 transactions this block    
2026-08-08T12:19:19.125303Z  WARN ThreadId(20) hotstuff_runner::app: Node 0 view(2729) far exceeds block count (682); potential sync issue    
2026-08-08T12:19:19.228296Z  WARN ThreadId(20) hotstuff_runner::app: Node 0 [produce_block] queue size: 0, attempting up to 0 transactions this block    
2026-08-08T12:19:19.231154Z  WARN ThreadId(20) hotstuff_runner::app: Node 0 view(2733) far exceeds block count (683); potential sync issue    
2026-08-08T12:19:19.324884Z  WARN ThreadId(20) hotstuff_runner::app: Node 0 [produce_block] queue size: 0, attempting up to 0 transactions this block    
2026-08-08T12:19:19.327090Z  WARN ThreadId(20) hotstuff_runner::app: Node 0 view(2737) far exceeds block count (684); potential sync issue    
2026-08-08T12:19:19.393291Z  WARN ThreadId(20) hotstuff_runner::app: Node 0 [produce_block] queue size: 2, attempting up to 2 transactions this block    
2026-08-08T12:19:19.394280Z  WARN ThreadId(20) hotstuff_runner::app: Node 0 view(2741) far exceeds block count (685); potential sync issue    
2026-08-08T12:19:19.453495Z  WARN ThreadId(20) hotstuff_runner::app: Node 0 [produce_block] queue size: 0, attempting up to 0 transactions this block    
2026-08-08T12:19:19.455197Z  WARN ThreadId(20) hotstuff_runner::app: Node 0 view(2745) far exceeds block count (686); potential sync issue    
2026-08-08T12:19:19.515357Z  WARN ThreadId(20) hotstuff_runner::app: Node 0 [produce_block] queue size: 0, attempting up to 0 transactions this block    
2026-08-08T12:19:19.515577Z  WARN ThreadId(20) hotstuff_runner::app: Node 0 view(2749) far exceeds block count (687); potential sync issue    
2026-08-08T12:19:19.643665Z  WARN ThreadId(20) hotstuff_runner::app: Node 0 [produce_block] queue size: 2, attempting up to 2 transactions this block    
2026-08-08T12:19:19.651938Z  WARN ThreadId(20) hotstuff_runner::app: Node 0 view(2753) far exceeds block count (688); potential sync issue    
2026-08-08T12:19:19.733050Z  WARN ThreadId(20) hotstuff_runner::app: Node 0 [produce_block] queue size: 0, attempting up to 0 transactions this block    
2026-08-08T12:19:19.733574Z  WARN ThreadId(20) hotstuff_runner::app: Node 0 view(2757) far exceeds block count (689); potential sync issue    
2026-08-08T12:19:19.795141Z  WARN ThreadId(20) hotstuff_runner::app: Node 0 [produce_block] queue size: 2, attempting up to 2 transactions this block    
2026-08-08T12:19:19.796591Z  WARN ThreadId(20) hotstuff_runner::app: Node 0 view(2761) far exceeds block count (690); potential sync issue    
2026-08-08T12:19:19.877709Z  WARN ThreadId(20) hotstuff_runner::app: Node 0 [produce_block] queue size: 0, attempting up to 0 transactions this block    
2026-08-08T12:19:19.878003Z  WARN ThreadId(20) hotstuff_runner::app: Node 0 view(2765) far exceeds block count (691); potential sync issue    
2026-08-08T12:19:19.928969Z  WARN ThreadId(20) hotstuff_runner::app: Node 0 [produce_block] queue size: 0, attempting up to 0 transactions this block    
2026-08-08T12:19:19.930411Z  WARN ThreadId(20) hotstuff_runner::app: Node 0 view(2769) far exceeds block count (692); potential sync issue    
2026-08-08T12:19:19.971886Z  WARN ThreadId(20) hotstuff_runner::app: Node 0 [produce_block] queue size: 2, attempting up to 2 transactions this block    
2026-08-08T12:19:19.973131Z  WARN ThreadId(20) hotstuff_runner::app: Node 0 view(2773) far exceeds block count (693); potential sync issue    
2026-08-08T12:19:20.037316Z  WARN ThreadId(20) hotstuff_runner::app: Node 0 [produce_block] queue size: 0, attempting up to 0 transactions this block    
2026-08-08T12:19:20.037520Z  WARN ThreadId(20) hotstuff_runner::app: Node 0 view(2777) far exceeds block count (694); potential sync issue    
2026-08-08T12:19:20.084025Z  WARN ThreadId(20) hotstuff_runner::app: Node 0 [produce_block] queue size: 0, attempting up to 0 transactions this block    
2026-08-08T12:19:20.085346Z  WARN ThreadId(20) hotstuff_runner::app: Node 0 view(2781) far exceeds block count (695); potential sync issue    
2026-08-08T12:19:20.120319Z  WARN ThreadId(20) hotstuff_runner::app: Node 0 [produce_block] queue size: 0, attempting up to 0 transactions this block    
2026-08-08T12:19:20.121081Z  WARN ThreadId(20) hotstuff_runner::app: Node 0 view(2785) far exceeds block count (696); potential sync issue    
2026-08-08T12:19:20.182149Z  WARN ThreadId(20) hotstuff_runner::app: Node 0 [produce_block] queue size: 2, attempting up to 2 transactions this block    
2026-08-08T12:19:20.182485Z  WARN ThreadId(20) hotstuff_runner::app: Node 0 view(2789) far exceeds block count (697); potential sync issue    
2026-08-08T12:19:20.310656Z  WARN ThreadId(20) hotstuff_runner::app: Node 0 [produce_block] queue size: 0, attempting up to 0 transactions this block    
2026-08-08T12:19:20.310944Z  WARN ThreadId(20) hotstuff_runner::app: Node 0 view(2793) far exceeds block count (698); potential sync issue    
2026-08-08T12:19:20.442882Z  WARN ThreadId(20) hotstuff_runner::app: Node 0 [produce_block] queue size: 2, attempting up to 2 transactions this block    
2026-08-08T12:19:20.443206Z  WARN ThreadId(20) hotstuff_runner::app: Node 0 view(2797) far exceeds block count (699); potential sync issue    
2026-08-08T12:19:20.526194Z  WARN ThreadId(20) hotstuff_runner::app: Node 0 [produce_block] queue size: 0, attempting up to 0 transactions this block    
2026-08-08T12:19:20.526955Z  WARN ThreadId(20) hotstuff_runner::app: Node 0 view(2801) far exceeds block count (700); potential sync issue    
2026-08-08T12:19:20.596192Z  WARN ThreadId(20) hotstuff_runner::app: Node 0 [produce_block] queue size: 2, attempting up to 2 transactions this block    
2026-08-08T12:19:20.596610Z  WARN ThreadId(20) hotstuff_runner::app: Node 0 view(2805) far exceeds block count (701); potential sync issue    
2026-08-08T12:19:20.648378Z  WARN ThreadId(20) hotstuff_runner::app: Node 0 [produce_block] queue size: 0, attempting up to 0 transactions this block    
2026-08-08T12:19:20.652813Z  WARN ThreadId(20) hotstuff_runner::app: Node 0 view(2809) far exceeds block count (702); potential sync issue    
2026-08-08T12:19:20.711828Z  WARN ThreadId(20) hotstuff_runner::app: Node 0 [produce_block] queue size: 0, attempting up to 0 transactions this block    
2026-08-08T12:19:20.712157Z  WARN ThreadId(20) hotstuff_runner::app: Node 0 view(2813) far exceeds block count (703); potential sync issue    
2026-08-08T12:19:20.774989Z  WARN ThreadId(20) hotstuff_runner::app: Node 0 [produce_block] queue size: 2, attempting up to 2 transactions this block    
2026-08-08T12:19:20.775379Z  WARN ThreadId(20) hotstuff_runner::app: Node 0 view(2817) far exceeds block count (704); potential sync issue    
2026-08-08T12:19:20.870519Z  WARN ThreadId(20) hotstuff_runner::app: Node 0 [produce_block] queue size: 0, attempting up to 0 transactions this block    
2026-08-08T12:19:20.871441Z  WARN ThreadId(20) hotstuff_runner::app: Node 0 view(2821) far exceeds block count (705); potential sync issue    
2026-08-08T12:19:20.967790Z  WARN ThreadId(20) hotstuff_runner::app: Node 0 [produce_block] queue size: 2, attempting up to 2 transactions this block    
2026-08-08T12:19:20.969639Z  WARN ThreadId(20) hotstuff_runner::app: Node 0 view(2825) far exceeds block count (706); potential sync issue    
2026-08-08T12:19:21.044411Z  WARN ThreadId(20) hotstuff_runner::app: Node 0 [produce_block] queue size: 0, attempting up to 0 transactions this block    
2026-08-08T12:19:21.048978Z  WARN ThreadId(20) hotstuff_runner::app: Node 0 view(2829) far exceeds block count (707); potential sync issue    
2026-08-08T12:19:21.107524Z  WARN ThreadId(20) hotstuff_runner::app: Node 0 [produce_block] queue size: 0, attempting up to 0 transactions this block    
2026-08-08T12:19:21.107761Z  WARN ThreadId(20) hotstuff_runner::app: Node 0 view(2833) far exceeds block count (708); potential sync issue    
2026-08-08T12:19:21.155653Z  WARN ThreadId(20) hotstuff_runner::app: Node 0 [produce_block] queue size: 2, attempting up to 2 transactions this block    
2026-08-08T12:19:21.156662Z  WARN ThreadId(20) hotstuff_runner::app: Node 0 view(2837) far exceeds block count (709); potential sync issue    
2026-08-08T12:19:21.194400Z  WARN ThreadId(20) hotstuff_runner::app: Node 0 [produce_block] queue size: 0, attempting up to 0 transactions this block    
2026-08-08T12:19:21.194757Z  WARN ThreadId(20) hotstuff_runner::app: Node 0 view(2841) far exceeds block count (710); potential sync issue    
2026-08-08T12:19:21.249313Z  WARN ThreadId(20) hotstuff_runner::app: Node 0 [produce_block] queue size: 0, attempting up to 0 transactions this block    
2026-08-08T12:19:21.249473Z  WARN ThreadId(20) hotstuff_runner::app: Node 0 view(2845) far exceeds block count (711); potential sync issue    
2026-08-08T12:19:21.294072Z  WARN ThreadId(20) hotstuff_runner::app: Node 0 [produce_block] queue size: 0, attempting up to 0 transactions this block    
2026-08-08T12:19:21.297853Z  WARN ThreadId(20) hotstuff_runner::app: Node 0 view(2849) far exceeds block count (712); potential sync issue    
2026-08-08T12:19:21.337557Z  WARN ThreadId(20) hotstuff_runner::app: Node 0 [produce_block] queue size: 0, attempting up to 0 transactions this block    
2026-08-08T12:19:21.337860Z  WARN ThreadId(20) hotstuff_runner::app: Node 0 view(2853) far exceeds block count (713); potential sync issue    
2026-08-08T12:19:21.412797Z  WARN ThreadId(20) hotstuff_runner::app: Node 0 [produce_block] queue size: 2, attempting up to 2 transactions this block    
2026-08-08T12:19:21.413004Z  WARN ThreadId(20) hotstuff_runner::app: Node 0 view(2857) far exceeds block count (714); potential sync issue    
2026-08-08T12:19:21.482273Z  WARN ThreadId(20) hotstuff_runner::app: Node 0 [produce_block] queue size: 0, attempting up to 0 transactions this block    
2026-08-08T12:19:21.482580Z  WARN ThreadId(20) hotstuff_runner::app: Node 0 view(2861) far exceeds block count (715); potential sync issue    
2026-08-08T12:19:21.541530Z  WARN ThreadId(20) hotstuff_runner::app: Node 0 [produce_block] queue size: 0, attempting up to 0 transactions this block    
2026-08-08T12:19:21.543049Z  WARN ThreadId(20) hotstuff_runner::app: Node 0 view(2865) far exceeds block count (716); potential sync issue    
2026-08-08T12:19:21.614744Z  WARN ThreadId(20) hotstuff_runner::app: Node 0 [produce_block] queue size: 2, attempting up to 2 transactions this block    
2026-08-08T12:19:21.615921Z  WARN ThreadId(20) hotstuff_runner::app: Node 0 view(2869) far exceeds block count (717); potential sync issue    
2026-08-08T12:19:21.660656Z  WARN ThreadId(20) hotstuff_runner::app: Node 0 [produce_block] queue size: 0, attempting up to 0 transactions this block    
2026-08-08T12:19:21.660766Z  WARN ThreadId(20) hotstuff_runner::app: Node 0 view(2873) far exceeds block count (718); potential sync issue    
2026-08-08T12:19:21.710485Z  WARN ThreadId(20) hotstuff_runner::app: Node 0 [produce_block] queue size: 0, attempting up to 0 transactions this block    
2026-08-08T12:19:21.710888Z  WARN ThreadId(20) hotstuff_runner::app: Node 0 view(2877) far exceeds block count (719); potential sync issue    
2026-08-08T12:19:21.783124Z  WARN ThreadId(20) hotstuff_runner::app: Node 0 [produce_block] queue size: 2, attempting up to 2 transactions this block    
2026-08-08T12:19:21.785415Z  WARN ThreadId(20) hotstuff_runner::app: Node 0 view(2881) far exceeds block count (720); potential sync issue    
2026-08-08T12:19:21.840990Z  WARN ThreadId(20) hotstuff_runner::app: Node 0 [produce_block] queue size: 0, attempting up to 0 transactions this block    
2026-08-08T12:19:21.842211Z  WARN ThreadId(20) hotstuff_runner::app: Node 0 view(2885) far exceeds block count (721); potential sync issue    
2026-08-08T12:19:21.909464Z  WARN ThreadId(20) hotstuff_runner::app: Node 0 [produce_block] queue size: 0, attempting up to 0 transactions this block    
2026-08-08T12:19:21.910288Z  WARN ThreadId(20) hotstuff_runner::app: Node 0 view(2889) far exceeds block count (722); potential sync issue    
2026-08-08T12:19:21.952500Z  WARN ThreadId(20) hotstuff_runner::app: Node 0 [produce_block] queue size: 2, attempting up to 2 transactions this block    
2026-08-08T12:19:21.952749Z  WARN ThreadId(20) hotstuff_runner::app: Node 0 view(2893) far exceeds block count (723); potential sync issue    
2026-08-08T12:19:22.020168Z  WARN ThreadId(20) hotstuff_runner::app: Node 0 [produce_block] queue size: 0, attempting up to 0 transactions this block    
2026-08-08T12:19:22.026546Z  WARN ThreadId(20) hotstuff_runner::app: Node 0 view(2897) far exceeds block count (724); potential sync issue    
2026-08-08T12:19:22.084872Z  WARN ThreadId(20) hotstuff_runner::app: Node 0 [produce_block] queue size: 0, attempting up to 0 transactions this block    
2026-08-08T12:19:22.085849Z  WARN ThreadId(20) hotstuff_runner::app: Node 0 view(2901) far exceeds block count (725); potential sync issue    
2026-08-08T12:19:22.154744Z  WARN ThreadId(20) hotstuff_runner::app: Node 0 [produce_block] queue size: 2, attempting up to 2 transactions this block    
2026-08-08T12:19:22.158409Z  WARN ThreadId(20) hotstuff_runner::app: Node 0 view(2905) far exceeds block count (726); potential sync issue    
2026-08-08T12:19:22.209247Z  WARN ThreadId(20) hotstuff_runner::app: Node 0 [produce_block] queue size: 0, attempting up to 0 transactions this block    
2026-08-08T12:19:22.209666Z  WARN ThreadId(20) hotstuff_runner::app: Node 0 view(2909) far exceeds block count (727); potential sync issue    
2026-08-08T12:19:22.266434Z  WARN ThreadId(20) hotstuff_runner::app: Node 0 [produce_block] queue size: 0, attempting up to 0 transactions this block    
2026-08-08T12:19:22.266603Z  WARN ThreadId(20) hotstuff_runner::app: Node 0 view(2913) far exceeds block count (728); potential sync issue    
2026-08-08T12:19:22.337610Z  WARN ThreadId(20) hotstuff_runner::app: Node 0 [produce_block] queue size: 2, attempting up to 2 transactions this block    
2026-08-08T12:19:22.338183Z  WARN ThreadId(20) hotstuff_runner::app: Node 0 view(2917) far exceeds block count (729); potential sync issue    
2026-08-08T12:19:22.408029Z  WARN ThreadId(20) hotstuff_runner::app: Node 0 [produce_block] queue size: 0, attempting up to 0 transactions this block    
2026-08-08T12:19:22.410611Z  WARN ThreadId(20) hotstuff_runner::app: Node 0 view(2921) far exceeds block count (730); potential sync issue    
2026-08-08T12:19:22.473892Z  WARN ThreadId(20) hotstuff_runner::app: Node 0 [produce_block] queue size: 2, attempting up to 2 transactions this block    
2026-08-08T12:19:22.475433Z  WARN ThreadId(20) hotstuff_runner::app: Node 0 view(2925) far exceeds block count (731); potential sync issue    
2026-08-08T12:19:22.545490Z  WARN ThreadId(20) hotstuff_runner::app: Node 0 [produce_block] queue size: 0, attempting up to 0 transactions this block    
2026-08-08T12:19:22.546084Z  WARN ThreadId(20) hotstuff_runner::app: Node 0 view(2929) far exceeds block count (732); potential sync issue    
2026-08-08T12:19:22.769477Z  WARN ThreadId(20) hotstuff_runner::app: Node 0 [produce_block] queue size: 2, attempting up to 2 transactions this block    
2026-08-08T12:19:22.769866Z  WARN ThreadId(20) hotstuff_runner::app: Node 0 view(2933) far exceeds block count (733); potential sync issue    
2026-08-08T12:19:22.846875Z  WARN ThreadId(20) hotstuff_runner::app: Node 0 [produce_block] queue size: 0, attempting up to 0 transactions this block    
2026-08-08T12:19:22.847266Z  WARN ThreadId(20) hotstuff_runner::app: Node 0 view(2937) far exceeds block count (734); potential sync issue    
2026-08-08T12:19:22.899473Z  WARN ThreadId(20) hotstuff_runner::app: Node 0 [produce_block] queue size: 0, attempting up to 0 transactions this block    
2026-08-08T12:19:22.905181Z  WARN ThreadId(20) hotstuff_runner::app: Node 0 view(2941) far exceeds block count (735); potential sync issue    
2026-08-08T12:19:23.001806Z  WARN ThreadId(20) hotstuff_runner::app: Node 0 [produce_block] queue size: 2, attempting up to 2 transactions this block    
2026-08-08T12:19:23.002042Z  WARN ThreadId(20) hotstuff_runner::app: Node 0 view(2945) far exceeds block count (736); potential sync issue    
2026-08-08T12:19:23.085291Z  WARN ThreadId(20) hotstuff_runner::app: Node 0 [produce_block] queue size: 0, attempting up to 0 transactions this block    
2026-08-08T12:19:23.085906Z  WARN ThreadId(20) hotstuff_runner::app: Node 0 view(2949) far exceeds block count (737); potential sync issue    
2026-08-08T12:19:23.179972Z  WARN ThreadId(20) hotstuff_runner::app: Node 0 [produce_block] queue size: 2, attempting up to 2 transactions this block    
2026-08-08T12:19:23.182168Z  WARN ThreadId(20) hotstuff_runner::app: Node 0 view(2953) far exceeds block count (738); potential sync issue    
2026-08-08T12:19:23.251182Z  WARN ThreadId(20) hotstuff_runner::app: Node 0 [produce_block] queue size: 0, attempting up to 0 transactions this block    
2026-08-08T12:19:23.255209Z  WARN ThreadId(20) hotstuff_runner::app: Node 0 view(2957) far exceeds block count (739); potential sync issue    
2026-08-08T12:19:23.309463Z  WARN ThreadId(20) hotstuff_runner::app: Node 0 [produce_block] queue size: 0, attempting up to 0 transactions this block    
2026-08-08T12:19:23.309711Z  WARN ThreadId(20) hotstuff_runner::app: Node 0 view(2961) far exceeds block count (740); potential sync issue    
2026-08-08T12:19:25.383766Z  WARN ThreadId(20) hotstuff_runner::app: Node 0 [produce_block] queue size: 20, attempting up to 20 transactions this block    
2026-08-08T12:19:25.387177Z  WARN ThreadId(20) hotstuff_runner::app: Node 0 view(2965) far exceeds block count (741); potential sync issue    
2026-08-08T12:19:25.449534Z  WARN ThreadId(20) hotstuff_runner::app: Node 0 [produce_block] queue size: 2, attempting up to 2 transactions this block    
2026-08-08T12:19:25.449914Z  WARN ThreadId(20) hotstuff_runner::app: Node 0 view(2969) far exceeds block count (742); potential sync issue    
2026-08-08T12:19:25.513371Z  WARN ThreadId(20) hotstuff_runner::app: Node 0 [produce_block] queue size: 0, attempting up to 0 transactions this block    
2026-08-08T12:19:25.513500Z  WARN ThreadId(20) hotstuff_runner::app: Node 0 view(2973) far exceeds block count (743); potential sync issue    
2026-08-08T12:19:25.611065Z  WARN ThreadId(20) hotstuff_runner::app: Node 0 [produce_block] queue size: 0, attempting up to 0 transactions this block    
2026-08-08T12:19:25.611183Z  WARN ThreadId(20) hotstuff_runner::app: Node 0 view(2977) far exceeds block count (744); potential sync issue    
2026-08-08T12:19:25.697289Z  WARN ThreadId(20) hotstuff_runner::app: Node 0 [produce_block] queue size: 2, attempting up to 2 transactions this block    
2026-08-08T12:19:25.699494Z  WARN ThreadId(20) hotstuff_runner::app: Node 0 view(2981) far exceeds block count (745); potential sync issue    
2026-08-08T12:19:25.766768Z  WARN ThreadId(20) hotstuff_runner::app: Node 0 [produce_block] queue size: 0, attempting up to 0 transactions this block    
2026-08-08T12:19:25.766963Z  WARN ThreadId(20) hotstuff_runner::app: Node 0 view(2985) far exceeds block count (746); potential sync issue    
2026-08-08T12:19:25.830158Z  WARN ThreadId(20) hotstuff_runner::app: Node 0 [produce_block] queue size: 0, attempting up to 0 transactions this block    
2026-08-08T12:19:25.830781Z  WARN ThreadId(20) hotstuff_runner::app: Node 0 view(2989) far exceeds block count (747); potential sync issue    
2026-08-08T12:19:25.912838Z  WARN ThreadId(20) hotstuff_runner::app: Node 0 [produce_block] queue size: 2, attempting up to 2 transactions this block    
2026-08-08T12:19:25.914322Z  WARN ThreadId(20) hotstuff_runner::app: Node 0 view(2993) far exceeds block count (748); potential sync issue    
2026-08-08T12:19:26.009114Z  WARN ThreadId(20) hotstuff_runner::app: Node 0 [produce_block] queue size: 0, attempting up to 0 transactions this block    
2026-08-08T12:19:26.010290Z  WARN ThreadId(20) hotstuff_runner::app: Node 0 view(2997) far exceeds block count (749); potential sync issue    
2026-08-08T12:19:26.141913Z  WARN ThreadId(20) hotstuff_runner::app: Node 0 [produce_block] queue size: 2, attempting up to 2 transactions this block    
2026-08-08T12:19:26.143329Z  WARN ThreadId(20) hotstuff_runner::app: Node 0 view(3001) far exceeds block count (750); potential sync issue    
2026-08-08T12:19:26.215773Z  WARN ThreadId(20) hotstuff_rs::block_tree::invariants: SAFE_PC_FAIL: pc.block=[109, 209, 237, 247, 44, 45, 107, 39, 210, 234, 196, 181, 236, 114, 95, 200, 31, 44, 58, 115, 177, 75, 128, 118, 164, 220, 44, 218, 178, 45, 246, 25] view=3003 phase=Generic | cond1(chain_id/genesis)=true (pc.chain_id=0, my.chain_id=0) | cond2(block_exists/genesis)=false (exists=false) | cond3(view>locked || extends)=true (pc.view=3003, locked.view=3000, extends=false) | cond4(phase/updates)=true (phase_special=false, has_updates=false) | highest_pc.block=[217, 122, 246, 129, 53, 104, 111, 75, 126, 184, 252, 200, 242, 45, 198, 240, 81, 241, 94, 47, 59, 19, 171, 122, 29, 237, 89, 42, 255, 19, 18, 174] highest_pc.view=3001 locked.block=[132, 69, 157, 247, 73, 117, 80, 187, 195, 72, 42, 48, 116, 247, 181, 146, 183, 133, 206, 212, 88, 124, 145, 10, 173, 224, 208, 233, 175, 177, 246, 73] locked.view=3000    
2026-08-08T12:19:26.216061Z  WARN ThreadId(20) hotstuff_rs::block_tree::invariants: SAFE_BLOCK_FAIL: block=[146, 80, 17, 229, 9, 95, 199, 126, 185, 203, 204, 210, 182, 91, 86, 73, 13, 14, 105, 220, 241, 144, 162, 82, 78, 192, 42, 109, 187, 207, 201, 78] height=None | cond1(safe_pc)=false | cond2(is_block_justify)=true (justify.phase=Generic) | justify.block=[109, 209, 237, 247, 44, 45, 107, 39, 210, 234, 196, 181, 236, 114, 95, 200, 31, 44, 58, 115, 177, 75, 128, 118, 164, 220, 44, 218, 178, 45, 246, 25] justify.view=3003 | highest_pc.block=[217, 122, 246, 129, 53, 104, 111, 75, 126, 184, 252, 200, 242, 45, 198, 240, 81, 241, 94, 47, 59, 19, 171, 122, 29, 237, 89, 42, 255, 19, 18, 174] highest_pc.view=3001 | locked.block=[132, 69, 157, 247, 73, 117, 80, 187, 195, 72, 42, 48, 116, 247, 181, 146, 183, 133, 206, 212, 88, 124, 145, 10, 173, 224, 208, 233, 175, 177, 246, 73] locked.view=3000    
2026-08-08T12:19:26.222779Z  WARN ThreadId(20) hotstuff_rs::block_tree::invariants: SAFE_PC_FAIL: pc.block=[146, 80, 17, 229, 9, 95, 199, 126, 185, 203, 204, 210, 182, 91, 86, 73, 13, 14, 105, 220, 241, 144, 162, 82, 78, 192, 42, 109, 187, 207, 201, 78] view=3004 phase=Generic | cond1(chain_id/genesis)=true (pc.chain_id=0, my.chain_id=0) | cond2(block_exists/genesis)=false (exists=false) | cond3(view>locked || extends)=true (pc.view=3004, locked.view=3000, extends=false) | cond4(phase/updates)=true (phase_special=false, has_updates=false) | highest_pc.block=[217, 122, 246, 129, 53, 104, 111, 75, 126, 184, 252, 200, 242, 45, 198, 240, 81, 241, 94, 47, 59, 19, 171, 122, 29, 237, 89, 42, 255, 19, 18, 174] highest_pc.view=3001 locked.block=[132, 69, 157, 247, 73, 117, 80, 187, 195, 72, 42, 48, 116, 247, 181, 146, 183, 133, 206, 212, 88, 124, 145, 10, 173, 224, 208, 233, 175, 177, 246, 73] locked.view=3000    
2026-08-08T12:19:28.216792Z  WARN ThreadId(20) hotstuff_runner::app: Node 0 [produce_block] queue size: 20, attempting up to 20 transactions this block    
2026-08-08T12:19:28.218110Z  WARN ThreadId(20) hotstuff_runner::app: Node 0 view(3005) far exceeds block count (751); potential sync issue    
2026-08-08T12:19:28.279520Z  WARN ThreadId(20) hotstuff_runner::app: Node 0 [produce_block] queue size: 0, attempting up to 0 transactions this block    
2026-08-08T12:19:28.303360Z  WARN ThreadId(20) hotstuff_runner::app: Node 0 view(3009) far exceeds block count (752); potential sync issue    
2026-08-08T12:19:28.374488Z  WARN ThreadId(20) hotstuff_runner::app: Node 0 [produce_block] queue size: 0, attempting up to 0 transactions this block    
2026-08-08T12:19:28.380921Z  WARN ThreadId(20) hotstuff_runner::app: Node 0 view(3013) far exceeds block count (753); potential sync issue    
2026-08-08T12:19:28.493517Z  WARN ThreadId(20) hotstuff_runner::app: Node 0 [produce_block] queue size: 2, attempting up to 2 transactions this block    
2026-08-08T12:19:28.493795Z  WARN ThreadId(20) hotstuff_runner::app: Node 0 view(3017) far exceeds block count (754); potential sync issue    
2026-08-08T12:19:28.605336Z  WARN ThreadId(20) hotstuff_runner::app: Node 0 [produce_block] queue size: 0, attempting up to 0 transactions this block    
2026-08-08T12:19:28.606043Z  WARN ThreadId(20) hotstuff_runner::app: Node 0 view(3021) far exceeds block count (755); potential sync issue    
2026-08-08T12:19:28.704476Z  WARN ThreadId(20) hotstuff_runner::app: Node 0 [produce_block] queue size: 2, attempting up to 2 transactions this block    
2026-08-08T12:19:28.704562Z  WARN ThreadId(20) hotstuff_runner::app: Node 0 view(3025) far exceeds block count (756); potential sync issue    
2026-08-08T12:19:28.814723Z  WARN ThreadId(20) hotstuff_runner::app: Node 0 [produce_block] queue size: 2, attempting up to 2 transactions this block    
2026-08-08T12:19:28.815098Z  WARN ThreadId(20) hotstuff_runner::app: Node 0 view(3029) far exceeds block count (757); potential sync issue    
2026-08-08T12:19:28.885989Z  WARN ThreadId(20) hotstuff_runner::app: Node 0 [produce_block] queue size: 0, attempting up to 0 transactions this block    
2026-08-08T12:19:28.891702Z  WARN ThreadId(20) hotstuff_runner::app: Node 0 view(3033) far exceeds block count (758); potential sync issue    
2026-08-08T12:19:28.957890Z  WARN ThreadId(20) hotstuff_runner::app: Node 0 [produce_block] queue size: 0, attempting up to 0 transactions this block    
2026-08-08T12:19:28.958234Z  WARN ThreadId(20) hotstuff_runner::app: Node 0 view(3037) far exceeds block count (759); potential sync issue    
2026-08-08T12:19:29.036842Z  WARN ThreadId(20) hotstuff_runner::app: Node 0 [produce_block] queue size: 2, attempting up to 2 transactions this block    
2026-08-08T12:19:29.046479Z  WARN ThreadId(20) hotstuff_runner::app: Node 0 view(3041) far exceeds block count (760); potential sync issue    
2026-08-08T12:19:29.122975Z  WARN ThreadId(20) hotstuff_runner::app: Node 0 [produce_block] queue size: 0, attempting up to 0 transactions this block    
2026-08-08T12:19:29.124305Z  WARN ThreadId(20) hotstuff_runner::app: Node 0 view(3045) far exceeds block count (761); potential sync issue    
2026-08-08T12:19:29.181948Z  WARN ThreadId(20) hotstuff_runner::app: Node 0 [produce_block] queue size: 0, attempting up to 0 transactions this block    
2026-08-08T12:19:29.182287Z  WARN ThreadId(20) hotstuff_runner::app: Node 0 view(3049) far exceeds block count (762); potential sync issue    
2026-08-08T12:19:29.286414Z  WARN ThreadId(20) hotstuff_runner::app: Node 0 [produce_block] queue size: 2, attempting up to 2 transactions this block    
2026-08-08T12:19:29.287641Z  WARN ThreadId(20) hotstuff_runner::app: Node 0 view(3053) far exceeds block count (763); potential sync issue    
2026-08-08T12:19:29.403784Z  WARN ThreadId(20) hotstuff_runner::app: Node 0 [produce_block] queue size: 0, attempting up to 0 transactions this block    
2026-08-08T12:19:29.404105Z  WARN ThreadId(20) hotstuff_runner::app: Node 0 view(3057) far exceeds block count (764); potential sync issue    
2026-08-08T12:19:29.484956Z  WARN ThreadId(20) hotstuff_runner::app: Node 0 [produce_block] queue size: 2, attempting up to 2 transactions this block    
2026-08-08T12:19:29.485272Z  WARN ThreadId(20) hotstuff_runner::app: Node 0 view(3061) far exceeds block count (765); potential sync issue    
2026-08-08T12:19:29.588095Z  WARN ThreadId(20) hotstuff_runner::app: Node 0 [produce_block] queue size: 0, attempting up to 0 transactions this block    
2026-08-08T12:19:29.588366Z  WARN ThreadId(20) hotstuff_runner::app: Node 0 view(3065) far exceeds block count (766); potential sync issue    
2026-08-08T12:19:29.641205Z  WARN ThreadId(20) hotstuff_runner::app: Node 0 [produce_block] queue size: 0, attempting up to 0 transactions this block    
2026-08-08T12:19:29.642564Z  WARN ThreadId(20) hotstuff_runner::app: Node 0 view(3069) far exceeds block count (767); potential sync issue    
2026-08-08T12:19:29.705423Z  WARN ThreadId(20) hotstuff_runner::app: Node 0 [produce_block] queue size: 2, attempting up to 2 transactions this block    
2026-08-08T12:19:29.705575Z  WARN ThreadId(20) hotstuff_runner::app: Node 0 view(3073) far exceeds block count (768); potential sync issue    
2026-08-08T12:19:29.781834Z  WARN ThreadId(20) hotstuff_runner::app: Node 0 [produce_block] queue size: 0, attempting up to 0 transactions this block    
2026-08-08T12:19:29.783485Z  WARN ThreadId(20) hotstuff_runner::app: Node 0 view(3077) far exceeds block count (769); potential sync issue    
2026-08-08T12:19:29.862495Z  WARN ThreadId(20) hotstuff_runner::app: Node 0 [produce_block] queue size: 2, attempting up to 2 transactions this block    
2026-08-08T12:19:29.864047Z  WARN ThreadId(20) hotstuff_runner::app: Node 0 view(3081) far exceeds block count (770); potential sync issue    
2026-08-08T12:19:29.925578Z  WARN ThreadId(20) hotstuff_runner::app: Node 0 [produce_block] queue size: 0, attempting up to 0 transactions this block    
2026-08-08T12:19:29.928165Z  WARN ThreadId(20) hotstuff_runner::app: Node 0 view(3085) far exceeds block count (771); potential sync issue    
2026-08-08T12:19:30.018148Z  WARN ThreadId(20) hotstuff_runner::app: Node 0 [produce_block] queue size: 0, attempting up to 0 transactions this block    
2026-08-08T12:19:30.018625Z  WARN ThreadId(20) hotstuff_runner::app: Node 0 view(3089) far exceeds block count (772); potential sync issue    
2026-08-08T12:19:30.089828Z  WARN ThreadId(20) hotstuff_runner::app: Node 0 [produce_block] queue size: 2, attempting up to 2 transactions this block    
2026-08-08T12:19:30.093754Z  WARN ThreadId(20) hotstuff_runner::app: Node 0 view(3093) far exceeds block count (773); potential sync issue    
2026-08-08T12:19:30.144797Z  WARN ThreadId(20) hotstuff_runner::app: Node 0 [produce_block] queue size: 0, attempting up to 0 transactions this block    
2026-08-08T12:19:30.145122Z  WARN ThreadId(20) hotstuff_runner::app: Node 0 view(3097) far exceeds block count (774); potential sync issue    
2026-08-08T12:19:30.272729Z  WARN ThreadId(20) hotstuff_runner::app: Node 0 [produce_block] queue size: 0, attempting up to 0 transactions this block    
2026-08-08T12:19:30.273241Z  WARN ThreadId(20) hotstuff_runner::app: Node 0 view(3101) far exceeds block count (775); potential sync issue    
2026-08-08T12:19:30.404066Z  WARN ThreadId(20) hotstuff_runner::app: Node 0 [produce_block] queue size: 2, attempting up to 2 transactions this block    
2026-08-08T12:19:30.404326Z  WARN ThreadId(20) hotstuff_runner::app: Node 0 view(3105) far exceeds block count (776); potential sync issue    
2026-08-08T12:19:30.516416Z  WARN ThreadId(20) hotstuff_runner::app: Node 0 [produce_block] queue size: 2, attempting up to 2 transactions this block    
2026-08-08T12:19:30.517655Z  WARN ThreadId(20) hotstuff_runner::app: Node 0 view(3109) far exceeds block count (777); potential sync issue    
2026-08-08T12:19:30.576161Z  WARN ThreadId(20) hotstuff_runner::app: Node 0 [produce_block] queue size: 0, attempting up to 0 transactions this block    
2026-08-08T12:19:30.577592Z  WARN ThreadId(20) hotstuff_runner::app: Node 0 view(3113) far exceeds block count (778); potential sync issue    
2026-08-08T12:19:30.631113Z  WARN ThreadId(20) hotstuff_runner::app: Node 0 [produce_block] queue size: 0, attempting up to 0 transactions this block    
2026-08-08T12:19:30.633532Z  WARN ThreadId(20) hotstuff_runner::app: Node 0 view(3117) far exceeds block count (779); potential sync issue    
2026-08-08T12:19:30.703794Z  WARN ThreadId(20) hotstuff_runner::app: Node 0 [produce_block] queue size: 0, attempting up to 0 transactions this block    
2026-08-08T12:19:30.703959Z  WARN ThreadId(20) hotstuff_runner::app: Node 0 view(3121) far exceeds block count (780); potential sync issue    
2026-08-08T12:19:30.769415Z  WARN ThreadId(20) hotstuff_runner::app: Node 0 [produce_block] queue size: 2, attempting up to 2 transactions this block    
2026-08-08T12:19:30.771493Z  WARN ThreadId(20) hotstuff_runner::app: Node 0 view(3125) far exceeds block count (781); potential sync issue    
2026-08-08T12:19:30.858571Z  WARN ThreadId(20) hotstuff_runner::app: Node 0 [produce_block] queue size: 0, attempting up to 0 transactions this block    
2026-08-08T12:19:30.859676Z  WARN ThreadId(20) hotstuff_runner::app: Node 0 view(3129) far exceeds block count (782); potential sync issue    
2026-08-08T12:19:30.918183Z  WARN ThreadId(20) hotstuff_runner::app: Node 0 [produce_block] queue size: 0, attempting up to 0 transactions this block    
2026-08-08T12:19:30.920460Z  WARN ThreadId(20) hotstuff_runner::app: Node 0 view(3133) far exceeds block count (783); potential sync issue    
2026-08-08T12:19:30.992465Z  WARN ThreadId(20) hotstuff_runner::app: Node 0 [produce_block] queue size: 2, attempting up to 2 transactions this block    
2026-08-08T12:19:30.992693Z  WARN ThreadId(20) hotstuff_runner::app: Node 0 view(3137) far exceeds block count (784); potential sync issue    
2026-08-08T12:19:31.061409Z  WARN ThreadId(20) hotstuff_runner::app: Node 0 [produce_block] queue size: 0, attempting up to 0 transactions this block    
2026-08-08T12:19:31.061617Z  WARN ThreadId(20) hotstuff_runner::app: Node 0 view(3141) far exceeds block count (785); potential sync issue    
2026-08-08T12:19:31.139457Z  WARN ThreadId(20) hotstuff_runner::app: Node 0 [produce_block] queue size: 0, attempting up to 0 transactions this block    
2026-08-08T12:19:31.139559Z  WARN ThreadId(20) hotstuff_runner::app: Node 0 view(3145) far exceeds block count (786); potential sync issue    
2026-08-08T12:19:31.269263Z  WARN ThreadId(20) hotstuff_runner::app: Node 0 [produce_block] queue size: 2, attempting up to 2 transactions this block    
2026-08-08T12:19:31.273589Z  WARN ThreadId(20) hotstuff_runner::app: Node 0 view(3149) far exceeds block count (787); potential sync issue    
2026-08-08T12:19:31.380790Z  WARN ThreadId(20) hotstuff_runner::app: Node 0 [produce_block] queue size: 2, attempting up to 2 transactions this block    
2026-08-08T12:19:31.381102Z  WARN ThreadId(20) hotstuff_runner::app: Node 0 view(3153) far exceeds block count (788); potential sync issue    
2026-08-08T12:19:31.466522Z  WARN ThreadId(20) hotstuff_runner::app: Node 0 [produce_block] queue size: 0, attempting up to 0 transactions this block    
2026-08-08T12:19:31.468584Z  WARN ThreadId(20) hotstuff_runner::app: Node 0 view(3157) far exceeds block count (789); potential sync issue    
2026-08-08T12:19:31.567053Z  WARN ThreadId(20) hotstuff_runner::app: Node 0 [produce_block] queue size: 2, attempting up to 2 transactions this block    
2026-08-08T12:19:31.568677Z  WARN ThreadId(20) hotstuff_runner::app: Node 0 view(3161) far exceeds block count (790); potential sync issue    
2026-08-08T12:19:31.657841Z  WARN ThreadId(20) hotstuff_runner::app: Node 0 [produce_block] queue size: 0, attempting up to 0 transactions this block    
2026-08-08T12:19:31.658730Z  WARN ThreadId(20) hotstuff_runner::app: Node 0 view(3165) far exceeds block count (791); potential sync issue    
2026-08-08T12:19:31.708840Z  WARN ThreadId(20) hotstuff_runner::app: Node 0 [produce_block] queue size: 0, attempting up to 0 transactions this block    
2026-08-08T12:19:31.710148Z  WARN ThreadId(20) hotstuff_runner::app: Node 0 view(3169) far exceeds block count (792); potential sync issue    
2026-08-08T12:19:31.817678Z  WARN ThreadId(20) hotstuff_runner::app: Node 0 [produce_block] queue size: 2, attempting up to 2 transactions this block    
2026-08-08T12:19:31.819555Z  WARN ThreadId(20) hotstuff_runner::app: Node 0 view(3173) far exceeds block count (793); potential sync issue    
2026-08-08T12:19:31.905398Z  WARN ThreadId(20) hotstuff_runner::app: Node 0 [produce_block] queue size: 0, attempting up to 0 transactions this block    
2026-08-08T12:19:31.905946Z  WARN ThreadId(20) hotstuff_runner::app: Node 0 view(3177) far exceeds block count (794); potential sync issue    
2026-08-08T12:19:31.960896Z  WARN ThreadId(20) hotstuff_runner::app: Node 0 [produce_block] queue size: 2, attempting up to 2 transactions this block    
2026-08-08T12:19:31.963759Z  WARN ThreadId(20) hotstuff_runner::app: Node 0 view(3181) far exceeds block count (795); potential sync issue    
2026-08-08T12:19:32.102595Z  WARN ThreadId(20) hotstuff_runner::app: Node 0 [produce_block] queue size: 0, attempting up to 0 transactions this block    
2026-08-08T12:19:32.103153Z  WARN ThreadId(20) hotstuff_runner::app: Node 0 view(3185) far exceeds block count (796); potential sync issue    
2026-08-08T12:19:32.189738Z  WARN ThreadId(20) hotstuff_runner::app: Node 0 [produce_block] queue size: 2, attempting up to 2 transactions this block    
2026-08-08T12:19:32.190432Z  WARN ThreadId(20) hotstuff_runner::app: Node 0 view(3189) far exceeds block count (797); potential sync issue    
2026-08-08T12:19:32.281856Z  WARN ThreadId(20) hotstuff_runner::app: Node 0 [produce_block] queue size: 0, attempting up to 0 transactions this block    
2026-08-08T12:19:32.282173Z  WARN ThreadId(20) hotstuff_runner::app: Node 0 view(3193) far exceeds block count (798); potential sync issue    
2026-08-08T12:19:32.437081Z  WARN ThreadId(20) hotstuff_runner::app: Node 0 [produce_block] queue size: 0, attempting up to 0 transactions this block    
2026-08-08T12:19:32.441614Z  WARN ThreadId(20) hotstuff_runner::app: Node 0 view(3197) far exceeds block count (799); potential sync issue    
2026-08-08T12:19:32.493581Z  WARN ThreadId(20) hotstuff_runner::app: Node 0 [produce_block] queue size: 0, attempting up to 0 transactions this block    
2026-08-08T12:19:32.498229Z  WARN ThreadId(20) hotstuff_runner::app: Node 0 view(3201) far exceeds block count (800); potential sync issue    
2026-08-08T12:19:32.594892Z  WARN ThreadId(20) hotstuff_runner::app: Node 0 [produce_block] queue size: 2, attempting up to 2 transactions this block    
2026-08-08T12:19:32.595757Z  WARN ThreadId(20) hotstuff_runner::app: Node 0 view(3205) far exceeds block count (801); potential sync issue    
2026-08-08T12:19:32.676306Z  WARN ThreadId(20) hotstuff_runner::app: Node 0 [produce_block] queue size: 0, attempting up to 0 transactions this block    
2026-08-08T12:19:32.676644Z  WARN ThreadId(20) hotstuff_runner::app: Node 0 view(3209) far exceeds block count (802); potential sync issue    
2026-08-08T12:19:32.766636Z  WARN ThreadId(20) hotstuff_runner::app: Node 0 [produce_block] queue size: 2, attempting up to 2 transactions this block    
2026-08-08T12:19:32.767969Z  WARN ThreadId(20) hotstuff_runner::app: Node 0 view(3213) far exceeds block count (803); potential sync issue    
2026-08-08T12:19:32.853381Z  WARN ThreadId(20) hotstuff_runner::app: Node 0 [produce_block] queue size: 0, attempting up to 0 transactions this block    
2026-08-08T12:19:32.854425Z  WARN ThreadId(20) hotstuff_runner::app: Node 0 view(3217) far exceeds block count (804); potential sync issue    
2026-08-08T12:19:32.990511Z  WARN ThreadId(20) hotstuff_runner::app: Node 0 [produce_block] queue size: 2, attempting up to 2 transactions this block    
2026-08-08T12:19:32.992267Z  WARN ThreadId(20) hotstuff_runner::app: Node 0 view(3221) far exceeds block count (805); potential sync issue    
2026-08-08T12:19:33.090753Z  WARN ThreadId(20) hotstuff_runner::app: Node 0 [produce_block] queue size: 0, attempting up to 0 transactions this block    
2026-08-08T12:19:33.092828Z  WARN ThreadId(20) hotstuff_runner::app: Node 0 view(3225) far exceeds block count (806); potential sync issue    
2026-08-08T12:19:33.151856Z  WARN ThreadId(20) hotstuff_runner::app: Node 0 [produce_block] queue size: 2, attempting up to 2 transactions this block    
2026-08-08T12:19:33.153689Z  WARN ThreadId(20) hotstuff_runner::app: Node 0 view(3229) far exceeds block count (807); potential sync issue    
2026-08-08T12:19:33.208441Z  WARN ThreadId(20) hotstuff_runner::app: Node 0 [produce_block] queue size: 0, attempting up to 0 transactions this block    
2026-08-08T12:19:33.209176Z  WARN ThreadId(20) hotstuff_runner::app: Node 0 view(3233) far exceeds block count (808); potential sync issue    
2026-08-08T12:19:33.253286Z  WARN ThreadId(20) hotstuff_runner::app: Node 0 [produce_block] queue size: 0, attempting up to 0 transactions this block    
2026-08-08T12:19:33.290408Z  WARN ThreadId(20) hotstuff_runner::app: Node 0 view(3237) far exceeds block count (809); potential sync issue    
2026-08-08T12:19:33.339190Z  WARN ThreadId(20) hotstuff_runner::app: Node 0 [produce_block] queue size: 2, attempting up to 2 transactions this block    
2026-08-08T12:19:33.341903Z  WARN ThreadId(20) hotstuff_runner::app: Node 0 view(3241) far exceeds block count (810); potential sync issue    
2026-08-08T12:19:33.411961Z  WARN ThreadId(20) hotstuff_runner::app: Node 0 [produce_block] queue size: 0, attempting up to 0 transactions this block    
2026-08-08T12:19:33.413147Z  WARN ThreadId(20) hotstuff_runner::app: Node 0 view(3245) far exceeds block count (811); potential sync issue    
2026-08-08T12:19:33.461785Z  WARN ThreadId(20) hotstuff_runner::app: Node 0 [produce_block] queue size: 0, attempting up to 0 transactions this block    
2026-08-08T12:19:33.465132Z  WARN ThreadId(20) hotstuff_runner::app: Node 0 view(3249) far exceeds block count (812); potential sync issue    
2026-08-08T12:19:33.509748Z  WARN ThreadId(20) hotstuff_runner::app: Node 0 [produce_block] queue size: 0, attempting up to 0 transactions this block    
2026-08-08T12:19:33.511293Z  WARN ThreadId(20) hotstuff_runner::app: Node 0 view(3253) far exceeds block count (813); potential sync issue    
2026-08-08T12:19:33.566249Z  WARN ThreadId(20) hotstuff_runner::app: Node 0 [produce_block] queue size: 2, attempting up to 2 transactions this block    
2026-08-08T12:19:33.566952Z  WARN ThreadId(20) hotstuff_runner::app: Node 0 view(3257) far exceeds block count (814); potential sync issue    
2026-08-08T12:19:33.616867Z  WARN ThreadId(20) hotstuff_runner::app: Node 0 [produce_block] queue size: 0, attempting up to 0 transactions this block    
2026-08-08T12:19:33.617043Z  WARN ThreadId(20) hotstuff_runner::app: Node 0 view(3261) far exceeds block count (815); potential sync issue    
2026-08-08T12:19:33.683183Z  WARN ThreadId(20) hotstuff_runner::app: Node 0 [produce_block] queue size: 0, attempting up to 0 transactions this block    
2026-08-08T12:19:33.683779Z  WARN ThreadId(20) hotstuff_runner::app: Node 0 view(3265) far exceeds block count (816); potential sync issue    
2026-08-08T12:19:33.733140Z  WARN ThreadId(20) hotstuff_runner::app: Node 0 [produce_block] queue size: 2, attempting up to 2 transactions this block    
2026-08-08T12:19:33.733566Z  WARN ThreadId(20) hotstuff_runner::app: Node 0 view(3269) far exceeds block count (817); potential sync issue    
2026-08-08T12:19:33.823156Z  WARN ThreadId(20) hotstuff_runner::app: Node 0 [produce_block] queue size: 0, attempting up to 0 transactions this block    
2026-08-08T12:19:33.828463Z  WARN ThreadId(20) hotstuff_runner::app: Node 0 view(3273) far exceeds block count (818); potential sync issue    
2026-08-08T12:19:33.915457Z  WARN ThreadId(20) hotstuff_runner::app: Node 0 [produce_block] queue size: 0, attempting up to 0 transactions this block    
2026-08-08T12:19:33.915799Z  WARN ThreadId(20) hotstuff_runner::app: Node 0 view(3277) far exceeds block count (819); potential sync issue    
2026-08-08T12:19:33.992602Z  WARN ThreadId(20) hotstuff_runner::app: Node 0 [produce_block] queue size: 2, attempting up to 2 transactions this block    
2026-08-08T12:19:33.993054Z  WARN ThreadId(20) hotstuff_runner::app: Node 0 view(3281) far exceeds block count (820); potential sync issue    
2026-08-08T12:19:34.072456Z  WARN ThreadId(20) hotstuff_runner::app: Node 0 [produce_block] queue size: 0, attempting up to 0 transactions this block    
2026-08-08T12:19:34.073219Z  WARN ThreadId(20) hotstuff_runner::app: Node 0 view(3285) far exceeds block count (821); potential sync issue    
2026-08-08T12:19:34.152240Z  WARN ThreadId(20) hotstuff_runner::app: Node 0 [produce_block] queue size: 2, attempting up to 2 transactions this block    
2026-08-08T12:19:34.153140Z  WARN ThreadId(20) hotstuff_runner::app: Node 0 view(3289) far exceeds block count (822); potential sync issue    
2026-08-08T12:19:34.237407Z  WARN ThreadId(20) hotstuff_runner::app: Node 0 [produce_block] queue size: 0, attempting up to 0 transactions this block    
2026-08-08T12:19:34.237776Z  WARN ThreadId(20) hotstuff_runner::app: Node 0 view(3293) far exceeds block count (823); potential sync issue    
2026-08-08T12:19:34.299495Z  WARN ThreadId(20) hotstuff_runner::app: Node 0 [produce_block] queue size: 0, attempting up to 0 transactions this block    
2026-08-08T12:19:34.299660Z  WARN ThreadId(20) hotstuff_runner::app: Node 0 view(3297) far exceeds block count (824); potential sync issue    
2026-08-08T12:19:34.359403Z  WARN ThreadId(20) hotstuff_runner::app: Node 0 [produce_block] queue size: 0, attempting up to 0 transactions this block    
2026-08-08T12:19:34.359814Z  WARN ThreadId(20) hotstuff_runner::app: Node 0 view(3301) far exceeds block count (825); potential sync issue    
2026-08-08T12:19:34.417569Z  WARN ThreadId(20) hotstuff_runner::app: Node 0 [produce_block] queue size: 2, attempting up to 2 transactions this block    
2026-08-08T12:19:34.417685Z  WARN ThreadId(20) hotstuff_runner::app: Node 0 view(3305) far exceeds block count (826); potential sync issue    
2026-08-08T12:19:34.464883Z  WARN ThreadId(20) hotstuff_runner::app: Node 0 [produce_block] queue size: 0, attempting up to 0 transactions this block    
2026-08-08T12:19:34.466902Z  WARN ThreadId(20) hotstuff_runner::app: Node 0 view(3309) far exceeds block count (827); potential sync issue    
2026-08-08T12:19:34.573746Z  WARN ThreadId(20) hotstuff_runner::app: Node 0 [produce_block] queue size: 0, attempting up to 0 transactions this block    
2026-08-08T12:19:34.574312Z  WARN ThreadId(20) hotstuff_runner::app: Node 0 view(3313) far exceeds block count (828); potential sync issue    
2026-08-08T12:19:34.664399Z  WARN ThreadId(20) hotstuff_runner::app: Node 0 [produce_block] queue size: 2, attempting up to 2 transactions this block    
2026-08-08T12:19:34.669172Z  WARN ThreadId(20) hotstuff_runner::app: Node 0 view(3317) far exceeds block count (829); potential sync issue    
2026-08-08T12:19:34.751538Z  WARN ThreadId(20) hotstuff_runner::app: Node 0 [produce_block] queue size: 0, attempting up to 0 transactions this block    
2026-08-08T12:19:34.751728Z  WARN ThreadId(20) hotstuff_runner::app: Node 0 view(3321) far exceeds block count (830); potential sync issue    
2026-08-08T12:19:34.865898Z  WARN ThreadId(20) hotstuff_runner::app: Node 0 [produce_block] queue size: 2, attempting up to 2 transactions this block    
2026-08-08T12:19:34.869433Z  WARN ThreadId(20) hotstuff_runner::app: Node 0 view(3325) far exceeds block count (831); potential sync issue    
2026-08-08T12:19:34.963526Z  WARN ThreadId(20) hotstuff_runner::app: Node 0 [produce_block] queue size: 0, attempting up to 0 transactions this block    
2026-08-08T12:19:34.964915Z  WARN ThreadId(20) hotstuff_runner::app: Node 0 view(3329) far exceeds block count (832); potential sync issue    
2026-08-08T12:19:35.086993Z  WARN ThreadId(20) hotstuff_runner::app: Node 0 [produce_block] queue size: 2, attempting up to 2 transactions this block    
2026-08-08T12:19:35.087242Z  WARN ThreadId(20) hotstuff_runner::app: Node 0 view(3333) far exceeds block count (833); potential sync issue    
2026-08-08T12:19:35.243130Z  WARN ThreadId(20) hotstuff_runner::app: Node 0 [produce_block] queue size: 2, attempting up to 2 transactions this block    
2026-08-08T12:19:35.246474Z  WARN ThreadId(20) hotstuff_runner::app: Node 0 view(3337) far exceeds block count (834); potential sync issue    
2026-08-08T12:19:35.323663Z  WARN ThreadId(20) hotstuff_runner::app: Node 0 [produce_block] queue size: 0, attempting up to 0 transactions this block    
2026-08-08T12:19:35.326452Z  WARN ThreadId(20) hotstuff_runner::app: Node 0 view(3341) far exceeds block count (835); potential sync issue    
2026-08-08T12:19:35.407130Z  WARN ThreadId(20) hotstuff_runner::app: Node 0 [produce_block] queue size: 0, attempting up to 0 transactions this block    
2026-08-08T12:19:35.412758Z  WARN ThreadId(20) hotstuff_runner::app: Node 0 view(3345) far exceeds block count (836); potential sync issue    
2026-08-08T12:19:35.499398Z  WARN ThreadId(20) hotstuff_runner::app: Node 0 [produce_block] queue size: 2, attempting up to 2 transactions this block    
2026-08-08T12:19:35.499707Z  WARN ThreadId(20) hotstuff_runner::app: Node 0 view(3349) far exceeds block count (837); potential sync issue    
2026-08-08T12:19:35.573668Z  WARN ThreadId(20) hotstuff_runner::app: Node 0 [produce_block] queue size: 0, attempting up to 0 transactions this block    
2026-08-08T12:19:35.575470Z  WARN ThreadId(20) hotstuff_runner::app: Node 0 view(3353) far exceeds block count (838); potential sync issue    
2026-08-08T12:19:35.658058Z  WARN ThreadId(20) hotstuff_runner::app: Node 0 [produce_block] queue size: 2, attempting up to 2 transactions this block    
2026-08-08T12:19:35.658256Z  WARN ThreadId(20) hotstuff_runner::app: Node 0 view(3357) far exceeds block count (839); potential sync issue    
2026-08-08T12:19:35.729554Z  WARN ThreadId(20) hotstuff_runner::app: Node 0 [produce_block] queue size: 0, attempting up to 0 transactions this block    
2026-08-08T12:19:35.730497Z  WARN ThreadId(20) hotstuff_runner::app: Node 0 view(3361) far exceeds block count (840); potential sync issue    
2026-08-08T12:19:35.801945Z  WARN ThreadId(20) hotstuff_runner::app: Node 0 [produce_block] queue size: 0, attempting up to 0 transactions this block    
2026-08-08T12:19:35.803635Z  WARN ThreadId(20) hotstuff_runner::app: Node 0 view(3365) far exceeds block count (841); potential sync issue    
2026-08-08T12:19:35.883320Z  WARN ThreadId(20) hotstuff_runner::app: Node 0 [produce_block] queue size: 2, attempting up to 2 transactions this block    
2026-08-08T12:19:35.894641Z  WARN ThreadId(20) hotstuff_runner::app: Node 0 view(3369) far exceeds block count (842); potential sync issue    
2026-08-08T12:19:35.972054Z  WARN ThreadId(20) hotstuff_runner::app: Node 0 [produce_block] queue size: 0, attempting up to 0 transactions this block    
2026-08-08T12:19:35.972336Z  WARN ThreadId(20) hotstuff_runner::app: Node 0 view(3373) far exceeds block count (843); potential sync issue    
2026-08-08T12:19:36.044525Z  WARN ThreadId(20) hotstuff_runner::app: Node 0 [produce_block] queue size: 2, attempting up to 2 transactions this block    
2026-08-08T12:19:36.044827Z  WARN ThreadId(20) hotstuff_runner::app: Node 0 view(3377) far exceeds block count (844); potential sync issue    
2026-08-08T12:19:36.114908Z  WARN ThreadId(20) hotstuff_runner::app: Node 0 [produce_block] queue size: 0, attempting up to 0 transactions this block    
2026-08-08T12:19:36.115594Z  WARN ThreadId(20) hotstuff_runner::app: Node 0 view(3381) far exceeds block count (845); potential sync issue    
2026-08-08T12:19:36.184434Z  WARN ThreadId(20) hotstuff_runner::app: Node 0 [produce_block] queue size: 0, attempting up to 0 transactions this block    
2026-08-08T12:19:36.185319Z  WARN ThreadId(20) hotstuff_runner::app: Node 0 view(3385) far exceeds block count (846); potential sync issue    
2026-08-08T12:19:36.307203Z  WARN ThreadId(20) hotstuff_runner::app: Node 0 [produce_block] queue size: 2, attempting up to 2 transactions this block    
2026-08-08T12:19:36.319859Z  WARN ThreadId(20) hotstuff_runner::app: Node 0 view(3389) far exceeds block count (847); potential sync issue    
2026-08-08T12:19:36.391930Z  WARN ThreadId(20) hotstuff_runner::app: Node 0 [produce_block] queue size: 0, attempting up to 0 transactions this block    
2026-08-08T12:19:36.393332Z  WARN ThreadId(20) hotstuff_runner::app: Node 0 view(3393) far exceeds block count (848); potential sync issue    
2026-08-08T12:19:36.475805Z  WARN ThreadId(20) hotstuff_runner::app: Node 0 [produce_block] queue size: 2, attempting up to 2 transactions this block    
2026-08-08T12:19:36.476079Z  WARN ThreadId(20) hotstuff_runner::app: Node 0 view(3397) far exceeds block count (849); potential sync issue    
2026-08-08T12:19:36.543262Z  WARN ThreadId(20) hotstuff_runner::app: Node 0 [produce_block] queue size: 0, attempting up to 0 transactions this block    
2026-08-08T12:19:36.544132Z  WARN ThreadId(20) hotstuff_runner::app: Node 0 view(3401) far exceeds block count (850); potential sync issue    
2026-08-08T12:19:36.602250Z  WARN ThreadId(20) hotstuff_runner::app: Node 0 [produce_block] queue size: 0, attempting up to 0 transactions this block    
2026-08-08T12:19:36.603492Z  WARN ThreadId(20) hotstuff_runner::app: Node 0 view(3405) far exceeds block count (851); potential sync issue    
2026-08-08T12:19:36.665622Z  WARN ThreadId(20) hotstuff_runner::app: Node 0 [produce_block] queue size: 2, attempting up to 2 transactions this block    
2026-08-08T12:19:36.666423Z  WARN ThreadId(20) hotstuff_runner::app: Node 0 view(3409) far exceeds block count (852); potential sync issue    
2026-08-08T12:19:36.772321Z  WARN ThreadId(20) hotstuff_runner::app: Node 0 [produce_block] queue size: 0, attempting up to 0 transactions this block    
2026-08-08T12:19:36.772460Z  WARN ThreadId(20) hotstuff_runner::app: Node 0 view(3413) far exceeds block count (853); potential sync issue    
2026-08-08T12:19:36.858833Z  WARN ThreadId(20) hotstuff_runner::app: Node 0 [produce_block] queue size: 0, attempting up to 0 transactions this block    
2026-08-08T12:19:36.859099Z  WARN ThreadId(20) hotstuff_runner::app: Node 0 view(3417) far exceeds block count (854); potential sync issue    
2026-08-08T12:19:36.986156Z  WARN ThreadId(20) hotstuff_runner::app: Node 0 [produce_block] queue size: 2, attempting up to 2 transactions this block    
2026-08-08T12:19:36.987262Z  WARN ThreadId(20) hotstuff_runner::app: Node 0 view(3421) far exceeds block count (855); potential sync issue    
2026-08-08T12:19:37.062367Z  WARN ThreadId(20) hotstuff_runner::app: Node 0 [produce_block] queue size: 2, attempting up to 2 transactions this block    
2026-08-08T12:19:37.062535Z  WARN ThreadId(20) hotstuff_runner::app: Node 0 view(3425) far exceeds block count (856); potential sync issue    
2026-08-08T12:19:37.191947Z  WARN ThreadId(20) hotstuff_runner::app: Node 0 [produce_block] queue size: 0, attempting up to 0 transactions this block    
2026-08-08T12:19:37.192048Z  WARN ThreadId(20) hotstuff_runner::app: Node 0 view(3429) far exceeds block count (857); potential sync issue    
2026-08-08T12:19:37.254511Z  WARN ThreadId(20) hotstuff_runner::app: Node 0 [produce_block] queue size: 2, attempting up to 2 transactions this block    
2026-08-08T12:19:37.256180Z  WARN ThreadId(20) hotstuff_runner::app: Node 0 view(3433) far exceeds block count (858); potential sync issue    
2026-08-08T12:19:37.320165Z  WARN ThreadId(20) hotstuff_runner::app: Node 0 [produce_block] queue size: 0, attempting up to 0 transactions this block    
2026-08-08T12:19:37.328530Z  WARN ThreadId(20) hotstuff_runner::app: Node 0 view(3437) far exceeds block count (859); potential sync issue    
2026-08-08T12:19:37.425839Z  WARN ThreadId(20) hotstuff_runner::app: Node 0 [produce_block] queue size: 2, attempting up to 2 transactions this block    
2026-08-08T12:19:37.426216Z  WARN ThreadId(20) hotstuff_runner::app: Node 0 view(3441) far exceeds block count (860); potential sync issue    
2026-08-08T12:19:37.508500Z  WARN ThreadId(20) hotstuff_runner::app: Node 0 [produce_block] queue size: 0, attempting up to 0 transactions this block    
2026-08-08T12:19:37.509190Z  WARN ThreadId(20) hotstuff_runner::app: Node 0 view(3445) far exceeds block count (861); potential sync issue    
2026-08-08T12:19:37.622624Z  WARN ThreadId(20) hotstuff_runner::app: Node 0 [produce_block] queue size: 0, attempting up to 0 transactions this block    
2026-08-08T12:19:37.623695Z  WARN ThreadId(20) hotstuff_runner::app: Node 0 view(3449) far exceeds block count (862); potential sync issue    
2026-08-08T12:19:37.689851Z  WARN ThreadId(20) hotstuff_runner::app: Node 0 [produce_block] queue size: 2, attempting up to 2 transactions this block    
2026-08-08T12:19:37.690200Z  WARN ThreadId(20) hotstuff_runner::app: Node 0 view(3453) far exceeds block count (863); potential sync issue    
2026-08-08T12:19:37.805365Z  WARN ThreadId(20) hotstuff_runner::app: Node 0 [produce_block] queue size: 0, attempting up to 0 transactions this block    
2026-08-08T12:19:37.807066Z  WARN ThreadId(20) hotstuff_runner::app: Node 0 view(3457) far exceeds block count (864); potential sync issue    
2026-08-08T12:19:37.902477Z  WARN ThreadId(20) hotstuff_runner::app: Node 0 [produce_block] queue size: 2, attempting up to 2 transactions this block    
2026-08-08T12:19:37.905716Z  WARN ThreadId(20) hotstuff_runner::app: Node 0 view(3461) far exceeds block count (865); potential sync issue    
2026-08-08T12:19:37.972941Z  WARN ThreadId(20) hotstuff_runner::app: Node 0 [produce_block] queue size: 0, attempting up to 0 transactions this block    
2026-08-08T12:19:37.977856Z  WARN ThreadId(20) hotstuff_runner::app: Node 0 view(3465) far exceeds block count (866); potential sync issue    
2026-08-08T12:19:38.052056Z  WARN ThreadId(20) hotstuff_runner::app: Node 0 [produce_block] queue size: 2, attempting up to 2 transactions this block    
2026-08-08T12:19:38.057264Z  WARN ThreadId(20) hotstuff_runner::app: Node 0 view(3469) far exceeds block count (867); potential sync issue    
2026-08-08T12:19:38.107681Z  WARN ThreadId(20) hotstuff_runner::app: Node 0 [produce_block] queue size: 0, attempting up to 0 transactions this block    
2026-08-08T12:19:38.108029Z  WARN ThreadId(20) hotstuff_runner::app: Node 0 view(3473) far exceeds block count (868); potential sync issue    
2026-08-08T12:19:38.211563Z  WARN ThreadId(20) hotstuff_runner::app: Node 0 [produce_block] queue size: 2, attempting up to 2 transactions this block    
2026-08-08T12:19:38.212522Z  WARN ThreadId(20) hotstuff_runner::app: Node 0 view(3477) far exceeds block count (869); potential sync issue    
2026-08-08T12:19:38.413708Z  WARN ThreadId(20) hotstuff_runner::app: Node 0 [produce_block] queue size: 2, attempting up to 2 transactions this block    
2026-08-08T12:19:38.414146Z  WARN ThreadId(20) hotstuff_runner::app: Node 0 view(3481) far exceeds block count (870); potential sync issue    
2026-08-08T12:19:38.497787Z  WARN ThreadId(20) hotstuff_runner::app: Node 0 [produce_block] queue size: 0, attempting up to 0 transactions this block    
2026-08-08T12:19:38.498104Z  WARN ThreadId(20) hotstuff_runner::app: Node 0 view(3485) far exceeds block count (871); potential sync issue    
2026-08-08T12:19:38.651011Z  WARN ThreadId(20) hotstuff_runner::app: Node 0 [produce_block] queue size: 2, attempting up to 2 transactions this block    
2026-08-08T12:19:38.653434Z  WARN ThreadId(20) hotstuff_runner::app: Node 0 view(3489) far exceeds block count (872); potential sync issue    
2026-08-08T12:19:38.746004Z  WARN ThreadId(20) hotstuff_runner::app: Node 0 [produce_block] queue size: 0, attempting up to 0 transactions this block    
2026-08-08T12:19:38.751019Z  WARN ThreadId(20) hotstuff_runner::app: Node 0 view(3493) far exceeds block count (873); potential sync issue    
2026-08-08T12:19:38.812796Z  WARN ThreadId(20) hotstuff_runner::app: Node 0 [produce_block] queue size: 0, attempting up to 0 transactions this block    
2026-08-08T12:19:38.820229Z  WARN ThreadId(20) hotstuff_runner::app: Node 0 view(3497) far exceeds block count (874); potential sync issue    
2026-08-08T12:19:38.900268Z  WARN ThreadId(20) hotstuff_runner::app: Node 0 [produce_block] queue size: 2, attempting up to 2 transactions this block    
2026-08-08T12:19:38.900694Z  WARN ThreadId(20) hotstuff_runner::app: Node 0 view(3501) far exceeds block count (875); potential sync issue    
2026-08-08T12:19:38.990849Z  WARN ThreadId(20) hotstuff_runner::app: Node 0 [produce_block] queue size: 0, attempting up to 0 transactions this block    
2026-08-08T12:19:38.994173Z  WARN ThreadId(20) hotstuff_runner::app: Node 0 view(3505) far exceeds block count (876); potential sync issue    
2026-08-08T12:19:39.069277Z  WARN ThreadId(20) hotstuff_runner::app: Node 0 [produce_block] queue size: 2, attempting up to 2 transactions this block    
2026-08-08T12:19:39.077057Z  WARN ThreadId(20) hotstuff_runner::app: Node 0 view(3509) far exceeds block count (877); potential sync issue    
2026-08-08T12:19:39.139151Z  WARN ThreadId(20) hotstuff_runner::app: Node 0 [produce_block] queue size: 0, attempting up to 0 transactions this block    
2026-08-08T12:19:39.139334Z  WARN ThreadId(20) hotstuff_runner::app: Node 0 view(3513) far exceeds block count (878); potential sync issue    
2026-08-08T12:19:39.234110Z  WARN ThreadId(20) hotstuff_runner::app: Node 0 [produce_block] queue size: 0, attempting up to 0 transactions this block    
2026-08-08T12:19:39.237560Z  WARN ThreadId(20) hotstuff_runner::app: Node 0 view(3517) far exceeds block count (879); potential sync issue    
2026-08-08T12:19:39.307105Z  WARN ThreadId(20) hotstuff_runner::app: Node 0 [produce_block] queue size: 2, attempting up to 2 transactions this block    
2026-08-08T12:19:39.309812Z  WARN ThreadId(20) hotstuff_runner::app: Node 0 view(3521) far exceeds block count (880); potential sync issue    
2026-08-08T12:19:39.412454Z  WARN ThreadId(20) hotstuff_runner::app: Node 0 [produce_block] queue size: 0, attempting up to 0 transactions this block    
2026-08-08T12:19:39.415620Z  WARN ThreadId(20) hotstuff_runner::app: Node 0 view(3525) far exceeds block count (881); potential sync issue    
2026-08-08T12:19:39.483562Z  WARN ThreadId(20) hotstuff_runner::app: Node 0 [produce_block] queue size: 2, attempting up to 2 transactions this block    
2026-08-08T12:19:39.483763Z  WARN ThreadId(20) hotstuff_runner::app: Node 0 view(3529) far exceeds block count (882); potential sync issue    
2026-08-08T12:19:39.581235Z  WARN ThreadId(20) hotstuff_runner::app: Node 0 [produce_block] queue size: 0, attempting up to 0 transactions this block    
2026-08-08T12:19:39.583214Z  WARN ThreadId(20) hotstuff_runner::app: Node 0 view(3533) far exceeds block count (883); potential sync issue    
2026-08-08T12:19:39.640404Z  WARN ThreadId(20) hotstuff_runner::app: Node 0 [produce_block] queue size: 0, attempting up to 0 transactions this block    
2026-08-08T12:19:39.647861Z  WARN ThreadId(20) hotstuff_runner::app: Node 0 view(3537) far exceeds block count (884); potential sync issue    
2026-08-08T12:19:39.706368Z  WARN ThreadId(20) hotstuff_runner::app: Node 0 [produce_block] queue size: 2, attempting up to 2 transactions this block    
2026-08-08T12:19:39.709499Z  WARN ThreadId(20) hotstuff_runner::app: Node 0 view(3541) far exceeds block count (885); potential sync issue    
2026-08-08T12:19:39.788955Z  WARN ThreadId(20) hotstuff_runner::app: Node 0 [produce_block] queue size: 0, attempting up to 0 transactions this block    
2026-08-08T12:19:39.789872Z  WARN ThreadId(20) hotstuff_runner::app: Node 0 view(3545) far exceeds block count (886); potential sync issue    
2026-08-08T12:19:39.851665Z  WARN ThreadId(20) hotstuff_runner::app: Node 0 [produce_block] queue size: 0, attempting up to 0 transactions this block    
2026-08-08T12:19:39.851778Z  WARN ThreadId(20) hotstuff_runner::app: Node 0 view(3549) far exceeds block count (887); potential sync issue    
2026-08-08T12:19:39.892317Z  WARN ThreadId(20) hotstuff_runner::app: Node 0 [produce_block] queue size: 2, attempting up to 2 transactions this block    
2026-08-08T12:19:39.896498Z  WARN ThreadId(20) hotstuff_runner::app: Node 0 view(3553) far exceeds block count (888); potential sync issue    
2026-08-08T12:19:39.986874Z  WARN ThreadId(20) hotstuff_runner::app: Node 0 [produce_block] queue size: 0, attempting up to 0 transactions this block    
2026-08-08T12:19:39.988283Z  WARN ThreadId(20) hotstuff_runner::app: Node 0 view(3557) far exceeds block count (889); potential sync issue    
2026-08-08T12:19:40.056415Z  WARN ThreadId(20) hotstuff_runner::app: Node 0 [produce_block] queue size: 0, attempting up to 0 transactions this block    
2026-08-08T12:19:40.058728Z  WARN ThreadId(20) hotstuff_runner::app: Node 0 view(3561) far exceeds block count (890); potential sync issue    
2026-08-08T12:19:40.145553Z  WARN ThreadId(20) hotstuff_runner::app: Node 0 [produce_block] queue size: 2, attempting up to 2 transactions this block    
2026-08-08T12:19:40.145758Z  WARN ThreadId(20) hotstuff_runner::app: Node 0 view(3565) far exceeds block count (891); potential sync issue    
2026-08-08T12:19:40.231628Z  WARN ThreadId(20) hotstuff_runner::app: Node 0 [produce_block] queue size: 0, attempting up to 0 transactions this block    
2026-08-08T12:19:40.234944Z  WARN ThreadId(20) hotstuff_runner::app: Node 0 view(3569) far exceeds block count (892); potential sync issue    
2026-08-08T12:19:40.319427Z  WARN ThreadId(20) hotstuff_runner::app: Node 0 [produce_block] queue size: 2, attempting up to 2 transactions this block    
2026-08-08T12:19:40.321779Z  WARN ThreadId(20) hotstuff_runner::app: Node 0 view(3573) far exceeds block count (893); potential sync issue    
2026-08-08T12:19:40.412413Z  WARN ThreadId(20) hotstuff_runner::app: Node 0 [produce_block] queue size: 0, attempting up to 0 transactions this block    
2026-08-08T12:19:40.412728Z  WARN ThreadId(20) hotstuff_runner::app: Node 0 view(3577) far exceeds block count (894); potential sync issue    
2026-08-08T12:19:40.478619Z  WARN ThreadId(20) hotstuff_runner::app: Node 0 [produce_block] queue size: 0, attempting up to 0 transactions this block    
2026-08-08T12:19:40.484864Z  WARN ThreadId(20) hotstuff_runner::app: Node 0 view(3581) far exceeds block count (895); potential sync issue    
2026-08-08T12:19:40.548467Z  WARN ThreadId(20) hotstuff_runner::app: Node 0 [produce_block] queue size: 2, attempting up to 2 transactions this block    
2026-08-08T12:19:40.550961Z  WARN ThreadId(20) hotstuff_runner::app: Node 0 view(3585) far exceeds block count (896); potential sync issue    
2026-08-08T12:19:40.616435Z  WARN ThreadId(20) hotstuff_runner::app: Node 0 [produce_block] queue size: 0, attempting up to 0 transactions this block    
2026-08-08T12:19:40.616614Z  WARN ThreadId(20) hotstuff_runner::app: Node 0 view(3589) far exceeds block count (897); potential sync issue    
2026-08-08T12:19:40.814699Z  WARN ThreadId(20) hotstuff_runner::app: Node 0 [produce_block] queue size: 2, attempting up to 2 transactions this block    
2026-08-08T12:19:40.816975Z  WARN ThreadId(20) hotstuff_runner::app: Node 0 view(3593) far exceeds block count (898); potential sync issue    
2026-08-08T12:19:40.933247Z  WARN ThreadId(20) hotstuff_runner::app: Node 0 [produce_block] queue size: 2, attempting up to 2 transactions this block    
2026-08-08T12:19:40.933882Z  WARN ThreadId(20) hotstuff_runner::app: Node 0 view(3597) far exceeds block count (899); potential sync issue    
2026-08-08T12:19:41.031376Z  WARN ThreadId(20) hotstuff_runner::app: Node 0 [produce_block] queue size: 0, attempting up to 0 transactions this block    
2026-08-08T12:19:41.031893Z  WARN ThreadId(20) hotstuff_runner::app: Node 0 view(3601) far exceeds block count (900); potential sync issue    
2026-08-08T12:19:41.150822Z  WARN ThreadId(20) hotstuff_runner::app: Node 0 [produce_block] queue size: 2, attempting up to 2 transactions this block    
2026-08-08T12:19:41.151033Z  WARN ThreadId(20) hotstuff_runner::app: Node 0 view(3605) far exceeds block count (901); potential sync issue    
2026-08-08T12:19:41.243750Z  WARN ThreadId(20) hotstuff_runner::app: Node 0 [produce_block] queue size: 0, attempting up to 0 transactions this block    
2026-08-08T12:19:41.246368Z  WARN ThreadId(20) hotstuff_runner::app: Node 0 view(3609) far exceeds block count (902); potential sync issue    
2026-08-08T12:19:41.296022Z  WARN ThreadId(20) hotstuff_runner::app: Node 0 [produce_block] queue size: 2, attempting up to 2 transactions this block    
2026-08-08T12:19:41.296807Z  WARN ThreadId(20) hotstuff_runner::app: Node 0 view(3613) far exceeds block count (903); potential sync issue    
2026-08-08T12:19:41.350764Z  WARN ThreadId(20) hotstuff_runner::app: Node 0 [produce_block] queue size: 0, attempting up to 0 transactions this block    
2026-08-08T12:19:41.351424Z  WARN ThreadId(20) hotstuff_runner::app: Node 0 view(3617) far exceeds block count (904); potential sync issue    
2026-08-08T12:19:41.433504Z  WARN ThreadId(20) hotstuff_runner::app: Node 0 [produce_block] queue size: 2, attempting up to 2 transactions this block    
2026-08-08T12:19:41.434127Z  WARN ThreadId(20) hotstuff_runner::app: Node 0 view(3621) far exceeds block count (905); potential sync issue    
2026-08-08T12:19:41.532393Z  WARN ThreadId(20) hotstuff_runner::app: Node 0 [produce_block] queue size: 0, attempting up to 0 transactions this block    
2026-08-08T12:19:41.532938Z  WARN ThreadId(20) hotstuff_runner::app: Node 0 view(3625) far exceeds block count (906); potential sync issue    
2026-08-08T12:19:41.601488Z  WARN ThreadId(20) hotstuff_runner::app: Node 0 [produce_block] queue size: 0, attempting up to 0 transactions this block    
2026-08-08T12:19:41.603107Z  WARN ThreadId(20) hotstuff_runner::app: Node 0 view(3629) far exceeds block count (907); potential sync issue    
2026-08-08T12:19:41.699711Z  WARN ThreadId(20) hotstuff_runner::app: Node 0 [produce_block] queue size: 2, attempting up to 2 transactions this block    
2026-08-08T12:19:41.700152Z  WARN ThreadId(20) hotstuff_runner::app: Node 0 view(3633) far exceeds block count (908); potential sync issue    
2026-08-08T12:19:41.783472Z  WARN ThreadId(20) hotstuff_runner::app: Node 0 [produce_block] queue size: 0, attempting up to 0 transactions this block    
2026-08-08T12:19:41.788604Z  WARN ThreadId(20) hotstuff_runner::app: Node 0 view(3637) far exceeds block count (909); potential sync issue    
2026-08-08T12:19:41.841905Z  WARN ThreadId(20) hotstuff_runner::app: Node 0 [produce_block] queue size: 2, attempting up to 2 transactions this block    
2026-08-08T12:19:41.843407Z  WARN ThreadId(20) hotstuff_runner::app: Node 0 view(3641) far exceeds block count (910); potential sync issue    
2026-08-08T12:19:41.955148Z  WARN ThreadId(20) hotstuff_runner::app: Node 0 [produce_block] queue size: 0, attempting up to 0 transactions this block    
2026-08-08T12:19:41.956014Z  WARN ThreadId(20) hotstuff_runner::app: Node 0 view(3645) far exceeds block count (911); potential sync issue    
2026-08-08T12:19:42.009063Z  WARN ThreadId(20) hotstuff_runner::app: Node 0 [produce_block] queue size: 2, attempting up to 2 transactions this block    
2026-08-08T12:19:42.016640Z  WARN ThreadId(20) hotstuff_runner::app: Node 0 view(3649) far exceeds block count (912); potential sync issue    
2026-08-08T12:19:42.139333Z  WARN ThreadId(20) hotstuff_runner::app: Node 0 [produce_block] queue size: 2, attempting up to 2 transactions this block    
2026-08-08T12:19:42.140896Z  WARN ThreadId(20) hotstuff_runner::app: Node 0 view(3653) far exceeds block count (913); potential sync issue    
2026-08-08T12:19:42.237665Z  WARN ThreadId(20) hotstuff_runner::app: Node 0 [produce_block] queue size: 0, attempting up to 0 transactions this block    
2026-08-08T12:19:42.237944Z  WARN ThreadId(20) hotstuff_runner::app: Node 0 view(3657) far exceeds block count (914); potential sync issue    
2026-08-08T12:19:42.348953Z  WARN ThreadId(20) hotstuff_runner::app: Node 0 [produce_block] queue size: 0, attempting up to 0 transactions this block    
2026-08-08T12:19:42.352376Z  WARN ThreadId(20) hotstuff_runner::app: Node 0 view(3661) far exceeds block count (915); potential sync issue    
2026-08-08T12:19:42.442112Z  WARN ThreadId(20) hotstuff_runner::app: Node 0 [produce_block] queue size: 2, attempting up to 2 transactions this block    
2026-08-08T12:19:42.452561Z  WARN ThreadId(20) hotstuff_runner::app: Node 0 view(3665) far exceeds block count (916); potential sync issue    
2026-08-08T12:19:42.555186Z  WARN ThreadId(20) hotstuff_runner::app: Node 0 [produce_block] queue size: 0, attempting up to 0 transactions this block    
2026-08-08T12:19:42.557944Z  WARN ThreadId(20) hotstuff_runner::app: Node 0 view(3669) far exceeds block count (917); potential sync issue    
2026-08-08T12:19:42.708510Z  WARN ThreadId(20) hotstuff_runner::app: Node 0 [produce_block] queue size: 2, attempting up to 2 transactions this block    
2026-08-08T12:19:42.708742Z  WARN ThreadId(20) hotstuff_runner::app: Node 0 view(3673) far exceeds block count (918); potential sync issue    
2026-08-08T12:19:42.792906Z  WARN ThreadId(20) hotstuff_runner::app: Node 0 [produce_block] queue size: 2, attempting up to 2 transactions this block    
2026-08-08T12:19:42.793311Z  WARN ThreadId(20) hotstuff_runner::app: Node 0 view(3677) far exceeds block count (919); potential sync issue    
2026-08-08T12:19:42.899141Z  WARN ThreadId(20) hotstuff_runner::app: Node 0 [produce_block] queue size: 0, attempting up to 0 transactions this block    
2026-08-08T12:19:42.900328Z  WARN ThreadId(20) hotstuff_runner::app: Node 0 view(3681) far exceeds block count (920); potential sync issue    
2026-08-08T12:19:42.980321Z  WARN ThreadId(20) hotstuff_runner::app: Node 0 [produce_block] queue size: 2, attempting up to 2 transactions this block    
2026-08-08T12:19:42.982647Z  WARN ThreadId(20) hotstuff_runner::app: Node 0 view(3685) far exceeds block count (921); potential sync issue    
2026-08-08T12:19:43.065643Z  WARN ThreadId(20) hotstuff_runner::app: Node 0 [produce_block] queue size: 0, attempting up to 0 transactions this block    
2026-08-08T12:19:43.066634Z  WARN ThreadId(20) hotstuff_runner::app: Node 0 view(3689) far exceeds block count (922); potential sync issue    
2026-08-08T12:19:43.134047Z  WARN ThreadId(20) hotstuff_runner::app: Node 0 [produce_block] queue size: 0, attempting up to 0 transactions this block    
2026-08-08T12:19:43.134982Z  WARN ThreadId(20) hotstuff_runner::app: Node 0 view(3693) far exceeds block count (923); potential sync issue    
2026-08-08T12:19:43.223299Z  WARN ThreadId(20) hotstuff_runner::app: Node 0 [produce_block] queue size: 2, attempting up to 2 transactions this block    
2026-08-08T12:19:43.230917Z  WARN ThreadId(20) hotstuff_runner::app: Node 0 view(3697) far exceeds block count (924); potential sync issue    
2026-08-08T12:19:43.362426Z  WARN ThreadId(20) hotstuff_runner::app: Node 0 [produce_block] queue size: 0, attempting up to 0 transactions this block    
2026-08-08T12:19:43.363475Z  WARN ThreadId(20) hotstuff_runner::app: Node 0 view(3701) far exceeds block count (925); potential sync issue    
2026-08-08T12:19:43.530647Z  WARN ThreadId(20) hotstuff_runner::app: Node 0 [produce_block] queue size: 2, attempting up to 2 transactions this block    
2026-08-08T12:19:43.533065Z  WARN ThreadId(20) hotstuff_runner::app: Node 0 view(3705) far exceeds block count (926); potential sync issue    
2026-08-08T12:19:43.606018Z  WARN ThreadId(20) hotstuff_runner::app: Node 0 [produce_block] queue size: 2, attempting up to 2 transactions this block    
2026-08-08T12:19:43.606303Z  WARN ThreadId(20) hotstuff_runner::app: Node 0 view(3709) far exceeds block count (927); potential sync issue    
2026-08-08T12:19:43.695274Z  WARN ThreadId(20) hotstuff_runner::app: Node 0 [produce_block] queue size: 0, attempting up to 0 transactions this block    
2026-08-08T12:19:43.695542Z  WARN ThreadId(20) hotstuff_runner::app: Node 0 view(3713) far exceeds block count (928); potential sync issue    
2026-08-08T12:19:43.814696Z  WARN ThreadId(20) hotstuff_runner::app: Node 0 [produce_block] queue size: 2, attempting up to 2 transactions this block    
2026-08-08T12:19:43.817121Z  WARN ThreadId(20) hotstuff_runner::app: Node 0 view(3717) far exceeds block count (929); potential sync issue    
2026-08-08T12:19:43.884047Z  WARN ThreadId(20) hotstuff_runner::app: Node 0 [produce_block] queue size: 0, attempting up to 0 transactions this block    
2026-08-08T12:19:43.884275Z  WARN ThreadId(20) hotstuff_runner::app: Node 0 view(3721) far exceeds block count (930); potential sync issue    
2026-08-08T12:19:43.963136Z  WARN ThreadId(20) hotstuff_runner::app: Node 0 [produce_block] queue size: 2, attempting up to 2 transactions this block    
2026-08-08T12:19:43.963846Z  WARN ThreadId(20) hotstuff_runner::app: Node 0 view(3725) far exceeds block count (931); potential sync issue    
2026-08-08T12:19:44.068696Z  WARN ThreadId(20) hotstuff_runner::app: Node 0 [produce_block] queue size: 0, attempting up to 0 transactions this block    
2026-08-08T12:19:44.068967Z  WARN ThreadId(20) hotstuff_runner::app: Node 0 view(3729) far exceeds block count (932); potential sync issue    
2026-08-08T12:19:44.138152Z  WARN ThreadId(20) hotstuff_runner::app: Node 0 [produce_block] queue size: 2, attempting up to 2 transactions this block    
2026-08-08T12:19:44.138453Z  WARN ThreadId(20) hotstuff_runner::app: Node 0 view(3733) far exceeds block count (933); potential sync issue    
2026-08-08T12:19:44.234790Z  WARN ThreadId(20) hotstuff_runner::app: Node 0 [produce_block] queue size: 0, attempting up to 0 transactions this block    
2026-08-08T12:19:44.237310Z  WARN ThreadId(20) hotstuff_runner::app: Node 0 view(3737) far exceeds block count (934); potential sync issue    
2026-08-08T12:19:44.301301Z  WARN ThreadId(20) hotstuff_runner::app: Node 0 [produce_block] queue size: 0, attempting up to 0 transactions this block    
2026-08-08T12:19:44.303005Z  WARN ThreadId(20) hotstuff_runner::app: Node 0 view(3741) far exceeds block count (935); potential sync issue    
2026-08-08T12:19:44.367057Z  WARN ThreadId(20) hotstuff_runner::app: Node 0 [produce_block] queue size: 2, attempting up to 2 transactions this block    
2026-08-08T12:19:44.367505Z  WARN ThreadId(20) hotstuff_runner::app: Node 0 view(3745) far exceeds block count (936); potential sync issue    
2026-08-08T12:19:44.423550Z  WARN ThreadId(20) hotstuff_runner::app: Node 0 [produce_block] queue size: 0, attempting up to 0 transactions this block    
2026-08-08T12:19:44.423898Z  WARN ThreadId(20) hotstuff_runner::app: Node 0 view(3749) far exceeds block count (937); potential sync issue    
2026-08-08T12:19:44.486002Z  WARN ThreadId(20) hotstuff_runner::app: Node 0 [produce_block] queue size: 0, attempting up to 0 transactions this block    
2026-08-08T12:19:44.486154Z  WARN ThreadId(20) hotstuff_runner::app: Node 0 view(3753) far exceeds block count (938); potential sync issue    
2026-08-08T12:19:44.540943Z  WARN ThreadId(20) hotstuff_runner::app: Node 0 [produce_block] queue size: 2, attempting up to 2 transactions this block    
2026-08-08T12:19:44.541516Z  WARN ThreadId(20) hotstuff_runner::app: Node 0 view(3757) far exceeds block count (939); potential sync issue    
2026-08-08T12:19:44.604116Z  WARN ThreadId(20) hotstuff_runner::app: Node 0 [produce_block] queue size: 0, attempting up to 0 transactions this block    
2026-08-08T12:19:44.604470Z  WARN ThreadId(20) hotstuff_runner::app: Node 0 view(3761) far exceeds block count (940); potential sync issue    
2026-08-08T12:19:44.658494Z  WARN ThreadId(20) hotstuff_runner::app: Node 0 [produce_block] queue size: 0, attempting up to 0 transactions this block    
2026-08-08T12:19:44.663398Z  WARN ThreadId(20) hotstuff_runner::app: Node 0 view(3765) far exceeds block count (941); potential sync issue    
2026-08-08T12:19:44.704340Z  WARN ThreadId(20) hotstuff_runner::app: Node 0 [produce_block] queue size: 0, attempting up to 0 transactions this block    
2026-08-08T12:19:44.707342Z  WARN ThreadId(20) hotstuff_runner::app: Node 0 view(3769) far exceeds block count (942); potential sync issue    
2026-08-08T12:19:44.781890Z  WARN ThreadId(20) hotstuff_runner::app: Node 0 [produce_block] queue size: 2, attempting up to 2 transactions this block    
2026-08-08T12:19:44.782291Z  WARN ThreadId(20) hotstuff_runner::app: Node 0 view(3773) far exceeds block count (943); potential sync issue    
2026-08-08T12:19:44.845314Z  WARN ThreadId(20) hotstuff_runner::app: Node 0 [produce_block] queue size: 0, attempting up to 0 transactions this block    
2026-08-08T12:19:44.845723Z  WARN ThreadId(20) hotstuff_runner::app: Node 0 view(3777) far exceeds block count (944); potential sync issue    
2026-08-08T12:19:44.912729Z  WARN ThreadId(20) hotstuff_runner::app: Node 0 [produce_block] queue size: 2, attempting up to 2 transactions this block    
2026-08-08T12:19:44.913420Z  WARN ThreadId(20) hotstuff_runner::app: Node 0 view(3781) far exceeds block count (945); potential sync issue    
2026-08-08T12:19:44.994930Z  WARN ThreadId(20) hotstuff_runner::app: Node 0 [produce_block] queue size: 0, attempting up to 0 transactions this block    
2026-08-08T12:19:44.995329Z  WARN ThreadId(20) hotstuff_runner::app: Node 0 view(3785) far exceeds block count (946); potential sync issue    
2026-08-08T12:19:45.078483Z  WARN ThreadId(20) hotstuff_runner::app: Node 0 [produce_block] queue size: 0, attempting up to 0 transactions this block    
2026-08-08T12:19:45.079061Z  WARN ThreadId(20) hotstuff_runner::app: Node 0 view(3789) far exceeds block count (947); potential sync issue    
2026-08-08T12:19:45.143838Z  WARN ThreadId(20) hotstuff_runner::app: Node 0 [produce_block] queue size: 2, attempting up to 2 transactions this block    
2026-08-08T12:19:45.144576Z  WARN ThreadId(20) hotstuff_runner::app: Node 0 view(3793) far exceeds block count (948); potential sync issue    
2026-08-08T12:19:45.222557Z  WARN ThreadId(20) hotstuff_runner::app: Node 0 [produce_block] queue size: 0, attempting up to 0 transactions this block    
2026-08-08T12:19:45.222970Z  WARN ThreadId(20) hotstuff_runner::app: Node 0 view(3797) far exceeds block count (949); potential sync issue    
2026-08-08T12:19:45.286179Z  WARN ThreadId(20) hotstuff_runner::app: Node 0 [produce_block] queue size: 2, attempting up to 2 transactions this block    
2026-08-08T12:19:45.286490Z  WARN ThreadId(20) hotstuff_runner::app: Node 0 view(3801) far exceeds block count (950); potential sync issue    
2026-08-08T12:19:45.390070Z  WARN ThreadId(20) hotstuff_runner::app: Node 0 [produce_block] queue size: 0, attempting up to 0 transactions this block    
2026-08-08T12:19:45.394913Z  WARN ThreadId(20) hotstuff_runner::app: Node 0 view(3805) far exceeds block count (951); potential sync issue    
2026-08-08T12:19:45.501131Z  WARN ThreadId(20) hotstuff_runner::app: Node 0 [produce_block] queue size: 2, attempting up to 2 transactions this block    
2026-08-08T12:19:45.502018Z  WARN ThreadId(20) hotstuff_runner::app: Node 0 view(3809) far exceeds block count (952); potential sync issue    
2026-08-08T12:19:45.604339Z  WARN ThreadId(20) hotstuff_runner::app: Node 0 [produce_block] queue size: 0, attempting up to 0 transactions this block    
2026-08-08T12:19:45.604602Z  WARN ThreadId(20) hotstuff_runner::app: Node 0 view(3813) far exceeds block count (953); potential sync issue    
2026-08-08T12:19:45.718024Z  WARN ThreadId(20) hotstuff_runner::app: Node 0 [produce_block] queue size: 2, attempting up to 2 transactions this block    
2026-08-08T12:19:45.718154Z  WARN ThreadId(20) hotstuff_runner::app: Node 0 view(3817) far exceeds block count (954); potential sync issue    
2026-08-08T12:19:45.827108Z  WARN ThreadId(20) hotstuff_runner::app: Node 0 [produce_block] queue size: 2, attempting up to 2 transactions this block    
2026-08-08T12:19:45.827337Z  WARN ThreadId(20) hotstuff_runner::app: Node 0 view(3821) far exceeds block count (955); potential sync issue    
2026-08-08T12:19:45.894432Z  WARN ThreadId(20) hotstuff_runner::app: Node 0 [produce_block] queue size: 0, attempting up to 0 transactions this block    
2026-08-08T12:19:45.894551Z  WARN ThreadId(20) hotstuff_runner::app: Node 0 view(3825) far exceeds block count (956); potential sync issue    
2026-08-08T12:19:45.961867Z  WARN ThreadId(20) hotstuff_runner::app: Node 0 [produce_block] queue size: 0, attempting up to 0 transactions this block    
2026-08-08T12:19:45.962161Z  WARN ThreadId(20) hotstuff_runner::app: Node 0 view(3829) far exceeds block count (957); potential sync issue    
2026-08-08T12:19:46.012341Z  WARN ThreadId(20) hotstuff_runner::app: Node 0 [produce_block] queue size: 2, attempting up to 2 transactions this block    
2026-08-08T12:19:46.012434Z  WARN ThreadId(20) hotstuff_runner::app: Node 0 view(3833) far exceeds block count (958); potential sync issue    
2026-08-08T12:19:46.104863Z  WARN ThreadId(20) hotstuff_runner::app: Node 0 [produce_block] queue size: 0, attempting up to 0 transactions this block    
2026-08-08T12:19:46.104976Z  WARN ThreadId(20) hotstuff_runner::app: Node 0 view(3837) far exceeds block count (959); potential sync issue    
2026-08-08T12:19:46.165095Z  WARN ThreadId(20) hotstuff_runner::app: Node 0 [produce_block] queue size: 0, attempting up to 0 transactions this block    
2026-08-08T12:19:46.165263Z  WARN ThreadId(20) hotstuff_runner::app: Node 0 view(3841) far exceeds block count (960); potential sync issue    
2026-08-08T12:19:46.240663Z  WARN ThreadId(20) hotstuff_runner::app: Node 0 [produce_block] queue size: 2, attempting up to 2 transactions this block    
2026-08-08T12:19:46.241309Z  WARN ThreadId(20) hotstuff_runner::app: Node 0 view(3845) far exceeds block count (961); potential sync issue    
2026-08-08T12:19:46.324003Z  WARN ThreadId(20) hotstuff_runner::app: Node 0 [produce_block] queue size: 0, attempting up to 0 transactions this block    
2026-08-08T12:19:46.331520Z  WARN ThreadId(20) hotstuff_runner::app: Node 0 view(3849) far exceeds block count (962); potential sync issue    
2026-08-08T12:19:46.381400Z  WARN ThreadId(20) hotstuff_runner::app: Node 0 [produce_block] queue size: 0, attempting up to 0 transactions this block    
2026-08-08T12:19:46.381748Z  WARN ThreadId(20) hotstuff_runner::app: Node 0 view(3853) far exceeds block count (963); potential sync issue    
2026-08-08T12:19:46.432863Z  WARN ThreadId(20) hotstuff_runner::app: Node 0 [produce_block] queue size: 0, attempting up to 0 transactions this block    
2026-08-08T12:19:46.433574Z  WARN ThreadId(20) hotstuff_runner::app: Node 0 view(3857) far exceeds block count (964); potential sync issue    
2026-08-08T12:19:46.521091Z  WARN ThreadId(20) hotstuff_runner::app: Node 0 [produce_block] queue size: 2, attempting up to 2 transactions this block    
2026-08-08T12:19:46.521213Z  WARN ThreadId(20) hotstuff_runner::app: Node 0 view(3861) far exceeds block count (965); potential sync issue    
2026-08-08T12:19:46.588133Z  WARN ThreadId(20) hotstuff_runner::app: Node 0 [produce_block] queue size: 0, attempting up to 0 transactions this block    
2026-08-08T12:19:46.588347Z  WARN ThreadId(20) hotstuff_runner::app: Node 0 view(3865) far exceeds block count (966); potential sync issue    
2026-08-08T12:19:46.650297Z  WARN ThreadId(20) hotstuff_runner::app: Node 0 [produce_block] queue size: 0, attempting up to 0 transactions this block    
2026-08-08T12:19:46.650896Z  WARN ThreadId(20) hotstuff_runner::app: Node 0 view(3869) far exceeds block count (967); potential sync issue    
2026-08-08T12:19:46.720722Z  WARN ThreadId(20) hotstuff_runner::app: Node 0 [produce_block] queue size: 2, attempting up to 2 transactions this block    
2026-08-08T12:19:46.725863Z  WARN ThreadId(20) hotstuff_runner::app: Node 0 view(3873) far exceeds block count (968); potential sync issue    
2026-08-08T12:19:46.799124Z  WARN ThreadId(20) hotstuff_runner::app: Node 0 [produce_block] queue size: 0, attempting up to 0 transactions this block    
2026-08-08T12:19:46.819784Z  WARN ThreadId(20) hotstuff_runner::app: Node 0 view(3877) far exceeds block count (969); potential sync issue    
2026-08-08T12:19:46.895029Z  WARN ThreadId(20) hotstuff_runner::app: Node 0 [produce_block] queue size: 2, attempting up to 2 transactions this block    
2026-08-08T12:19:46.895890Z  WARN ThreadId(20) hotstuff_runner::app: Node 0 view(3881) far exceeds block count (970); potential sync issue    
2026-08-08T12:19:46.956879Z  WARN ThreadId(20) hotstuff_runner::app: Node 0 [produce_block] queue size: 0, attempting up to 0 transactions this block    
2026-08-08T12:19:46.957644Z  WARN ThreadId(20) hotstuff_runner::app: Node 0 view(3885) far exceeds block count (971); potential sync issue    
2026-08-08T12:19:47.026864Z  WARN ThreadId(20) hotstuff_runner::app: Node 0 [produce_block] queue size: 0, attempting up to 0 transactions this block    
2026-08-08T12:19:47.033282Z  WARN ThreadId(20) hotstuff_runner::app: Node 0 view(3889) far exceeds block count (972); potential sync issue    
2026-08-08T12:19:47.120507Z  WARN ThreadId(20) hotstuff_runner::app: Node 0 [produce_block] queue size: 2, attempting up to 2 transactions this block    
2026-08-08T12:19:47.122649Z  WARN ThreadId(20) hotstuff_runner::app: Node 0 view(3893) far exceeds block count (973); potential sync issue    
2026-08-08T12:19:47.198932Z  WARN ThreadId(20) hotstuff_runner::app: Node 0 [produce_block] queue size: 0, attempting up to 0 transactions this block    
2026-08-08T12:19:47.199370Z  WARN ThreadId(20) hotstuff_runner::app: Node 0 view(3897) far exceeds block count (974); potential sync issue    
2026-08-08T12:19:47.278037Z  WARN ThreadId(20) hotstuff_runner::app: Node 0 [produce_block] queue size: 2, attempting up to 2 transactions this block    
2026-08-08T12:19:47.283357Z  WARN ThreadId(20) hotstuff_runner::app: Node 0 view(3901) far exceeds block count (975); potential sync issue    
2026-08-08T12:19:47.380304Z  WARN ThreadId(20) hotstuff_runner::app: Node 0 [produce_block] queue size: 0, attempting up to 0 transactions this block    
2026-08-08T12:19:47.380950Z  WARN ThreadId(20) hotstuff_runner::app: Node 0 view(3905) far exceeds block count (976); potential sync issue    
2026-08-08T12:19:47.478052Z  WARN ThreadId(20) hotstuff_runner::app: Node 0 [produce_block] queue size: 0, attempting up to 0 transactions this block    
2026-08-08T12:19:47.478997Z  WARN ThreadId(20) hotstuff_runner::app: Node 0 view(3909) far exceeds block count (977); potential sync issue    
2026-08-08T12:19:47.588473Z  WARN ThreadId(20) hotstuff_runner::app: Node 0 [produce_block] queue size: 2, attempting up to 2 transactions this block    
2026-08-08T12:19:47.589867Z  WARN ThreadId(20) hotstuff_runner::app: Node 0 view(3913) far exceeds block count (978); potential sync issue    
2026-08-08T12:19:47.673164Z  WARN ThreadId(20) hotstuff_runner::app: Node 0 [produce_block] queue size: 0, attempting up to 0 transactions this block    
2026-08-08T12:19:47.673974Z  WARN ThreadId(20) hotstuff_runner::app: Node 0 view(3917) far exceeds block count (979); potential sync issue    
2026-08-08T12:19:47.746417Z  WARN ThreadId(20) hotstuff_runner::app: Node 0 [produce_block] queue size: 2, attempting up to 2 transactions this block    
2026-08-08T12:19:47.754556Z  WARN ThreadId(20) hotstuff_runner::app: Node 0 view(3921) far exceeds block count (980); potential sync issue    
2026-08-08T12:19:47.855980Z  WARN ThreadId(20) hotstuff_runner::app: Node 0 [produce_block] queue size: 0, attempting up to 0 transactions this block    
2026-08-08T12:19:47.865409Z  WARN ThreadId(20) hotstuff_runner::app: Node 0 view(3925) far exceeds block count (981); potential sync issue    
2026-08-08T12:19:47.941207Z  WARN ThreadId(20) hotstuff_runner::app: Node 0 [produce_block] queue size: 2, attempting up to 2 transactions this block    
2026-08-08T12:19:47.947460Z  WARN ThreadId(20) hotstuff_runner::app: Node 0 view(3929) far exceeds block count (982); potential sync issue    
2026-08-08T12:19:48.056922Z  WARN ThreadId(20) hotstuff_runner::app: Node 0 [produce_block] queue size: 0, attempting up to 0 transactions this block    
2026-08-08T12:19:48.066514Z  WARN ThreadId(20) hotstuff_runner::app: Node 0 view(3933) far exceeds block count (983); potential sync issue    
2026-08-08T12:19:48.174932Z  WARN ThreadId(20) hotstuff_runner::app: Node 0 [produce_block] queue size: 2, attempting up to 2 transactions this block    
2026-08-08T12:19:48.182581Z  WARN ThreadId(20) hotstuff_runner::app: Node 0 view(3937) far exceeds block count (984); potential sync issue    
2026-08-08T12:19:48.290676Z  WARN ThreadId(20) hotstuff_runner::app: Node 0 [produce_block] queue size: 2, attempting up to 2 transactions this block    
2026-08-08T12:19:48.290807Z  WARN ThreadId(20) hotstuff_runner::app: Node 0 view(3941) far exceeds block count (985); potential sync issue    
2026-08-08T12:19:48.406466Z  WARN ThreadId(20) hotstuff_runner::app: Node 0 [produce_block] queue size: 0, attempting up to 0 transactions this block    
2026-08-08T12:19:48.413374Z  WARN ThreadId(20) hotstuff_runner::app: Node 0 view(3945) far exceeds block count (986); potential sync issue    
2026-08-08T12:19:48.460013Z  WARN ThreadId(20) hotstuff_runner::app: Node 0 [produce_block] queue size: 2, attempting up to 2 transactions this block    
2026-08-08T12:19:48.464743Z  WARN ThreadId(20) hotstuff_runner::app: Node 0 view(3949) far exceeds block count (987); potential sync issue    
2026-08-08T12:19:48.575103Z  WARN ThreadId(20) hotstuff_runner::app: Node 0 [produce_block] queue size: 0, attempting up to 0 transactions this block    
2026-08-08T12:19:48.576002Z  WARN ThreadId(20) hotstuff_runner::app: Node 0 view(3953) far exceeds block count (988); potential sync issue    
2026-08-08T12:19:48.673257Z  WARN ThreadId(20) hotstuff_runner::app: Node 0 [produce_block] queue size: 2, attempting up to 2 transactions this block    
2026-08-08T12:19:48.673837Z  WARN ThreadId(20) hotstuff_runner::app: Node 0 view(3957) far exceeds block count (989); potential sync issue    
2026-08-08T12:19:48.733682Z  WARN ThreadId(20) hotstuff_runner::app: Node 0 [produce_block] queue size: 0, attempting up to 0 transactions this block    
2026-08-08T12:19:48.734152Z  WARN ThreadId(20) hotstuff_runner::app: Node 0 view(3961) far exceeds block count (990); potential sync issue    
2026-08-08T12:19:48.797984Z  WARN ThreadId(20) hotstuff_runner::app: Node 0 [produce_block] queue size: 0, attempting up to 0 transactions this block    
2026-08-08T12:19:48.798905Z  WARN ThreadId(20) hotstuff_runner::app: Node 0 view(3965) far exceeds block count (991); potential sync issue    
2026-08-08T12:19:48.875762Z  WARN ThreadId(20) hotstuff_runner::app: Node 0 [produce_block] queue size: 2, attempting up to 2 transactions this block    
2026-08-08T12:19:48.876028Z  WARN ThreadId(20) hotstuff_runner::app: Node 0 view(3969) far exceeds block count (992); potential sync issue    
2026-08-08T12:19:48.974840Z  WARN ThreadId(20) hotstuff_runner::app: Node 0 [produce_block] queue size: 0, attempting up to 0 transactions this block    
2026-08-08T12:19:48.977174Z  WARN ThreadId(20) hotstuff_runner::app: Node 0 view(3973) far exceeds block count (993); potential sync issue    
2026-08-08T12:19:49.061800Z  WARN ThreadId(20) hotstuff_runner::app: Node 0 [produce_block] queue size: 2, attempting up to 2 transactions this block    
2026-08-08T12:19:49.062876Z  WARN ThreadId(20) hotstuff_runner::app: Node 0 view(3977) far exceeds block count (994); potential sync issue    
2026-08-08T12:19:49.158938Z  WARN ThreadId(20) hotstuff_runner::app: Node 0 [produce_block] queue size: 0, attempting up to 0 transactions this block    
2026-08-08T12:19:49.159490Z  WARN ThreadId(20) hotstuff_runner::app: Node 0 view(3981) far exceeds block count (995); potential sync issue    
2026-08-08T12:19:49.299941Z  WARN ThreadId(20) hotstuff_runner::app: Node 0 [produce_block] queue size: 2, attempting up to 2 transactions this block    
2026-08-08T12:19:49.300959Z  WARN ThreadId(20) hotstuff_runner::app: Node 0 view(3985) far exceeds block count (996); potential sync issue    
2026-08-08T12:19:49.387206Z  WARN ThreadId(20) hotstuff_runner::app: Node 0 [produce_block] queue size: 0, attempting up to 0 transactions this block    
2026-08-08T12:19:49.387389Z  WARN ThreadId(20) hotstuff_runner::app: Node 0 view(3989) far exceeds block count (997); potential sync issue    
2026-08-08T12:19:49.472211Z  WARN ThreadId(20) hotstuff_runner::app: Node 0 [produce_block] queue size: 0, attempting up to 0 transactions this block    
2026-08-08T12:19:49.472882Z  WARN ThreadId(20) hotstuff_runner::app: Node 0 view(3993) far exceeds block count (998); potential sync issue    
2026-08-08T12:19:49.553429Z  WARN ThreadId(20) hotstuff_runner::app: Node 0 [produce_block] queue size: 2, attempting up to 2 transactions this block    
2026-08-08T12:19:49.554602Z  WARN ThreadId(20) hotstuff_runner::app: Node 0 view(3997) far exceeds block count (999); potential sync issue    
2026-08-08T12:19:49.638570Z  WARN ThreadId(20) hotstuff_runner::app: Node 0 [produce_block] queue size: 0, attempting up to 0 transactions this block    
2026-08-08T12:19:49.638816Z  WARN ThreadId(20) hotstuff_runner::app: Node 0 view(4001) far exceeds block count (1000); potential sync issue    
2026-08-08T12:19:49.709586Z  WARN ThreadId(20) hotstuff_runner::app: Node 0 [produce_block] queue size: 2, attempting up to 2 transactions this block    
2026-08-08T12:19:49.710799Z  WARN ThreadId(20) hotstuff_runner::app: Node 0 view(4005) far exceeds block count (1001); potential sync issue    
2026-08-08T12:19:49.777039Z  WARN ThreadId(20) hotstuff_runner::app: Node 0 [produce_block] queue size: 0, attempting up to 0 transactions this block    
2026-08-08T12:19:49.778023Z  WARN ThreadId(20) hotstuff_runner::app: Node 0 view(4009) far exceeds block count (1002); potential sync issue    
2026-08-08T12:19:49.905978Z  WARN ThreadId(20) hotstuff_runner::app: Node 0 [produce_block] queue size: 0, attempting up to 0 transactions this block    
2026-08-08T12:19:49.910556Z  WARN ThreadId(20) hotstuff_runner::app: Node 0 view(4013) far exceeds block count (1003); potential sync issue    
2026-08-08T12:19:50.014465Z  WARN ThreadId(20) hotstuff_runner::app: Node 0 [produce_block] queue size: 0, attempting up to 0 transactions this block    
2026-08-08T12:19:50.015438Z  WARN ThreadId(20) hotstuff_runner::app: Node 0 view(4017) far exceeds block count (1004); potential sync issue    
2026-08-08T12:19:50.104784Z  WARN ThreadId(20) hotstuff_runner::app: Node 0 [produce_block] queue size: 2, attempting up to 2 transactions this block    
2026-08-08T12:19:50.105206Z  WARN ThreadId(20) hotstuff_runner::app: Node 0 view(4021) far exceeds block count (1005); potential sync issue    
2026-08-08T12:19:50.332784Z  WARN ThreadId(20) hotstuff_runner::app: Node 0 [produce_block] queue size: 2, attempting up to 2 transactions this block    
2026-08-08T12:19:50.333996Z  WARN ThreadId(20) hotstuff_runner::app: Node 0 view(4025) far exceeds block count (1006); potential sync issue    
2026-08-08T12:19:50.397454Z  WARN ThreadId(20) hotstuff_runner::app: Node 0 [produce_block] queue size: 0, attempting up to 0 transactions this block    
2026-08-08T12:19:50.400226Z  WARN ThreadId(20) hotstuff_runner::app: Node 0 view(4029) far exceeds block count (1007); potential sync issue    
2026-08-08T12:19:50.484997Z  WARN ThreadId(20) hotstuff_runner::app: Node 0 [produce_block] queue size: 2, attempting up to 2 transactions this block    
2026-08-08T12:19:50.485466Z  WARN ThreadId(20) hotstuff_runner::app: Node 0 view(4033) far exceeds block count (1008); potential sync issue    
2026-08-08T12:19:50.534324Z  WARN ThreadId(20) hotstuff_runner::app: Node 0 [produce_block] queue size: 0, attempting up to 0 transactions this block    
2026-08-08T12:19:50.534380Z  WARN ThreadId(20) hotstuff_runner::app: Node 0 view(4037) far exceeds block count (1009); potential sync issue    
2026-08-08T12:19:50.604933Z  WARN ThreadId(20) hotstuff_runner::app: Node 0 [produce_block] queue size: 0, attempting up to 0 transactions this block    
2026-08-08T12:19:50.610081Z  WARN ThreadId(20) hotstuff_runner::app: Node 0 view(4041) far exceeds block count (1010); potential sync issue    
2026-08-08T12:19:50.705522Z  WARN ThreadId(20) hotstuff_runner::app: Node 0 [produce_block] queue size: 2, attempting up to 2 transactions this block    
2026-08-08T12:19:50.706017Z  WARN ThreadId(20) hotstuff_runner::app: Node 0 view(4045) far exceeds block count (1011); potential sync issue    
2026-08-08T12:19:50.803161Z  WARN ThreadId(20) hotstuff_runner::app: Node 0 [produce_block] queue size: 0, attempting up to 0 transactions this block    
2026-08-08T12:19:50.803981Z  WARN ThreadId(20) hotstuff_runner::app: Node 0 view(4049) far exceeds block count (1012); potential sync issue    
2026-08-08T12:19:50.886866Z  WARN ThreadId(20) hotstuff_runner::app: Node 0 [produce_block] queue size: 2, attempting up to 2 transactions this block    
2026-08-08T12:19:50.887968Z  WARN ThreadId(20) hotstuff_runner::app: Node 0 view(4053) far exceeds block count (1013); potential sync issue    
2026-08-08T12:19:50.948059Z  WARN ThreadId(20) hotstuff_runner::app: Node 0 [produce_block] queue size: 0, attempting up to 0 transactions this block    
2026-08-08T12:19:50.949369Z  WARN ThreadId(20) hotstuff_runner::app: Node 0 view(4057) far exceeds block count (1014); potential sync issue    
2026-08-08T12:19:51.135204Z  WARN ThreadId(20) hotstuff_runner::app: Node 0 [produce_block] queue size: 2, attempting up to 2 transactions this block    
2026-08-08T12:19:51.135650Z  WARN ThreadId(20) hotstuff_runner::app: Node 0 view(4061) far exceeds block count (1015); potential sync issue    
2026-08-08T12:19:51.227178Z  WARN ThreadId(20) hotstuff_runner::app: Node 0 [produce_block] queue size: 0, attempting up to 0 transactions this block    
2026-08-08T12:19:51.227503Z  WARN ThreadId(20) hotstuff_runner::app: Node 0 view(4065) far exceeds block count (1016); potential sync issue    
2026-08-08T12:19:51.307728Z  WARN ThreadId(20) hotstuff_runner::app: Node 0 [produce_block] queue size: 2, attempting up to 2 transactions this block    
2026-08-08T12:19:51.308222Z  WARN ThreadId(20) hotstuff_runner::app: Node 0 view(4069) far exceeds block count (1017); potential sync issue    
2026-08-08T12:19:51.425460Z  WARN ThreadId(20) hotstuff_runner::app: Node 0 [produce_block] queue size: 0, attempting up to 0 transactions this block    
2026-08-08T12:19:51.429161Z  WARN ThreadId(20) hotstuff_runner::app: Node 0 view(4073) far exceeds block count (1018); potential sync issue    
2026-08-08T12:19:51.543408Z  WARN ThreadId(20) hotstuff_runner::app: Node 0 [produce_block] queue size: 2, attempting up to 2 transactions this block    
2026-08-08T12:19:51.546077Z  WARN ThreadId(20) hotstuff_runner::app: Node 0 view(4077) far exceeds block count (1019); potential sync issue    
2026-08-08T12:19:51.658640Z  WARN ThreadId(20) hotstuff_runner::app: Node 0 [produce_block] queue size: 0, attempting up to 0 transactions this block    
2026-08-08T12:19:51.659437Z  WARN ThreadId(20) hotstuff_runner::app: Node 0 view(4081) far exceeds block count (1020); potential sync issue    
2026-08-08T12:19:51.801035Z  WARN ThreadId(20) hotstuff_runner::app: Node 0 [produce_block] queue size: 2, attempting up to 2 transactions this block    
2026-08-08T12:19:51.803366Z  WARN ThreadId(20) hotstuff_runner::app: Node 0 view(4085) far exceeds block count (1021); potential sync issue    
2026-08-08T12:19:51.892355Z  WARN ThreadId(20) hotstuff_runner::app: Node 0 [produce_block] queue size: 0, attempting up to 0 transactions this block    
2026-08-08T12:19:51.941136Z  WARN ThreadId(20) hotstuff_runner::app: Node 0 view(4089) far exceeds block count (1022); potential sync issue    
2026-08-08T12:19:52.009560Z  WARN ThreadId(20) hotstuff_runner::app: Node 0 [produce_block] queue size: 2, attempting up to 2 transactions this block    
2026-08-08T12:19:52.010735Z  WARN ThreadId(20) hotstuff_runner::app: Node 0 view(4093) far exceeds block count (1023); potential sync issue    
2026-08-08T12:19:52.115479Z  WARN ThreadId(20) hotstuff_runner::app: Node 0 [produce_block] queue size: 0, attempting up to 0 transactions this block    
2026-08-08T12:19:52.133532Z  WARN ThreadId(20) hotstuff_runner::app: Node 0 view(4097) far exceeds block count (1024); potential sync issue    
2026-08-08T12:19:52.218099Z  WARN ThreadId(20) hotstuff_runner::app: Node 0 [produce_block] queue size: 2, attempting up to 2 transactions this block    
2026-08-08T12:19:52.219418Z  WARN ThreadId(20) hotstuff_runner::app: Node 0 view(4101) far exceeds block count (1025); potential sync issue    
2026-08-08T12:19:52.294649Z  WARN ThreadId(20) hotstuff_runner::app: Node 0 [produce_block] queue size: 0, attempting up to 0 transactions this block    
2026-08-08T12:19:52.295627Z  WARN ThreadId(20) hotstuff_runner::app: Node 0 view(4105) far exceeds block count (1026); potential sync issue    
2026-08-08T12:19:52.349487Z  WARN ThreadId(20) hotstuff_runner::app: Node 0 [produce_block] queue size: 2, attempting up to 2 transactions this block    
2026-08-08T12:19:52.350018Z  WARN ThreadId(20) hotstuff_runner::app: Node 0 view(4109) far exceeds block count (1027); potential sync issue    
2026-08-08T12:19:52.409672Z  WARN ThreadId(20) hotstuff_runner::app: Node 0 [produce_block] queue size: 0, attempting up to 0 transactions this block    
2026-08-08T12:19:52.410543Z  WARN ThreadId(20) hotstuff_runner::app: Node 0 view(4113) far exceeds block count (1028); potential sync issue    
2026-08-08T12:19:52.476050Z  WARN ThreadId(20) hotstuff_runner::app: Node 0 [produce_block] queue size: 0, attempting up to 0 transactions this block    
2026-08-08T12:19:52.476643Z  WARN ThreadId(20) hotstuff_runner::app: Node 0 view(4117) far exceeds block count (1029); potential sync issue    
2026-08-08T12:19:52.563287Z  WARN ThreadId(20) hotstuff_runner::app: Node 0 [produce_block] queue size: 2, attempting up to 2 transactions this block    
2026-08-08T12:19:52.564292Z  WARN ThreadId(20) hotstuff_runner::app: Node 0 view(4121) far exceeds block count (1030); potential sync issue    
2026-08-08T12:19:52.659424Z  WARN ThreadId(20) hotstuff_runner::app: Node 0 [produce_block] queue size: 0, attempting up to 0 transactions this block    
2026-08-08T12:19:52.660347Z  WARN ThreadId(20) hotstuff_runner::app: Node 0 view(4125) far exceeds block count (1031); potential sync issue    
2026-08-08T12:19:52.720216Z  WARN ThreadId(20) hotstuff_runner::app: Node 0 [produce_block] queue size: 0, attempting up to 0 transactions this block    
2026-08-08T12:19:52.721270Z  WARN ThreadId(20) hotstuff_runner::app: Node 0 view(4129) far exceeds block count (1032); potential sync issue    
2026-08-08T12:19:52.818613Z  WARN ThreadId(20) hotstuff_runner::app: Node 0 [produce_block] queue size: 2, attempting up to 2 transactions this block    
2026-08-08T12:19:52.827114Z  WARN ThreadId(20) hotstuff_runner::app: Node 0 view(4133) far exceeds block count (1033); potential sync issue    
2026-08-08T12:19:52.969590Z  WARN ThreadId(20) hotstuff_runner::app: Node 0 [produce_block] queue size: 0, attempting up to 0 transactions this block    
2026-08-08T12:19:52.969903Z  WARN ThreadId(20) hotstuff_runner::app: Node 0 view(4137) far exceeds block count (1034); potential sync issue    
2026-08-08T12:19:53.050747Z  WARN ThreadId(20) hotstuff_runner::app: Node 0 [produce_block] queue size: 2, attempting up to 2 transactions this block    
2026-08-08T12:19:53.054819Z  WARN ThreadId(20) hotstuff_runner::app: Node 0 view(4141) far exceeds block count (1035); potential sync issue    
2026-08-08T12:19:53.122167Z  WARN ThreadId(20) hotstuff_runner::app: Node 0 [produce_block] queue size: 0, attempting up to 0 transactions this block    
2026-08-08T12:19:53.122882Z  WARN ThreadId(20) hotstuff_runner::app: Node 0 view(4145) far exceeds block count (1036); potential sync issue    
2026-08-08T12:19:53.181392Z  WARN ThreadId(20) hotstuff_runner::app: Node 0 [produce_block] queue size: 0, attempting up to 0 transactions this block    
2026-08-08T12:19:53.182707Z  WARN ThreadId(20) hotstuff_runner::app: Node 0 view(4149) far exceeds block count (1037); potential sync issue    
2026-08-08T12:19:53.267868Z  WARN ThreadId(20) hotstuff_runner::app: Node 0 [produce_block] queue size: 2, attempting up to 2 transactions this block    
2026-08-08T12:19:53.268807Z  WARN ThreadId(20) hotstuff_runner::app: Node 0 view(4153) far exceeds block count (1038); potential sync issue    
2026-08-08T12:19:53.383244Z  WARN ThreadId(20) hotstuff_runner::app: Node 0 [produce_block] queue size: 0, attempting up to 0 transactions this block    
2026-08-08T12:19:53.383594Z  WARN ThreadId(20) hotstuff_runner::app: Node 0 view(4157) far exceeds block count (1039); potential sync issue    
2026-08-08T12:19:53.439563Z  WARN ThreadId(20) hotstuff_runner::app: Node 0 [produce_block] queue size: 0, attempting up to 0 transactions this block    
2026-08-08T12:19:53.440379Z  WARN ThreadId(20) hotstuff_runner::app: Node 0 view(4161) far exceeds block count (1040); potential sync issue    
2026-08-08T12:19:53.525467Z  WARN ThreadId(20) hotstuff_runner::app: Node 0 [produce_block] queue size: 2, attempting up to 2 transactions this block    
2026-08-08T12:19:53.526876Z  WARN ThreadId(20) hotstuff_runner::app: Node 0 view(4165) far exceeds block count (1041); potential sync issue    
2026-08-08T12:19:53.679668Z  WARN ThreadId(20) hotstuff_runner::app: Node 0 [produce_block] queue size: 2, attempting up to 2 transactions this block    
2026-08-08T12:19:53.680256Z  WARN ThreadId(20) hotstuff_runner::app: Node 0 view(4169) far exceeds block count (1042); potential sync issue    
2026-08-08T12:19:53.843530Z  WARN ThreadId(20) hotstuff_runner::app: Node 0 [produce_block] queue size: 0, attempting up to 0 transactions this block    
2026-08-08T12:19:53.851880Z  WARN ThreadId(20) hotstuff_runner::app: Node 0 view(4173) far exceeds block count (1043); potential sync issue    
2026-08-08T12:19:54.018489Z  WARN ThreadId(20) hotstuff_runner::app: Node 0 [produce_block] queue size: 2, attempting up to 2 transactions this block    
2026-08-08T12:19:54.027930Z  WARN ThreadId(20) hotstuff_runner::app: Node 0 view(4177) far exceeds block count (1044); potential sync issue    
2026-08-08T12:19:54.109563Z  WARN ThreadId(20) hotstuff_runner::app: Node 0 [produce_block] queue size: 2, attempting up to 2 transactions this block    
2026-08-08T12:19:54.111873Z  WARN ThreadId(20) hotstuff_runner::app: Node 0 view(4181) far exceeds block count (1045); potential sync issue    
2026-08-08T12:19:54.211950Z  WARN ThreadId(20) hotstuff_runner::app: Node 0 [produce_block] queue size: 0, attempting up to 0 transactions this block    
2026-08-08T12:19:54.222612Z  WARN ThreadId(20) hotstuff_runner::app: Node 0 view(4185) far exceeds block count (1046); potential sync issue    
2026-08-08T12:19:54.327528Z  WARN ThreadId(20) hotstuff_runner::app: Node 0 [produce_block] queue size: 2, attempting up to 2 transactions this block    
2026-08-08T12:19:54.328127Z  WARN ThreadId(20) hotstuff_runner::app: Node 0 view(4189) far exceeds block count (1047); potential sync issue    
2026-08-08T12:19:54.453471Z  WARN ThreadId(20) hotstuff_runner::app: Node 0 [produce_block] queue size: 0, attempting up to 0 transactions this block    
2026-08-08T12:19:54.459183Z  WARN ThreadId(20) hotstuff_runner::app: Node 0 view(4193) far exceeds block count (1048); potential sync issue    
2026-08-08T12:19:54.563559Z  WARN ThreadId(20) hotstuff_runner::app: Node 0 [produce_block] queue size: 2, attempting up to 2 transactions this block    
2026-08-08T12:19:54.565975Z  WARN ThreadId(20) hotstuff_runner::app: Node 0 view(4197) far exceeds block count (1049); potential sync issue    
2026-08-08T12:19:54.662546Z  WARN ThreadId(20) hotstuff_runner::app: Node 0 [produce_block] queue size: 2, attempting up to 2 transactions this block    
2026-08-08T12:19:54.666947Z  WARN ThreadId(20) hotstuff_runner::app: Node 0 view(4201) far exceeds block count (1050); potential sync issue    
2026-08-08T12:19:54.869291Z  WARN ThreadId(20) hotstuff_runner::app: Node 0 [produce_block] queue size: 2, attempting up to 2 transactions this block    
2026-08-08T12:19:54.869672Z  WARN ThreadId(20) hotstuff_runner::app: Node 0 view(4205) far exceeds block count (1051); potential sync issue    
2026-08-08T12:19:54.968402Z  WARN ThreadId(20) hotstuff_runner::app: Node 0 [produce_block] queue size: 0, attempting up to 0 transactions this block    
2026-08-08T12:19:54.968845Z  WARN ThreadId(20) hotstuff_runner::app: Node 0 view(4209) far exceeds block count (1052); potential sync issue    
2026-08-08T12:19:55.031585Z  WARN ThreadId(20) hotstuff_runner::app: Node 0 [produce_block] queue size: 0, attempting up to 0 transactions this block    
2026-08-08T12:19:55.031903Z  WARN ThreadId(20) hotstuff_runner::app: Node 0 view(4213) far exceeds block count (1053); potential sync issue    
2026-08-08T12:19:55.122373Z  WARN ThreadId(20) hotstuff_runner::app: Node 0 [produce_block] queue size: 2, attempting up to 2 transactions this block    
2026-08-08T12:19:55.122653Z  WARN ThreadId(20) hotstuff_runner::app: Node 0 view(4217) far exceeds block count (1054); potential sync issue    
2026-08-08T12:19:55.197046Z  WARN ThreadId(20) hotstuff_runner::app: Node 0 [produce_block] queue size: 0, attempting up to 0 transactions this block    
2026-08-08T12:19:55.202404Z  WARN ThreadId(20) hotstuff_runner::app: Node 0 view(4221) far exceeds block count (1055); potential sync issue    
2026-08-08T12:19:55.293428Z  WARN ThreadId(20) hotstuff_runner::app: Node 0 [produce_block] queue size: 2, attempting up to 2 transactions this block    
2026-08-08T12:19:55.293931Z  WARN ThreadId(20) hotstuff_runner::app: Node 0 view(4225) far exceeds block count (1056); potential sync issue    
2026-08-08T12:19:55.386171Z  WARN ThreadId(20) hotstuff_runner::app: Node 0 [produce_block] queue size: 0, attempting up to 0 transactions this block    
2026-08-08T12:19:55.386768Z  WARN ThreadId(20) hotstuff_runner::app: Node 0 view(4229) far exceeds block count (1057); potential sync issue    
2026-08-08T12:19:55.457474Z  WARN ThreadId(20) hotstuff_runner::app: Node 0 [produce_block] queue size: 0, attempting up to 0 transactions this block    
2026-08-08T12:19:55.458419Z  WARN ThreadId(20) hotstuff_runner::app: Node 0 view(4233) far exceeds block count (1058); potential sync issue    
2026-08-08T12:19:55.531473Z  WARN ThreadId(20) hotstuff_runner::app: Node 0 [produce_block] queue size: 2, attempting up to 2 transactions this block    
2026-08-08T12:19:55.531664Z  WARN ThreadId(20) hotstuff_runner::app: Node 0 view(4237) far exceeds block count (1059); potential sync issue    
2026-08-08T12:19:55.587932Z  WARN ThreadId(20) hotstuff_runner::app: Node 0 [produce_block] queue size: 0, attempting up to 0 transactions this block    
2026-08-08T12:19:55.588276Z  WARN ThreadId(20) hotstuff_runner::app: Node 0 view(4241) far exceeds block count (1060); potential sync issue    
2026-08-08T12:19:55.668895Z  WARN ThreadId(20) hotstuff_runner::app: Node 0 [produce_block] queue size: 2, attempting up to 2 transactions this block    
2026-08-08T12:19:55.669137Z  WARN ThreadId(20) hotstuff_runner::app: Node 0 view(4245) far exceeds block count (1061); potential sync issue    
2026-08-08T12:19:55.767447Z  WARN ThreadId(20) hotstuff_runner::app: Node 0 [produce_block] queue size: 0, attempting up to 0 transactions this block    
2026-08-08T12:19:55.773261Z  WARN ThreadId(20) hotstuff_runner::app: Node 0 view(4249) far exceeds block count (1062); potential sync issue    
2026-08-08T12:19:55.862864Z  WARN ThreadId(20) hotstuff_runner::app: Node 0 [produce_block] queue size: 2, attempting up to 2 transactions this block    
2026-08-08T12:19:55.867261Z  WARN ThreadId(20) hotstuff_runner::app: Node 0 view(4253) far exceeds block count (1063); potential sync issue    
2026-08-08T12:19:55.952571Z  WARN ThreadId(20) hotstuff_runner::app: Node 0 [produce_block] queue size: 0, attempting up to 0 transactions this block    
2026-08-08T12:19:55.953043Z  WARN ThreadId(20) hotstuff_runner::app: Node 0 view(4257) far exceeds block count (1064); potential sync issue    
2026-08-08T12:19:56.094555Z  WARN ThreadId(20) hotstuff_runner::app: Node 0 [produce_block] queue size: 2, attempting up to 2 transactions this block    
2026-08-08T12:19:56.094891Z  WARN ThreadId(20) hotstuff_runner::app: Node 0 view(4261) far exceeds block count (1065); potential sync issue    
2026-08-08T12:19:56.213292Z  WARN ThreadId(20) hotstuff_runner::app: Node 0 [produce_block] queue size: 0, attempting up to 0 transactions this block    
2026-08-08T12:19:56.213770Z  WARN ThreadId(20) hotstuff_runner::app: Node 0 view(4265) far exceeds block count (1066); potential sync issue    
2026-08-08T12:19:56.295947Z  WARN ThreadId(20) hotstuff_runner::app: Node 0 [produce_block] queue size: 2, attempting up to 2 transactions this block    
2026-08-08T12:19:56.297756Z  WARN ThreadId(20) hotstuff_runner::app: Node 0 view(4269) far exceeds block count (1067); potential sync issue    
2026-08-08T12:19:56.405527Z  WARN ThreadId(20) hotstuff_runner::app: Node 0 [produce_block] queue size: 0, attempting up to 0 transactions this block    
2026-08-08T12:19:56.412310Z  WARN ThreadId(20) hotstuff_runner::app: Node 0 view(4273) far exceeds block count (1068); potential sync issue    
2026-08-08T12:19:56.463587Z  WARN ThreadId(20) hotstuff_runner::app: Node 0 [produce_block] queue size: 2, attempting up to 2 transactions this block    
2026-08-08T12:19:56.470444Z  WARN ThreadId(20) hotstuff_runner::app: Node 0 view(4277) far exceeds block count (1069); potential sync issue    
2026-08-08T12:19:56.578115Z  WARN ThreadId(20) hotstuff_runner::app: Node 0 [produce_block] queue size: 0, attempting up to 0 transactions this block    
2026-08-08T12:19:56.578622Z  WARN ThreadId(20) hotstuff_runner::app: Node 0 view(4281) far exceeds block count (1070); potential sync issue    
2026-08-08T12:19:56.714404Z  WARN ThreadId(20) hotstuff_runner::app: Node 0 [produce_block] queue size: 2, attempting up to 2 transactions this block    
2026-08-08T12:19:56.715314Z  WARN ThreadId(20) hotstuff_runner::app: Node 0 view(4285) far exceeds block count (1071); potential sync issue    
2026-08-08T12:19:56.813743Z  WARN ThreadId(20) hotstuff_runner::app: Node 0 [produce_block] queue size: 0, attempting up to 0 transactions this block    
2026-08-08T12:19:56.814043Z  WARN ThreadId(20) hotstuff_runner::app: Node 0 view(4289) far exceeds block count (1072); potential sync issue    
2026-08-08T12:19:56.903379Z  WARN ThreadId(20) hotstuff_runner::app: Node 0 [produce_block] queue size: 2, attempting up to 2 transactions this block    
2026-08-08T12:19:56.905929Z  WARN ThreadId(20) hotstuff_runner::app: Node 0 view(4293) far exceeds block count (1073); potential sync issue    
2026-08-08T12:19:56.993609Z  WARN ThreadId(20) hotstuff_runner::app: Node 0 [produce_block] queue size: 0, attempting up to 0 transactions this block    
2026-08-08T12:19:56.995168Z  WARN ThreadId(20) hotstuff_runner::app: Node 0 view(4297) far exceeds block count (1074); potential sync issue    
2026-08-08T12:19:57.124131Z  WARN ThreadId(20) hotstuff_runner::app: Node 0 [produce_block] queue size: 2, attempting up to 2 transactions this block    
2026-08-08T12:19:57.128070Z  WARN ThreadId(20) hotstuff_runner::app: Node 0 view(4301) far exceeds block count (1075); potential sync issue    
2026-08-08T12:19:57.247344Z  WARN ThreadId(20) hotstuff_runner::app: Node 0 [produce_block] queue size: 2, attempting up to 2 transactions this block    
2026-08-08T12:19:57.247808Z  WARN ThreadId(20) hotstuff_runner::app: Node 0 view(4305) far exceeds block count (1076); potential sync issue    
2026-08-08T12:19:57.324503Z  WARN ThreadId(20) hotstuff_runner::app: Node 0 [produce_block] queue size: 0, attempting up to 0 transactions this block    
2026-08-08T12:19:57.324613Z  WARN ThreadId(20) hotstuff_runner::app: Node 0 view(4309) far exceeds block count (1077); potential sync issue    
2026-08-08T12:19:57.475674Z  WARN ThreadId(20) hotstuff_runner::app: Node 0 [produce_block] queue size: 2, attempting up to 2 transactions this block    
2026-08-08T12:19:57.475826Z  WARN ThreadId(20) hotstuff_runner::app: Node 0 view(4313) far exceeds block count (1078); potential sync issue    
2026-08-08T12:19:57.589867Z  WARN ThreadId(20) hotstuff_runner::app: Node 0 [produce_block] queue size: 0, attempting up to 0 transactions this block    
2026-08-08T12:19:57.590921Z  WARN ThreadId(20) hotstuff_runner::app: Node 0 view(4317) far exceeds block count (1079); potential sync issue    
2026-08-08T12:19:57.670010Z  WARN ThreadId(20) hotstuff_runner::app: Node 0 [produce_block] queue size: 2, attempting up to 2 transactions this block    
2026-08-08T12:19:57.678006Z  WARN ThreadId(20) hotstuff_runner::app: Node 0 view(4321) far exceeds block count (1080); potential sync issue    
2026-08-08T12:19:57.786422Z  WARN ThreadId(20) hotstuff_runner::app: Node 0 [produce_block] queue size: 0, attempting up to 0 transactions this block    
2026-08-08T12:19:57.786673Z  WARN ThreadId(20) hotstuff_runner::app: Node 0 view(4325) far exceeds block count (1081); potential sync issue    
2026-08-08T12:19:57.868901Z  WARN ThreadId(20) hotstuff_runner::app: Node 0 [produce_block] queue size: 2, attempting up to 2 transactions this block    
2026-08-08T12:19:57.870773Z  WARN ThreadId(20) hotstuff_runner::app: Node 0 view(4329) far exceeds block count (1082); potential sync issue    
2026-08-08T12:19:57.929013Z  WARN ThreadId(20) hotstuff_runner::app: Node 0 [produce_block] queue size: 0, attempting up to 0 transactions this block    
2026-08-08T12:19:57.929868Z  WARN ThreadId(20) hotstuff_runner::app: Node 0 view(4333) far exceeds block count (1083); potential sync issue    
2026-08-08T12:19:58.015016Z  WARN ThreadId(20) hotstuff_runner::app: Node 0 [produce_block] queue size: 0, attempting up to 0 transactions this block    
2026-08-08T12:19:58.015185Z  WARN ThreadId(20) hotstuff_runner::app: Node 0 view(4337) far exceeds block count (1084); potential sync issue    
2026-08-08T12:19:58.131865Z  WARN ThreadId(20) hotstuff_runner::app: Node 0 [produce_block] queue size: 2, attempting up to 2 transactions this block    
2026-08-08T12:19:58.134421Z  WARN ThreadId(20) hotstuff_runner::app: Node 0 view(4341) far exceeds block count (1085); potential sync issue    
2026-08-08T12:19:58.251942Z  WARN ThreadId(20) hotstuff_runner::app: Node 0 [produce_block] queue size: 2, attempting up to 2 transactions this block    
2026-08-08T12:19:58.252064Z  WARN ThreadId(20) hotstuff_runner::app: Node 0 view(4345) far exceeds block count (1086); potential sync issue    
2026-08-08T12:19:58.351165Z  WARN ThreadId(20) hotstuff_runner::app: Node 0 [produce_block] queue size: 0, attempting up to 0 transactions this block    
2026-08-08T12:19:58.351869Z  WARN ThreadId(20) hotstuff_runner::app: Node 0 view(4349) far exceeds block count (1087); potential sync issue    
2026-08-08T12:19:58.420807Z  WARN ThreadId(20) hotstuff_runner::app: Node 0 [produce_block] queue size: 0, attempting up to 0 transactions this block    
2026-08-08T12:19:58.424164Z  WARN ThreadId(20) hotstuff_runner::app: Node 0 view(4353) far exceeds block count (1088); potential sync issue    
2026-08-08T12:19:58.504281Z  WARN ThreadId(20) hotstuff_runner::app: Node 0 [produce_block] queue size: 2, attempting up to 2 transactions this block    
2026-08-08T12:19:58.505543Z  WARN ThreadId(20) hotstuff_runner::app: Node 0 view(4357) far exceeds block count (1089); potential sync issue    
2026-08-08T12:19:58.580723Z  WARN ThreadId(20) hotstuff_runner::app: Node 0 [produce_block] queue size: 0, attempting up to 0 transactions this block    
2026-08-08T12:19:58.581008Z  WARN ThreadId(20) hotstuff_runner::app: Node 0 view(4361) far exceeds block count (1090); potential sync issue    
2026-08-08T12:19:58.674260Z  WARN ThreadId(20) hotstuff_runner::app: Node 0 [produce_block] queue size: 2, attempting up to 2 transactions this block    
2026-08-08T12:19:58.674699Z  WARN ThreadId(20) hotstuff_runner::app: Node 0 view(4365) far exceeds block count (1091); potential sync issue    
2026-08-08T12:19:58.765252Z  WARN ThreadId(20) hotstuff_runner::app: Node 0 [produce_block] queue size: 0, attempting up to 0 transactions this block    
2026-08-08T12:19:58.766319Z  WARN ThreadId(20) hotstuff_runner::app: Node 0 view(4369) far exceeds block count (1092); potential sync issue    
2026-08-08T12:19:58.841448Z  WARN ThreadId(20) hotstuff_runner::app: Node 0 [produce_block] queue size: 0, attempting up to 0 transactions this block    
2026-08-08T12:19:58.841667Z  WARN ThreadId(20) hotstuff_runner::app: Node 0 view(4373) far exceeds block count (1093); potential sync issue    
2026-08-08T12:19:58.934318Z  WARN ThreadId(20) hotstuff_runner::app: Node 0 [produce_block] queue size: 2, attempting up to 2 transactions this block    
2026-08-08T12:19:58.936056Z  WARN ThreadId(20) hotstuff_runner::app: Node 0 view(4377) far exceeds block count (1094); potential sync issue    
2026-08-08T12:19:59.046701Z  WARN ThreadId(20) hotstuff_runner::app: Node 0 [produce_block] queue size: 2, attempting up to 2 transactions this block    
2026-08-08T12:19:59.047982Z  WARN ThreadId(20) hotstuff_runner::app: Node 0 view(4381) far exceeds block count (1095); potential sync issue    
2026-08-08T12:19:59.176239Z  WARN ThreadId(20) hotstuff_runner::app: Node 0 [produce_block] queue size: 0, attempting up to 0 transactions this block    
2026-08-08T12:19:59.178629Z  WARN ThreadId(20) hotstuff_runner::app: Node 0 view(4385) far exceeds block count (1096); potential sync issue    
2026-08-08T12:19:59.296482Z  WARN ThreadId(20) hotstuff_runner::app: Node 0 [produce_block] queue size: 2, attempting up to 2 transactions this block    
2026-08-08T12:19:59.298008Z  WARN ThreadId(20) hotstuff_runner::app: Node 0 view(4389) far exceeds block count (1097); potential sync issue    
2026-08-08T12:19:59.380862Z  WARN ThreadId(20) hotstuff_runner::app: Node 0 [produce_block] queue size: 0, attempting up to 0 transactions this block    
2026-08-08T12:19:59.381120Z  WARN ThreadId(20) hotstuff_runner::app: Node 0 view(4393) far exceeds block count (1098); potential sync issue    
2026-08-08T12:19:59.486545Z  WARN ThreadId(20) hotstuff_runner::app: Node 0 [produce_block] queue size: 2, attempting up to 2 transactions this block    
2026-08-08T12:19:59.487004Z  WARN ThreadId(20) hotstuff_runner::app: Node 0 view(4397) far exceeds block count (1099); potential sync issue    
2026-08-08T12:19:59.573073Z  WARN ThreadId(20) hotstuff_runner::app: Node 0 [produce_block] queue size: 2, attempting up to 2 transactions this block    
2026-08-08T12:19:59.574939Z  WARN ThreadId(20) hotstuff_runner::app: Node 0 view(4401) far exceeds block count (1100); potential sync issue    
2026-08-08T12:19:59.653972Z  WARN ThreadId(20) hotstuff_runner::app: Node 0 [produce_block] queue size: 0, attempting up to 0 transactions this block    
2026-08-08T12:19:59.654441Z  WARN ThreadId(20) hotstuff_runner::app: Node 0 view(4405) far exceeds block count (1101); potential sync issue    
2026-08-08T12:19:59.771185Z  WARN ThreadId(20) hotstuff_runner::app: Node 0 [produce_block] queue size: 2, attempting up to 2 transactions this block    
2026-08-08T12:19:59.777169Z  WARN ThreadId(20) hotstuff_runner::app: Node 0 view(4409) far exceeds block count (1102); potential sync issue    
2026-08-08T12:19:59.880963Z  WARN ThreadId(20) hotstuff_runner::app: Node 0 [produce_block] queue size: 0, attempting up to 0 transactions this block    
2026-08-08T12:19:59.881090Z  WARN ThreadId(20) hotstuff_runner::app: Node 0 view(4413) far exceeds block count (1103); potential sync issue    
2026-08-08T12:19:59.954724Z  WARN ThreadId(20) hotstuff_runner::app: Node 0 [produce_block] queue size: 0, attempting up to 0 transactions this block    
2026-08-08T12:19:59.956431Z  WARN ThreadId(20) hotstuff_runner::app: Node 0 view(4417) far exceeds block count (1104); potential sync issue    
2026-08-08T12:20:00.098523Z  WARN ThreadId(20) hotstuff_runner::app: Node 0 [produce_block] queue size: 2, attempting up to 2 transactions this block    
2026-08-08T12:20:00.105030Z  WARN ThreadId(20) hotstuff_runner::app: Node 0 view(4421) far exceeds block count (1105); potential sync issue    
2026-08-08T12:20:00.167012Z  WARN ThreadId(06) docker_node: Low processing efficiency: 0.0% - system may need tuning
2026-08-08T12:20:00.252160Z  WARN ThreadId(20) hotstuff_runner::app: Node 0 [produce_block] queue size: 2, attempting up to 2 transactions this block    
2026-08-08T12:20:00.253903Z  WARN ThreadId(20) hotstuff_runner::app: Node 0 view(4425) far exceeds block count (1106); potential sync issue    
2026-08-08T12:20:00.405191Z  WARN ThreadId(20) hotstuff_runner::app: Node 0 [produce_block] queue size: 2, attempting up to 2 transactions this block    
2026-08-08T12:20:00.405383Z  WARN ThreadId(20) hotstuff_runner::app: Node 0 view(4429) far exceeds block count (1107); potential sync issue    
2026-08-08T12:20:00.530426Z  WARN ThreadId(20) hotstuff_runner::app: Node 0 [produce_block] queue size: 0, attempting up to 0 transactions this block    
2026-08-08T12:20:00.531631Z  WARN ThreadId(20) hotstuff_runner::app: Node 0 view(4433) far exceeds block count (1108); potential sync issue    
2026-08-08T12:20:00.601504Z  WARN ThreadId(20) hotstuff_runner::app: Node 0 [produce_block] queue size: 2, attempting up to 2 transactions this block    
2026-08-08T12:20:00.601667Z  WARN ThreadId(20) hotstuff_runner::app: Node 0 view(4437) far exceeds block count (1109); potential sync issue    
2026-08-08T12:20:00.658278Z  WARN ThreadId(20) hotstuff_runner::app: Node 0 [produce_block] queue size: 0, attempting up to 0 transactions this block    
2026-08-08T12:20:00.659020Z  WARN ThreadId(20) hotstuff_runner::app: Node 0 view(4441) far exceeds block count (1110); potential sync issue    
2026-08-08T12:20:00.766705Z  WARN ThreadId(20) hotstuff_runner::app: Node 0 [produce_block] queue size: 2, attempting up to 2 transactions this block    
2026-08-08T12:20:00.767658Z  WARN ThreadId(20) hotstuff_runner::app: Node 0 view(4445) far exceeds block count (1111); potential sync issue    
2026-08-08T12:20:00.863362Z  WARN ThreadId(20) hotstuff_runner::app: Node 0 [produce_block] queue size: 0, attempting up to 0 transactions this block    
2026-08-08T12:20:00.863582Z  WARN ThreadId(20) hotstuff_runner::app: Node 0 view(4449) far exceeds block count (1112); potential sync issue    
2026-08-08T12:20:00.962393Z  WARN ThreadId(20) hotstuff_runner::app: Node 0 [produce_block] queue size: 2, attempting up to 2 transactions this block    
2026-08-08T12:20:00.962621Z  WARN ThreadId(20) hotstuff_runner::app: Node 0 view(4453) far exceeds block count (1113); potential sync issue    
2026-08-08T12:20:01.044845Z  WARN ThreadId(20) hotstuff_runner::app: Node 0 [produce_block] queue size: 0, attempting up to 0 transactions this block    
2026-08-08T12:20:01.047218Z  WARN ThreadId(20) hotstuff_runner::app: Node 0 view(4457) far exceeds block count (1114); potential sync issue    
2026-08-08T12:20:01.143313Z  WARN ThreadId(20) hotstuff_runner::app: Node 0 [produce_block] queue size: 2, attempting up to 2 transactions this block    
2026-08-08T12:20:01.146001Z  WARN ThreadId(20) hotstuff_runner::app: Node 0 view(4461) far exceeds block count (1115); potential sync issue    
2026-08-08T12:20:01.222036Z  WARN ThreadId(20) hotstuff_runner::app: Node 0 [produce_block] queue size: 0, attempting up to 0 transactions this block    
2026-08-08T12:20:01.225235Z  WARN ThreadId(20) hotstuff_runner::app: Node 0 view(4465) far exceeds block count (1116); potential sync issue    
2026-08-08T12:20:01.288168Z  WARN ThreadId(20) hotstuff_runner::app: Node 0 [produce_block] queue size: 0, attempting up to 0 transactions this block    
2026-08-08T12:20:01.290178Z  WARN ThreadId(20) hotstuff_runner::app: Node 0 view(4469) far exceeds block count (1117); potential sync issue    
2026-08-08T12:20:01.355088Z  WARN ThreadId(20) hotstuff_runner::app: Node 0 [produce_block] queue size: 2, attempting up to 2 transactions this block    
2026-08-08T12:20:01.358062Z  WARN ThreadId(20) hotstuff_runner::app: Node 0 view(4473) far exceeds block count (1118); potential sync issue    
2026-08-08T12:20:01.584802Z  WARN ThreadId(20) hotstuff_runner::app: Node 0 [produce_block] queue size: 2, attempting up to 2 transactions this block    
2026-08-08T12:20:01.586337Z  WARN ThreadId(20) hotstuff_runner::app: Node 0 view(4477) far exceeds block count (1119); potential sync issue    
2026-08-08T12:20:01.729073Z  WARN ThreadId(20) hotstuff_runner::app: Node 0 [produce_block] queue size: 0, attempting up to 0 transactions this block    
2026-08-08T12:20:01.729390Z  WARN ThreadId(20) hotstuff_runner::app: Node 0 view(4481) far exceeds block count (1120); potential sync issue    
2026-08-08T12:20:01.847811Z  WARN ThreadId(20) hotstuff_runner::app: Node 0 [produce_block] queue size: 2, attempting up to 2 transactions this block    
2026-08-08T12:20:01.848439Z  WARN ThreadId(20) hotstuff_runner::app: Node 0 view(4485) far exceeds block count (1121); potential sync issue    
2026-08-08T12:20:01.989364Z  WARN ThreadId(20) hotstuff_runner::app: Node 0 [produce_block] queue size: 0, attempting up to 0 transactions this block    
2026-08-08T12:20:01.990131Z  WARN ThreadId(20) hotstuff_runner::app: Node 0 view(4489) far exceeds block count (1122); potential sync issue    
2026-08-08T12:20:02.083338Z  WARN ThreadId(20) hotstuff_runner::app: Node 0 [produce_block] queue size: 2, attempting up to 2 transactions this block    
2026-08-08T12:20:02.084787Z  WARN ThreadId(20) hotstuff_runner::app: Node 0 view(4493) far exceeds block count (1123); potential sync issue    
2026-08-08T12:20:02.175714Z  WARN ThreadId(20) hotstuff_runner::app: Node 0 [produce_block] queue size: 2, attempting up to 2 transactions this block    
2026-08-08T12:20:02.178622Z  WARN ThreadId(20) hotstuff_runner::app: Node 0 view(4497) far exceeds block count (1124); potential sync issue    
2026-08-08T12:20:02.266566Z  WARN ThreadId(20) hotstuff_runner::app: Node 0 [produce_block] queue size: 0, attempting up to 0 transactions this block    
2026-08-08T12:20:02.266956Z  WARN ThreadId(20) hotstuff_runner::app: Node 0 view(4501) far exceeds block count (1125); potential sync issue    
2026-08-08T12:20:02.359429Z  WARN ThreadId(20) hotstuff_runner::app: Node 0 [produce_block] queue size: 0, attempting up to 0 transactions this block    
2026-08-08T12:20:02.361910Z  WARN ThreadId(20) hotstuff_runner::app: Node 0 view(4505) far exceeds block count (1126); potential sync issue    
2026-08-08T12:20:02.460623Z  WARN ThreadId(20) hotstuff_runner::app: Node 0 [produce_block] queue size: 2, attempting up to 2 transactions this block    
2026-08-08T12:20:02.462179Z  WARN ThreadId(20) hotstuff_runner::app: Node 0 view(4509) far exceeds block count (1127); potential sync issue    
2026-08-08T12:20:02.544071Z  WARN ThreadId(20) hotstuff_runner::app: Node 0 [produce_block] queue size: 0, attempting up to 0 transactions this block    
2026-08-08T12:20:02.544273Z  WARN ThreadId(20) hotstuff_runner::app: Node 0 view(4513) far exceeds block count (1128); potential sync issue    
2026-08-08T12:20:02.681239Z  WARN ThreadId(20) hotstuff_runner::app: Node 0 [produce_block] queue size: 2, attempting up to 2 transactions this block    
2026-08-08T12:20:02.690534Z  WARN ThreadId(20) hotstuff_runner::app: Node 0 view(4517) far exceeds block count (1129); potential sync issue    
2026-08-08T12:20:02.786983Z  WARN ThreadId(20) hotstuff_runner::app: Node 0 [produce_block] queue size: 0, attempting up to 0 transactions this block    
2026-08-08T12:20:02.787920Z  WARN ThreadId(20) hotstuff_runner::app: Node 0 view(4521) far exceeds block count (1130); potential sync issue    
2026-08-08T12:20:02.885953Z  WARN ThreadId(20) hotstuff_runner::app: Node 0 [produce_block] queue size: 2, attempting up to 2 transactions this block    
2026-08-08T12:20:02.886484Z  WARN ThreadId(20) hotstuff_runner::app: Node 0 view(4525) far exceeds block count (1131); potential sync issue    
2026-08-08T12:20:02.979804Z  WARN ThreadId(20) hotstuff_runner::app: Node 0 [produce_block] queue size: 0, attempting up to 0 transactions this block    
2026-08-08T12:20:02.980610Z  WARN ThreadId(20) hotstuff_runner::app: Node 0 view(4529) far exceeds block count (1132); potential sync issue    
2026-08-08T12:20:03.102000Z  WARN ThreadId(20) hotstuff_runner::app: Node 0 [produce_block] queue size: 2, attempting up to 2 transactions this block    
2026-08-08T12:20:03.102332Z  WARN ThreadId(20) hotstuff_runner::app: Node 0 view(4533) far exceeds block count (1133); potential sync issue    
2026-08-08T12:20:03.229348Z  WARN ThreadId(20) hotstuff_runner::app: Node 0 [produce_block] queue size: 0, attempting up to 0 transactions this block    
2026-08-08T12:20:03.230089Z  WARN ThreadId(20) hotstuff_runner::app: Node 0 view(4537) far exceeds block count (1134); potential sync issue    
2026-08-08T12:20:03.320821Z  WARN ThreadId(20) hotstuff_runner::app: Node 0 [produce_block] queue size: 2, attempting up to 2 transactions this block    
2026-08-08T12:20:03.325777Z  WARN ThreadId(20) hotstuff_runner::app: Node 0 view(4541) far exceeds block count (1135); potential sync issue    
2026-08-08T12:20:03.419503Z  WARN ThreadId(20) hotstuff_runner::app: Node 0 [produce_block] queue size: 0, attempting up to 0 transactions this block    
2026-08-08T12:20:03.420542Z  WARN ThreadId(20) hotstuff_runner::app: Node 0 view(4545) far exceeds block count (1136); potential sync issue    
2026-08-08T12:20:03.516599Z  WARN ThreadId(20) hotstuff_runner::app: Node 0 [produce_block] queue size: 2, attempting up to 2 transactions this block    
2026-08-08T12:20:03.516943Z  WARN ThreadId(20) hotstuff_runner::app: Node 0 view(4549) far exceeds block count (1137); potential sync issue    
2026-08-08T12:20:03.754951Z  WARN ThreadId(20) hotstuff_runner::app: Node 0 [produce_block] queue size: 2, attempting up to 2 transactions this block    
2026-08-08T12:20:03.757910Z  WARN ThreadId(20) hotstuff_runner::app: Node 0 view(4553) far exceeds block count (1138); potential sync issue    
2026-08-08T12:20:03.870774Z  WARN ThreadId(20) hotstuff_runner::app: Node 0 [produce_block] queue size: 2, attempting up to 2 transactions this block    
2026-08-08T12:20:03.871072Z  WARN ThreadId(20) hotstuff_runner::app: Node 0 view(4557) far exceeds block count (1139); potential sync issue    
2026-08-08T12:20:03.982031Z  WARN ThreadId(20) hotstuff_runner::app: Node 0 [produce_block] queue size: 0, attempting up to 0 transactions this block    
2026-08-08T12:20:03.985930Z  WARN ThreadId(20) hotstuff_runner::app: Node 0 view(4561) far exceeds block count (1140); potential sync issue    
2026-08-08T12:20:04.116455Z  WARN ThreadId(20) hotstuff_runner::app: Node 0 [produce_block] queue size: 2, attempting up to 2 transactions this block    
2026-08-08T12:20:04.116603Z  WARN ThreadId(20) hotstuff_runner::app: Node 0 view(4565) far exceeds block count (1141); potential sync issue    
2026-08-08T12:20:04.229634Z  WARN ThreadId(20) hotstuff_runner::app: Node 0 [produce_block] queue size: 0, attempting up to 0 transactions this block    
2026-08-08T12:20:04.240662Z  WARN ThreadId(20) hotstuff_runner::app: Node 0 view(4569) far exceeds block count (1142); potential sync issue    
2026-08-08T12:20:04.442826Z  WARN ThreadId(20) hotstuff_runner::app: Node 0 [produce_block] queue size: 2, attempting up to 2 transactions this block    
2026-08-08T12:20:04.442991Z  WARN ThreadId(20) hotstuff_runner::app: Node 0 view(4573) far exceeds block count (1143); potential sync issue    
2026-08-08T12:20:04.521079Z  WARN ThreadId(20) hotstuff_runner::app: Node 0 [produce_block] queue size: 2, attempting up to 2 transactions this block    
2026-08-08T12:20:04.522008Z  WARN ThreadId(20) hotstuff_runner::app: Node 0 view(4577) far exceeds block count (1144); potential sync issue    
2026-08-08T12:20:04.660362Z  WARN ThreadId(20) hotstuff_runner::app: Node 0 [produce_block] queue size: 0, attempting up to 0 transactions this block    
2026-08-08T12:20:04.663943Z  WARN ThreadId(20) hotstuff_runner::app: Node 0 view(4581) far exceeds block count (1145); potential sync issue    
2026-08-08T12:20:04.758825Z  WARN ThreadId(20) hotstuff_runner::app: Node 0 [produce_block] queue size: 2, attempting up to 2 transactions this block    
2026-08-08T12:20:04.760584Z  WARN ThreadId(20) hotstuff_runner::app: Node 0 view(4585) far exceeds block count (1146); potential sync issue    
2026-08-08T12:20:04.934002Z  WARN ThreadId(20) hotstuff_runner::app: Node 0 [produce_block] queue size: 2, attempting up to 2 transactions this block    
2026-08-08T12:20:04.938582Z  WARN ThreadId(20) hotstuff_runner::app: Node 0 view(4589) far exceeds block count (1147); potential sync issue    
2026-08-08T12:20:05.042648Z  WARN ThreadId(20) hotstuff_runner::app: Node 0 [produce_block] queue size: 0, attempting up to 0 transactions this block    
2026-08-08T12:20:05.044035Z  WARN ThreadId(20) hotstuff_runner::app: Node 0 view(4593) far exceeds block count (1148); potential sync issue    
2026-08-08T12:20:05.166967Z  WARN ThreadId(06) docker_node: Low processing efficiency: 0.0% - system may need tuning
2026-08-08T12:20:05.175161Z  WARN ThreadId(20) hotstuff_runner::app: Node 0 [produce_block] queue size: 2, attempting up to 2 transactions this block    
2026-08-08T12:20:05.175324Z  WARN ThreadId(20) hotstuff_runner::app: Node 0 view(4597) far exceeds block count (1149); potential sync issue    
2026-08-08T12:20:05.277399Z  WARN ThreadId(20) hotstuff_runner::app: Node 0 [produce_block] queue size: 0, attempting up to 0 transactions this block    
2026-08-08T12:20:05.277618Z  WARN ThreadId(20) hotstuff_runner::app: Node 0 view(4601) far exceeds block count (1150); potential sync issue    
2026-08-08T12:20:05.393372Z  WARN ThreadId(20) hotstuff_runner::app: Node 0 [produce_block] queue size: 2, attempting up to 2 transactions this block    
2026-08-08T12:20:05.395151Z  WARN ThreadId(20) hotstuff_runner::app: Node 0 view(4605) far exceeds block count (1151); potential sync issue    
2026-08-08T12:20:05.483430Z  WARN ThreadId(20) hotstuff_runner::app: Node 0 [produce_block] queue size: 0, attempting up to 0 transactions this block    
2026-08-08T12:20:05.484700Z  WARN ThreadId(20) hotstuff_runner::app: Node 0 view(4609) far exceeds block count (1152); potential sync issue    
2026-08-08T12:20:05.584184Z  WARN ThreadId(20) hotstuff_runner::app: Node 0 [produce_block] queue size: 2, attempting up to 2 transactions this block    
2026-08-08T12:20:05.584616Z  WARN ThreadId(20) hotstuff_runner::app: Node 0 view(4613) far exceeds block count (1153); potential sync issue    
2026-08-08T12:20:05.647546Z  WARN ThreadId(20) hotstuff_runner::app: Node 0 [produce_block] queue size: 0, attempting up to 0 transactions this block    
2026-08-08T12:20:05.648822Z  WARN ThreadId(20) hotstuff_runner::app: Node 0 view(4617) far exceeds block count (1154); potential sync issue    
2026-08-08T12:20:05.726588Z  WARN ThreadId(20) hotstuff_runner::app: Node 0 [produce_block] queue size: 2, attempting up to 2 transactions this block    
2026-08-08T12:20:05.726832Z  WARN ThreadId(20) hotstuff_runner::app: Node 0 view(4621) far exceeds block count (1155); potential sync issue    
2026-08-08T12:20:05.800666Z  WARN ThreadId(20) hotstuff_runner::app: Node 0 [produce_block] queue size: 0, attempting up to 0 transactions this block    
2026-08-08T12:20:05.800960Z  WARN ThreadId(20) hotstuff_runner::app: Node 0 view(4625) far exceeds block count (1156); potential sync issue    
2026-08-08T12:20:05.968112Z  WARN ThreadId(20) hotstuff_runner::app: Node 0 [produce_block] queue size: 2, attempting up to 2 transactions this block    
2026-08-08T12:20:05.969226Z  WARN ThreadId(20) hotstuff_runner::app: Node 0 view(4629) far exceeds block count (1157); potential sync issue    
2026-08-08T12:20:06.074981Z  WARN ThreadId(20) hotstuff_runner::app: Node 0 [produce_block] queue size: 0, attempting up to 0 transactions this block    
2026-08-08T12:20:06.079049Z  WARN ThreadId(20) hotstuff_runner::app: Node 0 view(4633) far exceeds block count (1158); potential sync issue    
2026-08-08T12:20:06.220319Z  WARN ThreadId(20) hotstuff_runner::app: Node 0 [produce_block] queue size: 2, attempting up to 2 transactions this block    
2026-08-08T12:20:06.220453Z  WARN ThreadId(20) hotstuff_runner::app: Node 0 view(4637) far exceeds block count (1159); potential sync issue    
2026-08-08T12:20:06.304279Z  WARN ThreadId(20) hotstuff_runner::app: Node 0 [produce_block] queue size: 0, attempting up to 0 transactions this block    
2026-08-08T12:20:06.309574Z  WARN ThreadId(20) hotstuff_runner::app: Node 0 view(4641) far exceeds block count (1160); potential sync issue    
2026-08-08T12:20:06.449426Z  WARN ThreadId(20) hotstuff_runner::app: Node 0 [produce_block] queue size: 2, attempting up to 2 transactions this block    
2026-08-08T12:20:06.449656Z  WARN ThreadId(20) hotstuff_runner::app: Node 0 view(4645) far exceeds block count (1161); potential sync issue    
2026-08-08T12:20:06.526526Z  WARN ThreadId(20) hotstuff_runner::app: Node 0 [produce_block] queue size: 0, attempting up to 0 transactions this block    
2026-08-08T12:20:06.533549Z  WARN ThreadId(20) hotstuff_runner::app: Node 0 view(4649) far exceeds block count (1162); potential sync issue    
2026-08-08T12:20:06.636916Z  WARN ThreadId(20) hotstuff_runner::app: Node 0 [produce_block] queue size: 2, attempting up to 2 transactions this block    
2026-08-08T12:20:06.637055Z  WARN ThreadId(20) hotstuff_runner::app: Node 0 view(4653) far exceeds block count (1163); potential sync issue    
2026-08-08T12:20:06.734555Z  WARN ThreadId(20) hotstuff_runner::app: Node 0 [produce_block] queue size: 0, attempting up to 0 transactions this block    
2026-08-08T12:20:06.738016Z  WARN ThreadId(20) hotstuff_runner::app: Node 0 view(4657) far exceeds block count (1164); potential sync issue    
2026-08-08T12:20:06.821332Z  WARN ThreadId(20) hotstuff_runner::app: Node 0 [produce_block] queue size: 2, attempting up to 2 transactions this block    
2026-08-08T12:20:06.822233Z  WARN ThreadId(20) hotstuff_runner::app: Node 0 view(4661) far exceeds block count (1165); potential sync issue    
2026-08-08T12:20:06.891024Z  WARN ThreadId(20) hotstuff_runner::app: Node 0 [produce_block] queue size: 0, attempting up to 0 transactions this block    
2026-08-08T12:20:06.892522Z  WARN ThreadId(20) hotstuff_runner::app: Node 0 view(4665) far exceeds block count (1166); potential sync issue    
2026-08-08T12:20:06.982977Z  WARN ThreadId(20) hotstuff_runner::app: Node 0 [produce_block] queue size: 2, attempting up to 2 transactions this block    
2026-08-08T12:20:06.988788Z  WARN ThreadId(20) hotstuff_runner::app: Node 0 view(4669) far exceeds block count (1167); potential sync issue    
2026-08-08T12:20:07.091564Z  WARN ThreadId(20) hotstuff_runner::app: Node 0 [produce_block] queue size: 0, attempting up to 0 transactions this block    
2026-08-08T12:20:07.092746Z  WARN ThreadId(20) hotstuff_runner::app: Node 0 view(4673) far exceeds block count (1168); potential sync issue    
2026-08-08T12:20:07.165807Z  WARN ThreadId(20) hotstuff_runner::app: Node 0 [produce_block] queue size: 2, attempting up to 2 transactions this block    
2026-08-08T12:20:07.167862Z  WARN ThreadId(20) hotstuff_runner::app: Node 0 view(4677) far exceeds block count (1169); potential sync issue    
2026-08-08T12:20:07.281674Z  WARN ThreadId(20) hotstuff_runner::app: Node 0 [produce_block] queue size: 0, attempting up to 0 transactions this block    
2026-08-08T12:20:07.285014Z  WARN ThreadId(20) hotstuff_runner::app: Node 0 view(4681) far exceeds block count (1170); potential sync issue    
2026-08-08T12:20:07.353968Z  WARN ThreadId(20) hotstuff_runner::app: Node 0 [produce_block] queue size: 2, attempting up to 2 transactions this block    
2026-08-08T12:20:07.355425Z  WARN ThreadId(20) hotstuff_runner::app: Node 0 view(4685) far exceeds block count (1171); potential sync issue    
2026-08-08T12:20:07.443055Z  WARN ThreadId(20) hotstuff_runner::app: Node 0 [produce_block] queue size: 0, attempting up to 0 transactions this block    
2026-08-08T12:20:07.444231Z  WARN ThreadId(20) hotstuff_runner::app: Node 0 view(4689) far exceeds block count (1172); potential sync issue    
2026-08-08T12:20:07.512604Z  WARN ThreadId(20) hotstuff_runner::app: Node 0 [produce_block] queue size: 2, attempting up to 2 transactions this block    
2026-08-08T12:20:07.513969Z  WARN ThreadId(20) hotstuff_runner::app: Node 0 view(4693) far exceeds block count (1173); potential sync issue    
2026-08-08T12:20:07.642222Z  WARN ThreadId(20) hotstuff_runner::app: Node 0 [produce_block] queue size: 0, attempting up to 0 transactions this block    
2026-08-08T12:20:07.642595Z  WARN ThreadId(20) hotstuff_runner::app: Node 0 view(4697) far exceeds block count (1174); potential sync issue    
2026-08-08T12:20:07.764608Z  WARN ThreadId(20) hotstuff_runner::app: Node 0 [produce_block] queue size: 2, attempting up to 2 transactions this block    
2026-08-08T12:20:07.764939Z  WARN ThreadId(20) hotstuff_runner::app: Node 0 view(4701) far exceeds block count (1175); potential sync issue    
2026-08-08T12:20:07.832554Z  WARN ThreadId(20) hotstuff_runner::app: Node 0 [produce_block] queue size: 0, attempting up to 0 transactions this block    
2026-08-08T12:20:07.833558Z  WARN ThreadId(20) hotstuff_runner::app: Node 0 view(4705) far exceeds block count (1176); potential sync issue    
2026-08-08T12:20:07.922313Z  WARN ThreadId(20) hotstuff_runner::app: Node 0 [produce_block] queue size: 2, attempting up to 2 transactions this block    
2026-08-08T12:20:07.922501Z  WARN ThreadId(20) hotstuff_runner::app: Node 0 view(4709) far exceeds block count (1177); potential sync issue    
2026-08-08T12:20:08.041739Z  WARN ThreadId(20) hotstuff_runner::app: Node 0 [produce_block] queue size: 0, attempting up to 0 transactions this block    
2026-08-08T12:20:08.043803Z  WARN ThreadId(20) hotstuff_runner::app: Node 0 view(4713) far exceeds block count (1178); potential sync issue    
2026-08-08T12:20:08.165544Z  WARN ThreadId(20) hotstuff_runner::app: Node 0 [produce_block] queue size: 2, attempting up to 2 transactions this block    
2026-08-08T12:20:08.169614Z  WARN ThreadId(20) hotstuff_runner::app: Node 0 view(4717) far exceeds block count (1179); potential sync issue    
2026-08-08T12:20:08.342567Z  WARN ThreadId(20) hotstuff_runner::app: Node 0 [produce_block] queue size: 2, attempting up to 2 transactions this block    
2026-08-08T12:20:08.345830Z  WARN ThreadId(20) hotstuff_runner::app: Node 0 view(4721) far exceeds block count (1180); potential sync issue    
2026-08-08T12:20:08.485562Z  WARN ThreadId(20) hotstuff_runner::app: Node 0 [produce_block] queue size: 0, attempting up to 0 transactions this block    
2026-08-08T12:20:08.486541Z  WARN ThreadId(20) hotstuff_runner::app: Node 0 view(4725) far exceeds block count (1181); potential sync issue    
2026-08-08T12:20:08.613997Z  WARN ThreadId(20) hotstuff_runner::app: Node 0 [produce_block] queue size: 2, attempting up to 2 transactions this block    
2026-08-08T12:20:08.614377Z  WARN ThreadId(20) hotstuff_runner::app: Node 0 view(4729) far exceeds block count (1182); potential sync issue    
2026-08-08T12:20:08.772994Z  WARN ThreadId(20) hotstuff_runner::app: Node 0 [produce_block] queue size: 2, attempting up to 2 transactions this block    
2026-08-08T12:20:08.774473Z  WARN ThreadId(20) hotstuff_runner::app: Node 0 view(4733) far exceeds block count (1183); potential sync issue    
2026-08-08T12:20:08.957136Z  WARN ThreadId(20) hotstuff_runner::app: Node 0 [produce_block] queue size: 2, attempting up to 2 transactions this block    
2026-08-08T12:20:08.957236Z  WARN ThreadId(20) hotstuff_runner::app: Node 0 view(4737) far exceeds block count (1184); potential sync issue    
2026-08-08T12:20:09.039839Z  WARN ThreadId(20) hotstuff_runner::app: Node 0 [produce_block] queue size: 0, attempting up to 0 transactions this block    
2026-08-08T12:20:09.040740Z  WARN ThreadId(20) hotstuff_runner::app: Node 0 view(4741) far exceeds block count (1185); potential sync issue    
2026-08-08T12:20:09.101511Z  WARN ThreadId(20) hotstuff_runner::app: Node 0 [produce_block] queue size: 0, attempting up to 0 transactions this block    
2026-08-08T12:20:09.102137Z  WARN ThreadId(20) hotstuff_runner::app: Node 0 view(4745) far exceeds block count (1186); potential sync issue    
2026-08-08T12:20:09.180963Z  WARN ThreadId(20) hotstuff_runner::app: Node 0 [produce_block] queue size: 2, attempting up to 2 transactions this block    
2026-08-08T12:20:09.181124Z  WARN ThreadId(20) hotstuff_runner::app: Node 0 view(4749) far exceeds block count (1187); potential sync issue    
2026-08-08T12:20:09.276005Z  WARN ThreadId(20) hotstuff_runner::app: Node 0 [produce_block] queue size: 0, attempting up to 0 transactions this block    
2026-08-08T12:20:09.281875Z  WARN ThreadId(20) hotstuff_runner::app: Node 0 view(4753) far exceeds block count (1188); potential sync issue    
2026-08-08T12:20:09.364255Z  WARN ThreadId(20) hotstuff_runner::app: Node 0 [produce_block] queue size: 0, attempting up to 0 transactions this block    
2026-08-08T12:20:09.364461Z  WARN ThreadId(20) hotstuff_runner::app: Node 0 view(4757) far exceeds block count (1189); potential sync issue    
2026-08-08T12:20:09.518868Z  WARN ThreadId(20) hotstuff_runner::app: Node 0 [produce_block] queue size: 2, attempting up to 2 transactions this block    
2026-08-08T12:20:09.518997Z  WARN ThreadId(20) hotstuff_runner::app: Node 0 view(4761) far exceeds block count (1190); potential sync issue    
2026-08-08T12:20:09.612871Z  WARN ThreadId(20) hotstuff_runner::app: Node 0 [produce_block] queue size: 0, attempting up to 0 transactions this block    
2026-08-08T12:20:09.613915Z  WARN ThreadId(20) hotstuff_runner::app: Node 0 view(4765) far exceeds block count (1191); potential sync issue    
2026-08-08T12:20:09.700131Z  WARN ThreadId(20) hotstuff_runner::app: Node 0 [produce_block] queue size: 2, attempting up to 2 transactions this block    
2026-08-08T12:20:09.700944Z  WARN ThreadId(20) hotstuff_runner::app: Node 0 view(4769) far exceeds block count (1192); potential sync issue    
2026-08-08T12:20:09.756702Z  WARN ThreadId(20) hotstuff_runner::app: Node 0 [produce_block] queue size: 0, attempting up to 0 transactions this block    
2026-08-08T12:20:09.756991Z  WARN ThreadId(20) hotstuff_runner::app: Node 0 view(4773) far exceeds block count (1193); potential sync issue    
2026-08-08T12:20:09.835758Z  WARN ThreadId(20) hotstuff_runner::app: Node 0 [produce_block] queue size: 2, attempting up to 2 transactions this block    
2026-08-08T12:20:09.839075Z  WARN ThreadId(20) hotstuff_runner::app: Node 0 view(4777) far exceeds block count (1194); potential sync issue    
2026-08-08T12:20:09.934835Z  WARN ThreadId(20) hotstuff_runner::app: Node 0 [produce_block] queue size: 0, attempting up to 0 transactions this block    
2026-08-08T12:20:09.936568Z  WARN ThreadId(20) hotstuff_runner::app: Node 0 view(4781) far exceeds block count (1195); potential sync issue    
2026-08-08T12:20:10.045220Z  WARN ThreadId(20) hotstuff_runner::app: Node 0 [produce_block] queue size: 0, attempting up to 0 transactions this block    
2026-08-08T12:20:10.045438Z  WARN ThreadId(20) hotstuff_runner::app: Node 0 view(4785) far exceeds block count (1196); potential sync issue    
2026-08-08T12:20:10.108545Z  WARN ThreadId(20) hotstuff_runner::app: Node 0 [produce_block] queue size: 2, attempting up to 2 transactions this block    
2026-08-08T12:20:10.111042Z  WARN ThreadId(20) hotstuff_runner::app: Node 0 view(4789) far exceeds block count (1197); potential sync issue    
2026-08-08T12:20:10.168017Z  WARN ThreadId(06) docker_node: Low processing efficiency: 0.0% - system may need tuning
2026-08-08T12:20:10.215732Z  WARN ThreadId(20) hotstuff_runner::app: Node 0 [produce_block] queue size: 0, attempting up to 0 transactions this block    
2026-08-08T12:20:10.220612Z  WARN ThreadId(20) hotstuff_runner::app: Node 0 view(4793) far exceeds block count (1198); potential sync issue    
2026-08-08T12:20:10.339133Z  WARN ThreadId(20) hotstuff_runner::app: Node 0 [produce_block] queue size: 2, attempting up to 2 transactions this block    
2026-08-08T12:20:10.339961Z  WARN ThreadId(20) hotstuff_runner::app: Node 0 view(4797) far exceeds block count (1199); potential sync issue    
2026-08-08T12:20:10.431050Z  WARN ThreadId(20) hotstuff_runner::app: Node 0 [produce_block] queue size: 0, attempting up to 0 transactions this block    
2026-08-08T12:20:10.432003Z  WARN ThreadId(20) hotstuff_runner::app: Node 0 view(4801) far exceeds block count (1200); potential sync issue    
2026-08-08T12:20:10.551180Z  WARN ThreadId(20) hotstuff_runner::app: Node 0 [produce_block] queue size: 2, attempting up to 2 transactions this block    
2026-08-08T12:20:10.551327Z  WARN ThreadId(20) hotstuff_runner::app: Node 0 view(4805) far exceeds block count (1201); potential sync issue    
2026-08-08T12:20:10.667476Z  WARN ThreadId(20) hotstuff_runner::app: Node 0 [produce_block] queue size: 0, attempting up to 0 transactions this block    
2026-08-08T12:20:10.670514Z  WARN ThreadId(20) hotstuff_runner::app: Node 0 view(4809) far exceeds block count (1202); potential sync issue    
2026-08-08T12:20:10.748865Z  WARN ThreadId(20) hotstuff_runner::app: Node 0 [produce_block] queue size: 2, attempting up to 2 transactions this block    
2026-08-08T12:20:10.754951Z  WARN ThreadId(20) hotstuff_runner::app: Node 0 view(4813) far exceeds block count (1203); potential sync issue    
2026-08-08T12:20:10.851706Z  WARN ThreadId(20) hotstuff_runner::app: Node 0 [produce_block] queue size: 0, attempting up to 0 transactions this block    
2026-08-08T12:20:10.851902Z  WARN ThreadId(20) hotstuff_runner::app: Node 0 view(4817) far exceeds block count (1204); potential sync issue    
2026-08-08T12:20:11.000704Z  WARN ThreadId(20) hotstuff_runner::app: Node 0 [produce_block] queue size: 2, attempting up to 2 transactions this block    
2026-08-08T12:20:11.005206Z  WARN ThreadId(20) hotstuff_runner::app: Node 0 view(4821) far exceeds block count (1205); potential sync issue    
2026-08-08T12:20:11.113832Z  WARN ThreadId(20) hotstuff_runner::app: Node 0 [produce_block] queue size: 2, attempting up to 2 transactions this block    
2026-08-08T12:20:11.114224Z  WARN ThreadId(20) hotstuff_runner::app: Node 0 view(4825) far exceeds block count (1206); potential sync issue    
2026-08-08T12:20:11.199908Z  WARN ThreadId(20) hotstuff_runner::app: Node 0 [produce_block] queue size: 0, attempting up to 0 transactions this block    
2026-08-08T12:20:11.201563Z  WARN ThreadId(20) hotstuff_runner::app: Node 0 view(4829) far exceeds block count (1207); potential sync issue    
2026-08-08T12:20:11.335019Z  WARN ThreadId(20) hotstuff_runner::app: Node 0 [produce_block] queue size: 2, attempting up to 2 transactions this block    
2026-08-08T12:20:11.340020Z  WARN ThreadId(20) hotstuff_runner::app: Node 0 view(4833) far exceeds block count (1208); potential sync issue    
2026-08-08T12:20:11.470870Z  WARN ThreadId(20) hotstuff_runner::app: Node 0 [produce_block] queue size: 0, attempting up to 0 transactions this block    
2026-08-08T12:20:11.471061Z  WARN ThreadId(20) hotstuff_runner::app: Node 0 view(4837) far exceeds block count (1209); potential sync issue    
2026-08-08T12:20:11.533710Z  WARN ThreadId(20) hotstuff_runner::app: Node 0 [produce_block] queue size: 2, attempting up to 2 transactions this block    
2026-08-08T12:20:11.535644Z  WARN ThreadId(20) hotstuff_runner::app: Node 0 view(4841) far exceeds block count (1210); potential sync issue    
2026-08-08T12:20:11.658561Z  WARN ThreadId(20) hotstuff_runner::app: Node 0 [produce_block] queue size: 0, attempting up to 0 transactions this block    
2026-08-08T12:20:11.659143Z  WARN ThreadId(20) hotstuff_runner::app: Node 0 view(4845) far exceeds block count (1211); potential sync issue    
2026-08-08T12:20:11.839634Z  WARN ThreadId(20) hotstuff_runner::app: Node 0 [produce_block] queue size: 2, attempting up to 2 transactions this block    
2026-08-08T12:20:11.841903Z  WARN ThreadId(20) hotstuff_runner::app: Node 0 view(4849) far exceeds block count (1212); potential sync issue    
2026-08-08T12:20:12.014088Z  WARN ThreadId(20) hotstuff_runner::app: Node 0 [produce_block] queue size: 2, attempting up to 2 transactions this block    
2026-08-08T12:20:12.017387Z  WARN ThreadId(20) hotstuff_runner::app: Node 0 view(4853) far exceeds block count (1213); potential sync issue    
2026-08-08T12:20:12.145487Z  WARN ThreadId(20) hotstuff_runner::app: Node 0 [produce_block] queue size: 0, attempting up to 0 transactions this block    
2026-08-08T12:20:12.147377Z  WARN ThreadId(20) hotstuff_runner::app: Node 0 view(4857) far exceeds block count (1214); potential sync issue    
2026-08-08T12:20:12.325896Z  WARN ThreadId(20) hotstuff_runner::app: Node 0 [produce_block] queue size: 2, attempting up to 2 transactions this block    
2026-08-08T12:20:12.326433Z  WARN ThreadId(20) hotstuff_runner::app: Node 0 view(4861) far exceeds block count (1215); potential sync issue    
2026-08-08T12:20:12.493659Z  WARN ThreadId(20) hotstuff_runner::app: Node 0 [produce_block] queue size: 2, attempting up to 2 transactions this block    
2026-08-08T12:20:12.494811Z  WARN ThreadId(20) hotstuff_runner::app: Node 0 view(4865) far exceeds block count (1216); potential sync issue    
2026-08-08T12:20:12.563132Z  WARN ThreadId(20) hotstuff_runner::app: Node 0 [produce_block] queue size: 0, attempting up to 0 transactions this block    
2026-08-08T12:20:12.569421Z  WARN ThreadId(20) hotstuff_runner::app: Node 0 view(4869) far exceeds block count (1217); potential sync issue    
2026-08-08T12:20:12.657436Z  WARN ThreadId(20) hotstuff_runner::app: Node 0 [produce_block] queue size: 0, attempting up to 0 transactions this block    
2026-08-08T12:20:12.657927Z  WARN ThreadId(20) hotstuff_runner::app: Node 0 view(4873) far exceeds block count (1218); potential sync issue    
2026-08-08T12:20:12.720168Z  WARN ThreadId(20) hotstuff_runner::app: Node 0 [produce_block] queue size: 2, attempting up to 2 transactions this block    
2026-08-08T12:20:12.722056Z  WARN ThreadId(20) hotstuff_runner::app: Node 0 view(4877) far exceeds block count (1219); potential sync issue    
2026-08-08T12:20:12.815003Z  WARN ThreadId(20) hotstuff_runner::app: Node 0 [produce_block] queue size: 0, attempting up to 0 transactions this block    
2026-08-08T12:20:12.816440Z  WARN ThreadId(20) hotstuff_runner::app: Node 0 view(4881) far exceeds block count (1220); potential sync issue    
2026-08-08T12:20:13.068738Z  WARN ThreadId(20) hotstuff_runner::app: Node 0 [produce_block] queue size: 2, attempting up to 2 transactions this block    
2026-08-08T12:20:13.069755Z  WARN ThreadId(20) hotstuff_runner::app: Node 0 view(4885) far exceeds block count (1221); potential sync issue    
2026-08-08T12:20:13.150339Z  WARN ThreadId(20) hotstuff_runner::app: Node 0 [produce_block] queue size: 2, attempting up to 2 transactions this block    
2026-08-08T12:20:13.151356Z  WARN ThreadId(20) hotstuff_runner::app: Node 0 view(4889) far exceeds block count (1222); potential sync issue    
2026-08-08T12:20:13.220493Z  WARN ThreadId(20) hotstuff_runner::app: Node 0 [produce_block] queue size: 0, attempting up to 0 transactions this block    
2026-08-08T12:20:13.223202Z  WARN ThreadId(20) hotstuff_runner::app: Node 0 view(4893) far exceeds block count (1223); potential sync issue    
2026-08-08T12:20:13.290682Z  WARN ThreadId(20) hotstuff_runner::app: Node 0 [produce_block] queue size: 2, attempting up to 2 transactions this block    
2026-08-08T12:20:13.291030Z  WARN ThreadId(20) hotstuff_runner::app: Node 0 view(4897) far exceeds block count (1224); potential sync issue    
2026-08-08T12:20:13.382639Z  WARN ThreadId(20) hotstuff_runner::app: Node 0 [produce_block] queue size: 0, attempting up to 0 transactions this block    
2026-08-08T12:20:13.382852Z  WARN ThreadId(20) hotstuff_runner::app: Node 0 view(4901) far exceeds block count (1225); potential sync issue    
2026-08-08T12:20:13.481553Z  WARN ThreadId(20) hotstuff_runner::app: Node 0 [produce_block] queue size: 2, attempting up to 2 transactions this block    
2026-08-08T12:20:13.483485Z  WARN ThreadId(20) hotstuff_runner::app: Node 0 view(4905) far exceeds block count (1226); potential sync issue    
2026-08-08T12:20:13.597044Z  WARN ThreadId(20) hotstuff_runner::app: Node 0 [produce_block] queue size: 0, attempting up to 0 transactions this block    
2026-08-08T12:20:13.598310Z  WARN ThreadId(20) hotstuff_runner::app: Node 0 view(4909) far exceeds block count (1227); potential sync issue    
2026-08-08T12:20:13.690530Z  WARN ThreadId(20) hotstuff_runner::app: Node 0 [produce_block] queue size: 2, attempting up to 2 transactions this block    
2026-08-08T12:20:13.690895Z  WARN ThreadId(20) hotstuff_runner::app: Node 0 view(4913) far exceeds block count (1228); potential sync issue    
2026-08-08T12:20:13.768444Z  WARN ThreadId(20) hotstuff_runner::app: Node 0 [produce_block] queue size: 0, attempting up to 0 transactions this block    
2026-08-08T12:20:13.768840Z  WARN ThreadId(20) hotstuff_runner::app: Node 0 view(4917) far exceeds block count (1229); potential sync issue    
2026-08-08T12:20:13.830235Z  WARN ThreadId(20) hotstuff_runner::app: Node 0 [produce_block] queue size: 0, attempting up to 0 transactions this block    
2026-08-08T12:20:13.831121Z  WARN ThreadId(20) hotstuff_runner::app: Node 0 view(4921) far exceeds block count (1230); potential sync issue    
2026-08-08T12:20:13.904344Z  WARN ThreadId(20) hotstuff_runner::app: Node 0 [produce_block] queue size: 2, attempting up to 2 transactions this block    
2026-08-08T12:20:13.905965Z  WARN ThreadId(20) hotstuff_runner::app: Node 0 view(4925) far exceeds block count (1231); potential sync issue    
2026-08-08T12:20:13.970645Z  WARN ThreadId(20) hotstuff_runner::app: Node 0 [produce_block] queue size: 0, attempting up to 0 transactions this block    
2026-08-08T12:20:13.971239Z  WARN ThreadId(20) hotstuff_runner::app: Node 0 view(4929) far exceeds block count (1232); potential sync issue    
2026-08-08T12:20:14.032559Z  WARN ThreadId(20) hotstuff_runner::app: Node 0 [produce_block] queue size: 2, attempting up to 2 transactions this block    
2026-08-08T12:20:14.033325Z  WARN ThreadId(20) hotstuff_runner::app: Node 0 view(4933) far exceeds block count (1233); potential sync issue    
2026-08-08T12:20:14.158099Z  WARN ThreadId(20) hotstuff_runner::app: Node 0 [produce_block] queue size: 0, attempting up to 0 transactions this block    
2026-08-08T12:20:14.159588Z  WARN ThreadId(20) hotstuff_runner::app: Node 0 view(4937) far exceeds block count (1234); potential sync issue    
2026-08-08T12:20:14.249300Z  WARN ThreadId(20) hotstuff_runner::app: Node 0 [produce_block] queue size: 2, attempting up to 2 transactions this block    
2026-08-08T12:20:14.250609Z  WARN ThreadId(20) hotstuff_runner::app: Node 0 view(4941) far exceeds block count (1235); potential sync issue    
2026-08-08T12:20:14.355228Z  WARN ThreadId(20) hotstuff_runner::app: Node 0 [produce_block] queue size: 2, attempting up to 2 transactions this block    
2026-08-08T12:20:14.355595Z  WARN ThreadId(20) hotstuff_runner::app: Node 0 view(4945) far exceeds block count (1236); potential sync issue    
2026-08-08T12:20:14.431901Z  WARN ThreadId(20) hotstuff_runner::app: Node 0 [produce_block] queue size: 0, attempting up to 0 transactions this block    
2026-08-08T12:20:14.432636Z  WARN ThreadId(20) hotstuff_runner::app: Node 0 view(4949) far exceeds block count (1237); potential sync issue    
2026-08-08T12:20:14.516908Z  WARN ThreadId(20) hotstuff_runner::app: Node 0 [produce_block] queue size: 0, attempting up to 0 transactions this block    
2026-08-08T12:20:14.519174Z  WARN ThreadId(20) hotstuff_runner::app: Node 0 view(4953) far exceeds block count (1238); potential sync issue    
2026-08-08T12:20:14.635433Z  WARN ThreadId(20) hotstuff_runner::app: Node 0 [produce_block] queue size: 2, attempting up to 2 transactions this block    
2026-08-08T12:20:14.635856Z  WARN ThreadId(20) hotstuff_runner::app: Node 0 view(4957) far exceeds block count (1239); potential sync issue    
2026-08-08T12:20:14.717117Z  WARN ThreadId(20) hotstuff_runner::app: Node 0 [produce_block] queue size: 0, attempting up to 0 transactions this block    
2026-08-08T12:20:14.717341Z  WARN ThreadId(20) hotstuff_runner::app: Node 0 view(4961) far exceeds block count (1240); potential sync issue    
2026-08-08T12:20:14.850130Z  WARN ThreadId(20) hotstuff_runner::app: Node 0 [produce_block] queue size: 2, attempting up to 2 transactions this block    
2026-08-08T12:20:14.850671Z  WARN ThreadId(20) hotstuff_runner::app: Node 0 view(4965) far exceeds block count (1241); potential sync issue    
2026-08-08T12:20:14.960927Z  WARN ThreadId(20) hotstuff_runner::app: Node 0 [produce_block] queue size: 0, attempting up to 0 transactions this block    
2026-08-08T12:20:14.961721Z  WARN ThreadId(20) hotstuff_runner::app: Node 0 view(4969) far exceeds block count (1242); potential sync issue    
2026-08-08T12:20:15.071004Z  WARN ThreadId(20) hotstuff_runner::app: Node 0 [produce_block] queue size: 2, attempting up to 2 transactions this block    
2026-08-08T12:20:15.071852Z  WARN ThreadId(20) hotstuff_runner::app: Node 0 view(4973) far exceeds block count (1243); potential sync issue    
2026-08-08T12:20:15.167419Z  WARN ThreadId(04) docker_node: Low processing efficiency: 0.0% - system may need tuning
2026-08-08T12:20:15.181575Z  WARN ThreadId(20) hotstuff_runner::app: Node 0 [produce_block] queue size: 0, attempting up to 0 transactions this block    
2026-08-08T12:20:15.182627Z  WARN ThreadId(20) hotstuff_runner::app: Node 0 view(4977) far exceeds block count (1244); potential sync issue    
2026-08-08T12:20:15.321378Z  WARN ThreadId(20) hotstuff_runner::app: Node 0 [produce_block] queue size: 2, attempting up to 2 transactions this block    
2026-08-08T12:20:15.323355Z  WARN ThreadId(20) hotstuff_runner::app: Node 0 view(4981) far exceeds block count (1245); potential sync issue    
2026-08-08T12:20:15.392642Z  WARN ThreadId(20) hotstuff_runner::app: Node 0 [produce_block] queue size: 0, attempting up to 0 transactions this block    
2026-08-08T12:20:15.395164Z  WARN ThreadId(20) hotstuff_runner::app: Node 0 view(4985) far exceeds block count (1246); potential sync issue    
2026-08-08T12:20:15.541159Z  WARN ThreadId(20) hotstuff_runner::app: Node 0 [produce_block] queue size: 2, attempting up to 2 transactions this block    
2026-08-08T12:20:15.542405Z  WARN ThreadId(20) hotstuff_runner::app: Node 0 view(4989) far exceeds block count (1247); potential sync issue    
2026-08-08T12:20:15.632383Z  WARN ThreadId(20) hotstuff_runner::app: Node 0 [produce_block] queue size: 2, attempting up to 2 transactions this block    
2026-08-08T12:20:15.632973Z  WARN ThreadId(20) hotstuff_runner::app: Node 0 view(4993) far exceeds block count (1248); potential sync issue    
2026-08-08T12:20:15.746574Z  WARN ThreadId(20) hotstuff_runner::app: Node 0 [produce_block] queue size: 0, attempting up to 0 transactions this block    
2026-08-08T12:20:15.759055Z  WARN ThreadId(20) hotstuff_runner::app: Node 0 view(4997) far exceeds block count (1249); potential sync issue    
2026-08-08T12:20:15.862824Z  WARN ThreadId(20) hotstuff_runner::app: Node 0 [produce_block] queue size: 2, attempting up to 2 transactions this block    
2026-08-08T12:20:15.868630Z  WARN ThreadId(20) hotstuff_runner::app: Node 0 view(5001) far exceeds block count (1250); potential sync issue    
2026-08-08T12:20:15.960161Z  WARN ThreadId(20) hotstuff_runner::app: Node 0 [produce_block] queue size: 0, attempting up to 0 transactions this block    
2026-08-08T12:20:15.960461Z  WARN ThreadId(20) hotstuff_runner::app: Node 0 view(5005) far exceeds block count (1251); potential sync issue    
2026-08-08T12:20:16.066434Z  WARN ThreadId(20) hotstuff_runner::app: Node 0 [produce_block] queue size: 2, attempting up to 2 transactions this block    
2026-08-08T12:20:16.068325Z  WARN ThreadId(20) hotstuff_runner::app: Node 0 view(5009) far exceeds block count (1252); potential sync issue    
2026-08-08T12:20:16.152469Z  WARN ThreadId(20) hotstuff_runner::app: Node 0 [produce_block] queue size: 0, attempting up to 0 transactions this block    
2026-08-08T12:20:16.153015Z  WARN ThreadId(20) hotstuff_runner::app: Node 0 view(5013) far exceeds block count (1253); potential sync issue    
2026-08-08T12:20:16.209519Z  WARN ThreadId(20) hotstuff_runner::app: Node 0 [produce_block] queue size: 2, attempting up to 2 transactions this block    
2026-08-08T12:20:16.209679Z  WARN ThreadId(20) hotstuff_runner::app: Node 0 view(5017) far exceeds block count (1254); potential sync issue    
2026-08-08T12:20:16.312862Z  WARN ThreadId(20) hotstuff_runner::app: Node 0 [produce_block] queue size: 0, attempting up to 0 transactions this block    
2026-08-08T12:20:16.313448Z  WARN ThreadId(20) hotstuff_runner::app: Node 0 view(5021) far exceeds block count (1255); potential sync issue    
2026-08-08T12:20:16.430487Z  WARN ThreadId(20) hotstuff_runner::app: Node 0 [produce_block] queue size: 2, attempting up to 2 transactions this block    
2026-08-08T12:20:16.430832Z  WARN ThreadId(20) hotstuff_runner::app: Node 0 view(5025) far exceeds block count (1256); potential sync issue    
2026-08-08T12:20:16.545106Z  WARN ThreadId(20) hotstuff_runner::app: Node 0 [produce_block] queue size: 0, attempting up to 0 transactions this block    
2026-08-08T12:20:16.547645Z  WARN ThreadId(20) hotstuff_runner::app: Node 0 view(5029) far exceeds block count (1257); potential sync issue    
2026-08-08T12:20:16.650186Z  WARN ThreadId(20) hotstuff_runner::app: Node 0 [produce_block] queue size: 2, attempting up to 2 transactions this block    
2026-08-08T12:20:16.658733Z  WARN ThreadId(20) hotstuff_runner::app: Node 0 view(5033) far exceeds block count (1258); potential sync issue    
2026-08-08T12:20:16.828096Z  WARN ThreadId(20) hotstuff_runner::app: Node 0 [produce_block] queue size: 2, attempting up to 2 transactions this block    
2026-08-08T12:20:16.828321Z  WARN ThreadId(20) hotstuff_runner::app: Node 0 view(5037) far exceeds block count (1259); potential sync issue    
2026-08-08T12:20:16.953240Z  WARN ThreadId(20) hotstuff_runner::app: Node 0 [produce_block] queue size: 0, attempting up to 0 transactions this block    
2026-08-08T12:20:16.954068Z  WARN ThreadId(20) hotstuff_runner::app: Node 0 view(5041) far exceeds block count (1260); potential sync issue    
2026-08-08T12:20:17.109964Z  WARN ThreadId(20) hotstuff_runner::app: Node 0 [produce_block] queue size: 2, attempting up to 2 transactions this block    
2026-08-08T12:20:17.110635Z  WARN ThreadId(20) hotstuff_runner::app: Node 0 view(5045) far exceeds block count (1261); potential sync issue    
2026-08-08T12:20:17.159391Z  WARN ThreadId(20) hotstuff_runner::app: Node 0 [produce_block] queue size: 0, attempting up to 0 transactions this block    
2026-08-08T12:20:17.160728Z  WARN ThreadId(20) hotstuff_runner::app: Node 0 view(5049) far exceeds block count (1262); potential sync issue    
2026-08-08T12:20:17.222272Z  WARN ThreadId(20) hotstuff_runner::app: Node 0 [produce_block] queue size: 2, attempting up to 2 transactions this block    
2026-08-08T12:20:17.225382Z  WARN ThreadId(20) hotstuff_runner::app: Node 0 view(5053) far exceeds block count (1263); potential sync issue    
2026-08-08T12:20:17.337364Z  WARN ThreadId(20) hotstuff_runner::app: Node 0 [produce_block] queue size: 0, attempting up to 0 transactions this block    
2026-08-08T12:20:17.337595Z  WARN ThreadId(20) hotstuff_runner::app: Node 0 view(5057) far exceeds block count (1264); potential sync issue    
2026-08-08T12:20:17.429471Z  WARN ThreadId(20) hotstuff_runner::app: Node 0 [produce_block] queue size: 2, attempting up to 2 transactions this block    
2026-08-08T12:20:17.430192Z  WARN ThreadId(20) hotstuff_runner::app: Node 0 view(5061) far exceeds block count (1265); potential sync issue    
2026-08-08T12:20:17.531567Z  WARN ThreadId(20) hotstuff_runner::app: Node 0 [produce_block] queue size: 0, attempting up to 0 transactions this block    
2026-08-08T12:20:17.537547Z  WARN ThreadId(20) hotstuff_runner::app: Node 0 view(5065) far exceeds block count (1266); potential sync issue    
2026-08-08T12:20:17.637068Z  WARN ThreadId(20) hotstuff_runner::app: Node 0 [produce_block] queue size: 2, attempting up to 2 transactions this block    
2026-08-08T12:20:17.646686Z  WARN ThreadId(20) hotstuff_runner::app: Node 0 view(5069) far exceeds block count (1267); potential sync issue    
2026-08-08T12:20:17.732935Z  WARN ThreadId(20) hotstuff_runner::app: Node 0 [produce_block] queue size: 0, attempting up to 0 transactions this block    
2026-08-08T12:20:17.735856Z  WARN ThreadId(20) hotstuff_runner::app: Node 0 view(5073) far exceeds block count (1268); potential sync issue    
2026-08-08T12:20:17.806499Z  WARN ThreadId(20) hotstuff_runner::app: Node 0 [produce_block] queue size: 2, attempting up to 2 transactions this block    
2026-08-08T12:20:17.807034Z  WARN ThreadId(20) hotstuff_runner::app: Node 0 view(5077) far exceeds block count (1269); potential sync issue    
2026-08-08T12:20:17.861828Z  WARN ThreadId(20) hotstuff_runner::app: Node 0 [produce_block] queue size: 0, attempting up to 0 transactions this block    
2026-08-08T12:20:17.862357Z  WARN ThreadId(20) hotstuff_runner::app: Node 0 view(5081) far exceeds block count (1270); potential sync issue    
2026-08-08T12:20:17.941499Z  WARN ThreadId(20) hotstuff_runner::app: Node 0 [produce_block] queue size: 0, attempting up to 0 transactions this block    
2026-08-08T12:20:17.942994Z  WARN ThreadId(20) hotstuff_runner::app: Node 0 view(5085) far exceeds block count (1271); potential sync issue    
2026-08-08T12:20:18.005241Z  WARN ThreadId(20) hotstuff_runner::app: Node 0 [produce_block] queue size: 2, attempting up to 2 transactions this block    
2026-08-08T12:20:18.005732Z  WARN ThreadId(20) hotstuff_runner::app: Node 0 view(5089) far exceeds block count (1272); potential sync issue    
2026-08-08T12:20:18.068980Z  WARN ThreadId(20) hotstuff_runner::app: Node 0 [produce_block] queue size: 0, attempting up to 0 transactions this block    
2026-08-08T12:20:18.070512Z  WARN ThreadId(20) hotstuff_runner::app: Node 0 view(5093) far exceeds block count (1273); potential sync issue    
2026-08-08T12:20:18.170320Z  WARN ThreadId(20) hotstuff_runner::app: Node 0 [produce_block] queue size: 2, attempting up to 2 transactions this block    
2026-08-08T12:20:18.175436Z  WARN ThreadId(20) hotstuff_runner::app: Node 0 view(5097) far exceeds block count (1274); potential sync issue    
2026-08-08T12:20:18.279772Z  WARN ThreadId(20) hotstuff_runner::app: Node 0 [produce_block] queue size: 0, attempting up to 0 transactions this block    
2026-08-08T12:20:18.280167Z  WARN ThreadId(20) hotstuff_runner::app: Node 0 view(5101) far exceeds block count (1275); potential sync issue    
2026-08-08T12:20:18.384006Z  WARN ThreadId(20) hotstuff_runner::app: Node 0 [produce_block] queue size: 2, attempting up to 2 transactions this block    
2026-08-08T12:20:18.384172Z  WARN ThreadId(20) hotstuff_runner::app: Node 0 view(5105) far exceeds block count (1276); potential sync issue    
2026-08-08T12:20:18.512705Z  WARN ThreadId(20) hotstuff_runner::app: Node 0 [produce_block] queue size: 0, attempting up to 0 transactions this block    
2026-08-08T12:20:18.514795Z  WARN ThreadId(20) hotstuff_runner::app: Node 0 view(5109) far exceeds block count (1277); potential sync issue    
2026-08-08T12:20:18.602576Z  WARN ThreadId(20) hotstuff_runner::app: Node 0 [produce_block] queue size: 2, attempting up to 2 transactions this block    
2026-08-08T12:20:18.603806Z  WARN ThreadId(20) hotstuff_runner::app: Node 0 view(5113) far exceeds block count (1278); potential sync issue    
2026-08-08T12:20:18.660370Z  WARN ThreadId(20) hotstuff_runner::app: Node 0 [produce_block] queue size: 0, attempting up to 0 transactions this block    
2026-08-08T12:20:18.660842Z  WARN ThreadId(20) hotstuff_runner::app: Node 0 view(5117) far exceeds block count (1279); potential sync issue    
2026-08-08T12:20:18.721919Z  WARN ThreadId(20) hotstuff_runner::app: Node 0 [produce_block] queue size: 0, attempting up to 0 transactions this block    
2026-08-08T12:20:18.722415Z  WARN ThreadId(20) hotstuff_runner::app: Node 0 view(5121) far exceeds block count (1280); potential sync issue    
2026-08-08T12:20:18.810652Z  WARN ThreadId(20) hotstuff_runner::app: Node 0 [produce_block] queue size: 2, attempting up to 2 transactions this block    
2026-08-08T12:20:18.813670Z  WARN ThreadId(20) hotstuff_runner::app: Node 0 view(5125) far exceeds block count (1281); potential sync issue    
2026-08-08T12:20:20.168414Z  WARN ThreadId(05) docker_node: Low processing efficiency: 0.0% - system may need tuning
2026-08-08T12:20:20.897136Z  WARN ThreadId(20) hotstuff_runner::app: Node 0 [produce_block] queue size: 20, attempting up to 20 transactions this block    
2026-08-08T12:20:20.899008Z  WARN ThreadId(20) hotstuff_runner::app: Node 0 view(5129) far exceeds block count (1282); potential sync issue    
2026-08-08T12:20:20.987855Z  WARN ThreadId(20) hotstuff_runner::app: Node 0 [produce_block] queue size: 0, attempting up to 0 transactions this block    
2026-08-08T12:20:20.987995Z  WARN ThreadId(20) hotstuff_runner::app: Node 0 view(5133) far exceeds block count (1283); potential sync issue    
2026-08-08T12:20:21.106925Z  WARN ThreadId(20) hotstuff_runner::app: Node 0 [produce_block] queue size: 2, attempting up to 2 transactions this block    
2026-08-08T12:20:21.107491Z  WARN ThreadId(20) hotstuff_runner::app: Node 0 view(5137) far exceeds block count (1284); potential sync issue    
2026-08-08T12:20:21.174385Z  WARN ThreadId(20) hotstuff_runner::app: Node 0 [produce_block] queue size: 0, attempting up to 0 transactions this block    
2026-08-08T12:20:21.179312Z  WARN ThreadId(20) hotstuff_runner::app: Node 0 view(5141) far exceeds block count (1285); potential sync issue    
2026-08-08T12:20:21.291496Z  WARN ThreadId(20) hotstuff_runner::app: Node 0 [produce_block] queue size: 2, attempting up to 2 transactions this block    
2026-08-08T12:20:21.291831Z  WARN ThreadId(20) hotstuff_runner::app: Node 0 view(5145) far exceeds block count (1286); potential sync issue    
2026-08-08T12:20:21.369312Z  WARN ThreadId(20) hotstuff_runner::app: Node 0 [produce_block] queue size: 0, attempting up to 0 transactions this block    
2026-08-08T12:20:21.369395Z  WARN ThreadId(20) hotstuff_runner::app: Node 0 view(5149) far exceeds block count (1287); potential sync issue    
2026-08-08T12:20:21.433368Z  WARN ThreadId(20) hotstuff_runner::app: Node 0 [produce_block] queue size: 2, attempting up to 2 transactions this block    
2026-08-08T12:20:21.433888Z  WARN ThreadId(20) hotstuff_runner::app: Node 0 view(5153) far exceeds block count (1288); potential sync issue    
2026-08-08T12:20:21.527259Z  WARN ThreadId(20) hotstuff_runner::app: Node 0 [produce_block] queue size: 0, attempting up to 0 transactions this block    
2026-08-08T12:20:21.528849Z  WARN ThreadId(20) hotstuff_runner::app: Node 0 view(5157) far exceeds block count (1289); potential sync issue    
2026-08-08T12:20:21.593926Z  WARN ThreadId(20) hotstuff_runner::app: Node 0 [produce_block] queue size: 0, attempting up to 0 transactions this block    
2026-08-08T12:20:21.595210Z  WARN ThreadId(20) hotstuff_runner::app: Node 0 view(5161) far exceeds block count (1290); potential sync issue    
2026-08-08T12:20:21.741692Z  WARN ThreadId(20) hotstuff_runner::app: Node 0 [produce_block] queue size: 2, attempting up to 2 transactions this block    
2026-08-08T12:20:21.741856Z  WARN ThreadId(20) hotstuff_runner::app: Node 0 view(5165) far exceeds block count (1291); potential sync issue    
2026-08-08T12:20:21.839162Z  WARN ThreadId(20) hotstuff_runner::app: Node 0 [produce_block] queue size: 2, attempting up to 2 transactions this block    
2026-08-08T12:20:21.844364Z  WARN ThreadId(20) hotstuff_runner::app: Node 0 view(5169) far exceeds block count (1292); potential sync issue    
2026-08-08T12:20:21.929026Z  WARN ThreadId(20) hotstuff_runner::app: Node 0 [produce_block] queue size: 0, attempting up to 0 transactions this block    
2026-08-08T12:20:21.929406Z  WARN ThreadId(20) hotstuff_runner::app: Node 0 view(5173) far exceeds block count (1293); potential sync issue    
2026-08-08T12:20:22.031123Z  WARN ThreadId(20) hotstuff_runner::app: Node 0 [produce_block] queue size: 2, attempting up to 2 transactions this block    
2026-08-08T12:20:22.033783Z  WARN ThreadId(20) hotstuff_runner::app: Node 0 view(5177) far exceeds block count (1294); potential sync issue    
2026-08-08T12:20:22.115791Z  WARN ThreadId(20) hotstuff_runner::app: Node 0 [produce_block] queue size: 0, attempting up to 0 transactions this block    
2026-08-08T12:20:22.119004Z  WARN ThreadId(20) hotstuff_runner::app: Node 0 view(5181) far exceeds block count (1295); potential sync issue    
2026-08-08T12:20:22.173359Z  WARN ThreadId(20) hotstuff_runner::app: Node 0 [produce_block] queue size: 0, attempting up to 0 transactions this block    
2026-08-08T12:20:22.174604Z  WARN ThreadId(20) hotstuff_runner::app: Node 0 view(5185) far exceeds block count (1296); potential sync issue    
2026-08-08T12:20:22.242432Z  WARN ThreadId(20) hotstuff_runner::app: Node 0 [produce_block] queue size: 2, attempting up to 2 transactions this block    
2026-08-08T12:20:22.243241Z  WARN ThreadId(20) hotstuff_runner::app: Node 0 view(5189) far exceeds block count (1297); potential sync issue    
2026-08-08T12:20:22.322953Z  WARN ThreadId(20) hotstuff_runner::app: Node 0 [produce_block] queue size: 0, attempting up to 0 transactions this block    
2026-08-08T12:20:22.323037Z  WARN ThreadId(20) hotstuff_runner::app: Node 0 view(5193) far exceeds block count (1298); potential sync issue    
2026-08-08T12:20:22.442575Z  WARN ThreadId(20) hotstuff_runner::app: Node 0 [produce_block] queue size: 2, attempting up to 2 transactions this block    
2026-08-08T12:20:22.443382Z  WARN ThreadId(20) hotstuff_runner::app: Node 0 view(5197) far exceeds block count (1299); potential sync issue    
2026-08-08T12:20:22.526185Z  WARN ThreadId(20) hotstuff_runner::app: Node 0 [produce_block] queue size: 0, attempting up to 0 transactions this block    
2026-08-08T12:20:22.528155Z  WARN ThreadId(20) hotstuff_runner::app: Node 0 view(5201) far exceeds block count (1300); potential sync issue    
2026-08-08T12:20:22.586857Z  WARN ThreadId(20) hotstuff_runner::app: Node 0 [produce_block] queue size: 0, attempting up to 0 transactions this block    
2026-08-08T12:20:22.588012Z  WARN ThreadId(20) hotstuff_runner::app: Node 0 view(5205) far exceeds block count (1301); potential sync issue    
2026-08-08T12:20:22.702567Z  WARN ThreadId(20) hotstuff_runner::app: Node 0 [produce_block] queue size: 2, attempting up to 2 transactions this block    
2026-08-08T12:20:22.703336Z  WARN ThreadId(20) hotstuff_runner::app: Node 0 view(5209) far exceeds block count (1302); potential sync issue    
2026-08-08T12:20:22.816298Z  WARN ThreadId(20) hotstuff_runner::app: Node 0 [produce_block] queue size: 2, attempting up to 2 transactions this block    
2026-08-08T12:20:22.817384Z  WARN ThreadId(20) hotstuff_runner::app: Node 0 view(5213) far exceeds block count (1303); potential sync issue    
2026-08-08T12:20:22.939055Z  WARN ThreadId(20) hotstuff_runner::app: Node 0 [produce_block] queue size: 0, attempting up to 0 transactions this block    
2026-08-08T12:20:22.940109Z  WARN ThreadId(20) hotstuff_runner::app: Node 0 view(5217) far exceeds block count (1304); potential sync issue    
2026-08-08T12:20:23.018610Z  WARN ThreadId(20) hotstuff_runner::app: Node 0 [produce_block] queue size: 2, attempting up to 2 transactions this block    
2026-08-08T12:20:23.023026Z  WARN ThreadId(20) hotstuff_runner::app: Node 0 view(5221) far exceeds block count (1305); potential sync issue    
2026-08-08T12:20:23.096592Z  WARN ThreadId(20) hotstuff_runner::app: Node 0 [produce_block] queue size: 0, attempting up to 0 transactions this block    
2026-08-08T12:20:23.098118Z  WARN ThreadId(20) hotstuff_runner::app: Node 0 view(5225) far exceeds block count (1306); potential sync issue    
2026-08-08T12:20:23.179036Z  WARN ThreadId(20) hotstuff_runner::app: Node 0 [produce_block] queue size: 0, attempting up to 0 transactions this block    
2026-08-08T12:20:23.181030Z  WARN ThreadId(20) hotstuff_runner::app: Node 0 view(5229) far exceeds block count (1307); potential sync issue    
2026-08-08T12:20:23.268107Z  WARN ThreadId(20) hotstuff_runner::app: Node 0 [produce_block] queue size: 2, attempting up to 2 transactions this block    
2026-08-08T12:20:23.268615Z  WARN ThreadId(20) hotstuff_runner::app: Node 0 view(5233) far exceeds block count (1308); potential sync issue    
2026-08-08T12:20:23.429651Z  WARN ThreadId(20) hotstuff_runner::app: Node 0 [produce_block] queue size: 2, attempting up to 2 transactions this block    
2026-08-08T12:20:23.434761Z  WARN ThreadId(20) hotstuff_runner::app: Node 0 view(5237) far exceeds block count (1309); potential sync issue    
2026-08-08T12:20:23.498244Z  WARN ThreadId(20) hotstuff_runner::app: Node 0 [produce_block] queue size: 0, attempting up to 0 transactions this block    
2026-08-08T12:20:23.498534Z  WARN ThreadId(20) hotstuff_runner::app: Node 0 view(5241) far exceeds block count (1310); potential sync issue    
2026-08-08T12:20:23.625420Z  WARN ThreadId(20) hotstuff_runner::app: Node 0 [produce_block] queue size: 0, attempting up to 0 transactions this block    
2026-08-08T12:20:23.626016Z  WARN ThreadId(20) hotstuff_runner::app: Node 0 view(5245) far exceeds block count (1311); potential sync issue    
2026-08-08T12:20:23.744797Z  WARN ThreadId(20) hotstuff_runner::app: Node 0 [produce_block] queue size: 2, attempting up to 2 transactions this block    
2026-08-08T12:20:23.745281Z  WARN ThreadId(20) hotstuff_runner::app: Node 0 view(5249) far exceeds block count (1312); potential sync issue    
2026-08-08T12:20:23.843511Z  WARN ThreadId(20) hotstuff_runner::app: Node 0 [produce_block] queue size: 0, attempting up to 0 transactions this block    
2026-08-08T12:20:23.843742Z  WARN ThreadId(20) hotstuff_runner::app: Node 0 view(5253) far exceeds block count (1313); potential sync issue    
2026-08-08T12:20:23.968462Z  WARN ThreadId(20) hotstuff_runner::app: Node 0 [produce_block] queue size: 2, attempting up to 2 transactions this block    
2026-08-08T12:20:23.970737Z  WARN ThreadId(20) hotstuff_runner::app: Node 0 view(5257) far exceeds block count (1314); potential sync issue    
2026-08-08T12:20:24.063960Z  WARN ThreadId(20) hotstuff_runner::app: Node 0 [produce_block] queue size: 0, attempting up to 0 transactions this block    
2026-08-08T12:20:24.064262Z  WARN ThreadId(20) hotstuff_runner::app: Node 0 view(5261) far exceeds block count (1315); potential sync issue    
2026-08-08T12:20:24.175042Z  WARN ThreadId(20) hotstuff_runner::app: Node 0 [produce_block] queue size: 2, attempting up to 2 transactions this block    
2026-08-08T12:20:24.178428Z  WARN ThreadId(20) hotstuff_runner::app: Node 0 view(5265) far exceeds block count (1316); potential sync issue    
2026-08-08T12:20:24.267345Z  WARN ThreadId(20) hotstuff_runner::app: Node 0 [produce_block] queue size: 0, attempting up to 0 transactions this block    
2026-08-08T12:20:24.276684Z  WARN ThreadId(20) hotstuff_runner::app: Node 0 view(5269) far exceeds block count (1317); potential sync issue    
2026-08-08T12:20:24.360810Z  WARN ThreadId(20) hotstuff_runner::app: Node 0 [produce_block] queue size: 2, attempting up to 2 transactions this block    
2026-08-08T12:20:24.360968Z  WARN ThreadId(20) hotstuff_runner::app: Node 0 view(5273) far exceeds block count (1318); potential sync issue    
2026-08-08T12:20:24.449882Z  WARN ThreadId(20) hotstuff_runner::app: Node 0 [produce_block] queue size: 0, attempting up to 0 transactions this block    
2026-08-08T12:20:24.450036Z  WARN ThreadId(20) hotstuff_runner::app: Node 0 view(5277) far exceeds block count (1319); potential sync issue    
2026-08-08T12:20:24.536645Z  WARN ThreadId(20) hotstuff_runner::app: Node 0 [produce_block] queue size: 2, attempting up to 2 transactions this block    
2026-08-08T12:20:24.537195Z  WARN ThreadId(20) hotstuff_runner::app: Node 0 view(5281) far exceeds block count (1320); potential sync issue    
2026-08-08T12:20:24.595346Z  WARN ThreadId(20) hotstuff_runner::app: Node 0 [produce_block] queue size: 0, attempting up to 0 transactions this block    
2026-08-08T12:20:24.595866Z  WARN ThreadId(20) hotstuff_runner::app: Node 0 view(5285) far exceeds block count (1321); potential sync issue    
2026-08-08T12:20:24.686264Z  WARN ThreadId(20) hotstuff_runner::app: Node 0 [produce_block] queue size: 0, attempting up to 0 transactions this block    
2026-08-08T12:20:24.686545Z  WARN ThreadId(20) hotstuff_runner::app: Node 0 view(5289) far exceeds block count (1322); potential sync issue    
2026-08-08T12:20:24.786338Z  WARN ThreadId(20) hotstuff_runner::app: Node 0 [produce_block] queue size: 2, attempting up to 2 transactions this block    
2026-08-08T12:20:24.787278Z  WARN ThreadId(20) hotstuff_runner::app: Node 0 view(5293) far exceeds block count (1323); potential sync issue    
2026-08-08T12:20:24.912343Z  WARN ThreadId(20) hotstuff_runner::app: Node 0 [produce_block] queue size: 2, attempting up to 2 transactions this block    
2026-08-08T12:20:24.913686Z  WARN ThreadId(20) hotstuff_runner::app: Node 0 view(5297) far exceeds block count (1324); potential sync issue    
2026-08-08T12:20:25.025836Z  WARN ThreadId(20) hotstuff_runner::app: Node 0 [produce_block] queue size: 0, attempting up to 0 transactions this block    
2026-08-08T12:20:25.027564Z  WARN ThreadId(20) hotstuff_runner::app: Node 0 view(5301) far exceeds block count (1325); potential sync issue    
2026-08-08T12:20:25.168399Z  WARN ThreadId(04) docker_node: Low processing efficiency: 0.0% - system may need tuning
2026-08-08T12:20:27.151056Z  WARN ThreadId(20) hotstuff_runner::app: Node 0 [produce_block] queue size: 22, attempting up to 22 transactions this block    
2026-08-08T12:20:27.151360Z  WARN ThreadId(20) hotstuff_runner::app: Node 0 view(5305) far exceeds block count (1326); potential sync issue    
2026-08-08T12:20:27.227094Z  WARN ThreadId(20) hotstuff_runner::app: Node 0 [produce_block] queue size: 0, attempting up to 0 transactions this block    
2026-08-08T12:20:27.227175Z  WARN ThreadId(20) hotstuff_runner::app: Node 0 view(5309) far exceeds block count (1327); potential sync issue    
2026-08-08T12:20:27.354096Z  WARN ThreadId(20) hotstuff_runner::app: Node 0 [produce_block] queue size: 2, attempting up to 2 transactions this block    
2026-08-08T12:20:27.355410Z  WARN ThreadId(20) hotstuff_runner::app: Node 0 view(5313) far exceeds block count (1328); potential sync issue    
2026-08-08T12:20:27.445342Z  WARN ThreadId(20) hotstuff_runner::app: Node 0 [produce_block] queue size: 0, attempting up to 0 transactions this block    
2026-08-08T12:20:27.449597Z  WARN ThreadId(20) hotstuff_runner::app: Node 0 view(5317) far exceeds block count (1329); potential sync issue    
2026-08-08T12:20:27.557889Z  WARN ThreadId(20) hotstuff_runner::app: Node 0 [produce_block] queue size: 2, attempting up to 2 transactions this block    
2026-08-08T12:20:27.561979Z  WARN ThreadId(20) hotstuff_runner::app: Node 0 view(5321) far exceeds block count (1330); potential sync issue    
2026-08-08T12:20:27.649143Z  WARN ThreadId(20) hotstuff_runner::app: Node 0 [produce_block] queue size: 0, attempting up to 0 transactions this block    
2026-08-08T12:20:27.649267Z  WARN ThreadId(20) hotstuff_runner::app: Node 0 view(5325) far exceeds block count (1331); potential sync issue    
2026-08-08T12:20:27.756207Z  WARN ThreadId(20) hotstuff_runner::app: Node 0 [produce_block] queue size: 2, attempting up to 2 transactions this block    
2026-08-08T12:20:27.756311Z  WARN ThreadId(20) hotstuff_runner::app: Node 0 view(5329) far exceeds block count (1332); potential sync issue    
2026-08-08T12:20:27.885260Z  WARN ThreadId(20) hotstuff_runner::app: Node 0 [produce_block] queue size: 0, attempting up to 0 transactions this block    
2026-08-08T12:20:27.895364Z  WARN ThreadId(20) hotstuff_runner::app: Node 0 view(5333) far exceeds block count (1333); potential sync issue    
2026-08-08T12:20:28.024848Z  WARN ThreadId(20) hotstuff_runner::app: Node 0 [produce_block] queue size: 2, attempting up to 2 transactions this block    
2026-08-08T12:20:28.027441Z  WARN ThreadId(20) hotstuff_runner::app: Node 0 view(5337) far exceeds block count (1334); potential sync issue    
2026-08-08T12:20:28.101160Z  WARN ThreadId(20) hotstuff_runner::app: Node 0 [produce_block] queue size: 0, attempting up to 0 transactions this block    
2026-08-08T12:20:28.108141Z  WARN ThreadId(20) hotstuff_runner::app: Node 0 view(5341) far exceeds block count (1335); potential sync issue    
2026-08-08T12:20:28.259246Z  WARN ThreadId(20) hotstuff_runner::app: Node 0 [produce_block] queue size: 2, attempting up to 2 transactions this block    
2026-08-08T12:20:28.259383Z  WARN ThreadId(20) hotstuff_runner::app: Node 0 view(5345) far exceeds block count (1336); potential sync issue    
2026-08-08T12:20:28.338419Z  WARN ThreadId(20) hotstuff_runner::app: Node 0 [produce_block] queue size: 2, attempting up to 2 transactions this block    
2026-08-08T12:20:28.344257Z  WARN ThreadId(20) hotstuff_runner::app: Node 0 view(5349) far exceeds block count (1337); potential sync issue    
2026-08-08T12:20:28.456105Z  WARN ThreadId(20) hotstuff_runner::app: Node 0 [produce_block] queue size: 0, attempting up to 0 transactions this block    
2026-08-08T12:20:28.456957Z  WARN ThreadId(20) hotstuff_runner::app: Node 0 view(5353) far exceeds block count (1338); potential sync issue    
2026-08-08T12:20:28.595396Z  WARN ThreadId(20) hotstuff_runner::app: Node 0 [produce_block] queue size: 2, attempting up to 2 transactions this block    
2026-08-08T12:20:28.595640Z  WARN ThreadId(20) hotstuff_runner::app: Node 0 view(5357) far exceeds block count (1339); potential sync issue    
2026-08-08T12:20:28.763522Z  WARN ThreadId(20) hotstuff_runner::app: Node 0 [produce_block] queue size: 2, attempting up to 2 transactions this block    
2026-08-08T12:20:28.763937Z  WARN ThreadId(20) hotstuff_runner::app: Node 0 view(5361) far exceeds block count (1340); potential sync issue    
2026-08-08T12:20:28.832319Z  WARN ThreadId(20) hotstuff_runner::app: Node 0 [produce_block] queue size: 0, attempting up to 0 transactions this block    
2026-08-08T12:20:28.832996Z  WARN ThreadId(20) hotstuff_runner::app: Node 0 view(5365) far exceeds block count (1341); potential sync issue    
2026-08-08T12:20:28.959968Z  WARN ThreadId(20) hotstuff_runner::app: Node 0 [produce_block] queue size: 2, attempting up to 2 transactions this block    
2026-08-08T12:20:28.962938Z  WARN ThreadId(20) hotstuff_runner::app: Node 0 view(5369) far exceeds block count (1342); potential sync issue    
2026-08-08T12:20:29.055649Z  WARN ThreadId(20) hotstuff_runner::app: Node 0 [produce_block] queue size: 0, attempting up to 0 transactions this block    
2026-08-08T12:20:29.055833Z  WARN ThreadId(20) hotstuff_runner::app: Node 0 view(5373) far exceeds block count (1343); potential sync issue    
2026-08-08T12:20:29.142488Z  WARN ThreadId(20) hotstuff_runner::app: Node 0 [produce_block] queue size: 2, attempting up to 2 transactions this block    
2026-08-08T12:20:29.143828Z  WARN ThreadId(20) hotstuff_runner::app: Node 0 view(5377) far exceeds block count (1344); potential sync issue    
2026-08-08T12:20:29.269909Z  WARN ThreadId(20) hotstuff_runner::app: Node 0 [produce_block] queue size: 0, attempting up to 0 transactions this block    
2026-08-08T12:20:29.272499Z  WARN ThreadId(20) hotstuff_runner::app: Node 0 view(5381) far exceeds block count (1345); potential sync issue    
2026-08-08T12:20:29.363268Z  WARN ThreadId(20) hotstuff_runner::app: Node 0 [produce_block] queue size: 2, attempting up to 2 transactions this block    
2026-08-08T12:20:29.364556Z  WARN ThreadId(20) hotstuff_runner::app: Node 0 view(5385) far exceeds block count (1346); potential sync issue    
2026-08-08T12:20:29.545275Z  WARN ThreadId(20) hotstuff_runner::app: Node 0 [produce_block] queue size: 2, attempting up to 2 transactions this block    
2026-08-08T12:20:29.548148Z  WARN ThreadId(20) hotstuff_runner::app: Node 0 view(5389) far exceeds block count (1347); potential sync issue    
2026-08-08T12:20:29.642768Z  WARN ThreadId(20) hotstuff_runner::app: Node 0 [produce_block] queue size: 0, attempting up to 0 transactions this block    
2026-08-08T12:20:29.643059Z  WARN ThreadId(20) hotstuff_runner::app: Node 0 view(5393) far exceeds block count (1348); potential sync issue    
2026-08-08T12:20:29.756158Z  WARN ThreadId(20) hotstuff_runner::app: Node 0 [produce_block] queue size: 2, attempting up to 2 transactions this block    
2026-08-08T12:20:29.757975Z  WARN ThreadId(20) hotstuff_runner::app: Node 0 view(5397) far exceeds block count (1349); potential sync issue    
2026-08-08T12:20:29.871124Z  WARN ThreadId(20) hotstuff_runner::app: Node 0 [produce_block] queue size: 0, attempting up to 0 transactions this block    
2026-08-08T12:20:29.871373Z  WARN ThreadId(20) hotstuff_runner::app: Node 0 view(5401) far exceeds block count (1350); potential sync issue    
2026-08-08T12:20:29.983308Z  WARN ThreadId(20) hotstuff_runner::app: Node 0 [produce_block] queue size: 2, attempting up to 2 transactions this block    
2026-08-08T12:20:29.984100Z  WARN ThreadId(20) hotstuff_runner::app: Node 0 view(5405) far exceeds block count (1351); potential sync issue    
2026-08-08T12:20:30.069992Z  WARN ThreadId(20) hotstuff_runner::app: Node 0 [produce_block] queue size: 0, attempting up to 0 transactions this block    
2026-08-08T12:20:30.070973Z  WARN ThreadId(20) hotstuff_runner::app: Node 0 view(5409) far exceeds block count (1352); potential sync issue    
2026-08-08T12:20:30.138142Z  WARN ThreadId(20) hotstuff_runner::app: Node 0 [produce_block] queue size: 0, attempting up to 0 transactions this block    
2026-08-08T12:20:30.138914Z  WARN ThreadId(20) hotstuff_runner::app: Node 0 view(5413) far exceeds block count (1353); potential sync issue    
2026-08-08T12:20:30.148801Z  WARN ThreadId(05) hotstuff_runner::pompe: 🧹 [Cleanup] Node 0 cleared 568 orphaned ordering1 states
2026-08-08T12:20:30.167771Z  WARN ThreadId(05) docker_node: Low processing efficiency: 0.0% - system may need tuning
2026-08-08T12:20:30.324509Z  WARN ThreadId(20) hotstuff_runner::app: Node 0 [produce_block] queue size: 2, attempting up to 2 transactions this block    
2026-08-08T12:20:30.325388Z  WARN ThreadId(20) hotstuff_runner::app: Node 0 view(5417) far exceeds block count (1354); potential sync issue    
2026-08-08T12:20:30.448634Z  WARN ThreadId(20) hotstuff_runner::app: Node 0 [produce_block] queue size: 2, attempting up to 2 transactions this block    
2026-08-08T12:20:30.451396Z  WARN ThreadId(20) hotstuff_runner::app: Node 0 view(5421) far exceeds block count (1355); potential sync issue    
2026-08-08T12:20:30.516676Z  WARN ThreadId(20) hotstuff_runner::app: Node 0 [produce_block] queue size: 0, attempting up to 0 transactions this block    
2026-08-08T12:20:30.516782Z  WARN ThreadId(20) hotstuff_runner::app: Node 0 view(5425) far exceeds block count (1356); potential sync issue    
2026-08-08T12:20:30.600721Z  WARN ThreadId(20) hotstuff_runner::app: Node 0 [produce_block] queue size: 2, attempting up to 2 transactions this block    
2026-08-08T12:20:30.601341Z  WARN ThreadId(20) hotstuff_runner::app: Node 0 view(5429) far exceeds block count (1357); potential sync issue    
2026-08-08T12:20:30.667089Z  WARN ThreadId(20) hotstuff_runner::app: Node 0 [produce_block] queue size: 0, attempting up to 0 transactions this block    
2026-08-08T12:20:30.667508Z  WARN ThreadId(20) hotstuff_runner::app: Node 0 view(5433) far exceeds block count (1358); potential sync issue    
2026-08-08T12:20:30.756782Z  WARN ThreadId(20) hotstuff_runner::app: Node 0 [produce_block] queue size: 0, attempting up to 0 transactions this block    
2026-08-08T12:20:30.761967Z  WARN ThreadId(20) hotstuff_runner::app: Node 0 view(5437) far exceeds block count (1359); potential sync issue    
2026-08-08T12:20:30.811523Z  WARN ThreadId(20) hotstuff_runner::app: Node 0 [produce_block] queue size: 2, attempting up to 2 transactions this block    
2026-08-08T12:20:30.811679Z  WARN ThreadId(20) hotstuff_runner::app: Node 0 view(5441) far exceeds block count (1360); potential sync issue    
2026-08-08T12:20:30.882502Z  WARN ThreadId(20) hotstuff_runner::app: Node 0 [produce_block] queue size: 0, attempting up to 0 transactions this block    
2026-08-08T12:20:30.887295Z  WARN ThreadId(20) hotstuff_runner::app: Node 0 view(5445) far exceeds block count (1361); potential sync issue    
2026-08-08T12:20:30.970186Z  WARN ThreadId(20) hotstuff_runner::app: Node 0 [produce_block] queue size: 2, attempting up to 2 transactions this block    
2026-08-08T12:20:30.970492Z  WARN ThreadId(20) hotstuff_runner::app: Node 0 view(5449) far exceeds block count (1362); potential sync issue    
2026-08-08T12:20:31.047560Z  WARN ThreadId(20) hotstuff_runner::app: Node 0 [produce_block] queue size: 0, attempting up to 0 transactions this block    
2026-08-08T12:20:31.047819Z  WARN ThreadId(20) hotstuff_runner::app: Node 0 view(5453) far exceeds block count (1363); potential sync issue    
2026-08-08T12:20:31.124173Z  WARN ThreadId(20) hotstuff_runner::app: Node 0 [produce_block] queue size: 0, attempting up to 0 transactions this block    
2026-08-08T12:20:31.125633Z  WARN ThreadId(20) hotstuff_runner::app: Node 0 view(5457) far exceeds block count (1364); potential sync issue    
2026-08-08T12:20:31.225456Z  WARN ThreadId(20) hotstuff_runner::app: Node 0 [produce_block] queue size: 2, attempting up to 2 transactions this block    
2026-08-08T12:20:31.225594Z  WARN ThreadId(20) hotstuff_runner::app: Node 0 view(5461) far exceeds block count (1365); potential sync issue    
2026-08-08T12:20:31.301158Z  WARN ThreadId(20) hotstuff_runner::app: Node 0 [produce_block] queue size: 0, attempting up to 0 transactions this block    
2026-08-08T12:20:31.301378Z  WARN ThreadId(20) hotstuff_runner::app: Node 0 view(5465) far exceeds block count (1366); potential sync issue    
2026-08-08T12:20:31.380682Z  WARN ThreadId(20) hotstuff_runner::app: Node 0 [produce_block] queue size: 2, attempting up to 2 transactions this block    
2026-08-08T12:20:31.380782Z  WARN ThreadId(20) hotstuff_runner::app: Node 0 view(5469) far exceeds block count (1367); potential sync issue    
2026-08-08T12:20:31.452999Z  WARN ThreadId(20) hotstuff_runner::app: Node 0 [produce_block] queue size: 0, attempting up to 0 transactions this block    
2026-08-08T12:20:31.453601Z  WARN ThreadId(20) hotstuff_runner::app: Node 0 view(5473) far exceeds block count (1368); potential sync issue    
2026-08-08T12:20:31.540320Z  WARN ThreadId(20) hotstuff_runner::app: Node 0 [produce_block] queue size: 2, attempting up to 2 transactions this block    
2026-08-08T12:20:31.540846Z  WARN ThreadId(20) hotstuff_runner::app: Node 0 view(5477) far exceeds block count (1369); potential sync issue    
2026-08-08T12:20:31.649500Z  WARN ThreadId(20) hotstuff_runner::app: Node 0 [produce_block] queue size: 0, attempting up to 0 transactions this block    
2026-08-08T12:20:31.650437Z  WARN ThreadId(20) hotstuff_runner::app: Node 0 view(5481) far exceeds block count (1370); potential sync issue    
2026-08-08T12:20:31.723352Z  WARN ThreadId(20) hotstuff_runner::app: Node 0 [produce_block] queue size: 0, attempting up to 0 transactions this block    
2026-08-08T12:20:31.725042Z  WARN ThreadId(20) hotstuff_runner::app: Node 0 view(5485) far exceeds block count (1371); potential sync issue    
2026-08-08T12:20:31.815502Z  WARN ThreadId(20) hotstuff_runner::app: Node 0 [produce_block] queue size: 2, attempting up to 2 transactions this block    
2026-08-08T12:20:31.817440Z  WARN ThreadId(20) hotstuff_runner::app: Node 0 view(5489) far exceeds block count (1372); potential sync issue    
2026-08-08T12:20:31.905073Z  WARN ThreadId(20) hotstuff_runner::app: Node 0 [produce_block] queue size: 0, attempting up to 0 transactions this block    
2026-08-08T12:20:31.905410Z  WARN ThreadId(20) hotstuff_runner::app: Node 0 view(5493) far exceeds block count (1373); potential sync issue    
2026-08-08T12:20:31.986364Z  WARN ThreadId(20) hotstuff_runner::app: Node 0 [produce_block] queue size: 2, attempting up to 2 transactions this block    
2026-08-08T12:20:31.988288Z  WARN ThreadId(20) hotstuff_runner::app: Node 0 view(5497) far exceeds block count (1374); potential sync issue    
2026-08-08T12:20:32.067705Z  WARN ThreadId(20) hotstuff_runner::app: Node 0 [produce_block] queue size: 0, attempting up to 0 transactions this block    
2026-08-08T12:20:32.070347Z  WARN ThreadId(20) hotstuff_runner::app: Node 0 view(5501) far exceeds block count (1375); potential sync issue    
2026-08-08T12:20:32.144213Z  WARN ThreadId(20) hotstuff_runner::app: Node 0 [produce_block] queue size: 2, attempting up to 2 transactions this block    
2026-08-08T12:20:32.144429Z  WARN ThreadId(20) hotstuff_runner::app: Node 0 view(5505) far exceeds block count (1376); potential sync issue    
2026-08-08T12:20:32.243687Z  WARN ThreadId(20) hotstuff_runner::app: Node 0 [produce_block] queue size: 0, attempting up to 0 transactions this block    
2026-08-08T12:20:32.244039Z  WARN ThreadId(20) hotstuff_runner::app: Node 0 view(5509) far exceeds block count (1377); potential sync issue    
2026-08-08T12:20:32.321975Z  WARN ThreadId(20) hotstuff_runner::app: Node 0 [produce_block] queue size: 0, attempting up to 0 transactions this block    
2026-08-08T12:20:32.323684Z  WARN ThreadId(20) hotstuff_runner::app: Node 0 view(5513) far exceeds block count (1378); potential sync issue    
2026-08-08T12:20:32.446224Z  WARN ThreadId(20) hotstuff_runner::app: Node 0 [produce_block] queue size: 2, attempting up to 2 transactions this block    
2026-08-08T12:20:32.446968Z  WARN ThreadId(20) hotstuff_runner::app: Node 0 view(5517) far exceeds block count (1379); potential sync issue    
2026-08-08T12:20:32.517713Z  WARN ThreadId(20) hotstuff_runner::app: Node 0 [produce_block] queue size: 2, attempting up to 2 transactions this block    
2026-08-08T12:20:32.518127Z  WARN ThreadId(20) hotstuff_runner::app: Node 0 view(5521) far exceeds block count (1380); potential sync issue    
2026-08-08T12:20:32.600004Z  WARN ThreadId(20) hotstuff_runner::app: Node 0 [produce_block] queue size: 0, attempting up to 0 transactions this block    
2026-08-08T12:20:32.601255Z  WARN ThreadId(20) hotstuff_runner::app: Node 0 view(5525) far exceeds block count (1381); potential sync issue    
2026-08-08T12:20:32.704667Z  WARN ThreadId(20) hotstuff_runner::app: Node 0 [produce_block] queue size: 2, attempting up to 2 transactions this block    
2026-08-08T12:20:32.705837Z  WARN ThreadId(20) hotstuff_runner::app: Node 0 view(5529) far exceeds block count (1382); potential sync issue    
2026-08-08T12:20:32.806261Z  WARN ThreadId(20) hotstuff_runner::app: Node 0 [produce_block] queue size: 0, attempting up to 0 transactions this block    
2026-08-08T12:20:32.807923Z  WARN ThreadId(20) hotstuff_runner::app: Node 0 view(5533) far exceeds block count (1383); potential sync issue    
2026-08-08T12:20:32.934352Z  WARN ThreadId(20) hotstuff_runner::app: Node 0 [produce_block] queue size: 2, attempting up to 2 transactions this block    
2026-08-08T12:20:32.993909Z  WARN ThreadId(20) hotstuff_runner::app: Node 0 view(5537) far exceeds block count (1384); potential sync issue    
2026-08-08T12:20:33.126657Z  WARN ThreadId(20) hotstuff_runner::app: Node 0 [produce_block] queue size: 2, attempting up to 2 transactions this block    
2026-08-08T12:20:33.128098Z  WARN ThreadId(20) hotstuff_runner::app: Node 0 view(5541) far exceeds block count (1385); potential sync issue    
2026-08-08T12:20:33.256433Z  WARN ThreadId(20) hotstuff_runner::app: Node 0 [produce_block] queue size: 0, attempting up to 0 transactions this block    
2026-08-08T12:20:33.257471Z  WARN ThreadId(20) hotstuff_runner::app: Node 0 view(5545) far exceeds block count (1386); potential sync issue    
2026-08-08T12:20:33.383063Z  WARN ThreadId(20) hotstuff_runner::app: Node 0 [produce_block] queue size: 2, attempting up to 2 transactions this block    
2026-08-08T12:20:33.384763Z  WARN ThreadId(20) hotstuff_runner::app: Node 0 view(5549) far exceeds block count (1387); potential sync issue    
2026-08-08T12:20:33.472229Z  WARN ThreadId(20) hotstuff_runner::app: Node 0 [produce_block] queue size: 0, attempting up to 0 transactions this block    
2026-08-08T12:20:33.477697Z  WARN ThreadId(20) hotstuff_runner::app: Node 0 view(5553) far exceeds block count (1388); potential sync issue    
2026-08-08T12:20:33.592349Z  WARN ThreadId(20) hotstuff_runner::app: Node 0 [produce_block] queue size: 2, attempting up to 2 transactions this block    
2026-08-08T12:20:33.592550Z  WARN ThreadId(20) hotstuff_runner::app: Node 0 view(5557) far exceeds block count (1389); potential sync issue    
2026-08-08T12:20:33.720099Z  WARN ThreadId(20) hotstuff_runner::app: Node 0 [produce_block] queue size: 0, attempting up to 0 transactions this block    
2026-08-08T12:20:33.721568Z  WARN ThreadId(20) hotstuff_runner::app: Node 0 view(5561) far exceeds block count (1390); potential sync issue    
2026-08-08T12:20:33.815227Z  WARN ThreadId(20) hotstuff_runner::app: Node 0 [produce_block] queue size: 2, attempting up to 2 transactions this block    
2026-08-08T12:20:33.818005Z  WARN ThreadId(20) hotstuff_runner::app: Node 0 view(5565) far exceeds block count (1391); potential sync issue    
2026-08-08T12:20:33.917863Z  WARN ThreadId(20) hotstuff_runner::app: Node 0 [produce_block] queue size: 2, attempting up to 2 transactions this block    
2026-08-08T12:20:33.918085Z  WARN ThreadId(20) hotstuff_runner::app: Node 0 view(5569) far exceeds block count (1392); potential sync issue    
2026-08-08T12:20:33.976723Z  WARN ThreadId(20) hotstuff_runner::app: Node 0 [produce_block] queue size: 0, attempting up to 0 transactions this block    
2026-08-08T12:20:33.976944Z  WARN ThreadId(20) hotstuff_runner::app: Node 0 view(5573) far exceeds block count (1393); potential sync issue    
2026-08-08T12:20:34.049883Z  WARN ThreadId(20) hotstuff_runner::app: Node 0 [produce_block] queue size: 0, attempting up to 0 transactions this block    
2026-08-08T12:20:34.050221Z  WARN ThreadId(20) hotstuff_runner::app: Node 0 view(5577) far exceeds block count (1394); potential sync issue    
2026-08-08T12:20:34.139196Z  WARN ThreadId(20) hotstuff_runner::app: Node 0 [produce_block] queue size: 2, attempting up to 2 transactions this block    
2026-08-08T12:20:34.141015Z  WARN ThreadId(20) hotstuff_runner::app: Node 0 view(5581) far exceeds block count (1395); potential sync issue    
2026-08-08T12:20:34.236157Z  WARN ThreadId(20) hotstuff_runner::app: Node 0 [produce_block] queue size: 0, attempting up to 0 transactions this block    
2026-08-08T12:20:34.236320Z  WARN ThreadId(20) hotstuff_runner::app: Node 0 view(5585) far exceeds block count (1396); potential sync issue    
2026-08-08T12:20:34.369135Z  WARN ThreadId(20) hotstuff_runner::app: Node 0 [produce_block] queue size: 2, attempting up to 2 transactions this block    
2026-08-08T12:20:34.371591Z  WARN ThreadId(20) hotstuff_runner::app: Node 0 view(5589) far exceeds block count (1397); potential sync issue    
2026-08-08T12:20:34.468860Z  WARN ThreadId(20) hotstuff_runner::app: Node 0 [produce_block] queue size: 2, attempting up to 2 transactions this block    
2026-08-08T12:20:34.469236Z  WARN ThreadId(20) hotstuff_runner::app: Node 0 view(5593) far exceeds block count (1398); potential sync issue    
2026-08-08T12:20:34.544366Z  WARN ThreadId(20) hotstuff_runner::app: Node 0 [produce_block] queue size: 0, attempting up to 0 transactions this block    
2026-08-08T12:20:34.544764Z  WARN ThreadId(20) hotstuff_runner::app: Node 0 view(5597) far exceeds block count (1399); potential sync issue    
2026-08-08T12:20:34.621053Z  WARN ThreadId(20) hotstuff_runner::app: Node 0 [produce_block] queue size: 0, attempting up to 0 transactions this block    
2026-08-08T12:20:34.621274Z  WARN ThreadId(20) hotstuff_runner::app: Node 0 view(5601) far exceeds block count (1400); potential sync issue    
2026-08-08T12:20:34.720731Z  WARN ThreadId(20) hotstuff_runner::app: Node 0 [produce_block] queue size: 2, attempting up to 2 transactions this block    
2026-08-08T12:20:34.721039Z  WARN ThreadId(20) hotstuff_runner::app: Node 0 view(5605) far exceeds block count (1401); potential sync issue    
2026-08-08T12:20:34.820003Z  WARN ThreadId(20) hotstuff_runner::app: Node 0 [produce_block] queue size: 0, attempting up to 0 transactions this block    
2026-08-08T12:20:34.820148Z  WARN ThreadId(20) hotstuff_runner::app: Node 0 view(5609) far exceeds block count (1402); potential sync issue    
2026-08-08T12:20:34.932115Z  WARN ThreadId(20) hotstuff_runner::app: Node 0 [produce_block] queue size: 2, attempting up to 2 transactions this block    
2026-08-08T12:20:34.933313Z  WARN ThreadId(20) hotstuff_runner::app: Node 0 view(5613) far exceeds block count (1403); potential sync issue    
2026-08-08T12:20:35.012961Z  WARN ThreadId(20) hotstuff_runner::app: Node 0 [produce_block] queue size: 0, attempting up to 0 transactions this block    
2026-08-08T12:20:35.013495Z  WARN ThreadId(20) hotstuff_runner::app: Node 0 view(5617) far exceeds block count (1404); potential sync issue    
2026-08-08T12:20:35.106001Z  WARN ThreadId(20) hotstuff_runner::app: Node 0 [produce_block] queue size: 0, attempting up to 0 transactions this block    
2026-08-08T12:20:35.106561Z  WARN ThreadId(20) hotstuff_runner::app: Node 0 view(5621) far exceeds block count (1405); potential sync issue    
2026-08-08T12:20:35.167394Z  WARN ThreadId(06) docker_node: Low processing efficiency: 0.0% - system may need tuning
2026-08-08T12:20:35.198356Z  WARN ThreadId(20) hotstuff_runner::app: Node 0 [produce_block] queue size: 2, attempting up to 2 transactions this block    
2026-08-08T12:20:35.203193Z  WARN ThreadId(20) hotstuff_runner::app: Node 0 view(5625) far exceeds block count (1406); potential sync issue    
2026-08-08T12:20:35.322947Z  WARN ThreadId(20) hotstuff_runner::app: Node 0 [produce_block] queue size: 0, attempting up to 0 transactions this block    
2026-08-08T12:20:35.323084Z  WARN ThreadId(20) hotstuff_runner::app: Node 0 view(5629) far exceeds block count (1407); potential sync issue    
2026-08-08T12:20:35.412455Z  WARN ThreadId(20) hotstuff_runner::app: Node 0 [produce_block] queue size: 2, attempting up to 2 transactions this block    
2026-08-08T12:20:35.413013Z  WARN ThreadId(20) hotstuff_runner::app: Node 0 view(5633) far exceeds block count (1408); potential sync issue    
2026-08-08T12:20:35.487597Z  WARN ThreadId(20) hotstuff_runner::app: Node 0 [produce_block] queue size: 0, attempting up to 0 transactions this block    
2026-08-08T12:20:35.488570Z  WARN ThreadId(20) hotstuff_runner::app: Node 0 view(5637) far exceeds block count (1409); potential sync issue    
2026-08-08T12:20:35.594953Z  WARN ThreadId(20) hotstuff_runner::app: Node 0 [produce_block] queue size: 2, attempting up to 2 transactions this block    
2026-08-08T12:20:35.595270Z  WARN ThreadId(20) hotstuff_runner::app: Node 0 view(5641) far exceeds block count (1410); potential sync issue    
2026-08-08T12:20:35.648461Z  WARN ThreadId(20) hotstuff_runner::app: Node 0 [produce_block] queue size: 0, attempting up to 0 transactions this block    
2026-08-08T12:20:35.654407Z  WARN ThreadId(20) hotstuff_runner::app: Node 0 view(5645) far exceeds block count (1411); potential sync issue    
2026-08-08T12:20:35.751884Z  WARN ThreadId(20) hotstuff_runner::app: Node 0 [produce_block] queue size: 2, attempting up to 2 transactions this block    
2026-08-08T12:20:35.755442Z  WARN ThreadId(20) hotstuff_runner::app: Node 0 view(5649) far exceeds block count (1412); potential sync issue    
2026-08-08T12:20:35.832783Z  WARN ThreadId(20) hotstuff_runner::app: Node 0 [produce_block] queue size: 0, attempting up to 0 transactions this block    
2026-08-08T12:20:35.847345Z  WARN ThreadId(20) hotstuff_runner::app: Node 0 view(5653) far exceeds block count (1413); potential sync issue    
2026-08-08T12:20:35.916743Z  WARN ThreadId(20) hotstuff_runner::app: Node 0 [produce_block] queue size: 2, attempting up to 2 transactions this block    
2026-08-08T12:20:35.917201Z  WARN ThreadId(20) hotstuff_runner::app: Node 0 view(5657) far exceeds block count (1414); potential sync issue    
2026-08-08T12:20:36.019647Z  WARN ThreadId(20) hotstuff_runner::app: Node 0 [produce_block] queue size: 0, attempting up to 0 transactions this block    
2026-08-08T12:20:36.020820Z  WARN ThreadId(20) hotstuff_runner::app: Node 0 view(5661) far exceeds block count (1415); potential sync issue    
2026-08-08T12:20:36.179052Z  WARN ThreadId(20) hotstuff_runner::app: Node 0 [produce_block] queue size: 2, attempting up to 2 transactions this block    
2026-08-08T12:20:36.188043Z  WARN ThreadId(20) hotstuff_runner::app: Node 0 view(5665) far exceeds block count (1416); potential sync issue    
2026-08-08T12:20:36.312542Z  WARN ThreadId(20) hotstuff_runner::app: Node 0 [produce_block] queue size: 2, attempting up to 2 transactions this block    
2026-08-08T12:20:36.312697Z  WARN ThreadId(20) hotstuff_runner::app: Node 0 view(5669) far exceeds block count (1417); potential sync issue    
2026-08-08T12:20:36.433676Z  WARN ThreadId(20) hotstuff_runner::app: Node 0 [produce_block] queue size: 0, attempting up to 0 transactions this block    
2026-08-08T12:20:36.441812Z  WARN ThreadId(20) hotstuff_runner::app: Node 0 view(5673) far exceeds block count (1418); potential sync issue    
2026-08-08T12:20:36.566411Z  WARN ThreadId(20) hotstuff_runner::app: Node 0 [produce_block] queue size: 2, attempting up to 2 transactions this block    
2026-08-08T12:20:36.568209Z  WARN ThreadId(20) hotstuff_runner::app: Node 0 view(5677) far exceeds block count (1419); potential sync issue    
2026-08-08T12:20:36.717770Z  WARN ThreadId(20) hotstuff_runner::app: Node 0 [produce_block] queue size: 2, attempting up to 2 transactions this block    
2026-08-08T12:20:36.717979Z  WARN ThreadId(20) hotstuff_runner::app: Node 0 view(5681) far exceeds block count (1420); potential sync issue    
2026-08-08T12:20:36.792766Z  WARN ThreadId(20) hotstuff_runner::app: Node 0 [produce_block] queue size: 0, attempting up to 0 transactions this block    
2026-08-08T12:20:36.793029Z  WARN ThreadId(20) hotstuff_runner::app: Node 0 view(5685) far exceeds block count (1421); potential sync issue    
2026-08-08T12:20:36.922753Z  WARN ThreadId(20) hotstuff_runner::app: Node 0 [produce_block] queue size: 2, attempting up to 2 transactions this block    
2026-08-08T12:20:36.926687Z  WARN ThreadId(20) hotstuff_runner::app: Node 0 view(5689) far exceeds block count (1422); potential sync issue    
2026-08-08T12:20:37.001467Z  WARN ThreadId(20) hotstuff_runner::app: Node 0 [produce_block] queue size: 0, attempting up to 0 transactions this block    
2026-08-08T12:20:37.001960Z  WARN ThreadId(20) hotstuff_runner::app: Node 0 view(5693) far exceeds block count (1423); potential sync issue    
2026-08-08T12:20:37.082650Z  WARN ThreadId(20) hotstuff_runner::app: Node 0 [produce_block] queue size: 0, attempting up to 0 transactions this block    
2026-08-08T12:20:37.084024Z  WARN ThreadId(20) hotstuff_runner::app: Node 0 view(5697) far exceeds block count (1424); potential sync issue    
2026-08-08T12:20:37.159378Z  WARN ThreadId(20) hotstuff_runner::app: Node 0 [produce_block] queue size: 2, attempting up to 2 transactions this block    
2026-08-08T12:20:37.160711Z  WARN ThreadId(20) hotstuff_runner::app: Node 0 view(5701) far exceeds block count (1425); potential sync issue    
2026-08-08T12:20:37.271032Z  WARN ThreadId(20) hotstuff_runner::app: Node 0 [produce_block] queue size: 0, attempting up to 0 transactions this block    
2026-08-08T12:20:37.272806Z  WARN ThreadId(20) hotstuff_runner::app: Node 0 view(5705) far exceeds block count (1426); potential sync issue    
2026-08-08T12:20:37.385364Z  WARN ThreadId(20) hotstuff_runner::app: Node 0 [produce_block] queue size: 2, attempting up to 2 transactions this block    
2026-08-08T12:20:37.395084Z  WARN ThreadId(20) hotstuff_runner::app: Node 0 view(5709) far exceeds block count (1427); potential sync issue    
2026-08-08T12:20:37.515778Z  WARN ThreadId(20) hotstuff_runner::app: Node 0 [produce_block] queue size: 0, attempting up to 0 transactions this block    
2026-08-08T12:20:37.516312Z  WARN ThreadId(20) hotstuff_runner::app: Node 0 view(5713) far exceeds block count (1428); potential sync issue    
2026-08-08T12:20:37.600413Z  WARN ThreadId(20) hotstuff_runner::app: Node 0 [produce_block] queue size: 2, attempting up to 2 transactions this block    
2026-08-08T12:20:37.600595Z  WARN ThreadId(20) hotstuff_runner::app: Node 0 view(5717) far exceeds block count (1429); potential sync issue    
2026-08-08T12:20:37.727904Z  WARN ThreadId(20) hotstuff_runner::app: Node 0 [produce_block] queue size: 2, attempting up to 2 transactions this block    
2026-08-08T12:20:37.728950Z  WARN ThreadId(20) hotstuff_runner::app: Node 0 view(5721) far exceeds block count (1430); potential sync issue    
2026-08-08T12:20:37.814402Z  WARN ThreadId(20) hotstuff_runner::app: Node 0 [produce_block] queue size: 0, attempting up to 0 transactions this block    
2026-08-08T12:20:37.815481Z  WARN ThreadId(20) hotstuff_runner::app: Node 0 view(5725) far exceeds block count (1431); potential sync issue    
2026-08-08T12:20:37.918486Z  WARN ThreadId(20) hotstuff_runner::app: Node 0 [produce_block] queue size: 0, attempting up to 0 transactions this block    
2026-08-08T12:20:37.922421Z  WARN ThreadId(20) hotstuff_runner::app: Node 0 view(5729) far exceeds block count (1432); potential sync issue    
2026-08-08T12:20:38.020403Z  WARN ThreadId(20) hotstuff_runner::app: Node 0 [produce_block] queue size: 2, attempting up to 2 transactions this block    
2026-08-08T12:20:38.027378Z  WARN ThreadId(20) hotstuff_runner::app: Node 0 view(5733) far exceeds block count (1433); potential sync issue    
2026-08-08T12:20:38.104952Z  WARN ThreadId(20) hotstuff_runner::app: Node 0 [produce_block] queue size: 0, attempting up to 0 transactions this block    
2026-08-08T12:20:38.107371Z  WARN ThreadId(20) hotstuff_runner::app: Node 0 view(5737) far exceeds block count (1434); potential sync issue    
2026-08-08T12:20:38.229627Z  WARN ThreadId(20) hotstuff_runner::app: Node 0 [produce_block] queue size: 2, attempting up to 2 transactions this block    
2026-08-08T12:20:38.236388Z  WARN ThreadId(20) hotstuff_runner::app: Node 0 view(5741) far exceeds block count (1435); potential sync issue    
2026-08-08T12:20:38.333095Z  WARN ThreadId(20) hotstuff_runner::app: Node 0 [produce_block] queue size: 0, attempting up to 0 transactions this block    
2026-08-08T12:20:38.333576Z  WARN ThreadId(20) hotstuff_runner::app: Node 0 view(5745) far exceeds block count (1436); potential sync issue    
2026-08-08T12:20:38.485013Z  WARN ThreadId(20) hotstuff_runner::app: Node 0 [produce_block] queue size: 2, attempting up to 2 transactions this block    
2026-08-08T12:20:38.485141Z  WARN ThreadId(20) hotstuff_runner::app: Node 0 view(5749) far exceeds block count (1437); potential sync issue    
2026-08-08T12:20:38.720507Z  WARN ThreadId(20) hotstuff_runner::app: Node 0 [produce_block] queue size: 4, attempting up to 4 transactions this block    
2026-08-08T12:20:38.720683Z  WARN ThreadId(20) hotstuff_runner::app: Node 0 view(5753) far exceeds block count (1438); potential sync issue    
2026-08-08T12:20:38.840196Z  WARN ThreadId(20) hotstuff_runner::app: Node 0 [produce_block] queue size: 0, attempting up to 0 transactions this block    
2026-08-08T12:20:38.842046Z  WARN ThreadId(20) hotstuff_runner::app: Node 0 view(5757) far exceeds block count (1439); potential sync issue    
2026-08-08T12:20:38.961989Z  WARN ThreadId(20) hotstuff_runner::app: Node 0 [produce_block] queue size: 2, attempting up to 2 transactions this block    
2026-08-08T12:20:38.962662Z  WARN ThreadId(20) hotstuff_runner::app: Node 0 view(5761) far exceeds block count (1440); potential sync issue    
2026-08-08T12:20:39.099968Z  WARN ThreadId(20) hotstuff_runner::app: Node 0 [produce_block] queue size: 0, attempting up to 0 transactions this block    
2026-08-08T12:20:39.101355Z  WARN ThreadId(20) hotstuff_runner::app: Node 0 view(5765) far exceeds block count (1441); potential sync issue    
2026-08-08T12:20:39.188896Z  WARN ThreadId(20) hotstuff_runner::app: Node 0 [produce_block] queue size: 2, attempting up to 2 transactions this block    
2026-08-08T12:20:39.189778Z  WARN ThreadId(20) hotstuff_runner::app: Node 0 view(5769) far exceeds block count (1442); potential sync issue    
2026-08-08T12:20:39.296243Z  WARN ThreadId(20) hotstuff_runner::app: Node 0 [produce_block] queue size: 0, attempting up to 0 transactions this block    
2026-08-08T12:20:39.298187Z  WARN ThreadId(20) hotstuff_runner::app: Node 0 view(5773) far exceeds block count (1443); potential sync issue    
2026-08-08T12:20:39.388476Z  WARN ThreadId(20) hotstuff_runner::app: Node 0 [produce_block] queue size: 2, attempting up to 2 transactions this block    
2026-08-08T12:20:39.388676Z  WARN ThreadId(20) hotstuff_runner::app: Node 0 view(5777) far exceeds block count (1444); potential sync issue    
2026-08-08T12:20:39.599933Z  WARN ThreadId(20) hotstuff_runner::app: Node 0 [produce_block] queue size: 2, attempting up to 2 transactions this block    
2026-08-08T12:20:39.610053Z  WARN ThreadId(20) hotstuff_runner::app: Node 0 view(5781) far exceeds block count (1445); potential sync issue    
2026-08-08T12:20:39.701721Z  WARN ThreadId(20) hotstuff_runner::app: Node 0 [produce_block] queue size: 0, attempting up to 0 transactions this block    
2026-08-08T12:20:39.702144Z  WARN ThreadId(20) hotstuff_runner::app: Node 0 view(5785) far exceeds block count (1446); potential sync issue    
2026-08-08T12:20:39.776380Z  WARN ThreadId(20) hotstuff_runner::app: Node 0 [produce_block] queue size: 2, attempting up to 2 transactions this block    
2026-08-08T12:20:39.776679Z  WARN ThreadId(20) hotstuff_runner::app: Node 0 view(5789) far exceeds block count (1447); potential sync issue    
2026-08-08T12:20:39.901827Z  WARN ThreadId(20) hotstuff_runner::app: Node 0 [produce_block] queue size: 0, attempting up to 0 transactions this block    
2026-08-08T12:20:39.907161Z  WARN ThreadId(20) hotstuff_runner::app: Node 0 view(5793) far exceeds block count (1448); potential sync issue    
2026-08-08T12:20:40.069592Z  WARN ThreadId(20) hotstuff_runner::app: Node 0 [produce_block] queue size: 2, attempting up to 2 transactions this block    
2026-08-08T12:20:40.070172Z  WARN ThreadId(20) hotstuff_runner::app: Node 0 view(5797) far exceeds block count (1449); potential sync issue    
2026-08-08T12:20:40.167572Z  WARN ThreadId(04) docker_node: Low processing efficiency: 0.0% - system may need tuning
2026-08-08T12:20:40.212543Z  WARN ThreadId(20) hotstuff_runner::app: Node 0 [produce_block] queue size: 2, attempting up to 2 transactions this block    
2026-08-08T12:20:40.213470Z  WARN ThreadId(20) hotstuff_runner::app: Node 0 view(5801) far exceeds block count (1450); potential sync issue    
2026-08-08T12:20:40.365186Z  WARN ThreadId(20) hotstuff_runner::app: Node 0 [produce_block] queue size: 2, attempting up to 2 transactions this block    
2026-08-08T12:20:40.367138Z  WARN ThreadId(20) hotstuff_runner::app: Node 0 view(5805) far exceeds block count (1451); potential sync issue    
2026-08-08T12:20:40.480993Z  WARN ThreadId(20) hotstuff_runner::app: Node 0 [produce_block] queue size: 0, attempting up to 0 transactions this block    
2026-08-08T12:20:40.481359Z  WARN ThreadId(20) hotstuff_runner::app: Node 0 view(5809) far exceeds block count (1452); potential sync issue    
2026-08-08T12:20:40.601003Z  WARN ThreadId(20) hotstuff_runner::app: Node 0 [produce_block] queue size: 2, attempting up to 2 transactions this block    
2026-08-08T12:20:40.601626Z  WARN ThreadId(20) hotstuff_runner::app: Node 0 view(5813) far exceeds block count (1453); potential sync issue    
2026-08-08T12:20:40.700352Z  WARN ThreadId(20) hotstuff_runner::app: Node 0 [produce_block] queue size: 0, attempting up to 0 transactions this block    
2026-08-08T12:20:40.701188Z  WARN ThreadId(20) hotstuff_runner::app: Node 0 view(5817) far exceeds block count (1454); potential sync issue    
2026-08-08T12:20:40.822185Z  WARN ThreadId(20) hotstuff_runner::app: Node 0 [produce_block] queue size: 2, attempting up to 2 transactions this block    
2026-08-08T12:20:40.823443Z  WARN ThreadId(20) hotstuff_runner::app: Node 0 view(5821) far exceeds block count (1455); potential sync issue    
2026-08-08T12:20:40.977910Z  WARN ThreadId(20) hotstuff_runner::app: Node 0 [produce_block] queue size: 0, attempting up to 0 transactions this block    
2026-08-08T12:20:40.978633Z  WARN ThreadId(20) hotstuff_runner::app: Node 0 view(5825) far exceeds block count (1456); potential sync issue    
2026-08-08T12:20:41.057194Z  WARN ThreadId(20) hotstuff_runner::app: Node 0 [produce_block] queue size: 2, attempting up to 2 transactions this block    
2026-08-08T12:20:41.057412Z  WARN ThreadId(20) hotstuff_runner::app: Node 0 view(5829) far exceeds block count (1457); potential sync issue    
2026-08-08T12:20:41.147680Z  WARN ThreadId(20) hotstuff_runner::app: Node 0 [produce_block] queue size: 0, attempting up to 0 transactions this block    
2026-08-08T12:20:41.148021Z  WARN ThreadId(20) hotstuff_runner::app: Node 0 view(5833) far exceeds block count (1458); potential sync issue    
2026-08-08T12:20:41.255993Z  WARN ThreadId(20) hotstuff_runner::app: Node 0 [produce_block] queue size: 2, attempting up to 2 transactions this block    
2026-08-08T12:20:41.256143Z  WARN ThreadId(20) hotstuff_runner::app: Node 0 view(5837) far exceeds block count (1459); potential sync issue    
2026-08-08T12:20:41.371579Z  WARN ThreadId(20) hotstuff_runner::app: Node 0 [produce_block] queue size: 0, attempting up to 0 transactions this block    
2026-08-08T12:20:41.371750Z  WARN ThreadId(20) hotstuff_runner::app: Node 0 view(5841) far exceeds block count (1460); potential sync issue    
2026-08-08T12:20:41.518079Z  WARN ThreadId(20) hotstuff_runner::app: Node 0 [produce_block] queue size: 2, attempting up to 2 transactions this block    
2026-08-08T12:20:41.518334Z  WARN ThreadId(20) hotstuff_runner::app: Node 0 view(5845) far exceeds block count (1461); potential sync issue    
2026-08-08T12:20:41.610517Z  WARN ThreadId(20) hotstuff_runner::app: Node 0 [produce_block] queue size: 0, attempting up to 0 transactions this block    
2026-08-08T12:20:41.613694Z  WARN ThreadId(20) hotstuff_runner::app: Node 0 view(5849) far exceeds block count (1462); potential sync issue    
2026-08-08T12:20:41.685350Z  WARN ThreadId(20) hotstuff_runner::app: Node 0 [produce_block] queue size: 2, attempting up to 2 transactions this block    
2026-08-08T12:20:41.698593Z  WARN ThreadId(20) hotstuff_runner::app: Node 0 view(5853) far exceeds block count (1463); potential sync issue    
2026-08-08T12:20:41.840554Z  WARN ThreadId(20) hotstuff_runner::app: Node 0 [produce_block] queue size: 2, attempting up to 2 transactions this block    
2026-08-08T12:20:41.841623Z  WARN ThreadId(20) hotstuff_runner::app: Node 0 view(5857) far exceeds block count (1464); potential sync issue    
2026-08-08T12:20:41.917848Z  WARN ThreadId(20) hotstuff_runner::app: Node 0 [produce_block] queue size: 0, attempting up to 0 transactions this block    
2026-08-08T12:20:41.920419Z  WARN ThreadId(20) hotstuff_runner::app: Node 0 view(5861) far exceeds block count (1465); potential sync issue    
2026-08-08T12:20:41.993383Z  WARN ThreadId(20) hotstuff_runner::app: Node 0 [produce_block] queue size: 0, attempting up to 0 transactions this block    
2026-08-08T12:20:41.994358Z  WARN ThreadId(20) hotstuff_runner::app: Node 0 view(5865) far exceeds block count (1466); potential sync issue    
2026-08-08T12:20:42.100575Z  WARN ThreadId(20) hotstuff_runner::app: Node 0 [produce_block] queue size: 2, attempting up to 2 transactions this block    
2026-08-08T12:20:42.104496Z  WARN ThreadId(20) hotstuff_runner::app: Node 0 view(5869) far exceeds block count (1467); potential sync issue    
2026-08-08T12:20:42.221537Z  WARN ThreadId(20) hotstuff_runner::app: Node 0 [produce_block] queue size: 0, attempting up to 0 transactions this block    
2026-08-08T12:20:42.221870Z  WARN ThreadId(20) hotstuff_runner::app: Node 0 view(5873) far exceeds block count (1468); potential sync issue    
2026-08-08T12:20:42.323800Z  WARN ThreadId(20) hotstuff_runner::app: Node 0 [produce_block] queue size: 2, attempting up to 2 transactions this block    
2026-08-08T12:20:42.326834Z  WARN ThreadId(20) hotstuff_runner::app: Node 0 view(5877) far exceeds block count (1469); potential sync issue    
2026-08-08T12:20:42.391175Z  WARN ThreadId(20) hotstuff_runner::app: Node 0 [produce_block] queue size: 0, attempting up to 0 transactions this block    
2026-08-08T12:20:42.392644Z  WARN ThreadId(20) hotstuff_runner::app: Node 0 view(5881) far exceeds block count (1470); potential sync issue    
2026-08-08T12:20:42.468879Z  WARN ThreadId(20) hotstuff_runner::app: Node 0 [produce_block] queue size: 2, attempting up to 2 transactions this block    
2026-08-08T12:20:42.482721Z  WARN ThreadId(20) hotstuff_runner::app: Node 0 view(5885) far exceeds block count (1471); potential sync issue    
2026-08-08T12:20:42.570054Z  WARN ThreadId(20) hotstuff_runner::app: Node 0 [produce_block] queue size: 0, attempting up to 0 transactions this block    
2026-08-08T12:20:42.571404Z  WARN ThreadId(20) hotstuff_runner::app: Node 0 view(5889) far exceeds block count (1472); potential sync issue    
2026-08-08T12:20:42.701039Z  WARN ThreadId(20) hotstuff_runner::app: Node 0 [produce_block] queue size: 2, attempting up to 2 transactions this block    
2026-08-08T12:20:42.703955Z  WARN ThreadId(20) hotstuff_runner::app: Node 0 view(5893) far exceeds block count (1473); potential sync issue    
2026-08-08T12:20:42.819343Z  WARN ThreadId(20) hotstuff_runner::app: Node 0 [produce_block] queue size: 0, attempting up to 0 transactions this block    
2026-08-08T12:20:42.820153Z  WARN ThreadId(20) hotstuff_runner::app: Node 0 view(5897) far exceeds block count (1474); potential sync issue    
2026-08-08T12:20:42.935672Z  WARN ThreadId(20) hotstuff_runner::app: Node 0 [produce_block] queue size: 2, attempting up to 2 transactions this block    
2026-08-08T12:20:42.936011Z  WARN ThreadId(20) hotstuff_runner::app: Node 0 view(5901) far exceeds block count (1475); potential sync issue    
2026-08-08T12:20:43.078425Z  WARN ThreadId(20) hotstuff_runner::app: Node 0 [produce_block] queue size: 2, attempting up to 2 transactions this block    
2026-08-08T12:20:43.081149Z  WARN ThreadId(20) hotstuff_runner::app: Node 0 view(5905) far exceeds block count (1476); potential sync issue    
2026-08-08T12:20:43.229430Z  WARN ThreadId(20) hotstuff_runner::app: Node 0 [produce_block] queue size: 0, attempting up to 0 transactions this block    
2026-08-08T12:20:43.229619Z  WARN ThreadId(20) hotstuff_runner::app: Node 0 view(5909) far exceeds block count (1477); potential sync issue    
2026-08-08T12:20:43.335252Z  WARN ThreadId(20) hotstuff_runner::app: Node 0 [produce_block] queue size: 2, attempting up to 2 transactions this block    
2026-08-08T12:20:43.340119Z  WARN ThreadId(20) hotstuff_runner::app: Node 0 view(5913) far exceeds block count (1478); potential sync issue    
2026-08-08T12:20:43.462862Z  WARN ThreadId(20) hotstuff_runner::app: Node 0 [produce_block] queue size: 2, attempting up to 2 transactions this block    
2026-08-08T12:20:43.464286Z  WARN ThreadId(20) hotstuff_runner::app: Node 0 view(5917) far exceeds block count (1479); potential sync issue    
2026-08-08T12:20:43.535423Z  WARN ThreadId(20) hotstuff_runner::app: Node 0 [produce_block] queue size: 0, attempting up to 0 transactions this block    
2026-08-08T12:20:43.535823Z  WARN ThreadId(20) hotstuff_runner::app: Node 0 view(5921) far exceeds block count (1480); potential sync issue    
2026-08-08T12:20:43.624642Z  WARN ThreadId(20) hotstuff_runner::app: Node 0 [produce_block] queue size: 0, attempting up to 0 transactions this block    
2026-08-08T12:20:43.628558Z  WARN ThreadId(20) hotstuff_runner::app: Node 0 view(5925) far exceeds block count (1481); potential sync issue    
2026-08-08T12:20:43.736618Z  WARN ThreadId(20) hotstuff_runner::app: Node 0 [produce_block] queue size: 2, attempting up to 2 transactions this block    
2026-08-08T12:20:43.737847Z  WARN ThreadId(20) hotstuff_runner::app: Node 0 view(5929) far exceeds block count (1482); potential sync issue    
2026-08-08T12:20:43.933126Z  WARN ThreadId(20) hotstuff_runner::app: Node 0 [produce_block] queue size: 2, attempting up to 2 transactions this block    
2026-08-08T12:20:43.936340Z  WARN ThreadId(20) hotstuff_runner::app: Node 0 view(5933) far exceeds block count (1483); potential sync issue    
2026-08-08T12:20:44.039932Z  WARN ThreadId(20) hotstuff_runner::app: Node 0 [produce_block] queue size: 0, attempting up to 0 transactions this block    
2026-08-08T12:20:44.040178Z  WARN ThreadId(20) hotstuff_runner::app: Node 0 view(5937) far exceeds block count (1484); potential sync issue    
2026-08-08T12:20:44.190607Z  WARN ThreadId(20) hotstuff_runner::app: Node 0 [produce_block] queue size: 2, attempting up to 2 transactions this block    
2026-08-08T12:20:44.192499Z  WARN ThreadId(20) hotstuff_runner::app: Node 0 view(5941) far exceeds block count (1485); potential sync issue    
2026-08-08T12:20:44.270248Z  WARN ThreadId(20) hotstuff_runner::app: Node 0 [produce_block] queue size: 2, attempting up to 2 transactions this block    
2026-08-08T12:20:44.271826Z  WARN ThreadId(20) hotstuff_runner::app: Node 0 view(5945) far exceeds block count (1486); potential sync issue    
2026-08-08T12:20:44.390499Z  WARN ThreadId(20) hotstuff_runner::app: Node 0 [produce_block] queue size: 0, attempting up to 0 transactions this block    
2026-08-08T12:20:44.401403Z  WARN ThreadId(20) hotstuff_runner::app: Node 0 view(5949) far exceeds block count (1487); potential sync issue    
2026-08-08T12:20:44.480518Z  WARN ThreadId(20) hotstuff_runner::app: Node 0 [produce_block] queue size: 2, attempting up to 2 transactions this block    
2026-08-08T12:20:44.480715Z  WARN ThreadId(20) hotstuff_runner::app: Node 0 view(5953) far exceeds block count (1488); potential sync issue    
2026-08-08T12:20:44.598508Z  WARN ThreadId(20) hotstuff_runner::app: Node 0 [produce_block] queue size: 0, attempting up to 0 transactions this block    
2026-08-08T12:20:44.607128Z  WARN ThreadId(20) hotstuff_runner::app: Node 0 view(5957) far exceeds block count (1489); potential sync issue    
2026-08-08T12:20:44.707353Z  WARN ThreadId(20) hotstuff_runner::app: Node 0 [produce_block] queue size: 2, attempting up to 2 transactions this block    
2026-08-08T12:20:44.708255Z  WARN ThreadId(20) hotstuff_runner::app: Node 0 view(5961) far exceeds block count (1490); potential sync issue    
2026-08-08T12:20:44.789661Z  WARN ThreadId(20) hotstuff_runner::app: Node 0 [produce_block] queue size: 0, attempting up to 0 transactions this block    
2026-08-08T12:20:44.789888Z  WARN ThreadId(20) hotstuff_runner::app: Node 0 view(5965) far exceeds block count (1491); potential sync issue    
2026-08-08T12:20:45.039112Z  WARN ThreadId(20) hotstuff_runner::app: Node 0 [produce_block] queue size: 4, attempting up to 4 transactions this block    
2026-08-08T12:20:45.044988Z  WARN ThreadId(20) hotstuff_runner::app: Node 0 view(5969) far exceeds block count (1492); potential sync issue    
2026-08-08T12:20:45.114557Z  WARN ThreadId(20) hotstuff_runner::app: Node 0 [produce_block] queue size: 0, attempting up to 0 transactions this block    
2026-08-08T12:20:45.114807Z  WARN ThreadId(20) hotstuff_runner::app: Node 0 view(5973) far exceeds block count (1493); potential sync issue    
2026-08-08T12:20:45.173063Z  WARN ThreadId(06) docker_node: Low processing efficiency: 0.0% - system may need tuning
2026-08-08T12:20:45.186047Z  WARN ThreadId(20) hotstuff_runner::app: Node 0 [produce_block] queue size: 2, attempting up to 2 transactions this block    
2026-08-08T12:20:45.186325Z  WARN ThreadId(20) hotstuff_runner::app: Node 0 view(5977) far exceeds block count (1494); potential sync issue    
2026-08-08T12:20:45.280465Z  WARN ThreadId(20) hotstuff_runner::app: Node 0 [produce_block] queue size: 0, attempting up to 0 transactions this block    
2026-08-08T12:20:45.287438Z  WARN ThreadId(20) hotstuff_runner::app: Node 0 view(5981) far exceeds block count (1495); potential sync issue    
2026-08-08T12:20:45.392903Z  WARN ThreadId(20) hotstuff_runner::app: Node 0 [produce_block] queue size: 0, attempting up to 0 transactions this block    
2026-08-08T12:20:45.393116Z  WARN ThreadId(20) hotstuff_runner::app: Node 0 view(5985) far exceeds block count (1496); potential sync issue    
2026-08-08T12:20:45.501334Z  WARN ThreadId(20) hotstuff_runner::app: Node 0 [produce_block] queue size: 2, attempting up to 2 transactions this block    
2026-08-08T12:20:45.501541Z  WARN ThreadId(20) hotstuff_runner::app: Node 0 view(5989) far exceeds block count (1497); potential sync issue    
2026-08-08T12:20:45.620043Z  WARN ThreadId(20) hotstuff_runner::app: Node 0 [produce_block] queue size: 2, attempting up to 2 transactions this block    
2026-08-08T12:20:45.624771Z  WARN ThreadId(20) hotstuff_runner::app: Node 0 view(5993) far exceeds block count (1498); potential sync issue    
2026-08-08T12:20:45.726296Z  WARN ThreadId(20) hotstuff_runner::app: Node 0 [produce_block] queue size: 0, attempting up to 0 transactions this block    
2026-08-08T12:20:45.727459Z  WARN ThreadId(20) hotstuff_runner::app: Node 0 view(5997) far exceeds block count (1499); potential sync issue    
2026-08-08T12:20:45.918912Z  WARN ThreadId(20) hotstuff_runner::app: Node 0 [produce_block] queue size: 2, attempting up to 2 transactions this block    
2026-08-08T12:20:45.919592Z  WARN ThreadId(20) hotstuff_runner::app: Node 0 view(6001) far exceeds block count (1500); potential sync issue    
2026-08-08T12:20:46.048611Z  WARN ThreadId(20) hotstuff_runner::app: Node 0 [produce_block] queue size: 2, attempting up to 2 transactions this block    
2026-08-08T12:20:46.049356Z  WARN ThreadId(20) hotstuff_runner::app: Node 0 view(6005) far exceeds block count (1501); potential sync issue    
2026-08-08T12:20:46.124890Z  WARN ThreadId(20) hotstuff_runner::app: Node 0 [produce_block] queue size: 0, attempting up to 0 transactions this block    
2026-08-08T12:20:46.125902Z  WARN ThreadId(20) hotstuff_runner::app: Node 0 view(6009) far exceeds block count (1502); potential sync issue    
2026-08-08T12:20:46.204242Z  WARN ThreadId(20) hotstuff_runner::app: Node 0 [produce_block] queue size: 2, attempting up to 2 transactions this block    
2026-08-08T12:20:46.205436Z  WARN ThreadId(20) hotstuff_runner::app: Node 0 view(6013) far exceeds block count (1503); potential sync issue    
2026-08-08T12:20:46.337832Z  WARN ThreadId(20) hotstuff_runner::app: Node 0 [produce_block] queue size: 0, attempting up to 0 transactions this block    
2026-08-08T12:20:46.337921Z  WARN ThreadId(20) hotstuff_runner::app: Node 0 view(6017) far exceeds block count (1504); potential sync issue    
2026-08-08T12:20:46.406643Z  WARN ThreadId(20) hotstuff_runner::app: Node 0 [produce_block] queue size: 2, attempting up to 2 transactions this block    
2026-08-08T12:20:46.407225Z  WARN ThreadId(20) hotstuff_runner::app: Node 0 view(6021) far exceeds block count (1505); potential sync issue    
2026-08-08T12:20:46.719760Z  WARN ThreadId(20) hotstuff_runner::app: Node 0 [produce_block] queue size: 2, attempting up to 2 transactions this block    
2026-08-08T12:20:46.727507Z  WARN ThreadId(20) hotstuff_runner::app: Node 0 view(6025) far exceeds block count (1506); potential sync issue    
2026-08-08T12:20:46.820693Z  WARN ThreadId(20) hotstuff_runner::app: Node 0 [produce_block] queue size: 0, attempting up to 0 transactions this block    
2026-08-08T12:20:46.821177Z  WARN ThreadId(20) hotstuff_runner::app: Node 0 view(6029) far exceeds block count (1507); potential sync issue    
2026-08-08T12:20:46.976810Z  WARN ThreadId(20) hotstuff_runner::app: Node 0 [produce_block] queue size: 2, attempting up to 2 transactions this block    
2026-08-08T12:20:46.977062Z  WARN ThreadId(20) hotstuff_runner::app: Node 0 view(6033) far exceeds block count (1508); potential sync issue    
2026-08-08T12:20:47.063942Z  WARN ThreadId(20) hotstuff_runner::app: Node 0 [produce_block] queue size: 2, attempting up to 2 transactions this block    
2026-08-08T12:20:47.064880Z  WARN ThreadId(20) hotstuff_runner::app: Node 0 view(6037) far exceeds block count (1509); potential sync issue    
2026-08-08T12:20:47.184283Z  WARN ThreadId(20) hotstuff_runner::app: Node 0 [produce_block] queue size: 0, attempting up to 0 transactions this block    
2026-08-08T12:20:47.186265Z  WARN ThreadId(20) hotstuff_runner::app: Node 0 view(6041) far exceeds block count (1510); potential sync issue    
2026-08-08T12:20:47.281782Z  WARN ThreadId(20) hotstuff_runner::app: Node 0 [produce_block] queue size: 2, attempting up to 2 transactions this block    
2026-08-08T12:20:47.282175Z  WARN ThreadId(20) hotstuff_runner::app: Node 0 view(6045) far exceeds block count (1511); potential sync issue    
2026-08-08T12:20:47.412060Z  WARN ThreadId(20) hotstuff_runner::app: Node 0 [produce_block] queue size: 0, attempting up to 0 transactions this block    
2026-08-08T12:20:47.413499Z  WARN ThreadId(20) hotstuff_runner::app: Node 0 view(6049) far exceeds block count (1512); potential sync issue    
2026-08-08T12:20:47.523884Z  WARN ThreadId(20) hotstuff_runner::app: Node 0 [produce_block] queue size: 2, attempting up to 2 transactions this block    
2026-08-08T12:20:47.524509Z  WARN ThreadId(20) hotstuff_runner::app: Node 0 view(6053) far exceeds block count (1513); potential sync issue    
2026-08-08T12:20:47.630924Z  WARN ThreadId(20) hotstuff_runner::app: Node 0 [produce_block] queue size: 0, attempting up to 0 transactions this block    
2026-08-08T12:20:47.631765Z  WARN ThreadId(20) hotstuff_runner::app: Node 0 view(6057) far exceeds block count (1514); potential sync issue    
2026-08-08T12:20:47.713331Z  WARN ThreadId(20) hotstuff_runner::app: Node 0 [produce_block] queue size: 2, attempting up to 2 transactions this block    
2026-08-08T12:20:47.715017Z  WARN ThreadId(20) hotstuff_runner::app: Node 0 view(6061) far exceeds block count (1515); potential sync issue    
2026-08-08T12:20:47.839031Z  WARN ThreadId(20) hotstuff_runner::app: Node 0 [produce_block] queue size: 0, attempting up to 0 transactions this block    
2026-08-08T12:20:47.840027Z  WARN ThreadId(20) hotstuff_runner::app: Node 0 view(6065) far exceeds block count (1516); potential sync issue    
2026-08-08T12:20:47.952892Z  WARN ThreadId(20) hotstuff_runner::app: Node 0 [produce_block] queue size: 2, attempting up to 2 transactions this block    
2026-08-08T12:20:47.954055Z  WARN ThreadId(20) hotstuff_runner::app: Node 0 view(6069) far exceeds block count (1517); potential sync issue    
2026-08-08T12:20:48.145295Z  WARN ThreadId(20) hotstuff_runner::app: Node 0 [produce_block] queue size: 2, attempting up to 2 transactions this block    
2026-08-08T12:20:48.147417Z  WARN ThreadId(20) hotstuff_runner::app: Node 0 view(6073) far exceeds block count (1518); potential sync issue    
2026-08-08T12:20:48.257307Z  WARN ThreadId(20) hotstuff_runner::app: Node 0 [produce_block] queue size: 2, attempting up to 2 transactions this block    
2026-08-08T12:20:48.259457Z  WARN ThreadId(20) hotstuff_runner::app: Node 0 view(6077) far exceeds block count (1519); potential sync issue    
2026-08-08T12:20:48.365238Z  WARN ThreadId(20) hotstuff_runner::app: Node 0 [produce_block] queue size: 0, attempting up to 0 transactions this block    
2026-08-08T12:20:48.368467Z  WARN ThreadId(20) hotstuff_runner::app: Node 0 view(6081) far exceeds block count (1520); potential sync issue    
2026-08-08T12:20:48.503762Z  WARN ThreadId(20) hotstuff_runner::app: Node 0 [produce_block] queue size: 2, attempting up to 2 transactions this block    
2026-08-08T12:20:48.505088Z  WARN ThreadId(20) hotstuff_runner::app: Node 0 view(6085) far exceeds block count (1521); potential sync issue    
2026-08-08T12:20:48.583405Z  WARN ThreadId(20) hotstuff_runner::app: Node 0 [produce_block] queue size: 0, attempting up to 0 transactions this block    
2026-08-08T12:20:48.583773Z  WARN ThreadId(20) hotstuff_runner::app: Node 0 view(6089) far exceeds block count (1522); potential sync issue    
2026-08-08T12:20:48.666832Z  WARN ThreadId(20) hotstuff_runner::app: Node 0 [produce_block] queue size: 2, attempting up to 2 transactions this block    
2026-08-08T12:20:48.668678Z  WARN ThreadId(20) hotstuff_runner::app: Node 0 view(6093) far exceeds block count (1523); potential sync issue    
2026-08-08T12:20:48.787447Z  WARN ThreadId(20) hotstuff_runner::app: Node 0 [produce_block] queue size: 0, attempting up to 0 transactions this block    
2026-08-08T12:20:48.787901Z  WARN ThreadId(20) hotstuff_runner::app: Node 0 view(6097) far exceeds block count (1524); potential sync issue    
2026-08-08T12:20:48.887947Z  WARN ThreadId(20) hotstuff_runner::app: Node 0 [produce_block] queue size: 2, attempting up to 2 transactions this block    
2026-08-08T12:20:48.888148Z  WARN ThreadId(20) hotstuff_runner::app: Node 0 view(6101) far exceeds block count (1525); potential sync issue    
2026-08-08T12:20:49.091463Z  WARN ThreadId(20) hotstuff_runner::app: Node 0 [produce_block] queue size: 2, attempting up to 2 transactions this block    
2026-08-08T12:20:49.092711Z  WARN ThreadId(20) hotstuff_runner::app: Node 0 view(6105) far exceeds block count (1526); potential sync issue    
2026-08-08T12:20:49.228320Z  WARN ThreadId(20) hotstuff_runner::app: Node 0 [produce_block] queue size: 0, attempting up to 0 transactions this block    
2026-08-08T12:20:49.228472Z  WARN ThreadId(20) hotstuff_runner::app: Node 0 view(6109) far exceeds block count (1527); potential sync issue    
2026-08-08T12:20:49.384196Z  WARN ThreadId(20) hotstuff_runner::app: Node 0 [produce_block] queue size: 2, attempting up to 2 transactions this block    
2026-08-08T12:20:49.384594Z  WARN ThreadId(20) hotstuff_runner::app: Node 0 view(6113) far exceeds block count (1528); potential sync issue    
2026-08-08T12:20:49.525802Z  WARN ThreadId(20) hotstuff_runner::app: Node 0 [produce_block] queue size: 2, attempting up to 2 transactions this block    
2026-08-08T12:20:49.528761Z  WARN ThreadId(20) hotstuff_runner::app: Node 0 view(6117) far exceeds block count (1529); potential sync issue    
2026-08-08T12:20:49.627245Z  WARN ThreadId(20) hotstuff_runner::app: Node 0 [produce_block] queue size: 0, attempting up to 0 transactions this block    
2026-08-08T12:20:49.627502Z  WARN ThreadId(20) hotstuff_runner::app: Node 0 view(6121) far exceeds block count (1530); potential sync issue    
2026-08-08T12:20:49.752788Z  WARN ThreadId(20) hotstuff_runner::app: Node 0 [produce_block] queue size: 2, attempting up to 2 transactions this block    
2026-08-08T12:20:49.753086Z  WARN ThreadId(20) hotstuff_runner::app: Node 0 view(6125) far exceeds block count (1531); potential sync issue    
2026-08-08T12:20:49.872131Z  WARN ThreadId(20) hotstuff_runner::app: Node 0 [produce_block] queue size: 0, attempting up to 0 transactions this block    
2026-08-08T12:20:49.873061Z  WARN ThreadId(20) hotstuff_runner::app: Node 0 view(6129) far exceeds block count (1532); potential sync issue    
2026-08-08T12:20:50.004088Z  WARN ThreadId(20) hotstuff_runner::app: Node 0 [produce_block] queue size: 2, attempting up to 2 transactions this block    
2026-08-08T12:20:50.004609Z  WARN ThreadId(20) hotstuff_runner::app: Node 0 view(6133) far exceeds block count (1533); potential sync issue    
2026-08-08T12:20:50.096939Z  WARN ThreadId(20) hotstuff_runner::app: Node 0 [produce_block] queue size: 0, attempting up to 0 transactions this block    
2026-08-08T12:20:50.097475Z  WARN ThreadId(20) hotstuff_runner::app: Node 0 view(6137) far exceeds block count (1534); potential sync issue    
2026-08-08T12:20:50.167867Z  WARN ThreadId(05) docker_node: Low processing efficiency: 0.0% - system may need tuning
2026-08-08T12:20:50.212085Z  WARN ThreadId(20) hotstuff_runner::app: Node 0 [produce_block] queue size: 2, attempting up to 2 transactions this block    
2026-08-08T12:20:50.218247Z  WARN ThreadId(20) hotstuff_runner::app: Node 0 view(6141) far exceeds block count (1535); potential sync issue    
2026-08-08T12:20:50.437650Z  WARN ThreadId(20) hotstuff_runner::app: Node 0 [produce_block] queue size: 2, attempting up to 2 transactions this block    
2026-08-08T12:20:50.438859Z  WARN ThreadId(20) hotstuff_runner::app: Node 0 view(6145) far exceeds block count (1536); potential sync issue    
2026-08-08T12:20:50.532689Z  WARN ThreadId(20) hotstuff_runner::app: Node 0 [produce_block] queue size: 2, attempting up to 2 transactions this block    
2026-08-08T12:20:50.533797Z  WARN ThreadId(20) hotstuff_runner::app: Node 0 view(6149) far exceeds block count (1537); potential sync issue    
2026-08-08T12:20:50.651360Z  WARN ThreadId(20) hotstuff_runner::app: Node 0 [produce_block] queue size: 0, attempting up to 0 transactions this block    
2026-08-08T12:20:50.656403Z  WARN ThreadId(20) hotstuff_runner::app: Node 0 view(6153) far exceeds block count (1538); potential sync issue    
2026-08-08T12:20:50.883467Z  WARN ThreadId(20) hotstuff_runner::app: Node 0 [produce_block] queue size: 2, attempting up to 2 transactions this block    
2026-08-08T12:20:50.885755Z  WARN ThreadId(20) hotstuff_runner::app: Node 0 view(6157) far exceeds block count (1539); potential sync issue    
2026-08-08T12:20:50.979746Z  WARN ThreadId(20) hotstuff_runner::app: Node 0 [produce_block] queue size: 2, attempting up to 2 transactions this block    
2026-08-08T12:20:50.981824Z  WARN ThreadId(20) hotstuff_runner::app: Node 0 view(6161) far exceeds block count (1540); potential sync issue    
2026-08-08T12:20:51.082689Z  WARN ThreadId(20) hotstuff_runner::app: Node 0 [produce_block] queue size: 0, attempting up to 0 transactions this block    
2026-08-08T12:20:51.083159Z  WARN ThreadId(20) hotstuff_runner::app: Node 0 view(6165) far exceeds block count (1541); potential sync issue    
2026-08-08T12:20:51.223482Z  WARN ThreadId(20) hotstuff_runner::app: Node 0 [produce_block] queue size: 2, attempting up to 2 transactions this block    
2026-08-08T12:20:51.224020Z  WARN ThreadId(20) hotstuff_runner::app: Node 0 view(6169) far exceeds block count (1542); potential sync issue    
2026-08-08T12:20:51.321754Z  WARN ThreadId(20) hotstuff_runner::app: Node 0 [produce_block] queue size: 2, attempting up to 2 transactions this block    
2026-08-08T12:20:51.323183Z  WARN ThreadId(20) hotstuff_runner::app: Node 0 view(6173) far exceeds block count (1543); potential sync issue    
2026-08-08T12:20:51.391390Z  WARN ThreadId(20) hotstuff_runner::app: Node 0 [produce_block] queue size: 0, attempting up to 0 transactions this block    
2026-08-08T12:20:51.399352Z  WARN ThreadId(20) hotstuff_runner::app: Node 0 view(6177) far exceeds block count (1544); potential sync issue    
2026-08-08T12:20:51.478967Z  WARN ThreadId(20) hotstuff_runner::app: Node 0 [produce_block] queue size: 2, attempting up to 2 transactions this block    
2026-08-08T12:20:51.479234Z  WARN ThreadId(20) hotstuff_runner::app: Node 0 view(6181) far exceeds block count (1545); potential sync issue    
2026-08-08T12:20:51.588806Z  WARN ThreadId(20) hotstuff_runner::app: Node 0 [produce_block] queue size: 0, attempting up to 0 transactions this block    
2026-08-08T12:20:51.590787Z  WARN ThreadId(20) hotstuff_runner::app: Node 0 view(6185) far exceeds block count (1546); potential sync issue    
2026-08-08T12:20:51.698849Z  WARN ThreadId(20) hotstuff_runner::app: Node 0 [produce_block] queue size: 2, attempting up to 2 transactions this block    
2026-08-08T12:20:51.699246Z  WARN ThreadId(20) hotstuff_runner::app: Node 0 view(6189) far exceeds block count (1547); potential sync issue    
2026-08-08T12:20:51.880675Z  WARN ThreadId(20) hotstuff_runner::app: Node 0 [produce_block] queue size: 2, attempting up to 2 transactions this block    
2026-08-08T12:20:51.883077Z  WARN ThreadId(20) hotstuff_runner::app: Node 0 view(6193) far exceeds block count (1548); potential sync issue    
2026-08-08T12:20:51.957572Z  WARN ThreadId(20) hotstuff_runner::app: Node 0 [produce_block] queue size: 0, attempting up to 0 transactions this block    
2026-08-08T12:20:51.960834Z  WARN ThreadId(20) hotstuff_runner::app: Node 0 view(6197) far exceeds block count (1549); potential sync issue    
2026-08-08T12:20:52.045918Z  WARN ThreadId(20) hotstuff_runner::app: Node 0 [produce_block] queue size: 0, attempting up to 0 transactions this block    
2026-08-08T12:20:52.047079Z  WARN ThreadId(20) hotstuff_runner::app: Node 0 view(6201) far exceeds block count (1550); potential sync issue    
2026-08-08T12:20:52.117721Z  WARN ThreadId(20) hotstuff_runner::app: Node 0 [produce_block] queue size: 2, attempting up to 2 transactions this block    
2026-08-08T12:20:52.117861Z  WARN ThreadId(20) hotstuff_runner::app: Node 0 view(6205) far exceeds block count (1551); potential sync issue    
2026-08-08T12:20:52.210338Z  WARN ThreadId(20) hotstuff_runner::app: Node 0 [produce_block] queue size: 0, attempting up to 0 transactions this block    
2026-08-08T12:20:52.210508Z  WARN ThreadId(20) hotstuff_runner::app: Node 0 view(6209) far exceeds block count (1552); potential sync issue    
2026-08-08T12:20:52.297997Z  WARN ThreadId(20) hotstuff_runner::app: Node 0 [produce_block] queue size: 2, attempting up to 2 transactions this block    
2026-08-08T12:20:52.299462Z  WARN ThreadId(20) hotstuff_runner::app: Node 0 view(6213) far exceeds block count (1553); potential sync issue    
2026-08-08T12:20:52.426904Z  WARN ThreadId(20) hotstuff_runner::app: Node 0 [produce_block] queue size: 0, attempting up to 0 transactions this block    
2026-08-08T12:20:52.430533Z  WARN ThreadId(20) hotstuff_runner::app: Node 0 view(6217) far exceeds block count (1554); potential sync issue    
2026-08-08T12:20:52.529877Z  WARN ThreadId(20) hotstuff_runner::app: Node 0 [produce_block] queue size: 2, attempting up to 2 transactions this block    
2026-08-08T12:20:52.530109Z  WARN ThreadId(20) hotstuff_runner::app: Node 0 view(6221) far exceeds block count (1555); potential sync issue    
2026-08-08T12:20:52.625619Z  WARN ThreadId(20) hotstuff_runner::app: Node 0 [produce_block] queue size: 2, attempting up to 2 transactions this block    
2026-08-08T12:20:52.625977Z  WARN ThreadId(20) hotstuff_runner::app: Node 0 view(6225) far exceeds block count (1556); potential sync issue    
2026-08-08T12:20:52.766018Z  WARN ThreadId(20) hotstuff_runner::app: Node 0 [produce_block] queue size: 0, attempting up to 0 transactions this block    
2026-08-08T12:20:52.769474Z  WARN ThreadId(20) hotstuff_runner::app: Node 0 view(6229) far exceeds block count (1557); potential sync issue    
2026-08-08T12:20:52.819183Z  WARN ThreadId(20) hotstuff_runner::app: Node 0 [produce_block] queue size: 2, attempting up to 2 transactions this block    
2026-08-08T12:20:52.825246Z  WARN ThreadId(20) hotstuff_runner::app: Node 0 view(6233) far exceeds block count (1558); potential sync issue    
2026-08-08T12:20:52.948906Z  WARN ThreadId(20) hotstuff_runner::app: Node 0 [produce_block] queue size: 0, attempting up to 0 transactions this block    
2026-08-08T12:20:52.949929Z  WARN ThreadId(20) hotstuff_runner::app: Node 0 view(6237) far exceeds block count (1559); potential sync issue    
2026-08-08T12:20:53.073176Z  WARN ThreadId(20) hotstuff_runner::app: Node 0 [produce_block] queue size: 2, attempting up to 2 transactions this block    
2026-08-08T12:20:53.073397Z  WARN ThreadId(20) hotstuff_runner::app: Node 0 view(6241) far exceeds block count (1560); potential sync issue    
2026-08-08T12:20:53.188818Z  WARN ThreadId(20) hotstuff_runner::app: Node 0 [produce_block] queue size: 0, attempting up to 0 transactions this block    
2026-08-08T12:20:53.189301Z  WARN ThreadId(20) hotstuff_runner::app: Node 0 view(6245) far exceeds block count (1561); potential sync issue    
2026-08-08T12:20:53.317921Z  WARN ThreadId(20) hotstuff_runner::app: Node 0 [produce_block] queue size: 2, attempting up to 2 transactions this block    
2026-08-08T12:20:53.318121Z  WARN ThreadId(20) hotstuff_runner::app: Node 0 view(6249) far exceeds block count (1562); potential sync issue    
2026-08-08T12:20:53.427754Z  WARN ThreadId(20) hotstuff_runner::app: Node 0 [produce_block] queue size: 0, attempting up to 0 transactions this block    
2026-08-08T12:20:53.427979Z  WARN ThreadId(20) hotstuff_runner::app: Node 0 view(6253) far exceeds block count (1563); potential sync issue    
2026-08-08T12:20:53.583688Z  WARN ThreadId(20) hotstuff_runner::app: Node 0 [produce_block] queue size: 2, attempting up to 2 transactions this block    
2026-08-08T12:20:53.584688Z  WARN ThreadId(20) hotstuff_runner::app: Node 0 view(6257) far exceeds block count (1564); potential sync issue    
2026-08-08T12:20:53.720400Z  WARN ThreadId(20) hotstuff_runner::app: Node 0 [produce_block] queue size: 2, attempting up to 2 transactions this block    
2026-08-08T12:20:53.724212Z  WARN ThreadId(20) hotstuff_runner::app: Node 0 view(6261) far exceeds block count (1565); potential sync issue    
2026-08-08T12:20:53.799396Z  WARN ThreadId(20) hotstuff_runner::app: Node 0 [produce_block] queue size: 0, attempting up to 0 transactions this block    
2026-08-08T12:20:53.800715Z  WARN ThreadId(20) hotstuff_runner::app: Node 0 view(6265) far exceeds block count (1566); potential sync issue    
2026-08-08T12:20:53.922195Z  WARN ThreadId(20) hotstuff_runner::app: Node 0 [produce_block] queue size: 2, attempting up to 2 transactions this block    
2026-08-08T12:20:53.929812Z  WARN ThreadId(20) hotstuff_runner::app: Node 0 view(6269) far exceeds block count (1567); potential sync issue    
2026-08-08T12:20:54.117388Z  WARN ThreadId(20) hotstuff_runner::app: Node 0 [produce_block] queue size: 2, attempting up to 2 transactions this block    
2026-08-08T12:20:54.122031Z  WARN ThreadId(20) hotstuff_runner::app: Node 0 view(6273) far exceeds block count (1568); potential sync issue    
2026-08-08T12:20:54.228261Z  WARN ThreadId(20) hotstuff_runner::app: Node 0 [produce_block] queue size: 0, attempting up to 0 transactions this block    
2026-08-08T12:20:54.228489Z  WARN ThreadId(20) hotstuff_runner::app: Node 0 view(6277) far exceeds block count (1569); potential sync issue    
2026-08-08T12:20:54.383896Z  WARN ThreadId(20) hotstuff_runner::app: Node 0 [produce_block] queue size: 2, attempting up to 2 transactions this block    
2026-08-08T12:20:54.387572Z  WARN ThreadId(20) hotstuff_runner::app: Node 0 view(6281) far exceeds block count (1570); potential sync issue    
2026-08-08T12:20:54.527150Z  WARN ThreadId(20) hotstuff_runner::app: Node 0 [produce_block] queue size: 2, attempting up to 2 transactions this block    
2026-08-08T12:20:54.527383Z  WARN ThreadId(20) hotstuff_runner::app: Node 0 view(6285) far exceeds block count (1571); potential sync issue    
2026-08-08T12:20:54.722663Z  WARN ThreadId(20) hotstuff_runner::app: Node 0 [produce_block] queue size: 2, attempting up to 2 transactions this block    
2026-08-08T12:20:54.723456Z  WARN ThreadId(20) hotstuff_runner::app: Node 0 view(6289) far exceeds block count (1572); potential sync issue    
2026-08-08T12:20:54.857495Z  WARN ThreadId(20) hotstuff_runner::app: Node 0 [produce_block] queue size: 0, attempting up to 0 transactions this block    
2026-08-08T12:20:54.860440Z  WARN ThreadId(20) hotstuff_runner::app: Node 0 view(6293) far exceeds block count (1573); potential sync issue    
2026-08-08T12:20:54.956757Z  WARN ThreadId(20) hotstuff_runner::app: Node 0 [produce_block] queue size: 2, attempting up to 2 transactions this block    
2026-08-08T12:20:54.959696Z  WARN ThreadId(20) hotstuff_runner::app: Node 0 view(6297) far exceeds block count (1574); potential sync issue    
2026-08-08T12:20:55.090499Z  WARN ThreadId(20) hotstuff_runner::app: Node 0 [produce_block] queue size: 0, attempting up to 0 transactions this block    
2026-08-08T12:20:55.091587Z  WARN ThreadId(20) hotstuff_runner::app: Node 0 view(6301) far exceeds block count (1575); potential sync issue    
2026-08-08T12:20:55.168426Z  WARN ThreadId(06) docker_node: Low processing efficiency: 0.0% - system may need tuning
2026-08-08T12:20:55.200116Z  WARN ThreadId(20) hotstuff_runner::app: Node 0 [produce_block] queue size: 2, attempting up to 2 transactions this block    
2026-08-08T12:20:55.201035Z  WARN ThreadId(20) hotstuff_runner::app: Node 0 view(6305) far exceeds block count (1576); potential sync issue    
2026-08-08T12:20:55.294246Z  WARN ThreadId(20) hotstuff_runner::app: Node 0 [produce_block] queue size: 0, attempting up to 0 transactions this block    
2026-08-08T12:20:55.297483Z  WARN ThreadId(20) hotstuff_runner::app: Node 0 view(6309) far exceeds block count (1577); potential sync issue    
2026-08-08T12:20:55.422874Z  WARN ThreadId(20) hotstuff_runner::app: Node 0 [produce_block] queue size: 2, attempting up to 2 transactions this block    
2026-08-08T12:20:55.424447Z  WARN ThreadId(20) hotstuff_runner::app: Node 0 view(6313) far exceeds block count (1578); potential sync issue    
2026-08-08T12:20:55.602354Z  WARN ThreadId(20) hotstuff_runner::app: Node 0 [produce_block] queue size: 2, attempting up to 2 transactions this block    
2026-08-08T12:20:55.603545Z  WARN ThreadId(20) hotstuff_runner::app: Node 0 view(6317) far exceeds block count (1579); potential sync issue    
2026-08-08T12:20:55.766407Z  WARN ThreadId(20) hotstuff_runner::app: Node 0 [produce_block] queue size: 0, attempting up to 0 transactions this block    
2026-08-08T12:20:55.767923Z  WARN ThreadId(20) hotstuff_runner::app: Node 0 view(6321) far exceeds block count (1580); potential sync issue    
2026-08-08T12:20:55.896305Z  WARN ThreadId(20) hotstuff_runner::app: Node 0 [produce_block] queue size: 2, attempting up to 2 transactions this block    
2026-08-08T12:20:55.897012Z  WARN ThreadId(20) hotstuff_runner::app: Node 0 view(6325) far exceeds block count (1581); potential sync issue    
2026-08-08T12:20:56.013135Z  WARN ThreadId(20) hotstuff_runner::app: Node 0 [produce_block] queue size: 0, attempting up to 0 transactions this block    
2026-08-08T12:20:56.014398Z  WARN ThreadId(20) hotstuff_runner::app: Node 0 view(6329) far exceeds block count (1582); potential sync issue    
2026-08-08T12:20:56.099722Z  WARN ThreadId(20) hotstuff_runner::app: Node 0 [produce_block] queue size: 2, attempting up to 2 transactions this block    
2026-08-08T12:20:56.111198Z  WARN ThreadId(20) hotstuff_runner::app: Node 0 view(6333) far exceeds block count (1583); potential sync issue    
2026-08-08T12:20:56.247565Z  WARN ThreadId(20) hotstuff_runner::app: Node 0 [produce_block] queue size: 2, attempting up to 2 transactions this block    
2026-08-08T12:20:56.248079Z  WARN ThreadId(20) hotstuff_runner::app: Node 0 view(6337) far exceeds block count (1584); potential sync issue    
2026-08-08T12:20:56.343653Z  WARN ThreadId(20) hotstuff_runner::app: Node 0 [produce_block] queue size: 0, attempting up to 0 transactions this block    
2026-08-08T12:20:56.346478Z  WARN ThreadId(20) hotstuff_runner::app: Node 0 view(6341) far exceeds block count (1585); potential sync issue    
2026-08-08T12:20:56.445321Z  WARN ThreadId(20) hotstuff_runner::app: Node 0 [produce_block] queue size: 2, attempting up to 2 transactions this block    
2026-08-08T12:20:56.445491Z  WARN ThreadId(20) hotstuff_runner::app: Node 0 view(6345) far exceeds block count (1586); potential sync issue    
2026-08-08T12:20:56.539298Z  WARN ThreadId(20) hotstuff_runner::app: Node 0 [produce_block] queue size: 0, attempting up to 0 transactions this block    
2026-08-08T12:20:56.540740Z  WARN ThreadId(20) hotstuff_runner::app: Node 0 view(6349) far exceeds block count (1587); potential sync issue    
2026-08-08T12:20:56.653207Z  WARN ThreadId(20) hotstuff_runner::app: Node 0 [produce_block] queue size: 2, attempting up to 2 transactions this block    
2026-08-08T12:20:56.654605Z  WARN ThreadId(20) hotstuff_runner::app: Node 0 view(6353) far exceeds block count (1588); potential sync issue    
2026-08-08T12:20:56.840438Z  WARN ThreadId(20) hotstuff_runner::app: Node 0 [produce_block] queue size: 2, attempting up to 2 transactions this block    
2026-08-08T12:20:56.857172Z  WARN ThreadId(20) hotstuff_runner::app: Node 0 view(6357) far exceeds block count (1589); potential sync issue    
2026-08-08T12:20:56.982951Z  WARN ThreadId(20) hotstuff_runner::app: Node 0 [produce_block] queue size: 2, attempting up to 2 transactions this block    
2026-08-08T12:20:56.984403Z  WARN ThreadId(20) hotstuff_runner::app: Node 0 view(6361) far exceeds block count (1590); potential sync issue    
2026-08-08T12:20:57.117638Z  WARN ThreadId(20) hotstuff_runner::app: Node 0 [produce_block] queue size: 0, attempting up to 0 transactions this block    
2026-08-08T12:20:57.122033Z  WARN ThreadId(20) hotstuff_runner::app: Node 0 view(6365) far exceeds block count (1591); potential sync issue    
2026-08-08T12:20:57.192550Z  WARN ThreadId(20) hotstuff_runner::app: Node 0 [produce_block] queue size: 2, attempting up to 2 transactions this block    
2026-08-08T12:20:57.194572Z  WARN ThreadId(20) hotstuff_runner::app: Node 0 view(6369) far exceeds block count (1592); potential sync issue    
2026-08-08T12:20:57.293323Z  WARN ThreadId(20) hotstuff_runner::app: Node 0 [produce_block] queue size: 0, attempting up to 0 transactions this block    
2026-08-08T12:20:57.298578Z  WARN ThreadId(20) hotstuff_runner::app: Node 0 view(6373) far exceeds block count (1593); potential sync issue    
2026-08-08T12:20:57.415755Z  WARN ThreadId(20) hotstuff_runner::app: Node 0 [produce_block] queue size: 2, attempting up to 2 transactions this block    
2026-08-08T12:20:57.416000Z  WARN ThreadId(20) hotstuff_runner::app: Node 0 view(6377) far exceeds block count (1594); potential sync issue    
2026-08-08T12:20:57.606686Z  WARN ThreadId(20) hotstuff_runner::app: Node 0 [produce_block] queue size: 2, attempting up to 2 transactions this block    
2026-08-08T12:20:57.608455Z  WARN ThreadId(20) hotstuff_runner::app: Node 0 view(6381) far exceeds block count (1595); potential sync issue    
2026-08-08T12:20:57.694951Z  WARN ThreadId(20) hotstuff_runner::app: Node 0 [produce_block] queue size: 0, attempting up to 0 transactions this block    
2026-08-08T12:20:57.695207Z  WARN ThreadId(20) hotstuff_runner::app: Node 0 view(6385) far exceeds block count (1596); potential sync issue    
2026-08-08T12:20:57.781316Z  WARN ThreadId(20) hotstuff_runner::app: Node 0 [produce_block] queue size: 2, attempting up to 2 transactions this block    
2026-08-08T12:20:57.781449Z  WARN ThreadId(20) hotstuff_runner::app: Node 0 view(6389) far exceeds block count (1597); potential sync issue    
2026-08-08T12:20:57.901468Z  WARN ThreadId(20) hotstuff_runner::app: Node 0 [produce_block] queue size: 0, attempting up to 0 transactions this block    
2026-08-08T12:20:57.903663Z  WARN ThreadId(20) hotstuff_runner::app: Node 0 view(6393) far exceeds block count (1598); potential sync issue    
2026-08-08T12:20:58.029905Z  WARN ThreadId(20) hotstuff_runner::app: Node 0 [produce_block] queue size: 2, attempting up to 2 transactions this block    
2026-08-08T12:20:58.030251Z  WARN ThreadId(20) hotstuff_runner::app: Node 0 view(6397) far exceeds block count (1599); potential sync issue    
2026-08-08T12:20:58.167079Z  WARN ThreadId(20) hotstuff_runner::app: Node 0 [produce_block] queue size: 2, attempting up to 2 transactions this block    
2026-08-08T12:20:58.175575Z  WARN ThreadId(20) hotstuff_runner::app: Node 0 view(6401) far exceeds block count (1600); potential sync issue    
2026-08-08T12:20:58.420969Z  WARN ThreadId(20) hotstuff_runner::app: Node 0 [produce_block] queue size: 2, attempting up to 2 transactions this block    
2026-08-08T12:20:58.427007Z  WARN ThreadId(20) hotstuff_runner::app: Node 0 view(6405) far exceeds block count (1601); potential sync issue    
2026-08-08T12:20:58.543757Z  WARN ThreadId(20) hotstuff_runner::app: Node 0 [produce_block] queue size: 0, attempting up to 0 transactions this block    
2026-08-08T12:20:58.544056Z  WARN ThreadId(20) hotstuff_runner::app: Node 0 view(6409) far exceeds block count (1602); potential sync issue    
2026-08-08T12:20:58.717649Z  WARN ThreadId(20) hotstuff_runner::app: Node 0 [produce_block] queue size: 2, attempting up to 2 transactions this block    
2026-08-08T12:20:58.718860Z  WARN ThreadId(20) hotstuff_runner::app: Node 0 view(6413) far exceeds block count (1603); potential sync issue    
2026-08-08T12:20:58.809269Z  WARN ThreadId(20) hotstuff_runner::app: Node 0 [produce_block] queue size: 2, attempting up to 2 transactions this block    
2026-08-08T12:20:58.810535Z  WARN ThreadId(20) hotstuff_runner::app: Node 0 view(6417) far exceeds block count (1604); potential sync issue    
2026-08-08T12:20:58.913723Z  WARN ThreadId(20) hotstuff_runner::app: Node 0 [produce_block] queue size: 0, attempting up to 0 transactions this block    
2026-08-08T12:20:58.915427Z  WARN ThreadId(20) hotstuff_runner::app: Node 0 view(6421) far exceeds block count (1605); potential sync issue    
2026-08-08T12:20:59.034120Z  WARN ThreadId(20) hotstuff_runner::app: Node 0 [produce_block] queue size: 2, attempting up to 2 transactions this block    
2026-08-08T12:20:59.038792Z  WARN ThreadId(20) hotstuff_runner::app: Node 0 view(6425) far exceeds block count (1606); potential sync issue    
2026-08-08T12:20:59.198460Z  WARN ThreadId(20) hotstuff_runner::app: Node 0 [produce_block] queue size: 2, attempting up to 2 transactions this block    
2026-08-08T12:20:59.199127Z  WARN ThreadId(20) hotstuff_runner::app: Node 0 view(6429) far exceeds block count (1607); potential sync issue    
2026-08-08T12:20:59.310727Z  WARN ThreadId(20) hotstuff_runner::app: Node 0 [produce_block] queue size: 0, attempting up to 0 transactions this block    
2026-08-08T12:20:59.312401Z  WARN ThreadId(20) hotstuff_runner::app: Node 0 view(6433) far exceeds block count (1608); potential sync issue    
2026-08-08T12:20:59.408176Z  WARN ThreadId(20) hotstuff_runner::app: Node 0 [produce_block] queue size: 2, attempting up to 2 transactions this block    
2026-08-08T12:20:59.409410Z  WARN ThreadId(20) hotstuff_runner::app: Node 0 view(6437) far exceeds block count (1609); potential sync issue    
2026-08-08T12:20:59.491099Z  WARN ThreadId(20) hotstuff_runner::app: Node 0 [produce_block] queue size: 0, attempting up to 0 transactions this block    
2026-08-08T12:20:59.491767Z  WARN ThreadId(20) hotstuff_runner::app: Node 0 view(6441) far exceeds block count (1610); potential sync issue    
2026-08-08T12:20:59.603410Z  WARN ThreadId(20) hotstuff_runner::app: Node 0 [produce_block] queue size: 2, attempting up to 2 transactions this block    
2026-08-08T12:20:59.604199Z  WARN ThreadId(20) hotstuff_runner::app: Node 0 view(6445) far exceeds block count (1611); potential sync issue    
2026-08-08T12:20:59.688764Z  WARN ThreadId(20) hotstuff_runner::app: Node 0 [produce_block] queue size: 0, attempting up to 0 transactions this block    
2026-08-08T12:20:59.690216Z  WARN ThreadId(20) hotstuff_runner::app: Node 0 view(6449) far exceeds block count (1612); potential sync issue    
2026-08-08T12:20:59.810179Z  WARN ThreadId(20) hotstuff_runner::app: Node 0 [produce_block] queue size: 2, attempting up to 2 transactions this block    
2026-08-08T12:20:59.811394Z  WARN ThreadId(20) hotstuff_runner::app: Node 0 view(6453) far exceeds block count (1613); potential sync issue    
2026-08-08T12:20:59.934073Z  WARN ThreadId(20) hotstuff_runner::app: Node 0 [produce_block] queue size: 2, attempting up to 2 transactions this block    
2026-08-08T12:20:59.940654Z  WARN ThreadId(20) hotstuff_runner::app: Node 0 view(6457) far exceeds block count (1614); potential sync issue    
2026-08-08T12:21:00.050210Z  WARN ThreadId(20) hotstuff_runner::app: Node 0 [produce_block] queue size: 0, attempting up to 0 transactions this block    
2026-08-08T12:21:00.050568Z  WARN ThreadId(20) hotstuff_runner::app: Node 0 view(6461) far exceeds block count (1615); potential sync issue    
2026-08-08T12:21:00.168473Z  WARN ThreadId(07) docker_node: Low processing efficiency: 0.0% - system may need tuning
2026-08-08T12:21:00.220471Z  WARN ThreadId(20) hotstuff_runner::app: Node 0 [produce_block] queue size: 2, attempting up to 2 transactions this block    
2026-08-08T12:21:00.223044Z  WARN ThreadId(20) hotstuff_runner::app: Node 0 view(6465) far exceeds block count (1616); potential sync issue    
2026-08-08T12:21:00.359449Z  WARN ThreadId(20) hotstuff_runner::app: Node 0 [produce_block] queue size: 2, attempting up to 2 transactions this block    
2026-08-08T12:21:00.359818Z  WARN ThreadId(20) hotstuff_runner::app: Node 0 view(6469) far exceeds block count (1617); potential sync issue    
2026-08-08T12:21:00.521194Z  WARN ThreadId(20) hotstuff_runner::app: Node 0 [produce_block] queue size: 0, attempting up to 0 transactions this block    
2026-08-08T12:21:00.522937Z  WARN ThreadId(20) hotstuff_runner::app: Node 0 view(6473) far exceeds block count (1618); potential sync issue    
2026-08-08T12:21:00.633474Z  WARN ThreadId(20) hotstuff_runner::app: Node 0 [produce_block] queue size: 2, attempting up to 2 transactions this block    
2026-08-08T12:21:00.636495Z  WARN ThreadId(20) hotstuff_runner::app: Node 0 view(6477) far exceeds block count (1619); potential sync issue    
2026-08-08T12:21:00.922035Z  WARN ThreadId(20) hotstuff_runner::app: Node 0 [produce_block] queue size: 2, attempting up to 2 transactions this block    
2026-08-08T12:21:00.922278Z  WARN ThreadId(20) hotstuff_runner::app: Node 0 view(6481) far exceeds block count (1620); potential sync issue    
2026-08-08T12:21:00.975168Z  WARN ThreadId(20) hotstuff_runner::app: Node 0 [produce_block] queue size: 2, attempting up to 2 transactions this block    
2026-08-08T12:21:00.975614Z  WARN ThreadId(20) hotstuff_runner::app: Node 0 view(6485) far exceeds block count (1621); potential sync issue    
2026-08-08T12:21:01.060320Z  WARN ThreadId(20) hotstuff_runner::app: Node 0 [produce_block] queue size: 0, attempting up to 0 transactions this block    
2026-08-08T12:21:01.060604Z  WARN ThreadId(20) hotstuff_runner::app: Node 0 view(6489) far exceeds block count (1622); potential sync issue    
2026-08-08T12:21:01.214540Z  WARN ThreadId(20) hotstuff_runner::app: Node 0 [produce_block] queue size: 2, attempting up to 2 transactions this block    
2026-08-08T12:21:01.214939Z  WARN ThreadId(20) hotstuff_runner::app: Node 0 view(6493) far exceeds block count (1623); potential sync issue    
2026-08-08T12:21:01.460392Z  WARN ThreadId(20) hotstuff_runner::app: Node 0 [produce_block] queue size: 2, attempting up to 2 transactions this block    
2026-08-08T12:21:01.466974Z  WARN ThreadId(20) hotstuff_runner::app: Node 0 view(6497) far exceeds block count (1624); potential sync issue    
2026-08-08T12:21:01.612146Z  WARN ThreadId(20) hotstuff_runner::app: Node 0 [produce_block] queue size: 2, attempting up to 2 transactions this block    
2026-08-08T12:21:01.612345Z  WARN ThreadId(20) hotstuff_runner::app: Node 0 view(6501) far exceeds block count (1625); potential sync issue    
2026-08-08T12:21:01.863619Z  WARN ThreadId(20) hotstuff_runner::app: Node 0 [produce_block] queue size: 2, attempting up to 2 transactions this block    
2026-08-08T12:21:01.864139Z  WARN ThreadId(20) hotstuff_runner::app: Node 0 view(6505) far exceeds block count (1626); potential sync issue    
2026-08-08T12:21:01.971242Z  WARN ThreadId(20) hotstuff_runner::app: Node 0 [produce_block] queue size: 2, attempting up to 2 transactions this block    
2026-08-08T12:21:01.971703Z  WARN ThreadId(20) hotstuff_runner::app: Node 0 view(6509) far exceeds block count (1627); potential sync issue    
2026-08-08T12:21:02.079399Z  WARN ThreadId(20) hotstuff_runner::app: Node 0 [produce_block] queue size: 0, attempting up to 0 transactions this block    
2026-08-08T12:21:02.079630Z  WARN ThreadId(20) hotstuff_runner::app: Node 0 view(6513) far exceeds block count (1628); potential sync issue    
2026-08-08T12:21:02.220219Z  WARN ThreadId(20) hotstuff_runner::app: Node 0 [produce_block] queue size: 2, attempting up to 2 transactions this block    
2026-08-08T12:21:02.229276Z  WARN ThreadId(20) hotstuff_runner::app: Node 0 view(6517) far exceeds block count (1629); potential sync issue    
2026-08-08T12:21:02.337611Z  WARN ThreadId(20) hotstuff_runner::app: Node 0 [produce_block] queue size: 0, attempting up to 0 transactions this block    
2026-08-08T12:21:02.338944Z  WARN ThreadId(20) hotstuff_runner::app: Node 0 view(6521) far exceeds block count (1630); potential sync issue    
2026-08-08T12:21:02.428239Z  WARN ThreadId(20) hotstuff_runner::app: Node 0 [produce_block] queue size: 2, attempting up to 2 transactions this block    
2026-08-08T12:21:02.429586Z  WARN ThreadId(20) hotstuff_runner::app: Node 0 view(6525) far exceeds block count (1631); potential sync issue    
2026-08-08T12:21:02.595358Z  WARN ThreadId(20) hotstuff_runner::app: Node 0 [produce_block] queue size: 0, attempting up to 0 transactions this block    
2026-08-08T12:21:02.596185Z  WARN ThreadId(20) hotstuff_runner::app: Node 0 view(6529) far exceeds block count (1632); potential sync issue    
2026-08-08T12:21:02.824410Z  WARN ThreadId(20) hotstuff_runner::app: Node 0 [produce_block] queue size: 4, attempting up to 4 transactions this block    
2026-08-08T12:21:02.824681Z  WARN ThreadId(20) hotstuff_runner::app: Node 0 view(6533) far exceeds block count (1633); potential sync issue    
2026-08-08T12:21:02.966979Z  WARN ThreadId(20) hotstuff_runner::app: Node 0 [produce_block] queue size: 0, attempting up to 0 transactions this block    
2026-08-08T12:21:02.987925Z  WARN ThreadId(20) hotstuff_runner::app: Node 0 view(6537) far exceeds block count (1634); potential sync issue    
2026-08-08T12:21:04.997153Z  WARN ThreadId(21) hotstuff_runner::tcp_node: Node 0 view 6538 timed out; latency may accumulate
2026-08-08T12:21:05.046084Z  WARN ThreadId(20) hotstuff_runner::app: Node 0 [produce_block] queue size: 20, attempting up to 20 transactions this block    
2026-08-08T12:21:05.048425Z  WARN ThreadId(20) hotstuff_runner::app: Node 0 view(6541) far exceeds block count (1635); potential sync issue    
2026-08-08T12:21:05.168450Z  WARN ThreadId(04) docker_node: Low processing efficiency: 0.0% - system may need tuning
2026-08-08T12:21:05.177576Z  WARN ThreadId(20) hotstuff_runner::app: Node 0 [produce_block] queue size: 2, attempting up to 2 transactions this block    
2026-08-08T12:21:05.178132Z  WARN ThreadId(20) hotstuff_runner::app: Node 0 view(6545) far exceeds block count (1636); potential sync issue    
2026-08-08T12:21:05.296103Z  WARN ThreadId(20) hotstuff_runner::app: Node 0 [produce_block] queue size: 2, attempting up to 2 transactions this block    
2026-08-08T12:21:05.298148Z  WARN ThreadId(20) hotstuff_runner::app: Node 0 view(6549) far exceeds block count (1637); potential sync issue    
2026-08-08T12:21:05.426651Z  WARN ThreadId(20) hotstuff_runner::app: Node 0 [produce_block] queue size: 0, attempting up to 0 transactions this block    
2026-08-08T12:21:05.428641Z  WARN ThreadId(20) hotstuff_runner::app: Node 0 view(6553) far exceeds block count (1638); potential sync issue    
2026-08-08T12:21:05.532724Z  WARN ThreadId(20) hotstuff_runner::app: Node 0 [produce_block] queue size: 2, attempting up to 2 transactions this block    
2026-08-08T12:21:05.533186Z  WARN ThreadId(20) hotstuff_runner::app: Node 0 view(6557) far exceeds block count (1639); potential sync issue    
2026-08-08T12:21:05.668873Z  WARN ThreadId(20) hotstuff_runner::app: Node 0 [produce_block] queue size: 0, attempting up to 0 transactions this block    
2026-08-08T12:21:05.669970Z  WARN ThreadId(20) hotstuff_runner::app: Node 0 view(6561) far exceeds block count (1640); potential sync issue    
2026-08-08T12:21:05.780532Z  WARN ThreadId(20) hotstuff_runner::app: Node 0 [produce_block] queue size: 2, attempting up to 2 transactions this block    
2026-08-08T12:21:05.781406Z  WARN ThreadId(20) hotstuff_runner::app: Node 0 view(6565) far exceeds block count (1641); potential sync issue    
2026-08-08T12:21:05.916953Z  WARN ThreadId(20) hotstuff_runner::app: Node 0 [produce_block] queue size: 0, attempting up to 0 transactions this block    
2026-08-08T12:21:05.917405Z  WARN ThreadId(20) hotstuff_runner::app: Node 0 view(6569) far exceeds block count (1642); potential sync issue    
2026-08-08T12:21:06.067935Z  WARN ThreadId(20) hotstuff_runner::app: Node 0 [produce_block] queue size: 2, attempting up to 2 transactions this block    
2026-08-08T12:21:06.068154Z  WARN ThreadId(20) hotstuff_runner::app: Node 0 view(6573) far exceeds block count (1643); potential sync issue    
2026-08-08T12:21:06.199087Z  WARN ThreadId(20) hotstuff_runner::app: Node 0 [produce_block] queue size: 2, attempting up to 2 transactions this block    
2026-08-08T12:21:06.206584Z  WARN ThreadId(20) hotstuff_runner::app: Node 0 view(6577) far exceeds block count (1644); potential sync issue    
2026-08-08T12:21:06.304936Z  WARN ThreadId(20) hotstuff_runner::app: Node 0 [produce_block] queue size: 0, attempting up to 0 transactions this block    
2026-08-08T12:21:06.305121Z  WARN ThreadId(20) hotstuff_runner::app: Node 0 view(6581) far exceeds block count (1645); potential sync issue    
2026-08-08T12:21:06.418398Z  WARN ThreadId(20) hotstuff_runner::app: Node 0 [produce_block] queue size: 2, attempting up to 2 transactions this block    
2026-08-08T12:21:06.424658Z  WARN ThreadId(20) hotstuff_runner::app: Node 0 view(6585) far exceeds block count (1646); potential sync issue    
2026-08-08T12:21:06.550727Z  WARN ThreadId(20) hotstuff_runner::app: Node 0 [produce_block] queue size: 2, attempting up to 2 transactions this block    
2026-08-08T12:21:06.551343Z  WARN ThreadId(20) hotstuff_runner::app: Node 0 view(6589) far exceeds block count (1647); potential sync issue    
2026-08-08T12:21:06.710255Z  WARN ThreadId(20) hotstuff_runner::app: Node 0 [produce_block] queue size: 0, attempting up to 0 transactions this block    
2026-08-08T12:21:06.710874Z  WARN ThreadId(20) hotstuff_runner::app: Node 0 view(6593) far exceeds block count (1648); potential sync issue    
2026-08-08T12:21:06.781881Z  WARN ThreadId(20) hotstuff_runner::app: Node 0 [produce_block] queue size: 2, attempting up to 2 transactions this block    
2026-08-08T12:21:06.783895Z  WARN ThreadId(20) hotstuff_runner::app: Node 0 view(6597) far exceeds block count (1649); potential sync issue    
2026-08-08T12:21:06.912876Z  WARN ThreadId(20) hotstuff_runner::app: Node 0 [produce_block] queue size: 2, attempting up to 2 transactions this block    
2026-08-08T12:21:06.913067Z  WARN ThreadId(20) hotstuff_runner::app: Node 0 view(6601) far exceeds block count (1650); potential sync issue    
2026-08-08T12:21:07.047315Z  WARN ThreadId(20) hotstuff_runner::app: Node 0 [produce_block] queue size: 0, attempting up to 0 transactions this block    
2026-08-08T12:21:07.047835Z  WARN ThreadId(20) hotstuff_runner::app: Node 0 view(6605) far exceeds block count (1651); potential sync issue    
2026-08-08T12:21:07.199499Z  WARN ThreadId(20) hotstuff_runner::app: Node 0 [produce_block] queue size: 2, attempting up to 2 transactions this block    
2026-08-08T12:21:07.202451Z  WARN ThreadId(20) hotstuff_runner::app: Node 0 view(6609) far exceeds block count (1652); potential sync issue    
2026-08-08T12:21:07.311087Z  WARN ThreadId(20) hotstuff_runner::app: Node 0 [produce_block] queue size: 2, attempting up to 2 transactions this block    
2026-08-08T12:21:07.316892Z  WARN ThreadId(20) hotstuff_runner::app: Node 0 view(6613) far exceeds block count (1653); potential sync issue    
2026-08-08T12:21:07.428899Z  WARN ThreadId(20) hotstuff_runner::app: Node 0 [produce_block] queue size: 0, attempting up to 0 transactions this block    
2026-08-08T12:21:07.430401Z  WARN ThreadId(20) hotstuff_runner::app: Node 0 view(6617) far exceeds block count (1654); potential sync issue    
2026-08-08T12:21:07.571631Z  WARN ThreadId(20) hotstuff_runner::app: Node 0 [produce_block] queue size: 2, attempting up to 2 transactions this block    
2026-08-08T12:21:07.571830Z  WARN ThreadId(20) hotstuff_runner::app: Node 0 view(6621) far exceeds block count (1655); potential sync issue    
2026-08-08T12:21:07.715302Z  WARN ThreadId(20) hotstuff_runner::app: Node 0 [produce_block] queue size: 2, attempting up to 2 transactions this block    
2026-08-08T12:21:07.721529Z  WARN ThreadId(20) hotstuff_runner::app: Node 0 view(6625) far exceeds block count (1656); potential sync issue    
2026-08-08T12:21:07.831427Z  WARN ThreadId(20) hotstuff_runner::app: Node 0 [produce_block] queue size: 2, attempting up to 2 transactions this block    
2026-08-08T12:21:07.831535Z  WARN ThreadId(20) hotstuff_runner::app: Node 0 view(6629) far exceeds block count (1657); potential sync issue    
2026-08-08T12:21:07.947146Z  WARN ThreadId(20) hotstuff_runner::app: Node 0 [produce_block] queue size: 0, attempting up to 0 transactions this block    
2026-08-08T12:21:07.947697Z  WARN ThreadId(20) hotstuff_runner::app: Node 0 view(6633) far exceeds block count (1658); potential sync issue    
2026-08-08T12:21:08.091306Z  WARN ThreadId(20) hotstuff_runner::app: Node 0 [produce_block] queue size: 2, attempting up to 2 transactions this block    
2026-08-08T12:21:08.102749Z  WARN ThreadId(20) hotstuff_runner::app: Node 0 view(6637) far exceeds block count (1659); potential sync issue    
2026-08-08T12:21:08.199804Z  WARN ThreadId(20) hotstuff_runner::app: Node 0 [produce_block] queue size: 0, attempting up to 0 transactions this block    
2026-08-08T12:21:08.199917Z  WARN ThreadId(20) hotstuff_runner::app: Node 0 view(6641) far exceeds block count (1660); potential sync issue    
2026-08-08T12:21:08.412397Z  WARN ThreadId(20) hotstuff_runner::app: Node 0 [produce_block] queue size: 2, attempting up to 2 transactions this block    
2026-08-08T12:21:08.416211Z  WARN ThreadId(20) hotstuff_runner::app: Node 0 view(6645) far exceeds block count (1661); potential sync issue    
2026-08-08T12:21:08.625891Z  WARN ThreadId(20) hotstuff_runner::app: Node 0 [produce_block] queue size: 2, attempting up to 2 transactions this block    
2026-08-08T12:21:08.626629Z  WARN ThreadId(20) hotstuff_runner::app: Node 0 view(6649) far exceeds block count (1662); potential sync issue    
2026-08-08T12:21:08.727210Z  WARN ThreadId(20) hotstuff_runner::app: Node 0 [produce_block] queue size: 2, attempting up to 2 transactions this block    
2026-08-08T12:21:08.737648Z  WARN ThreadId(20) hotstuff_runner::app: Node 0 view(6653) far exceeds block count (1663); potential sync issue    
2026-08-08T12:21:08.924043Z  WARN ThreadId(20) hotstuff_runner::app: Node 0 [produce_block] queue size: 2, attempting up to 2 transactions this block    
2026-08-08T12:21:08.928415Z  WARN ThreadId(20) hotstuff_runner::app: Node 0 view(6657) far exceeds block count (1664); potential sync issue    
2026-08-08T12:21:09.074284Z  WARN ThreadId(20) hotstuff_runner::app: Node 0 [produce_block] queue size: 0, attempting up to 0 transactions this block    
2026-08-08T12:21:09.074939Z  WARN ThreadId(20) hotstuff_runner::app: Node 0 view(6661) far exceeds block count (1665); potential sync issue    
2026-08-08T12:21:09.230795Z  WARN ThreadId(20) hotstuff_runner::app: Node 0 [produce_block] queue size: 2, attempting up to 2 transactions this block    
2026-08-08T12:21:09.231145Z  WARN ThreadId(20) hotstuff_runner::app: Node 0 view(6665) far exceeds block count (1666); potential sync issue    
2026-08-08T12:21:09.343574Z  WARN ThreadId(20) hotstuff_runner::app: Node 0 [produce_block] queue size: 0, attempting up to 0 transactions this block    
2026-08-08T12:21:09.344668Z  WARN ThreadId(20) hotstuff_runner::app: Node 0 view(6669) far exceeds block count (1667); potential sync issue    
2026-08-08T12:21:09.437615Z  WARN ThreadId(20) hotstuff_rs::block_tree::invariants: SAFE_PC_FAIL: pc.block=[91, 224, 44, 113, 112, 162, 101, 49, 115, 123, 98, 173, 184, 158, 5, 123, 126, 224, 205, 184, 184, 87, 244, 157, 72, 39, 81, 105, 151, 160, 111, 234] view=6671 phase=Generic | cond1(chain_id/genesis)=true (pc.chain_id=0, my.chain_id=0) | cond2(block_exists/genesis)=false (exists=false) | cond3(view>locked || extends)=true (pc.view=6671, locked.view=6668, extends=false) | cond4(phase/updates)=true (phase_special=false, has_updates=false) | highest_pc.block=[111, 31, 47, 204, 22, 127, 120, 226, 100, 182, 129, 96, 141, 217, 200, 231, 216, 82, 146, 160, 2, 177, 109, 185, 243, 16, 7, 59, 244, 122, 43, 200] highest_pc.view=6669 locked.block=[38, 101, 50, 201, 27, 209, 198, 187, 163, 24, 178, 220, 126, 196, 44, 3, 104, 106, 103, 105, 49, 221, 181, 151, 110, 222, 108, 26, 28, 253, 85, 254] locked.view=6668    
2026-08-08T12:21:09.439949Z  WARN ThreadId(20) hotstuff_rs::block_tree::invariants: SAFE_BLOCK_FAIL: block=[249, 253, 214, 173, 137, 156, 23, 165, 161, 67, 147, 224, 18, 44, 18, 247, 233, 21, 171, 134, 96, 151, 153, 20, 24, 119, 14, 152, 39, 35, 42, 86] height=None | cond1(safe_pc)=false | cond2(is_block_justify)=true (justify.phase=Generic) | justify.block=[91, 224, 44, 113, 112, 162, 101, 49, 115, 123, 98, 173, 184, 158, 5, 123, 126, 224, 205, 184, 184, 87, 244, 157, 72, 39, 81, 105, 151, 160, 111, 234] justify.view=6671 | highest_pc.block=[111, 31, 47, 204, 22, 127, 120, 226, 100, 182, 129, 96, 141, 217, 200, 231, 216, 82, 146, 160, 2, 177, 109, 185, 243, 16, 7, 59, 244, 122, 43, 200] highest_pc.view=6669 | locked.block=[38, 101, 50, 201, 27, 209, 198, 187, 163, 24, 178, 220, 126, 196, 44, 3, 104, 106, 103, 105, 49, 221, 181, 151, 110, 222, 108, 26, 28, 253, 85, 254] locked.view=6668    
2026-08-08T12:21:09.444446Z  WARN ThreadId(20) hotstuff_rs::block_tree::invariants: SAFE_PC_FAIL: pc.block=[249, 253, 214, 173, 137, 156, 23, 165, 161, 67, 147, 224, 18, 44, 18, 247, 233, 21, 171, 134, 96, 151, 153, 20, 24, 119, 14, 152, 39, 35, 42, 86] view=6672 phase=Generic | cond1(chain_id/genesis)=true (pc.chain_id=0, my.chain_id=0) | cond2(block_exists/genesis)=false (exists=false) | cond3(view>locked || extends)=true (pc.view=6672, locked.view=6668, extends=false) | cond4(phase/updates)=true (phase_special=false, has_updates=false) | highest_pc.block=[111, 31, 47, 204, 22, 127, 120, 226, 100, 182, 129, 96, 141, 217, 200, 231, 216, 82, 146, 160, 2, 177, 109, 185, 243, 16, 7, 59, 244, 122, 43, 200] highest_pc.view=6669 locked.block=[38, 101, 50, 201, 27, 209, 198, 187, 163, 24, 178, 220, 126, 196, 44, 3, 104, 106, 103, 105, 49, 221, 181, 151, 110, 222, 108, 26, 28, 253, 85, 254] locked.view=6668    
2026-08-08T12:21:10.168480Z  WARN ThreadId(06) docker_node: Low processing efficiency: 0.0% - system may need tuning
2026-08-08T12:21:11.436923Z  WARN ThreadId(21) hotstuff_runner::tcp_node: Node 0 view 6672 timed out; latency may accumulate
2026-08-08T12:21:11.437399Z  WARN ThreadId(20) hotstuff_runner::app: Node 0 [produce_block] queue size: 22, attempting up to 22 transactions this block    
2026-08-08T12:21:11.437666Z  WARN ThreadId(20) hotstuff_runner::app: Node 0 view(6673) far exceeds block count (1668); potential sync issue    
2026-08-08T12:21:11.553539Z  WARN ThreadId(20) hotstuff_runner::app: Node 0 [produce_block] queue size: 0, attempting up to 0 transactions this block    
2026-08-08T12:21:11.553774Z  WARN ThreadId(20) hotstuff_runner::app: Node 0 view(6677) far exceeds block count (1669); potential sync issue    
2026-08-08T12:21:11.640040Z  WARN ThreadId(20) hotstuff_runner::app: Node 0 [produce_block] queue size: 2, attempting up to 2 transactions this block    
2026-08-08T12:21:11.640536Z  WARN ThreadId(20) hotstuff_runner::app: Node 0 view(6681) far exceeds block count (1670); potential sync issue    
2026-08-08T12:21:11.799253Z  WARN ThreadId(20) hotstuff_runner::app: Node 0 [produce_block] queue size: 0, attempting up to 0 transactions this block    
2026-08-08T12:21:11.804109Z  WARN ThreadId(20) hotstuff_runner::app: Node 0 view(6685) far exceeds block count (1671); potential sync issue    
2026-08-08T12:21:11.945226Z  WARN ThreadId(20) hotstuff_runner::app: Node 0 [produce_block] queue size: 2, attempting up to 2 transactions this block    
2026-08-08T12:21:11.947403Z  WARN ThreadId(20) hotstuff_runner::app: Node 0 view(6689) far exceeds block count (1672); potential sync issue    
2026-08-08T12:21:12.033128Z  WARN ThreadId(20) hotstuff_runner::app: Node 0 [produce_block] queue size: 0, attempting up to 0 transactions this block    
2026-08-08T12:21:12.034232Z  WARN ThreadId(20) hotstuff_runner::app: Node 0 view(6693) far exceeds block count (1673); potential sync issue    
2026-08-08T12:21:12.134076Z  WARN ThreadId(20) hotstuff_runner::app: Node 0 [produce_block] queue size: 2, attempting up to 2 transactions this block    
2026-08-08T12:21:12.136304Z  WARN ThreadId(20) hotstuff_runner::app: Node 0 view(6697) far exceeds block count (1674); potential sync issue    
2026-08-08T12:21:12.259988Z  WARN ThreadId(20) hotstuff_runner::app: Node 0 [produce_block] queue size: 0, attempting up to 0 transactions this block    
2026-08-08T12:21:12.260362Z  WARN ThreadId(20) hotstuff_runner::app: Node 0 view(6701) far exceeds block count (1675); potential sync issue    
2026-08-08T12:21:12.331828Z  WARN ThreadId(20) hotstuff_runner::app: Node 0 [produce_block] queue size: 2, attempting up to 2 transactions this block    
2026-08-08T12:21:12.332960Z  WARN ThreadId(20) hotstuff_runner::app: Node 0 view(6705) far exceeds block count (1676); potential sync issue    
2026-08-08T12:21:12.476315Z  WARN ThreadId(20) hotstuff_runner::app: Node 0 [produce_block] queue size: 0, attempting up to 0 transactions this block    
2026-08-08T12:21:12.476572Z  WARN ThreadId(20) hotstuff_runner::app: Node 0 view(6709) far exceeds block count (1677); potential sync issue    
2026-08-08T12:21:12.587942Z  WARN ThreadId(20) hotstuff_runner::app: Node 0 [produce_block] queue size: 2, attempting up to 2 transactions this block    
2026-08-08T12:21:12.589657Z  WARN ThreadId(20) hotstuff_runner::app: Node 0 view(6713) far exceeds block count (1678); potential sync issue    
2026-08-08T12:21:12.746567Z  WARN ThreadId(20) hotstuff_runner::app: Node 0 [produce_block] queue size: 2, attempting up to 2 transactions this block    
2026-08-08T12:21:12.750536Z  WARN ThreadId(20) hotstuff_runner::app: Node 0 view(6717) far exceeds block count (1679); potential sync issue    
2026-08-08T12:21:12.929136Z  WARN ThreadId(20) hotstuff_runner::app: Node 0 [produce_block] queue size: 2, attempting up to 2 transactions this block    
2026-08-08T12:21:12.932638Z  WARN ThreadId(20) hotstuff_runner::app: Node 0 view(6721) far exceeds block count (1680); potential sync issue    
2026-08-08T12:21:13.074966Z  WARN ThreadId(20) hotstuff_runner::app: Node 0 [produce_block] queue size: 0, attempting up to 0 transactions this block    
2026-08-08T12:21:13.077671Z  WARN ThreadId(20) hotstuff_runner::app: Node 0 view(6725) far exceeds block count (1681); potential sync issue    
2026-08-08T12:21:13.360277Z  WARN ThreadId(20) hotstuff_runner::app: Node 0 [produce_block] queue size: 4, attempting up to 4 transactions this block    
2026-08-08T12:21:13.361538Z  WARN ThreadId(20) hotstuff_runner::app: Node 0 view(6729) far exceeds block count (1682); potential sync issue    
2026-08-08T12:21:13.534411Z  WARN ThreadId(20) hotstuff_runner::app: Node 0 [produce_block] queue size: 0, attempting up to 0 transactions this block    
2026-08-08T12:21:13.535117Z  WARN ThreadId(20) hotstuff_runner::app: Node 0 view(6733) far exceeds block count (1683); potential sync issue    
2026-08-08T12:21:13.646848Z  WARN ThreadId(20) hotstuff_runner::app: Node 0 [produce_block] queue size: 2, attempting up to 2 transactions this block    
2026-08-08T12:21:13.649979Z  WARN ThreadId(20) hotstuff_runner::app: Node 0 view(6737) far exceeds block count (1684); potential sync issue    
2026-08-08T12:21:13.791367Z  WARN ThreadId(20) hotstuff_runner::app: Node 0 [produce_block] queue size: 2, attempting up to 2 transactions this block    
2026-08-08T12:21:13.793423Z  WARN ThreadId(20) hotstuff_runner::app: Node 0 view(6741) far exceeds block count (1685); potential sync issue    
2026-08-08T12:21:13.930425Z  WARN ThreadId(20) hotstuff_runner::app: Node 0 [produce_block] queue size: 0, attempting up to 0 transactions this block    
2026-08-08T12:21:13.930790Z  WARN ThreadId(20) hotstuff_runner::app: Node 0 view(6745) far exceeds block count (1686); potential sync issue    
2026-08-08T12:21:14.008421Z  WARN ThreadId(20) hotstuff_runner::app: Node 0 [produce_block] queue size: 2, attempting up to 2 transactions this block    
2026-08-08T12:21:14.009256Z  WARN ThreadId(20) hotstuff_runner::app: Node 0 view(6749) far exceeds block count (1687); potential sync issue    
2026-08-08T12:21:14.073836Z  WARN ThreadId(20) hotstuff_runner::app: Node 0 [produce_block] queue size: 0, attempting up to 0 transactions this block    
2026-08-08T12:21:14.077742Z  WARN ThreadId(20) hotstuff_runner::app: Node 0 view(6753) far exceeds block count (1688); potential sync issue    
2026-08-08T12:21:14.251168Z  WARN ThreadId(20) hotstuff_runner::app: Node 0 [produce_block] queue size: 2, attempting up to 2 transactions this block    
2026-08-08T12:21:14.251566Z  WARN ThreadId(20) hotstuff_runner::app: Node 0 view(6757) far exceeds block count (1689); potential sync issue    
2026-08-08T12:21:14.338785Z  WARN ThreadId(20) hotstuff_runner::app: Node 0 [produce_block] queue size: 0, attempting up to 0 transactions this block    
2026-08-08T12:21:14.338986Z  WARN ThreadId(20) hotstuff_runner::app: Node 0 view(6761) far exceeds block count (1690); potential sync issue    
2026-08-08T12:21:14.484999Z  WARN ThreadId(20) hotstuff_runner::app: Node 0 [produce_block] queue size: 2, attempting up to 2 transactions this block    
2026-08-08T12:21:14.488644Z  WARN ThreadId(20) hotstuff_runner::app: Node 0 view(6765) far exceeds block count (1691); potential sync issue    
2026-08-08T12:21:14.624666Z  WARN ThreadId(20) hotstuff_runner::app: Node 0 [produce_block] queue size: 2, attempting up to 2 transactions this block    
2026-08-08T12:21:14.631641Z  WARN ThreadId(20) hotstuff_runner::app: Node 0 view(6769) far exceeds block count (1692); potential sync issue    
2026-08-08T12:21:14.776708Z  WARN ThreadId(20) hotstuff_runner::app: Node 0 [produce_block] queue size: 2, attempting up to 2 transactions this block    
2026-08-08T12:21:14.777024Z  WARN ThreadId(20) hotstuff_runner::app: Node 0 view(6773) far exceeds block count (1693); potential sync issue    
2026-08-08T12:21:14.963086Z  WARN ThreadId(20) hotstuff_runner::app: Node 0 [produce_block] queue size: 0, attempting up to 0 transactions this block    
2026-08-08T12:21:14.966811Z  WARN ThreadId(20) hotstuff_runner::app: Node 0 view(6777) far exceeds block count (1694); potential sync issue    
2026-08-08T12:21:15.082145Z  WARN ThreadId(20) hotstuff_runner::app: Node 0 [produce_block] queue size: 2, attempting up to 2 transactions this block    
2026-08-08T12:21:15.087876Z  WARN ThreadId(20) hotstuff_runner::app: Node 0 view(6781) far exceeds block count (1695); potential sync issue    
2026-08-08T12:21:15.168028Z  WARN ThreadId(04) docker_node: Low processing efficiency: 0.0% - system may need tuning
2026-08-08T12:21:15.210048Z  WARN ThreadId(20) hotstuff_runner::app: Node 0 [produce_block] queue size: 2, attempting up to 2 transactions this block    
2026-08-08T12:21:15.210312Z  WARN ThreadId(20) hotstuff_runner::app: Node 0 view(6785) far exceeds block count (1696); potential sync issue    
2026-08-08T12:21:15.283575Z  WARN ThreadId(20) hotstuff_runner::app: Node 0 [produce_block] queue size: 0, attempting up to 0 transactions this block    
2026-08-08T12:21:15.285878Z  WARN ThreadId(20) hotstuff_runner::app: Node 0 view(6789) far exceeds block count (1697); potential sync issue    
2026-08-08T12:21:15.443256Z  WARN ThreadId(20) hotstuff_runner::app: Node 0 [produce_block] queue size: 2, attempting up to 2 transactions this block    
2026-08-08T12:21:15.444033Z  WARN ThreadId(20) hotstuff_runner::app: Node 0 view(6793) far exceeds block count (1698); potential sync issue    
2026-08-08T12:21:15.619405Z  WARN ThreadId(20) hotstuff_runner::app: Node 0 [produce_block] queue size: 0, attempting up to 0 transactions this block    
2026-08-08T12:21:15.619652Z  WARN ThreadId(20) hotstuff_runner::app: Node 0 view(6797) far exceeds block count (1699); potential sync issue    
2026-08-08T12:21:15.751654Z  WARN ThreadId(20) hotstuff_runner::app: Node 0 [produce_block] queue size: 2, attempting up to 2 transactions this block    
2026-08-08T12:21:15.753110Z  WARN ThreadId(20) hotstuff_runner::app: Node 0 view(6801) far exceeds block count (1700); potential sync issue    
2026-08-08T12:21:15.856937Z  WARN ThreadId(20) hotstuff_runner::app: Node 0 [produce_block] queue size: 2, attempting up to 2 transactions this block    
2026-08-08T12:21:15.863323Z  WARN ThreadId(20) hotstuff_runner::app: Node 0 view(6805) far exceeds block count (1701); potential sync issue    
2026-08-08T12:21:15.942531Z  WARN ThreadId(20) hotstuff_runner::app: Node 0 [produce_block] queue size: 0, attempting up to 0 transactions this block    
2026-08-08T12:21:15.942861Z  WARN ThreadId(20) hotstuff_runner::app: Node 0 view(6809) far exceeds block count (1702); potential sync issue    
2026-08-08T12:21:16.049811Z  WARN ThreadId(20) hotstuff_runner::app: Node 0 [produce_block] queue size: 2, attempting up to 2 transactions this block    
2026-08-08T12:21:16.050608Z  WARN ThreadId(20) hotstuff_runner::app: Node 0 view(6813) far exceeds block count (1703); potential sync issue    
2026-08-08T12:21:16.158259Z  WARN ThreadId(20) hotstuff_runner::app: Node 0 [produce_block] queue size: 0, attempting up to 0 transactions this block    
2026-08-08T12:21:16.162995Z  WARN ThreadId(20) hotstuff_runner::app: Node 0 view(6817) far exceeds block count (1704); potential sync issue    
2026-08-08T12:21:16.272575Z  WARN ThreadId(20) hotstuff_runner::app: Node 0 [produce_block] queue size: 2, attempting up to 2 transactions this block    
2026-08-08T12:21:16.272712Z  WARN ThreadId(20) hotstuff_runner::app: Node 0 view(6821) far exceeds block count (1705); potential sync issue    
2026-08-08T12:21:16.387071Z  WARN ThreadId(20) hotstuff_runner::app: Node 0 [produce_block] queue size: 0, attempting up to 0 transactions this block    
2026-08-08T12:21:16.393139Z  WARN ThreadId(20) hotstuff_runner::app: Node 0 view(6825) far exceeds block count (1706); potential sync issue    
2026-08-08T12:21:16.491263Z  WARN ThreadId(20) hotstuff_runner::app: Node 0 [produce_block] queue size: 2, attempting up to 2 transactions this block    
2026-08-08T12:21:16.494783Z  WARN ThreadId(20) hotstuff_runner::app: Node 0 view(6829) far exceeds block count (1707); potential sync issue    
2026-08-08T12:21:16.582135Z  WARN ThreadId(20) hotstuff_runner::app: Node 0 [produce_block] queue size: 0, attempting up to 0 transactions this block    
2026-08-08T12:21:16.584916Z  WARN ThreadId(20) hotstuff_runner::app: Node 0 view(6833) far exceeds block count (1708); potential sync issue    
2026-08-08T12:21:16.738192Z  WARN ThreadId(20) hotstuff_runner::app: Node 0 [produce_block] queue size: 2, attempting up to 2 transactions this block    
2026-08-08T12:21:16.738770Z  WARN ThreadId(20) hotstuff_runner::app: Node 0 view(6837) far exceeds block count (1709); potential sync issue    
2026-08-08T12:21:16.838384Z  WARN ThreadId(20) hotstuff_runner::app: Node 0 [produce_block] queue size: 0, attempting up to 0 transactions this block    
2026-08-08T12:21:16.840645Z  WARN ThreadId(20) hotstuff_runner::app: Node 0 view(6841) far exceeds block count (1710); potential sync issue    
2026-08-08T12:21:16.927890Z  WARN ThreadId(20) hotstuff_runner::app: Node 0 [produce_block] queue size: 2, attempting up to 2 transactions this block    
2026-08-08T12:21:16.930561Z  WARN ThreadId(20) hotstuff_runner::app: Node 0 view(6845) far exceeds block count (1711); potential sync issue    
2026-08-08T12:21:17.064526Z  WARN ThreadId(20) hotstuff_runner::app: Node 0 [produce_block] queue size: 0, attempting up to 0 transactions this block    
2026-08-08T12:21:17.066655Z  WARN ThreadId(20) hotstuff_runner::app: Node 0 view(6849) far exceeds block count (1712); potential sync issue    
2026-08-08T12:21:17.193544Z  WARN ThreadId(20) hotstuff_runner::app: Node 0 [produce_block] queue size: 2, attempting up to 2 transactions this block    
2026-08-08T12:21:17.196144Z  WARN ThreadId(20) hotstuff_runner::app: Node 0 view(6853) far exceeds block count (1713); potential sync issue    
2026-08-08T12:21:17.325429Z  WARN ThreadId(20) hotstuff_runner::app: Node 0 [produce_block] queue size: 2, attempting up to 2 transactions this block    
2026-08-08T12:21:17.325727Z  WARN ThreadId(20) hotstuff_runner::app: Node 0 view(6857) far exceeds block count (1714); potential sync issue    
2026-08-08T12:21:17.470436Z  WARN ThreadId(20) hotstuff_runner::app: Node 0 [produce_block] queue size: 0, attempting up to 0 transactions this block    
2026-08-08T12:21:17.476543Z  WARN ThreadId(20) hotstuff_runner::app: Node 0 view(6861) far exceeds block count (1715); potential sync issue    
2026-08-08T12:21:17.623162Z  WARN ThreadId(20) hotstuff_runner::app: Node 0 [produce_block] queue size: 2, attempting up to 2 transactions this block    
2026-08-08T12:21:17.623664Z  WARN ThreadId(20) hotstuff_runner::app: Node 0 view(6865) far exceeds block count (1716); potential sync issue    
2026-08-08T12:21:17.732619Z  WARN ThreadId(20) hotstuff_runner::app: Node 0 [produce_block] queue size: 2, attempting up to 2 transactions this block    
2026-08-08T12:21:17.738020Z  WARN ThreadId(20) hotstuff_runner::app: Node 0 view(6869) far exceeds block count (1717); potential sync issue    
2026-08-08T12:21:17.890847Z  WARN ThreadId(20) hotstuff_runner::app: Node 0 [produce_block] queue size: 2, attempting up to 2 transactions this block    
2026-08-08T12:21:17.891119Z  WARN ThreadId(20) hotstuff_runner::app: Node 0 view(6873) far exceeds block count (1718); potential sync issue    
2026-08-08T12:21:18.031491Z  WARN ThreadId(20) hotstuff_runner::app: Node 0 [produce_block] queue size: 0, attempting up to 0 transactions this block    
2026-08-08T12:21:18.031930Z  WARN ThreadId(20) hotstuff_runner::app: Node 0 view(6877) far exceeds block count (1719); potential sync issue    
2026-08-08T12:21:18.168977Z  WARN ThreadId(20) hotstuff_runner::app: Node 0 [produce_block] queue size: 2, attempting up to 2 transactions this block    
2026-08-08T12:21:18.169334Z  WARN ThreadId(20) hotstuff_runner::app: Node 0 view(6881) far exceeds block count (1720); potential sync issue    
2026-08-08T12:21:18.327566Z  WARN ThreadId(20) hotstuff_runner::app: Node 0 [produce_block] queue size: 2, attempting up to 2 transactions this block    
2026-08-08T12:21:18.328158Z  WARN ThreadId(20) hotstuff_runner::app: Node 0 view(6885) far exceeds block count (1721); potential sync issue    
2026-08-08T12:21:18.475382Z  WARN ThreadId(20) hotstuff_runner::app: Node 0 [produce_block] queue size: 0, attempting up to 0 transactions this block    
2026-08-08T12:21:18.476433Z  WARN ThreadId(20) hotstuff_runner::app: Node 0 view(6889) far exceeds block count (1722); potential sync issue    
2026-08-08T12:21:18.612640Z  WARN ThreadId(20) hotstuff_runner::app: Node 0 [produce_block] queue size: 2, attempting up to 2 transactions this block    
2026-08-08T12:21:18.618115Z  WARN ThreadId(20) hotstuff_runner::app: Node 0 view(6893) far exceeds block count (1723); potential sync issue    
2026-08-08T12:21:18.765764Z  WARN ThreadId(20) hotstuff_runner::app: Node 0 [produce_block] queue size: 2, attempting up to 2 transactions this block    
2026-08-08T12:21:18.769137Z  WARN ThreadId(20) hotstuff_runner::app: Node 0 view(6897) far exceeds block count (1724); potential sync issue    
2026-08-08T12:21:18.902912Z  WARN ThreadId(20) hotstuff_runner::app: Node 0 [produce_block] queue size: 2, attempting up to 2 transactions this block    
2026-08-08T12:21:18.903825Z  WARN ThreadId(20) hotstuff_runner::app: Node 0 view(6901) far exceeds block count (1725); potential sync issue    
2026-08-08T12:21:18.998512Z  WARN ThreadId(20) hotstuff_runner::app: Node 0 [produce_block] queue size: 0, attempting up to 0 transactions this block    
2026-08-08T12:21:18.999729Z  WARN ThreadId(20) hotstuff_runner::app: Node 0 view(6905) far exceeds block count (1726); potential sync issue    
2026-08-08T12:21:19.117617Z  WARN ThreadId(20) hotstuff_runner::app: Node 0 [produce_block] queue size: 2, attempting up to 2 transactions this block    
2026-08-08T12:21:19.117793Z  WARN ThreadId(20) hotstuff_runner::app: Node 0 view(6909) far exceeds block count (1727); potential sync issue    
2026-08-08T12:21:19.268199Z  WARN ThreadId(20) hotstuff_runner::app: Node 0 [produce_block] queue size: 0, attempting up to 0 transactions this block    
2026-08-08T12:21:19.268746Z  WARN ThreadId(20) hotstuff_runner::app: Node 0 view(6913) far exceeds block count (1728); potential sync issue    
2026-08-08T12:21:19.410632Z  WARN ThreadId(20) hotstuff_runner::app: Node 0 [produce_block] queue size: 2, attempting up to 2 transactions this block    
2026-08-08T12:21:19.410932Z  WARN ThreadId(20) hotstuff_runner::app: Node 0 view(6917) far exceeds block count (1729); potential sync issue    
2026-08-08T12:21:19.556003Z  WARN ThreadId(20) hotstuff_runner::app: Node 0 [produce_block] queue size: 2, attempting up to 2 transactions this block    
2026-08-08T12:21:19.558496Z  WARN ThreadId(20) hotstuff_runner::app: Node 0 view(6921) far exceeds block count (1730); potential sync issue    
2026-08-08T12:21:19.639688Z  WARN ThreadId(20) hotstuff_runner::app: Node 0 [produce_block] queue size: 0, attempting up to 0 transactions this block    
2026-08-08T12:21:19.640402Z  WARN ThreadId(20) hotstuff_runner::app: Node 0 view(6925) far exceeds block count (1731); potential sync issue    
2026-08-08T12:21:19.758138Z  WARN ThreadId(20) hotstuff_runner::app: Node 0 [produce_block] queue size: 2, attempting up to 2 transactions this block    
2026-08-08T12:21:19.758992Z  WARN ThreadId(20) hotstuff_runner::app: Node 0 view(6929) far exceeds block count (1732); potential sync issue    
2026-08-08T12:21:19.851142Z  WARN ThreadId(20) hotstuff_runner::app: Node 0 [produce_block] queue size: 0, attempting up to 0 transactions this block    
2026-08-08T12:21:19.852001Z  WARN ThreadId(20) hotstuff_runner::app: Node 0 view(6933) far exceeds block count (1733); potential sync issue    
2026-08-08T12:21:19.949489Z  WARN ThreadId(20) hotstuff_runner::app: Node 0 [produce_block] queue size: 2, attempting up to 2 transactions this block    
2026-08-08T12:21:19.950060Z  WARN ThreadId(20) hotstuff_runner::app: Node 0 view(6937) far exceeds block count (1734); potential sync issue    
2026-08-08T12:21:20.036451Z  WARN ThreadId(20) hotstuff_runner::app: Node 0 [produce_block] queue size: 0, attempting up to 0 transactions this block    
2026-08-08T12:21:20.036585Z  WARN ThreadId(20) hotstuff_runner::app: Node 0 view(6941) far exceeds block count (1735); potential sync issue    
2026-08-08T12:21:20.167611Z  WARN ThreadId(20) hotstuff_runner::app: Node 0 [produce_block] queue size: 2, attempting up to 2 transactions this block    
2026-08-08T12:21:20.167962Z  WARN ThreadId(20) hotstuff_runner::app: Node 0 view(6945) far exceeds block count (1736); potential sync issue    
2026-08-08T12:21:20.169050Z  WARN ThreadId(07) docker_node: Low processing efficiency: 0.0% - system may need tuning
2026-08-08T12:21:20.344629Z  WARN ThreadId(20) hotstuff_runner::app: Node 0 [produce_block] queue size: 0, attempting up to 0 transactions this block    
2026-08-08T12:21:20.344790Z  WARN ThreadId(20) hotstuff_runner::app: Node 0 view(6949) far exceeds block count (1737); potential sync issue    
2026-08-08T12:21:20.472690Z  WARN ThreadId(20) hotstuff_runner::app: Node 0 [produce_block] queue size: 2, attempting up to 2 transactions this block    
2026-08-08T12:21:20.472938Z  WARN ThreadId(20) hotstuff_runner::app: Node 0 view(6953) far exceeds block count (1738); potential sync issue    
2026-08-08T12:21:20.610619Z  WARN ThreadId(20) hotstuff_runner::app: Node 0 [produce_block] queue size: 2, attempting up to 2 transactions this block    
2026-08-08T12:21:20.610796Z  WARN ThreadId(20) hotstuff_runner::app: Node 0 view(6957) far exceeds block count (1739); potential sync issue    
2026-08-08T12:21:20.695152Z  WARN ThreadId(20) hotstuff_runner::app: Node 0 [produce_block] queue size: 0, attempting up to 0 transactions this block    
2026-08-08T12:21:20.695269Z  WARN ThreadId(20) hotstuff_runner::app: Node 0 view(6961) far exceeds block count (1740); potential sync issue    
2026-08-08T12:21:20.827529Z  WARN ThreadId(20) hotstuff_runner::app: Node 0 [produce_block] queue size: 2, attempting up to 2 transactions this block    
2026-08-08T12:21:20.831074Z  WARN ThreadId(20) hotstuff_runner::app: Node 0 view(6965) far exceeds block count (1741); potential sync issue    
2026-08-08T12:21:20.968779Z  WARN ThreadId(20) hotstuff_runner::app: Node 0 [produce_block] queue size: 2, attempting up to 2 transactions this block    
2026-08-08T12:21:20.969089Z  WARN ThreadId(20) hotstuff_runner::app: Node 0 view(6969) far exceeds block count (1742); potential sync issue    
2026-08-08T12:21:21.146632Z  WARN ThreadId(20) hotstuff_runner::app: Node 0 [produce_block] queue size: 2, attempting up to 2 transactions this block    
2026-08-08T12:21:21.149209Z  WARN ThreadId(20) hotstuff_runner::app: Node 0 view(6973) far exceeds block count (1743); potential sync issue    
2026-08-08T12:21:21.316283Z  WARN ThreadId(20) hotstuff_runner::app: Node 0 [produce_block] queue size: 0, attempting up to 0 transactions this block    
2026-08-08T12:21:21.317631Z  WARN ThreadId(20) hotstuff_runner::app: Node 0 view(6977) far exceeds block count (1744); potential sync issue    
2026-08-08T12:21:21.411935Z  WARN ThreadId(20) hotstuff_runner::app: Node 0 [produce_block] queue size: 2, attempting up to 2 transactions this block    
2026-08-08T12:21:21.412714Z  WARN ThreadId(20) hotstuff_runner::app: Node 0 view(6981) far exceeds block count (1745); potential sync issue    
2026-08-08T12:21:21.570453Z  WARN ThreadId(20) hotstuff_runner::app: Node 0 [produce_block] queue size: 2, attempting up to 2 transactions this block    
2026-08-08T12:21:21.572181Z  WARN ThreadId(20) hotstuff_runner::app: Node 0 view(6985) far exceeds block count (1746); potential sync issue    
2026-08-08T12:21:21.668539Z  WARN ThreadId(20) hotstuff_runner::app: Node 0 [produce_block] queue size: 0, attempting up to 0 transactions this block    
2026-08-08T12:21:21.670381Z  WARN ThreadId(20) hotstuff_runner::app: Node 0 view(6989) far exceeds block count (1747); potential sync issue    
2026-08-08T12:21:21.759368Z  WARN ThreadId(20) hotstuff_runner::app: Node 0 [produce_block] queue size: 2, attempting up to 2 transactions this block    
2026-08-08T12:21:21.761344Z  WARN ThreadId(20) hotstuff_runner::app: Node 0 view(6993) far exceeds block count (1748); potential sync issue    
2026-08-08T12:21:21.915187Z  WARN ThreadId(20) hotstuff_runner::app: Node 0 [produce_block] queue size: 0, attempting up to 0 transactions this block    
2026-08-08T12:21:21.920676Z  WARN ThreadId(20) hotstuff_runner::app: Node 0 view(6997) far exceeds block count (1749); potential sync issue    
2026-08-08T12:21:22.019652Z  WARN ThreadId(20) hotstuff_runner::app: Node 0 [produce_block] queue size: 2, attempting up to 2 transactions this block    
2026-08-08T12:21:22.026035Z  WARN ThreadId(20) hotstuff_runner::app: Node 0 view(7001) far exceeds block count (1750); potential sync issue    
2026-08-08T12:21:22.160686Z  WARN ThreadId(20) hotstuff_runner::app: Node 0 [produce_block] queue size: 0, attempting up to 0 transactions this block    
2026-08-08T12:21:22.165880Z  WARN ThreadId(20) hotstuff_runner::app: Node 0 view(7005) far exceeds block count (1751); potential sync issue    
2026-08-08T12:21:22.283642Z  WARN ThreadId(20) hotstuff_runner::app: Node 0 [produce_block] queue size: 2, attempting up to 2 transactions this block    
2026-08-08T12:21:22.284933Z  WARN ThreadId(20) hotstuff_runner::app: Node 0 view(7009) far exceeds block count (1752); potential sync issue    
2026-08-08T12:21:22.419715Z  WARN ThreadId(20) hotstuff_runner::app: Node 0 [produce_block] queue size: 0, attempting up to 0 transactions this block    
2026-08-08T12:21:22.420557Z  WARN ThreadId(20) hotstuff_runner::app: Node 0 view(7013) far exceeds block count (1753); potential sync issue    
2026-08-08T12:21:22.496778Z  WARN ThreadId(20) hotstuff_runner::app: Node 0 [produce_block] queue size: 2, attempting up to 2 transactions this block    
2026-08-08T12:21:22.496876Z  WARN ThreadId(20) hotstuff_runner::app: Node 0 view(7017) far exceeds block count (1754); potential sync issue    
2026-08-08T12:21:22.624187Z  WARN ThreadId(20) hotstuff_runner::app: Node 0 [produce_block] queue size: 0, attempting up to 0 transactions this block    
2026-08-08T12:21:22.627808Z  WARN ThreadId(20) hotstuff_runner::app: Node 0 view(7021) far exceeds block count (1755); potential sync issue    
2026-08-08T12:21:22.738655Z  WARN ThreadId(20) hotstuff_runner::app: Node 0 [produce_block] queue size: 2, attempting up to 2 transactions this block    
2026-08-08T12:21:22.738893Z  WARN ThreadId(20) hotstuff_runner::app: Node 0 view(7025) far exceeds block count (1756); potential sync issue    
2026-08-08T12:21:22.953142Z  WARN ThreadId(20) hotstuff_runner::app: Node 0 [produce_block] queue size: 2, attempting up to 2 transactions this block    
2026-08-08T12:21:22.953484Z  WARN ThreadId(20) hotstuff_runner::app: Node 0 view(7029) far exceeds block count (1757); potential sync issue    
2026-08-08T12:21:23.121707Z  WARN ThreadId(20) hotstuff_runner::app: Node 0 [produce_block] queue size: 2, attempting up to 2 transactions this block    
2026-08-08T12:21:23.123729Z  WARN ThreadId(20) hotstuff_runner::app: Node 0 view(7033) far exceeds block count (1758); potential sync issue    
2026-08-08T12:21:23.316318Z  WARN ThreadId(20) hotstuff_runner::app: Node 0 [produce_block] queue size: 0, attempting up to 0 transactions this block    
2026-08-08T12:21:23.319451Z  WARN ThreadId(20) hotstuff_runner::app: Node 0 view(7037) far exceeds block count (1759); potential sync issue    
2026-08-08T12:21:23.397877Z  WARN ThreadId(20) hotstuff_runner::app: Node 0 [produce_block] queue size: 2, attempting up to 2 transactions this block    
2026-08-08T12:21:23.400358Z  WARN ThreadId(20) hotstuff_runner::app: Node 0 view(7041) far exceeds block count (1760); potential sync issue    
2026-08-08T12:21:23.575442Z  WARN ThreadId(20) hotstuff_runner::app: Node 0 [produce_block] queue size: 2, attempting up to 2 transactions this block    
2026-08-08T12:21:23.576814Z  WARN ThreadId(20) hotstuff_runner::app: Node 0 view(7045) far exceeds block count (1761); potential sync issue    
2026-08-08T12:21:23.742499Z  WARN ThreadId(20) hotstuff_runner::app: Node 0 [produce_block] queue size: 2, attempting up to 2 transactions this block    
2026-08-08T12:21:23.751698Z  WARN ThreadId(20) hotstuff_runner::app: Node 0 view(7049) far exceeds block count (1762); potential sync issue    
2026-08-08T12:21:23.887386Z  WARN ThreadId(20) hotstuff_runner::app: Node 0 [produce_block] queue size: 0, attempting up to 0 transactions this block    
2026-08-08T12:21:23.895634Z  WARN ThreadId(20) hotstuff_runner::app: Node 0 view(7053) far exceeds block count (1763); potential sync issue    
2026-08-08T12:21:24.004436Z  WARN ThreadId(20) hotstuff_runner::app: Node 0 [produce_block] queue size: 2, attempting up to 2 transactions this block    
2026-08-08T12:21:24.004743Z  WARN ThreadId(20) hotstuff_runner::app: Node 0 view(7057) far exceeds block count (1764); potential sync issue    
2026-08-08T12:21:24.124065Z  WARN ThreadId(20) hotstuff_runner::app: Node 0 [produce_block] queue size: 2, attempting up to 2 transactions this block    
2026-08-08T12:21:24.126496Z  WARN ThreadId(20) hotstuff_runner::app: Node 0 view(7061) far exceeds block count (1765); potential sync issue    
2026-08-08T12:21:24.236813Z  WARN ThreadId(20) hotstuff_runner::app: Node 0 [produce_block] queue size: 0, attempting up to 0 transactions this block    
2026-08-08T12:21:24.244405Z  WARN ThreadId(20) hotstuff_runner::app: Node 0 view(7065) far exceeds block count (1766); potential sync issue    
2026-08-08T12:21:24.382253Z  WARN ThreadId(20) hotstuff_runner::app: Node 0 [produce_block] queue size: 2, attempting up to 2 transactions this block    
2026-08-08T12:21:24.385396Z  WARN ThreadId(20) hotstuff_runner::app: Node 0 view(7069) far exceeds block count (1767); potential sync issue    
2026-08-08T12:21:24.552835Z  WARN ThreadId(20) hotstuff_runner::app: Node 0 [produce_block] queue size: 2, attempting up to 2 transactions this block    
2026-08-08T12:21:24.553021Z  WARN ThreadId(20) hotstuff_runner::app: Node 0 view(7073) far exceeds block count (1768); potential sync issue    
2026-08-08T12:21:24.659720Z  WARN ThreadId(20) hotstuff_runner::app: Node 0 [produce_block] queue size: 0, attempting up to 0 transactions this block    
2026-08-08T12:21:24.660123Z  WARN ThreadId(20) hotstuff_runner::app: Node 0 view(7077) far exceeds block count (1769); potential sync issue    
2026-08-08T12:21:24.781738Z  WARN ThreadId(20) hotstuff_runner::app: Node 0 [produce_block] queue size: 2, attempting up to 2 transactions this block    
2026-08-08T12:21:24.785835Z  WARN ThreadId(20) hotstuff_runner::app: Node 0 view(7081) far exceeds block count (1770); potential sync issue    
2026-08-08T12:21:24.910919Z  WARN ThreadId(20) hotstuff_runner::app: Node 0 [produce_block] queue size: 2, attempting up to 2 transactions this block    
2026-08-08T12:21:24.911049Z  WARN ThreadId(20) hotstuff_runner::app: Node 0 view(7085) far exceeds block count (1771); potential sync issue    
2026-08-08T12:21:25.035755Z  WARN ThreadId(20) hotstuff_runner::app: Node 0 [produce_block] queue size: 2, attempting up to 2 transactions this block    
2026-08-08T12:21:25.038840Z  WARN ThreadId(20) hotstuff_runner::app: Node 0 view(7089) far exceeds block count (1772); potential sync issue    
2026-08-08T12:21:25.168650Z  WARN ThreadId(07) docker_node: Low processing efficiency: 0.0% - system may need tuning
2026-08-08T12:21:25.214539Z  WARN ThreadId(20) hotstuff_runner::app: Node 0 [produce_block] queue size: 2, attempting up to 2 transactions this block    
2026-08-08T12:21:25.214728Z  WARN ThreadId(20) hotstuff_runner::app: Node 0 view(7093) far exceeds block count (1773); potential sync issue    
2026-08-08T12:21:25.352172Z  WARN ThreadId(20) hotstuff_runner::app: Node 0 [produce_block] queue size: 0, attempting up to 0 transactions this block    
2026-08-08T12:21:25.353590Z  WARN ThreadId(20) hotstuff_runner::app: Node 0 view(7097) far exceeds block count (1774); potential sync issue    
2026-08-08T12:21:25.456297Z  WARN ThreadId(20) hotstuff_runner::app: Node 0 [produce_block] queue size: 2, attempting up to 2 transactions this block    
2026-08-08T12:21:25.461718Z  WARN ThreadId(20) hotstuff_runner::app: Node 0 view(7101) far exceeds block count (1775); potential sync issue    
2026-08-08T12:21:25.550079Z  WARN ThreadId(20) hotstuff_runner::app: Node 0 [produce_block] queue size: 0, attempting up to 0 transactions this block    
2026-08-08T12:21:25.552201Z  WARN ThreadId(20) hotstuff_runner::app: Node 0 view(7105) far exceeds block count (1776); potential sync issue    
2026-08-08T12:21:25.648134Z  WARN ThreadId(20) hotstuff_runner::app: Node 0 [produce_block] queue size: 0, attempting up to 0 transactions this block    
2026-08-08T12:21:25.649234Z  WARN ThreadId(20) hotstuff_runner::app: Node 0 view(7109) far exceeds block count (1777); potential sync issue    
2026-08-08T12:21:25.827767Z  WARN ThreadId(20) hotstuff_runner::app: Node 0 [produce_block] queue size: 4, attempting up to 4 transactions this block    
2026-08-08T12:21:25.830411Z  WARN ThreadId(20) hotstuff_runner::app: Node 0 view(7113) far exceeds block count (1778); potential sync issue    
2026-08-08T12:21:25.973200Z  WARN ThreadId(20) hotstuff_runner::app: Node 0 [produce_block] queue size: 0, attempting up to 0 transactions this block    
2026-08-08T12:21:25.973840Z  WARN ThreadId(20) hotstuff_runner::app: Node 0 view(7117) far exceeds block count (1779); potential sync issue    
2026-08-08T12:21:26.140821Z  WARN ThreadId(20) hotstuff_runner::app: Node 0 [produce_block] queue size: 2, attempting up to 2 transactions this block    
2026-08-08T12:21:26.143065Z  WARN ThreadId(20) hotstuff_runner::app: Node 0 view(7121) far exceeds block count (1780); potential sync issue    
2026-08-08T12:21:26.283307Z  WARN ThreadId(20) hotstuff_runner::app: Node 0 [produce_block] queue size: 2, attempting up to 2 transactions this block    
2026-08-08T12:21:26.284172Z  WARN ThreadId(20) hotstuff_runner::app: Node 0 view(7125) far exceeds block count (1781); potential sync issue    
2026-08-08T12:21:26.549220Z  WARN ThreadId(20) hotstuff_runner::app: Node 0 [produce_block] queue size: 2, attempting up to 2 transactions this block    
2026-08-08T12:21:26.549429Z  WARN ThreadId(20) hotstuff_runner::app: Node 0 view(7129) far exceeds block count (1782); potential sync issue    
2026-08-08T12:21:26.668642Z  WARN ThreadId(20) hotstuff_runner::app: Node 0 [produce_block] queue size: 2, attempting up to 2 transactions this block    
2026-08-08T12:21:26.669065Z  WARN ThreadId(20) hotstuff_runner::app: Node 0 view(7133) far exceeds block count (1783); potential sync issue    
2026-08-08T12:21:26.838778Z  WARN ThreadId(20) hotstuff_runner::app: Node 0 [produce_block] queue size: 0, attempting up to 0 transactions this block    
2026-08-08T12:21:26.847715Z  WARN ThreadId(20) hotstuff_runner::app: Node 0 view(7137) far exceeds block count (1784); potential sync issue    
2026-08-08T12:21:27.042512Z  WARN ThreadId(20) hotstuff_runner::app: Node 0 [produce_block] queue size: 2, attempting up to 2 transactions this block    
2026-08-08T12:21:27.042646Z  WARN ThreadId(20) hotstuff_runner::app: Node 0 view(7141) far exceeds block count (1785); potential sync issue    
2026-08-08T12:21:27.169087Z  WARN ThreadId(20) hotstuff_runner::app: Node 0 [produce_block] queue size: 2, attempting up to 2 transactions this block    
2026-08-08T12:21:27.174762Z  WARN ThreadId(20) hotstuff_runner::app: Node 0 view(7145) far exceeds block count (1786); potential sync issue    
2026-08-08T12:21:27.256524Z  WARN ThreadId(20) hotstuff_runner::app: Node 0 [produce_block] queue size: 0, attempting up to 0 transactions this block    
2026-08-08T12:21:27.256746Z  WARN ThreadId(20) hotstuff_runner::app: Node 0 view(7149) far exceeds block count (1787); potential sync issue    
2026-08-08T12:21:27.390734Z  WARN ThreadId(20) hotstuff_runner::app: Node 0 [produce_block] queue size: 2, attempting up to 2 transactions this block    
2026-08-08T12:21:27.390854Z  WARN ThreadId(20) hotstuff_runner::app: Node 0 view(7153) far exceeds block count (1788); potential sync issue    
2026-08-08T12:21:27.542052Z  WARN ThreadId(20) hotstuff_runner::app: Node 0 [produce_block] queue size: 2, attempting up to 2 transactions this block    
2026-08-08T12:21:27.544124Z  WARN ThreadId(20) hotstuff_runner::app: Node 0 view(7157) far exceeds block count (1789); potential sync issue    
2026-08-08T12:21:27.693588Z  WARN ThreadId(20) hotstuff_runner::app: Node 0 [produce_block] queue size: 0, attempting up to 0 transactions this block    
2026-08-08T12:21:27.693764Z  WARN ThreadId(20) hotstuff_runner::app: Node 0 view(7161) far exceeds block count (1790); potential sync issue    
2026-08-08T12:21:27.875617Z  WARN ThreadId(20) hotstuff_runner::app: Node 0 [produce_block] queue size: 2, attempting up to 2 transactions this block    
2026-08-08T12:21:27.877075Z  WARN ThreadId(20) hotstuff_runner::app: Node 0 view(7165) far exceeds block count (1791); potential sync issue    
2026-08-08T12:21:27.982948Z  WARN ThreadId(20) hotstuff_runner::app: Node 0 [produce_block] queue size: 2, attempting up to 2 transactions this block    
2026-08-08T12:21:27.983087Z  WARN ThreadId(20) hotstuff_runner::app: Node 0 view(7169) far exceeds block count (1792); potential sync issue    
2026-08-08T12:21:28.065927Z  WARN ThreadId(20) hotstuff_runner::app: Node 0 [produce_block] queue size: 0, attempting up to 0 transactions this block    
2026-08-08T12:21:28.066133Z  WARN ThreadId(20) hotstuff_runner::app: Node 0 view(7173) far exceeds block count (1793); potential sync issue    
2026-08-08T12:21:28.209615Z  WARN ThreadId(20) hotstuff_runner::app: Node 0 [produce_block] queue size: 2, attempting up to 2 transactions this block    
2026-08-08T12:21:28.209963Z  WARN ThreadId(20) hotstuff_runner::app: Node 0 view(7177) far exceeds block count (1794); potential sync issue    
2026-08-08T12:21:28.361888Z  WARN ThreadId(20) hotstuff_runner::app: Node 0 [produce_block] queue size: 0, attempting up to 0 transactions this block    
2026-08-08T12:21:28.362935Z  WARN ThreadId(20) hotstuff_runner::app: Node 0 view(7181) far exceeds block count (1795); potential sync issue    
2026-08-08T12:21:28.548000Z  WARN ThreadId(20) hotstuff_runner::app: Node 0 [produce_block] queue size: 2, attempting up to 2 transactions this block    
2026-08-08T12:21:28.563038Z  WARN ThreadId(20) hotstuff_runner::app: Node 0 view(7185) far exceeds block count (1796); potential sync issue    
2026-08-08T12:21:28.724854Z  WARN ThreadId(20) hotstuff_runner::app: Node 0 [produce_block] queue size: 2, attempting up to 2 transactions this block    
2026-08-08T12:21:28.725153Z  WARN ThreadId(20) hotstuff_runner::app: Node 0 view(7189) far exceeds block count (1797); potential sync issue    
2026-08-08T12:21:28.900622Z  WARN ThreadId(20) hotstuff_runner::app: Node 0 [produce_block] queue size: 2, attempting up to 2 transactions this block    
2026-08-08T12:21:28.901945Z  WARN ThreadId(20) hotstuff_runner::app: Node 0 view(7193) far exceeds block count (1798); potential sync issue    
2026-08-08T12:21:29.039517Z  WARN ThreadId(20) hotstuff_runner::app: Node 0 [produce_block] queue size: 0, attempting up to 0 transactions this block    
2026-08-08T12:21:29.040476Z  WARN ThreadId(20) hotstuff_runner::app: Node 0 view(7197) far exceeds block count (1799); potential sync issue    
2026-08-08T12:21:29.197691Z  WARN ThreadId(20) hotstuff_runner::app: Node 0 [produce_block] queue size: 2, attempting up to 2 transactions this block    
2026-08-08T12:21:29.198075Z  WARN ThreadId(20) hotstuff_runner::app: Node 0 view(7201) far exceeds block count (1800); potential sync issue    
2026-08-08T12:21:29.364279Z  WARN ThreadId(20) hotstuff_runner::app: Node 0 [produce_block] queue size: 2, attempting up to 2 transactions this block    
2026-08-08T12:21:29.369704Z  WARN ThreadId(20) hotstuff_runner::app: Node 0 view(7205) far exceeds block count (1801); potential sync issue    
2026-08-08T12:21:29.507492Z  WARN ThreadId(20) hotstuff_runner::app: Node 0 [produce_block] queue size: 2, attempting up to 2 transactions this block    
2026-08-08T12:21:29.509235Z  WARN ThreadId(20) hotstuff_runner::app: Node 0 view(7209) far exceeds block count (1802); potential sync issue    
2026-08-08T12:21:29.638000Z  WARN ThreadId(20) hotstuff_runner::app: Node 0 [produce_block] queue size: 2, attempting up to 2 transactions this block    
2026-08-08T12:21:29.639045Z  WARN ThreadId(20) hotstuff_runner::app: Node 0 view(7213) far exceeds block count (1803); potential sync issue    
2026-08-08T12:21:29.780955Z  WARN ThreadId(20) hotstuff_runner::app: Node 0 [produce_block] queue size: 0, attempting up to 0 transactions this block    
2026-08-08T12:21:29.782017Z  WARN ThreadId(20) hotstuff_runner::app: Node 0 view(7217) far exceeds block count (1804); potential sync issue    
2026-08-08T12:21:29.951446Z  WARN ThreadId(20) hotstuff_runner::app: Node 0 [produce_block] queue size: 2, attempting up to 2 transactions this block    
2026-08-08T12:21:29.953057Z  WARN ThreadId(20) hotstuff_runner::app: Node 0 view(7221) far exceeds block count (1805); potential sync issue    
2026-08-08T12:21:30.061622Z  WARN ThreadId(20) hotstuff_runner::app: Node 0 [produce_block] queue size: 2, attempting up to 2 transactions this block    
2026-08-08T12:21:30.061856Z  WARN ThreadId(20) hotstuff_runner::app: Node 0 view(7225) far exceeds block count (1806); potential sync issue    
2026-08-08T12:21:30.155554Z  WARN ThreadId(20) hotstuff_runner::app: Node 0 [produce_block] queue size: 0, attempting up to 0 transactions this block    
2026-08-08T12:21:30.156636Z  WARN ThreadId(20) hotstuff_runner::app: Node 0 view(7229) far exceeds block count (1807); potential sync issue    
2026-08-08T12:21:30.167823Z  WARN ThreadId(06) docker_node: Low processing efficiency: 0.0% - system may need tuning
2026-08-08T12:21:30.277741Z  WARN ThreadId(20) hotstuff_runner::app: Node 0 [produce_block] queue size: 2, attempting up to 2 transactions this block    
2026-08-08T12:21:30.279072Z  WARN ThreadId(20) hotstuff_runner::app: Node 0 view(7233) far exceeds block count (1808); potential sync issue    
2026-08-08T12:21:30.446653Z  WARN ThreadId(20) hotstuff_runner::app: Node 0 [produce_block] queue size: 0, attempting up to 0 transactions this block    
2026-08-08T12:21:30.448066Z  WARN ThreadId(20) hotstuff_runner::app: Node 0 view(7237) far exceeds block count (1809); potential sync issue    
2026-08-08T12:21:30.718009Z  WARN ThreadId(20) hotstuff_runner::app: Node 0 [produce_block] queue size: 2, attempting up to 2 transactions this block    
2026-08-08T12:21:30.721376Z  WARN ThreadId(20) hotstuff_runner::app: Node 0 view(7241) far exceeds block count (1810); potential sync issue    
2026-08-08T12:21:30.891922Z  WARN ThreadId(20) hotstuff_runner::app: Node 0 [produce_block] queue size: 2, attempting up to 2 transactions this block    
2026-08-08T12:21:30.924798Z  WARN ThreadId(20) hotstuff_runner::app: Node 0 view(7245) far exceeds block count (1811); potential sync issue    
2026-08-08T12:21:31.041493Z  WARN ThreadId(20) hotstuff_runner::app: Node 0 [produce_block] queue size: 0, attempting up to 0 transactions this block    
2026-08-08T12:21:31.042771Z  WARN ThreadId(20) hotstuff_runner::app: Node 0 view(7249) far exceeds block count (1812); potential sync issue    
2026-08-08T12:21:31.178495Z  WARN ThreadId(20) hotstuff_runner::app: Node 0 [produce_block] queue size: 2, attempting up to 2 transactions this block    
2026-08-08T12:21:31.178698Z  WARN ThreadId(20) hotstuff_runner::app: Node 0 view(7253) far exceeds block count (1813); potential sync issue    
2026-08-08T12:21:31.339725Z  WARN ThreadId(20) hotstuff_runner::app: Node 0 [produce_block] queue size: 2, attempting up to 2 transactions this block    
2026-08-08T12:21:31.343542Z  WARN ThreadId(20) hotstuff_runner::app: Node 0 view(7257) far exceeds block count (1814); potential sync issue    
2026-08-08T12:21:31.478645Z  WARN ThreadId(20) hotstuff_runner::app: Node 0 [produce_block] queue size: 0, attempting up to 0 transactions this block    
2026-08-08T12:21:31.479628Z  WARN ThreadId(20) hotstuff_runner::app: Node 0 view(7261) far exceeds block count (1815); potential sync issue    
2026-08-08T12:21:31.608276Z  WARN ThreadId(20) hotstuff_runner::app: Node 0 [produce_block] queue size: 2, attempting up to 2 transactions this block    
2026-08-08T12:21:31.611110Z  WARN ThreadId(20) hotstuff_runner::app: Node 0 view(7265) far exceeds block count (1816); potential sync issue    
2026-08-08T12:21:31.788298Z  WARN ThreadId(20) hotstuff_runner::app: Node 0 [produce_block] queue size: 2, attempting up to 2 transactions this block    
2026-08-08T12:21:31.788551Z  WARN ThreadId(20) hotstuff_runner::app: Node 0 view(7269) far exceeds block count (1817); potential sync issue    
2026-08-08T12:21:31.913697Z  WARN ThreadId(20) hotstuff_runner::app: Node 0 [produce_block] queue size: 2, attempting up to 2 transactions this block    
2026-08-08T12:21:31.914244Z  WARN ThreadId(20) hotstuff_runner::app: Node 0 view(7273) far exceeds block count (1818); potential sync issue    
2026-08-08T12:21:32.030252Z  WARN ThreadId(20) hotstuff_runner::app: Node 0 [produce_block] queue size: 0, attempting up to 0 transactions this block    
2026-08-08T12:21:32.032912Z  WARN ThreadId(20) hotstuff_runner::app: Node 0 view(7277) far exceeds block count (1819); potential sync issue    
2026-08-08T12:21:32.117688Z  WARN ThreadId(20) hotstuff_runner::app: Node 0 [produce_block] queue size: 2, attempting up to 2 transactions this block    
2026-08-08T12:21:32.121908Z  WARN ThreadId(20) hotstuff_runner::app: Node 0 view(7281) far exceeds block count (1820); potential sync issue    
2026-08-08T12:21:32.212044Z  WARN ThreadId(20) hotstuff_runner::app: Node 0 [produce_block] queue size: 0, attempting up to 0 transactions this block    
2026-08-08T12:21:32.212636Z  WARN ThreadId(20) hotstuff_runner::app: Node 0 view(7285) far exceeds block count (1821); potential sync issue    
2026-08-08T12:21:32.345931Z  WARN ThreadId(20) hotstuff_runner::app: Node 0 [produce_block] queue size: 2, attempting up to 2 transactions this block    
2026-08-08T12:21:32.347704Z  WARN ThreadId(20) hotstuff_runner::app: Node 0 view(7289) far exceeds block count (1822); potential sync issue    
2026-08-08T12:21:32.450900Z  WARN ThreadId(20) hotstuff_runner::app: Node 0 [produce_block] queue size: 0, attempting up to 0 transactions this block    
2026-08-08T12:21:32.453418Z  WARN ThreadId(20) hotstuff_runner::app: Node 0 view(7293) far exceeds block count (1823); potential sync issue    
2026-08-08T12:21:32.617837Z  WARN ThreadId(20) hotstuff_runner::app: Node 0 [produce_block] queue size: 2, attempting up to 2 transactions this block    
2026-08-08T12:21:32.618955Z  WARN ThreadId(20) hotstuff_runner::app: Node 0 view(7297) far exceeds block count (1824); potential sync issue    
2026-08-08T12:21:32.832094Z  WARN ThreadId(20) hotstuff_runner::app: Node 0 [produce_block] queue size: 2, attempting up to 2 transactions this block    
2026-08-08T12:21:32.832265Z  WARN ThreadId(20) hotstuff_runner::app: Node 0 view(7301) far exceeds block count (1825); potential sync issue    
2026-08-08T12:21:33.095944Z  WARN ThreadId(20) hotstuff_runner::app: Node 0 [produce_block] queue size: 2, attempting up to 2 transactions this block    
2026-08-08T12:21:33.096461Z  WARN ThreadId(20) hotstuff_runner::app: Node 0 view(7305) far exceeds block count (1826); potential sync issue    
2026-08-08T12:21:33.233085Z  WARN ThreadId(20) hotstuff_runner::app: Node 0 [produce_block] queue size: 0, attempting up to 0 transactions this block    
2026-08-08T12:21:33.233687Z  WARN ThreadId(20) hotstuff_runner::app: Node 0 view(7309) far exceeds block count (1827); potential sync issue    
2026-08-08T12:21:33.443707Z  WARN ThreadId(20) hotstuff_runner::app: Node 0 [produce_block] queue size: 4, attempting up to 4 transactions this block    
2026-08-08T12:21:33.444880Z  WARN ThreadId(20) hotstuff_runner::app: Node 0 view(7313) far exceeds block count (1828); potential sync issue    
2026-08-08T12:21:33.601838Z  WARN ThreadId(20) hotstuff_runner::app: Node 0 [produce_block] queue size: 0, attempting up to 0 transactions this block    
2026-08-08T12:21:33.602319Z  WARN ThreadId(20) hotstuff_runner::app: Node 0 view(7317) far exceeds block count (1829); potential sync issue    
2026-08-08T12:21:33.759425Z  WARN ThreadId(20) hotstuff_runner::app: Node 0 [produce_block] queue size: 2, attempting up to 2 transactions this block    
2026-08-08T12:21:33.759565Z  WARN ThreadId(20) hotstuff_runner::app: Node 0 view(7321) far exceeds block count (1830); potential sync issue    
2026-08-08T12:21:33.883163Z  WARN ThreadId(20) hotstuff_runner::app: Node 0 [produce_block] queue size: 2, attempting up to 2 transactions this block    
2026-08-08T12:21:33.883270Z  WARN ThreadId(20) hotstuff_runner::app: Node 0 view(7325) far exceeds block count (1831); potential sync issue    
2026-08-08T12:21:33.998720Z  WARN ThreadId(20) hotstuff_runner::app: Node 0 [produce_block] queue size: 2, attempting up to 2 transactions this block    
2026-08-08T12:21:34.003437Z  WARN ThreadId(20) hotstuff_runner::app: Node 0 view(7329) far exceeds block count (1832); potential sync issue    
2026-08-08T12:21:34.139694Z  WARN ThreadId(20) hotstuff_runner::app: Node 0 [produce_block] queue size: 0, attempting up to 0 transactions this block    
2026-08-08T12:21:34.139983Z  WARN ThreadId(20) hotstuff_runner::app: Node 0 view(7333) far exceeds block count (1833); potential sync issue    
2026-08-08T12:21:34.280824Z  WARN ThreadId(20) hotstuff_runner::app: Node 0 [produce_block] queue size: 2, attempting up to 2 transactions this block    
2026-08-08T12:21:34.282639Z  WARN ThreadId(20) hotstuff_runner::app: Node 0 view(7337) far exceeds block count (1834); potential sync issue    
2026-08-08T12:21:34.449508Z  WARN ThreadId(20) hotstuff_runner::app: Node 0 [produce_block] queue size: 2, attempting up to 2 transactions this block    
2026-08-08T12:21:34.449937Z  WARN ThreadId(20) hotstuff_runner::app: Node 0 view(7341) far exceeds block count (1835); potential sync issue    
2026-08-08T12:21:34.619670Z  WARN ThreadId(20) hotstuff_runner::app: Node 0 [produce_block] queue size: 2, attempting up to 2 transactions this block    
2026-08-08T12:21:34.625340Z  WARN ThreadId(20) hotstuff_runner::app: Node 0 view(7345) far exceeds block count (1836); potential sync issue    
2026-08-08T12:21:34.774897Z  WARN ThreadId(20) hotstuff_runner::app: Node 0 [produce_block] queue size: 2, attempting up to 2 transactions this block    
2026-08-08T12:21:34.776726Z  WARN ThreadId(20) hotstuff_runner::app: Node 0 view(7349) far exceeds block count (1837); potential sync issue    
2026-08-08T12:21:34.961889Z  WARN ThreadId(20) hotstuff_runner::app: Node 0 [produce_block] queue size: 0, attempting up to 0 transactions this block    
2026-08-08T12:21:34.962666Z  WARN ThreadId(20) hotstuff_runner::app: Node 0 view(7353) far exceeds block count (1838); potential sync issue    
2026-08-08T12:21:35.092666Z  WARN ThreadId(20) hotstuff_runner::app: Node 0 [produce_block] queue size: 2, attempting up to 2 transactions this block    
2026-08-08T12:21:35.093050Z  WARN ThreadId(20) hotstuff_runner::app: Node 0 view(7357) far exceeds block count (1839); potential sync issue    
2026-08-08T12:21:35.169490Z  WARN ThreadId(06) docker_node: Low processing efficiency: 0.0% - system may need tuning
2026-08-08T12:21:35.248752Z  WARN ThreadId(20) hotstuff_runner::app: Node 0 [produce_block] queue size: 2, attempting up to 2 transactions this block    
2026-08-08T12:21:35.248878Z  WARN ThreadId(20) hotstuff_runner::app: Node 0 view(7361) far exceeds block count (1840); potential sync issue    
2026-08-08T12:21:35.406690Z  WARN ThreadId(20) hotstuff_runner::app: Node 0 [produce_block] queue size: 2, attempting up to 2 transactions this block    
2026-08-08T12:21:35.409628Z  WARN ThreadId(20) hotstuff_runner::app: Node 0 view(7365) far exceeds block count (1841); potential sync issue    
2026-08-08T12:21:35.547188Z  WARN ThreadId(20) hotstuff_runner::app: Node 0 [produce_block] queue size: 0, attempting up to 0 transactions this block    
2026-08-08T12:21:35.547495Z  WARN ThreadId(20) hotstuff_runner::app: Node 0 view(7369) far exceeds block count (1842); potential sync issue    
2026-08-08T12:21:35.702194Z  WARN ThreadId(20) hotstuff_runner::app: Node 0 [produce_block] queue size: 0, attempting up to 0 transactions this block    
2026-08-08T12:21:35.702893Z  WARN ThreadId(20) hotstuff_runner::app: Node 0 view(7373) far exceeds block count (1843); potential sync issue    
2026-08-08T12:21:35.805817Z  WARN ThreadId(20) hotstuff_runner::app: Node 0 [produce_block] queue size: 2, attempting up to 2 transactions this block    
2026-08-08T12:21:35.806088Z  WARN ThreadId(20) hotstuff_runner::app: Node 0 view(7377) far exceeds block count (1844); potential sync issue    
2026-08-08T12:21:35.921610Z  WARN ThreadId(20) hotstuff_runner::app: Node 0 [produce_block] queue size: 0, attempting up to 0 transactions this block    
2026-08-08T12:21:35.922853Z  WARN ThreadId(20) hotstuff_runner::app: Node 0 view(7381) far exceeds block count (1845); potential sync issue    
2026-08-08T12:21:36.120238Z  WARN ThreadId(20) hotstuff_runner::app: Node 0 [produce_block] queue size: 2, attempting up to 2 transactions this block    
2026-08-08T12:21:36.120847Z  WARN ThreadId(20) hotstuff_runner::app: Node 0 view(7385) far exceeds block count (1846); potential sync issue    
2026-08-08T12:21:36.235595Z  WARN ThreadId(20) hotstuff_runner::app: Node 0 [produce_block] queue size: 2, attempting up to 2 transactions this block    
2026-08-08T12:21:36.236258Z  WARN ThreadId(20) hotstuff_runner::app: Node 0 view(7389) far exceeds block count (1847); potential sync issue    
2026-08-08T12:21:36.447415Z  WARN ThreadId(20) hotstuff_runner::app: Node 0 [produce_block] queue size: 2, attempting up to 2 transactions this block    
2026-08-08T12:21:36.450947Z  WARN ThreadId(20) hotstuff_runner::app: Node 0 view(7393) far exceeds block count (1848); potential sync issue    
2026-08-08T12:21:36.524587Z  WARN ThreadId(20) hotstuff_runner::app: Node 0 [produce_block] queue size: 0, attempting up to 0 transactions this block    
2026-08-08T12:21:36.525428Z  WARN ThreadId(20) hotstuff_runner::app: Node 0 view(7397) far exceeds block count (1849); potential sync issue    
2026-08-08T12:21:36.604729Z  WARN ThreadId(20) hotstuff_runner::app: Node 0 [produce_block] queue size: 2, attempting up to 2 transactions this block    
2026-08-08T12:21:36.606297Z  WARN ThreadId(20) hotstuff_runner::app: Node 0 view(7401) far exceeds block count (1850); potential sync issue    
2026-08-08T12:21:36.792430Z  WARN ThreadId(20) hotstuff_runner::app: Node 0 [produce_block] queue size: 2, attempting up to 2 transactions this block    
2026-08-08T12:21:36.792737Z  WARN ThreadId(20) hotstuff_runner::app: Node 0 view(7405) far exceeds block count (1851); potential sync issue    
2026-08-08T12:21:36.971961Z  WARN ThreadId(20) hotstuff_runner::app: Node 0 [produce_block] queue size: 0, attempting up to 0 transactions this block    
2026-08-08T12:21:36.973185Z  WARN ThreadId(20) hotstuff_runner::app: Node 0 view(7409) far exceeds block count (1852); potential sync issue    
2026-08-08T12:21:37.117919Z  WARN ThreadId(20) hotstuff_runner::app: Node 0 [produce_block] queue size: 2, attempting up to 2 transactions this block    
2026-08-08T12:21:37.119342Z  WARN ThreadId(20) hotstuff_runner::app: Node 0 view(7413) far exceeds block count (1853); potential sync issue    
2026-08-08T12:21:37.223330Z  WARN ThreadId(20) hotstuff_runner::app: Node 0 [produce_block] queue size: 2, attempting up to 2 transactions this block    
2026-08-08T12:21:37.224127Z  WARN ThreadId(20) hotstuff_runner::app: Node 0 view(7417) far exceeds block count (1854); potential sync issue    
2026-08-08T12:21:37.298646Z  WARN ThreadId(20) hotstuff_runner::app: Node 0 [produce_block] queue size: 0, attempting up to 0 transactions this block    
2026-08-08T12:21:37.300339Z  WARN ThreadId(20) hotstuff_runner::app: Node 0 view(7421) far exceeds block count (1855); potential sync issue    
2026-08-08T12:21:37.415915Z  WARN ThreadId(20) hotstuff_runner::app: Node 0 [produce_block] queue size: 0, attempting up to 0 transactions this block    
2026-08-08T12:21:37.416291Z  WARN ThreadId(20) hotstuff_runner::app: Node 0 view(7425) far exceeds block count (1856); potential sync issue    
2026-08-08T12:21:37.571666Z  WARN ThreadId(20) hotstuff_runner::app: Node 0 [produce_block] queue size: 2, attempting up to 2 transactions this block    
2026-08-08T12:21:37.572276Z  WARN ThreadId(20) hotstuff_runner::app: Node 0 view(7429) far exceeds block count (1857); potential sync issue    
2026-08-08T12:21:37.777455Z  WARN ThreadId(20) hotstuff_runner::app: Node 0 [produce_block] queue size: 2, attempting up to 2 transactions this block    
2026-08-08T12:21:37.779128Z  WARN ThreadId(20) hotstuff_runner::app: Node 0 view(7433) far exceeds block count (1858); potential sync issue    
2026-08-08T12:21:37.890622Z  WARN ThreadId(20) hotstuff_runner::app: Node 0 [produce_block] queue size: 2, attempting up to 2 transactions this block    
2026-08-08T12:21:37.890737Z  WARN ThreadId(20) hotstuff_runner::app: Node 0 view(7437) far exceeds block count (1859); potential sync issue    
2026-08-08T12:21:38.009668Z  WARN ThreadId(20) hotstuff_runner::app: Node 0 [produce_block] queue size: 0, attempting up to 0 transactions this block    
2026-08-08T12:21:38.010892Z  WARN ThreadId(20) hotstuff_runner::app: Node 0 view(7441) far exceeds block count (1860); potential sync issue    
2026-08-08T12:21:38.113406Z  WARN ThreadId(20) hotstuff_runner::app: Node 0 [produce_block] queue size: 2, attempting up to 2 transactions this block    
2026-08-08T12:21:38.115134Z  WARN ThreadId(20) hotstuff_runner::app: Node 0 view(7445) far exceeds block count (1861); potential sync issue    
2026-08-08T12:21:38.236420Z  WARN ThreadId(20) hotstuff_runner::app: Node 0 [produce_block] queue size: 2, attempting up to 2 transactions this block    
2026-08-08T12:21:38.237650Z  WARN ThreadId(20) hotstuff_runner::app: Node 0 view(7449) far exceeds block count (1862); potential sync issue    
2026-08-08T12:21:38.356021Z  WARN ThreadId(20) hotstuff_runner::app: Node 0 [produce_block] queue size: 0, attempting up to 0 transactions this block    
2026-08-08T12:21:38.358135Z  WARN ThreadId(20) hotstuff_runner::app: Node 0 view(7453) far exceeds block count (1863); potential sync issue    
2026-08-08T12:21:38.531617Z  WARN ThreadId(20) hotstuff_runner::app: Node 0 [produce_block] queue size: 2, attempting up to 2 transactions this block    
2026-08-08T12:21:38.531997Z  WARN ThreadId(20) hotstuff_runner::app: Node 0 view(7457) far exceeds block count (1864); potential sync issue    
2026-08-08T12:21:38.664256Z  WARN ThreadId(20) hotstuff_runner::app: Node 0 [produce_block] queue size: 0, attempting up to 0 transactions this block    
2026-08-08T12:21:38.671734Z  WARN ThreadId(20) hotstuff_runner::app: Node 0 view(7461) far exceeds block count (1865); potential sync issue    
2026-08-08T12:21:38.854667Z  WARN ThreadId(20) hotstuff_runner::app: Node 0 [produce_block] queue size: 2, attempting up to 2 transactions this block    
2026-08-08T12:21:38.854951Z  WARN ThreadId(20) hotstuff_runner::app: Node 0 view(7465) far exceeds block count (1866); potential sync issue    
2026-08-08T12:21:39.408927Z  WARN ThreadId(07) hotstuff_runner::pompe: ⚡ [Timed Output] Node 0 flushed 4 transactions
2026-08-08T12:21:39.694935Z  WARN ThreadId(20) hotstuff_runner::app: Node 0 [produce_block] queue size: 10, attempting up to 10 transactions this block    
2026-08-08T12:21:39.697492Z  WARN ThreadId(20) hotstuff_runner::app: Node 0 view(7469) far exceeds block count (1867); potential sync issue    
2026-08-08T12:21:39.811203Z  WARN ThreadId(20) hotstuff_runner::app: Node 0 [produce_block] queue size: 0, attempting up to 0 transactions this block    
2026-08-08T12:21:39.812078Z  WARN ThreadId(20) hotstuff_runner::app: Node 0 view(7473) far exceeds block count (1868); potential sync issue    
2026-08-08T12:21:39.914465Z  WARN ThreadId(20) hotstuff_runner::app: Node 0 [produce_block] queue size: 2, attempting up to 2 transactions this block    
2026-08-08T12:21:39.915182Z  WARN ThreadId(20) hotstuff_runner::app: Node 0 view(7477) far exceeds block count (1869); potential sync issue    
2026-08-08T12:21:40.041959Z  WARN ThreadId(20) hotstuff_runner::app: Node 0 [produce_block] queue size: 0, attempting up to 0 transactions this block    
2026-08-08T12:21:40.042278Z  WARN ThreadId(20) hotstuff_runner::app: Node 0 view(7481) far exceeds block count (1870); potential sync issue    
2026-08-08T12:21:40.157499Z  WARN ThreadId(20) hotstuff_runner::app: Node 0 [produce_block] queue size: 2, attempting up to 2 transactions this block    
2026-08-08T12:21:40.164238Z  WARN ThreadId(20) hotstuff_runner::app: Node 0 view(7485) far exceeds block count (1871); potential sync issue    
2026-08-08T12:21:40.167529Z  WARN ThreadId(06) docker_node: Low processing efficiency: 0.0% - system may need tuning
2026-08-08T12:21:40.269718Z  WARN ThreadId(20) hotstuff_runner::app: Node 0 [produce_block] queue size: 0, attempting up to 0 transactions this block    
2026-08-08T12:21:40.271094Z  WARN ThreadId(20) hotstuff_runner::app: Node 0 view(7489) far exceeds block count (1872); potential sync issue    
2026-08-08T12:21:40.517617Z  WARN ThreadId(20) hotstuff_runner::app: Node 0 [produce_block] queue size: 4, attempting up to 4 transactions this block    
2026-08-08T12:21:40.532641Z  WARN ThreadId(20) hotstuff_runner::app: Node 0 view(7493) far exceeds block count (1873); potential sync issue    
2026-08-08T12:21:40.745359Z  WARN ThreadId(20) hotstuff_runner::app: Node 0 [produce_block] queue size: 2, attempting up to 2 transactions this block    
2026-08-08T12:21:40.746869Z  WARN ThreadId(20) hotstuff_runner::app: Node 0 view(7497) far exceeds block count (1874); potential sync issue    
2026-08-08T12:21:40.824877Z  WARN ThreadId(20) hotstuff_runner::app: Node 0 [produce_block] queue size: 0, attempting up to 0 transactions this block    
2026-08-08T12:21:40.825234Z  WARN ThreadId(20) hotstuff_runner::app: Node 0 view(7501) far exceeds block count (1875); potential sync issue    
2026-08-08T12:21:41.000705Z  WARN ThreadId(20) hotstuff_runner::app: Node 0 [produce_block] queue size: 2, attempting up to 2 transactions this block    
2026-08-08T12:21:41.015716Z  WARN ThreadId(20) hotstuff_runner::app: Node 0 view(7505) far exceeds block count (1876); potential sync issue    
2026-08-08T12:21:41.232019Z  WARN ThreadId(20) hotstuff_runner::app: Node 0 [produce_block] queue size: 2, attempting up to 2 transactions this block    
2026-08-08T12:21:41.232395Z  WARN ThreadId(20) hotstuff_runner::app: Node 0 view(7509) far exceeds block count (1877); potential sync issue    
2026-08-08T12:21:41.330994Z  WARN ThreadId(20) hotstuff_runner::app: Node 0 [produce_block] queue size: 2, attempting up to 2 transactions this block    
2026-08-08T12:21:41.333218Z  WARN ThreadId(20) hotstuff_runner::app: Node 0 view(7513) far exceeds block count (1878); potential sync issue    
2026-08-08T12:21:41.453040Z  WARN ThreadId(20) hotstuff_runner::app: Node 0 [produce_block] queue size: 0, attempting up to 0 transactions this block    
2026-08-08T12:21:41.455989Z  WARN ThreadId(20) hotstuff_runner::app: Node 0 view(7517) far exceeds block count (1879); potential sync issue    
2026-08-08T12:21:41.552352Z  WARN ThreadId(20) hotstuff_runner::app: Node 0 [produce_block] queue size: 2, attempting up to 2 transactions this block    
2026-08-08T12:21:41.560349Z  WARN ThreadId(20) hotstuff_runner::app: Node 0 view(7521) far exceeds block count (1880); potential sync issue    
2026-08-08T12:21:41.717339Z  WARN ThreadId(20) hotstuff_runner::app: Node 0 [produce_block] queue size: 2, attempting up to 2 transactions this block    
2026-08-08T12:21:41.724175Z  WARN ThreadId(20) hotstuff_runner::app: Node 0 view(7525) far exceeds block count (1881); potential sync issue    
2026-08-08T12:21:41.890375Z  WARN ThreadId(20) hotstuff_runner::app: Node 0 [produce_block] queue size: 2, attempting up to 2 transactions this block    
2026-08-08T12:21:41.890497Z  WARN ThreadId(20) hotstuff_runner::app: Node 0 view(7529) far exceeds block count (1882); potential sync issue    
2026-08-08T12:21:42.062817Z  WARN ThreadId(20) hotstuff_runner::app: Node 0 [produce_block] queue size: 2, attempting up to 2 transactions this block    
2026-08-08T12:21:42.066053Z  WARN ThreadId(20) hotstuff_runner::app: Node 0 view(7533) far exceeds block count (1883); potential sync issue    
2026-08-08T12:21:42.189121Z  WARN ThreadId(20) hotstuff_runner::app: Node 0 [produce_block] queue size: 0, attempting up to 0 transactions this block    
2026-08-08T12:21:42.189272Z  WARN ThreadId(20) hotstuff_runner::app: Node 0 view(7537) far exceeds block count (1884); potential sync issue    
2026-08-08T12:21:42.336008Z  WARN ThreadId(20) hotstuff_runner::app: Node 0 [produce_block] queue size: 2, attempting up to 2 transactions this block    
2026-08-08T12:21:42.338250Z  WARN ThreadId(20) hotstuff_runner::app: Node 0 view(7541) far exceeds block count (1885); potential sync issue    
2026-08-08T12:21:42.517352Z  WARN ThreadId(20) hotstuff_runner::app: Node 0 [produce_block] queue size: 2, attempting up to 2 transactions this block    
2026-08-08T12:21:42.518923Z  WARN ThreadId(20) hotstuff_runner::app: Node 0 view(7545) far exceeds block count (1886); potential sync issue    
2026-08-08T12:21:42.665265Z  WARN ThreadId(20) hotstuff_runner::app: Node 0 [produce_block] queue size: 0, attempting up to 0 transactions this block    
2026-08-08T12:21:42.666993Z  WARN ThreadId(20) hotstuff_runner::app: Node 0 view(7549) far exceeds block count (1887); potential sync issue    
2026-08-08T12:21:42.761147Z  WARN ThreadId(20) hotstuff_runner::app: Node 0 [produce_block] queue size: 2, attempting up to 2 transactions this block    
2026-08-08T12:21:42.765525Z  WARN ThreadId(20) hotstuff_runner::app: Node 0 view(7553) far exceeds block count (1888); potential sync issue    
2026-08-08T12:21:42.876051Z  WARN ThreadId(20) hotstuff_runner::app: Node 0 [produce_block] queue size: 2, attempting up to 2 transactions this block    
2026-08-08T12:21:42.876199Z  WARN ThreadId(20) hotstuff_runner::app: Node 0 view(7557) far exceeds block count (1889); potential sync issue    
2026-08-08T12:21:43.067920Z  WARN ThreadId(20) hotstuff_runner::app: Node 0 [produce_block] queue size: 2, attempting up to 2 transactions this block    
2026-08-08T12:21:43.069757Z  WARN ThreadId(20) hotstuff_runner::app: Node 0 view(7561) far exceeds block count (1890); potential sync issue    
2026-08-08T12:21:43.165786Z  WARN ThreadId(20) hotstuff_runner::app: Node 0 [produce_block] queue size: 0, attempting up to 0 transactions this block    
2026-08-08T12:21:43.169965Z  WARN ThreadId(20) hotstuff_runner::app: Node 0 view(7565) far exceeds block count (1891); potential sync issue    
2026-08-08T12:21:43.335777Z  WARN ThreadId(20) hotstuff_runner::app: Node 0 [produce_block] queue size: 2, attempting up to 2 transactions this block    
2026-08-08T12:21:43.340322Z  WARN ThreadId(20) hotstuff_runner::app: Node 0 view(7569) far exceeds block count (1892); potential sync issue    
2026-08-08T12:21:43.427663Z  WARN ThreadId(20) hotstuff_runner::app: Node 0 [produce_block] queue size: 0, attempting up to 0 transactions this block    
2026-08-08T12:21:43.429518Z  WARN ThreadId(20) hotstuff_runner::app: Node 0 view(7573) far exceeds block count (1893); potential sync issue    
2026-08-08T12:21:43.601879Z  WARN ThreadId(20) hotstuff_runner::app: Node 0 [produce_block] queue size: 2, attempting up to 2 transactions this block    
2026-08-08T12:21:43.603502Z  WARN ThreadId(20) hotstuff_runner::app: Node 0 view(7577) far exceeds block count (1894); potential sync issue    
2026-08-08T12:21:43.718881Z  WARN ThreadId(20) hotstuff_runner::app: Node 0 [produce_block] queue size: 2, attempting up to 2 transactions this block    
2026-08-08T12:21:43.719588Z  WARN ThreadId(20) hotstuff_runner::app: Node 0 view(7581) far exceeds block count (1895); potential sync issue    
2026-08-08T12:21:43.812659Z  WARN ThreadId(20) hotstuff_runner::app: Node 0 [produce_block] queue size: 0, attempting up to 0 transactions this block    
2026-08-08T12:21:43.815542Z  WARN ThreadId(20) hotstuff_runner::app: Node 0 view(7585) far exceeds block count (1896); potential sync issue    
2026-08-08T12:21:44.122291Z  WARN ThreadId(20) hotstuff_runner::app: Node 0 [produce_block] queue size: 4, attempting up to 4 transactions this block    
2026-08-08T12:21:44.123836Z  WARN ThreadId(20) hotstuff_runner::app: Node 0 view(7589) far exceeds block count (1897); potential sync issue    
2026-08-08T12:21:44.320976Z  WARN ThreadId(20) hotstuff_runner::app: Node 0 [produce_block] queue size: 2, attempting up to 2 transactions this block    
2026-08-08T12:21:44.321778Z  WARN ThreadId(20) hotstuff_runner::app: Node 0 view(7593) far exceeds block count (1898); potential sync issue    
2026-08-08T12:21:44.503067Z  WARN ThreadId(20) hotstuff_runner::app: Node 0 [produce_block] queue size: 2, attempting up to 2 transactions this block    
2026-08-08T12:21:44.508265Z  WARN ThreadId(20) hotstuff_runner::app: Node 0 view(7597) far exceeds block count (1899); potential sync issue    
2026-08-08T12:21:44.693249Z  WARN ThreadId(20) hotstuff_runner::app: Node 0 [produce_block] queue size: 2, attempting up to 2 transactions this block    
2026-08-08T12:21:44.693450Z  WARN ThreadId(20) hotstuff_runner::app: Node 0 view(7601) far exceeds block count (1900); potential sync issue    
2026-08-08T12:21:44.843368Z  WARN ThreadId(20) hotstuff_runner::app: Node 0 [produce_block] queue size: 2, attempting up to 2 transactions this block    
2026-08-08T12:21:44.844333Z  WARN ThreadId(20) hotstuff_runner::app: Node 0 view(7605) far exceeds block count (1901); potential sync issue    
2026-08-08T12:21:44.965647Z  WARN ThreadId(20) hotstuff_runner::app: Node 0 [produce_block] queue size: 0, attempting up to 0 transactions this block    
2026-08-08T12:21:44.971136Z  WARN ThreadId(20) hotstuff_runner::app: Node 0 view(7609) far exceeds block count (1902); potential sync issue    
2026-08-08T12:21:45.115653Z  WARN ThreadId(20) hotstuff_runner::app: Node 0 [produce_block] queue size: 2, attempting up to 2 transactions this block    
2026-08-08T12:21:45.116020Z  WARN ThreadId(20) hotstuff_runner::app: Node 0 view(7613) far exceeds block count (1903); potential sync issue    
2026-08-08T12:21:45.167981Z  WARN ThreadId(07) docker_node: Low processing efficiency: 0.0% - system may need tuning
2026-08-08T12:21:45.263056Z  WARN ThreadId(20) hotstuff_runner::app: Node 0 [produce_block] queue size: 2, attempting up to 2 transactions this block    
2026-08-08T12:21:45.263340Z  WARN ThreadId(20) hotstuff_runner::app: Node 0 view(7617) far exceeds block count (1904); potential sync issue    
2026-08-08T12:21:45.402984Z  WARN ThreadId(20) hotstuff_runner::app: Node 0 [produce_block] queue size: 2, attempting up to 2 transactions this block    
2026-08-08T12:21:45.403283Z  WARN ThreadId(20) hotstuff_runner::app: Node 0 view(7621) far exceeds block count (1905); potential sync issue    
2026-08-08T12:21:45.543040Z  WARN ThreadId(20) hotstuff_runner::app: Node 0 [produce_block] queue size: 0, attempting up to 0 transactions this block    
2026-08-08T12:21:45.544277Z  WARN ThreadId(20) hotstuff_runner::app: Node 0 view(7625) far exceeds block count (1906); potential sync issue    
2026-08-08T12:21:45.709633Z  WARN ThreadId(20) hotstuff_runner::app: Node 0 [produce_block] queue size: 2, attempting up to 2 transactions this block    
2026-08-08T12:21:45.711256Z  WARN ThreadId(20) hotstuff_runner::app: Node 0 view(7629) far exceeds block count (1907); potential sync issue    
2026-08-08T12:21:45.810485Z  WARN ThreadId(20) hotstuff_runner::app: Node 0 [produce_block] queue size: 2, attempting up to 2 transactions this block    
2026-08-08T12:21:45.812221Z  WARN ThreadId(20) hotstuff_runner::app: Node 0 view(7633) far exceeds block count (1908); potential sync issue    
2026-08-08T12:21:45.891746Z  WARN ThreadId(20) hotstuff_runner::app: Node 0 [produce_block] queue size: 0, attempting up to 0 transactions this block    
2026-08-08T12:21:45.891995Z  WARN ThreadId(20) hotstuff_runner::app: Node 0 view(7637) far exceeds block count (1909); potential sync issue    
2026-08-08T12:21:46.060247Z  WARN ThreadId(20) hotstuff_runner::app: Node 0 [produce_block] queue size: 2, attempting up to 2 transactions this block    
2026-08-08T12:21:46.066464Z  WARN ThreadId(20) hotstuff_runner::app: Node 0 view(7641) far exceeds block count (1910); potential sync issue    
2026-08-08T12:21:46.276927Z  WARN ThreadId(20) hotstuff_runner::app: Node 0 [produce_block] queue size: 2, attempting up to 2 transactions this block    
2026-08-08T12:21:46.277853Z  WARN ThreadId(20) hotstuff_runner::app: Node 0 view(7645) far exceeds block count (1911); potential sync issue    
2026-08-08T12:21:46.422595Z  WARN ThreadId(20) hotstuff_runner::app: Node 0 [produce_block] queue size: 2, attempting up to 2 transactions this block    
2026-08-08T12:21:46.423182Z  WARN ThreadId(20) hotstuff_runner::app: Node 0 view(7649) far exceeds block count (1912); potential sync issue    
2026-08-08T12:21:46.561505Z  WARN ThreadId(20) hotstuff_runner::app: Node 0 [produce_block] queue size: 0, attempting up to 0 transactions this block    
2026-08-08T12:21:46.562369Z  WARN ThreadId(20) hotstuff_runner::app: Node 0 view(7653) far exceeds block count (1913); potential sync issue    
2026-08-08T12:21:46.697933Z  WARN ThreadId(20) hotstuff_runner::app: Node 0 [produce_block] queue size: 2, attempting up to 2 transactions this block    
2026-08-08T12:21:46.699184Z  WARN ThreadId(20) hotstuff_runner::app: Node 0 view(7657) far exceeds block count (1914); potential sync issue    
2026-08-08T12:21:46.862595Z  WARN ThreadId(20) hotstuff_runner::app: Node 0 [produce_block] queue size: 2, attempting up to 2 transactions this block    
2026-08-08T12:21:46.865375Z  WARN ThreadId(20) hotstuff_runner::app: Node 0 view(7661) far exceeds block count (1915); potential sync issue    
2026-08-08T12:21:46.979911Z  WARN ThreadId(20) hotstuff_runner::app: Node 0 [produce_block] queue size: 2, attempting up to 2 transactions this block    
2026-08-08T12:21:46.980061Z  WARN ThreadId(20) hotstuff_runner::app: Node 0 view(7665) far exceeds block count (1916); potential sync issue    
2026-08-08T12:21:47.171205Z  WARN ThreadId(20) hotstuff_runner::app: Node 0 [produce_block] queue size: 0, attempting up to 0 transactions this block    
2026-08-08T12:21:47.171900Z  WARN ThreadId(20) hotstuff_runner::app: Node 0 view(7669) far exceeds block count (1917); potential sync issue    
2026-08-08T12:21:47.395124Z  WARN ThreadId(20) hotstuff_runner::app: Node 0 [produce_block] queue size: 2, attempting up to 2 transactions this block    
2026-08-08T12:21:47.400243Z  WARN ThreadId(20) hotstuff_runner::app: Node 0 view(7673) far exceeds block count (1918); potential sync issue    
2026-08-08T12:21:47.491138Z  WARN ThreadId(20) hotstuff_runner::app: Node 0 [produce_block] queue size: 2, attempting up to 2 transactions this block    
2026-08-08T12:21:47.491350Z  WARN ThreadId(20) hotstuff_runner::app: Node 0 view(7677) far exceeds block count (1919); potential sync issue    
2026-08-08T12:21:47.628516Z  WARN ThreadId(20) hotstuff_runner::app: Node 0 [produce_block] queue size: 2, attempting up to 2 transactions this block    
2026-08-08T12:21:47.628917Z  WARN ThreadId(20) hotstuff_runner::app: Node 0 view(7681) far exceeds block count (1920); potential sync issue    
2026-08-08T12:21:47.815976Z  WARN ThreadId(20) hotstuff_runner::app: Node 0 [produce_block] queue size: 2, attempting up to 2 transactions this block    
2026-08-08T12:21:47.816283Z  WARN ThreadId(20) hotstuff_runner::app: Node 0 view(7685) far exceeds block count (1921); potential sync issue    
2026-08-08T12:21:47.926053Z  WARN ThreadId(20) hotstuff_runner::app: Node 0 [produce_block] queue size: 0, attempting up to 0 transactions this block    
2026-08-08T12:21:47.926187Z  WARN ThreadId(20) hotstuff_runner::app: Node 0 view(7689) far exceeds block count (1922); potential sync issue    
2026-08-08T12:21:48.031358Z  WARN ThreadId(20) hotstuff_runner::app: Node 0 [produce_block] queue size: 2, attempting up to 2 transactions this block    
2026-08-08T12:21:48.033079Z  WARN ThreadId(20) hotstuff_runner::app: Node 0 view(7693) far exceeds block count (1923); potential sync issue    
2026-08-08T12:21:48.146819Z  WARN ThreadId(20) hotstuff_runner::app: Node 0 [produce_block] queue size: 0, attempting up to 0 transactions this block    
2026-08-08T12:21:48.147007Z  WARN ThreadId(20) hotstuff_runner::app: Node 0 view(7697) far exceeds block count (1924); potential sync issue    
2026-08-08T12:21:48.293044Z  WARN ThreadId(20) hotstuff_runner::app: Node 0 [produce_block] queue size: 2, attempting up to 2 transactions this block    
2026-08-08T12:21:48.296029Z  WARN ThreadId(20) hotstuff_runner::app: Node 0 view(7701) far exceeds block count (1925); potential sync issue    
2026-08-08T12:21:48.427961Z  WARN ThreadId(20) hotstuff_runner::app: Node 0 [produce_block] queue size: 2, attempting up to 2 transactions this block    
2026-08-08T12:21:48.430940Z  WARN ThreadId(20) hotstuff_runner::app: Node 0 view(7705) far exceeds block count (1926); potential sync issue    
2026-08-08T12:21:48.557999Z  WARN ThreadId(20) hotstuff_runner::app: Node 0 [produce_block] queue size: 2, attempting up to 2 transactions this block    
2026-08-08T12:21:48.562519Z  WARN ThreadId(20) hotstuff_runner::app: Node 0 view(7709) far exceeds block count (1927); potential sync issue    
2026-08-08T12:21:48.737951Z  WARN ThreadId(20) hotstuff_runner::app: Node 0 [produce_block] queue size: 2, attempting up to 2 transactions this block    
2026-08-08T12:21:48.741801Z  WARN ThreadId(20) hotstuff_runner::app: Node 0 view(7713) far exceeds block count (1928); potential sync issue    
2026-08-08T12:21:48.870910Z  WARN ThreadId(20) hotstuff_runner::app: Node 0 [produce_block] queue size: 0, attempting up to 0 transactions this block    
2026-08-08T12:21:48.871744Z  WARN ThreadId(20) hotstuff_runner::app: Node 0 view(7717) far exceeds block count (1929); potential sync issue    
2026-08-08T12:21:48.984002Z  WARN ThreadId(20) hotstuff_runner::app: Node 0 [produce_block] queue size: 2, attempting up to 2 transactions this block    
2026-08-08T12:21:48.984136Z  WARN ThreadId(20) hotstuff_runner::app: Node 0 view(7721) far exceeds block count (1930); potential sync issue    
2026-08-08T12:21:49.268436Z  WARN ThreadId(20) hotstuff_runner::app: Node 0 [produce_block] queue size: 2, attempting up to 2 transactions this block    
2026-08-08T12:21:49.268952Z  WARN ThreadId(20) hotstuff_runner::app: Node 0 view(7725) far exceeds block count (1931); potential sync issue    
2026-08-08T12:21:49.415663Z  WARN ThreadId(20) hotstuff_runner::app: Node 0 [produce_block] queue size: 0, attempting up to 0 transactions this block    
2026-08-08T12:21:49.417156Z  WARN ThreadId(20) hotstuff_runner::app: Node 0 view(7729) far exceeds block count (1932); potential sync issue    
2026-08-08T12:21:49.571882Z  WARN ThreadId(20) hotstuff_runner::app: Node 0 [produce_block] queue size: 0, attempting up to 0 transactions this block    
2026-08-08T12:21:49.572023Z  WARN ThreadId(20) hotstuff_runner::app: Node 0 view(7733) far exceeds block count (1933); potential sync issue    
2026-08-08T12:21:49.727282Z  WARN ThreadId(20) hotstuff_runner::app: Node 0 [produce_block] queue size: 2, attempting up to 2 transactions this block    
2026-08-08T12:21:49.729435Z  WARN ThreadId(20) hotstuff_runner::app: Node 0 view(7737) far exceeds block count (1934); potential sync issue    
2026-08-08T12:21:49.837895Z  WARN ThreadId(20) hotstuff_runner::app: Node 0 [produce_block] queue size: 0, attempting up to 0 transactions this block    
2026-08-08T12:21:49.838169Z  WARN ThreadId(20) hotstuff_runner::app: Node 0 view(7741) far exceeds block count (1935); potential sync issue    
2026-08-08T12:21:50.043385Z  WARN ThreadId(20) hotstuff_runner::app: Node 0 [produce_block] queue size: 2, attempting up to 2 transactions this block    
2026-08-08T12:21:50.052363Z  WARN ThreadId(20) hotstuff_runner::app: Node 0 view(7745) far exceeds block count (1936); potential sync issue    
2026-08-08T12:21:50.167990Z  WARN ThreadId(04) docker_node: Low processing efficiency: 0.0% - system may need tuning
2026-08-08T12:21:50.215253Z  WARN ThreadId(20) hotstuff_runner::app: Node 0 [produce_block] queue size: 2, attempting up to 2 transactions this block    
2026-08-08T12:21:50.217819Z  WARN ThreadId(20) hotstuff_runner::app: Node 0 view(7749) far exceeds block count (1937); potential sync issue    
2026-08-08T12:21:50.463095Z  WARN ThreadId(20) hotstuff_runner::app: Node 0 [produce_block] queue size: 2, attempting up to 2 transactions this block    
2026-08-08T12:21:50.466551Z  WARN ThreadId(20) hotstuff_runner::app: Node 0 view(7753) far exceeds block count (1938); potential sync issue    
2026-08-08T12:21:50.597561Z  WARN ThreadId(20) hotstuff_runner::app: Node 0 [produce_block] queue size: 2, attempting up to 2 transactions this block    
2026-08-08T12:21:50.597998Z  WARN ThreadId(20) hotstuff_runner::app: Node 0 view(7757) far exceeds block count (1939); potential sync issue    
2026-08-08T12:21:50.728305Z  WARN ThreadId(20) hotstuff_runner::app: Node 0 [produce_block] queue size: 0, attempting up to 0 transactions this block    
2026-08-08T12:21:50.728971Z  WARN ThreadId(20) hotstuff_runner::app: Node 0 view(7761) far exceeds block count (1940); potential sync issue    
2026-08-08T12:21:50.898068Z  WARN ThreadId(20) hotstuff_runner::app: Node 0 [produce_block] queue size: 2, attempting up to 2 transactions this block    
2026-08-08T12:21:50.905053Z  WARN ThreadId(20) hotstuff_runner::app: Node 0 view(7765) far exceeds block count (1941); potential sync issue    
2026-08-08T12:21:51.063117Z  WARN ThreadId(20) hotstuff_runner::app: Node 0 [produce_block] queue size: 2, attempting up to 2 transactions this block    
2026-08-08T12:21:51.063381Z  WARN ThreadId(20) hotstuff_runner::app: Node 0 view(7769) far exceeds block count (1942); potential sync issue    
2026-08-08T12:21:51.200269Z  WARN ThreadId(20) hotstuff_runner::app: Node 0 [produce_block] queue size: 2, attempting up to 2 transactions this block    
2026-08-08T12:21:51.203628Z  WARN ThreadId(20) hotstuff_runner::app: Node 0 view(7773) far exceeds block count (1943); potential sync issue    
2026-08-08T12:21:51.320507Z  WARN ThreadId(20) hotstuff_runner::app: Node 0 [produce_block] queue size: 2, attempting up to 2 transactions this block    
2026-08-08T12:21:51.320853Z  WARN ThreadId(20) hotstuff_runner::app: Node 0 view(7777) far exceeds block count (1944); potential sync issue    
2026-08-08T12:21:51.532493Z  WARN ThreadId(20) hotstuff_runner::app: Node 0 [produce_block] queue size: 2, attempting up to 2 transactions this block    
2026-08-08T12:21:51.536782Z  WARN ThreadId(20) hotstuff_runner::app: Node 0 view(7781) far exceeds block count (1945); potential sync issue    
2026-08-08T12:21:51.667568Z  WARN ThreadId(20) hotstuff_runner::app: Node 0 [produce_block] queue size: 2, attempting up to 2 transactions this block    
2026-08-08T12:21:51.669359Z  WARN ThreadId(20) hotstuff_runner::app: Node 0 view(7785) far exceeds block count (1946); potential sync issue    
2026-08-08T12:21:51.811321Z  WARN ThreadId(20) hotstuff_runner::app: Node 0 [produce_block] queue size: 0, attempting up to 0 transactions this block    
2026-08-08T12:21:51.811914Z  WARN ThreadId(20) hotstuff_runner::app: Node 0 view(7789) far exceeds block count (1947); potential sync issue    
2026-08-08T12:21:52.020933Z  WARN ThreadId(20) hotstuff_runner::app: Node 0 [produce_block] queue size: 2, attempting up to 2 transactions this block    
2026-08-08T12:21:52.029942Z  WARN ThreadId(20) hotstuff_runner::app: Node 0 view(7793) far exceeds block count (1948); potential sync issue    
2026-08-08T12:21:52.104536Z  WARN ThreadId(20) hotstuff_runner::app: Node 0 [produce_block] queue size: 2, attempting up to 2 transactions this block    
2026-08-08T12:21:52.104696Z  WARN ThreadId(20) hotstuff_runner::app: Node 0 view(7797) far exceeds block count (1949); potential sync issue    
2026-08-08T12:21:52.303651Z  WARN ThreadId(20) hotstuff_runner::app: Node 0 [produce_block] queue size: 2, attempting up to 2 transactions this block    
2026-08-08T12:21:52.305735Z  WARN ThreadId(20) hotstuff_runner::app: Node 0 view(7801) far exceeds block count (1950); potential sync issue    
2026-08-08T12:21:52.431663Z  WARN ThreadId(20) hotstuff_runner::app: Node 0 [produce_block] queue size: 0, attempting up to 0 transactions this block    
2026-08-08T12:21:52.435832Z  WARN ThreadId(20) hotstuff_runner::app: Node 0 view(7805) far exceeds block count (1951); potential sync issue    
2026-08-08T12:21:52.625119Z  WARN ThreadId(20) hotstuff_runner::app: Node 0 [produce_block] queue size: 2, attempting up to 2 transactions this block    
2026-08-08T12:21:52.625474Z  WARN ThreadId(20) hotstuff_runner::app: Node 0 view(7809) far exceeds block count (1952); potential sync issue    
2026-08-08T12:21:52.776940Z  WARN ThreadId(20) hotstuff_runner::app: Node 0 [produce_block] queue size: 2, attempting up to 2 transactions this block    
2026-08-08T12:21:52.777227Z  WARN ThreadId(20) hotstuff_runner::app: Node 0 view(7813) far exceeds block count (1953); potential sync issue    
2026-08-08T12:21:52.962155Z  WARN ThreadId(20) hotstuff_runner::app: Node 0 [produce_block] queue size: 2, attempting up to 2 transactions this block    
2026-08-08T12:21:52.965474Z  WARN ThreadId(20) hotstuff_runner::app: Node 0 view(7817) far exceeds block count (1954); potential sync issue    
2026-08-08T12:21:53.083503Z  WARN ThreadId(20) hotstuff_runner::app: Node 0 [produce_block] queue size: 2, attempting up to 2 transactions this block    
2026-08-08T12:21:53.087147Z  WARN ThreadId(20) hotstuff_runner::app: Node 0 view(7821) far exceeds block count (1955); potential sync issue    
2026-08-08T12:21:53.229098Z  WARN ThreadId(20) hotstuff_runner::app: Node 0 [produce_block] queue size: 0, attempting up to 0 transactions this block    
2026-08-08T12:21:53.238829Z  WARN ThreadId(20) hotstuff_runner::app: Node 0 view(7825) far exceeds block count (1956); potential sync issue    
2026-08-08T12:21:53.438882Z  WARN ThreadId(20) hotstuff_runner::app: Node 0 [produce_block] queue size: 2, attempting up to 2 transactions this block    
2026-08-08T12:21:53.440759Z  WARN ThreadId(20) hotstuff_runner::app: Node 0 view(7829) far exceeds block count (1957); potential sync issue    
2026-08-08T12:21:53.588683Z  WARN ThreadId(20) hotstuff_runner::app: Node 0 [produce_block] queue size: 2, attempting up to 2 transactions this block    
2026-08-08T12:21:53.588821Z  WARN ThreadId(20) hotstuff_runner::app: Node 0 view(7833) far exceeds block count (1958); potential sync issue    
2026-08-08T12:21:53.747034Z  WARN ThreadId(20) hotstuff_runner::app: Node 0 [produce_block] queue size: 2, attempting up to 2 transactions this block    
2026-08-08T12:21:53.747898Z  WARN ThreadId(20) hotstuff_runner::app: Node 0 view(7837) far exceeds block count (1959); potential sync issue    
2026-08-08T12:21:53.932085Z  WARN ThreadId(20) hotstuff_runner::app: Node 0 [produce_block] queue size: 2, attempting up to 2 transactions this block    
2026-08-08T12:21:53.934332Z  WARN ThreadId(20) hotstuff_runner::app: Node 0 view(7841) far exceeds block count (1960); potential sync issue    
2026-08-08T12:21:54.074117Z  WARN ThreadId(20) hotstuff_runner::app: Node 0 [produce_block] queue size: 2, attempting up to 2 transactions this block    
2026-08-08T12:21:54.074794Z  WARN ThreadId(20) hotstuff_runner::app: Node 0 view(7845) far exceeds block count (1961); potential sync issue    
2026-08-08T12:21:54.253061Z  WARN ThreadId(20) hotstuff_runner::app: Node 0 [produce_block] queue size: 2, attempting up to 2 transactions this block    
2026-08-08T12:21:54.253439Z  WARN ThreadId(20) hotstuff_runner::app: Node 0 view(7849) far exceeds block count (1962); potential sync issue    
2026-08-08T12:21:54.425303Z  WARN ThreadId(20) hotstuff_runner::app: Node 0 [produce_block] queue size: 0, attempting up to 0 transactions this block    
2026-08-08T12:21:54.429455Z  WARN ThreadId(20) hotstuff_runner::app: Node 0 view(7853) far exceeds block count (1963); potential sync issue    
2026-08-08T12:21:54.663767Z  WARN ThreadId(20) hotstuff_runner::app: Node 0 [produce_block] queue size: 4, attempting up to 4 transactions this block    
2026-08-08T12:21:54.664766Z  WARN ThreadId(20) hotstuff_runner::app: Node 0 view(7857) far exceeds block count (1964); potential sync issue    
2026-08-08T12:21:54.864127Z  WARN ThreadId(20) hotstuff_runner::app: Node 0 [produce_block] queue size: 0, attempting up to 0 transactions this block    
2026-08-08T12:21:54.864417Z  WARN ThreadId(20) hotstuff_runner::app: Node 0 view(7861) far exceeds block count (1965); potential sync issue    
2026-08-08T12:21:54.994573Z  WARN ThreadId(20) hotstuff_runner::app: Node 0 [produce_block] queue size: 2, attempting up to 2 transactions this block    
2026-08-08T12:21:54.994820Z  WARN ThreadId(20) hotstuff_runner::app: Node 0 view(7865) far exceeds block count (1966); potential sync issue    
2026-08-08T12:21:55.117729Z  WARN ThreadId(20) hotstuff_runner::app: Node 0 [produce_block] queue size: 2, attempting up to 2 transactions this block    
2026-08-08T12:21:55.118190Z  WARN ThreadId(20) hotstuff_runner::app: Node 0 view(7869) far exceeds block count (1967); potential sync issue    
2026-08-08T12:21:55.167951Z  WARN ThreadId(06) docker_node: Low processing efficiency: 0.0% - system may need tuning
2026-08-08T12:21:55.267807Z  WARN ThreadId(20) hotstuff_runner::app: Node 0 [produce_block] queue size: 0, attempting up to 0 transactions this block    
2026-08-08T12:21:55.268891Z  WARN ThreadId(20) hotstuff_runner::app: Node 0 view(7873) far exceeds block count (1968); potential sync issue    
2026-08-08T12:21:55.423881Z  WARN ThreadId(20) hotstuff_runner::app: Node 0 [produce_block] queue size: 2, attempting up to 2 transactions this block    
2026-08-08T12:21:55.429069Z  WARN ThreadId(20) hotstuff_runner::app: Node 0 view(7877) far exceeds block count (1969); potential sync issue    
2026-08-08T12:21:55.633063Z  WARN ThreadId(20) hotstuff_runner::app: Node 0 [produce_block] queue size: 2, attempting up to 2 transactions this block    
2026-08-08T12:21:55.633536Z  WARN ThreadId(20) hotstuff_runner::app: Node 0 view(7881) far exceeds block count (1970); potential sync issue    
2026-08-08T12:21:55.792950Z  WARN ThreadId(20) hotstuff_runner::app: Node 0 [produce_block] queue size: 2, attempting up to 2 transactions this block    
2026-08-08T12:21:55.793243Z  WARN ThreadId(20) hotstuff_runner::app: Node 0 view(7885) far exceeds block count (1971); potential sync issue    
2026-08-08T12:21:55.920704Z  WARN ThreadId(20) hotstuff_runner::app: Node 0 [produce_block] queue size: 2, attempting up to 2 transactions this block    
2026-08-08T12:21:55.920975Z  WARN ThreadId(20) hotstuff_runner::app: Node 0 view(7889) far exceeds block count (1972); potential sync issue    
2026-08-08T12:21:56.100904Z  WARN ThreadId(20) hotstuff_runner::app: Node 0 [produce_block] queue size: 2, attempting up to 2 transactions this block    
2026-08-08T12:21:56.102998Z  WARN ThreadId(20) hotstuff_runner::app: Node 0 view(7893) far exceeds block count (1973); potential sync issue    
2026-08-08T12:21:56.222893Z  WARN ThreadId(20) hotstuff_runner::app: Node 0 [produce_block] queue size: 0, attempting up to 0 transactions this block    
2026-08-08T12:21:56.223884Z  WARN ThreadId(20) hotstuff_runner::app: Node 0 view(7897) far exceeds block count (1974); potential sync issue    
2026-08-08T12:21:56.459020Z  WARN ThreadId(20) hotstuff_runner::app: Node 0 [produce_block] queue size: 2, attempting up to 2 transactions this block    
2026-08-08T12:21:56.459241Z  WARN ThreadId(20) hotstuff_runner::app: Node 0 view(7901) far exceeds block count (1975); potential sync issue    
2026-08-08T12:21:56.612078Z  WARN ThreadId(20) hotstuff_runner::app: Node 0 [produce_block] queue size: 2, attempting up to 2 transactions this block    
2026-08-08T12:21:56.615568Z  WARN ThreadId(20) hotstuff_runner::app: Node 0 view(7905) far exceeds block count (1976); potential sync issue    
2026-08-08T12:21:56.755833Z  WARN ThreadId(20) hotstuff_runner::app: Node 0 [produce_block] queue size: 2, attempting up to 2 transactions this block    
2026-08-08T12:21:56.756022Z  WARN ThreadId(20) hotstuff_runner::app: Node 0 view(7909) far exceeds block count (1977); potential sync issue    
2026-08-08T12:21:56.948892Z  WARN ThreadId(20) hotstuff_runner::app: Node 0 [produce_block] queue size: 0, attempting up to 0 transactions this block    
2026-08-08T12:21:56.949121Z  WARN ThreadId(20) hotstuff_runner::app: Node 0 view(7913) far exceeds block count (1978); potential sync issue    
2026-08-08T12:21:57.073302Z  WARN ThreadId(20) hotstuff_runner::app: Node 0 [produce_block] queue size: 2, attempting up to 2 transactions this block    
2026-08-08T12:21:57.075819Z  WARN ThreadId(20) hotstuff_runner::app: Node 0 view(7917) far exceeds block count (1979); potential sync issue    
2026-08-08T12:21:57.200413Z  WARN ThreadId(20) hotstuff_runner::app: Node 0 [produce_block] queue size: 2, attempting up to 2 transactions this block    
2026-08-08T12:21:57.200631Z  WARN ThreadId(20) hotstuff_runner::app: Node 0 view(7921) far exceeds block count (1980); potential sync issue    
2026-08-08T12:21:57.297199Z  WARN ThreadId(20) hotstuff_runner::app: Node 0 [produce_block] queue size: 0, attempting up to 0 transactions this block    
2026-08-08T12:21:57.305830Z  WARN ThreadId(20) hotstuff_runner::app: Node 0 view(7925) far exceeds block count (1981); potential sync issue    
2026-08-08T12:21:57.418481Z  WARN ThreadId(20) hotstuff_runner::app: Node 0 [produce_block] queue size: 2, attempting up to 2 transactions this block    
2026-08-08T12:21:57.418909Z  WARN ThreadId(20) hotstuff_runner::app: Node 0 view(7929) far exceeds block count (1982); potential sync issue    
2026-08-08T12:21:57.532182Z  WARN ThreadId(20) hotstuff_runner::app: Node 0 [produce_block] queue size: 0, attempting up to 0 transactions this block    
2026-08-08T12:21:57.532449Z  WARN ThreadId(20) hotstuff_runner::app: Node 0 view(7933) far exceeds block count (1983); potential sync issue    
2026-08-08T12:21:57.650340Z  WARN ThreadId(20) hotstuff_runner::app: Node 0 [produce_block] queue size: 2, attempting up to 2 transactions this block    
2026-08-08T12:21:57.650589Z  WARN ThreadId(20) hotstuff_runner::app: Node 0 view(7937) far exceeds block count (1984); potential sync issue    
2026-08-08T12:21:57.816446Z  WARN ThreadId(20) hotstuff_runner::app: Node 0 [produce_block] queue size: 2, attempting up to 2 transactions this block    
2026-08-08T12:21:57.816777Z  WARN ThreadId(20) hotstuff_runner::app: Node 0 view(7941) far exceeds block count (1985); potential sync issue    
2026-08-08T12:21:57.893628Z  WARN ThreadId(20) hotstuff_runner::app: Node 0 [produce_block] queue size: 0, attempting up to 0 transactions this block    
2026-08-08T12:21:57.894399Z  WARN ThreadId(20) hotstuff_runner::app: Node 0 view(7945) far exceeds block count (1986); potential sync issue    
2026-08-08T12:21:58.054047Z  WARN ThreadId(20) hotstuff_runner::app: Node 0 [produce_block] queue size: 0, attempting up to 0 transactions this block    
2026-08-08T12:21:58.054643Z  WARN ThreadId(20) hotstuff_runner::app: Node 0 view(7949) far exceeds block count (1987); potential sync issue    
2026-08-08T12:21:58.171676Z  WARN ThreadId(20) hotstuff_runner::app: Node 0 [produce_block] queue size: 0, attempting up to 0 transactions this block    
2026-08-08T12:21:58.171938Z  WARN ThreadId(20) hotstuff_runner::app: Node 0 view(7953) far exceeds block count (1988); potential sync issue    
2026-08-08T12:21:58.310587Z  WARN ThreadId(20) hotstuff_runner::app: Node 0 [produce_block] queue size: 0, attempting up to 0 transactions this block    
2026-08-08T12:21:58.313084Z  WARN ThreadId(20) hotstuff_runner::app: Node 0 view(7957) far exceeds block count (1989); potential sync issue    
2026-08-08T12:21:58.411280Z  WARN ThreadId(20) hotstuff_runner::app: Node 0 [produce_block] queue size: 0, attempting up to 0 transactions this block    
2026-08-08T12:21:58.411733Z  WARN ThreadId(20) hotstuff_runner::app: Node 0 view(7961) far exceeds block count (1990); potential sync issue    
2026-08-08T12:21:58.554368Z  WARN ThreadId(20) hotstuff_runner::app: Node 0 [produce_block] queue size: 0, attempting up to 0 transactions this block    
2026-08-08T12:21:58.556431Z  WARN ThreadId(20) hotstuff_runner::app: Node 0 view(7965) far exceeds block count (1991); potential sync issue    
2026-08-08T12:21:58.645216Z  WARN ThreadId(20) hotstuff_runner::app: Node 0 [produce_block] queue size: 0, attempting up to 0 transactions this block    
2026-08-08T12:21:58.651215Z  WARN ThreadId(20) hotstuff_runner::app: Node 0 view(7969) far exceeds block count (1992); potential sync issue    
2026-08-08T12:21:58.876208Z  WARN ThreadId(20) hotstuff_runner::app: Node 0 [produce_block] queue size: 0, attempting up to 0 transactions this block    
2026-08-08T12:21:58.876612Z  WARN ThreadId(20) hotstuff_runner::app: Node 0 view(7973) far exceeds block count (1993); potential sync issue    
2026-08-08T12:21:59.008949Z  WARN ThreadId(20) hotstuff_runner::app: Node 0 [produce_block] queue size: 0, attempting up to 0 transactions this block    
2026-08-08T12:21:59.009158Z  WARN ThreadId(20) hotstuff_runner::app: Node 0 view(7977) far exceeds block count (1994); potential sync issue    
2026-08-08T12:21:59.171785Z  WARN ThreadId(20) hotstuff_runner::app: Node 0 [produce_block] queue size: 0, attempting up to 0 transactions this block    
2026-08-08T12:21:59.172720Z  WARN ThreadId(20) hotstuff_runner::app: Node 0 view(7981) far exceeds block count (1995); potential sync issue    
2026-08-08T12:21:59.381839Z  WARN ThreadId(20) hotstuff_runner::app: Node 0 [produce_block] queue size: 0, attempting up to 0 transactions this block    
2026-08-08T12:21:59.382715Z  WARN ThreadId(20) hotstuff_runner::app: Node 0 view(7985) far exceeds block count (1996); potential sync issue    
2026-08-08T12:21:59.555087Z  WARN ThreadId(20) hotstuff_runner::app: Node 0 [produce_block] queue size: 0, attempting up to 0 transactions this block    
2026-08-08T12:21:59.560338Z  WARN ThreadId(20) hotstuff_runner::app: Node 0 view(7989) far exceeds block count (1997); potential sync issue    
2026-08-08T12:21:59.723606Z  WARN ThreadId(20) hotstuff_runner::app: Node 0 [produce_block] queue size: 0, attempting up to 0 transactions this block    
2026-08-08T12:21:59.724085Z  WARN ThreadId(20) hotstuff_runner::app: Node 0 view(7993) far exceeds block count (1998); potential sync issue    
2026-08-08T12:21:59.829822Z  WARN ThreadId(20) hotstuff_runner::app: Node 0 [produce_block] queue size: 0, attempting up to 0 transactions this block    
2026-08-08T12:21:59.830445Z  WARN ThreadId(20) hotstuff_runner::app: Node 0 view(7997) far exceeds block count (1999); potential sync issue    
2026-08-08T12:21:59.972144Z  WARN ThreadId(20) hotstuff_runner::app: Node 0 [produce_block] queue size: 0, attempting up to 0 transactions this block    
2026-08-08T12:21:59.976023Z  WARN ThreadId(20) hotstuff_runner::app: Node 0 view(8001) far exceeds block count (2000); potential sync issue    
2026-08-08T12:22:00.136079Z  WARN ThreadId(20) hotstuff_runner::app: Node 0 [produce_block] queue size: 0, attempting up to 0 transactions this block    
2026-08-08T12:22:00.136320Z  WARN ThreadId(20) hotstuff_runner::app: Node 0 view(8005) far exceeds block count (2001); potential sync issue    
2026-08-08T12:22:00.167941Z  WARN ThreadId(07) docker_node: Low processing efficiency: 0.0% - system may need tuning
2026-08-08T12:22:00.243463Z  WARN ThreadId(20) hotstuff_runner::app: Node 0 [produce_block] queue size: 0, attempting up to 0 transactions this block    
2026-08-08T12:22:00.243590Z  WARN ThreadId(20) hotstuff_runner::app: Node 0 view(8009) far exceeds block count (2002); potential sync issue    
2026-08-08T12:22:00.457897Z  WARN ThreadId(20) hotstuff_runner::app: Node 0 [produce_block] queue size: 0, attempting up to 0 transactions this block    
2026-08-08T12:22:00.461717Z  WARN ThreadId(20) hotstuff_runner::app: Node 0 view(8013) far exceeds block count (2003); potential sync issue    
2026-08-08T12:22:00.650294Z  WARN ThreadId(20) hotstuff_runner::app: Node 0 [produce_block] queue size: 0, attempting up to 0 transactions this block    
2026-08-08T12:22:00.650779Z  WARN ThreadId(20) hotstuff_runner::app: Node 0 view(8017) far exceeds block count (2004); potential sync issue    
2026-08-08T12:22:00.800396Z  WARN ThreadId(20) hotstuff_runner::app: Node 0 [produce_block] queue size: 0, attempting up to 0 transactions this block    
2026-08-08T12:22:00.800834Z  WARN ThreadId(20) hotstuff_runner::app: Node 0 view(8021) far exceeds block count (2005); potential sync issue    
2026-08-08T12:22:00.971457Z  WARN ThreadId(20) hotstuff_runner::app: Node 0 [produce_block] queue size: 0, attempting up to 0 transactions this block    
2026-08-08T12:22:00.976241Z  WARN ThreadId(20) hotstuff_runner::app: Node 0 view(8025) far exceeds block count (2006); potential sync issue    
2026-08-08T12:22:01.211416Z  WARN ThreadId(20) hotstuff_runner::app: Node 0 [produce_block] queue size: 0, attempting up to 0 transactions this block    
2026-08-08T12:22:01.211688Z  WARN ThreadId(20) hotstuff_runner::app: Node 0 view(8029) far exceeds block count (2007); potential sync issue    
2026-08-08T12:22:01.437657Z  WARN ThreadId(20) hotstuff_runner::app: Node 0 [produce_block] queue size: 0, attempting up to 0 transactions this block    
2026-08-08T12:22:01.440469Z  WARN ThreadId(20) hotstuff_runner::app: Node 0 view(8033) far exceeds block count (2008); potential sync issue    
2026-08-08T12:22:01.662106Z  WARN ThreadId(20) hotstuff_runner::app: Node 0 [produce_block] queue size: 0, attempting up to 0 transactions this block    
2026-08-08T12:22:01.662893Z  WARN ThreadId(20) hotstuff_runner::app: Node 0 view(8037) far exceeds block count (2009); potential sync issue    
2026-08-08T12:22:01.927266Z  WARN ThreadId(20) hotstuff_runner::app: Node 0 [produce_block] queue size: 0, attempting up to 0 transactions this block    
2026-08-08T12:22:01.929043Z  WARN ThreadId(20) hotstuff_runner::app: Node 0 view(8041) far exceeds block count (2010); potential sync issue    
2026-08-08T12:22:02.168676Z  WARN ThreadId(20) hotstuff_runner::app: Node 0 [produce_block] queue size: 0, attempting up to 0 transactions this block    
2026-08-08T12:22:02.170302Z  WARN ThreadId(20) hotstuff_runner::app: Node 0 view(8045) far exceeds block count (2011); potential sync issue    
2026-08-08T12:22:02.303713Z  WARN ThreadId(20) hotstuff_runner::app: Node 0 [produce_block] queue size: 0, attempting up to 0 transactions this block    
2026-08-08T12:22:02.306173Z  WARN ThreadId(20) hotstuff_runner::app: Node 0 view(8049) far exceeds block count (2012); potential sync issue    
2026-08-08T12:22:02.558944Z  WARN ThreadId(20) hotstuff_runner::app: Node 0 [produce_block] queue size: 0, attempting up to 0 transactions this block    
2026-08-08T12:22:02.569129Z  WARN ThreadId(20) hotstuff_runner::app: Node 0 view(8053) far exceeds block count (2013); potential sync issue    
2026-08-08T12:22:02.761399Z  WARN ThreadId(20) hotstuff_runner::app: Node 0 [produce_block] queue size: 0, attempting up to 0 transactions this block    
2026-08-08T12:22:02.761764Z  WARN ThreadId(20) hotstuff_runner::app: Node 0 view(8057) far exceeds block count (2014); potential sync issue    
2026-08-08T12:22:03.048028Z  WARN ThreadId(20) hotstuff_runner::app: Node 0 [produce_block] queue size: 0, attempting up to 0 transactions this block    
2026-08-08T12:22:03.051853Z  WARN ThreadId(20) hotstuff_runner::app: Node 0 view(8061) far exceeds block count (2015); potential sync issue    
2026-08-08T12:22:03.260313Z  WARN ThreadId(20) hotstuff_runner::app: Node 0 [produce_block] queue size: 0, attempting up to 0 transactions this block    
2026-08-08T12:22:03.262402Z  WARN ThreadId(20) hotstuff_runner::app: Node 0 view(8065) far exceeds block count (2016); potential sync issue    
2026-08-08T12:22:03.379183Z  WARN ThreadId(20) hotstuff_runner::app: Node 0 [produce_block] queue size: 0, attempting up to 0 transactions this block    
2026-08-08T12:22:03.381632Z  WARN ThreadId(20) hotstuff_runner::app: Node 0 view(8069) far exceeds block count (2017); potential sync issue    
2026-08-08T12:22:03.589757Z  WARN ThreadId(20) hotstuff_runner::app: Node 0 [produce_block] queue size: 0, attempting up to 0 transactions this block    
2026-08-08T12:22:03.589873Z  WARN ThreadId(20) hotstuff_runner::app: Node 0 view(8073) far exceeds block count (2018); potential sync issue    
2026-08-08T12:22:03.694917Z  WARN ThreadId(20) hotstuff_runner::app: Node 0 [produce_block] queue size: 0, attempting up to 0 transactions this block    
2026-08-08T12:22:03.696644Z  WARN ThreadId(20) hotstuff_runner::app: Node 0 view(8077) far exceeds block count (2019); potential sync issue    
2026-08-08T12:22:03.870590Z  WARN ThreadId(20) hotstuff_runner::app: Node 0 [produce_block] queue size: 0, attempting up to 0 transactions this block    
2026-08-08T12:22:03.871958Z  WARN ThreadId(20) hotstuff_runner::app: Node 0 view(8081) far exceeds block count (2020); potential sync issue    
2026-08-08T12:22:03.981315Z  WARN ThreadId(20) hotstuff_runner::app: Node 0 [produce_block] queue size: 0, attempting up to 0 transactions this block    
2026-08-08T12:22:03.983963Z  WARN ThreadId(20) hotstuff_runner::app: Node 0 view(8085) far exceeds block count (2021); potential sync issue    
2026-08-08T12:22:04.149753Z  WARN ThreadId(20) hotstuff_runner::app: Node 0 [produce_block] queue size: 0, attempting up to 0 transactions this block    
2026-08-08T12:22:04.153012Z  WARN ThreadId(20) hotstuff_runner::app: Node 0 view(8089) far exceeds block count (2022); potential sync issue    
2026-08-08T12:22:04.261939Z  WARN ThreadId(20) hotstuff_runner::app: Node 0 [produce_block] queue size: 0, attempting up to 0 transactions this block    
2026-08-08T12:22:04.262107Z  WARN ThreadId(20) hotstuff_runner::app: Node 0 view(8093) far exceeds block count (2023); potential sync issue    
2026-08-08T12:22:04.425498Z  WARN ThreadId(20) hotstuff_runner::app: Node 0 [produce_block] queue size: 0, attempting up to 0 transactions this block    
2026-08-08T12:22:04.426102Z  WARN ThreadId(20) hotstuff_runner::app: Node 0 view(8097) far exceeds block count (2024); potential sync issue    
2026-08-08T12:22:04.513438Z  WARN ThreadId(20) hotstuff_runner::app: Node 0 [produce_block] queue size: 0, attempting up to 0 transactions this block    
2026-08-08T12:22:04.513730Z  WARN ThreadId(20) hotstuff_runner::app: Node 0 view(8101) far exceeds block count (2025); potential sync issue    
2026-08-08T12:22:04.628663Z  WARN ThreadId(20) hotstuff_runner::app: Node 0 [produce_block] queue size: 0, attempting up to 0 transactions this block    
2026-08-08T12:22:04.636159Z  WARN ThreadId(20) hotstuff_runner::app: Node 0 view(8105) far exceeds block count (2026); potential sync issue    
2026-08-08T12:22:04.790448Z  WARN ThreadId(20) hotstuff_runner::app: Node 0 [produce_block] queue size: 0, attempting up to 0 transactions this block    
2026-08-08T12:22:04.790669Z  WARN ThreadId(20) hotstuff_runner::app: Node 0 view(8109) far exceeds block count (2027); potential sync issue    
2026-08-08T12:22:04.915584Z  WARN ThreadId(20) hotstuff_runner::app: Node 0 [produce_block] queue size: 0, attempting up to 0 transactions this block    
2026-08-08T12:22:04.915937Z  WARN ThreadId(20) hotstuff_runner::app: Node 0 view(8113) far exceeds block count (2028); potential sync issue    
2026-08-08T12:22:05.041800Z  WARN ThreadId(20) hotstuff_runner::app: Node 0 [produce_block] queue size: 0, attempting up to 0 transactions this block    
2026-08-08T12:22:05.041970Z  WARN ThreadId(20) hotstuff_runner::app: Node 0 view(8117) far exceeds block count (2029); potential sync issue    
2026-08-08T12:22:05.166740Z  WARN ThreadId(20) hotstuff_runner::app: Node 0 [produce_block] queue size: 0, attempting up to 0 transactions this block    
2026-08-08T12:22:05.170839Z  WARN ThreadId(07) docker_node: Low processing efficiency: 0.0% - system may need tuning
2026-08-08T12:22:05.173889Z  WARN ThreadId(20) hotstuff_runner::app: Node 0 view(8121) far exceeds block count (2030); potential sync issue    
2026-08-08T12:22:05.368560Z  WARN ThreadId(20) hotstuff_runner::app: Node 0 [produce_block] queue size: 0, attempting up to 0 transactions this block    
2026-08-08T12:22:05.371138Z  WARN ThreadId(20) hotstuff_runner::app: Node 0 view(8125) far exceeds block count (2031); potential sync issue    
2026-08-08T12:22:05.470566Z  WARN ThreadId(20) hotstuff_runner::app: Node 0 [produce_block] queue size: 0, attempting up to 0 transactions this block    
2026-08-08T12:22:05.479975Z  WARN ThreadId(20) hotstuff_runner::app: Node 0 view(8129) far exceeds block count (2032); potential sync issue    
2026-08-08T12:22:05.655296Z  WARN ThreadId(20) hotstuff_runner::app: Node 0 [produce_block] queue size: 0, attempting up to 0 transactions this block    
2026-08-08T12:22:05.657928Z  WARN ThreadId(20) hotstuff_runner::app: Node 0 view(8133) far exceeds block count (2033); potential sync issue    
2026-08-08T12:22:05.784250Z  WARN ThreadId(20) hotstuff_runner::app: Node 0 [produce_block] queue size: 0, attempting up to 0 transactions this block    
2026-08-08T12:22:05.787012Z  WARN ThreadId(20) hotstuff_runner::app: Node 0 view(8137) far exceeds block count (2034); potential sync issue    
2026-08-08T12:22:05.933576Z  WARN ThreadId(20) hotstuff_runner::app: Node 0 [produce_block] queue size: 0, attempting up to 0 transactions this block    
2026-08-08T12:22:05.935072Z  WARN ThreadId(20) hotstuff_runner::app: Node 0 view(8141) far exceeds block count (2035); potential sync issue    
2026-08-08T12:22:06.090698Z  WARN ThreadId(20) hotstuff_runner::app: Node 0 [produce_block] queue size: 0, attempting up to 0 transactions this block    
2026-08-08T12:22:06.098489Z  WARN ThreadId(20) hotstuff_runner::app: Node 0 view(8145) far exceeds block count (2036); potential sync issue    
2026-08-08T12:22:06.215543Z  WARN ThreadId(20) hotstuff_runner::app: Node 0 [produce_block] queue size: 0, attempting up to 0 transactions this block    
2026-08-08T12:22:06.216236Z  WARN ThreadId(20) hotstuff_runner::app: Node 0 view(8149) far exceeds block count (2037); potential sync issue    
2026-08-08T12:22:06.294707Z  WARN ThreadId(20) hotstuff_runner::app: Node 0 [produce_block] queue size: 0, attempting up to 0 transactions this block    
2026-08-08T12:22:06.294880Z  WARN ThreadId(20) hotstuff_runner::app: Node 0 view(8153) far exceeds block count (2038); potential sync issue    
2026-08-08T12:22:06.455147Z  WARN ThreadId(20) hotstuff_runner::app: Node 0 [produce_block] queue size: 0, attempting up to 0 transactions this block    
2026-08-08T12:22:06.456405Z  WARN ThreadId(20) hotstuff_runner::app: Node 0 view(8157) far exceeds block count (2039); potential sync issue    
2026-08-08T12:22:06.595793Z  WARN ThreadId(20) hotstuff_runner::app: Node 0 [produce_block] queue size: 0, attempting up to 0 transactions this block    
2026-08-08T12:22:06.604460Z  WARN ThreadId(20) hotstuff_runner::app: Node 0 view(8161) far exceeds block count (2040); potential sync issue    
2026-08-08T12:22:06.796844Z  WARN ThreadId(20) hotstuff_runner::app: Node 0 [produce_block] queue size: 0, attempting up to 0 transactions this block    
2026-08-08T12:22:06.797376Z  WARN ThreadId(20) hotstuff_runner::app: Node 0 view(8165) far exceeds block count (2041); potential sync issue    
2026-08-08T12:22:06.943529Z  WARN ThreadId(20) hotstuff_runner::app: Node 0 [produce_block] queue size: 0, attempting up to 0 transactions this block    
2026-08-08T12:22:06.943789Z  WARN ThreadId(20) hotstuff_runner::app: Node 0 view(8169) far exceeds block count (2042); potential sync issue    
2026-08-08T12:22:07.153243Z  WARN ThreadId(20) hotstuff_runner::app: Node 0 [produce_block] queue size: 0, attempting up to 0 transactions this block    
2026-08-08T12:22:07.156169Z  WARN ThreadId(20) hotstuff_runner::app: Node 0 view(8173) far exceeds block count (2043); potential sync issue    
2026-08-08T12:22:07.227043Z  WARN ThreadId(20) hotstuff_runner::app: Node 0 [produce_block] queue size: 0, attempting up to 0 transactions this block    
2026-08-08T12:22:07.227929Z  WARN ThreadId(20) hotstuff_runner::app: Node 0 view(8177) far exceeds block count (2044); potential sync issue    
2026-08-08T12:22:07.352871Z  WARN ThreadId(20) hotstuff_runner::app: Node 0 [produce_block] queue size: 0, attempting up to 0 transactions this block    
2026-08-08T12:22:07.354725Z  WARN ThreadId(20) hotstuff_runner::app: Node 0 view(8181) far exceeds block count (2045); potential sync issue    
2026-08-08T12:22:07.482096Z  WARN ThreadId(20) hotstuff_runner::app: Node 0 [produce_block] queue size: 0, attempting up to 0 transactions this block    
2026-08-08T12:22:07.482769Z  WARN ThreadId(20) hotstuff_runner::app: Node 0 view(8185) far exceeds block count (2046); potential sync issue    
2026-08-08T12:22:07.648983Z  WARN ThreadId(20) hotstuff_runner::app: Node 0 [produce_block] queue size: 0, attempting up to 0 transactions this block    
2026-08-08T12:22:07.649923Z  WARN ThreadId(20) hotstuff_runner::app: Node 0 view(8189) far exceeds block count (2047); potential sync issue    
2026-08-08T12:22:07.772951Z  WARN ThreadId(20) hotstuff_runner::app: Node 0 [produce_block] queue size: 0, attempting up to 0 transactions this block    
2026-08-08T12:22:07.775966Z  WARN ThreadId(20) hotstuff_runner::app: Node 0 view(8193) far exceeds block count (2048); potential sync issue    
2026-08-08T12:22:07.867882Z  WARN ThreadId(20) hotstuff_runner::app: Node 0 [produce_block] queue size: 0, attempting up to 0 transactions this block    
2026-08-08T12:22:07.869140Z  WARN ThreadId(20) hotstuff_runner::app: Node 0 view(8197) far exceeds block count (2049); potential sync issue    
2026-08-08T12:22:08.006553Z  WARN ThreadId(20) hotstuff_runner::app: Node 0 [produce_block] queue size: 0, attempting up to 0 transactions this block    
2026-08-08T12:22:08.006659Z  WARN ThreadId(20) hotstuff_runner::app: Node 0 view(8201) far exceeds block count (2050); potential sync issue    
2026-08-08T12:22:08.147154Z  WARN ThreadId(20) hotstuff_runner::app: Node 0 [produce_block] queue size: 0, attempting up to 0 transactions this block    
2026-08-08T12:22:08.148132Z  WARN ThreadId(20) hotstuff_runner::app: Node 0 view(8205) far exceeds block count (2051); potential sync issue    
2026-08-08T12:22:08.276189Z  WARN ThreadId(20) hotstuff_runner::app: Node 0 [produce_block] queue size: 0, attempting up to 0 transactions this block    
2026-08-08T12:22:08.279160Z  WARN ThreadId(20) hotstuff_runner::app: Node 0 view(8209) far exceeds block count (2052); potential sync issue    
2026-08-08T12:22:08.457074Z  WARN ThreadId(20) hotstuff_runner::app: Node 0 [produce_block] queue size: 0, attempting up to 0 transactions this block    
2026-08-08T12:22:08.465299Z  WARN ThreadId(20) hotstuff_runner::app: Node 0 view(8213) far exceeds block count (2053); potential sync issue    
2026-08-08T12:22:08.597470Z  WARN ThreadId(20) hotstuff_runner::app: Node 0 [produce_block] queue size: 0, attempting up to 0 transactions this block    
2026-08-08T12:22:08.599354Z  WARN ThreadId(20) hotstuff_runner::app: Node 0 view(8217) far exceeds block count (2054); potential sync issue    
2026-08-08T12:22:08.844232Z  WARN ThreadId(20) hotstuff_runner::app: Node 0 [produce_block] queue size: 0, attempting up to 0 transactions this block    
2026-08-08T12:22:08.846962Z  WARN ThreadId(20) hotstuff_runner::app: Node 0 view(8221) far exceeds block count (2055); potential sync issue    
2026-08-08T12:22:08.930444Z  WARN ThreadId(20) hotstuff_runner::app: Node 0 [produce_block] queue size: 0, attempting up to 0 transactions this block    
2026-08-08T12:22:08.932680Z  WARN ThreadId(20) hotstuff_runner::app: Node 0 view(8225) far exceeds block count (2056); potential sync issue    
2026-08-08T12:22:09.153444Z  WARN ThreadId(20) hotstuff_runner::app: Node 0 [produce_block] queue size: 0, attempting up to 0 transactions this block    
2026-08-08T12:22:09.154888Z  WARN ThreadId(20) hotstuff_runner::app: Node 0 view(8229) far exceeds block count (2057); potential sync issue    
2026-08-08T12:22:09.399895Z  WARN ThreadId(20) hotstuff_runner::app: Node 0 [produce_block] queue size: 0, attempting up to 0 transactions this block    
2026-08-08T12:22:09.400623Z  WARN ThreadId(20) hotstuff_runner::app: Node 0 view(8233) far exceeds block count (2058); potential sync issue    
2026-08-08T12:22:09.535542Z  WARN ThreadId(20) hotstuff_runner::app: Node 0 [produce_block] queue size: 0, attempting up to 0 transactions this block    
2026-08-08T12:22:09.536898Z  WARN ThreadId(20) hotstuff_runner::app: Node 0 view(8237) far exceeds block count (2059); potential sync issue    
2026-08-08T12:22:09.646776Z  WARN ThreadId(20) hotstuff_runner::app: Node 0 [produce_block] queue size: 0, attempting up to 0 transactions this block    
2026-08-08T12:22:09.647033Z  WARN ThreadId(20) hotstuff_runner::app: Node 0 view(8241) far exceeds block count (2060); potential sync issue    
2026-08-08T12:22:09.752713Z  WARN ThreadId(20) hotstuff_runner::app: Node 0 [produce_block] queue size: 0, attempting up to 0 transactions this block    
2026-08-08T12:22:09.753147Z  WARN ThreadId(20) hotstuff_runner::app: Node 0 view(8245) far exceeds block count (2061); potential sync issue    
2026-08-08T12:22:09.855915Z  WARN ThreadId(20) hotstuff_runner::app: Node 0 [produce_block] queue size: 0, attempting up to 0 transactions this block    
2026-08-08T12:22:09.857892Z  WARN ThreadId(20) hotstuff_runner::app: Node 0 view(8249) far exceeds block count (2062); potential sync issue    
2026-08-08T12:22:09.966921Z  WARN ThreadId(20) hotstuff_runner::app: Node 0 [produce_block] queue size: 0, attempting up to 0 transactions this block    
2026-08-08T12:22:09.969623Z  WARN ThreadId(20) hotstuff_runner::app: Node 0 view(8253) far exceeds block count (2063); potential sync issue    
2026-08-08T12:22:10.167938Z  WARN ThreadId(05) docker_node: Low processing efficiency: 0.0% - system may need tuning
2026-08-08T12:22:10.232655Z  WARN ThreadId(20) hotstuff_runner::app: Node 0 [produce_block] queue size: 0, attempting up to 0 transactions this block    
2026-08-08T12:22:10.235471Z  WARN ThreadId(20) hotstuff_runner::app: Node 0 view(8257) far exceeds block count (2064); potential sync issue    
2026-08-08T12:22:10.383370Z  WARN ThreadId(20) hotstuff_runner::app: Node 0 [produce_block] queue size: 0, attempting up to 0 transactions this block    
2026-08-08T12:22:10.385121Z  WARN ThreadId(20) hotstuff_runner::app: Node 0 view(8261) far exceeds block count (2065); potential sync issue    
2026-08-08T12:22:10.570714Z  WARN ThreadId(20) hotstuff_runner::app: Node 0 [produce_block] queue size: 0, attempting up to 0 transactions this block    
2026-08-08T12:22:10.572683Z  WARN ThreadId(20) hotstuff_runner::app: Node 0 view(8265) far exceeds block count (2066); potential sync issue    
2026-08-08T12:22:10.723295Z  WARN ThreadId(20) hotstuff_runner::app: Node 0 [produce_block] queue size: 0, attempting up to 0 transactions this block    
2026-08-08T12:22:10.725356Z  WARN ThreadId(20) hotstuff_runner::app: Node 0 view(8269) far exceeds block count (2067); potential sync issue    
2026-08-08T12:22:10.837880Z  WARN ThreadId(20) hotstuff_runner::app: Node 0 [produce_block] queue size: 0, attempting up to 0 transactions this block    
2026-08-08T12:22:10.841511Z  WARN ThreadId(20) hotstuff_runner::app: Node 0 view(8273) far exceeds block count (2068); potential sync issue    
2026-08-08T12:22:10.981959Z  WARN ThreadId(20) hotstuff_runner::app: Node 0 [produce_block] queue size: 0, attempting up to 0 transactions this block    
2026-08-08T12:22:10.984118Z  WARN ThreadId(20) hotstuff_runner::app: Node 0 view(8277) far exceeds block count (2069); potential sync issue    
2026-08-08T12:22:11.076882Z  WARN ThreadId(20) hotstuff_runner::app: Node 0 [produce_block] queue size: 0, attempting up to 0 transactions this block    
2026-08-08T12:22:11.077630Z  WARN ThreadId(20) hotstuff_runner::app: Node 0 view(8281) far exceeds block count (2070); potential sync issue    
2026-08-08T12:22:11.247607Z  WARN ThreadId(20) hotstuff_runner::app: Node 0 [produce_block] queue size: 0, attempting up to 0 transactions this block    
2026-08-08T12:22:11.249902Z  WARN ThreadId(20) hotstuff_runner::app: Node 0 view(8285) far exceeds block count (2071); potential sync issue    
2026-08-08T12:22:11.387877Z  WARN ThreadId(20) hotstuff_runner::app: Node 0 [produce_block] queue size: 0, attempting up to 0 transactions this block    
2026-08-08T12:22:11.390901Z  WARN ThreadId(20) hotstuff_runner::app: Node 0 view(8289) far exceeds block count (2072); potential sync issue    
2026-08-08T12:22:11.473202Z  WARN ThreadId(20) hotstuff_runner::app: Node 0 [produce_block] queue size: 0, attempting up to 0 transactions this block    
2026-08-08T12:22:11.473522Z  WARN ThreadId(20) hotstuff_runner::app: Node 0 view(8293) far exceeds block count (2073); potential sync issue    
2026-08-08T12:22:11.608075Z  WARN ThreadId(20) hotstuff_runner::app: Node 0 [produce_block] queue size: 0, attempting up to 0 transactions this block    
2026-08-08T12:22:11.611383Z  WARN ThreadId(20) hotstuff_runner::app: Node 0 view(8297) far exceeds block count (2074); potential sync issue    
2026-08-08T12:22:11.688746Z  WARN ThreadId(20) hotstuff_runner::app: Node 0 [produce_block] queue size: 0, attempting up to 0 transactions this block    
2026-08-08T12:22:11.696362Z  WARN ThreadId(20) hotstuff_runner::app: Node 0 view(8301) far exceeds block count (2075); potential sync issue    
2026-08-08T12:22:11.803598Z  WARN ThreadId(20) hotstuff_runner::app: Node 0 [produce_block] queue size: 0, attempting up to 0 transactions this block    
2026-08-08T12:22:11.806171Z  WARN ThreadId(20) hotstuff_runner::app: Node 0 view(8305) far exceeds block count (2076); potential sync issue    
2026-08-08T12:22:11.907754Z  WARN ThreadId(20) hotstuff_runner::app: Node 0 [produce_block] queue size: 0, attempting up to 0 transactions this block    
2026-08-08T12:22:11.907896Z  WARN ThreadId(20) hotstuff_runner::app: Node 0 view(8309) far exceeds block count (2077); potential sync issue    
