2026-08-10T05:30:21.670744Z  WARN ThreadId(01) docker_node: HOTSTUFF_NODE_LEAST_ID=0, HOTSTUFF_NODE_NUM=4
2026-08-10T05:30:21.671470Z  WARN ThreadId(01) docker_node: metrics exporter disabled by SMROL_DISABLE_METRICS
2026-08-10T05:30:41.887479Z  WARN ThreadId(01) hotstuff_runner::tcp_node: Node 2 view timeout set to 500 ms
2026-08-10T05:30:41.894435Z  WARN ThreadId(01) hotstuff_runner::smrol::sequencing: SMROL_MEDIAN_INFLIGHT=3, SMROL_ORDER_FINALIZE_INFLIGHT=3, SMROL_FINAL_SIGN_INFLIGHT=3, SMROL_FINAL_VERIFY_INFLIGHT=3
2026-08-10T05:30:41.897533Z  WARN ThreadId(01) hotstuff_runner::smrol::sequencing: [Sequencing] Node 2 multi-signature verification disabled: false
2026-08-10T05:30:41.894809Z ERROR ThreadId(22) hotstuff_runner::pompe_network: Node 2 failed to connect to node 0: Connection refused (os error 111)
2026-08-10T05:30:41.897804Z  WARN ThreadId(02) hotstuff_runner::smrol::sequencing: [Sequencing] Node 2 final verify dispatcher started
2026-08-10T05:30:41.899199Z ERROR ThreadId(23) hotstuff_runner::pompe_network: Node 2 failed to connect to node 3: Connection refused (os error 111)
2026-08-10T05:30:41.900777Z  WARN ThreadId(07) docker_node:   Connection reuse ineffective (2.0 msg/conn)
2026-08-10T05:30:42.389520Z  WARN ThreadId(21) hotstuff_runner::tcp_node: Node 2 view 0 timed out; latency may accumulate
2026-08-10T05:30:42.431205Z  WARN ThreadId(20) hotstuff_runner::app: Node 2 [produce_block] queue size: 0, attempting up to 0 transactions this block    
2026-08-10T05:30:42.479620Z  WARN ThreadId(20) hotstuff_runner::app: Node 2 [produce_block] queue size: 0, attempting up to 0 transactions this block    
2026-08-10T05:30:42.522681Z  WARN ThreadId(20) hotstuff_runner::app: Node 2 [produce_block] queue size: 0, attempting up to 0 transactions this block    
2026-08-10T05:30:42.565537Z  WARN ThreadId(20) hotstuff_runner::app: Node 2 [produce_block] queue size: 0, attempting up to 0 transactions this block    
2026-08-10T05:30:42.625109Z  WARN ThreadId(20) hotstuff_runner::app: Node 2 [produce_block] queue size: 0, attempting up to 0 transactions this block    
2026-08-10T05:30:42.649998Z  WARN ThreadId(20) hotstuff_runner::app: Node 2 [produce_block] queue size: 0, attempting up to 0 transactions this block    
2026-08-10T05:30:42.699828Z  WARN ThreadId(20) hotstuff_runner::app: Node 2 [produce_block] queue size: 0, attempting up to 0 transactions this block    
2026-08-10T05:30:42.742721Z  WARN ThreadId(20) hotstuff_runner::app: Node 2 [produce_block] queue size: 0, attempting up to 0 transactions this block    
2026-08-10T05:30:42.784361Z  WARN ThreadId(20) hotstuff_runner::app: Node 2 [produce_block] queue size: 0, attempting up to 0 transactions this block    
2026-08-10T05:30:42.815125Z  WARN ThreadId(20) hotstuff_runner::app: Node 2 [produce_block] queue size: 0, attempting up to 0 transactions this block    
2026-08-10T05:30:42.845355Z  WARN ThreadId(20) hotstuff_runner::app: Node 2 [produce_block] queue size: 0, attempting up to 0 transactions this block    
2026-08-10T05:30:42.878133Z  WARN ThreadId(20) hotstuff_runner::app: Node 2 [produce_block] queue size: 0, attempting up to 0 transactions this block    
2026-08-10T05:30:42.909229Z  WARN ThreadId(20) hotstuff_runner::app: Node 2 [produce_block] queue size: 0, attempting up to 0 transactions this block    
2026-08-10T05:30:42.943542Z  WARN ThreadId(20) hotstuff_runner::app: Node 2 [produce_block] queue size: 0, attempting up to 0 transactions this block    
2026-08-10T05:30:42.976390Z  WARN ThreadId(20) hotstuff_runner::app: Node 2 [produce_block] queue size: 0, attempting up to 0 transactions this block    
2026-08-10T05:30:43.003652Z  WARN ThreadId(20) hotstuff_runner::app: Node 2 [produce_block] queue size: 0, attempting up to 0 transactions this block    
2026-08-10T05:30:43.063088Z  WARN ThreadId(20) hotstuff_runner::app: Node 2 [produce_block] queue size: 0, attempting up to 0 transactions this block    
2026-08-10T05:30:43.128386Z  WARN ThreadId(20) hotstuff_runner::app: Node 2 [produce_block] queue size: 0, attempting up to 0 transactions this block    
2026-08-10T05:30:43.177618Z  WARN ThreadId(20) hotstuff_runner::app: Node 2 [produce_block] queue size: 0, attempting up to 0 transactions this block    
2026-08-10T05:30:43.207813Z  WARN ThreadId(20) hotstuff_runner::app: Node 2 [produce_block] queue size: 0, attempting up to 0 transactions this block    
2026-08-10T05:30:43.254451Z  WARN ThreadId(20) hotstuff_runner::app: Node 2 [produce_block] queue size: 0, attempting up to 0 transactions this block    
2026-08-10T05:30:43.305334Z  WARN ThreadId(20) hotstuff_runner::app: Node 2 [produce_block] queue size: 0, attempting up to 0 transactions this block    
2026-08-10T05:30:43.349648Z  WARN ThreadId(20) hotstuff_runner::app: Node 2 [produce_block] queue size: 0, attempting up to 0 transactions this block    
2026-08-10T05:30:43.385616Z  WARN ThreadId(20) hotstuff_runner::app: Node 2 [produce_block] queue size: 0, attempting up to 0 transactions this block    
2026-08-10T05:30:43.423552Z  WARN ThreadId(20) hotstuff_runner::app: Node 2 [produce_block] queue size: 0, attempting up to 0 transactions this block    
2026-08-10T05:30:43.460016Z  WARN ThreadId(20) hotstuff_runner::app: Node 2 [produce_block] queue size: 0, attempting up to 0 transactions this block    
2026-08-10T05:30:43.495141Z  WARN ThreadId(20) hotstuff_runner::app: Node 2 [produce_block] queue size: 0, attempting up to 0 transactions this block    
2026-08-10T05:30:43.528162Z  WARN ThreadId(20) hotstuff_runner::app: Node 2 [produce_block] queue size: 0, attempting up to 0 transactions this block    
2026-08-10T05:30:43.561393Z  WARN ThreadId(20) hotstuff_runner::app: Node 2 [produce_block] queue size: 0, attempting up to 0 transactions this block    
2026-08-10T05:30:43.588720Z  WARN ThreadId(20) hotstuff_runner::app: Node 2 [produce_block] queue size: 0, attempting up to 0 transactions this block    
2026-08-10T05:30:43.616697Z  WARN ThreadId(20) hotstuff_runner::app: Node 2 [produce_block] queue size: 0, attempting up to 0 transactions this block    
2026-08-10T05:30:43.643603Z  WARN ThreadId(20) hotstuff_runner::app: Node 2 [produce_block] queue size: 0, attempting up to 0 transactions this block    
2026-08-10T05:30:43.676094Z  WARN ThreadId(20) hotstuff_runner::app: Node 2 [produce_block] queue size: 0, attempting up to 0 transactions this block    
2026-08-10T05:30:43.707382Z  WARN ThreadId(20) hotstuff_runner::app: Node 2 [produce_block] queue size: 0, attempting up to 0 transactions this block    
2026-08-10T05:30:43.708182Z  WARN ThreadId(20) hotstuff_runner::app: Node 2 view(135) far exceeds block count (33); potential sync issue    
2026-08-10T05:30:43.741012Z  WARN ThreadId(20) hotstuff_runner::app: Node 2 [produce_block] queue size: 0, attempting up to 0 transactions this block    
2026-08-10T05:30:43.743755Z  WARN ThreadId(20) hotstuff_runner::app: Node 2 view(139) far exceeds block count (34); potential sync issue    
2026-08-10T05:30:43.773565Z  WARN ThreadId(20) hotstuff_runner::app: Node 2 [produce_block] queue size: 0, attempting up to 0 transactions this block    
2026-08-10T05:30:43.776649Z  WARN ThreadId(20) hotstuff_runner::app: Node 2 view(143) far exceeds block count (35); potential sync issue    
2026-08-10T05:30:43.808366Z  WARN ThreadId(20) hotstuff_runner::app: Node 2 [produce_block] queue size: 0, attempting up to 0 transactions this block    
2026-08-10T05:30:43.809019Z  WARN ThreadId(20) hotstuff_runner::app: Node 2 view(147) far exceeds block count (36); potential sync issue    
2026-08-10T05:30:43.841209Z  WARN ThreadId(20) hotstuff_runner::app: Node 2 [produce_block] queue size: 0, attempting up to 0 transactions this block    
2026-08-10T05:30:43.842927Z  WARN ThreadId(20) hotstuff_runner::app: Node 2 view(151) far exceeds block count (37); potential sync issue    
2026-08-10T05:30:43.877541Z  WARN ThreadId(20) hotstuff_runner::app: Node 2 [produce_block] queue size: 0, attempting up to 0 transactions this block    
2026-08-10T05:30:43.881352Z  WARN ThreadId(20) hotstuff_runner::app: Node 2 view(155) far exceeds block count (38); potential sync issue    
2026-08-10T05:30:43.987153Z  WARN ThreadId(20) hotstuff_runner::app: Node 2 [produce_block] queue size: 0, attempting up to 0 transactions this block    
2026-08-10T05:30:43.987650Z  WARN ThreadId(20) hotstuff_runner::app: Node 2 view(159) far exceeds block count (39); potential sync issue    
2026-08-10T05:30:44.023440Z  WARN ThreadId(20) hotstuff_runner::app: Node 2 [produce_block] queue size: 0, attempting up to 0 transactions this block    
2026-08-10T05:30:44.024303Z  WARN ThreadId(20) hotstuff_runner::app: Node 2 view(163) far exceeds block count (40); potential sync issue    
2026-08-10T05:30:44.064375Z  WARN ThreadId(20) hotstuff_runner::app: Node 2 [produce_block] queue size: 0, attempting up to 0 transactions this block    
2026-08-10T05:30:44.066351Z  WARN ThreadId(20) hotstuff_runner::app: Node 2 view(167) far exceeds block count (41); potential sync issue    
2026-08-10T05:30:44.115392Z  WARN ThreadId(20) hotstuff_runner::app: Node 2 [produce_block] queue size: 0, attempting up to 0 transactions this block    
2026-08-10T05:30:44.115981Z  WARN ThreadId(20) hotstuff_runner::app: Node 2 view(171) far exceeds block count (42); potential sync issue    
2026-08-10T05:30:44.154856Z  WARN ThreadId(20) hotstuff_runner::app: Node 2 [produce_block] queue size: 0, attempting up to 0 transactions this block    
2026-08-10T05:30:44.155009Z  WARN ThreadId(20) hotstuff_runner::app: Node 2 view(175) far exceeds block count (43); potential sync issue    
2026-08-10T05:30:44.195031Z  WARN ThreadId(20) hotstuff_runner::app: Node 2 [produce_block] queue size: 0, attempting up to 0 transactions this block    
2026-08-10T05:30:44.196877Z  WARN ThreadId(20) hotstuff_runner::app: Node 2 view(179) far exceeds block count (44); potential sync issue    
2026-08-10T05:30:44.232159Z  WARN ThreadId(20) hotstuff_runner::app: Node 2 [produce_block] queue size: 0, attempting up to 0 transactions this block    
2026-08-10T05:30:44.232592Z  WARN ThreadId(20) hotstuff_runner::app: Node 2 view(183) far exceeds block count (45); potential sync issue    
2026-08-10T05:30:44.296140Z  WARN ThreadId(20) hotstuff_runner::app: Node 2 [produce_block] queue size: 0, attempting up to 0 transactions this block    
2026-08-10T05:30:44.296871Z  WARN ThreadId(20) hotstuff_runner::app: Node 2 view(187) far exceeds block count (46); potential sync issue    
2026-08-10T05:30:44.346616Z  WARN ThreadId(20) hotstuff_runner::app: Node 2 [produce_block] queue size: 0, attempting up to 0 transactions this block    
2026-08-10T05:30:44.346776Z  WARN ThreadId(20) hotstuff_runner::app: Node 2 view(191) far exceeds block count (47); potential sync issue    
2026-08-10T05:30:44.401383Z  WARN ThreadId(20) hotstuff_runner::app: Node 2 [produce_block] queue size: 0, attempting up to 0 transactions this block    
2026-08-10T05:30:44.402690Z  WARN ThreadId(20) hotstuff_runner::app: Node 2 view(195) far exceeds block count (48); potential sync issue    
2026-08-10T05:30:44.478653Z  WARN ThreadId(20) hotstuff_runner::app: Node 2 [produce_block] queue size: 0, attempting up to 0 transactions this block    
2026-08-10T05:30:44.479129Z  WARN ThreadId(20) hotstuff_runner::app: Node 2 view(199) far exceeds block count (49); potential sync issue    
2026-08-10T05:30:44.513046Z  WARN ThreadId(20) hotstuff_runner::app: Node 2 [produce_block] queue size: 0, attempting up to 0 transactions this block    
2026-08-10T05:30:44.513925Z  WARN ThreadId(20) hotstuff_runner::app: Node 2 view(203) far exceeds block count (50); potential sync issue    
2026-08-10T05:30:44.545747Z  WARN ThreadId(20) hotstuff_runner::app: Node 2 [produce_block] queue size: 0, attempting up to 0 transactions this block    
2026-08-10T05:30:44.547888Z  WARN ThreadId(20) hotstuff_runner::app: Node 2 view(207) far exceeds block count (51); potential sync issue    
2026-08-10T05:30:44.577816Z  WARN ThreadId(20) hotstuff_runner::app: Node 2 [produce_block] queue size: 0, attempting up to 0 transactions this block    
2026-08-10T05:30:44.578634Z  WARN ThreadId(20) hotstuff_runner::app: Node 2 view(211) far exceeds block count (52); potential sync issue    
2026-08-10T05:30:44.621214Z  WARN ThreadId(20) hotstuff_runner::app: Node 2 [produce_block] queue size: 0, attempting up to 0 transactions this block    
2026-08-10T05:30:44.622176Z  WARN ThreadId(20) hotstuff_runner::app: Node 2 view(215) far exceeds block count (53); potential sync issue    
2026-08-10T05:30:44.673717Z  WARN ThreadId(20) hotstuff_runner::app: Node 2 [produce_block] queue size: 0, attempting up to 0 transactions this block    
2026-08-10T05:30:44.675045Z  WARN ThreadId(20) hotstuff_runner::app: Node 2 view(219) far exceeds block count (54); potential sync issue    
2026-08-10T05:30:44.716329Z  WARN ThreadId(20) hotstuff_runner::app: Node 2 [produce_block] queue size: 0, attempting up to 0 transactions this block    
2026-08-10T05:30:44.717219Z  WARN ThreadId(20) hotstuff_runner::app: Node 2 view(223) far exceeds block count (55); potential sync issue    
2026-08-10T05:30:44.767542Z  WARN ThreadId(20) hotstuff_runner::app: Node 2 [produce_block] queue size: 0, attempting up to 0 transactions this block    
2026-08-10T05:30:44.771844Z  WARN ThreadId(20) hotstuff_runner::app: Node 2 view(227) far exceeds block count (56); potential sync issue    
2026-08-10T05:30:44.818219Z  WARN ThreadId(20) hotstuff_runner::app: Node 2 [produce_block] queue size: 0, attempting up to 0 transactions this block    
2026-08-10T05:30:44.822399Z  WARN ThreadId(20) hotstuff_runner::app: Node 2 view(231) far exceeds block count (57); potential sync issue    
2026-08-10T05:30:44.869021Z  WARN ThreadId(20) hotstuff_runner::app: Node 2 [produce_block] queue size: 0, attempting up to 0 transactions this block    
2026-08-10T05:30:44.872686Z  WARN ThreadId(20) hotstuff_runner::app: Node 2 view(235) far exceeds block count (58); potential sync issue    
2026-08-10T05:30:44.958955Z  WARN ThreadId(20) hotstuff_runner::app: Node 2 [produce_block] queue size: 0, attempting up to 0 transactions this block    
2026-08-10T05:30:44.959571Z  WARN ThreadId(20) hotstuff_runner::app: Node 2 view(239) far exceeds block count (59); potential sync issue    
2026-08-10T05:30:45.131705Z  WARN ThreadId(20) hotstuff_runner::app: Node 2 [produce_block] queue size: 0, attempting up to 0 transactions this block    
2026-08-10T05:30:45.154912Z  WARN ThreadId(20) hotstuff_runner::app: Node 2 view(243) far exceeds block count (60); potential sync issue    
2026-08-10T05:30:45.220620Z  WARN ThreadId(20) hotstuff_runner::app: Node 2 [produce_block] queue size: 0, attempting up to 0 transactions this block    
2026-08-10T05:30:45.221169Z  WARN ThreadId(20) hotstuff_runner::app: Node 2 view(247) far exceeds block count (61); potential sync issue    
2026-08-10T05:30:45.262355Z  WARN ThreadId(20) hotstuff_runner::app: Node 2 [produce_block] queue size: 0, attempting up to 0 transactions this block    
2026-08-10T05:30:45.262686Z  WARN ThreadId(20) hotstuff_runner::app: Node 2 view(251) far exceeds block count (62); potential sync issue    
2026-08-10T05:30:45.299003Z  WARN ThreadId(20) hotstuff_runner::app: Node 2 [produce_block] queue size: 0, attempting up to 0 transactions this block    
2026-08-10T05:30:45.300800Z  WARN ThreadId(20) hotstuff_runner::app: Node 2 view(255) far exceeds block count (63); potential sync issue    
2026-08-10T05:30:45.341289Z  WARN ThreadId(20) hotstuff_runner::app: Node 2 [produce_block] queue size: 0, attempting up to 0 transactions this block    
2026-08-10T05:30:45.341448Z  WARN ThreadId(20) hotstuff_runner::app: Node 2 view(259) far exceeds block count (64); potential sync issue    
2026-08-10T05:30:45.364662Z  WARN ThreadId(20) hotstuff_runner::app: Node 2 [produce_block] queue size: 0, attempting up to 0 transactions this block    
2026-08-10T05:30:45.365506Z  WARN ThreadId(20) hotstuff_runner::app: Node 2 view(263) far exceeds block count (65); potential sync issue    
2026-08-10T05:30:45.396969Z  WARN ThreadId(20) hotstuff_runner::app: Node 2 [produce_block] queue size: 0, attempting up to 0 transactions this block    
2026-08-10T05:30:45.398367Z  WARN ThreadId(20) hotstuff_runner::app: Node 2 view(267) far exceeds block count (66); potential sync issue    
2026-08-10T05:30:45.463137Z  WARN ThreadId(20) hotstuff_runner::app: Node 2 [produce_block] queue size: 0, attempting up to 0 transactions this block    
2026-08-10T05:30:45.463398Z  WARN ThreadId(20) hotstuff_runner::app: Node 2 view(271) far exceeds block count (67); potential sync issue    
2026-08-10T05:30:45.514495Z  WARN ThreadId(20) hotstuff_runner::app: Node 2 [produce_block] queue size: 0, attempting up to 0 transactions this block    
2026-08-10T05:30:45.516491Z  WARN ThreadId(20) hotstuff_runner::app: Node 2 view(275) far exceeds block count (68); potential sync issue    
2026-08-10T05:30:45.563234Z  WARN ThreadId(20) hotstuff_runner::app: Node 2 [produce_block] queue size: 0, attempting up to 0 transactions this block    
2026-08-10T05:30:45.563525Z  WARN ThreadId(20) hotstuff_runner::app: Node 2 view(279) far exceeds block count (69); potential sync issue    
2026-08-10T05:30:45.592652Z  WARN ThreadId(20) hotstuff_runner::app: Node 2 [produce_block] queue size: 0, attempting up to 0 transactions this block    
2026-08-10T05:30:45.594287Z  WARN ThreadId(20) hotstuff_runner::app: Node 2 view(283) far exceeds block count (70); potential sync issue    
2026-08-10T05:30:45.617980Z  WARN ThreadId(20) hotstuff_runner::app: Node 2 [produce_block] queue size: 0, attempting up to 0 transactions this block    
2026-08-10T05:30:45.619892Z  WARN ThreadId(20) hotstuff_runner::app: Node 2 view(287) far exceeds block count (71); potential sync issue    
2026-08-10T05:30:45.658024Z  WARN ThreadId(20) hotstuff_runner::app: Node 2 [produce_block] queue size: 0, attempting up to 0 transactions this block    
2026-08-10T05:30:45.658750Z  WARN ThreadId(20) hotstuff_runner::app: Node 2 view(291) far exceeds block count (72); potential sync issue    
2026-08-10T05:30:45.688720Z  WARN ThreadId(20) hotstuff_runner::app: Node 2 [produce_block] queue size: 0, attempting up to 0 transactions this block    
2026-08-10T05:30:45.689468Z  WARN ThreadId(20) hotstuff_runner::app: Node 2 view(295) far exceeds block count (73); potential sync issue    
2026-08-10T05:30:45.716949Z  WARN ThreadId(20) hotstuff_runner::app: Node 2 [produce_block] queue size: 0, attempting up to 0 transactions this block    
2026-08-10T05:30:45.717067Z  WARN ThreadId(20) hotstuff_runner::app: Node 2 view(299) far exceeds block count (74); potential sync issue    
2026-08-10T05:30:45.776575Z  WARN ThreadId(20) hotstuff_runner::app: Node 2 [produce_block] queue size: 0, attempting up to 0 transactions this block    
2026-08-10T05:30:45.782795Z  WARN ThreadId(20) hotstuff_runner::app: Node 2 view(303) far exceeds block count (75); potential sync issue    
2026-08-10T05:30:45.829406Z  WARN ThreadId(20) hotstuff_runner::app: Node 2 [produce_block] queue size: 0, attempting up to 0 transactions this block    
2026-08-10T05:30:45.835093Z  WARN ThreadId(20) hotstuff_runner::app: Node 2 view(307) far exceeds block count (76); potential sync issue    
2026-08-10T05:30:45.872697Z  WARN ThreadId(20) hotstuff_runner::app: Node 2 [produce_block] queue size: 0, attempting up to 0 transactions this block    
2026-08-10T05:30:45.874858Z  WARN ThreadId(20) hotstuff_runner::app: Node 2 view(311) far exceeds block count (77); potential sync issue    
2026-08-10T05:30:45.901729Z  WARN ThreadId(20) hotstuff_runner::app: Node 2 [produce_block] queue size: 0, attempting up to 0 transactions this block    
2026-08-10T05:30:45.902488Z  WARN ThreadId(20) hotstuff_runner::app: Node 2 view(315) far exceeds block count (78); potential sync issue    
2026-08-10T05:30:45.951065Z  WARN ThreadId(20) hotstuff_runner::app: Node 2 [produce_block] queue size: 0, attempting up to 0 transactions this block    
2026-08-10T05:30:45.951408Z  WARN ThreadId(20) hotstuff_runner::app: Node 2 view(319) far exceeds block count (79); potential sync issue    
2026-08-10T05:30:45.987830Z  WARN ThreadId(20) hotstuff_runner::app: Node 2 [produce_block] queue size: 0, attempting up to 0 transactions this block    
2026-08-10T05:30:45.988826Z  WARN ThreadId(20) hotstuff_runner::app: Node 2 view(323) far exceeds block count (80); potential sync issue    
2026-08-10T05:30:46.210603Z  WARN ThreadId(20) hotstuff_runner::app: Node 2 [produce_block] queue size: 0, attempting up to 0 transactions this block    
2026-08-10T05:30:46.211014Z  WARN ThreadId(20) hotstuff_runner::app: Node 2 view(327) far exceeds block count (81); potential sync issue    
2026-08-10T05:30:46.259281Z  WARN ThreadId(20) hotstuff_runner::app: Node 2 [produce_block] queue size: 0, attempting up to 0 transactions this block    
2026-08-10T05:30:46.259580Z  WARN ThreadId(20) hotstuff_runner::app: Node 2 view(331) far exceeds block count (82); potential sync issue    
2026-08-10T05:30:46.297427Z  WARN ThreadId(20) hotstuff_runner::app: Node 2 [produce_block] queue size: 0, attempting up to 0 transactions this block    
2026-08-10T05:30:46.297692Z  WARN ThreadId(20) hotstuff_runner::app: Node 2 view(335) far exceeds block count (83); potential sync issue    
2026-08-10T05:30:46.338692Z  WARN ThreadId(20) hotstuff_runner::app: Node 2 [produce_block] queue size: 0, attempting up to 0 transactions this block    
2026-08-10T05:30:46.339072Z  WARN ThreadId(20) hotstuff_runner::app: Node 2 view(339) far exceeds block count (84); potential sync issue    
2026-08-10T05:30:46.373207Z  WARN ThreadId(20) hotstuff_runner::app: Node 2 [produce_block] queue size: 0, attempting up to 0 transactions this block    
2026-08-10T05:30:46.373343Z  WARN ThreadId(20) hotstuff_runner::app: Node 2 view(343) far exceeds block count (85); potential sync issue    
2026-08-10T05:30:46.406277Z  WARN ThreadId(20) hotstuff_runner::app: Node 2 [produce_block] queue size: 0, attempting up to 0 transactions this block    
2026-08-10T05:30:46.408421Z  WARN ThreadId(20) hotstuff_runner::app: Node 2 view(347) far exceeds block count (86); potential sync issue    
2026-08-10T05:30:46.473801Z  WARN ThreadId(20) hotstuff_runner::app: Node 2 [produce_block] queue size: 0, attempting up to 0 transactions this block    
2026-08-10T05:30:46.474224Z  WARN ThreadId(20) hotstuff_runner::app: Node 2 view(351) far exceeds block count (87); potential sync issue    
2026-08-10T05:30:46.516001Z  WARN ThreadId(20) hotstuff_runner::app: Node 2 [produce_block] queue size: 0, attempting up to 0 transactions this block    
2026-08-10T05:30:46.516225Z  WARN ThreadId(20) hotstuff_runner::app: Node 2 view(355) far exceeds block count (88); potential sync issue    
2026-08-10T05:30:46.899760Z  WARN ThreadId(07) docker_node:   Connection reuse ineffective (2.0 msg/conn)
2026-08-10T05:30:46.910134Z  WARN ThreadId(01) docker_node: Node 1 port 20001 temporarily unreachable: Connection refused (os error 111)
2026-08-10T05:30:46.911495Z  WARN ThreadId(01) docker_node: Node 2 port 20002 temporarily unreachable: Connection refused (os error 111)
2026-08-10T05:30:46.912648Z  WARN ThreadId(01) docker_node: Node 3 port 20003 temporarily unreachable: Connection refused (os error 111)
2026-08-10T05:30:47.062818Z  WARN ThreadId(20) hotstuff_runner::app: Node 2 [produce_block] queue size: 0, attempting up to 0 transactions this block    
2026-08-10T05:30:47.076399Z  WARN ThreadId(20) hotstuff_runner::app: Node 2 view(359) far exceeds block count (89); potential sync issue    
2026-08-10T05:30:47.599218Z  WARN ThreadId(21) hotstuff_runner::tcp_node: Node 2 view 361 timed out; latency may accumulate
2026-08-10T05:30:47.630500Z  WARN ThreadId(20) hotstuff_runner::app: Node 2 [produce_block] queue size: 4, attempting up to 4 transactions this block    
2026-08-10T05:30:47.634422Z  WARN ThreadId(20) hotstuff_runner::app: Node 2 view(363) far exceeds block count (90); potential sync issue    
2026-08-10T05:30:48.145145Z  WARN ThreadId(21) hotstuff_runner::tcp_node: Node 2 view 364 timed out; latency may accumulate
2026-08-10T05:30:48.167521Z  WARN ThreadId(20) hotstuff_runner::app: Node 2 [produce_block] queue size: 4, attempting up to 4 transactions this block    
2026-08-10T05:30:48.171486Z  WARN ThreadId(20) hotstuff_runner::app: Node 2 view(367) far exceeds block count (91); potential sync issue    
2026-08-10T05:30:48.264624Z  WARN ThreadId(20) hotstuff_runner::app: Node 2 [produce_block] queue size: 2, attempting up to 2 transactions this block    
2026-08-10T05:30:48.267934Z  WARN ThreadId(20) hotstuff_runner::app: Node 2 view(371) far exceeds block count (92); potential sync issue    
2026-08-10T05:30:48.317385Z  WARN ThreadId(20) hotstuff_runner::app: Node 2 [produce_block] queue size: 0, attempting up to 0 transactions this block    
2026-08-10T05:30:48.317489Z  WARN ThreadId(20) hotstuff_runner::app: Node 2 view(375) far exceeds block count (93); potential sync issue    
2026-08-10T05:30:48.364430Z  WARN ThreadId(20) hotstuff_runner::app: Node 2 [produce_block] queue size: 0, attempting up to 0 transactions this block    
2026-08-10T05:30:48.364817Z  WARN ThreadId(20) hotstuff_runner::app: Node 2 view(379) far exceeds block count (94); potential sync issue    
2026-08-10T05:30:48.426211Z  WARN ThreadId(20) hotstuff_runner::app: Node 2 [produce_block] queue size: 2, attempting up to 2 transactions this block    
2026-08-10T05:30:48.426720Z  WARN ThreadId(20) hotstuff_runner::app: Node 2 view(383) far exceeds block count (95); potential sync issue    
2026-08-10T05:30:48.460688Z  WARN ThreadId(20) hotstuff_runner::app: Node 2 [produce_block] queue size: 0, attempting up to 0 transactions this block    
2026-08-10T05:30:48.461014Z  WARN ThreadId(20) hotstuff_runner::app: Node 2 view(387) far exceeds block count (96); potential sync issue    
2026-08-10T05:30:48.500303Z  WARN ThreadId(20) hotstuff_runner::app: Node 2 [produce_block] queue size: 0, attempting up to 0 transactions this block    
2026-08-10T05:30:48.500475Z  WARN ThreadId(20) hotstuff_runner::app: Node 2 view(391) far exceeds block count (97); potential sync issue    
2026-08-10T05:30:48.558783Z  WARN ThreadId(20) hotstuff_runner::app: Node 2 [produce_block] queue size: 0, attempting up to 0 transactions this block    
2026-08-10T05:30:48.559611Z  WARN ThreadId(20) hotstuff_runner::app: Node 2 view(395) far exceeds block count (98); potential sync issue    
2026-08-10T05:30:48.603262Z  WARN ThreadId(20) hotstuff_runner::app: Node 2 [produce_block] queue size: 2, attempting up to 2 transactions this block    
2026-08-10T05:30:48.604690Z  WARN ThreadId(20) hotstuff_runner::app: Node 2 view(399) far exceeds block count (99); potential sync issue    
2026-08-10T05:30:48.663519Z  WARN ThreadId(20) hotstuff_runner::app: Node 2 [produce_block] queue size: 0, attempting up to 0 transactions this block    
2026-08-10T05:30:48.664996Z  WARN ThreadId(20) hotstuff_runner::app: Node 2 view(403) far exceeds block count (100); potential sync issue    
2026-08-10T05:30:48.730025Z  WARN ThreadId(20) hotstuff_runner::app: Node 2 [produce_block] queue size: 0, attempting up to 0 transactions this block    
2026-08-10T05:30:48.736495Z  WARN ThreadId(20) hotstuff_runner::app: Node 2 view(407) far exceeds block count (101); potential sync issue    
2026-08-10T05:30:48.796256Z  WARN ThreadId(20) hotstuff_runner::app: Node 2 [produce_block] queue size: 0, attempting up to 0 transactions this block    
2026-08-10T05:30:48.797395Z  WARN ThreadId(20) hotstuff_runner::app: Node 2 view(411) far exceeds block count (102); potential sync issue    
2026-08-10T05:30:48.865576Z  WARN ThreadId(20) hotstuff_runner::app: Node 2 [produce_block] queue size: 2, attempting up to 2 transactions this block    
2026-08-10T05:30:48.867048Z  WARN ThreadId(20) hotstuff_runner::app: Node 2 view(415) far exceeds block count (103); potential sync issue    
2026-08-10T05:30:48.941686Z  WARN ThreadId(20) hotstuff_runner::app: Node 2 [produce_block] queue size: 0, attempting up to 0 transactions this block    
2026-08-10T05:30:48.942222Z  WARN ThreadId(20) hotstuff_runner::app: Node 2 view(419) far exceeds block count (104); potential sync issue    
2026-08-10T05:30:48.997767Z  WARN ThreadId(20) hotstuff_runner::app: Node 2 [produce_block] queue size: 0, attempting up to 0 transactions this block    
2026-08-10T05:30:48.998236Z  WARN ThreadId(20) hotstuff_runner::app: Node 2 view(423) far exceeds block count (105); potential sync issue    
2026-08-10T05:30:49.063619Z  WARN ThreadId(20) hotstuff_runner::app: Node 2 [produce_block] queue size: 2, attempting up to 2 transactions this block    
2026-08-10T05:30:49.063895Z  WARN ThreadId(20) hotstuff_runner::app: Node 2 view(427) far exceeds block count (106); potential sync issue    
2026-08-10T05:30:49.124129Z  WARN ThreadId(20) hotstuff_runner::app: Node 2 [produce_block] queue size: 0, attempting up to 0 transactions this block    
2026-08-10T05:30:49.125445Z  WARN ThreadId(20) hotstuff_runner::app: Node 2 view(431) far exceeds block count (107); potential sync issue    
2026-08-10T05:30:49.174301Z  WARN ThreadId(20) hotstuff_runner::app: Node 2 [produce_block] queue size: 0, attempting up to 0 transactions this block    
2026-08-10T05:30:49.174620Z  WARN ThreadId(20) hotstuff_runner::app: Node 2 view(435) far exceeds block count (108); potential sync issue    
2026-08-10T05:30:49.230701Z  WARN ThreadId(20) hotstuff_runner::app: Node 2 [produce_block] queue size: 2, attempting up to 2 transactions this block    
2026-08-10T05:30:49.230850Z  WARN ThreadId(20) hotstuff_runner::app: Node 2 view(439) far exceeds block count (109); potential sync issue    
2026-08-10T05:30:49.276046Z  WARN ThreadId(20) hotstuff_runner::app: Node 2 [produce_block] queue size: 0, attempting up to 0 transactions this block    
2026-08-10T05:30:49.280110Z  WARN ThreadId(20) hotstuff_runner::app: Node 2 view(443) far exceeds block count (110); potential sync issue    
2026-08-10T05:30:49.331563Z  WARN ThreadId(20) hotstuff_runner::app: Node 2 [produce_block] queue size: 0, attempting up to 0 transactions this block    
2026-08-10T05:30:49.334235Z  WARN ThreadId(20) hotstuff_runner::app: Node 2 view(447) far exceeds block count (111); potential sync issue    
2026-08-10T05:30:49.375905Z  WARN ThreadId(20) hotstuff_runner::app: Node 2 [produce_block] queue size: 0, attempting up to 0 transactions this block    
2026-08-10T05:30:49.381902Z  WARN ThreadId(20) hotstuff_runner::app: Node 2 view(451) far exceeds block count (112); potential sync issue    
2026-08-10T05:30:49.449913Z  WARN ThreadId(20) hotstuff_runner::app: Node 2 [produce_block] queue size: 2, attempting up to 2 transactions this block    
2026-08-10T05:30:49.450205Z  WARN ThreadId(20) hotstuff_runner::app: Node 2 view(455) far exceeds block count (113); potential sync issue    
2026-08-10T05:30:49.497101Z  WARN ThreadId(20) hotstuff_runner::app: Node 2 [produce_block] queue size: 0, attempting up to 0 transactions this block    
2026-08-10T05:30:49.497416Z  WARN ThreadId(20) hotstuff_runner::app: Node 2 view(459) far exceeds block count (114); potential sync issue    
2026-08-10T05:30:49.530642Z  WARN ThreadId(20) hotstuff_runner::app: Node 2 [produce_block] queue size: 0, attempting up to 0 transactions this block    
2026-08-10T05:30:49.531236Z  WARN ThreadId(20) hotstuff_runner::app: Node 2 view(463) far exceeds block count (115); potential sync issue    
2026-08-10T05:30:49.591476Z  WARN ThreadId(20) hotstuff_runner::app: Node 2 [produce_block] queue size: 0, attempting up to 0 transactions this block    
2026-08-10T05:30:49.592720Z  WARN ThreadId(20) hotstuff_runner::app: Node 2 view(467) far exceeds block count (116); potential sync issue    
2026-08-10T05:30:49.652535Z  WARN ThreadId(20) hotstuff_runner::app: Node 2 [produce_block] queue size: 2, attempting up to 2 transactions this block    
2026-08-10T05:30:49.654371Z  WARN ThreadId(20) hotstuff_runner::app: Node 2 view(471) far exceeds block count (117); potential sync issue    
2026-08-10T05:30:49.743667Z  WARN ThreadId(20) hotstuff_runner::app: Node 2 [produce_block] queue size: 0, attempting up to 0 transactions this block    
2026-08-10T05:30:49.744205Z  WARN ThreadId(20) hotstuff_runner::app: Node 2 view(475) far exceeds block count (118); potential sync issue    
2026-08-10T05:30:49.865784Z  WARN ThreadId(20) hotstuff_runner::app: Node 2 [produce_block] queue size: 2, attempting up to 2 transactions this block    
2026-08-10T05:30:49.865917Z  WARN ThreadId(20) hotstuff_runner::app: Node 2 view(479) far exceeds block count (119); potential sync issue    
2026-08-10T05:30:49.917418Z  WARN ThreadId(20) hotstuff_runner::app: Node 2 [produce_block] queue size: 0, attempting up to 0 transactions this block    
2026-08-10T05:30:49.917641Z  WARN ThreadId(20) hotstuff_runner::app: Node 2 view(483) far exceeds block count (120); potential sync issue    
2026-08-10T05:30:49.984339Z  WARN ThreadId(20) hotstuff_runner::app: Node 2 [produce_block] queue size: 0, attempting up to 0 transactions this block    
2026-08-10T05:30:49.986289Z  WARN ThreadId(20) hotstuff_runner::app: Node 2 view(487) far exceeds block count (121); potential sync issue    
2026-08-10T05:30:50.099308Z  WARN ThreadId(20) hotstuff_runner::app: Node 2 [produce_block] queue size: 2, attempting up to 2 transactions this block    
2026-08-10T05:30:50.111704Z  WARN ThreadId(20) hotstuff_runner::app: Node 2 view(491) far exceeds block count (122); potential sync issue    
2026-08-10T05:30:50.170477Z  WARN ThreadId(20) hotstuff_runner::app: Node 2 [produce_block] queue size: 0, attempting up to 0 transactions this block    
2026-08-10T05:30:50.172272Z  WARN ThreadId(20) hotstuff_runner::app: Node 2 view(495) far exceeds block count (123); potential sync issue    
2026-08-10T05:30:50.234821Z  WARN ThreadId(20) hotstuff_runner::app: Node 2 [produce_block] queue size: 0, attempting up to 0 transactions this block    
2026-08-10T05:30:50.242164Z  WARN ThreadId(20) hotstuff_runner::app: Node 2 view(499) far exceeds block count (124); potential sync issue    
2026-08-10T05:30:50.319377Z  WARN ThreadId(20) hotstuff_runner::app: Node 2 [produce_block] queue size: 2, attempting up to 2 transactions this block    
2026-08-10T05:30:50.322864Z  WARN ThreadId(20) hotstuff_runner::app: Node 2 view(503) far exceeds block count (125); potential sync issue    
2026-08-10T05:30:50.379983Z  WARN ThreadId(20) hotstuff_runner::app: Node 2 [produce_block] queue size: 0, attempting up to 0 transactions this block    
2026-08-10T05:30:50.380225Z  WARN ThreadId(20) hotstuff_runner::app: Node 2 view(507) far exceeds block count (126); potential sync issue    
2026-08-10T05:30:50.441293Z  WARN ThreadId(20) hotstuff_runner::app: Node 2 [produce_block] queue size: 0, attempting up to 0 transactions this block    
2026-08-10T05:30:50.441470Z  WARN ThreadId(20) hotstuff_runner::app: Node 2 view(511) far exceeds block count (127); potential sync issue    
2026-08-10T05:30:50.495472Z  WARN ThreadId(20) hotstuff_runner::app: Node 2 [produce_block] queue size: 2, attempting up to 2 transactions this block    
2026-08-10T05:30:50.495593Z  WARN ThreadId(20) hotstuff_runner::app: Node 2 view(515) far exceeds block count (128); potential sync issue    
2026-08-10T05:30:50.550983Z  WARN ThreadId(20) hotstuff_runner::app: Node 2 [produce_block] queue size: 0, attempting up to 0 transactions this block    
2026-08-10T05:30:50.551271Z  WARN ThreadId(20) hotstuff_runner::app: Node 2 view(519) far exceeds block count (129); potential sync issue    
2026-08-10T05:30:50.611701Z  WARN ThreadId(20) hotstuff_runner::app: Node 2 [produce_block] queue size: 0, attempting up to 0 transactions this block    
2026-08-10T05:30:50.615539Z  WARN ThreadId(20) hotstuff_runner::app: Node 2 view(523) far exceeds block count (130); potential sync issue    
2026-08-10T05:30:50.691208Z  WARN ThreadId(20) hotstuff_runner::app: Node 2 [produce_block] queue size: 0, attempting up to 0 transactions this block    
2026-08-10T05:30:50.691315Z  WARN ThreadId(20) hotstuff_runner::app: Node 2 view(527) far exceeds block count (131); potential sync issue    
2026-08-10T05:30:50.732314Z  WARN ThreadId(20) hotstuff_runner::app: Node 2 [produce_block] queue size: 2, attempting up to 2 transactions this block    
2026-08-10T05:30:50.732587Z  WARN ThreadId(20) hotstuff_runner::app: Node 2 view(531) far exceeds block count (132); potential sync issue    
2026-08-10T05:30:50.794028Z  WARN ThreadId(20) hotstuff_runner::app: Node 2 [produce_block] queue size: 0, attempting up to 0 transactions this block    
2026-08-10T05:30:50.796966Z  WARN ThreadId(20) hotstuff_runner::app: Node 2 view(535) far exceeds block count (133); potential sync issue    
2026-08-10T05:30:50.854604Z  WARN ThreadId(20) hotstuff_runner::app: Node 2 [produce_block] queue size: 0, attempting up to 0 transactions this block    
2026-08-10T05:30:50.858521Z  WARN ThreadId(20) hotstuff_runner::app: Node 2 view(539) far exceeds block count (134); potential sync issue    
2026-08-10T05:30:50.911002Z  WARN ThreadId(20) hotstuff_runner::app: Node 2 [produce_block] queue size: 2, attempting up to 2 transactions this block    
2026-08-10T05:30:50.913403Z  WARN ThreadId(20) hotstuff_runner::app: Node 2 view(543) far exceeds block count (135); potential sync issue    
2026-08-10T05:30:50.953407Z  WARN ThreadId(20) hotstuff_runner::app: Node 2 [produce_block] queue size: 0, attempting up to 0 transactions this block    
2026-08-10T05:30:50.953504Z  WARN ThreadId(20) hotstuff_runner::app: Node 2 view(547) far exceeds block count (136); potential sync issue    
2026-08-10T05:30:51.003093Z  WARN ThreadId(20) hotstuff_runner::app: Node 2 [produce_block] queue size: 0, attempting up to 0 transactions this block    
2026-08-10T05:30:51.003660Z  WARN ThreadId(20) hotstuff_runner::app: Node 2 view(551) far exceeds block count (137); potential sync issue    
2026-08-10T05:30:51.044691Z  WARN ThreadId(20) hotstuff_runner::app: Node 2 [produce_block] queue size: 0, attempting up to 0 transactions this block    
2026-08-10T05:30:51.045655Z  WARN ThreadId(20) hotstuff_runner::app: Node 2 view(555) far exceeds block count (138); potential sync issue    
2026-08-10T05:30:51.081678Z  WARN ThreadId(20) hotstuff_runner::app: Node 2 [produce_block] queue size: 0, attempting up to 0 transactions this block    
2026-08-10T05:30:51.081853Z  WARN ThreadId(20) hotstuff_runner::app: Node 2 view(559) far exceeds block count (139); potential sync issue    
2026-08-10T05:30:51.145516Z  WARN ThreadId(20) hotstuff_runner::app: Node 2 [produce_block] queue size: 2, attempting up to 2 transactions this block    
2026-08-10T05:30:51.146103Z  WARN ThreadId(20) hotstuff_runner::app: Node 2 view(563) far exceeds block count (140); potential sync issue    
2026-08-10T05:30:51.204083Z  WARN ThreadId(20) hotstuff_runner::app: Node 2 [produce_block] queue size: 0, attempting up to 0 transactions this block    
2026-08-10T05:30:51.205388Z  WARN ThreadId(20) hotstuff_runner::app: Node 2 view(567) far exceeds block count (141); potential sync issue    
2026-08-10T05:30:51.291040Z  WARN ThreadId(20) hotstuff_runner::app: Node 2 [produce_block] queue size: 2, attempting up to 2 transactions this block    
2026-08-10T05:30:51.291573Z  WARN ThreadId(20) hotstuff_runner::app: Node 2 view(571) far exceeds block count (142); potential sync issue    
2026-08-10T05:30:51.336588Z  WARN ThreadId(20) hotstuff_runner::app: Node 2 [produce_block] queue size: 0, attempting up to 0 transactions this block    
2026-08-10T05:30:51.337538Z  WARN ThreadId(20) hotstuff_runner::app: Node 2 view(575) far exceeds block count (143); potential sync issue    
2026-08-10T05:30:51.395075Z  WARN ThreadId(20) hotstuff_runner::app: Node 2 [produce_block] queue size: 0, attempting up to 0 transactions this block    
2026-08-10T05:30:51.396052Z  WARN ThreadId(20) hotstuff_runner::app: Node 2 view(579) far exceeds block count (144); potential sync issue    
2026-08-10T05:30:51.455516Z  WARN ThreadId(20) hotstuff_runner::app: Node 2 [produce_block] queue size: 0, attempting up to 0 transactions this block    
2026-08-10T05:30:51.465191Z  WARN ThreadId(20) hotstuff_runner::app: Node 2 view(583) far exceeds block count (145); potential sync issue    
2026-08-10T05:30:51.525817Z  WARN ThreadId(20) hotstuff_runner::app: Node 2 [produce_block] queue size: 2, attempting up to 2 transactions this block    
2026-08-10T05:30:51.527612Z  WARN ThreadId(20) hotstuff_runner::app: Node 2 view(587) far exceeds block count (146); potential sync issue    
2026-08-10T05:30:51.575223Z  WARN ThreadId(20) hotstuff_runner::app: Node 2 [produce_block] queue size: 0, attempting up to 0 transactions this block    
2026-08-10T05:30:51.578424Z  WARN ThreadId(20) hotstuff_runner::app: Node 2 view(591) far exceeds block count (147); potential sync issue    
2026-08-10T05:30:51.615600Z  WARN ThreadId(20) hotstuff_runner::app: Node 2 [produce_block] queue size: 0, attempting up to 0 transactions this block    
2026-08-10T05:30:51.616990Z  WARN ThreadId(20) hotstuff_runner::app: Node 2 view(595) far exceeds block count (148); potential sync issue    
2026-08-10T05:30:51.651959Z  WARN ThreadId(20) hotstuff_runner::app: Node 2 [produce_block] queue size: 0, attempting up to 0 transactions this block    
2026-08-10T05:30:51.652181Z  WARN ThreadId(20) hotstuff_runner::app: Node 2 view(599) far exceeds block count (149); potential sync issue    
2026-08-10T05:30:51.701545Z  WARN ThreadId(20) hotstuff_runner::app: Node 2 [produce_block] queue size: 2, attempting up to 2 transactions this block    
2026-08-10T05:30:51.704835Z  WARN ThreadId(20) hotstuff_runner::app: Node 2 view(603) far exceeds block count (150); potential sync issue    
2026-08-10T05:30:51.743269Z  WARN ThreadId(20) hotstuff_runner::app: Node 2 [produce_block] queue size: 0, attempting up to 0 transactions this block    
2026-08-10T05:30:51.743376Z  WARN ThreadId(20) hotstuff_runner::app: Node 2 view(607) far exceeds block count (151); potential sync issue    
2026-08-10T05:30:51.778316Z  WARN ThreadId(20) hotstuff_runner::app: Node 2 [produce_block] queue size: 0, attempting up to 0 transactions this block    
2026-08-10T05:30:51.778547Z  WARN ThreadId(20) hotstuff_runner::app: Node 2 view(611) far exceeds block count (152); potential sync issue    
2026-08-10T05:30:51.832581Z  WARN ThreadId(20) hotstuff_runner::app: Node 2 [produce_block] queue size: 0, attempting up to 0 transactions this block    
2026-08-10T05:30:51.833141Z  WARN ThreadId(20) hotstuff_runner::app: Node 2 view(615) far exceeds block count (153); potential sync issue    
2026-08-10T05:30:51.876348Z  WARN ThreadId(20) hotstuff_runner::app: Node 2 [produce_block] queue size: 0, attempting up to 0 transactions this block    
2026-08-10T05:30:51.876665Z  WARN ThreadId(20) hotstuff_runner::app: Node 2 view(619) far exceeds block count (154); potential sync issue    
2026-08-10T05:30:51.899691Z  WARN ThreadId(07) docker_node:   Connection reuse ineffective (2.0 msg/conn)
2026-08-10T05:30:52.010174Z  WARN ThreadId(20) hotstuff_runner::app: Node 2 [produce_block] queue size: 2, attempting up to 2 transactions this block    
2026-08-10T05:30:52.010992Z  WARN ThreadId(20) hotstuff_runner::app: Node 2 view(623) far exceeds block count (155); potential sync issue    
2026-08-10T05:30:52.051227Z  WARN ThreadId(20) hotstuff_runner::app: Node 2 [produce_block] queue size: 0, attempting up to 0 transactions this block    
2026-08-10T05:30:52.056712Z  WARN ThreadId(20) hotstuff_runner::app: Node 2 view(627) far exceeds block count (156); potential sync issue    
2026-08-10T05:30:52.121223Z  WARN ThreadId(20) hotstuff_runner::app: Node 2 [produce_block] queue size: 2, attempting up to 2 transactions this block    
2026-08-10T05:30:52.129981Z  WARN ThreadId(20) hotstuff_runner::app: Node 2 view(631) far exceeds block count (157); potential sync issue    
2026-08-10T05:30:52.169223Z  WARN ThreadId(20) hotstuff_runner::app: Node 2 [produce_block] queue size: 0, attempting up to 0 transactions this block    
2026-08-10T05:30:52.170073Z  WARN ThreadId(20) hotstuff_runner::app: Node 2 view(635) far exceeds block count (158); potential sync issue    
2026-08-10T05:30:52.224536Z  WARN ThreadId(20) hotstuff_runner::app: Node 2 [produce_block] queue size: 0, attempting up to 0 transactions this block    
2026-08-10T05:30:52.227783Z  WARN ThreadId(20) hotstuff_runner::app: Node 2 view(639) far exceeds block count (159); potential sync issue    
2026-08-10T05:30:52.301428Z  WARN ThreadId(20) hotstuff_runner::app: Node 2 [produce_block] queue size: 2, attempting up to 2 transactions this block    
2026-08-10T05:30:52.301570Z  WARN ThreadId(20) hotstuff_runner::app: Node 2 view(643) far exceeds block count (160); potential sync issue    
2026-08-10T05:30:52.357250Z  WARN ThreadId(20) hotstuff_runner::app: Node 2 [produce_block] queue size: 0, attempting up to 0 transactions this block    
2026-08-10T05:30:52.357531Z  WARN ThreadId(20) hotstuff_runner::app: Node 2 view(647) far exceeds block count (161); potential sync issue    
2026-08-10T05:30:52.406733Z  WARN ThreadId(20) hotstuff_runner::app: Node 2 [produce_block] queue size: 0, attempting up to 0 transactions this block    
2026-08-10T05:30:52.409152Z  WARN ThreadId(20) hotstuff_runner::app: Node 2 view(651) far exceeds block count (162); potential sync issue    
2026-08-10T05:30:52.501833Z  WARN ThreadId(20) hotstuff_runner::app: Node 2 [produce_block] queue size: 0, attempting up to 0 transactions this block    
2026-08-10T05:30:52.502691Z  WARN ThreadId(20) hotstuff_runner::app: Node 2 view(655) far exceeds block count (163); potential sync issue    
2026-08-10T05:30:52.569180Z  WARN ThreadId(20) hotstuff_runner::app: Node 2 [produce_block] queue size: 2, attempting up to 2 transactions this block    
2026-08-10T05:30:52.574340Z  WARN ThreadId(20) hotstuff_runner::app: Node 2 view(659) far exceeds block count (164); potential sync issue    
2026-08-10T05:30:52.637664Z  WARN ThreadId(20) hotstuff_runner::app: Node 2 [produce_block] queue size: 0, attempting up to 0 transactions this block    
2026-08-10T05:30:52.638689Z  WARN ThreadId(20) hotstuff_runner::app: Node 2 view(663) far exceeds block count (165); potential sync issue    
2026-08-10T05:30:52.718700Z  WARN ThreadId(20) hotstuff_runner::app: Node 2 [produce_block] queue size: 0, attempting up to 0 transactions this block    
2026-08-10T05:30:52.719028Z  WARN ThreadId(20) hotstuff_runner::app: Node 2 view(667) far exceeds block count (166); potential sync issue    
2026-08-10T05:30:52.813078Z  WARN ThreadId(20) hotstuff_runner::app: Node 2 [produce_block] queue size: 2, attempting up to 2 transactions this block    
2026-08-10T05:30:52.813269Z  WARN ThreadId(20) hotstuff_runner::app: Node 2 view(671) far exceeds block count (167); potential sync issue    
2026-08-10T05:30:52.868654Z  WARN ThreadId(20) hotstuff_runner::app: Node 2 [produce_block] queue size: 0, attempting up to 0 transactions this block    
2026-08-10T05:30:52.877607Z  WARN ThreadId(20) hotstuff_runner::app: Node 2 view(675) far exceeds block count (168); potential sync issue    
2026-08-10T05:30:52.929201Z  WARN ThreadId(20) hotstuff_runner::app: Node 2 [produce_block] queue size: 0, attempting up to 0 transactions this block    
2026-08-10T05:30:52.929423Z  WARN ThreadId(20) hotstuff_runner::app: Node 2 view(679) far exceeds block count (169); potential sync issue    
2026-08-10T05:30:53.006121Z  WARN ThreadId(20) hotstuff_runner::app: Node 2 [produce_block] queue size: 2, attempting up to 2 transactions this block    
2026-08-10T05:30:53.006403Z  WARN ThreadId(20) hotstuff_runner::app: Node 2 view(683) far exceeds block count (170); potential sync issue    
2026-08-10T05:30:53.052799Z  WARN ThreadId(20) hotstuff_runner::app: Node 2 [produce_block] queue size: 0, attempting up to 0 transactions this block    
2026-08-10T05:30:53.056621Z  WARN ThreadId(20) hotstuff_runner::app: Node 2 view(687) far exceeds block count (171); potential sync issue    
2026-08-10T05:30:53.100329Z  WARN ThreadId(20) hotstuff_runner::app: Node 2 [produce_block] queue size: 0, attempting up to 0 transactions this block    
2026-08-10T05:30:53.101753Z  WARN ThreadId(20) hotstuff_runner::app: Node 2 view(691) far exceeds block count (172); potential sync issue    
2026-08-10T05:30:53.205847Z  WARN ThreadId(20) hotstuff_runner::app: Node 2 [produce_block] queue size: 2, attempting up to 2 transactions this block    
2026-08-10T05:30:53.206579Z  WARN ThreadId(20) hotstuff_runner::app: Node 2 view(695) far exceeds block count (173); potential sync issue    
2026-08-10T05:30:53.274627Z  WARN ThreadId(20) hotstuff_runner::app: Node 2 [produce_block] queue size: 0, attempting up to 0 transactions this block    
2026-08-10T05:30:53.275919Z  WARN ThreadId(20) hotstuff_runner::app: Node 2 view(699) far exceeds block count (174); potential sync issue    
2026-08-10T05:30:53.356324Z  WARN ThreadId(20) hotstuff_runner::app: Node 2 [produce_block] queue size: 0, attempting up to 0 transactions this block    
2026-08-10T05:30:53.359657Z  WARN ThreadId(20) hotstuff_runner::app: Node 2 view(703) far exceeds block count (175); potential sync issue    
2026-08-10T05:30:53.417646Z  WARN ThreadId(20) hotstuff_runner::app: Node 2 [produce_block] queue size: 2, attempting up to 2 transactions this block    
2026-08-10T05:30:53.419970Z  WARN ThreadId(20) hotstuff_runner::app: Node 2 view(707) far exceeds block count (176); potential sync issue    
2026-08-10T05:30:53.488797Z  WARN ThreadId(20) hotstuff_runner::app: Node 2 [produce_block] queue size: 0, attempting up to 0 transactions this block    
2026-08-10T05:30:53.500309Z  WARN ThreadId(20) hotstuff_runner::app: Node 2 view(711) far exceeds block count (177); potential sync issue    
2026-08-10T05:30:53.558046Z  WARN ThreadId(20) hotstuff_runner::app: Node 2 [produce_block] queue size: 2, attempting up to 2 transactions this block    
2026-08-10T05:30:53.558797Z  WARN ThreadId(20) hotstuff_runner::app: Node 2 view(715) far exceeds block count (178); potential sync issue    
2026-08-10T05:30:53.598810Z  WARN ThreadId(20) hotstuff_runner::app: Node 2 [produce_block] queue size: 0, attempting up to 0 transactions this block    
2026-08-10T05:30:53.599687Z  WARN ThreadId(20) hotstuff_runner::app: Node 2 view(719) far exceeds block count (179); potential sync issue    
2026-08-10T05:30:53.664101Z  WARN ThreadId(20) hotstuff_runner::app: Node 2 [produce_block] queue size: 0, attempting up to 0 transactions this block    
2026-08-10T05:30:53.664886Z  WARN ThreadId(20) hotstuff_runner::app: Node 2 view(723) far exceeds block count (180); potential sync issue    
2026-08-10T05:30:53.699256Z  WARN ThreadId(20) hotstuff_runner::app: Node 2 [produce_block] queue size: 0, attempting up to 0 transactions this block    
2026-08-10T05:30:53.700533Z  WARN ThreadId(20) hotstuff_runner::app: Node 2 view(727) far exceeds block count (181); potential sync issue    
2026-08-10T05:30:53.768810Z  WARN ThreadId(20) hotstuff_runner::app: Node 2 [produce_block] queue size: 2, attempting up to 2 transactions this block    
2026-08-10T05:30:53.771723Z  WARN ThreadId(20) hotstuff_runner::app: Node 2 view(731) far exceeds block count (182); potential sync issue    
2026-08-10T05:30:53.826477Z  WARN ThreadId(20) hotstuff_runner::app: Node 2 [produce_block] queue size: 0, attempting up to 0 transactions this block    
2026-08-10T05:30:53.827345Z  WARN ThreadId(20) hotstuff_runner::app: Node 2 view(735) far exceeds block count (183); potential sync issue    
2026-08-10T05:30:53.983450Z  WARN ThreadId(20) hotstuff_runner::app: Node 2 [produce_block] queue size: 2, attempting up to 2 transactions this block    
2026-08-10T05:30:53.993110Z  WARN ThreadId(20) hotstuff_runner::app: Node 2 view(739) far exceeds block count (184); potential sync issue    
2026-08-10T05:30:54.062360Z  WARN ThreadId(20) hotstuff_runner::app: Node 2 [produce_block] queue size: 0, attempting up to 0 transactions this block    
2026-08-10T05:30:54.062713Z  WARN ThreadId(20) hotstuff_runner::app: Node 2 view(743) far exceeds block count (185); potential sync issue    
2026-08-10T05:30:54.125483Z  WARN ThreadId(20) hotstuff_runner::app: Node 2 [produce_block] queue size: 0, attempting up to 0 transactions this block    
2026-08-10T05:30:54.125759Z  WARN ThreadId(20) hotstuff_runner::app: Node 2 view(747) far exceeds block count (186); potential sync issue    
2026-08-10T05:30:54.187909Z  WARN ThreadId(20) hotstuff_runner::app: Node 2 [produce_block] queue size: 2, attempting up to 2 transactions this block    
2026-08-10T05:30:54.188030Z  WARN ThreadId(20) hotstuff_runner::app: Node 2 view(751) far exceeds block count (187); potential sync issue    
2026-08-10T05:30:54.258450Z  WARN ThreadId(20) hotstuff_runner::app: Node 2 [produce_block] queue size: 0, attempting up to 0 transactions this block    
2026-08-10T05:30:54.287922Z  WARN ThreadId(20) hotstuff_runner::app: Node 2 view(755) far exceeds block count (188); potential sync issue    
2026-08-10T05:30:54.332373Z  WARN ThreadId(20) hotstuff_runner::app: Node 2 [produce_block] queue size: 0, attempting up to 0 transactions this block    
2026-08-10T05:30:54.342773Z  WARN ThreadId(20) hotstuff_runner::app: Node 2 view(759) far exceeds block count (189); potential sync issue    
2026-08-10T05:30:54.391174Z  WARN ThreadId(20) hotstuff_runner::app: Node 2 [produce_block] queue size: 0, attempting up to 0 transactions this block    
2026-08-10T05:30:54.392198Z  WARN ThreadId(20) hotstuff_runner::app: Node 2 view(763) far exceeds block count (190); potential sync issue    
2026-08-10T05:30:54.435026Z  WARN ThreadId(20) hotstuff_runner::app: Node 2 [produce_block] queue size: 0, attempting up to 0 transactions this block    
2026-08-10T05:30:54.435739Z  WARN ThreadId(20) hotstuff_runner::app: Node 2 view(767) far exceeds block count (191); potential sync issue    
2026-08-10T05:30:54.467373Z  WARN ThreadId(20) hotstuff_runner::app: Node 2 [produce_block] queue size: 0, attempting up to 0 transactions this block    
2026-08-10T05:30:54.467539Z  WARN ThreadId(20) hotstuff_runner::app: Node 2 view(771) far exceeds block count (192); potential sync issue    
2026-08-10T05:30:54.523061Z  WARN ThreadId(20) hotstuff_runner::app: Node 2 [produce_block] queue size: 0, attempting up to 0 transactions this block    
2026-08-10T05:30:54.523216Z  WARN ThreadId(20) hotstuff_runner::app: Node 2 view(775) far exceeds block count (193); potential sync issue    
2026-08-10T05:30:54.584417Z  WARN ThreadId(20) hotstuff_runner::app: Node 2 [produce_block] queue size: 0, attempting up to 0 transactions this block    
2026-08-10T05:30:54.592296Z  WARN ThreadId(20) hotstuff_runner::app: Node 2 view(779) far exceeds block count (194); potential sync issue    
2026-08-10T05:30:54.646521Z  WARN ThreadId(20) hotstuff_runner::app: Node 2 [produce_block] queue size: 2, attempting up to 2 transactions this block    
2026-08-10T05:30:54.647147Z  WARN ThreadId(20) hotstuff_runner::app: Node 2 view(783) far exceeds block count (195); potential sync issue    
2026-08-10T05:30:54.715729Z  WARN ThreadId(20) hotstuff_runner::app: Node 2 [produce_block] queue size: 0, attempting up to 0 transactions this block    
2026-08-10T05:30:54.716498Z  WARN ThreadId(20) hotstuff_runner::app: Node 2 view(787) far exceeds block count (196); potential sync issue    
2026-08-10T05:30:54.792878Z  WARN ThreadId(20) hotstuff_runner::app: Node 2 [produce_block] queue size: 2, attempting up to 2 transactions this block    
2026-08-10T05:30:54.793055Z  WARN ThreadId(20) hotstuff_runner::app: Node 2 view(791) far exceeds block count (197); potential sync issue    
2026-08-10T05:30:54.839393Z  WARN ThreadId(20) hotstuff_runner::app: Node 2 [produce_block] queue size: 0, attempting up to 0 transactions this block    
2026-08-10T05:30:54.840700Z  WARN ThreadId(20) hotstuff_runner::app: Node 2 view(795) far exceeds block count (198); potential sync issue    
2026-08-10T05:30:54.890431Z  WARN ThreadId(20) hotstuff_runner::app: Node 2 [produce_block] queue size: 0, attempting up to 0 transactions this block    
2026-08-10T05:30:54.890929Z  WARN ThreadId(20) hotstuff_runner::app: Node 2 view(799) far exceeds block count (199); potential sync issue    
2026-08-10T05:30:54.979228Z  WARN ThreadId(20) hotstuff_runner::app: Node 2 [produce_block] queue size: 2, attempting up to 2 transactions this block    
2026-08-10T05:30:54.980042Z  WARN ThreadId(20) hotstuff_runner::app: Node 2 view(803) far exceeds block count (200); potential sync issue    
2026-08-10T05:30:55.025832Z  WARN ThreadId(20) hotstuff_runner::app: Node 2 [produce_block] queue size: 0, attempting up to 0 transactions this block    
2026-08-10T05:30:55.026113Z  WARN ThreadId(20) hotstuff_runner::app: Node 2 view(807) far exceeds block count (201); potential sync issue    
2026-08-10T05:30:55.075921Z  WARN ThreadId(20) hotstuff_runner::app: Node 2 [produce_block] queue size: 0, attempting up to 0 transactions this block    
2026-08-10T05:30:55.076997Z  WARN ThreadId(20) hotstuff_runner::app: Node 2 view(811) far exceeds block count (202); potential sync issue    
2026-08-10T05:30:55.139202Z  WARN ThreadId(20) hotstuff_runner::app: Node 2 [produce_block] queue size: 0, attempting up to 0 transactions this block    
2026-08-10T05:30:55.142430Z  WARN ThreadId(20) hotstuff_runner::app: Node 2 view(815) far exceeds block count (203); potential sync issue    
2026-08-10T05:30:55.242327Z  WARN ThreadId(20) hotstuff_runner::app: Node 2 [produce_block] queue size: 2, attempting up to 2 transactions this block    
2026-08-10T05:30:55.242876Z  WARN ThreadId(20) hotstuff_runner::app: Node 2 view(819) far exceeds block count (204); potential sync issue    
2026-08-10T05:30:55.285568Z  WARN ThreadId(20) hotstuff_runner::app: Node 2 [produce_block] queue size: 0, attempting up to 0 transactions this block    
2026-08-10T05:30:55.285836Z  WARN ThreadId(20) hotstuff_runner::app: Node 2 view(823) far exceeds block count (205); potential sync issue    
2026-08-10T05:30:55.322759Z  WARN ThreadId(20) hotstuff_runner::app: Node 2 [produce_block] queue size: 0, attempting up to 0 transactions this block    
2026-08-10T05:30:55.323108Z  WARN ThreadId(20) hotstuff_runner::app: Node 2 view(827) far exceeds block count (206); potential sync issue    
2026-08-10T05:30:55.373686Z  WARN ThreadId(20) hotstuff_runner::app: Node 2 [produce_block] queue size: 0, attempting up to 0 transactions this block    
2026-08-10T05:30:55.374517Z  WARN ThreadId(20) hotstuff_runner::app: Node 2 view(831) far exceeds block count (207); potential sync issue    
2026-08-10T05:30:55.430001Z  WARN ThreadId(20) hotstuff_runner::app: Node 2 [produce_block] queue size: 2, attempting up to 2 transactions this block    
2026-08-10T05:30:55.430176Z  WARN ThreadId(20) hotstuff_runner::app: Node 2 view(835) far exceeds block count (208); potential sync issue    
2026-08-10T05:30:55.482041Z  WARN ThreadId(20) hotstuff_runner::app: Node 2 [produce_block] queue size: 0, attempting up to 0 transactions this block    
2026-08-10T05:30:55.484863Z  WARN ThreadId(20) hotstuff_runner::app: Node 2 view(839) far exceeds block count (209); potential sync issue    
2026-08-10T05:30:55.574889Z  WARN ThreadId(20) hotstuff_runner::app: Node 2 [produce_block] queue size: 2, attempting up to 2 transactions this block    
2026-08-10T05:30:55.575201Z  WARN ThreadId(20) hotstuff_runner::app: Node 2 view(843) far exceeds block count (210); potential sync issue    
2026-08-10T05:30:55.621920Z  WARN ThreadId(20) hotstuff_runner::app: Node 2 [produce_block] queue size: 0, attempting up to 0 transactions this block    
2026-08-10T05:30:55.622389Z  WARN ThreadId(20) hotstuff_runner::app: Node 2 view(847) far exceeds block count (211); potential sync issue    
2026-08-10T05:30:55.662191Z  WARN ThreadId(20) hotstuff_runner::app: Node 2 [produce_block] queue size: 0, attempting up to 0 transactions this block    
2026-08-10T05:30:55.663048Z  WARN ThreadId(20) hotstuff_runner::app: Node 2 view(851) far exceeds block count (212); potential sync issue    
2026-08-10T05:30:55.701435Z  WARN ThreadId(20) hotstuff_runner::app: Node 2 [produce_block] queue size: 0, attempting up to 0 transactions this block    
2026-08-10T05:30:55.705307Z  WARN ThreadId(20) hotstuff_runner::app: Node 2 view(855) far exceeds block count (213); potential sync issue    
2026-08-10T05:30:55.800465Z  WARN ThreadId(20) hotstuff_runner::app: Node 2 [produce_block] queue size: 2, attempting up to 2 transactions this block    
2026-08-10T05:30:55.801086Z  WARN ThreadId(20) hotstuff_runner::app: Node 2 view(859) far exceeds block count (214); potential sync issue    
2026-08-10T05:30:55.855707Z  WARN ThreadId(20) hotstuff_runner::app: Node 2 [produce_block] queue size: 0, attempting up to 0 transactions this block    
2026-08-10T05:30:55.856132Z  WARN ThreadId(20) hotstuff_runner::app: Node 2 view(863) far exceeds block count (215); potential sync issue    
2026-08-10T05:30:55.900733Z  WARN ThreadId(20) hotstuff_runner::app: Node 2 [produce_block] queue size: 0, attempting up to 0 transactions this block    
2026-08-10T05:30:55.903910Z  WARN ThreadId(20) hotstuff_runner::app: Node 2 view(867) far exceeds block count (216); potential sync issue    
2026-08-10T05:30:55.960660Z  WARN ThreadId(20) hotstuff_runner::app: Node 2 [produce_block] queue size: 2, attempting up to 2 transactions this block    
2026-08-10T05:30:55.961660Z  WARN ThreadId(20) hotstuff_runner::app: Node 2 view(871) far exceeds block count (217); potential sync issue    
2026-08-10T05:30:56.010462Z  WARN ThreadId(20) hotstuff_runner::app: Node 2 [produce_block] queue size: 0, attempting up to 0 transactions this block    
2026-08-10T05:30:56.010846Z  WARN ThreadId(20) hotstuff_runner::app: Node 2 view(875) far exceeds block count (218); potential sync issue    
2026-08-10T05:30:56.062194Z  WARN ThreadId(20) hotstuff_runner::app: Node 2 [produce_block] queue size: 0, attempting up to 0 transactions this block    
2026-08-10T05:30:56.062622Z  WARN ThreadId(20) hotstuff_runner::app: Node 2 view(879) far exceeds block count (219); potential sync issue    
2026-08-10T05:30:56.155813Z  WARN ThreadId(20) hotstuff_runner::app: Node 2 [produce_block] queue size: 2, attempting up to 2 transactions this block    
2026-08-10T05:30:56.156133Z  WARN ThreadId(20) hotstuff_runner::app: Node 2 view(883) far exceeds block count (220); potential sync issue    
2026-08-10T05:30:56.233797Z  WARN ThreadId(20) hotstuff_runner::app: Node 2 [produce_block] queue size: 0, attempting up to 0 transactions this block    
2026-08-10T05:30:56.234269Z  WARN ThreadId(20) hotstuff_runner::app: Node 2 view(887) far exceeds block count (221); potential sync issue    
2026-08-10T05:30:56.292681Z  WARN ThreadId(20) hotstuff_runner::app: Node 2 [produce_block] queue size: 0, attempting up to 0 transactions this block    
2026-08-10T05:30:56.295041Z  WARN ThreadId(20) hotstuff_runner::app: Node 2 view(891) far exceeds block count (222); potential sync issue    
2026-08-10T05:30:56.346817Z  WARN ThreadId(20) hotstuff_runner::app: Node 2 [produce_block] queue size: 0, attempting up to 0 transactions this block    
2026-08-10T05:30:56.349791Z  WARN ThreadId(20) hotstuff_runner::app: Node 2 view(895) far exceeds block count (223); potential sync issue    
2026-08-10T05:30:56.400220Z  WARN ThreadId(20) hotstuff_runner::app: Node 2 [produce_block] queue size: 0, attempting up to 0 transactions this block    
2026-08-10T05:30:56.400604Z  WARN ThreadId(20) hotstuff_runner::app: Node 2 view(899) far exceeds block count (224); potential sync issue    
2026-08-10T05:30:56.437986Z  WARN ThreadId(20) hotstuff_runner::app: Node 2 [produce_block] queue size: 0, attempting up to 0 transactions this block    
2026-08-10T05:30:56.439596Z  WARN ThreadId(20) hotstuff_runner::app: Node 2 view(903) far exceeds block count (225); potential sync issue    
2026-08-10T05:30:56.476394Z  WARN ThreadId(20) hotstuff_runner::app: Node 2 [produce_block] queue size: 0, attempting up to 0 transactions this block    
2026-08-10T05:30:56.476573Z  WARN ThreadId(20) hotstuff_runner::app: Node 2 view(907) far exceeds block count (226); potential sync issue    
2026-08-10T05:30:56.523627Z  WARN ThreadId(20) hotstuff_runner::app: Node 2 [produce_block] queue size: 0, attempting up to 0 transactions this block    
2026-08-10T05:30:56.526274Z  WARN ThreadId(20) hotstuff_runner::app: Node 2 view(911) far exceeds block count (227); potential sync issue    
2026-08-10T05:30:56.585956Z  WARN ThreadId(20) hotstuff_runner::app: Node 2 [produce_block] queue size: 2, attempting up to 2 transactions this block    
2026-08-10T05:30:56.588288Z  WARN ThreadId(20) hotstuff_runner::app: Node 2 view(915) far exceeds block count (228); potential sync issue    
2026-08-10T05:30:56.638529Z  WARN ThreadId(20) hotstuff_runner::app: Node 2 [produce_block] queue size: 0, attempting up to 0 transactions this block    
2026-08-10T05:30:56.638901Z  WARN ThreadId(20) hotstuff_runner::app: Node 2 view(919) far exceeds block count (229); potential sync issue    
2026-08-10T05:30:56.685389Z  WARN ThreadId(20) hotstuff_runner::app: Node 2 [produce_block] queue size: 0, attempting up to 0 transactions this block    
2026-08-10T05:30:56.686783Z  WARN ThreadId(20) hotstuff_runner::app: Node 2 view(923) far exceeds block count (230); potential sync issue    
2026-08-10T05:30:56.758419Z  WARN ThreadId(20) hotstuff_runner::app: Node 2 [produce_block] queue size: 2, attempting up to 2 transactions this block    
2026-08-10T05:30:56.758974Z  WARN ThreadId(20) hotstuff_runner::app: Node 2 view(927) far exceeds block count (231); potential sync issue    
2026-08-10T05:30:56.832819Z  WARN ThreadId(20) hotstuff_runner::app: Node 2 [produce_block] queue size: 0, attempting up to 0 transactions this block    
2026-08-10T05:30:56.843426Z  WARN ThreadId(20) hotstuff_runner::app: Node 2 view(931) far exceeds block count (232); potential sync issue    
2026-08-10T05:30:56.899718Z  WARN ThreadId(02) docker_node:   Connection reuse ineffective (2.0 msg/conn)
2026-08-10T05:30:56.904316Z  WARN ThreadId(20) hotstuff_runner::app: Node 2 [produce_block] queue size: 0, attempting up to 0 transactions this block    
2026-08-10T05:30:56.904598Z  WARN ThreadId(20) hotstuff_runner::app: Node 2 view(935) far exceeds block count (233); potential sync issue    
2026-08-10T05:30:56.956556Z  WARN ThreadId(20) hotstuff_runner::app: Node 2 [produce_block] queue size: 2, attempting up to 2 transactions this block    
2026-08-10T05:30:56.956813Z  WARN ThreadId(20) hotstuff_runner::app: Node 2 view(939) far exceeds block count (234); potential sync issue    
2026-08-10T05:30:56.996587Z  WARN ThreadId(20) hotstuff_runner::app: Node 2 [produce_block] queue size: 0, attempting up to 0 transactions this block    
2026-08-10T05:30:56.998071Z  WARN ThreadId(20) hotstuff_runner::app: Node 2 view(943) far exceeds block count (235); potential sync issue    
2026-08-10T05:30:57.066115Z  WARN ThreadId(20) hotstuff_runner::app: Node 2 [produce_block] queue size: 0, attempting up to 0 transactions this block    
2026-08-10T05:30:57.067451Z  WARN ThreadId(20) hotstuff_runner::app: Node 2 view(947) far exceeds block count (236); potential sync issue    
2026-08-10T05:30:57.120059Z  WARN ThreadId(20) hotstuff_runner::app: Node 2 [produce_block] queue size: 2, attempting up to 2 transactions this block    
2026-08-10T05:30:57.125346Z  WARN ThreadId(20) hotstuff_runner::app: Node 2 view(951) far exceeds block count (237); potential sync issue    
2026-08-10T05:30:57.168390Z  WARN ThreadId(20) hotstuff_runner::app: Node 2 [produce_block] queue size: 0, attempting up to 0 transactions this block    
2026-08-10T05:30:57.169030Z  WARN ThreadId(20) hotstuff_runner::app: Node 2 view(955) far exceeds block count (238); potential sync issue    
2026-08-10T05:30:57.210598Z  WARN ThreadId(20) hotstuff_runner::app: Node 2 [produce_block] queue size: 0, attempting up to 0 transactions this block    
2026-08-10T05:30:57.210777Z  WARN ThreadId(20) hotstuff_runner::app: Node 2 view(959) far exceeds block count (239); potential sync issue    
2026-08-10T05:30:57.244597Z  WARN ThreadId(20) hotstuff_runner::app: Node 2 [produce_block] queue size: 0, attempting up to 0 transactions this block    
2026-08-10T05:30:57.244726Z  WARN ThreadId(20) hotstuff_runner::app: Node 2 view(963) far exceeds block count (240); potential sync issue    
2026-08-10T05:30:57.313841Z  WARN ThreadId(20) hotstuff_runner::app: Node 2 [produce_block] queue size: 2, attempting up to 2 transactions this block    
2026-08-10T05:30:57.318776Z  WARN ThreadId(20) hotstuff_runner::app: Node 2 view(967) far exceeds block count (241); potential sync issue    
2026-08-10T05:30:57.365666Z  WARN ThreadId(20) hotstuff_runner::app: Node 2 [produce_block] queue size: 0, attempting up to 0 transactions this block    
2026-08-10T05:30:57.366921Z  WARN ThreadId(20) hotstuff_runner::app: Node 2 view(971) far exceeds block count (242); potential sync issue    
2026-08-10T05:30:57.418022Z  WARN ThreadId(20) hotstuff_runner::app: Node 2 [produce_block] queue size: 0, attempting up to 0 transactions this block    
2026-08-10T05:30:57.418865Z  WARN ThreadId(20) hotstuff_runner::app: Node 2 view(975) far exceeds block count (243); potential sync issue    
2026-08-10T05:30:57.492997Z  WARN ThreadId(20) hotstuff_runner::app: Node 2 [produce_block] queue size: 2, attempting up to 2 transactions this block    
2026-08-10T05:30:57.493204Z  WARN ThreadId(20) hotstuff_runner::app: Node 2 view(979) far exceeds block count (244); potential sync issue    
2026-08-10T05:30:57.533232Z  WARN ThreadId(20) hotstuff_runner::app: Node 2 [produce_block] queue size: 0, attempting up to 0 transactions this block    
2026-08-10T05:30:57.533372Z  WARN ThreadId(20) hotstuff_runner::app: Node 2 view(983) far exceeds block count (245); potential sync issue    
2026-08-10T05:30:57.583099Z  WARN ThreadId(20) hotstuff_runner::app: Node 2 [produce_block] queue size: 0, attempting up to 0 transactions this block    
2026-08-10T05:30:57.583418Z  WARN ThreadId(20) hotstuff_runner::app: Node 2 view(987) far exceeds block count (246); potential sync issue    
2026-08-10T05:30:57.627513Z  WARN ThreadId(20) hotstuff_runner::app: Node 2 [produce_block] queue size: 0, attempting up to 0 transactions this block    
2026-08-10T05:30:57.627652Z  WARN ThreadId(20) hotstuff_runner::app: Node 2 view(991) far exceeds block count (247); potential sync issue    
2026-08-10T05:30:57.688571Z  WARN ThreadId(20) hotstuff_runner::app: Node 2 [produce_block] queue size: 2, attempting up to 2 transactions this block    
2026-08-10T05:30:57.688901Z  WARN ThreadId(20) hotstuff_runner::app: Node 2 view(995) far exceeds block count (248); potential sync issue    
2026-08-10T05:30:57.727148Z  WARN ThreadId(20) hotstuff_runner::app: Node 2 [produce_block] queue size: 0, attempting up to 0 transactions this block    
2026-08-10T05:30:57.727476Z  WARN ThreadId(20) hotstuff_runner::app: Node 2 view(999) far exceeds block count (249); potential sync issue    
2026-08-10T05:30:57.767919Z  WARN ThreadId(20) hotstuff_runner::app: Node 2 [produce_block] queue size: 0, attempting up to 0 transactions this block    
2026-08-10T05:30:57.771340Z  WARN ThreadId(20) hotstuff_runner::app: Node 2 view(1003) far exceeds block count (250); potential sync issue    
2026-08-10T05:30:57.819884Z  WARN ThreadId(20) hotstuff_runner::app: Node 2 [produce_block] queue size: 0, attempting up to 0 transactions this block    
2026-08-10T05:30:57.826408Z  WARN ThreadId(20) hotstuff_runner::app: Node 2 view(1007) far exceeds block count (251); potential sync issue    
2026-08-10T05:30:57.996332Z  WARN ThreadId(20) hotstuff_runner::app: Node 2 [produce_block] queue size: 2, attempting up to 2 transactions this block    
2026-08-10T05:30:57.997498Z  WARN ThreadId(20) hotstuff_runner::app: Node 2 view(1011) far exceeds block count (252); potential sync issue    
2026-08-10T05:30:58.047913Z  WARN ThreadId(20) hotstuff_runner::app: Node 2 [produce_block] queue size: 0, attempting up to 0 transactions this block    
2026-08-10T05:30:58.055008Z  WARN ThreadId(20) hotstuff_runner::app: Node 2 view(1015) far exceeds block count (253); potential sync issue    
2026-08-10T05:30:58.113912Z  WARN ThreadId(20) hotstuff_runner::app: Node 2 [produce_block] queue size: 2, attempting up to 2 transactions this block    
2026-08-10T05:30:58.117133Z  WARN ThreadId(20) hotstuff_runner::app: Node 2 view(1019) far exceeds block count (254); potential sync issue    
2026-08-10T05:30:58.193763Z  WARN ThreadId(20) hotstuff_runner::app: Node 2 [produce_block] queue size: 0, attempting up to 0 transactions this block    
2026-08-10T05:30:58.195105Z  WARN ThreadId(20) hotstuff_runner::app: Node 2 view(1023) far exceeds block count (255); potential sync issue    
2026-08-10T05:30:58.244039Z  WARN ThreadId(20) hotstuff_runner::app: Node 2 [produce_block] queue size: 0, attempting up to 0 transactions this block    
2026-08-10T05:30:58.244316Z  WARN ThreadId(20) hotstuff_runner::app: Node 2 view(1027) far exceeds block count (256); potential sync issue    
2026-08-10T05:30:58.255924Z  WARN ThreadId(25) hotstuff_runner::smrol::network: ⚠️ [Check] Writer 2 -> 1 slow write: 7.722709ms
2026-08-10T05:30:58.324149Z  WARN ThreadId(20) hotstuff_runner::app: Node 2 [produce_block] queue size: 2, attempting up to 2 transactions this block    
2026-08-10T05:30:58.325516Z  WARN ThreadId(20) hotstuff_runner::app: Node 2 view(1031) far exceeds block count (257); potential sync issue    
2026-08-10T05:30:58.376564Z  WARN ThreadId(20) hotstuff_runner::app: Node 2 [produce_block] queue size: 0, attempting up to 0 transactions this block    
2026-08-10T05:30:58.376800Z  WARN ThreadId(20) hotstuff_runner::app: Node 2 view(1035) far exceeds block count (258); potential sync issue    
2026-08-10T05:30:58.426228Z  WARN ThreadId(20) hotstuff_runner::app: Node 2 [produce_block] queue size: 0, attempting up to 0 transactions this block    
2026-08-10T05:30:58.426934Z  WARN ThreadId(20) hotstuff_runner::app: Node 2 view(1039) far exceeds block count (259); potential sync issue    
2026-08-10T05:30:58.487702Z  WARN ThreadId(20) hotstuff_runner::app: Node 2 [produce_block] queue size: 2, attempting up to 2 transactions this block    
2026-08-10T05:30:58.487937Z  WARN ThreadId(20) hotstuff_runner::app: Node 2 view(1043) far exceeds block count (260); potential sync issue    
2026-08-10T05:30:58.527401Z  WARN ThreadId(20) hotstuff_runner::app: Node 2 [produce_block] queue size: 0, attempting up to 0 transactions this block    
2026-08-10T05:30:58.527765Z  WARN ThreadId(20) hotstuff_runner::app: Node 2 view(1047) far exceeds block count (261); potential sync issue    
2026-08-10T05:30:58.564554Z  WARN ThreadId(20) hotstuff_runner::app: Node 2 [produce_block] queue size: 0, attempting up to 0 transactions this block    
2026-08-10T05:30:58.564891Z  WARN ThreadId(20) hotstuff_runner::app: Node 2 view(1051) far exceeds block count (262); potential sync issue    
2026-08-10T05:30:58.601955Z  WARN ThreadId(20) hotstuff_runner::app: Node 2 [produce_block] queue size: 0, attempting up to 0 transactions this block    
2026-08-10T05:30:58.602093Z  WARN ThreadId(20) hotstuff_runner::app: Node 2 view(1055) far exceeds block count (263); potential sync issue    
2026-08-10T05:30:58.639976Z  WARN ThreadId(20) hotstuff_runner::app: Node 2 [produce_block] queue size: 0, attempting up to 0 transactions this block    
2026-08-10T05:30:58.640628Z  WARN ThreadId(20) hotstuff_runner::app: Node 2 view(1059) far exceeds block count (264); potential sync issue    
2026-08-10T05:30:58.691017Z  WARN ThreadId(20) hotstuff_runner::app: Node 2 [produce_block] queue size: 2, attempting up to 2 transactions this block    
2026-08-10T05:30:58.691699Z  WARN ThreadId(20) hotstuff_runner::app: Node 2 view(1063) far exceeds block count (265); potential sync issue    
2026-08-10T05:30:58.744560Z  WARN ThreadId(20) hotstuff_runner::app: Node 2 [produce_block] queue size: 0, attempting up to 0 transactions this block    
2026-08-10T05:30:58.745186Z  WARN ThreadId(20) hotstuff_runner::app: Node 2 view(1067) far exceeds block count (266); potential sync issue    
2026-08-10T05:30:58.780203Z  WARN ThreadId(20) hotstuff_runner::app: Node 2 [produce_block] queue size: 0, attempting up to 0 transactions this block    
2026-08-10T05:30:58.780413Z  WARN ThreadId(20) hotstuff_runner::app: Node 2 view(1071) far exceeds block count (267); potential sync issue    
2026-08-10T05:30:58.841589Z  WARN ThreadId(20) hotstuff_runner::app: Node 2 [produce_block] queue size: 0, attempting up to 0 transactions this block    
2026-08-10T05:30:58.841765Z  WARN ThreadId(20) hotstuff_runner::app: Node 2 view(1075) far exceeds block count (268); potential sync issue    
2026-08-10T05:30:58.907418Z  WARN ThreadId(20) hotstuff_runner::app: Node 2 [produce_block] queue size: 2, attempting up to 2 transactions this block    
2026-08-10T05:30:58.907642Z  WARN ThreadId(20) hotstuff_runner::app: Node 2 view(1079) far exceeds block count (269); potential sync issue    
2026-08-10T05:30:58.966597Z  WARN ThreadId(20) hotstuff_runner::app: Node 2 [produce_block] queue size: 0, attempting up to 0 transactions this block    
2026-08-10T05:30:58.967555Z  WARN ThreadId(20) hotstuff_runner::app: Node 2 view(1083) far exceeds block count (270); potential sync issue    
2026-08-10T05:30:59.006111Z  WARN ThreadId(20) hotstuff_runner::app: Node 2 [produce_block] queue size: 0, attempting up to 0 transactions this block    
2026-08-10T05:30:59.006419Z  WARN ThreadId(20) hotstuff_runner::app: Node 2 view(1087) far exceeds block count (271); potential sync issue    
2026-08-10T05:30:59.100524Z  WARN ThreadId(20) hotstuff_runner::app: Node 2 [produce_block] queue size: 2, attempting up to 2 transactions this block    
2026-08-10T05:30:59.101241Z  WARN ThreadId(20) hotstuff_runner::app: Node 2 view(1091) far exceeds block count (272); potential sync issue    
2026-08-10T05:30:59.185545Z  WARN ThreadId(20) hotstuff_runner::app: Node 2 [produce_block] queue size: 0, attempting up to 0 transactions this block    
2026-08-10T05:30:59.188210Z  WARN ThreadId(20) hotstuff_runner::app: Node 2 view(1095) far exceeds block count (273); potential sync issue    
2026-08-10T05:30:59.309637Z  WARN ThreadId(20) hotstuff_runner::app: Node 2 [produce_block] queue size: 2, attempting up to 2 transactions this block    
2026-08-10T05:30:59.309890Z  WARN ThreadId(20) hotstuff_runner::app: Node 2 view(1099) far exceeds block count (274); potential sync issue    
2026-08-10T05:30:59.345357Z  WARN ThreadId(20) hotstuff_runner::app: Node 2 [produce_block] queue size: 0, attempting up to 0 transactions this block    
2026-08-10T05:30:59.345508Z  WARN ThreadId(20) hotstuff_runner::app: Node 2 view(1103) far exceeds block count (275); potential sync issue    
2026-08-10T05:30:59.379251Z  WARN ThreadId(20) hotstuff_runner::app: Node 2 [produce_block] queue size: 0, attempting up to 0 transactions this block    
2026-08-10T05:30:59.379544Z  WARN ThreadId(20) hotstuff_runner::app: Node 2 view(1107) far exceeds block count (276); potential sync issue    
2026-08-10T05:30:59.433965Z  WARN ThreadId(20) hotstuff_runner::app: Node 2 [produce_block] queue size: 2, attempting up to 2 transactions this block    
2026-08-10T05:30:59.434368Z  WARN ThreadId(20) hotstuff_runner::app: Node 2 view(1111) far exceeds block count (277); potential sync issue    
2026-08-10T05:30:59.478438Z  WARN ThreadId(20) hotstuff_runner::app: Node 2 [produce_block] queue size: 0, attempting up to 0 transactions this block    
2026-08-10T05:30:59.479605Z  WARN ThreadId(20) hotstuff_runner::app: Node 2 view(1115) far exceeds block count (278); potential sync issue    
2026-08-10T05:30:59.520684Z  WARN ThreadId(20) hotstuff_runner::app: Node 2 [produce_block] queue size: 0, attempting up to 0 transactions this block    
2026-08-10T05:30:59.520998Z  WARN ThreadId(20) hotstuff_runner::app: Node 2 view(1119) far exceeds block count (279); potential sync issue    
2026-08-10T05:30:59.559716Z  WARN ThreadId(20) hotstuff_runner::app: Node 2 [produce_block] queue size: 0, attempting up to 0 transactions this block    
2026-08-10T05:30:59.559843Z  WARN ThreadId(20) hotstuff_runner::app: Node 2 view(1123) far exceeds block count (280); potential sync issue    
2026-08-10T05:30:59.640510Z  WARN ThreadId(20) hotstuff_runner::app: Node 2 [produce_block] queue size: 2, attempting up to 2 transactions this block    
2026-08-10T05:30:59.642556Z  WARN ThreadId(20) hotstuff_runner::app: Node 2 view(1127) far exceeds block count (281); potential sync issue    
2026-08-10T05:30:59.694553Z  WARN ThreadId(20) hotstuff_runner::app: Node 2 [produce_block] queue size: 0, attempting up to 0 transactions this block    
2026-08-10T05:30:59.694692Z  WARN ThreadId(20) hotstuff_runner::app: Node 2 view(1131) far exceeds block count (282); potential sync issue    
2026-08-10T05:30:59.747291Z  WARN ThreadId(20) hotstuff_runner::app: Node 2 [produce_block] queue size: 0, attempting up to 0 transactions this block    
2026-08-10T05:30:59.747489Z  WARN ThreadId(20) hotstuff_runner::app: Node 2 view(1135) far exceeds block count (283); potential sync issue    
2026-08-10T05:30:59.827481Z  WARN ThreadId(20) hotstuff_runner::app: Node 2 [produce_block] queue size: 2, attempting up to 2 transactions this block    
2026-08-10T05:30:59.827954Z  WARN ThreadId(20) hotstuff_runner::app: Node 2 view(1139) far exceeds block count (284); potential sync issue    
2026-08-10T05:30:59.891581Z  WARN ThreadId(20) hotstuff_runner::app: Node 2 [produce_block] queue size: 0, attempting up to 0 transactions this block    
2026-08-10T05:30:59.893464Z  WARN ThreadId(20) hotstuff_runner::app: Node 2 view(1143) far exceeds block count (285); potential sync issue    
2026-08-10T05:30:59.946850Z  WARN ThreadId(20) hotstuff_runner::app: Node 2 [produce_block] queue size: 0, attempting up to 0 transactions this block    
2026-08-10T05:30:59.948271Z  WARN ThreadId(20) hotstuff_runner::app: Node 2 view(1147) far exceeds block count (286); potential sync issue    
2026-08-10T05:31:00.004224Z  WARN ThreadId(20) hotstuff_runner::app: Node 2 [produce_block] queue size: 2, attempting up to 2 transactions this block    
2026-08-10T05:31:00.015224Z  WARN ThreadId(20) hotstuff_runner::app: Node 2 view(1151) far exceeds block count (287); potential sync issue    
2026-08-10T05:31:00.045455Z  WARN ThreadId(20) hotstuff_runner::app: Node 2 [produce_block] queue size: 0, attempting up to 0 transactions this block    
2026-08-10T05:31:00.047651Z  WARN ThreadId(20) hotstuff_runner::app: Node 2 view(1155) far exceeds block count (288); potential sync issue    
2026-08-10T05:31:00.089043Z  WARN ThreadId(20) hotstuff_runner::app: Node 2 [produce_block] queue size: 0, attempting up to 0 transactions this block    
2026-08-10T05:31:00.092934Z  WARN ThreadId(20) hotstuff_runner::app: Node 2 view(1159) far exceeds block count (289); potential sync issue    
2026-08-10T05:31:00.141259Z  WARN ThreadId(20) hotstuff_runner::app: Node 2 [produce_block] queue size: 0, attempting up to 0 transactions this block    
2026-08-10T05:31:00.143884Z  WARN ThreadId(20) hotstuff_runner::app: Node 2 view(1163) far exceeds block count (290); potential sync issue    
2026-08-10T05:31:00.199599Z  WARN ThreadId(20) hotstuff_runner::app: Node 2 [produce_block] queue size: 2, attempting up to 2 transactions this block    
2026-08-10T05:31:00.203738Z  WARN ThreadId(20) hotstuff_runner::app: Node 2 view(1167) far exceeds block count (291); potential sync issue    
2026-08-10T05:31:00.283587Z  WARN ThreadId(20) hotstuff_runner::app: Node 2 [produce_block] queue size: 0, attempting up to 0 transactions this block    
2026-08-10T05:31:00.289912Z  WARN ThreadId(20) hotstuff_runner::app: Node 2 view(1171) far exceeds block count (292); potential sync issue    
2026-08-10T05:31:00.491627Z  WARN ThreadId(20) hotstuff_runner::app: Node 2 [produce_block] queue size: 2, attempting up to 2 transactions this block    
2026-08-10T05:31:00.492232Z  WARN ThreadId(20) hotstuff_runner::app: Node 2 view(1175) far exceeds block count (293); potential sync issue    
2026-08-10T05:31:00.568682Z  WARN ThreadId(20) hotstuff_runner::app: Node 2 [produce_block] queue size: 2, attempting up to 2 transactions this block    
2026-08-10T05:31:00.569305Z  WARN ThreadId(20) hotstuff_runner::app: Node 2 view(1179) far exceeds block count (294); potential sync issue    
2026-08-10T05:31:00.625798Z  WARN ThreadId(20) hotstuff_runner::app: Node 2 [produce_block] queue size: 0, attempting up to 0 transactions this block    
2026-08-10T05:31:00.626016Z  WARN ThreadId(20) hotstuff_runner::app: Node 2 view(1183) far exceeds block count (295); potential sync issue    
2026-08-10T05:31:00.723436Z  WARN ThreadId(20) hotstuff_runner::app: Node 2 [produce_block] queue size: 0, attempting up to 0 transactions this block    
2026-08-10T05:31:00.724898Z  WARN ThreadId(20) hotstuff_runner::app: Node 2 view(1187) far exceeds block count (296); potential sync issue    
2026-08-10T05:31:00.792265Z  WARN ThreadId(20) hotstuff_runner::app: Node 2 [produce_block] queue size: 2, attempting up to 2 transactions this block    
2026-08-10T05:31:00.792697Z  WARN ThreadId(20) hotstuff_runner::app: Node 2 view(1191) far exceeds block count (297); potential sync issue    
2026-08-10T05:31:00.844347Z  WARN ThreadId(20) hotstuff_runner::app: Node 2 [produce_block] queue size: 0, attempting up to 0 transactions this block    
2026-08-10T05:31:00.845784Z  WARN ThreadId(20) hotstuff_runner::app: Node 2 view(1195) far exceeds block count (298); potential sync issue    
2026-08-10T05:31:00.888400Z  WARN ThreadId(20) hotstuff_runner::app: Node 2 [produce_block] queue size: 0, attempting up to 0 transactions this block    
2026-08-10T05:31:00.888592Z  WARN ThreadId(20) hotstuff_runner::app: Node 2 view(1199) far exceeds block count (299); potential sync issue    
2026-08-10T05:31:00.957266Z  WARN ThreadId(20) hotstuff_runner::app: Node 2 [produce_block] queue size: 2, attempting up to 2 transactions this block    
2026-08-10T05:31:00.962629Z  WARN ThreadId(20) hotstuff_runner::app: Node 2 view(1203) far exceeds block count (300); potential sync issue    
2026-08-10T05:31:01.025525Z  WARN ThreadId(20) hotstuff_runner::app: Node 2 [produce_block] queue size: 0, attempting up to 0 transactions this block    
2026-08-10T05:31:01.025871Z  WARN ThreadId(20) hotstuff_runner::app: Node 2 view(1207) far exceeds block count (301); potential sync issue    
2026-08-10T05:31:01.083724Z  WARN ThreadId(20) hotstuff_runner::app: Node 2 [produce_block] queue size: 0, attempting up to 0 transactions this block    
2026-08-10T05:31:01.084202Z  WARN ThreadId(20) hotstuff_runner::app: Node 2 view(1211) far exceeds block count (302); potential sync issue    
2026-08-10T05:31:01.181056Z  WARN ThreadId(20) hotstuff_runner::app: Node 2 [produce_block] queue size: 2, attempting up to 2 transactions this block    
2026-08-10T05:31:01.181920Z  WARN ThreadId(20) hotstuff_runner::app: Node 2 view(1215) far exceeds block count (303); potential sync issue    
2026-08-10T05:31:01.250094Z  WARN ThreadId(20) hotstuff_runner::app: Node 2 [produce_block] queue size: 0, attempting up to 0 transactions this block    
2026-08-10T05:31:01.250235Z  WARN ThreadId(20) hotstuff_runner::app: Node 2 view(1219) far exceeds block count (304); potential sync issue    
2026-08-10T05:31:01.300472Z  WARN ThreadId(20) hotstuff_runner::app: Node 2 [produce_block] queue size: 0, attempting up to 0 transactions this block    
2026-08-10T05:31:01.308920Z  WARN ThreadId(20) hotstuff_runner::app: Node 2 view(1223) far exceeds block count (305); potential sync issue    
2026-08-10T05:31:01.397536Z  WARN ThreadId(20) hotstuff_runner::app: Node 2 [produce_block] queue size: 2, attempting up to 2 transactions this block    
2026-08-10T05:31:01.398254Z  WARN ThreadId(20) hotstuff_runner::app: Node 2 view(1227) far exceeds block count (306); potential sync issue    
2026-08-10T05:31:01.462140Z  WARN ThreadId(20) hotstuff_runner::app: Node 2 [produce_block] queue size: 0, attempting up to 0 transactions this block    
2026-08-10T05:31:01.463734Z  WARN ThreadId(20) hotstuff_runner::app: Node 2 view(1231) far exceeds block count (307); potential sync issue    
2026-08-10T05:31:01.519546Z  WARN ThreadId(20) hotstuff_runner::app: Node 2 [produce_block] queue size: 0, attempting up to 0 transactions this block    
2026-08-10T05:31:01.519970Z  WARN ThreadId(20) hotstuff_runner::app: Node 2 view(1235) far exceeds block count (308); potential sync issue    
2026-08-10T05:31:01.588502Z  WARN ThreadId(20) hotstuff_runner::app: Node 2 [produce_block] queue size: 0, attempting up to 0 transactions this block    
2026-08-10T05:31:01.589371Z  WARN ThreadId(20) hotstuff_runner::app: Node 2 view(1239) far exceeds block count (309); potential sync issue    
2026-08-10T05:31:01.640714Z  WARN ThreadId(20) hotstuff_runner::app: Node 2 [produce_block] queue size: 2, attempting up to 2 transactions this block    
2026-08-10T05:31:01.646218Z  WARN ThreadId(20) hotstuff_runner::app: Node 2 view(1243) far exceeds block count (310); potential sync issue    
2026-08-10T05:31:01.718490Z  WARN ThreadId(20) hotstuff_runner::app: Node 2 [produce_block] queue size: 0, attempting up to 0 transactions this block    
2026-08-10T05:31:01.725131Z  WARN ThreadId(20) hotstuff_runner::app: Node 2 view(1247) far exceeds block count (311); potential sync issue    
2026-08-10T05:31:01.801197Z  WARN ThreadId(20) hotstuff_runner::app: Node 2 [produce_block] queue size: 2, attempting up to 2 transactions this block    
2026-08-10T05:31:01.802276Z  WARN ThreadId(20) hotstuff_runner::app: Node 2 view(1251) far exceeds block count (312); potential sync issue    
2026-08-10T05:31:01.854410Z  WARN ThreadId(20) hotstuff_runner::app: Node 2 [produce_block] queue size: 0, attempting up to 0 transactions this block    
2026-08-10T05:31:01.854915Z  WARN ThreadId(20) hotstuff_runner::app: Node 2 view(1255) far exceeds block count (313); potential sync issue    
2026-08-10T05:31:01.897059Z  WARN ThreadId(20) hotstuff_runner::app: Node 2 [produce_block] queue size: 0, attempting up to 0 transactions this block    
2026-08-10T05:31:01.897557Z  WARN ThreadId(20) hotstuff_runner::app: Node 2 view(1259) far exceeds block count (314); potential sync issue    
2026-08-10T05:31:01.899824Z  WARN ThreadId(07) docker_node:   Connection reuse ineffective (2.0 msg/conn)
2026-08-10T05:31:01.975022Z  WARN ThreadId(20) hotstuff_runner::app: Node 2 [produce_block] queue size: 2, attempting up to 2 transactions this block    
2026-08-10T05:31:01.975179Z  WARN ThreadId(20) hotstuff_runner::app: Node 2 view(1263) far exceeds block count (315); potential sync issue    
2026-08-10T05:31:02.031300Z  WARN ThreadId(20) hotstuff_runner::app: Node 2 [produce_block] queue size: 0, attempting up to 0 transactions this block    
2026-08-10T05:31:02.032112Z  WARN ThreadId(20) hotstuff_runner::app: Node 2 view(1267) far exceeds block count (316); potential sync issue    
2026-08-10T05:31:02.135523Z  WARN ThreadId(20) hotstuff_runner::app: Node 2 [produce_block] queue size: 0, attempting up to 0 transactions this block    
2026-08-10T05:31:02.136205Z  WARN ThreadId(20) hotstuff_runner::app: Node 2 view(1271) far exceeds block count (317); potential sync issue    
2026-08-10T05:31:02.184894Z  WARN ThreadId(26) hotstuff_runner::smrol::network: ⚠️ [Check] Writer 2 -> 3 slow write: 16.763375ms
2026-08-10T05:31:02.233737Z  WARN ThreadId(20) hotstuff_runner::app: Node 2 [produce_block] queue size: 2, attempting up to 2 transactions this block    
2026-08-10T05:31:02.235026Z  WARN ThreadId(20) hotstuff_runner::app: Node 2 view(1275) far exceeds block count (318); potential sync issue    
2026-08-10T05:31:02.287344Z  WARN ThreadId(20) hotstuff_runner::app: Node 2 [produce_block] queue size: 0, attempting up to 0 transactions this block    
2026-08-10T05:31:02.287617Z  WARN ThreadId(20) hotstuff_runner::app: Node 2 view(1279) far exceeds block count (319); potential sync issue    
2026-08-10T05:31:02.348831Z  WARN ThreadId(20) hotstuff_runner::app: Node 2 [produce_block] queue size: 0, attempting up to 0 transactions this block    
2026-08-10T05:31:02.349824Z  WARN ThreadId(20) hotstuff_runner::app: Node 2 view(1283) far exceeds block count (320); potential sync issue    
2026-08-10T05:31:02.443280Z  WARN ThreadId(20) hotstuff_runner::app: Node 2 [produce_block] queue size: 2, attempting up to 2 transactions this block    
2026-08-10T05:31:02.446584Z  WARN ThreadId(20) hotstuff_runner::app: Node 2 view(1287) far exceeds block count (321); potential sync issue    
2026-08-10T05:31:02.523333Z  WARN ThreadId(20) hotstuff_runner::app: Node 2 [produce_block] queue size: 0, attempting up to 0 transactions this block    
2026-08-10T05:31:02.526646Z  WARN ThreadId(20) hotstuff_runner::app: Node 2 view(1291) far exceeds block count (322); potential sync issue    
2026-08-10T05:31:02.607877Z  WARN ThreadId(20) hotstuff_runner::app: Node 2 [produce_block] queue size: 0, attempting up to 0 transactions this block    
2026-08-10T05:31:02.609606Z  WARN ThreadId(20) hotstuff_runner::app: Node 2 view(1295) far exceeds block count (323); potential sync issue    
2026-08-10T05:31:02.656049Z  WARN ThreadId(20) hotstuff_runner::app: Node 2 [produce_block] queue size: 0, attempting up to 0 transactions this block    
2026-08-10T05:31:02.656357Z  WARN ThreadId(20) hotstuff_runner::app: Node 2 view(1299) far exceeds block count (324); potential sync issue    
2026-08-10T05:31:02.696744Z  WARN ThreadId(20) hotstuff_runner::app: Node 2 [produce_block] queue size: 0, attempting up to 0 transactions this block    
2026-08-10T05:31:02.697590Z  WARN ThreadId(20) hotstuff_runner::app: Node 2 view(1303) far exceeds block count (325); potential sync issue    
2026-08-10T05:31:02.732627Z  WARN ThreadId(20) hotstuff_runner::app: Node 2 [produce_block] queue size: 0, attempting up to 0 transactions this block    
2026-08-10T05:31:02.734012Z  WARN ThreadId(20) hotstuff_runner::app: Node 2 view(1307) far exceeds block count (326); potential sync issue    
2026-08-10T05:31:02.805948Z  WARN ThreadId(20) hotstuff_runner::app: Node 2 [produce_block] queue size: 2, attempting up to 2 transactions this block    
2026-08-10T05:31:02.806322Z  WARN ThreadId(20) hotstuff_runner::app: Node 2 view(1311) far exceeds block count (327); potential sync issue    
2026-08-10T05:31:02.880446Z  WARN ThreadId(20) hotstuff_runner::app: Node 2 [produce_block] queue size: 0, attempting up to 0 transactions this block    
2026-08-10T05:31:02.885647Z  WARN ThreadId(20) hotstuff_runner::app: Node 2 view(1315) far exceeds block count (328); potential sync issue    
2026-08-10T05:31:02.943947Z  WARN ThreadId(20) hotstuff_runner::app: Node 2 [produce_block] queue size: 0, attempting up to 0 transactions this block    
2026-08-10T05:31:02.954935Z  WARN ThreadId(20) hotstuff_runner::app: Node 2 view(1319) far exceeds block count (329); potential sync issue    
2026-08-10T05:31:03.003237Z  WARN ThreadId(20) hotstuff_runner::app: Node 2 [produce_block] queue size: 2, attempting up to 2 transactions this block    
2026-08-10T05:31:03.005225Z  WARN ThreadId(20) hotstuff_runner::app: Node 2 view(1323) far exceeds block count (330); potential sync issue    
2026-08-10T05:31:03.059358Z  WARN ThreadId(20) hotstuff_runner::app: Node 2 [produce_block] queue size: 0, attempting up to 0 transactions this block    
2026-08-10T05:31:03.059778Z  WARN ThreadId(20) hotstuff_runner::app: Node 2 view(1327) far exceeds block count (331); potential sync issue    
2026-08-10T05:31:03.107123Z  WARN ThreadId(20) hotstuff_runner::app: Node 2 [produce_block] queue size: 0, attempting up to 0 transactions this block    
2026-08-10T05:31:03.109466Z  WARN ThreadId(20) hotstuff_runner::app: Node 2 view(1331) far exceeds block count (332); potential sync issue    
2026-08-10T05:31:03.151352Z  WARN ThreadId(20) hotstuff_runner::app: Node 2 [produce_block] queue size: 0, attempting up to 0 transactions this block    
2026-08-10T05:31:03.152104Z  WARN ThreadId(20) hotstuff_runner::app: Node 2 view(1335) far exceeds block count (333); potential sync issue    
2026-08-10T05:31:03.224309Z  WARN ThreadId(20) hotstuff_runner::app: Node 2 [produce_block] queue size: 2, attempting up to 2 transactions this block    
2026-08-10T05:31:03.225088Z  WARN ThreadId(20) hotstuff_runner::app: Node 2 view(1339) far exceeds block count (334); potential sync issue    
2026-08-10T05:31:03.274949Z  WARN ThreadId(20) hotstuff_runner::app: Node 2 [produce_block] queue size: 0, attempting up to 0 transactions this block    
2026-08-10T05:31:03.275448Z  WARN ThreadId(20) hotstuff_runner::app: Node 2 view(1343) far exceeds block count (335); potential sync issue    
2026-08-10T05:31:03.358921Z  WARN ThreadId(20) hotstuff_runner::app: Node 2 [produce_block] queue size: 0, attempting up to 0 transactions this block    
2026-08-10T05:31:03.359440Z  WARN ThreadId(20) hotstuff_runner::app: Node 2 view(1347) far exceeds block count (336); potential sync issue    
2026-08-10T05:31:03.421855Z  WARN ThreadId(20) hotstuff_runner::app: Node 2 [produce_block] queue size: 2, attempting up to 2 transactions this block    
2026-08-10T05:31:03.422003Z  WARN ThreadId(20) hotstuff_runner::app: Node 2 view(1351) far exceeds block count (337); potential sync issue    
2026-08-10T05:31:03.452685Z  WARN ThreadId(20) hotstuff_runner::app: Node 2 [produce_block] queue size: 0, attempting up to 0 transactions this block    
2026-08-10T05:31:03.452960Z  WARN ThreadId(20) hotstuff_runner::app: Node 2 view(1355) far exceeds block count (338); potential sync issue    
2026-08-10T05:31:03.490786Z  WARN ThreadId(20) hotstuff_runner::app: Node 2 [produce_block] queue size: 0, attempting up to 0 transactions this block    
2026-08-10T05:31:03.492113Z  WARN ThreadId(20) hotstuff_runner::app: Node 2 view(1359) far exceeds block count (339); potential sync issue    
2026-08-10T05:31:03.534321Z  WARN ThreadId(20) hotstuff_runner::app: Node 2 [produce_block] queue size: 0, attempting up to 0 transactions this block    
2026-08-10T05:31:03.535723Z  WARN ThreadId(20) hotstuff_runner::app: Node 2 view(1363) far exceeds block count (340); potential sync issue    
2026-08-10T05:31:03.577589Z  WARN ThreadId(20) hotstuff_runner::app: Node 2 [produce_block] queue size: 0, attempting up to 0 transactions this block    
2026-08-10T05:31:03.578037Z  WARN ThreadId(20) hotstuff_runner::app: Node 2 view(1367) far exceeds block count (341); potential sync issue    
2026-08-10T05:31:03.643042Z  WARN ThreadId(20) hotstuff_runner::app: Node 2 [produce_block] queue size: 2, attempting up to 2 transactions this block    
2026-08-10T05:31:03.645325Z  WARN ThreadId(20) hotstuff_runner::app: Node 2 view(1371) far exceeds block count (342); potential sync issue    
2026-08-10T05:31:03.691496Z  WARN ThreadId(20) hotstuff_runner::app: Node 2 [produce_block] queue size: 0, attempting up to 0 transactions this block    
2026-08-10T05:31:03.693530Z  WARN ThreadId(20) hotstuff_runner::app: Node 2 view(1375) far exceeds block count (343); potential sync issue    
2026-08-10T05:31:03.728590Z  WARN ThreadId(20) hotstuff_runner::app: Node 2 [produce_block] queue size: 0, attempting up to 0 transactions this block    
2026-08-10T05:31:03.729220Z  WARN ThreadId(20) hotstuff_runner::app: Node 2 view(1379) far exceeds block count (344); potential sync issue    
2026-08-10T05:31:03.773867Z  WARN ThreadId(20) hotstuff_runner::app: Node 2 [produce_block] queue size: 2, attempting up to 2 transactions this block    
2026-08-10T05:31:03.775906Z  WARN ThreadId(20) hotstuff_runner::app: Node 2 view(1383) far exceeds block count (345); potential sync issue    
2026-08-10T05:31:03.822602Z  WARN ThreadId(20) hotstuff_runner::app: Node 2 [produce_block] queue size: 0, attempting up to 0 transactions this block    
2026-08-10T05:31:03.822757Z  WARN ThreadId(20) hotstuff_runner::app: Node 2 view(1387) far exceeds block count (346); potential sync issue    
2026-08-10T05:31:03.859951Z  WARN ThreadId(20) hotstuff_runner::app: Node 2 [produce_block] queue size: 0, attempting up to 0 transactions this block    
2026-08-10T05:31:03.860295Z  WARN ThreadId(20) hotstuff_runner::app: Node 2 view(1391) far exceeds block count (347); potential sync issue    
2026-08-10T05:31:03.901293Z  WARN ThreadId(20) hotstuff_runner::app: Node 2 [produce_block] queue size: 0, attempting up to 0 transactions this block    
2026-08-10T05:31:03.902031Z  WARN ThreadId(20) hotstuff_runner::app: Node 2 view(1395) far exceeds block count (348); potential sync issue    
2026-08-10T05:31:03.959712Z  WARN ThreadId(20) hotstuff_runner::app: Node 2 [produce_block] queue size: 0, attempting up to 0 transactions this block    
2026-08-10T05:31:03.959863Z  WARN ThreadId(20) hotstuff_runner::app: Node 2 view(1399) far exceeds block count (349); potential sync issue    
2026-08-10T05:31:04.020129Z  WARN ThreadId(20) hotstuff_runner::app: Node 2 [produce_block] queue size: 2, attempting up to 2 transactions this block    
2026-08-10T05:31:04.020327Z  WARN ThreadId(20) hotstuff_runner::app: Node 2 view(1403) far exceeds block count (350); potential sync issue    
2026-08-10T05:31:04.062362Z  WARN ThreadId(20) hotstuff_runner::app: Node 2 [produce_block] queue size: 0, attempting up to 0 transactions this block    
2026-08-10T05:31:04.065925Z  WARN ThreadId(20) hotstuff_runner::app: Node 2 view(1407) far exceeds block count (351); potential sync issue    
2026-08-10T05:31:04.092378Z  WARN ThreadId(20) hotstuff_runner::app: Node 2 [produce_block] queue size: 0, attempting up to 0 transactions this block    
2026-08-10T05:31:04.095602Z  WARN ThreadId(20) hotstuff_runner::app: Node 2 view(1411) far exceeds block count (352); potential sync issue    
2026-08-10T05:31:04.139310Z  WARN ThreadId(20) hotstuff_runner::app: Node 2 [produce_block] queue size: 0, attempting up to 0 transactions this block    
2026-08-10T05:31:04.140690Z  WARN ThreadId(20) hotstuff_runner::app: Node 2 view(1415) far exceeds block count (353); potential sync issue    
2026-08-10T05:31:04.242706Z  WARN ThreadId(20) hotstuff_runner::app: Node 2 [produce_block] queue size: 2, attempting up to 2 transactions this block    
2026-08-10T05:31:04.244736Z  WARN ThreadId(20) hotstuff_runner::app: Node 2 view(1419) far exceeds block count (354); potential sync issue    
2026-08-10T05:31:04.304685Z  WARN ThreadId(20) hotstuff_runner::app: Node 2 [produce_block] queue size: 0, attempting up to 0 transactions this block    
2026-08-10T05:31:04.312399Z  WARN ThreadId(20) hotstuff_runner::app: Node 2 view(1423) far exceeds block count (355); potential sync issue    
2026-08-10T05:31:04.384339Z  WARN ThreadId(20) hotstuff_runner::app: Node 2 [produce_block] queue size: 0, attempting up to 0 transactions this block    
2026-08-10T05:31:04.384941Z  WARN ThreadId(20) hotstuff_runner::app: Node 2 view(1427) far exceeds block count (356); potential sync issue    
2026-08-10T05:31:04.456688Z  WARN ThreadId(20) hotstuff_runner::app: Node 2 [produce_block] queue size: 2, attempting up to 2 transactions this block    
2026-08-10T05:31:04.457516Z  WARN ThreadId(20) hotstuff_runner::app: Node 2 view(1431) far exceeds block count (357); potential sync issue    
2026-08-10T05:31:04.512832Z  WARN ThreadId(20) hotstuff_runner::app: Node 2 [produce_block] queue size: 0, attempting up to 0 transactions this block    
2026-08-10T05:31:04.513188Z  WARN ThreadId(20) hotstuff_runner::app: Node 2 view(1435) far exceeds block count (358); potential sync issue    
2026-08-10T05:31:04.578015Z  WARN ThreadId(20) hotstuff_runner::app: Node 2 [produce_block] queue size: 0, attempting up to 0 transactions this block    
2026-08-10T05:31:04.578348Z  WARN ThreadId(20) hotstuff_runner::app: Node 2 view(1439) far exceeds block count (359); potential sync issue    
2026-08-10T05:31:04.632152Z  WARN ThreadId(20) hotstuff_runner::app: Node 2 [produce_block] queue size: 2, attempting up to 2 transactions this block    
2026-08-10T05:31:04.633849Z  WARN ThreadId(20) hotstuff_runner::app: Node 2 view(1443) far exceeds block count (360); potential sync issue    
2026-08-10T05:31:04.677999Z  WARN ThreadId(20) hotstuff_runner::app: Node 2 [produce_block] queue size: 0, attempting up to 0 transactions this block    
2026-08-10T05:31:04.679877Z  WARN ThreadId(20) hotstuff_runner::app: Node 2 view(1447) far exceeds block count (361); potential sync issue    
2026-08-10T05:31:04.775843Z  WARN ThreadId(20) hotstuff_runner::app: Node 2 [produce_block] queue size: 0, attempting up to 0 transactions this block    
2026-08-10T05:31:04.777698Z  WARN ThreadId(20) hotstuff_runner::app: Node 2 view(1451) far exceeds block count (362); potential sync issue    
2026-08-10T05:31:04.838507Z  WARN ThreadId(20) hotstuff_runner::app: Node 2 [produce_block] queue size: 2, attempting up to 2 transactions this block    
2026-08-10T05:31:04.841735Z  WARN ThreadId(20) hotstuff_runner::app: Node 2 view(1455) far exceeds block count (363); potential sync issue    
2026-08-10T05:31:04.879372Z  WARN ThreadId(20) hotstuff_runner::app: Node 2 [produce_block] queue size: 0, attempting up to 0 transactions this block    
2026-08-10T05:31:04.879878Z  WARN ThreadId(20) hotstuff_runner::app: Node 2 view(1459) far exceeds block count (364); potential sync issue    
2026-08-10T05:31:04.925763Z  WARN ThreadId(20) hotstuff_runner::app: Node 2 [produce_block] queue size: 0, attempting up to 0 transactions this block    
2026-08-10T05:31:04.926060Z  WARN ThreadId(20) hotstuff_runner::app: Node 2 view(1463) far exceeds block count (365); potential sync issue    
2026-08-10T05:31:04.975434Z  WARN ThreadId(20) hotstuff_runner::app: Node 2 [produce_block] queue size: 0, attempting up to 0 transactions this block    
2026-08-10T05:31:04.976317Z  WARN ThreadId(20) hotstuff_runner::app: Node 2 view(1467) far exceeds block count (366); potential sync issue    
2026-08-10T05:31:05.019358Z  WARN ThreadId(20) hotstuff_runner::app: Node 2 [produce_block] queue size: 0, attempting up to 0 transactions this block    
2026-08-10T05:31:05.019648Z  WARN ThreadId(20) hotstuff_runner::app: Node 2 view(1471) far exceeds block count (367); potential sync issue    
2026-08-10T05:31:05.075273Z  WARN ThreadId(20) hotstuff_runner::app: Node 2 [produce_block] queue size: 2, attempting up to 2 transactions this block    
2026-08-10T05:31:05.077661Z  WARN ThreadId(20) hotstuff_runner::app: Node 2 view(1475) far exceeds block count (368); potential sync issue    
2026-08-10T05:31:05.115864Z  WARN ThreadId(20) hotstuff_runner::app: Node 2 [produce_block] queue size: 0, attempting up to 0 transactions this block    
2026-08-10T05:31:05.116451Z  WARN ThreadId(20) hotstuff_runner::app: Node 2 view(1479) far exceeds block count (369); potential sync issue    
2026-08-10T05:31:05.200394Z  WARN ThreadId(20) hotstuff_runner::app: Node 2 [produce_block] queue size: 0, attempting up to 0 transactions this block    
2026-08-10T05:31:05.200509Z  WARN ThreadId(20) hotstuff_runner::app: Node 2 view(1483) far exceeds block count (370); potential sync issue    
2026-08-10T05:31:05.234416Z  WARN ThreadId(20) hotstuff_runner::app: Node 2 [produce_block] queue size: 0, attempting up to 0 transactions this block    
2026-08-10T05:31:05.235260Z  WARN ThreadId(20) hotstuff_runner::app: Node 2 view(1487) far exceeds block count (371); potential sync issue    
2026-08-10T05:31:05.316685Z  WARN ThreadId(20) hotstuff_runner::app: Node 2 [produce_block] queue size: 2, attempting up to 2 transactions this block    
2026-08-10T05:31:05.318070Z  WARN ThreadId(20) hotstuff_runner::app: Node 2 view(1491) far exceeds block count (372); potential sync issue    
2026-08-10T05:31:05.360732Z  WARN ThreadId(20) hotstuff_runner::app: Node 2 [produce_block] queue size: 0, attempting up to 0 transactions this block    
2026-08-10T05:31:05.361511Z  WARN ThreadId(20) hotstuff_runner::app: Node 2 view(1495) far exceeds block count (373); potential sync issue    
2026-08-10T05:31:05.432688Z  WARN ThreadId(20) hotstuff_runner::app: Node 2 [produce_block] queue size: 0, attempting up to 0 transactions this block    
2026-08-10T05:31:05.432828Z  WARN ThreadId(20) hotstuff_runner::app: Node 2 view(1499) far exceeds block count (374); potential sync issue    
2026-08-10T05:31:05.514866Z  WARN ThreadId(20) hotstuff_runner::app: Node 2 [produce_block] queue size: 2, attempting up to 2 transactions this block    
2026-08-10T05:31:05.515554Z  WARN ThreadId(20) hotstuff_runner::app: Node 2 view(1503) far exceeds block count (375); potential sync issue    
2026-08-10T05:31:05.572686Z  WARN ThreadId(20) hotstuff_runner::app: Node 2 [produce_block] queue size: 0, attempting up to 0 transactions this block    
2026-08-10T05:31:05.578922Z  WARN ThreadId(20) hotstuff_runner::app: Node 2 view(1507) far exceeds block count (376); potential sync issue    
2026-08-10T05:31:05.656707Z  WARN ThreadId(20) hotstuff_runner::app: Node 2 [produce_block] queue size: 0, attempting up to 0 transactions this block    
2026-08-10T05:31:05.657278Z  WARN ThreadId(20) hotstuff_runner::app: Node 2 view(1511) far exceeds block count (377); potential sync issue    
2026-08-10T05:31:05.712679Z  WARN ThreadId(20) hotstuff_runner::app: Node 2 [produce_block] queue size: 2, attempting up to 2 transactions this block    
2026-08-10T05:31:05.714892Z  WARN ThreadId(20) hotstuff_runner::app: Node 2 view(1515) far exceeds block count (378); potential sync issue    
2026-08-10T05:31:05.775688Z  WARN ThreadId(20) hotstuff_runner::app: Node 2 [produce_block] queue size: 0, attempting up to 0 transactions this block    
2026-08-10T05:31:05.776094Z  WARN ThreadId(20) hotstuff_runner::app: Node 2 view(1519) far exceeds block count (379); potential sync issue    
2026-08-10T05:31:05.818777Z  WARN ThreadId(20) hotstuff_runner::app: Node 2 [produce_block] queue size: 0, attempting up to 0 transactions this block    
2026-08-10T05:31:05.820108Z  WARN ThreadId(20) hotstuff_runner::app: Node 2 view(1523) far exceeds block count (380); potential sync issue    
2026-08-10T05:31:05.881458Z  WARN ThreadId(20) hotstuff_runner::app: Node 2 [produce_block] queue size: 2, attempting up to 2 transactions this block    
2026-08-10T05:31:05.881914Z  WARN ThreadId(20) hotstuff_runner::app: Node 2 view(1527) far exceeds block count (381); potential sync issue    
2026-08-10T05:31:05.930010Z  WARN ThreadId(20) hotstuff_runner::app: Node 2 [produce_block] queue size: 0, attempting up to 0 transactions this block    
2026-08-10T05:31:05.930701Z  WARN ThreadId(20) hotstuff_runner::app: Node 2 view(1531) far exceeds block count (382); potential sync issue    
2026-08-10T05:31:05.975728Z  WARN ThreadId(20) hotstuff_runner::app: Node 2 [produce_block] queue size: 0, attempting up to 0 transactions this block    
2026-08-10T05:31:05.975851Z  WARN ThreadId(20) hotstuff_runner::app: Node 2 view(1535) far exceeds block count (383); potential sync issue    
2026-08-10T05:31:06.013706Z  WARN ThreadId(20) hotstuff_runner::app: Node 2 [produce_block] queue size: 0, attempting up to 0 transactions this block    
2026-08-10T05:31:06.013876Z  WARN ThreadId(20) hotstuff_runner::app: Node 2 view(1539) far exceeds block count (384); potential sync issue    
2026-08-10T05:31:06.050698Z  WARN ThreadId(20) hotstuff_runner::app: Node 2 [produce_block] queue size: 0, attempting up to 0 transactions this block    
2026-08-10T05:31:06.050961Z  WARN ThreadId(20) hotstuff_runner::app: Node 2 view(1543) far exceeds block count (385); potential sync issue    
2026-08-10T05:31:06.130405Z  WARN ThreadId(20) hotstuff_runner::app: Node 2 [produce_block] queue size: 2, attempting up to 2 transactions this block    
2026-08-10T05:31:06.134381Z  WARN ThreadId(20) hotstuff_runner::app: Node 2 view(1547) far exceeds block count (386); potential sync issue    
2026-08-10T05:31:06.226690Z  WARN ThreadId(20) hotstuff_runner::app: Node 2 [produce_block] queue size: 0, attempting up to 0 transactions this block    
2026-08-10T05:31:06.228152Z  WARN ThreadId(20) hotstuff_runner::app: Node 2 view(1551) far exceeds block count (387); potential sync issue    
2026-08-10T05:31:06.315994Z  WARN ThreadId(20) hotstuff_runner::app: Node 2 [produce_block] queue size: 2, attempting up to 2 transactions this block    
2026-08-10T05:31:06.316396Z  WARN ThreadId(20) hotstuff_runner::app: Node 2 view(1555) far exceeds block count (388); potential sync issue    
2026-08-10T05:31:06.382546Z  WARN ThreadId(20) hotstuff_runner::app: Node 2 [produce_block] queue size: 0, attempting up to 0 transactions this block    
2026-08-10T05:31:06.382847Z  WARN ThreadId(20) hotstuff_runner::app: Node 2 view(1559) far exceeds block count (389); potential sync issue    
2026-08-10T05:31:06.425967Z  WARN ThreadId(20) hotstuff_runner::app: Node 2 [produce_block] queue size: 0, attempting up to 0 transactions this block    
2026-08-10T05:31:06.426111Z  WARN ThreadId(20) hotstuff_runner::app: Node 2 view(1563) far exceeds block count (390); potential sync issue    
2026-08-10T05:31:06.488693Z  WARN ThreadId(20) hotstuff_runner::app: Node 2 [produce_block] queue size: 0, attempting up to 0 transactions this block    
2026-08-10T05:31:06.492124Z  WARN ThreadId(20) hotstuff_runner::app: Node 2 view(1567) far exceeds block count (391); potential sync issue    
2026-08-10T05:31:06.601978Z  WARN ThreadId(20) hotstuff_runner::app: Node 2 [produce_block] queue size: 2, attempting up to 2 transactions this block    
2026-08-10T05:31:06.602551Z  WARN ThreadId(20) hotstuff_runner::app: Node 2 view(1571) far exceeds block count (392); potential sync issue    
2026-08-10T05:31:06.682566Z  WARN ThreadId(20) hotstuff_runner::app: Node 2 [produce_block] queue size: 0, attempting up to 0 transactions this block    
2026-08-10T05:31:06.683509Z  WARN ThreadId(20) hotstuff_runner::app: Node 2 view(1575) far exceeds block count (393); potential sync issue    
2026-08-10T05:31:06.775449Z  WARN ThreadId(20) hotstuff_runner::app: Node 2 [produce_block] queue size: 2, attempting up to 2 transactions this block    
2026-08-10T05:31:06.778953Z  WARN ThreadId(20) hotstuff_runner::app: Node 2 view(1579) far exceeds block count (394); potential sync issue    
2026-08-10T05:31:06.846168Z  WARN ThreadId(20) hotstuff_runner::app: Node 2 [produce_block] queue size: 0, attempting up to 0 transactions this block    
2026-08-10T05:31:06.847384Z  WARN ThreadId(20) hotstuff_runner::app: Node 2 view(1583) far exceeds block count (395); potential sync issue    
2026-08-10T05:31:06.895842Z  WARN ThreadId(20) hotstuff_runner::app: Node 2 [produce_block] queue size: 0, attempting up to 0 transactions this block    
2026-08-10T05:31:06.896435Z  WARN ThreadId(20) hotstuff_runner::app: Node 2 view(1587) far exceeds block count (396); potential sync issue    
2026-08-10T05:31:06.899233Z  WARN ThreadId(09) docker_node:   Connection reuse ineffective (2.0 msg/conn)
2026-08-10T05:31:06.939713Z  WARN ThreadId(25) hotstuff_runner::smrol::network: ⚠️ [Check] Writer 2 -> 3 slow write: 11.386708ms
2026-08-10T05:31:06.978633Z  WARN ThreadId(20) hotstuff_runner::app: Node 2 [produce_block] queue size: 2, attempting up to 2 transactions this block    
2026-08-10T05:31:06.978888Z  WARN ThreadId(20) hotstuff_runner::app: Node 2 view(1591) far exceeds block count (397); potential sync issue    
2026-08-10T05:31:07.092162Z  WARN ThreadId(20) hotstuff_runner::app: Node 2 [produce_block] queue size: 0, attempting up to 0 transactions this block    
2026-08-10T05:31:07.092706Z  WARN ThreadId(20) hotstuff_runner::app: Node 2 view(1595) far exceeds block count (398); potential sync issue    
2026-08-10T05:31:07.205460Z  WARN ThreadId(20) hotstuff_runner::app: Node 2 [produce_block] queue size: 2, attempting up to 2 transactions this block    
2026-08-10T05:31:07.207768Z  WARN ThreadId(20) hotstuff_runner::app: Node 2 view(1599) far exceeds block count (399); potential sync issue    
2026-08-10T05:31:07.245961Z  WARN ThreadId(20) hotstuff_runner::app: Node 2 [produce_block] queue size: 0, attempting up to 0 transactions this block    
2026-08-10T05:31:07.249188Z  WARN ThreadId(20) hotstuff_runner::app: Node 2 view(1603) far exceeds block count (400); potential sync issue    
2026-08-10T05:31:07.331540Z  WARN ThreadId(20) hotstuff_runner::app: Node 2 [produce_block] queue size: 2, attempting up to 2 transactions this block    
2026-08-10T05:31:07.331812Z  WARN ThreadId(20) hotstuff_runner::app: Node 2 view(1607) far exceeds block count (401); potential sync issue    
2026-08-10T05:31:07.736223Z  WARN ThreadId(20) hotstuff_runner::app: Node 2 [produce_block] queue size: 2, attempting up to 2 transactions this block    
2026-08-10T05:31:07.762374Z  WARN ThreadId(20) hotstuff_runner::app: Node 2 view(1611) far exceeds block count (402); potential sync issue    
2026-08-10T05:31:07.909848Z  WARN ThreadId(20) hotstuff_runner::app: Node 2 [produce_block] queue size: 2, attempting up to 2 transactions this block    
2026-08-10T05:31:07.910821Z  WARN ThreadId(20) hotstuff_runner::app: Node 2 view(1615) far exceeds block count (403); potential sync issue    
2026-08-10T05:31:07.994444Z  WARN ThreadId(20) hotstuff_runner::app: Node 2 [produce_block] queue size: 0, attempting up to 0 transactions this block    
2026-08-10T05:31:07.996705Z  WARN ThreadId(20) hotstuff_runner::app: Node 2 view(1619) far exceeds block count (404); potential sync issue    
2026-08-10T05:31:08.064712Z  WARN ThreadId(20) hotstuff_runner::app: Node 2 [produce_block] queue size: 2, attempting up to 2 transactions this block    
2026-08-10T05:31:08.067090Z  WARN ThreadId(20) hotstuff_runner::app: Node 2 view(1623) far exceeds block count (405); potential sync issue    
2026-08-10T05:31:08.129423Z  WARN ThreadId(20) hotstuff_runner::app: Node 2 [produce_block] queue size: 0, attempting up to 0 transactions this block    
2026-08-10T05:31:08.129785Z  WARN ThreadId(20) hotstuff_runner::app: Node 2 view(1627) far exceeds block count (406); potential sync issue    
2026-08-10T05:31:08.229599Z  WARN ThreadId(20) hotstuff_runner::app: Node 2 [produce_block] queue size: 0, attempting up to 0 transactions this block    
2026-08-10T05:31:08.233814Z  WARN ThreadId(20) hotstuff_runner::app: Node 2 view(1631) far exceeds block count (407); potential sync issue    
2026-08-10T05:31:08.299696Z  WARN ThreadId(20) hotstuff_runner::app: Node 2 [produce_block] queue size: 2, attempting up to 2 transactions this block    
2026-08-10T05:31:08.299902Z  WARN ThreadId(20) hotstuff_runner::app: Node 2 view(1635) far exceeds block count (408); potential sync issue    
2026-08-10T05:31:08.376809Z  WARN ThreadId(20) hotstuff_runner::app: Node 2 [produce_block] queue size: 0, attempting up to 0 transactions this block    
2026-08-10T05:31:08.378864Z  WARN ThreadId(20) hotstuff_runner::app: Node 2 view(1639) far exceeds block count (409); potential sync issue    
2026-08-10T05:31:08.423284Z  WARN ThreadId(20) hotstuff_runner::app: Node 2 [produce_block] queue size: 0, attempting up to 0 transactions this block    
2026-08-10T05:31:08.423560Z  WARN ThreadId(20) hotstuff_runner::app: Node 2 view(1643) far exceeds block count (410); potential sync issue    
2026-08-10T05:31:08.517362Z  WARN ThreadId(20) hotstuff_runner::app: Node 2 [produce_block] queue size: 2, attempting up to 2 transactions this block    
2026-08-10T05:31:08.521408Z  WARN ThreadId(20) hotstuff_runner::app: Node 2 view(1647) far exceeds block count (411); potential sync issue    
2026-08-10T05:31:08.695401Z  WARN ThreadId(20) hotstuff_runner::app: Node 2 [produce_block] queue size: 2, attempting up to 2 transactions this block    
2026-08-10T05:31:08.696479Z  WARN ThreadId(20) hotstuff_runner::app: Node 2 view(1651) far exceeds block count (412); potential sync issue    
2026-08-10T05:31:08.738929Z  WARN ThreadId(20) hotstuff_runner::app: Node 2 [produce_block] queue size: 0, attempting up to 0 transactions this block    
2026-08-10T05:31:08.739057Z  WARN ThreadId(20) hotstuff_runner::app: Node 2 view(1655) far exceeds block count (413); potential sync issue    
2026-08-10T05:31:08.796452Z  WARN ThreadId(20) hotstuff_runner::app: Node 2 [produce_block] queue size: 0, attempting up to 0 transactions this block    
2026-08-10T05:31:08.797185Z  WARN ThreadId(20) hotstuff_runner::app: Node 2 view(1659) far exceeds block count (414); potential sync issue    
2026-08-10T05:31:08.842585Z  WARN ThreadId(20) hotstuff_runner::app: Node 2 [produce_block] queue size: 0, attempting up to 0 transactions this block    
2026-08-10T05:31:08.846184Z  WARN ThreadId(20) hotstuff_runner::app: Node 2 view(1663) far exceeds block count (415); potential sync issue    
2026-08-10T05:31:08.895175Z  WARN ThreadId(20) hotstuff_runner::app: Node 2 [produce_block] queue size: 2, attempting up to 2 transactions this block    
2026-08-10T05:31:08.896743Z  WARN ThreadId(20) hotstuff_runner::app: Node 2 view(1667) far exceeds block count (416); potential sync issue    
2026-08-10T05:31:08.980006Z  WARN ThreadId(20) hotstuff_runner::app: Node 2 [produce_block] queue size: 0, attempting up to 0 transactions this block    
2026-08-10T05:31:08.980139Z  WARN ThreadId(20) hotstuff_runner::app: Node 2 view(1671) far exceeds block count (417); potential sync issue    
2026-08-10T05:31:09.046993Z  WARN ThreadId(20) hotstuff_runner::app: Node 2 [produce_block] queue size: 0, attempting up to 0 transactions this block    
2026-08-10T05:31:09.048189Z  WARN ThreadId(20) hotstuff_runner::app: Node 2 view(1675) far exceeds block count (418); potential sync issue    
2026-08-10T05:31:09.112355Z  WARN ThreadId(20) hotstuff_runner::app: Node 2 [produce_block] queue size: 2, attempting up to 2 transactions this block    
2026-08-10T05:31:09.112742Z  WARN ThreadId(20) hotstuff_runner::app: Node 2 view(1679) far exceeds block count (419); potential sync issue    
2026-08-10T05:31:09.149862Z  WARN ThreadId(20) hotstuff_runner::app: Node 2 [produce_block] queue size: 0, attempting up to 0 transactions this block    
2026-08-10T05:31:09.150063Z  WARN ThreadId(20) hotstuff_runner::app: Node 2 view(1683) far exceeds block count (420); potential sync issue    
2026-08-10T05:31:09.208032Z  WARN ThreadId(20) hotstuff_runner::app: Node 2 [produce_block] queue size: 0, attempting up to 0 transactions this block    
2026-08-10T05:31:09.208130Z  WARN ThreadId(20) hotstuff_runner::app: Node 2 view(1687) far exceeds block count (421); potential sync issue    
2026-08-10T05:31:09.264029Z  WARN ThreadId(20) hotstuff_runner::app: Node 2 [produce_block] queue size: 2, attempting up to 2 transactions this block    
2026-08-10T05:31:09.264374Z  WARN ThreadId(20) hotstuff_runner::app: Node 2 view(1691) far exceeds block count (422); potential sync issue    
2026-08-10T05:31:09.346983Z  WARN ThreadId(20) hotstuff_runner::app: Node 2 [produce_block] queue size: 0, attempting up to 0 transactions this block    
2026-08-10T05:31:09.348211Z  WARN ThreadId(20) hotstuff_runner::app: Node 2 view(1695) far exceeds block count (423); potential sync issue    
2026-08-10T05:31:09.411662Z  WARN ThreadId(20) hotstuff_runner::app: Node 2 [produce_block] queue size: 0, attempting up to 0 transactions this block    
2026-08-10T05:31:09.412071Z  WARN ThreadId(20) hotstuff_runner::app: Node 2 view(1699) far exceeds block count (424); potential sync issue    
2026-08-10T05:31:09.496592Z  WARN ThreadId(20) hotstuff_runner::app: Node 2 [produce_block] queue size: 2, attempting up to 2 transactions this block    
2026-08-10T05:31:09.502916Z  WARN ThreadId(20) hotstuff_runner::app: Node 2 view(1703) far exceeds block count (425); potential sync issue    
2026-08-10T05:31:09.547017Z  WARN ThreadId(20) hotstuff_runner::app: Node 2 [produce_block] queue size: 0, attempting up to 0 transactions this block    
2026-08-10T05:31:09.548741Z  WARN ThreadId(20) hotstuff_runner::app: Node 2 view(1707) far exceeds block count (426); potential sync issue    
2026-08-10T05:31:09.738683Z  WARN ThreadId(20) hotstuff_runner::app: Node 2 [produce_block] queue size: 2, attempting up to 2 transactions this block    
2026-08-10T05:31:09.739050Z  WARN ThreadId(20) hotstuff_runner::app: Node 2 view(1711) far exceeds block count (427); potential sync issue    
2026-08-10T05:31:09.829697Z  WARN ThreadId(20) hotstuff_runner::app: Node 2 [produce_block] queue size: 0, attempting up to 0 transactions this block    
2026-08-10T05:31:09.831724Z  WARN ThreadId(20) hotstuff_runner::app: Node 2 view(1715) far exceeds block count (428); potential sync issue    
2026-08-10T05:31:09.909364Z  WARN ThreadId(20) hotstuff_runner::app: Node 2 [produce_block] queue size: 2, attempting up to 2 transactions this block    
2026-08-10T05:31:09.909920Z  WARN ThreadId(20) hotstuff_runner::app: Node 2 view(1719) far exceeds block count (429); potential sync issue    
2026-08-10T05:31:09.944693Z  WARN ThreadId(20) hotstuff_runner::app: Node 2 [produce_block] queue size: 0, attempting up to 0 transactions this block    
2026-08-10T05:31:09.944826Z  WARN ThreadId(20) hotstuff_runner::app: Node 2 view(1723) far exceeds block count (430); potential sync issue    
2026-08-10T05:31:10.001619Z  WARN ThreadId(20) hotstuff_runner::app: Node 2 [produce_block] queue size: 0, attempting up to 0 transactions this block    
2026-08-10T05:31:10.003646Z  WARN ThreadId(20) hotstuff_runner::app: Node 2 view(1727) far exceeds block count (431); potential sync issue    
2026-08-10T05:31:10.042763Z  WARN ThreadId(20) hotstuff_runner::app: Node 2 [produce_block] queue size: 0, attempting up to 0 transactions this block    
2026-08-10T05:31:10.043292Z  WARN ThreadId(20) hotstuff_runner::app: Node 2 view(1731) far exceeds block count (432); potential sync issue    
2026-08-10T05:31:10.072329Z  WARN ThreadId(20) hotstuff_runner::app: Node 2 [produce_block] queue size: 0, attempting up to 0 transactions this block    
2026-08-10T05:31:10.073266Z  WARN ThreadId(20) hotstuff_runner::app: Node 2 view(1735) far exceeds block count (433); potential sync issue    
2026-08-10T05:31:10.134616Z  WARN ThreadId(20) hotstuff_runner::app: Node 2 [produce_block] queue size: 2, attempting up to 2 transactions this block    
2026-08-10T05:31:10.134737Z  WARN ThreadId(20) hotstuff_runner::app: Node 2 view(1739) far exceeds block count (434); potential sync issue    
2026-08-10T05:31:10.182367Z  WARN ThreadId(20) hotstuff_runner::app: Node 2 [produce_block] queue size: 0, attempting up to 0 transactions this block    
2026-08-10T05:31:10.183469Z  WARN ThreadId(20) hotstuff_runner::app: Node 2 view(1743) far exceeds block count (435); potential sync issue    
2026-08-10T05:31:10.275296Z  WARN ThreadId(20) hotstuff_runner::app: Node 2 [produce_block] queue size: 0, attempting up to 0 transactions this block    
2026-08-10T05:31:10.276302Z  WARN ThreadId(20) hotstuff_runner::app: Node 2 view(1747) far exceeds block count (436); potential sync issue    
2026-08-10T05:31:10.348491Z  WARN ThreadId(20) hotstuff_runner::app: Node 2 [produce_block] queue size: 2, attempting up to 2 transactions this block    
2026-08-10T05:31:10.357967Z  WARN ThreadId(20) hotstuff_runner::app: Node 2 view(1751) far exceeds block count (437); potential sync issue    
2026-08-10T05:31:10.467705Z  WARN ThreadId(20) hotstuff_runner::app: Node 2 [produce_block] queue size: 0, attempting up to 0 transactions this block    
2026-08-10T05:31:10.468240Z  WARN ThreadId(20) hotstuff_runner::app: Node 2 view(1755) far exceeds block count (438); potential sync issue    
2026-08-10T05:31:10.523237Z  WARN ThreadId(20) hotstuff_runner::app: Node 2 [produce_block] queue size: 0, attempting up to 0 transactions this block    
2026-08-10T05:31:10.523834Z  WARN ThreadId(20) hotstuff_runner::app: Node 2 view(1759) far exceeds block count (439); potential sync issue    
2026-08-10T05:31:10.618101Z  WARN ThreadId(20) hotstuff_runner::app: Node 2 [produce_block] queue size: 2, attempting up to 2 transactions this block    
2026-08-10T05:31:10.618847Z  WARN ThreadId(20) hotstuff_runner::app: Node 2 view(1763) far exceeds block count (440); potential sync issue    
2026-08-10T05:31:10.674687Z  WARN ThreadId(20) hotstuff_runner::app: Node 2 [produce_block] queue size: 0, attempting up to 0 transactions this block    
2026-08-10T05:31:10.675279Z  WARN ThreadId(20) hotstuff_runner::app: Node 2 view(1767) far exceeds block count (441); potential sync issue    
2026-08-10T05:31:10.821919Z  WARN ThreadId(20) hotstuff_runner::app: Node 2 [produce_block] queue size: 2, attempting up to 2 transactions this block    
2026-08-10T05:31:10.822391Z  WARN ThreadId(20) hotstuff_runner::app: Node 2 view(1771) far exceeds block count (442); potential sync issue    
2026-08-10T05:31:11.124710Z  WARN ThreadId(20) hotstuff_runner::app: Node 2 [produce_block] queue size: 2, attempting up to 2 transactions this block    
2026-08-10T05:31:11.125087Z  WARN ThreadId(20) hotstuff_runner::app: Node 2 view(1775) far exceeds block count (443); potential sync issue    
2026-08-10T05:31:11.172648Z  WARN ThreadId(20) hotstuff_runner::app: Node 2 [produce_block] queue size: 0, attempting up to 0 transactions this block    
2026-08-10T05:31:11.173481Z  WARN ThreadId(20) hotstuff_runner::app: Node 2 view(1779) far exceeds block count (444); potential sync issue    
2026-08-10T05:31:11.214693Z  WARN ThreadId(20) hotstuff_runner::app: Node 2 [produce_block] queue size: 0, attempting up to 0 transactions this block    
2026-08-10T05:31:11.215774Z  WARN ThreadId(20) hotstuff_runner::app: Node 2 view(1783) far exceeds block count (445); potential sync issue    
2026-08-10T05:31:11.279549Z  WARN ThreadId(20) hotstuff_runner::app: Node 2 [produce_block] queue size: 2, attempting up to 2 transactions this block    
2026-08-10T05:31:11.280092Z  WARN ThreadId(20) hotstuff_runner::app: Node 2 view(1787) far exceeds block count (446); potential sync issue    
2026-08-10T05:31:11.324689Z  WARN ThreadId(20) hotstuff_runner::app: Node 2 [produce_block] queue size: 0, attempting up to 0 transactions this block    
2026-08-10T05:31:11.325027Z  WARN ThreadId(20) hotstuff_runner::app: Node 2 view(1791) far exceeds block count (447); potential sync issue    
2026-08-10T05:31:11.371556Z  WARN ThreadId(20) hotstuff_runner::app: Node 2 [produce_block] queue size: 0, attempting up to 0 transactions this block    
2026-08-10T05:31:11.372421Z  WARN ThreadId(20) hotstuff_runner::app: Node 2 view(1795) far exceeds block count (448); potential sync issue    
2026-08-10T05:31:11.425245Z  WARN ThreadId(20) hotstuff_runner::app: Node 2 [produce_block] queue size: 0, attempting up to 0 transactions this block    
2026-08-10T05:31:11.425509Z  WARN ThreadId(20) hotstuff_runner::app: Node 2 view(1799) far exceeds block count (449); potential sync issue    
2026-08-10T05:31:11.501894Z  WARN ThreadId(20) hotstuff_runner::app: Node 2 [produce_block] queue size: 2, attempting up to 2 transactions this block    
2026-08-10T05:31:11.509189Z  WARN ThreadId(20) hotstuff_runner::app: Node 2 view(1803) far exceeds block count (450); potential sync issue    
2026-08-10T05:31:11.569282Z  WARN ThreadId(20) hotstuff_runner::app: Node 2 [produce_block] queue size: 0, attempting up to 0 transactions this block    
2026-08-10T05:31:11.569610Z  WARN ThreadId(20) hotstuff_runner::app: Node 2 view(1807) far exceeds block count (451); potential sync issue    
2026-08-10T05:31:11.632906Z  WARN ThreadId(20) hotstuff_runner::app: Node 2 [produce_block] queue size: 2, attempting up to 2 transactions this block    
2026-08-10T05:31:11.633617Z  WARN ThreadId(20) hotstuff_runner::app: Node 2 view(1811) far exceeds block count (452); potential sync issue    
2026-08-10T05:31:11.685997Z  WARN ThreadId(20) hotstuff_runner::app: Node 2 [produce_block] queue size: 0, attempting up to 0 transactions this block    
2026-08-10T05:31:11.686172Z  WARN ThreadId(20) hotstuff_runner::app: Node 2 view(1815) far exceeds block count (453); potential sync issue    
2026-08-10T05:31:11.832969Z  WARN ThreadId(20) hotstuff_runner::app: Node 2 [produce_block] queue size: 2, attempting up to 2 transactions this block    
2026-08-10T05:31:11.833601Z  WARN ThreadId(20) hotstuff_runner::app: Node 2 view(1819) far exceeds block count (454); potential sync issue    
2026-08-10T05:31:11.899757Z  WARN ThreadId(09) docker_node:   Connection reuse ineffective (2.0 msg/conn)
2026-08-10T05:31:11.913173Z  WARN ThreadId(20) hotstuff_runner::app: Node 2 [produce_block] queue size: 0, attempting up to 0 transactions this block    
2026-08-10T05:31:11.914992Z  WARN ThreadId(20) hotstuff_runner::app: Node 2 view(1823) far exceeds block count (455); potential sync issue    
2026-08-10T05:31:12.004477Z  WARN ThreadId(20) hotstuff_runner::app: Node 2 [produce_block] queue size: 2, attempting up to 2 transactions this block    
2026-08-10T05:31:12.005221Z  WARN ThreadId(20) hotstuff_runner::app: Node 2 view(1827) far exceeds block count (456); potential sync issue    
2026-08-10T05:31:12.072493Z  WARN ThreadId(20) hotstuff_runner::app: Node 2 [produce_block] queue size: 0, attempting up to 0 transactions this block    
2026-08-10T05:31:12.072709Z  WARN ThreadId(20) hotstuff_runner::app: Node 2 view(1831) far exceeds block count (457); potential sync issue    
2026-08-10T05:31:12.119828Z  WARN ThreadId(20) hotstuff_runner::app: Node 2 [produce_block] queue size: 0, attempting up to 0 transactions this block    
2026-08-10T05:31:12.122751Z  WARN ThreadId(20) hotstuff_runner::app: Node 2 view(1835) far exceeds block count (458); potential sync issue    
2026-08-10T05:31:12.187144Z  WARN ThreadId(20) hotstuff_runner::app: Node 2 [produce_block] queue size: 0, attempting up to 0 transactions this block    
2026-08-10T05:31:12.189037Z  WARN ThreadId(20) hotstuff_runner::app: Node 2 view(1839) far exceeds block count (459); potential sync issue    
2026-08-10T05:31:12.259325Z  WARN ThreadId(20) hotstuff_runner::app: Node 2 [produce_block] queue size: 2, attempting up to 2 transactions this block    
2026-08-10T05:31:12.259626Z  WARN ThreadId(20) hotstuff_runner::app: Node 2 view(1843) far exceeds block count (460); potential sync issue    
2026-08-10T05:31:12.326248Z  WARN ThreadId(20) hotstuff_runner::app: Node 2 [produce_block] queue size: 0, attempting up to 0 transactions this block    
2026-08-10T05:31:12.332553Z  WARN ThreadId(20) hotstuff_runner::app: Node 2 view(1847) far exceeds block count (461); potential sync issue    
2026-08-10T05:31:12.461524Z  WARN ThreadId(20) hotstuff_runner::app: Node 2 [produce_block] queue size: 2, attempting up to 2 transactions this block    
2026-08-10T05:31:12.463051Z  WARN ThreadId(20) hotstuff_runner::app: Node 2 view(1851) far exceeds block count (462); potential sync issue    
2026-08-10T05:31:12.522257Z  WARN ThreadId(20) hotstuff_runner::app: Node 2 [produce_block] queue size: 0, attempting up to 0 transactions this block    
2026-08-10T05:31:12.522742Z  WARN ThreadId(20) hotstuff_runner::app: Node 2 view(1855) far exceeds block count (463); potential sync issue    
2026-08-10T05:31:12.593930Z  WARN ThreadId(20) hotstuff_runner::app: Node 2 [produce_block] queue size: 0, attempting up to 0 transactions this block    
2026-08-10T05:31:12.594769Z  WARN ThreadId(20) hotstuff_runner::app: Node 2 view(1859) far exceeds block count (464); potential sync issue    
2026-08-10T05:31:12.673698Z  WARN ThreadId(20) hotstuff_runner::app: Node 2 [produce_block] queue size: 2, attempting up to 2 transactions this block    
2026-08-10T05:31:12.674103Z  WARN ThreadId(20) hotstuff_runner::app: Node 2 view(1863) far exceeds block count (465); potential sync issue    
2026-08-10T05:31:12.722501Z  WARN ThreadId(20) hotstuff_runner::app: Node 2 [produce_block] queue size: 0, attempting up to 0 transactions this block    
2026-08-10T05:31:12.722737Z  WARN ThreadId(20) hotstuff_runner::app: Node 2 view(1867) far exceeds block count (466); potential sync issue    
2026-08-10T05:31:12.846725Z  WARN ThreadId(20) hotstuff_runner::app: Node 2 [produce_block] queue size: 0, attempting up to 0 transactions this block    
2026-08-10T05:31:12.847242Z  WARN ThreadId(20) hotstuff_runner::app: Node 2 view(1871) far exceeds block count (467); potential sync issue    
2026-08-10T05:31:12.924920Z  WARN ThreadId(20) hotstuff_runner::app: Node 2 [produce_block] queue size: 2, attempting up to 2 transactions this block    
2026-08-10T05:31:12.925137Z  WARN ThreadId(20) hotstuff_runner::app: Node 2 view(1875) far exceeds block count (468); potential sync issue    
2026-08-10T05:31:13.010552Z  WARN ThreadId(20) hotstuff_runner::app: Node 2 [produce_block] queue size: 2, attempting up to 2 transactions this block    
2026-08-10T05:31:13.011481Z  WARN ThreadId(20) hotstuff_runner::app: Node 2 view(1879) far exceeds block count (469); potential sync issue    
2026-08-10T05:31:13.094552Z  WARN ThreadId(20) hotstuff_runner::app: Node 2 [produce_block] queue size: 0, attempting up to 0 transactions this block    
2026-08-10T05:31:13.113580Z  WARN ThreadId(20) hotstuff_runner::app: Node 2 view(1883) far exceeds block count (470); potential sync issue    
2026-08-10T05:31:13.185786Z  WARN ThreadId(20) hotstuff_runner::app: Node 2 [produce_block] queue size: 2, attempting up to 2 transactions this block    
2026-08-10T05:31:13.185926Z  WARN ThreadId(20) hotstuff_runner::app: Node 2 view(1887) far exceeds block count (471); potential sync issue    
2026-08-10T05:31:13.255182Z  WARN ThreadId(20) hotstuff_runner::app: Node 2 [produce_block] queue size: 0, attempting up to 0 transactions this block    
2026-08-10T05:31:13.261513Z  WARN ThreadId(20) hotstuff_runner::app: Node 2 view(1891) far exceeds block count (472); potential sync issue    
2026-08-10T05:31:13.303139Z  WARN ThreadId(20) hotstuff_runner::app: Node 2 [produce_block] queue size: 0, attempting up to 0 transactions this block    
2026-08-10T05:31:13.303785Z  WARN ThreadId(20) hotstuff_runner::app: Node 2 view(1895) far exceeds block count (473); potential sync issue    
2026-08-10T05:31:13.379161Z  WARN ThreadId(20) hotstuff_runner::app: Node 2 [produce_block] queue size: 2, attempting up to 2 transactions this block    
2026-08-10T05:31:13.380283Z  WARN ThreadId(20) hotstuff_runner::app: Node 2 view(1899) far exceeds block count (474); potential sync issue    
2026-08-10T05:31:13.416579Z  WARN ThreadId(20) hotstuff_runner::app: Node 2 [produce_block] queue size: 0, attempting up to 0 transactions this block    
2026-08-10T05:31:13.419332Z  WARN ThreadId(20) hotstuff_runner::app: Node 2 view(1903) far exceeds block count (475); potential sync issue    
2026-08-10T05:31:13.473666Z  WARN ThreadId(20) hotstuff_runner::app: Node 2 [produce_block] queue size: 0, attempting up to 0 transactions this block    
2026-08-10T05:31:13.474024Z  WARN ThreadId(20) hotstuff_runner::app: Node 2 view(1907) far exceeds block count (476); potential sync issue    
2026-08-10T05:31:13.556517Z  WARN ThreadId(20) hotstuff_runner::app: Node 2 [produce_block] queue size: 2, attempting up to 2 transactions this block    
2026-08-10T05:31:13.556948Z  WARN ThreadId(20) hotstuff_runner::app: Node 2 view(1911) far exceeds block count (477); potential sync issue    
2026-08-10T05:31:13.635232Z  WARN ThreadId(20) hotstuff_runner::app: Node 2 [produce_block] queue size: 0, attempting up to 0 transactions this block    
2026-08-10T05:31:13.636090Z  WARN ThreadId(20) hotstuff_runner::app: Node 2 view(1915) far exceeds block count (478); potential sync issue    
2026-08-10T05:31:13.683544Z  WARN ThreadId(20) hotstuff_runner::app: Node 2 [produce_block] queue size: 0, attempting up to 0 transactions this block    
2026-08-10T05:31:13.684948Z  WARN ThreadId(20) hotstuff_runner::app: Node 2 view(1919) far exceeds block count (479); potential sync issue    
2026-08-10T05:31:13.722896Z  WARN ThreadId(26) hotstuff_runner::smrol::network: ⚠️ [Check] Writer 2 -> 1 slow write: 10.949334ms
2026-08-10T05:31:13.754071Z  WARN ThreadId(20) hotstuff_runner::app: Node 2 [produce_block] queue size: 2, attempting up to 2 transactions this block    
2026-08-10T05:31:13.754357Z  WARN ThreadId(20) hotstuff_runner::app: Node 2 view(1923) far exceeds block count (480); potential sync issue    
2026-08-10T05:31:13.814433Z  WARN ThreadId(20) hotstuff_runner::app: Node 2 [produce_block] queue size: 0, attempting up to 0 transactions this block    
2026-08-10T05:31:13.815021Z  WARN ThreadId(20) hotstuff_runner::app: Node 2 view(1927) far exceeds block count (481); potential sync issue    
2026-08-10T05:31:13.850054Z  WARN ThreadId(20) hotstuff_runner::app: Node 2 [produce_block] queue size: 0, attempting up to 0 transactions this block    
2026-08-10T05:31:13.852733Z  WARN ThreadId(20) hotstuff_runner::app: Node 2 view(1931) far exceeds block count (482); potential sync issue    
2026-08-10T05:31:13.938343Z  WARN ThreadId(20) hotstuff_runner::app: Node 2 [produce_block] queue size: 0, attempting up to 0 transactions this block    
2026-08-10T05:31:13.941398Z  WARN ThreadId(20) hotstuff_runner::app: Node 2 view(1935) far exceeds block count (483); potential sync issue    
2026-08-10T05:31:14.072456Z  WARN ThreadId(20) hotstuff_runner::app: Node 2 [produce_block] queue size: 2, attempting up to 2 transactions this block    
2026-08-10T05:31:14.074057Z  WARN ThreadId(20) hotstuff_runner::app: Node 2 view(1939) far exceeds block count (484); potential sync issue    
2026-08-10T05:31:14.159722Z  WARN ThreadId(20) hotstuff_runner::app: Node 2 [produce_block] queue size: 2, attempting up to 2 transactions this block    
2026-08-10T05:31:14.160883Z  WARN ThreadId(20) hotstuff_runner::app: Node 2 view(1943) far exceeds block count (485); potential sync issue    
2026-08-10T05:31:14.240118Z  WARN ThreadId(20) hotstuff_runner::app: Node 2 [produce_block] queue size: 0, attempting up to 0 transactions this block    
2026-08-10T05:31:14.241733Z  WARN ThreadId(20) hotstuff_runner::app: Node 2 view(1947) far exceeds block count (486); potential sync issue    
2026-08-10T05:31:14.288326Z  WARN ThreadId(20) hotstuff_runner::app: Node 2 [produce_block] queue size: 0, attempting up to 0 transactions this block    
2026-08-10T05:31:14.292167Z  WARN ThreadId(20) hotstuff_runner::app: Node 2 view(1951) far exceeds block count (487); potential sync issue    
2026-08-10T05:31:14.363831Z  WARN ThreadId(20) hotstuff_runner::app: Node 2 [produce_block] queue size: 2, attempting up to 2 transactions this block    
2026-08-10T05:31:14.366123Z  WARN ThreadId(20) hotstuff_runner::app: Node 2 view(1955) far exceeds block count (488); potential sync issue    
2026-08-10T05:31:14.407992Z  WARN ThreadId(20) hotstuff_runner::app: Node 2 [produce_block] queue size: 0, attempting up to 0 transactions this block    
2026-08-10T05:31:14.408270Z  WARN ThreadId(20) hotstuff_runner::app: Node 2 view(1959) far exceeds block count (489); potential sync issue    
2026-08-10T05:31:14.455149Z  WARN ThreadId(20) hotstuff_runner::app: Node 2 [produce_block] queue size: 0, attempting up to 0 transactions this block    
2026-08-10T05:31:14.455404Z  WARN ThreadId(20) hotstuff_runner::app: Node 2 view(1963) far exceeds block count (490); potential sync issue    
2026-08-10T05:31:14.518061Z  WARN ThreadId(20) hotstuff_runner::app: Node 2 [produce_block] queue size: 2, attempting up to 2 transactions this block    
2026-08-10T05:31:14.518186Z  WARN ThreadId(20) hotstuff_runner::app: Node 2 view(1967) far exceeds block count (491); potential sync issue    
2026-08-10T05:31:14.565358Z  WARN ThreadId(20) hotstuff_runner::app: Node 2 [produce_block] queue size: 0, attempting up to 0 transactions this block    
2026-08-10T05:31:14.567820Z  WARN ThreadId(20) hotstuff_runner::app: Node 2 view(1971) far exceeds block count (492); potential sync issue    
2026-08-10T05:31:14.618366Z  WARN ThreadId(20) hotstuff_runner::app: Node 2 [produce_block] queue size: 0, attempting up to 0 transactions this block    
2026-08-10T05:31:14.618777Z  WARN ThreadId(20) hotstuff_runner::app: Node 2 view(1975) far exceeds block count (493); potential sync issue    
2026-08-10T05:31:14.686175Z  WARN ThreadId(20) hotstuff_runner::app: Node 2 [produce_block] queue size: 0, attempting up to 0 transactions this block    
2026-08-10T05:31:14.686969Z  WARN ThreadId(20) hotstuff_runner::app: Node 2 view(1979) far exceeds block count (494); potential sync issue    
2026-08-10T05:31:14.743371Z  WARN ThreadId(20) hotstuff_runner::app: Node 2 [produce_block] queue size: 2, attempting up to 2 transactions this block    
2026-08-10T05:31:14.743586Z  WARN ThreadId(20) hotstuff_runner::app: Node 2 view(1983) far exceeds block count (495); potential sync issue    
2026-08-10T05:31:14.786333Z  WARN ThreadId(20) hotstuff_runner::app: Node 2 [produce_block] queue size: 0, attempting up to 0 transactions this block    
2026-08-10T05:31:14.787749Z  WARN ThreadId(20) hotstuff_runner::app: Node 2 view(1987) far exceeds block count (496); potential sync issue    
2026-08-10T05:31:14.838337Z  WARN ThreadId(20) hotstuff_runner::app: Node 2 [produce_block] queue size: 0, attempting up to 0 transactions this block    
2026-08-10T05:31:14.838495Z  WARN ThreadId(20) hotstuff_runner::app: Node 2 view(1991) far exceeds block count (497); potential sync issue    
2026-08-10T05:31:14.896695Z  WARN ThreadId(20) hotstuff_runner::app: Node 2 [produce_block] queue size: 0, attempting up to 0 transactions this block    
2026-08-10T05:31:14.897047Z  WARN ThreadId(20) hotstuff_runner::app: Node 2 view(1995) far exceeds block count (498); potential sync issue    
2026-08-10T05:31:14.989999Z  WARN ThreadId(20) hotstuff_runner::app: Node 2 [produce_block] queue size: 2, attempting up to 2 transactions this block    
2026-08-10T05:31:14.991935Z  WARN ThreadId(20) hotstuff_runner::app: Node 2 view(1999) far exceeds block count (499); potential sync issue    
2026-08-10T05:31:15.062121Z  WARN ThreadId(20) hotstuff_runner::app: Node 2 [produce_block] queue size: 0, attempting up to 0 transactions this block    
2026-08-10T05:31:15.070253Z  WARN ThreadId(20) hotstuff_runner::app: Node 2 view(2003) far exceeds block count (500); potential sync issue    
2026-08-10T05:31:15.152958Z  WARN ThreadId(20) hotstuff_runner::app: Node 2 [produce_block] queue size: 2, attempting up to 2 transactions this block    
2026-08-10T05:31:15.159648Z  WARN ThreadId(20) hotstuff_runner::app: Node 2 view(2007) far exceeds block count (501); potential sync issue    
2026-08-10T05:31:15.251089Z  WARN ThreadId(20) hotstuff_runner::app: Node 2 [produce_block] queue size: 0, attempting up to 0 transactions this block    
2026-08-10T05:31:15.251484Z  WARN ThreadId(20) hotstuff_runner::app: Node 2 view(2011) far exceeds block count (502); potential sync issue    
2026-08-10T05:31:15.335816Z  WARN ThreadId(20) hotstuff_runner::app: Node 2 [produce_block] queue size: 0, attempting up to 0 transactions this block    
2026-08-10T05:31:15.336250Z  WARN ThreadId(20) hotstuff_runner::app: Node 2 view(2015) far exceeds block count (503); potential sync issue    
2026-08-10T05:31:15.409463Z  WARN ThreadId(20) hotstuff_runner::app: Node 2 [produce_block] queue size: 2, attempting up to 2 transactions this block    
2026-08-10T05:31:15.410125Z  WARN ThreadId(20) hotstuff_runner::app: Node 2 view(2019) far exceeds block count (504); potential sync issue    
2026-08-10T05:31:15.456614Z  WARN ThreadId(20) hotstuff_runner::app: Node 2 [produce_block] queue size: 0, attempting up to 0 transactions this block    
2026-08-10T05:31:15.457593Z  WARN ThreadId(20) hotstuff_runner::app: Node 2 view(2023) far exceeds block count (505); potential sync issue    
2026-08-10T05:31:15.508032Z  WARN ThreadId(20) hotstuff_runner::app: Node 2 [produce_block] queue size: 0, attempting up to 0 transactions this block    
2026-08-10T05:31:15.509014Z  WARN ThreadId(20) hotstuff_runner::app: Node 2 view(2027) far exceeds block count (506); potential sync issue    
2026-08-10T05:31:15.573439Z  WARN ThreadId(20) hotstuff_runner::app: Node 2 [produce_block] queue size: 2, attempting up to 2 transactions this block    
2026-08-10T05:31:15.573637Z  WARN ThreadId(20) hotstuff_runner::app: Node 2 view(2031) far exceeds block count (507); potential sync issue    
2026-08-10T05:31:15.625828Z  WARN ThreadId(20) hotstuff_runner::app: Node 2 [produce_block] queue size: 0, attempting up to 0 transactions this block    
2026-08-10T05:31:15.632428Z  WARN ThreadId(20) hotstuff_runner::app: Node 2 view(2035) far exceeds block count (508); potential sync issue    
2026-08-10T05:31:15.683032Z  WARN ThreadId(20) hotstuff_runner::app: Node 2 [produce_block] queue size: 0, attempting up to 0 transactions this block    
2026-08-10T05:31:15.684333Z  WARN ThreadId(20) hotstuff_runner::app: Node 2 view(2039) far exceeds block count (509); potential sync issue    
2026-08-10T05:31:15.734333Z  WARN ThreadId(20) hotstuff_runner::app: Node 2 [produce_block] queue size: 0, attempting up to 0 transactions this block    
2026-08-10T05:31:15.737575Z  WARN ThreadId(20) hotstuff_runner::app: Node 2 view(2043) far exceeds block count (510); potential sync issue    
2026-08-10T05:31:15.802658Z  WARN ThreadId(20) hotstuff_runner::app: Node 2 [produce_block] queue size: 2, attempting up to 2 transactions this block    
2026-08-10T05:31:15.803093Z  WARN ThreadId(20) hotstuff_runner::app: Node 2 view(2047) far exceeds block count (511); potential sync issue    
2026-08-10T05:31:15.863336Z  WARN ThreadId(20) hotstuff_runner::app: Node 2 [produce_block] queue size: 0, attempting up to 0 transactions this block    
2026-08-10T05:31:15.864332Z  WARN ThreadId(20) hotstuff_runner::app: Node 2 view(2051) far exceeds block count (512); potential sync issue    
2026-08-10T05:31:15.897328Z  WARN ThreadId(20) hotstuff_runner::app: Node 2 [produce_block] queue size: 0, attempting up to 0 transactions this block    
2026-08-10T05:31:15.899180Z  WARN ThreadId(20) hotstuff_runner::app: Node 2 view(2055) far exceeds block count (513); potential sync issue    
2026-08-10T05:31:15.979994Z  WARN ThreadId(20) hotstuff_runner::app: Node 2 [produce_block] queue size: 2, attempting up to 2 transactions this block    
2026-08-10T05:31:15.981448Z  WARN ThreadId(20) hotstuff_runner::app: Node 2 view(2059) far exceeds block count (514); potential sync issue    
2026-08-10T05:31:16.029228Z  WARN ThreadId(20) hotstuff_runner::app: Node 2 [produce_block] queue size: 0, attempting up to 0 transactions this block    
2026-08-10T05:31:16.029413Z  WARN ThreadId(20) hotstuff_runner::app: Node 2 view(2063) far exceeds block count (515); potential sync issue    
2026-08-10T05:31:16.087977Z  WARN ThreadId(20) hotstuff_runner::app: Node 2 [produce_block] queue size: 0, attempting up to 0 transactions this block    
2026-08-10T05:31:16.089399Z  WARN ThreadId(20) hotstuff_runner::app: Node 2 view(2067) far exceeds block count (516); potential sync issue    
2026-08-10T05:31:16.147364Z  WARN ThreadId(25) hotstuff_runner::smrol::network: ⚠️ [Check] Writer 2 -> 1 slow write: 10.029292ms
2026-08-10T05:31:16.150825Z  WARN ThreadId(20) hotstuff_runner::app: Node 2 [produce_block] queue size: 0, attempting up to 0 transactions this block    
2026-08-10T05:31:16.158945Z  WARN ThreadId(20) hotstuff_runner::app: Node 2 view(2071) far exceeds block count (517); potential sync issue    
2026-08-10T05:31:16.235256Z  WARN ThreadId(20) hotstuff_runner::app: Node 2 [produce_block] queue size: 2, attempting up to 2 transactions this block    
2026-08-10T05:31:16.239036Z  WARN ThreadId(20) hotstuff_runner::app: Node 2 view(2075) far exceeds block count (518); potential sync issue    
2026-08-10T05:31:16.297146Z  WARN ThreadId(20) hotstuff_runner::app: Node 2 [produce_block] queue size: 0, attempting up to 0 transactions this block    
2026-08-10T05:31:16.297952Z  WARN ThreadId(20) hotstuff_runner::app: Node 2 view(2079) far exceeds block count (519); potential sync issue    
2026-08-10T05:31:16.351115Z  WARN ThreadId(20) hotstuff_runner::app: Node 2 [produce_block] queue size: 0, attempting up to 0 transactions this block    
2026-08-10T05:31:16.351630Z  WARN ThreadId(20) hotstuff_runner::app: Node 2 view(2083) far exceeds block count (520); potential sync issue    
2026-08-10T05:31:16.457131Z  WARN ThreadId(20) hotstuff_runner::app: Node 2 [produce_block] queue size: 2, attempting up to 2 transactions this block    
2026-08-10T05:31:16.457586Z  WARN ThreadId(20) hotstuff_runner::app: Node 2 view(2087) far exceeds block count (521); potential sync issue    
2026-08-10T05:31:16.530907Z  WARN ThreadId(20) hotstuff_runner::app: Node 2 [produce_block] queue size: 0, attempting up to 0 transactions this block    
2026-08-10T05:31:16.532168Z  WARN ThreadId(20) hotstuff_runner::app: Node 2 view(2091) far exceeds block count (522); potential sync issue    
2026-08-10T05:31:16.583946Z  WARN ThreadId(20) hotstuff_runner::app: Node 2 [produce_block] queue size: 0, attempting up to 0 transactions this block    
2026-08-10T05:31:16.584178Z  WARN ThreadId(20) hotstuff_runner::app: Node 2 view(2095) far exceeds block count (523); potential sync issue    
2026-08-10T05:31:16.637153Z  WARN ThreadId(20) hotstuff_runner::app: Node 2 [produce_block] queue size: 2, attempting up to 2 transactions this block    
2026-08-10T05:31:16.637331Z  WARN ThreadId(20) hotstuff_runner::app: Node 2 view(2099) far exceeds block count (524); potential sync issue    
2026-08-10T05:31:16.709084Z  WARN ThreadId(20) hotstuff_runner::app: Node 2 [produce_block] queue size: 0, attempting up to 0 transactions this block    
2026-08-10T05:31:16.709494Z  WARN ThreadId(20) hotstuff_runner::app: Node 2 view(2103) far exceeds block count (525); potential sync issue    
2026-08-10T05:31:16.760742Z  WARN ThreadId(20) hotstuff_runner::app: Node 2 [produce_block] queue size: 0, attempting up to 0 transactions this block    
2026-08-10T05:31:16.762820Z  WARN ThreadId(20) hotstuff_runner::app: Node 2 view(2107) far exceeds block count (526); potential sync issue    
2026-08-10T05:31:16.900596Z  WARN ThreadId(07) docker_node:   Connection reuse ineffective (2.0 msg/conn)
2026-08-10T05:31:16.941479Z  WARN ThreadId(20) hotstuff_runner::app: Node 2 [produce_block] queue size: 2, attempting up to 2 transactions this block    
2026-08-10T05:31:16.942384Z  WARN ThreadId(20) hotstuff_runner::app: Node 2 view(2111) far exceeds block count (527); potential sync issue    
2026-08-10T05:31:17.050713Z  WARN ThreadId(20) hotstuff_runner::app: Node 2 [produce_block] queue size: 2, attempting up to 2 transactions this block    
2026-08-10T05:31:17.051906Z  WARN ThreadId(20) hotstuff_runner::app: Node 2 view(2115) far exceeds block count (528); potential sync issue    
2026-08-10T05:31:17.125172Z  WARN ThreadId(20) hotstuff_runner::app: Node 2 [produce_block] queue size: 0, attempting up to 0 transactions this block    
2026-08-10T05:31:17.128940Z  WARN ThreadId(20) hotstuff_runner::app: Node 2 view(2119) far exceeds block count (529); potential sync issue    
2026-08-10T05:31:17.203968Z  WARN ThreadId(20) hotstuff_runner::app: Node 2 [produce_block] queue size: 2, attempting up to 2 transactions this block    
2026-08-10T05:31:17.207468Z  WARN ThreadId(20) hotstuff_runner::app: Node 2 view(2123) far exceeds block count (530); potential sync issue    
2026-08-10T05:31:17.263738Z  WARN ThreadId(20) hotstuff_runner::app: Node 2 [produce_block] queue size: 0, attempting up to 0 transactions this block    
2026-08-10T05:31:17.264214Z  WARN ThreadId(20) hotstuff_runner::app: Node 2 view(2127) far exceeds block count (531); potential sync issue    
2026-08-10T05:31:17.338511Z  WARN ThreadId(20) hotstuff_runner::app: Node 2 [produce_block] queue size: 0, attempting up to 0 transactions this block    
2026-08-10T05:31:17.339748Z  WARN ThreadId(20) hotstuff_runner::app: Node 2 view(2131) far exceeds block count (532); potential sync issue    
2026-08-10T05:31:17.416033Z  WARN ThreadId(20) hotstuff_runner::app: Node 2 [produce_block] queue size: 2, attempting up to 2 transactions this block    
2026-08-10T05:31:17.418782Z  WARN ThreadId(20) hotstuff_runner::app: Node 2 view(2135) far exceeds block count (533); potential sync issue    
2026-08-10T05:31:17.479946Z  WARN ThreadId(20) hotstuff_runner::app: Node 2 [produce_block] queue size: 0, attempting up to 0 transactions this block    
2026-08-10T05:31:17.480208Z  WARN ThreadId(20) hotstuff_runner::app: Node 2 view(2139) far exceeds block count (534); potential sync issue    
2026-08-10T05:31:17.529914Z  WARN ThreadId(20) hotstuff_runner::app: Node 2 [produce_block] queue size: 0, attempting up to 0 transactions this block    
2026-08-10T05:31:17.531252Z  WARN ThreadId(20) hotstuff_runner::app: Node 2 view(2143) far exceeds block count (535); potential sync issue    
2026-08-10T05:31:17.573051Z  WARN ThreadId(25) hotstuff_runner::smrol::network: ⚠️ [Check] Writer 2 -> 1 slow write: 6.716166ms
2026-08-10T05:31:17.584442Z  WARN ThreadId(26) hotstuff_runner::smrol::network: ⚠️ [Check] Writer 2 -> 1 slow write: 9.9285ms
2026-08-10T05:31:17.585821Z  WARN ThreadId(25) hotstuff_runner::smrol::network: ⚠️ [Check] Writer 2 -> 0 slow write: 11.334084ms
2026-08-10T05:31:17.652737Z  WARN ThreadId(20) hotstuff_runner::app: Node 2 [produce_block] queue size: 2, attempting up to 2 transactions this block    
2026-08-10T05:31:17.658205Z  WARN ThreadId(20) hotstuff_runner::app: Node 2 view(2147) far exceeds block count (536); potential sync issue    
2026-08-10T05:31:17.714238Z  WARN ThreadId(20) hotstuff_runner::app: Node 2 [produce_block] queue size: 0, attempting up to 0 transactions this block    
2026-08-10T05:31:17.714858Z  WARN ThreadId(20) hotstuff_runner::app: Node 2 view(2151) far exceeds block count (537); potential sync issue    
2026-08-10T05:31:17.777327Z  WARN ThreadId(20) hotstuff_runner::app: Node 2 [produce_block] queue size: 0, attempting up to 0 transactions this block    
2026-08-10T05:31:17.779505Z  WARN ThreadId(20) hotstuff_runner::app: Node 2 view(2155) far exceeds block count (538); potential sync issue    
2026-08-10T05:31:17.864292Z  WARN ThreadId(20) hotstuff_runner::app: Node 2 [produce_block] queue size: 2, attempting up to 2 transactions this block    
2026-08-10T05:31:17.864450Z  WARN ThreadId(20) hotstuff_runner::app: Node 2 view(2159) far exceeds block count (539); potential sync issue    
2026-08-10T05:31:17.934184Z  WARN ThreadId(20) hotstuff_runner::app: Node 2 [produce_block] queue size: 0, attempting up to 0 transactions this block    
2026-08-10T05:31:17.936117Z  WARN ThreadId(20) hotstuff_runner::app: Node 2 view(2163) far exceeds block count (540); potential sync issue    
2026-08-10T05:31:18.009228Z  WARN ThreadId(20) hotstuff_runner::app: Node 2 [produce_block] queue size: 2, attempting up to 2 transactions this block    
2026-08-10T05:31:18.009927Z  WARN ThreadId(20) hotstuff_runner::app: Node 2 view(2167) far exceeds block count (541); potential sync issue    
2026-08-10T05:31:18.100358Z  WARN ThreadId(20) hotstuff_runner::app: Node 2 [produce_block] queue size: 0, attempting up to 0 transactions this block    
2026-08-10T05:31:18.102138Z  WARN ThreadId(20) hotstuff_runner::app: Node 2 view(2171) far exceeds block count (542); potential sync issue    
2026-08-10T05:31:18.174407Z  WARN ThreadId(20) hotstuff_runner::app: Node 2 [produce_block] queue size: 2, attempting up to 2 transactions this block    
2026-08-10T05:31:18.174947Z  WARN ThreadId(20) hotstuff_runner::app: Node 2 view(2175) far exceeds block count (543); potential sync issue    
2026-08-10T05:31:18.218168Z  WARN ThreadId(20) hotstuff_runner::app: Node 2 [produce_block] queue size: 0, attempting up to 0 transactions this block    
2026-08-10T05:31:18.222961Z  WARN ThreadId(20) hotstuff_runner::app: Node 2 view(2179) far exceeds block count (544); potential sync issue    
2026-08-10T05:31:18.290445Z  WARN ThreadId(20) hotstuff_runner::app: Node 2 [produce_block] queue size: 0, attempting up to 0 transactions this block    
2026-08-10T05:31:18.303875Z  WARN ThreadId(20) hotstuff_runner::app: Node 2 view(2183) far exceeds block count (545); potential sync issue    
2026-08-10T05:31:18.373001Z  WARN ThreadId(20) hotstuff_runner::app: Node 2 [produce_block] queue size: 2, attempting up to 2 transactions this block    
2026-08-10T05:31:18.375469Z  WARN ThreadId(20) hotstuff_runner::app: Node 2 view(2187) far exceeds block count (546); potential sync issue    
2026-08-10T05:31:18.435524Z  WARN ThreadId(20) hotstuff_runner::app: Node 2 [produce_block] queue size: 0, attempting up to 0 transactions this block    
2026-08-10T05:31:18.436222Z  WARN ThreadId(20) hotstuff_runner::app: Node 2 view(2191) far exceeds block count (547); potential sync issue    
2026-08-10T05:31:18.472729Z  WARN ThreadId(20) hotstuff_runner::app: Node 2 [produce_block] queue size: 0, attempting up to 0 transactions this block    
2026-08-10T05:31:18.473693Z  WARN ThreadId(20) hotstuff_runner::app: Node 2 view(2195) far exceeds block count (548); potential sync issue    
2026-08-10T05:31:18.501386Z  WARN ThreadId(20) hotstuff_runner::app: Node 2 [produce_block] queue size: 0, attempting up to 0 transactions this block    
2026-08-10T05:31:18.501704Z  WARN ThreadId(20) hotstuff_runner::app: Node 2 view(2199) far exceeds block count (549); potential sync issue    
2026-08-10T05:31:18.575131Z  WARN ThreadId(20) hotstuff_runner::app: Node 2 [produce_block] queue size: 2, attempting up to 2 transactions this block    
2026-08-10T05:31:18.578554Z  WARN ThreadId(20) hotstuff_runner::app: Node 2 view(2203) far exceeds block count (550); potential sync issue    
2026-08-10T05:31:18.623861Z  WARN ThreadId(20) hotstuff_runner::app: Node 2 [produce_block] queue size: 0, attempting up to 0 transactions this block    
2026-08-10T05:31:18.624105Z  WARN ThreadId(20) hotstuff_runner::app: Node 2 view(2207) far exceeds block count (551); potential sync issue    
2026-08-10T05:31:18.670634Z  WARN ThreadId(20) hotstuff_runner::app: Node 2 [produce_block] queue size: 0, attempting up to 0 transactions this block    
2026-08-10T05:31:18.671393Z  WARN ThreadId(20) hotstuff_runner::app: Node 2 view(2211) far exceeds block count (552); potential sync issue    
2026-08-10T05:31:18.742029Z  WARN ThreadId(20) hotstuff_runner::app: Node 2 [produce_block] queue size: 0, attempting up to 0 transactions this block    
2026-08-10T05:31:18.742860Z  WARN ThreadId(20) hotstuff_runner::app: Node 2 view(2215) far exceeds block count (553); potential sync issue    
2026-08-10T05:31:18.843524Z  WARN ThreadId(20) hotstuff_runner::app: Node 2 [produce_block] queue size: 2, attempting up to 2 transactions this block    
2026-08-10T05:31:18.844172Z  WARN ThreadId(20) hotstuff_runner::app: Node 2 view(2219) far exceeds block count (554); potential sync issue    
2026-08-10T05:31:18.892837Z  WARN ThreadId(20) hotstuff_runner::app: Node 2 [produce_block] queue size: 0, attempting up to 0 transactions this block    
2026-08-10T05:31:18.893324Z  WARN ThreadId(20) hotstuff_runner::app: Node 2 view(2223) far exceeds block count (555); potential sync issue    
2026-08-10T05:31:18.970565Z  WARN ThreadId(20) hotstuff_runner::app: Node 2 [produce_block] queue size: 0, attempting up to 0 transactions this block    
2026-08-10T05:31:18.976452Z  WARN ThreadId(20) hotstuff_runner::app: Node 2 view(2227) far exceeds block count (556); potential sync issue    
2026-08-10T05:31:19.049494Z  WARN ThreadId(20) hotstuff_runner::app: Node 2 [produce_block] queue size: 2, attempting up to 2 transactions this block    
2026-08-10T05:31:19.050256Z  WARN ThreadId(20) hotstuff_runner::app: Node 2 view(2231) far exceeds block count (557); potential sync issue    
2026-08-10T05:31:19.106486Z  WARN ThreadId(20) hotstuff_runner::app: Node 2 [produce_block] queue size: 0, attempting up to 0 transactions this block    
2026-08-10T05:31:19.111457Z  WARN ThreadId(20) hotstuff_runner::app: Node 2 view(2235) far exceeds block count (558); potential sync issue    
2026-08-10T05:31:19.166449Z  WARN ThreadId(20) hotstuff_runner::app: Node 2 [produce_block] queue size: 0, attempting up to 0 transactions this block    
2026-08-10T05:31:19.175752Z  WARN ThreadId(20) hotstuff_runner::app: Node 2 view(2239) far exceeds block count (559); potential sync issue    
2026-08-10T05:31:19.224218Z  WARN ThreadId(20) hotstuff_runner::app: Node 2 [produce_block] queue size: 2, attempting up to 2 transactions this block    
2026-08-10T05:31:19.229778Z  WARN ThreadId(20) hotstuff_runner::app: Node 2 view(2243) far exceeds block count (560); potential sync issue    
2026-08-10T05:31:19.295124Z  WARN ThreadId(20) hotstuff_runner::app: Node 2 [produce_block] queue size: 0, attempting up to 0 transactions this block    
2026-08-10T05:31:19.296548Z  WARN ThreadId(20) hotstuff_runner::app: Node 2 view(2247) far exceeds block count (561); potential sync issue    
2026-08-10T05:31:19.348716Z  WARN ThreadId(20) hotstuff_runner::app: Node 2 [produce_block] queue size: 0, attempting up to 0 transactions this block    
2026-08-10T05:31:19.350731Z  WARN ThreadId(20) hotstuff_runner::app: Node 2 view(2251) far exceeds block count (562); potential sync issue    
2026-08-10T05:31:19.439876Z  WARN ThreadId(20) hotstuff_runner::app: Node 2 [produce_block] queue size: 2, attempting up to 2 transactions this block    
2026-08-10T05:31:19.440341Z  WARN ThreadId(20) hotstuff_runner::app: Node 2 view(2255) far exceeds block count (563); potential sync issue    
2026-08-10T05:31:19.504238Z  WARN ThreadId(20) hotstuff_runner::app: Node 2 [produce_block] queue size: 0, attempting up to 0 transactions this block    
2026-08-10T05:31:19.504555Z  WARN ThreadId(20) hotstuff_runner::app: Node 2 view(2259) far exceeds block count (564); potential sync issue    
2026-08-10T05:31:19.558901Z  WARN ThreadId(20) hotstuff_runner::app: Node 2 [produce_block] queue size: 0, attempting up to 0 transactions this block    
2026-08-10T05:31:19.559925Z  WARN ThreadId(20) hotstuff_runner::app: Node 2 view(2263) far exceeds block count (565); potential sync issue    
2026-08-10T05:31:19.633827Z  WARN ThreadId(20) hotstuff_runner::app: Node 2 [produce_block] queue size: 2, attempting up to 2 transactions this block    
2026-08-10T05:31:19.635727Z  WARN ThreadId(20) hotstuff_runner::app: Node 2 view(2267) far exceeds block count (566); potential sync issue    
2026-08-10T05:31:19.700877Z  WARN ThreadId(20) hotstuff_runner::app: Node 2 [produce_block] queue size: 0, attempting up to 0 transactions this block    
2026-08-10T05:31:19.701210Z  WARN ThreadId(20) hotstuff_runner::app: Node 2 view(2271) far exceeds block count (567); potential sync issue    
2026-08-10T05:31:19.771167Z  WARN ThreadId(20) hotstuff_runner::app: Node 2 [produce_block] queue size: 0, attempting up to 0 transactions this block    
2026-08-10T05:31:19.771564Z  WARN ThreadId(20) hotstuff_runner::app: Node 2 view(2275) far exceeds block count (568); potential sync issue    
2026-08-10T05:31:19.833909Z  WARN ThreadId(26) hotstuff_runner::smrol::network: ⚠️ [Check] Writer 2 -> 0 slow write: 8.843458ms
2026-08-10T05:31:19.907673Z  WARN ThreadId(20) hotstuff_runner::app: Node 2 [produce_block] queue size: 2, attempting up to 2 transactions this block    
2026-08-10T05:31:19.909671Z  WARN ThreadId(20) hotstuff_runner::app: Node 2 view(2279) far exceeds block count (569); potential sync issue    
2026-08-10T05:31:19.950603Z  WARN ThreadId(20) hotstuff_runner::app: Node 2 [produce_block] queue size: 0, attempting up to 0 transactions this block    
2026-08-10T05:31:19.951205Z  WARN ThreadId(20) hotstuff_runner::app: Node 2 view(2283) far exceeds block count (570); potential sync issue    
2026-08-10T05:31:20.079158Z  WARN ThreadId(20) hotstuff_runner::app: Node 2 [produce_block] queue size: 2, attempting up to 2 transactions this block    
2026-08-10T05:31:20.079531Z  WARN ThreadId(20) hotstuff_runner::app: Node 2 view(2287) far exceeds block count (571); potential sync issue    
2026-08-10T05:31:20.139821Z  WARN ThreadId(20) hotstuff_runner::app: Node 2 [produce_block] queue size: 0, attempting up to 0 transactions this block    
2026-08-10T05:31:20.140478Z  WARN ThreadId(20) hotstuff_runner::app: Node 2 view(2291) far exceeds block count (572); potential sync issue    
2026-08-10T05:31:20.209881Z  WARN ThreadId(20) hotstuff_runner::app: Node 2 [produce_block] queue size: 0, attempting up to 0 transactions this block    
2026-08-10T05:31:20.213417Z  WARN ThreadId(20) hotstuff_runner::app: Node 2 view(2295) far exceeds block count (573); potential sync issue    
2026-08-10T05:31:20.273038Z  WARN ThreadId(20) hotstuff_runner::app: Node 2 [produce_block] queue size: 2, attempting up to 2 transactions this block    
2026-08-10T05:31:20.274553Z  WARN ThreadId(20) hotstuff_runner::app: Node 2 view(2299) far exceeds block count (574); potential sync issue    
2026-08-10T05:31:20.394332Z  WARN ThreadId(20) hotstuff_runner::app: Node 2 [produce_block] queue size: 0, attempting up to 0 transactions this block    
2026-08-10T05:31:20.394548Z  WARN ThreadId(20) hotstuff_runner::app: Node 2 view(2303) far exceeds block count (575); potential sync issue    
2026-08-10T05:31:20.436016Z  WARN ThreadId(20) hotstuff_runner::app: Node 2 [produce_block] queue size: 0, attempting up to 0 transactions this block    
2026-08-10T05:31:20.436197Z  WARN ThreadId(20) hotstuff_runner::app: Node 2 view(2307) far exceeds block count (576); potential sync issue    
2026-08-10T05:31:20.517787Z  WARN ThreadId(20) hotstuff_runner::app: Node 2 [produce_block] queue size: 2, attempting up to 2 transactions this block    
2026-08-10T05:31:20.517988Z  WARN ThreadId(20) hotstuff_runner::app: Node 2 view(2311) far exceeds block count (577); potential sync issue    
2026-08-10T05:31:20.603812Z  WARN ThreadId(20) hotstuff_runner::app: Node 2 [produce_block] queue size: 0, attempting up to 0 transactions this block    
2026-08-10T05:31:20.609380Z  WARN ThreadId(20) hotstuff_runner::app: Node 2 view(2315) far exceeds block count (578); potential sync issue    
2026-08-10T05:31:20.719472Z  WARN ThreadId(20) hotstuff_runner::app: Node 2 [produce_block] queue size: 0, attempting up to 0 transactions this block    
2026-08-10T05:31:20.720276Z  WARN ThreadId(20) hotstuff_runner::app: Node 2 view(2319) far exceeds block count (579); potential sync issue    
2026-08-10T05:31:20.783302Z  WARN ThreadId(20) hotstuff_runner::app: Node 2 [produce_block] queue size: 2, attempting up to 2 transactions this block    
2026-08-10T05:31:20.783399Z  WARN ThreadId(20) hotstuff_runner::app: Node 2 view(2323) far exceeds block count (580); potential sync issue    
2026-08-10T05:31:20.848158Z  WARN ThreadId(20) hotstuff_runner::app: Node 2 [produce_block] queue size: 0, attempting up to 0 transactions this block    
2026-08-10T05:31:20.848541Z  WARN ThreadId(20) hotstuff_runner::app: Node 2 view(2327) far exceeds block count (581); potential sync issue    
2026-08-10T05:31:20.904879Z  WARN ThreadId(20) hotstuff_runner::app: Node 2 [produce_block] queue size: 0, attempting up to 0 transactions this block    
2026-08-10T05:31:20.907346Z  WARN ThreadId(20) hotstuff_runner::app: Node 2 view(2331) far exceeds block count (582); potential sync issue    
2026-08-10T05:31:20.964830Z  WARN ThreadId(20) hotstuff_runner::app: Node 2 [produce_block] queue size: 2, attempting up to 2 transactions this block    
2026-08-10T05:31:20.967684Z  WARN ThreadId(20) hotstuff_runner::app: Node 2 view(2335) far exceeds block count (583); potential sync issue    
2026-08-10T05:31:21.028096Z  WARN ThreadId(20) hotstuff_runner::app: Node 2 [produce_block] queue size: 0, attempting up to 0 transactions this block    
2026-08-10T05:31:21.028913Z  WARN ThreadId(20) hotstuff_runner::app: Node 2 view(2339) far exceeds block count (584); potential sync issue    
2026-08-10T05:31:21.102973Z  WARN ThreadId(20) hotstuff_runner::app: Node 2 [produce_block] queue size: 0, attempting up to 0 transactions this block    
2026-08-10T05:31:21.103106Z  WARN ThreadId(20) hotstuff_runner::app: Node 2 view(2343) far exceeds block count (585); potential sync issue    
2026-08-10T05:31:21.194208Z  WARN ThreadId(20) hotstuff_runner::app: Node 2 [produce_block] queue size: 2, attempting up to 2 transactions this block    
2026-08-10T05:31:21.194666Z  WARN ThreadId(20) hotstuff_runner::app: Node 2 view(2347) far exceeds block count (586); potential sync issue    
2026-08-10T05:31:21.249373Z  WARN ThreadId(20) hotstuff_runner::app: Node 2 [produce_block] queue size: 0, attempting up to 0 transactions this block    
2026-08-10T05:31:21.249680Z  WARN ThreadId(20) hotstuff_runner::app: Node 2 view(2351) far exceeds block count (587); potential sync issue    
2026-08-10T05:31:21.326178Z  WARN ThreadId(20) hotstuff_runner::app: Node 2 [produce_block] queue size: 0, attempting up to 0 transactions this block    
2026-08-10T05:31:21.327020Z  WARN ThreadId(20) hotstuff_runner::app: Node 2 view(2355) far exceeds block count (588); potential sync issue    
2026-08-10T05:31:21.431938Z  WARN ThreadId(20) hotstuff_runner::app: Node 2 [produce_block] queue size: 2, attempting up to 2 transactions this block    
2026-08-10T05:31:21.432731Z  WARN ThreadId(20) hotstuff_runner::app: Node 2 view(2359) far exceeds block count (589); potential sync issue    
2026-08-10T05:31:21.481659Z  WARN ThreadId(20) hotstuff_runner::app: Node 2 [produce_block] queue size: 0, attempting up to 0 transactions this block    
2026-08-10T05:31:21.482107Z  WARN ThreadId(20) hotstuff_runner::app: Node 2 view(2363) far exceeds block count (590); potential sync issue    
2026-08-10T05:31:21.531426Z  WARN ThreadId(20) hotstuff_runner::app: Node 2 [produce_block] queue size: 0, attempting up to 0 transactions this block    
2026-08-10T05:31:21.531761Z  WARN ThreadId(20) hotstuff_runner::app: Node 2 view(2367) far exceeds block count (591); potential sync issue    
2026-08-10T05:31:21.600215Z  WARN ThreadId(20) hotstuff_runner::app: Node 2 [produce_block] queue size: 2, attempting up to 2 transactions this block    
2026-08-10T05:31:21.608752Z  WARN ThreadId(20) hotstuff_runner::app: Node 2 view(2371) far exceeds block count (592); potential sync issue    
2026-08-10T05:31:21.697923Z  WARN ThreadId(20) hotstuff_runner::app: Node 2 [produce_block] queue size: 0, attempting up to 0 transactions this block    
2026-08-10T05:31:21.699450Z  WARN ThreadId(20) hotstuff_runner::app: Node 2 view(2375) far exceeds block count (593); potential sync issue    
2026-08-10T05:31:21.756174Z  WARN ThreadId(20) hotstuff_runner::app: Node 2 [produce_block] queue size: 0, attempting up to 0 transactions this block    
2026-08-10T05:31:21.756831Z  WARN ThreadId(20) hotstuff_runner::app: Node 2 view(2379) far exceeds block count (594); potential sync issue    
2026-08-10T05:31:21.830764Z  WARN ThreadId(20) hotstuff_runner::app: Node 2 [produce_block] queue size: 2, attempting up to 2 transactions this block    
2026-08-10T05:31:21.849724Z  WARN ThreadId(20) hotstuff_runner::app: Node 2 view(2383) far exceeds block count (595); potential sync issue    
2026-08-10T05:31:21.904202Z  WARN ThreadId(06) docker_node:   Connection reuse ineffective (2.0 msg/conn)
2026-08-10T05:31:21.967487Z  WARN ThreadId(20) hotstuff_runner::app: Node 2 [produce_block] queue size: 0, attempting up to 0 transactions this block    
2026-08-10T05:31:21.972808Z  WARN ThreadId(20) hotstuff_runner::app: Node 2 view(2387) far exceeds block count (596); potential sync issue    
2026-08-10T05:31:22.061173Z  WARN ThreadId(20) hotstuff_runner::app: Node 2 [produce_block] queue size: 2, attempting up to 2 transactions this block    
2026-08-10T05:31:22.061768Z  WARN ThreadId(20) hotstuff_runner::app: Node 2 view(2391) far exceeds block count (597); potential sync issue    
2026-08-10T05:31:22.141304Z  WARN ThreadId(20) hotstuff_runner::app: Node 2 [produce_block] queue size: 0, attempting up to 0 transactions this block    
2026-08-10T05:31:22.142817Z  WARN ThreadId(20) hotstuff_runner::app: Node 2 view(2395) far exceeds block count (598); potential sync issue    
2026-08-10T05:31:22.185104Z  WARN ThreadId(20) hotstuff_runner::app: Node 2 [produce_block] queue size: 0, attempting up to 0 transactions this block    
2026-08-10T05:31:22.190293Z  WARN ThreadId(20) hotstuff_runner::app: Node 2 view(2399) far exceeds block count (599); potential sync issue    
2026-08-10T05:31:22.280452Z  WARN ThreadId(20) hotstuff_runner::app: Node 2 [produce_block] queue size: 2, attempting up to 2 transactions this block    
2026-08-10T05:31:22.286343Z  WARN ThreadId(20) hotstuff_runner::app: Node 2 view(2403) far exceeds block count (600); potential sync issue    
2026-08-10T05:31:22.329753Z  WARN ThreadId(20) hotstuff_runner::app: Node 2 [produce_block] queue size: 0, attempting up to 0 transactions this block    
2026-08-10T05:31:22.330023Z  WARN ThreadId(20) hotstuff_runner::app: Node 2 view(2407) far exceeds block count (601); potential sync issue    
2026-08-10T05:31:22.399852Z  WARN ThreadId(20) hotstuff_runner::app: Node 2 [produce_block] queue size: 0, attempting up to 0 transactions this block    
2026-08-10T05:31:22.400991Z  WARN ThreadId(20) hotstuff_runner::app: Node 2 view(2411) far exceeds block count (602); potential sync issue    
2026-08-10T05:31:22.541551Z  WARN ThreadId(20) hotstuff_runner::app: Node 2 [produce_block] queue size: 2, attempting up to 2 transactions this block    
2026-08-10T05:31:22.542723Z  WARN ThreadId(20) hotstuff_runner::app: Node 2 view(2415) far exceeds block count (603); potential sync issue    
2026-08-10T05:31:22.604057Z  WARN ThreadId(20) hotstuff_runner::app: Node 2 [produce_block] queue size: 0, attempting up to 0 transactions this block    
2026-08-10T05:31:22.609584Z  WARN ThreadId(20) hotstuff_runner::app: Node 2 view(2419) far exceeds block count (604); potential sync issue    
2026-08-10T05:31:22.650747Z  WARN ThreadId(20) hotstuff_runner::app: Node 2 [produce_block] queue size: 0, attempting up to 0 transactions this block    
2026-08-10T05:31:22.655414Z  WARN ThreadId(20) hotstuff_runner::app: Node 2 view(2423) far exceeds block count (605); potential sync issue    
2026-08-10T05:31:22.713827Z  WARN ThreadId(20) hotstuff_runner::app: Node 2 [produce_block] queue size: 2, attempting up to 2 transactions this block    
2026-08-10T05:31:22.715607Z  WARN ThreadId(20) hotstuff_runner::app: Node 2 view(2427) far exceeds block count (606); potential sync issue    
2026-08-10T05:31:22.772841Z  WARN ThreadId(20) hotstuff_runner::app: Node 2 [produce_block] queue size: 0, attempting up to 0 transactions this block    
2026-08-10T05:31:22.773248Z  WARN ThreadId(20) hotstuff_runner::app: Node 2 view(2431) far exceeds block count (607); potential sync issue    
2026-08-10T05:31:22.826232Z  WARN ThreadId(20) hotstuff_runner::app: Node 2 [produce_block] queue size: 0, attempting up to 0 transactions this block    
2026-08-10T05:31:22.832597Z  WARN ThreadId(20) hotstuff_runner::app: Node 2 view(2435) far exceeds block count (608); potential sync issue    
2026-08-10T05:31:22.919411Z  WARN ThreadId(20) hotstuff_runner::app: Node 2 [produce_block] queue size: 0, attempting up to 0 transactions this block    
2026-08-10T05:31:22.919593Z  WARN ThreadId(20) hotstuff_runner::app: Node 2 view(2439) far exceeds block count (609); potential sync issue    
2026-08-10T05:31:22.961833Z  WARN ThreadId(20) hotstuff_runner::app: Node 2 [produce_block] queue size: 2, attempting up to 2 transactions this block    
2026-08-10T05:31:22.968196Z  WARN ThreadId(20) hotstuff_runner::app: Node 2 view(2443) far exceeds block count (610); potential sync issue    
2026-08-10T05:31:23.016025Z  WARN ThreadId(20) hotstuff_runner::app: Node 2 [produce_block] queue size: 0, attempting up to 0 transactions this block    
2026-08-10T05:31:23.017660Z  WARN ThreadId(20) hotstuff_runner::app: Node 2 view(2447) far exceeds block count (611); potential sync issue    
2026-08-10T05:31:23.095371Z  WARN ThreadId(20) hotstuff_runner::app: Node 2 [produce_block] queue size: 0, attempting up to 0 transactions this block    
2026-08-10T05:31:23.097084Z  WARN ThreadId(20) hotstuff_runner::app: Node 2 view(2451) far exceeds block count (612); potential sync issue    
2026-08-10T05:31:23.178061Z  WARN ThreadId(20) hotstuff_runner::app: Node 2 [produce_block] queue size: 2, attempting up to 2 transactions this block    
2026-08-10T05:31:23.182860Z  WARN ThreadId(20) hotstuff_runner::app: Node 2 view(2455) far exceeds block count (613); potential sync issue    
2026-08-10T05:31:23.275006Z  WARN ThreadId(20) hotstuff_runner::app: Node 2 [produce_block] queue size: 0, attempting up to 0 transactions this block    
2026-08-10T05:31:23.275864Z  WARN ThreadId(20) hotstuff_runner::app: Node 2 view(2459) far exceeds block count (614); potential sync issue    
2026-08-10T05:31:23.805995Z  WARN ThreadId(21) hotstuff_runner::tcp_node: Node 2 view 2460 timed out; latency may accumulate
2026-08-10T05:31:23.887904Z  WARN ThreadId(20) hotstuff_runner::app: Node 2 [produce_block] queue size: 4, attempting up to 4 transactions this block    
2026-08-10T05:31:23.888127Z  WARN ThreadId(20) hotstuff_runner::app: Node 2 view(2463) far exceeds block count (615); potential sync issue    
2026-08-10T05:31:24.025772Z  WARN ThreadId(20) hotstuff_runner::app: Node 2 [produce_block] queue size: 2, attempting up to 2 transactions this block    
2026-08-10T05:31:24.032526Z  WARN ThreadId(20) hotstuff_runner::app: Node 2 view(2467) far exceeds block count (616); potential sync issue    
2026-08-10T05:31:24.085429Z  WARN ThreadId(20) hotstuff_runner::app: Node 2 [produce_block] queue size: 0, attempting up to 0 transactions this block    
2026-08-10T05:31:24.085728Z  WARN ThreadId(20) hotstuff_runner::app: Node 2 view(2471) far exceeds block count (617); potential sync issue    
2026-08-10T05:31:24.134075Z  WARN ThreadId(20) hotstuff_runner::app: Node 2 [produce_block] queue size: 0, attempting up to 0 transactions this block    
2026-08-10T05:31:24.134188Z  WARN ThreadId(20) hotstuff_runner::app: Node 2 view(2475) far exceeds block count (618); potential sync issue    
2026-08-10T05:31:24.189946Z  WARN ThreadId(20) hotstuff_runner::app: Node 2 [produce_block] queue size: 0, attempting up to 0 transactions this block    
2026-08-10T05:31:24.190473Z  WARN ThreadId(20) hotstuff_runner::app: Node 2 view(2479) far exceeds block count (619); potential sync issue    
2026-08-10T05:31:24.287350Z  WARN ThreadId(20) hotstuff_runner::app: Node 2 [produce_block] queue size: 2, attempting up to 2 transactions this block    
2026-08-10T05:31:24.287895Z  WARN ThreadId(20) hotstuff_runner::app: Node 2 view(2483) far exceeds block count (620); potential sync issue    
2026-08-10T05:31:24.359778Z  WARN ThreadId(20) hotstuff_runner::app: Node 2 [produce_block] queue size: 0, attempting up to 0 transactions this block    
2026-08-10T05:31:24.364335Z  WARN ThreadId(20) hotstuff_runner::app: Node 2 view(2487) far exceeds block count (621); potential sync issue    
2026-08-10T05:31:24.463162Z  WARN ThreadId(20) hotstuff_runner::app: Node 2 [produce_block] queue size: 0, attempting up to 0 transactions this block    
2026-08-10T05:31:24.469386Z  WARN ThreadId(20) hotstuff_runner::app: Node 2 view(2491) far exceeds block count (622); potential sync issue    
2026-08-10T05:31:24.573292Z  WARN ThreadId(20) hotstuff_runner::app: Node 2 [produce_block] queue size: 0, attempting up to 0 transactions this block    
2026-08-10T05:31:24.574457Z  WARN ThreadId(20) hotstuff_runner::app: Node 2 view(2495) far exceeds block count (623); potential sync issue    
2026-08-10T05:31:24.665513Z  WARN ThreadId(25) hotstuff_runner::smrol::network: ⚠️ [Check] Writer 2 -> 1 slow write: 5.470667ms
2026-08-10T05:31:24.678631Z  WARN ThreadId(20) hotstuff_runner::app: Node 2 [produce_block] queue size: 2, attempting up to 2 transactions this block    
2026-08-10T05:31:24.682735Z  WARN ThreadId(20) hotstuff_runner::app: Node 2 view(2499) far exceeds block count (624); potential sync issue    
2026-08-10T05:31:24.774862Z  WARN ThreadId(20) hotstuff_runner::app: Node 2 [produce_block] queue size: 0, attempting up to 0 transactions this block    
2026-08-10T05:31:24.778353Z  WARN ThreadId(26) hotstuff_runner::smrol::network: ⚠️ [Check] Writer 2 -> 0 slow write: 5.622458ms
2026-08-10T05:31:24.781777Z  WARN ThreadId(20) hotstuff_runner::app: Node 2 view(2503) far exceeds block count (625); potential sync issue    
2026-08-10T05:31:24.860663Z  WARN ThreadId(20) hotstuff_runner::app: Node 2 [produce_block] queue size: 2, attempting up to 2 transactions this block    
2026-08-10T05:31:24.861041Z  WARN ThreadId(20) hotstuff_runner::app: Node 2 view(2507) far exceeds block count (626); potential sync issue    
2026-08-10T05:31:24.915834Z  WARN ThreadId(20) hotstuff_runner::app: Node 2 [produce_block] queue size: 0, attempting up to 0 transactions this block    
2026-08-10T05:31:24.918341Z  WARN ThreadId(20) hotstuff_runner::app: Node 2 view(2511) far exceeds block count (627); potential sync issue    
2026-08-10T05:31:24.991820Z  WARN ThreadId(20) hotstuff_runner::app: Node 2 [produce_block] queue size: 2, attempting up to 2 transactions this block    
2026-08-10T05:31:24.994640Z  WARN ThreadId(20) hotstuff_runner::app: Node 2 view(2515) far exceeds block count (628); potential sync issue    
2026-08-10T05:31:25.051354Z  WARN ThreadId(20) hotstuff_runner::app: Node 2 [produce_block] queue size: 0, attempting up to 0 transactions this block    
2026-08-10T05:31:25.053427Z  WARN ThreadId(20) hotstuff_runner::app: Node 2 view(2519) far exceeds block count (629); potential sync issue    
2026-08-10T05:31:25.138142Z  WARN ThreadId(20) hotstuff_runner::app: Node 2 [produce_block] queue size: 0, attempting up to 0 transactions this block    
2026-08-10T05:31:25.139402Z  WARN ThreadId(20) hotstuff_runner::app: Node 2 view(2523) far exceeds block count (630); potential sync issue    
2026-08-10T05:31:25.213362Z  WARN ThreadId(20) hotstuff_runner::app: Node 2 [produce_block] queue size: 2, attempting up to 2 transactions this block    
2026-08-10T05:31:25.215558Z  WARN ThreadId(20) hotstuff_runner::app: Node 2 view(2527) far exceeds block count (631); potential sync issue    
2026-08-10T05:31:25.272763Z  WARN ThreadId(20) hotstuff_runner::app: Node 2 [produce_block] queue size: 0, attempting up to 0 transactions this block    
2026-08-10T05:31:25.273224Z  WARN ThreadId(20) hotstuff_runner::app: Node 2 view(2531) far exceeds block count (632); potential sync issue    
2026-08-10T05:31:25.317481Z  WARN ThreadId(20) hotstuff_runner::app: Node 2 [produce_block] queue size: 0, attempting up to 0 transactions this block    
2026-08-10T05:31:25.318524Z  WARN ThreadId(20) hotstuff_runner::app: Node 2 view(2535) far exceeds block count (633); potential sync issue    
2026-08-10T05:31:25.378818Z  WARN ThreadId(20) hotstuff_runner::app: Node 2 [produce_block] queue size: 2, attempting up to 2 transactions this block    
2026-08-10T05:31:25.380090Z  WARN ThreadId(20) hotstuff_runner::app: Node 2 view(2539) far exceeds block count (634); potential sync issue    
2026-08-10T05:31:25.437035Z  WARN ThreadId(20) hotstuff_runner::app: Node 2 [produce_block] queue size: 0, attempting up to 0 transactions this block    
2026-08-10T05:31:25.437311Z  WARN ThreadId(20) hotstuff_runner::app: Node 2 view(2543) far exceeds block count (635); potential sync issue    
2026-08-10T05:31:25.513028Z  WARN ThreadId(20) hotstuff_runner::app: Node 2 [produce_block] queue size: 0, attempting up to 0 transactions this block    
2026-08-10T05:31:25.521007Z  WARN ThreadId(20) hotstuff_runner::app: Node 2 view(2547) far exceeds block count (636); potential sync issue    
2026-08-10T05:31:25.578396Z  WARN ThreadId(20) hotstuff_runner::app: Node 2 [produce_block] queue size: 0, attempting up to 0 transactions this block    
2026-08-10T05:31:25.584148Z  WARN ThreadId(20) hotstuff_runner::app: Node 2 view(2551) far exceeds block count (637); potential sync issue    
2026-08-10T05:31:25.602686Z  WARN ThreadId(26) hotstuff_runner::smrol::network: ⚠️ [Check] Writer 2 -> 0 slow write: 8.746417ms
2026-08-10T05:31:25.667766Z  WARN ThreadId(20) hotstuff_runner::app: Node 2 [produce_block] queue size: 2, attempting up to 2 transactions this block    
2026-08-10T05:31:25.668557Z  WARN ThreadId(20) hotstuff_runner::app: Node 2 view(2555) far exceeds block count (638); potential sync issue    
2026-08-10T05:31:25.715654Z  WARN ThreadId(20) hotstuff_runner::app: Node 2 [produce_block] queue size: 0, attempting up to 0 transactions this block    
2026-08-10T05:31:25.715936Z  WARN ThreadId(20) hotstuff_runner::app: Node 2 view(2559) far exceeds block count (639); potential sync issue    
2026-08-10T05:31:25.799907Z  WARN ThreadId(20) hotstuff_runner::app: Node 2 [produce_block] queue size: 2, attempting up to 2 transactions this block    
2026-08-10T05:31:25.801163Z  WARN ThreadId(20) hotstuff_runner::app: Node 2 view(2563) far exceeds block count (640); potential sync issue    
2026-08-10T05:31:25.848116Z  WARN ThreadId(20) hotstuff_runner::app: Node 2 [produce_block] queue size: 0, attempting up to 0 transactions this block    
2026-08-10T05:31:25.848613Z  WARN ThreadId(20) hotstuff_runner::app: Node 2 view(2567) far exceeds block count (641); potential sync issue    
2026-08-10T05:31:25.895980Z  WARN ThreadId(20) hotstuff_runner::app: Node 2 [produce_block] queue size: 0, attempting up to 0 transactions this block    
2026-08-10T05:31:25.896096Z  WARN ThreadId(20) hotstuff_runner::app: Node 2 view(2571) far exceeds block count (642); potential sync issue    
2026-08-10T05:31:25.931958Z  WARN ThreadId(20) hotstuff_runner::app: Node 2 [produce_block] queue size: 0, attempting up to 0 transactions this block    
2026-08-10T05:31:25.932412Z  WARN ThreadId(20) hotstuff_runner::app: Node 2 view(2575) far exceeds block count (643); potential sync issue    
2026-08-10T05:31:25.974321Z  WARN ThreadId(20) hotstuff_runner::app: Node 2 [produce_block] queue size: 0, attempting up to 0 transactions this block    
2026-08-10T05:31:25.974848Z  WARN ThreadId(20) hotstuff_runner::app: Node 2 view(2579) far exceeds block count (644); potential sync issue    
2026-08-10T05:31:26.052090Z  WARN ThreadId(20) hotstuff_runner::app: Node 2 [produce_block] queue size: 2, attempting up to 2 transactions this block    
2026-08-10T05:31:26.055602Z  WARN ThreadId(20) hotstuff_runner::app: Node 2 view(2583) far exceeds block count (645); potential sync issue    
2026-08-10T05:31:26.127556Z  WARN ThreadId(20) hotstuff_runner::app: Node 2 [produce_block] queue size: 0, attempting up to 0 transactions this block    
2026-08-10T05:31:26.130970Z  WARN ThreadId(20) hotstuff_runner::app: Node 2 view(2587) far exceeds block count (646); potential sync issue    
2026-08-10T05:31:26.233811Z  WARN ThreadId(20) hotstuff_runner::app: Node 2 [produce_block] queue size: 2, attempting up to 2 transactions this block    
2026-08-10T05:31:26.234378Z  WARN ThreadId(20) hotstuff_runner::app: Node 2 view(2591) far exceeds block count (647); potential sync issue    
2026-08-10T05:31:26.325532Z  WARN ThreadId(20) hotstuff_runner::app: Node 2 [produce_block] queue size: 0, attempting up to 0 transactions this block    
2026-08-10T05:31:26.329367Z  WARN ThreadId(20) hotstuff_runner::app: Node 2 view(2595) far exceeds block count (648); potential sync issue    
2026-08-10T05:31:26.415151Z  WARN ThreadId(20) hotstuff_runner::app: Node 2 [produce_block] queue size: 2, attempting up to 2 transactions this block    
2026-08-10T05:31:26.415889Z  WARN ThreadId(20) hotstuff_runner::app: Node 2 view(2599) far exceeds block count (649); potential sync issue    
2026-08-10T05:31:26.479529Z  WARN ThreadId(20) hotstuff_runner::app: Node 2 [produce_block] queue size: 0, attempting up to 0 transactions this block    
2026-08-10T05:31:26.479717Z  WARN ThreadId(20) hotstuff_runner::app: Node 2 view(2603) far exceeds block count (650); potential sync issue    
2026-08-10T05:31:26.642267Z  WARN ThreadId(20) hotstuff_runner::app: Node 2 [produce_block] queue size: 2, attempting up to 2 transactions this block    
2026-08-10T05:31:26.646176Z  WARN ThreadId(20) hotstuff_runner::app: Node 2 view(2607) far exceeds block count (651); potential sync issue    
2026-08-10T05:31:26.693149Z  WARN ThreadId(20) hotstuff_runner::app: Node 2 [produce_block] queue size: 0, attempting up to 0 transactions this block    
2026-08-10T05:31:26.695627Z  WARN ThreadId(20) hotstuff_runner::app: Node 2 view(2611) far exceeds block count (652); potential sync issue    
2026-08-10T05:31:26.783737Z  WARN ThreadId(20) hotstuff_runner::app: Node 2 [produce_block] queue size: 0, attempting up to 0 transactions this block    
2026-08-10T05:31:26.787060Z  WARN ThreadId(20) hotstuff_runner::app: Node 2 view(2615) far exceeds block count (653); potential sync issue    
2026-08-10T05:31:26.854687Z  WARN ThreadId(20) hotstuff_runner::app: Node 2 [produce_block] queue size: 2, attempting up to 2 transactions this block    
2026-08-10T05:31:26.855320Z  WARN ThreadId(20) hotstuff_runner::app: Node 2 view(2619) far exceeds block count (654); potential sync issue    
2026-08-10T05:31:26.904647Z  WARN ThreadId(07) docker_node:   Connection reuse ineffective (2.0 msg/conn)
2026-08-10T05:31:26.993453Z  WARN ThreadId(20) hotstuff_runner::app: Node 2 [produce_block] queue size: 0, attempting up to 0 transactions this block    
2026-08-10T05:31:26.993840Z  WARN ThreadId(20) hotstuff_runner::app: Node 2 view(2623) far exceeds block count (655); potential sync issue    
2026-08-10T05:31:27.074326Z  WARN ThreadId(20) hotstuff_runner::app: Node 2 [produce_block] queue size: 2, attempting up to 2 transactions this block    
2026-08-10T05:31:27.075548Z  WARN ThreadId(20) hotstuff_runner::app: Node 2 view(2627) far exceeds block count (656); potential sync issue    
2026-08-10T05:31:27.146948Z  WARN ThreadId(20) hotstuff_runner::app: Node 2 [produce_block] queue size: 0, attempting up to 0 transactions this block    
2026-08-10T05:31:27.147218Z  WARN ThreadId(20) hotstuff_runner::app: Node 2 view(2631) far exceeds block count (657); potential sync issue    
2026-08-10T05:31:27.247606Z  WARN ThreadId(20) hotstuff_runner::app: Node 2 [produce_block] queue size: 0, attempting up to 0 transactions this block    
2026-08-10T05:31:27.250651Z  WARN ThreadId(20) hotstuff_runner::app: Node 2 view(2635) far exceeds block count (658); potential sync issue    
2026-08-10T05:31:27.256552Z  WARN ThreadId(25) hotstuff_runner::smrol::network: ⚠️ [Check] Writer 2 -> 3 slow write: 9.747334ms
2026-08-10T05:31:27.338616Z  WARN ThreadId(20) hotstuff_runner::app: Node 2 [produce_block] queue size: 2, attempting up to 2 transactions this block    
2026-08-10T05:31:27.338843Z  WARN ThreadId(20) hotstuff_runner::app: Node 2 view(2639) far exceeds block count (659); potential sync issue    
2026-08-10T05:31:27.378948Z  WARN ThreadId(20) hotstuff_runner::app: Node 2 [produce_block] queue size: 0, attempting up to 0 transactions this block    
2026-08-10T05:31:27.380349Z  WARN ThreadId(20) hotstuff_runner::app: Node 2 view(2643) far exceeds block count (660); potential sync issue    
2026-08-10T05:31:27.466346Z  WARN ThreadId(20) hotstuff_runner::app: Node 2 [produce_block] queue size: 2, attempting up to 2 transactions this block    
2026-08-10T05:31:27.466581Z  WARN ThreadId(20) hotstuff_runner::app: Node 2 view(2647) far exceeds block count (661); potential sync issue    
2026-08-10T05:31:27.546300Z  WARN ThreadId(20) hotstuff_runner::app: Node 2 [produce_block] queue size: 0, attempting up to 0 transactions this block    
2026-08-10T05:31:27.557061Z  WARN ThreadId(20) hotstuff_runner::app: Node 2 view(2651) far exceeds block count (662); potential sync issue    
2026-08-10T05:31:27.681793Z  WARN ThreadId(20) hotstuff_runner::app: Node 2 [produce_block] queue size: 2, attempting up to 2 transactions this block    
2026-08-10T05:31:27.682096Z  WARN ThreadId(20) hotstuff_runner::app: Node 2 view(2655) far exceeds block count (663); potential sync issue    
2026-08-10T05:31:27.802689Z  WARN ThreadId(20) hotstuff_runner::app: Node 2 [produce_block] queue size: 2, attempting up to 2 transactions this block    
2026-08-10T05:31:27.802798Z  WARN ThreadId(20) hotstuff_runner::app: Node 2 view(2659) far exceeds block count (664); potential sync issue    
2026-08-10T05:31:27.906733Z  WARN ThreadId(20) hotstuff_runner::app: Node 2 [produce_block] queue size: 0, attempting up to 0 transactions this block    
2026-08-10T05:31:27.908347Z  WARN ThreadId(20) hotstuff_runner::app: Node 2 view(2663) far exceeds block count (665); potential sync issue    
2026-08-10T05:31:27.999084Z  WARN ThreadId(20) hotstuff_runner::app: Node 2 [produce_block] queue size: 2, attempting up to 2 transactions this block    
2026-08-10T05:31:27.999235Z  WARN ThreadId(20) hotstuff_runner::app: Node 2 view(2667) far exceeds block count (666); potential sync issue    
2026-08-10T05:31:28.090454Z  WARN ThreadId(20) hotstuff_runner::app: Node 2 [produce_block] queue size: 0, attempting up to 0 transactions this block    
2026-08-10T05:31:28.090700Z  WARN ThreadId(20) hotstuff_runner::app: Node 2 view(2671) far exceeds block count (667); potential sync issue    
2026-08-10T05:31:28.207219Z  WARN ThreadId(20) hotstuff_runner::app: Node 2 [produce_block] queue size: 2, attempting up to 2 transactions this block    
2026-08-10T05:31:28.212461Z  WARN ThreadId(20) hotstuff_runner::app: Node 2 view(2675) far exceeds block count (668); potential sync issue    
2026-08-10T05:31:28.455204Z  WARN ThreadId(20) hotstuff_runner::app: Node 2 [produce_block] queue size: 2, attempting up to 2 transactions this block    
2026-08-10T05:31:28.462794Z  WARN ThreadId(20) hotstuff_runner::app: Node 2 view(2679) far exceeds block count (669); potential sync issue    
2026-08-10T05:31:28.512216Z  WARN ThreadId(26) hotstuff_runner::smrol::network: ⚠️ [Check] Writer 2 -> 1 slow write: 11.117916ms
2026-08-10T05:31:28.568326Z  WARN ThreadId(20) hotstuff_runner::app: Node 2 [produce_block] queue size: 2, attempting up to 2 transactions this block    
2026-08-10T05:31:28.570134Z  WARN ThreadId(20) hotstuff_runner::app: Node 2 view(2683) far exceeds block count (670); potential sync issue    
2026-08-10T05:31:28.647837Z  WARN ThreadId(20) hotstuff_runner::app: Node 2 [produce_block] queue size: 0, attempting up to 0 transactions this block    
2026-08-10T05:31:28.648878Z  WARN ThreadId(20) hotstuff_runner::app: Node 2 view(2687) far exceeds block count (671); potential sync issue    
2026-08-10T05:31:28.699397Z  WARN ThreadId(26) hotstuff_runner::smrol::network: ⚠️ [Check] Writer 2 -> 0 slow write: 5.587833ms
2026-08-10T05:31:28.761815Z  WARN ThreadId(20) hotstuff_runner::app: Node 2 [produce_block] queue size: 2, attempting up to 2 transactions this block    
2026-08-10T05:31:28.762976Z  WARN ThreadId(20) hotstuff_runner::app: Node 2 view(2691) far exceeds block count (672); potential sync issue    
2026-08-10T05:31:28.817506Z  WARN ThreadId(20) hotstuff_rs::block_tree::invariants: SAFE_PC_FAIL: pc.block=[146, 2, 2, 130, 208, 159, 134, 10, 163, 166, 241, 126, 98, 64, 180, 139, 229, 180, 209, 36, 163, 171, 221, 156, 247, 206, 90, 82, 238, 12, 54, 70] view=2692 phase=Generic | cond1(chain_id/genesis)=true (pc.chain_id=0, my.chain_id=0) | cond2(block_exists/genesis)=false (exists=false) | cond3(view>locked || extends)=true (pc.view=2692, locked.view=2689, extends=false) | cond4(phase/updates)=true (phase_special=false, has_updates=false) | highest_pc.block=[45, 39, 143, 16, 159, 132, 186, 152, 32, 69, 46, 231, 122, 126, 208, 193, 234, 54, 125, 182, 87, 206, 118, 156, 95, 62, 50, 108, 102, 57, 198, 231] highest_pc.view=2690 locked.block=[200, 251, 226, 214, 54, 179, 44, 96, 23, 233, 11, 64, 38, 23, 34, 106, 186, 218, 9, 6, 107, 233, 70, 166, 255, 6, 112, 119, 190, 31, 254, 132] locked.view=2689    
2026-08-10T05:31:28.820300Z  WARN ThreadId(20) hotstuff_rs::block_tree::invariants: SAFE_BLOCK_FAIL: block=[176, 93, 134, 245, 87, 141, 13, 233, 45, 46, 71, 26, 13, 149, 2, 147, 126, 31, 196, 1, 57, 62, 217, 27, 115, 68, 198, 211, 117, 122, 35, 152] height=None | cond1(safe_pc)=false | cond2(is_block_justify)=true (justify.phase=Generic) | justify.block=[146, 2, 2, 130, 208, 159, 134, 10, 163, 166, 241, 126, 98, 64, 180, 139, 229, 180, 209, 36, 163, 171, 221, 156, 247, 206, 90, 82, 238, 12, 54, 70] justify.view=2692 | highest_pc.block=[45, 39, 143, 16, 159, 132, 186, 152, 32, 69, 46, 231, 122, 126, 208, 193, 234, 54, 125, 182, 87, 206, 118, 156, 95, 62, 50, 108, 102, 57, 198, 231] highest_pc.view=2690 | locked.block=[200, 251, 226, 214, 54, 179, 44, 96, 23, 233, 11, 64, 38, 23, 34, 106, 186, 218, 9, 6, 107, 233, 70, 166, 255, 6, 112, 119, 190, 31, 254, 132] locked.view=2689    
2026-08-10T05:31:28.827379Z  WARN ThreadId(20) hotstuff_rs::block_tree::invariants: SAFE_PC_FAIL: pc.block=[176, 93, 134, 245, 87, 141, 13, 233, 45, 46, 71, 26, 13, 149, 2, 147, 126, 31, 196, 1, 57, 62, 217, 27, 115, 68, 198, 211, 117, 122, 35, 152] view=2693 phase=Generic | cond1(chain_id/genesis)=true (pc.chain_id=0, my.chain_id=0) | cond2(block_exists/genesis)=false (exists=false) | cond3(view>locked || extends)=true (pc.view=2693, locked.view=2689, extends=false) | cond4(phase/updates)=true (phase_special=false, has_updates=false) | highest_pc.block=[45, 39, 143, 16, 159, 132, 186, 152, 32, 69, 46, 231, 122, 126, 208, 193, 234, 54, 125, 182, 87, 206, 118, 156, 95, 62, 50, 108, 102, 57, 198, 231] highest_pc.view=2690 locked.block=[200, 251, 226, 214, 54, 179, 44, 96, 23, 233, 11, 64, 38, 23, 34, 106, 186, 218, 9, 6, 107, 233, 70, 166, 255, 6, 112, 119, 190, 31, 254, 132] locked.view=2689    
2026-08-10T05:31:28.829504Z  WARN ThreadId(20) hotstuff_rs::block_tree::invariants: SAFE_BLOCK_FAIL: block=[156, 174, 14, 179, 255, 199, 181, 67, 255, 38, 136, 44, 134, 178, 112, 92, 164, 163, 14, 111, 43, 176, 244, 121, 8, 43, 121, 165, 55, 59, 229, 94] height=None | cond1(safe_pc)=false | cond2(is_block_justify)=true (justify.phase=Generic) | justify.block=[176, 93, 134, 245, 87, 141, 13, 233, 45, 46, 71, 26, 13, 149, 2, 147, 126, 31, 196, 1, 57, 62, 217, 27, 115, 68, 198, 211, 117, 122, 35, 152] justify.view=2693 | highest_pc.block=[45, 39, 143, 16, 159, 132, 186, 152, 32, 69, 46, 231, 122, 126, 208, 193, 234, 54, 125, 182, 87, 206, 118, 156, 95, 62, 50, 108, 102, 57, 198, 231] highest_pc.view=2690 | locked.block=[200, 251, 226, 214, 54, 179, 44, 96, 23, 233, 11, 64, 38, 23, 34, 106, 186, 218, 9, 6, 107, 233, 70, 166, 255, 6, 112, 119, 190, 31, 254, 132] locked.view=2689    
2026-08-10T05:31:28.832407Z  WARN ThreadId(20) hotstuff_rs::block_tree::invariants: SAFE_PC_FAIL: pc.block=[156, 174, 14, 179, 255, 199, 181, 67, 255, 38, 136, 44, 134, 178, 112, 92, 164, 163, 14, 111, 43, 176, 244, 121, 8, 43, 121, 165, 55, 59, 229, 94] view=2694 phase=Generic | cond1(chain_id/genesis)=true (pc.chain_id=0, my.chain_id=0) | cond2(block_exists/genesis)=false (exists=false) | cond3(view>locked || extends)=true (pc.view=2694, locked.view=2689, extends=false) | cond4(phase/updates)=true (phase_special=false, has_updates=false) | highest_pc.block=[45, 39, 143, 16, 159, 132, 186, 152, 32, 69, 46, 231, 122, 126, 208, 193, 234, 54, 125, 182, 87, 206, 118, 156, 95, 62, 50, 108, 102, 57, 198, 231] highest_pc.view=2690 locked.block=[200, 251, 226, 214, 54, 179, 44, 96, 23, 233, 11, 64, 38, 23, 34, 106, 186, 218, 9, 6, 107, 233, 70, 166, 255, 6, 112, 119, 190, 31, 254, 132] locked.view=2689    
2026-08-10T05:31:29.314494Z  WARN ThreadId(20) hotstuff_rs::block_tree::invariants: SAFE_PC_FAIL: pc.block=[176, 93, 134, 245, 87, 141, 13, 233, 45, 46, 71, 26, 13, 149, 2, 147, 126, 31, 196, 1, 57, 62, 217, 27, 115, 68, 198, 211, 117, 122, 35, 152] view=2693 phase=Generic | cond1(chain_id/genesis)=true (pc.chain_id=0, my.chain_id=0) | cond2(block_exists/genesis)=false (exists=false) | cond3(view>locked || extends)=true (pc.view=2693, locked.view=2689, extends=false) | cond4(phase/updates)=true (phase_special=false, has_updates=false) | highest_pc.block=[45, 39, 143, 16, 159, 132, 186, 152, 32, 69, 46, 231, 122, 126, 208, 193, 234, 54, 125, 182, 87, 206, 118, 156, 95, 62, 50, 108, 102, 57, 198, 231] highest_pc.view=2690 locked.block=[200, 251, 226, 214, 54, 179, 44, 96, 23, 233, 11, 64, 38, 23, 34, 106, 186, 218, 9, 6, 107, 233, 70, 166, 255, 6, 112, 119, 190, 31, 254, 132] locked.view=2689    
2026-08-10T05:31:29.335186Z  WARN ThreadId(20) hotstuff_rs::block_tree::invariants: SAFE_PC_FAIL: pc.block=[176, 93, 134, 245, 87, 141, 13, 233, 45, 46, 71, 26, 13, 149, 2, 147, 126, 31, 196, 1, 57, 62, 217, 27, 115, 68, 198, 211, 117, 122, 35, 152] view=2693 phase=Generic | cond1(chain_id/genesis)=true (pc.chain_id=0, my.chain_id=0) | cond2(block_exists/genesis)=false (exists=false) | cond3(view>locked || extends)=true (pc.view=2693, locked.view=2690, extends=false) | cond4(phase/updates)=true (phase_special=false, has_updates=false) | highest_pc.block=[42, 237, 22, 214, 184, 124, 118, 204, 243, 133, 5, 82, 174, 74, 152, 165, 23, 82, 165, 53, 114, 220, 179, 230, 25, 136, 248, 64, 109, 130, 162, 116] highest_pc.view=2691 locked.block=[45, 39, 143, 16, 159, 132, 186, 152, 32, 69, 46, 231, 122, 126, 208, 193, 234, 54, 125, 182, 87, 206, 118, 156, 95, 62, 50, 108, 102, 57, 198, 231] locked.view=2690    
2026-08-10T05:31:29.350498Z  WARN ThreadId(20) hotstuff_runner::app: Node 2 [produce_block] queue size: 6, attempting up to 6 transactions this block    
2026-08-10T05:31:29.352646Z  WARN ThreadId(20) hotstuff_runner::app: Node 2 view(2695) far exceeds block count (673); potential sync issue    
2026-08-10T05:31:29.394101Z  WARN ThreadId(21) hotstuff_runner::tcp_node: Node 2 view 2694 timed out; latency may accumulate
2026-08-10T05:31:29.422922Z  WARN ThreadId(20) hotstuff_runner::app: Node 2 [produce_block] queue size: 0, attempting up to 0 transactions this block    
2026-08-10T05:31:29.423004Z  WARN ThreadId(20) hotstuff_runner::app: Node 2 view(2699) far exceeds block count (674); potential sync issue    
2026-08-10T05:31:29.510969Z  WARN ThreadId(20) hotstuff_runner::app: Node 2 [produce_block] queue size: 2, attempting up to 2 transactions this block    
2026-08-10T05:31:29.511471Z  WARN ThreadId(20) hotstuff_runner::app: Node 2 view(2703) far exceeds block count (675); potential sync issue    
2026-08-10T05:31:29.593290Z  WARN ThreadId(20) hotstuff_runner::app: Node 2 [produce_block] queue size: 0, attempting up to 0 transactions this block    
2026-08-10T05:31:29.593344Z  WARN ThreadId(20) hotstuff_runner::app: Node 2 view(2707) far exceeds block count (676); potential sync issue    
2026-08-10T05:31:29.653103Z  WARN ThreadId(20) hotstuff_runner::app: Node 2 [produce_block] queue size: 0, attempting up to 0 transactions this block    
2026-08-10T05:31:29.653228Z  WARN ThreadId(20) hotstuff_runner::app: Node 2 view(2711) far exceeds block count (677); potential sync issue    
2026-08-10T05:31:29.746874Z  WARN ThreadId(20) hotstuff_runner::app: Node 2 [produce_block] queue size: 2, attempting up to 2 transactions this block    
2026-08-10T05:31:29.746993Z  WARN ThreadId(20) hotstuff_runner::app: Node 2 view(2715) far exceeds block count (678); potential sync issue    
2026-08-10T05:31:29.821327Z  WARN ThreadId(20) hotstuff_runner::app: Node 2 [produce_block] queue size: 0, attempting up to 0 transactions this block    
2026-08-10T05:31:29.821472Z  WARN ThreadId(20) hotstuff_runner::app: Node 2 view(2719) far exceeds block count (679); potential sync issue    
2026-08-10T05:31:29.869153Z  WARN ThreadId(20) hotstuff_runner::app: Node 2 [produce_block] queue size: 0, attempting up to 0 transactions this block    
2026-08-10T05:31:29.869418Z  WARN ThreadId(20) hotstuff_runner::app: Node 2 view(2723) far exceeds block count (680); potential sync issue    
2026-08-10T05:31:29.948815Z  WARN ThreadId(20) hotstuff_runner::app: Node 2 [produce_block] queue size: 2, attempting up to 2 transactions this block    
2026-08-10T05:31:29.949469Z  WARN ThreadId(20) hotstuff_runner::app: Node 2 view(2727) far exceeds block count (681); potential sync issue    
2026-08-10T05:31:30.090893Z  WARN ThreadId(20) hotstuff_runner::app: Node 2 [produce_block] queue size: 0, attempting up to 0 transactions this block    
2026-08-10T05:31:30.097227Z  WARN ThreadId(20) hotstuff_runner::app: Node 2 view(2731) far exceeds block count (682); potential sync issue    
2026-08-10T05:31:30.165754Z  WARN ThreadId(20) hotstuff_runner::app: Node 2 [produce_block] queue size: 2, attempting up to 2 transactions this block    
2026-08-10T05:31:30.169577Z  WARN ThreadId(20) hotstuff_runner::app: Node 2 view(2735) far exceeds block count (683); potential sync issue    
2026-08-10T05:31:30.225384Z  WARN ThreadId(20) hotstuff_runner::app: Node 2 [produce_block] queue size: 0, attempting up to 0 transactions this block    
2026-08-10T05:31:30.225991Z  WARN ThreadId(20) hotstuff_runner::app: Node 2 view(2739) far exceeds block count (684); potential sync issue    
2026-08-10T05:31:30.302386Z  WARN ThreadId(20) hotstuff_runner::app: Node 2 [produce_block] queue size: 0, attempting up to 0 transactions this block    
2026-08-10T05:31:30.303865Z  WARN ThreadId(20) hotstuff_runner::app: Node 2 view(2743) far exceeds block count (685); potential sync issue    
2026-08-10T05:31:30.534057Z  WARN ThreadId(20) hotstuff_runner::app: Node 2 [produce_block] queue size: 2, attempting up to 2 transactions this block    
2026-08-10T05:31:30.570729Z  WARN ThreadId(20) hotstuff_runner::app: Node 2 view(2747) far exceeds block count (686); potential sync issue    
2026-08-10T05:31:30.666302Z  WARN ThreadId(20) hotstuff_runner::app: Node 2 [produce_block] queue size: 2, attempting up to 2 transactions this block    
2026-08-10T05:31:30.667115Z  WARN ThreadId(20) hotstuff_runner::app: Node 2 view(2751) far exceeds block count (687); potential sync issue    
2026-08-10T05:31:30.740581Z  WARN ThreadId(20) hotstuff_runner::app: Node 2 [produce_block] queue size: 0, attempting up to 0 transactions this block    
2026-08-10T05:31:30.744344Z  WARN ThreadId(20) hotstuff_runner::app: Node 2 view(2755) far exceeds block count (688); potential sync issue    
2026-08-10T05:31:30.820848Z  WARN ThreadId(20) hotstuff_runner::app: Node 2 [produce_block] queue size: 2, attempting up to 2 transactions this block    
2026-08-10T05:31:30.824468Z  WARN ThreadId(20) hotstuff_runner::app: Node 2 view(2759) far exceeds block count (689); potential sync issue    
2026-08-10T05:31:30.915476Z  WARN ThreadId(20) hotstuff_runner::app: Node 2 [produce_block] queue size: 0, attempting up to 0 transactions this block    
2026-08-10T05:31:30.916408Z  WARN ThreadId(20) hotstuff_runner::app: Node 2 view(2763) far exceeds block count (690); potential sync issue    
2026-08-10T05:31:30.992367Z  WARN ThreadId(20) hotstuff_runner::app: Node 2 [produce_block] queue size: 2, attempting up to 2 transactions this block    
2026-08-10T05:31:30.992594Z  WARN ThreadId(20) hotstuff_runner::app: Node 2 view(2767) far exceeds block count (691); potential sync issue    
2026-08-10T05:31:31.054690Z  WARN ThreadId(20) hotstuff_runner::app: Node 2 [produce_block] queue size: 0, attempting up to 0 transactions this block    
2026-08-10T05:31:31.055727Z  WARN ThreadId(20) hotstuff_runner::app: Node 2 view(2771) far exceeds block count (692); potential sync issue    
2026-08-10T05:31:31.106588Z  WARN ThreadId(20) hotstuff_runner::app: Node 2 [produce_block] queue size: 0, attempting up to 0 transactions this block    
2026-08-10T05:31:31.107407Z  WARN ThreadId(20) hotstuff_runner::app: Node 2 view(2775) far exceeds block count (693); potential sync issue    
2026-08-10T05:31:31.206857Z  WARN ThreadId(20) hotstuff_runner::app: Node 2 [produce_block] queue size: 2, attempting up to 2 transactions this block    
2026-08-10T05:31:31.256941Z  WARN ThreadId(20) hotstuff_runner::app: Node 2 view(2779) far exceeds block count (694); potential sync issue    
2026-08-10T05:31:31.329784Z  WARN ThreadId(20) hotstuff_runner::app: Node 2 [produce_block] queue size: 2, attempting up to 2 transactions this block    
2026-08-10T05:31:31.331708Z  WARN ThreadId(20) hotstuff_runner::app: Node 2 view(2783) far exceeds block count (695); potential sync issue    
2026-08-10T05:31:31.387357Z  WARN ThreadId(20) hotstuff_runner::app: Node 2 [produce_block] queue size: 0, attempting up to 0 transactions this block    
2026-08-10T05:31:31.389521Z  WARN ThreadId(20) hotstuff_runner::app: Node 2 view(2787) far exceeds block count (696); potential sync issue    
2026-08-10T05:31:31.483799Z  WARN ThreadId(20) hotstuff_runner::app: Node 2 [produce_block] queue size: 2, attempting up to 2 transactions this block    
2026-08-10T05:31:31.484178Z  WARN ThreadId(20) hotstuff_runner::app: Node 2 view(2791) far exceeds block count (697); potential sync issue    
2026-08-10T05:31:31.556276Z  WARN ThreadId(20) hotstuff_runner::app: Node 2 [produce_block] queue size: 0, attempting up to 0 transactions this block    
2026-08-10T05:31:31.556812Z  WARN ThreadId(20) hotstuff_runner::app: Node 2 view(2795) far exceeds block count (698); potential sync issue    
2026-08-10T05:31:31.614400Z  WARN ThreadId(20) hotstuff_runner::app: Node 2 [produce_block] queue size: 0, attempting up to 0 transactions this block    
2026-08-10T05:31:31.614924Z  WARN ThreadId(20) hotstuff_runner::app: Node 2 view(2799) far exceeds block count (699); potential sync issue    
2026-08-10T05:31:31.694475Z  WARN ThreadId(20) hotstuff_runner::app: Node 2 [produce_block] queue size: 2, attempting up to 2 transactions this block    
2026-08-10T05:31:31.695101Z  WARN ThreadId(20) hotstuff_runner::app: Node 2 view(2803) far exceeds block count (700); potential sync issue    
2026-08-10T05:31:31.757179Z  WARN ThreadId(20) hotstuff_runner::app: Node 2 [produce_block] queue size: 0, attempting up to 0 transactions this block    
2026-08-10T05:31:31.757359Z  WARN ThreadId(20) hotstuff_runner::app: Node 2 view(2807) far exceeds block count (701); potential sync issue    
2026-08-10T05:31:31.860355Z  WARN ThreadId(20) hotstuff_runner::app: Node 2 [produce_block] queue size: 2, attempting up to 2 transactions this block    
2026-08-10T05:31:31.862035Z  WARN ThreadId(20) hotstuff_runner::app: Node 2 view(2811) far exceeds block count (702); potential sync issue    
2026-08-10T05:31:31.902011Z  WARN ThreadId(09) docker_node:   Connection reuse ineffective (2.0 msg/conn)
2026-08-10T05:31:31.909968Z  WARN ThreadId(20) hotstuff_runner::app: Node 2 [produce_block] queue size: 0, attempting up to 0 transactions this block    
2026-08-10T05:31:31.910229Z  WARN ThreadId(20) hotstuff_runner::app: Node 2 view(2815) far exceeds block count (703); potential sync issue    
2026-08-10T05:31:32.100845Z  WARN ThreadId(20) hotstuff_runner::app: Node 2 [produce_block] queue size: 2, attempting up to 2 transactions this block    
2026-08-10T05:31:32.101950Z  WARN ThreadId(20) hotstuff_runner::app: Node 2 view(2819) far exceeds block count (704); potential sync issue    
2026-08-10T05:31:32.214296Z  WARN ThreadId(20) hotstuff_runner::app: Node 2 [produce_block] queue size: 0, attempting up to 0 transactions this block    
2026-08-10T05:31:32.221117Z  WARN ThreadId(20) hotstuff_runner::app: Node 2 view(2823) far exceeds block count (705); potential sync issue    
2026-08-10T05:31:32.369251Z  WARN ThreadId(20) hotstuff_runner::app: Node 2 [produce_block] queue size: 2, attempting up to 2 transactions this block    
2026-08-10T05:31:32.369472Z  WARN ThreadId(20) hotstuff_runner::app: Node 2 view(2827) far exceeds block count (706); potential sync issue    
2026-08-10T05:31:32.429059Z  WARN ThreadId(20) hotstuff_runner::app: Node 2 [produce_block] queue size: 0, attempting up to 0 transactions this block    
2026-08-10T05:31:32.429473Z  WARN ThreadId(20) hotstuff_runner::app: Node 2 view(2831) far exceeds block count (707); potential sync issue    
2026-08-10T05:31:32.490920Z  WARN ThreadId(20) hotstuff_runner::app: Node 2 [produce_block] queue size: 2, attempting up to 2 transactions this block    
2026-08-10T05:31:32.492311Z  WARN ThreadId(20) hotstuff_runner::app: Node 2 view(2835) far exceeds block count (708); potential sync issue    
2026-08-10T05:31:32.575521Z  WARN ThreadId(20) hotstuff_runner::app: Node 2 [produce_block] queue size: 0, attempting up to 0 transactions this block    
2026-08-10T05:31:32.575616Z  WARN ThreadId(20) hotstuff_runner::app: Node 2 view(2839) far exceeds block count (709); potential sync issue    
2026-08-10T05:31:32.679685Z  WARN ThreadId(20) hotstuff_runner::app: Node 2 [produce_block] queue size: 0, attempting up to 0 transactions this block    
2026-08-10T05:31:32.681882Z  WARN ThreadId(20) hotstuff_runner::app: Node 2 view(2843) far exceeds block count (710); potential sync issue    
2026-08-10T05:31:32.788331Z  WARN ThreadId(20) hotstuff_runner::app: Node 2 [produce_block] queue size: 2, attempting up to 2 transactions this block    
2026-08-10T05:31:32.788739Z  WARN ThreadId(20) hotstuff_runner::app: Node 2 view(2847) far exceeds block count (711); potential sync issue    
2026-08-10T05:31:32.837871Z  WARN ThreadId(20) hotstuff_runner::app: Node 2 [produce_block] queue size: 0, attempting up to 0 transactions this block    
2026-08-10T05:31:32.838260Z  WARN ThreadId(20) hotstuff_runner::app: Node 2 view(2851) far exceeds block count (712); potential sync issue    
2026-08-10T05:31:32.919437Z  WARN ThreadId(20) hotstuff_runner::app: Node 2 [produce_block] queue size: 0, attempting up to 0 transactions this block    
2026-08-10T05:31:32.919594Z  WARN ThreadId(20) hotstuff_runner::app: Node 2 view(2855) far exceeds block count (713); potential sync issue    
2026-08-10T05:31:33.039042Z  WARN ThreadId(20) hotstuff_runner::app: Node 2 [produce_block] queue size: 2, attempting up to 2 transactions this block    
2026-08-10T05:31:33.039445Z  WARN ThreadId(20) hotstuff_runner::app: Node 2 view(2859) far exceeds block count (714); potential sync issue    
2026-08-10T05:31:33.073565Z  WARN ThreadId(20) hotstuff_runner::app: Node 2 [produce_block] queue size: 0, attempting up to 0 transactions this block    
2026-08-10T05:31:33.074334Z  WARN ThreadId(20) hotstuff_runner::app: Node 2 view(2863) far exceeds block count (715); potential sync issue    
2026-08-10T05:31:33.131215Z  WARN ThreadId(20) hotstuff_runner::app: Node 2 [produce_block] queue size: 2, attempting up to 2 transactions this block    
2026-08-10T05:31:33.132280Z  WARN ThreadId(20) hotstuff_runner::app: Node 2 view(2867) far exceeds block count (716); potential sync issue    
2026-08-10T05:31:33.211779Z  WARN ThreadId(20) hotstuff_runner::app: Node 2 [produce_block] queue size: 0, attempting up to 0 transactions this block    
2026-08-10T05:31:33.213278Z  WARN ThreadId(20) hotstuff_runner::app: Node 2 view(2871) far exceeds block count (717); potential sync issue    
2026-08-10T05:31:33.261621Z  WARN ThreadId(20) hotstuff_runner::app: Node 2 [produce_block] queue size: 0, attempting up to 0 transactions this block    
2026-08-10T05:31:33.263196Z  WARN ThreadId(20) hotstuff_runner::app: Node 2 view(2875) far exceeds block count (718); potential sync issue    
2026-08-10T05:31:33.358439Z  WARN ThreadId(20) hotstuff_runner::app: Node 2 [produce_block] queue size: 2, attempting up to 2 transactions this block    
2026-08-10T05:31:33.362417Z  WARN ThreadId(20) hotstuff_runner::app: Node 2 view(2879) far exceeds block count (719); potential sync issue    
2026-08-10T05:31:33.469381Z  WARN ThreadId(20) hotstuff_runner::app: Node 2 [produce_block] queue size: 0, attempting up to 0 transactions this block    
2026-08-10T05:31:33.472342Z  WARN ThreadId(20) hotstuff_runner::app: Node 2 view(2883) far exceeds block count (720); potential sync issue    
2026-08-10T05:31:33.610804Z  WARN ThreadId(20) hotstuff_runner::app: Node 2 [produce_block] queue size: 2, attempting up to 2 transactions this block    
2026-08-10T05:31:33.614819Z  WARN ThreadId(20) hotstuff_runner::app: Node 2 view(2887) far exceeds block count (721); potential sync issue    
2026-08-10T05:31:33.681209Z  WARN ThreadId(20) hotstuff_runner::app: Node 2 [produce_block] queue size: 0, attempting up to 0 transactions this block    
2026-08-10T05:31:33.681496Z  WARN ThreadId(20) hotstuff_runner::app: Node 2 view(2891) far exceeds block count (722); potential sync issue    
2026-08-10T05:31:33.780058Z  WARN ThreadId(20) hotstuff_runner::app: Node 2 [produce_block] queue size: 2, attempting up to 2 transactions this block    
2026-08-10T05:31:33.780199Z  WARN ThreadId(20) hotstuff_runner::app: Node 2 view(2895) far exceeds block count (723); potential sync issue    
2026-08-10T05:31:33.923540Z  WARN ThreadId(20) hotstuff_runner::app: Node 2 [produce_block] queue size: 0, attempting up to 0 transactions this block    
2026-08-10T05:31:33.923743Z  WARN ThreadId(20) hotstuff_runner::app: Node 2 view(2899) far exceeds block count (724); potential sync issue    
2026-08-10T05:31:34.056051Z  WARN ThreadId(20) hotstuff_runner::app: Node 2 [produce_block] queue size: 2, attempting up to 2 transactions this block    
2026-08-10T05:31:34.061956Z  WARN ThreadId(20) hotstuff_runner::app: Node 2 view(2903) far exceeds block count (725); potential sync issue    
2026-08-10T05:31:34.171484Z  WARN ThreadId(20) hotstuff_runner::app: Node 2 [produce_block] queue size: 2, attempting up to 2 transactions this block    
2026-08-10T05:31:34.171939Z  WARN ThreadId(20) hotstuff_runner::app: Node 2 view(2907) far exceeds block count (726); potential sync issue    
2026-08-10T05:31:34.229087Z  WARN ThreadId(20) hotstuff_runner::app: Node 2 [produce_block] queue size: 0, attempting up to 0 transactions this block    
2026-08-10T05:31:34.229179Z  WARN ThreadId(20) hotstuff_runner::app: Node 2 view(2911) far exceeds block count (727); potential sync issue    
2026-08-10T05:31:34.336784Z  WARN ThreadId(20) hotstuff_runner::app: Node 2 [produce_block] queue size: 2, attempting up to 2 transactions this block    
2026-08-10T05:31:34.336993Z  WARN ThreadId(20) hotstuff_runner::app: Node 2 view(2915) far exceeds block count (728); potential sync issue    
2026-08-10T05:31:34.412782Z  WARN ThreadId(20) hotstuff_runner::app: Node 2 [produce_block] queue size: 0, attempting up to 0 transactions this block    
2026-08-10T05:31:34.413461Z  WARN ThreadId(20) hotstuff_runner::app: Node 2 view(2919) far exceeds block count (729); potential sync issue    
2026-08-10T05:31:34.493544Z  WARN ThreadId(20) hotstuff_runner::app: Node 2 [produce_block] queue size: 0, attempting up to 0 transactions this block    
2026-08-10T05:31:34.494588Z  WARN ThreadId(20) hotstuff_runner::app: Node 2 view(2923) far exceeds block count (730); potential sync issue    
2026-08-10T05:31:34.627345Z  WARN ThreadId(20) hotstuff_runner::app: Node 2 [produce_block] queue size: 2, attempting up to 2 transactions this block    
2026-08-10T05:31:34.627908Z  WARN ThreadId(20) hotstuff_runner::app: Node 2 view(2927) far exceeds block count (731); potential sync issue    
2026-08-10T05:31:34.682295Z  WARN ThreadId(20) hotstuff_runner::app: Node 2 [produce_block] queue size: 0, attempting up to 0 transactions this block    
2026-08-10T05:31:34.688636Z  WARN ThreadId(20) hotstuff_runner::app: Node 2 view(2931) far exceeds block count (732); potential sync issue    
2026-08-10T05:31:34.748231Z  WARN ThreadId(20) hotstuff_runner::app: Node 2 [produce_block] queue size: 0, attempting up to 0 transactions this block    
2026-08-10T05:31:34.753687Z  WARN ThreadId(20) hotstuff_runner::app: Node 2 view(2935) far exceeds block count (733); potential sync issue    
2026-08-10T05:31:34.821406Z  WARN ThreadId(20) hotstuff_runner::app: Node 2 [produce_block] queue size: 0, attempting up to 0 transactions this block    
2026-08-10T05:31:34.821653Z  WARN ThreadId(20) hotstuff_runner::app: Node 2 view(2939) far exceeds block count (734); potential sync issue    
2026-08-10T05:31:34.901580Z  WARN ThreadId(20) hotstuff_runner::app: Node 2 [produce_block] queue size: 0, attempting up to 0 transactions this block    
2026-08-10T05:31:34.901957Z  WARN ThreadId(20) hotstuff_runner::app: Node 2 view(2943) far exceeds block count (735); potential sync issue    
2026-08-10T05:31:34.966182Z  WARN ThreadId(20) hotstuff_runner::app: Node 2 [produce_block] queue size: 0, attempting up to 0 transactions this block    
2026-08-10T05:31:34.967598Z  WARN ThreadId(20) hotstuff_runner::app: Node 2 view(2947) far exceeds block count (736); potential sync issue    
2026-08-10T05:31:35.052649Z  WARN ThreadId(20) hotstuff_runner::app: Node 2 [produce_block] queue size: 2, attempting up to 2 transactions this block    
2026-08-10T05:31:35.053160Z  WARN ThreadId(20) hotstuff_runner::app: Node 2 view(2951) far exceeds block count (737); potential sync issue    
2026-08-10T05:31:35.146859Z  WARN ThreadId(20) hotstuff_runner::app: Node 2 [produce_block] queue size: 0, attempting up to 0 transactions this block    
2026-08-10T05:31:35.147911Z  WARN ThreadId(20) hotstuff_runner::app: Node 2 view(2955) far exceeds block count (738); potential sync issue    
2026-08-10T05:31:35.232356Z  WARN ThreadId(20) hotstuff_runner::app: Node 2 [produce_block] queue size: 2, attempting up to 2 transactions this block    
2026-08-10T05:31:35.232488Z  WARN ThreadId(20) hotstuff_runner::app: Node 2 view(2959) far exceeds block count (739); potential sync issue    
2026-08-10T05:31:35.340613Z  WARN ThreadId(20) hotstuff_runner::app: Node 2 [produce_block] queue size: 0, attempting up to 0 transactions this block    
2026-08-10T05:31:35.347915Z  WARN ThreadId(20) hotstuff_runner::app: Node 2 view(2963) far exceeds block count (740); potential sync issue    
2026-08-10T05:31:35.458713Z  WARN ThreadId(20) hotstuff_runner::app: Node 2 [produce_block] queue size: 0, attempting up to 0 transactions this block    
2026-08-10T05:31:35.458838Z  WARN ThreadId(20) hotstuff_runner::app: Node 2 view(2967) far exceeds block count (741); potential sync issue    
2026-08-10T05:31:35.545739Z  WARN ThreadId(20) hotstuff_runner::app: Node 2 [produce_block] queue size: 0, attempting up to 0 transactions this block    
2026-08-10T05:31:35.547746Z  WARN ThreadId(20) hotstuff_runner::app: Node 2 view(2971) far exceeds block count (742); potential sync issue    
2026-08-10T05:31:35.623679Z  WARN ThreadId(20) hotstuff_runner::app: Node 2 [produce_block] queue size: 2, attempting up to 2 transactions this block    
2026-08-10T05:31:35.624974Z  WARN ThreadId(20) hotstuff_runner::app: Node 2 view(2975) far exceeds block count (743); potential sync issue    
2026-08-10T05:31:35.712402Z  WARN ThreadId(20) hotstuff_runner::app: Node 2 [produce_block] queue size: 0, attempting up to 0 transactions this block    
2026-08-10T05:31:35.712613Z  WARN ThreadId(20) hotstuff_runner::app: Node 2 view(2979) far exceeds block count (744); potential sync issue    
2026-08-10T05:31:35.754831Z  WARN ThreadId(20) hotstuff_runner::app: Node 2 [produce_block] queue size: 0, attempting up to 0 transactions this block    
2026-08-10T05:31:35.756103Z  WARN ThreadId(20) hotstuff_runner::app: Node 2 view(2983) far exceeds block count (745); potential sync issue    
2026-08-10T05:31:35.823293Z  WARN ThreadId(20) hotstuff_runner::app: Node 2 [produce_block] queue size: 2, attempting up to 2 transactions this block    
2026-08-10T05:31:35.823881Z  WARN ThreadId(20) hotstuff_runner::app: Node 2 view(2987) far exceeds block count (746); potential sync issue    
2026-08-10T05:31:35.921934Z  WARN ThreadId(20) hotstuff_runner::app: Node 2 [produce_block] queue size: 0, attempting up to 0 transactions this block    
2026-08-10T05:31:35.922176Z  WARN ThreadId(20) hotstuff_runner::app: Node 2 view(2991) far exceeds block count (747); potential sync issue    
2026-08-10T05:31:35.997957Z  WARN ThreadId(20) hotstuff_runner::app: Node 2 [produce_block] queue size: 0, attempting up to 0 transactions this block    
2026-08-10T05:31:35.998611Z  WARN ThreadId(20) hotstuff_runner::app: Node 2 view(2995) far exceeds block count (748); potential sync issue    
2026-08-10T05:31:36.095073Z  WARN ThreadId(20) hotstuff_runner::app: Node 2 [produce_block] queue size: 2, attempting up to 2 transactions this block    
2026-08-10T05:31:36.095786Z  WARN ThreadId(20) hotstuff_runner::app: Node 2 view(2999) far exceeds block count (749); potential sync issue    
2026-08-10T05:31:36.169751Z  WARN ThreadId(20) hotstuff_runner::app: Node 2 [produce_block] queue size: 0, attempting up to 0 transactions this block    
2026-08-10T05:31:36.174024Z  WARN ThreadId(20) hotstuff_runner::app: Node 2 view(3003) far exceeds block count (750); potential sync issue    
2026-08-10T05:31:36.219120Z  WARN ThreadId(20) hotstuff_runner::app: Node 2 [produce_block] queue size: 0, attempting up to 0 transactions this block    
2026-08-10T05:31:36.221108Z  WARN ThreadId(20) hotstuff_runner::app: Node 2 view(3007) far exceeds block count (751); potential sync issue    
2026-08-10T05:31:36.298707Z  WARN ThreadId(20) hotstuff_runner::app: Node 2 [produce_block] queue size: 2, attempting up to 2 transactions this block    
2026-08-10T05:31:36.299479Z  WARN ThreadId(20) hotstuff_runner::app: Node 2 view(3011) far exceeds block count (752); potential sync issue    
2026-08-10T05:31:36.361283Z  WARN ThreadId(20) hotstuff_runner::app: Node 2 [produce_block] queue size: 0, attempting up to 0 transactions this block    
2026-08-10T05:31:36.363789Z  WARN ThreadId(20) hotstuff_runner::app: Node 2 view(3015) far exceeds block count (753); potential sync issue    
2026-08-10T05:31:36.451898Z  WARN ThreadId(20) hotstuff_runner::app: Node 2 [produce_block] queue size: 2, attempting up to 2 transactions this block    
2026-08-10T05:31:36.452026Z  WARN ThreadId(20) hotstuff_runner::app: Node 2 view(3019) far exceeds block count (754); potential sync issue    
2026-08-10T05:31:36.533976Z  WARN ThreadId(20) hotstuff_runner::app: Node 2 [produce_block] queue size: 0, attempting up to 0 transactions this block    
2026-08-10T05:31:36.538753Z  WARN ThreadId(20) hotstuff_runner::app: Node 2 view(3023) far exceeds block count (755); potential sync issue    
2026-08-10T05:31:36.605366Z  WARN ThreadId(20) hotstuff_runner::app: Node 2 [produce_block] queue size: 0, attempting up to 0 transactions this block    
2026-08-10T05:31:36.605864Z  WARN ThreadId(20) hotstuff_runner::app: Node 2 view(3027) far exceeds block count (756); potential sync issue    
2026-08-10T05:31:36.698254Z  WARN ThreadId(20) hotstuff_runner::app: Node 2 [produce_block] queue size: 2, attempting up to 2 transactions this block    
2026-08-10T05:31:36.700451Z  WARN ThreadId(20) hotstuff_runner::app: Node 2 view(3031) far exceeds block count (757); potential sync issue    
2026-08-10T05:31:36.751504Z  WARN ThreadId(20) hotstuff_runner::app: Node 2 [produce_block] queue size: 0, attempting up to 0 transactions this block    
2026-08-10T05:31:36.751683Z  WARN ThreadId(20) hotstuff_runner::app: Node 2 view(3035) far exceeds block count (758); potential sync issue    
2026-08-10T05:31:36.810877Z  WARN ThreadId(20) hotstuff_runner::app: Node 2 [produce_block] queue size: 0, attempting up to 0 transactions this block    
2026-08-10T05:31:36.812582Z  WARN ThreadId(20) hotstuff_runner::app: Node 2 view(3039) far exceeds block count (759); potential sync issue    
2026-08-10T05:31:36.899637Z  WARN ThreadId(07) docker_node:   Connection reuse ineffective (2.0 msg/conn)
2026-08-10T05:31:36.916014Z  WARN ThreadId(20) hotstuff_runner::app: Node 2 [produce_block] queue size: 2, attempting up to 2 transactions this block    
2026-08-10T05:31:36.917340Z  WARN ThreadId(20) hotstuff_runner::app: Node 2 view(3043) far exceeds block count (760); potential sync issue    
2026-08-10T05:31:36.968824Z  WARN ThreadId(20) hotstuff_runner::app: Node 2 [produce_block] queue size: 0, attempting up to 0 transactions this block    
2026-08-10T05:31:36.969688Z  WARN ThreadId(20) hotstuff_runner::app: Node 2 view(3047) far exceeds block count (761); potential sync issue    
2026-08-10T05:31:37.040725Z  WARN ThreadId(20) hotstuff_runner::app: Node 2 [produce_block] queue size: 0, attempting up to 0 transactions this block    
2026-08-10T05:31:37.041187Z  WARN ThreadId(20) hotstuff_runner::app: Node 2 view(3051) far exceeds block count (762); potential sync issue    
2026-08-10T05:31:37.161982Z  WARN ThreadId(20) hotstuff_runner::app: Node 2 [produce_block] queue size: 2, attempting up to 2 transactions this block    
2026-08-10T05:31:37.162635Z  WARN ThreadId(20) hotstuff_runner::app: Node 2 view(3055) far exceeds block count (763); potential sync issue    
2026-08-10T05:31:37.587167Z  WARN ThreadId(20) hotstuff_runner::app: Node 2 [produce_block] queue size: 2, attempting up to 2 transactions this block    
2026-08-10T05:31:37.587493Z  WARN ThreadId(20) hotstuff_runner::app: Node 2 view(3059) far exceeds block count (764); potential sync issue    
2026-08-10T05:31:37.640840Z  WARN ThreadId(25) hotstuff_runner::smrol::network: ⚠️ [Check] Writer 2 -> 3 slow write: 15.476959ms
2026-08-10T05:31:37.808915Z  WARN ThreadId(20) hotstuff_runner::app: Node 2 [produce_block] queue size: 4, attempting up to 4 transactions this block    
2026-08-10T05:31:37.809189Z  WARN ThreadId(20) hotstuff_runner::app: Node 2 view(3063) far exceeds block count (765); potential sync issue    
2026-08-10T05:31:38.060329Z  WARN ThreadId(20) hotstuff_runner::app: Node 2 [produce_block] queue size: 2, attempting up to 2 transactions this block    
2026-08-10T05:31:38.063106Z  WARN ThreadId(20) hotstuff_runner::app: Node 2 view(3067) far exceeds block count (766); potential sync issue    
2026-08-10T05:31:38.116330Z  WARN ThreadId(20) hotstuff_runner::app: Node 2 [produce_block] queue size: 0, attempting up to 0 transactions this block    
2026-08-10T05:31:38.119693Z  WARN ThreadId(20) hotstuff_runner::app: Node 2 view(3071) far exceeds block count (767); potential sync issue    
2026-08-10T05:31:38.205774Z  WARN ThreadId(20) hotstuff_runner::app: Node 2 [produce_block] queue size: 2, attempting up to 2 transactions this block    
2026-08-10T05:31:38.205985Z  WARN ThreadId(20) hotstuff_runner::app: Node 2 view(3075) far exceeds block count (768); potential sync issue    
2026-08-10T05:31:38.271353Z  WARN ThreadId(20) hotstuff_runner::app: Node 2 [produce_block] queue size: 0, attempting up to 0 transactions this block    
2026-08-10T05:31:38.271968Z  WARN ThreadId(20) hotstuff_runner::app: Node 2 view(3079) far exceeds block count (769); potential sync issue    
2026-08-10T05:31:38.332579Z  WARN ThreadId(20) hotstuff_runner::app: Node 2 [produce_block] queue size: 0, attempting up to 0 transactions this block    
2026-08-10T05:31:38.335246Z  WARN ThreadId(20) hotstuff_runner::app: Node 2 view(3083) far exceeds block count (770); potential sync issue    
2026-08-10T05:31:38.398791Z  WARN ThreadId(20) hotstuff_runner::app: Node 2 [produce_block] queue size: 2, attempting up to 2 transactions this block    
2026-08-10T05:31:38.399434Z  WARN ThreadId(20) hotstuff_runner::app: Node 2 view(3087) far exceeds block count (771); potential sync issue    
2026-08-10T05:31:38.460993Z  WARN ThreadId(20) hotstuff_runner::app: Node 2 [produce_block] queue size: 0, attempting up to 0 transactions this block    
2026-08-10T05:31:38.461834Z  WARN ThreadId(20) hotstuff_runner::app: Node 2 view(3091) far exceeds block count (772); potential sync issue    
2026-08-10T05:31:38.549781Z  WARN ThreadId(20) hotstuff_runner::app: Node 2 [produce_block] queue size: 0, attempting up to 0 transactions this block    
2026-08-10T05:31:38.555723Z  WARN ThreadId(20) hotstuff_runner::app: Node 2 view(3095) far exceeds block count (773); potential sync issue    
2026-08-10T05:31:38.622561Z  WARN ThreadId(20) hotstuff_runner::app: Node 2 [produce_block] queue size: 2, attempting up to 2 transactions this block    
2026-08-10T05:31:38.624665Z  WARN ThreadId(20) hotstuff_runner::app: Node 2 view(3099) far exceeds block count (774); potential sync issue    
2026-08-10T05:31:38.701449Z  WARN ThreadId(20) hotstuff_runner::app: Node 2 [produce_block] queue size: 0, attempting up to 0 transactions this block    
2026-08-10T05:31:38.701693Z  WARN ThreadId(20) hotstuff_runner::app: Node 2 view(3103) far exceeds block count (775); potential sync issue    
2026-08-10T05:31:38.747662Z  WARN ThreadId(20) hotstuff_runner::app: Node 2 [produce_block] queue size: 0, attempting up to 0 transactions this block    
2026-08-10T05:31:38.747974Z  WARN ThreadId(20) hotstuff_runner::app: Node 2 view(3107) far exceeds block count (776); potential sync issue    
2026-08-10T05:31:38.818621Z  WARN ThreadId(20) hotstuff_runner::app: Node 2 [produce_block] queue size: 2, attempting up to 2 transactions this block    
2026-08-10T05:31:38.818878Z  WARN ThreadId(20) hotstuff_runner::app: Node 2 view(3111) far exceeds block count (777); potential sync issue    
2026-08-10T05:31:38.912860Z  WARN ThreadId(20) hotstuff_runner::app: Node 2 [produce_block] queue size: 0, attempting up to 0 transactions this block    
2026-08-10T05:31:38.913513Z  WARN ThreadId(20) hotstuff_runner::app: Node 2 view(3115) far exceeds block count (778); potential sync issue    
2026-08-10T05:31:39.061568Z  WARN ThreadId(20) hotstuff_runner::app: Node 2 [produce_block] queue size: 2, attempting up to 2 transactions this block    
2026-08-10T05:31:39.062000Z  WARN ThreadId(20) hotstuff_runner::app: Node 2 view(3119) far exceeds block count (779); potential sync issue    
2026-08-10T05:31:39.126876Z  WARN ThreadId(20) hotstuff_runner::app: Node 2 [produce_block] queue size: 0, attempting up to 0 transactions this block    
2026-08-10T05:31:39.127132Z  WARN ThreadId(20) hotstuff_runner::app: Node 2 view(3123) far exceeds block count (780); potential sync issue    
2026-08-10T05:31:39.207764Z  WARN ThreadId(20) hotstuff_runner::app: Node 2 [produce_block] queue size: 0, attempting up to 0 transactions this block    
2026-08-10T05:31:39.207906Z  WARN ThreadId(20) hotstuff_runner::app: Node 2 view(3127) far exceeds block count (781); potential sync issue    
2026-08-10T05:31:39.272643Z  WARN ThreadId(20) hotstuff_runner::app: Node 2 [produce_block] queue size: 2, attempting up to 2 transactions this block    
2026-08-10T05:31:39.279961Z  WARN ThreadId(20) hotstuff_runner::app: Node 2 view(3131) far exceeds block count (782); potential sync issue    
2026-08-10T05:31:39.340132Z  WARN ThreadId(20) hotstuff_runner::app: Node 2 [produce_block] queue size: 0, attempting up to 0 transactions this block    
2026-08-10T05:31:39.340370Z  WARN ThreadId(20) hotstuff_runner::app: Node 2 view(3135) far exceeds block count (783); potential sync issue    
2026-08-10T05:31:39.432905Z  WARN ThreadId(20) hotstuff_runner::app: Node 2 [produce_block] queue size: 0, attempting up to 0 transactions this block    
2026-08-10T05:31:39.433587Z  WARN ThreadId(20) hotstuff_runner::app: Node 2 view(3139) far exceeds block count (784); potential sync issue    
2026-08-10T05:31:39.512485Z  WARN ThreadId(20) hotstuff_runner::app: Node 2 [produce_block] queue size: 2, attempting up to 2 transactions this block    
2026-08-10T05:31:39.513926Z  WARN ThreadId(20) hotstuff_runner::app: Node 2 view(3143) far exceeds block count (785); potential sync issue    
2026-08-10T05:31:39.626356Z  WARN ThreadId(20) hotstuff_runner::app: Node 2 [produce_block] queue size: 2, attempting up to 2 transactions this block    
2026-08-10T05:31:39.628430Z  WARN ThreadId(20) hotstuff_runner::app: Node 2 view(3147) far exceeds block count (786); potential sync issue    
2026-08-10T05:31:39.754186Z  WARN ThreadId(20) hotstuff_runner::app: Node 2 [produce_block] queue size: 0, attempting up to 0 transactions this block    
2026-08-10T05:31:39.754598Z  WARN ThreadId(20) hotstuff_runner::app: Node 2 view(3151) far exceeds block count (787); potential sync issue    
2026-08-10T05:31:39.876002Z  WARN ThreadId(20) hotstuff_runner::app: Node 2 [produce_block] queue size: 2, attempting up to 2 transactions this block    
2026-08-10T05:31:39.877093Z  WARN ThreadId(20) hotstuff_runner::app: Node 2 view(3155) far exceeds block count (788); potential sync issue    
2026-08-10T05:31:39.996856Z  WARN ThreadId(20) hotstuff_runner::app: Node 2 [produce_block] queue size: 0, attempting up to 0 transactions this block    
2026-08-10T05:31:39.999613Z  WARN ThreadId(20) hotstuff_runner::app: Node 2 view(3159) far exceeds block count (789); potential sync issue    
2026-08-10T05:31:40.066116Z  WARN ThreadId(20) hotstuff_runner::app: Node 2 [produce_block] queue size: 2, attempting up to 2 transactions this block    
2026-08-10T05:31:40.068790Z  WARN ThreadId(20) hotstuff_runner::app: Node 2 view(3163) far exceeds block count (790); potential sync issue    
2026-08-10T05:31:40.161265Z  WARN ThreadId(20) hotstuff_runner::app: Node 2 [produce_block] queue size: 0, attempting up to 0 transactions this block    
2026-08-10T05:31:40.162702Z  WARN ThreadId(20) hotstuff_runner::app: Node 2 view(3167) far exceeds block count (791); potential sync issue    
2026-08-10T05:31:40.263387Z  WARN ThreadId(20) hotstuff_runner::app: Node 2 [produce_block] queue size: 2, attempting up to 2 transactions this block    
2026-08-10T05:31:40.263511Z  WARN ThreadId(20) hotstuff_runner::app: Node 2 view(3171) far exceeds block count (792); potential sync issue    
2026-08-10T05:31:40.323589Z  WARN ThreadId(20) hotstuff_runner::app: Node 2 [produce_block] queue size: 0, attempting up to 0 transactions this block    
2026-08-10T05:31:40.323937Z  WARN ThreadId(20) hotstuff_runner::app: Node 2 view(3175) far exceeds block count (793); potential sync issue    
2026-08-10T05:31:40.409784Z  WARN ThreadId(20) hotstuff_runner::app: Node 2 [produce_block] queue size: 2, attempting up to 2 transactions this block    
2026-08-10T05:31:40.410754Z  WARN ThreadId(20) hotstuff_runner::app: Node 2 view(3179) far exceeds block count (794); potential sync issue    
2026-08-10T05:31:40.497915Z  WARN ThreadId(20) hotstuff_runner::app: Node 2 [produce_block] queue size: 0, attempting up to 0 transactions this block    
2026-08-10T05:31:40.498087Z  WARN ThreadId(20) hotstuff_runner::app: Node 2 view(3183) far exceeds block count (795); potential sync issue    
2026-08-10T05:31:40.599367Z  WARN ThreadId(20) hotstuff_runner::app: Node 2 [produce_block] queue size: 0, attempting up to 0 transactions this block    
2026-08-10T05:31:40.599571Z  WARN ThreadId(20) hotstuff_runner::app: Node 2 view(3187) far exceeds block count (796); potential sync issue    
2026-08-10T05:31:40.674334Z  WARN ThreadId(20) hotstuff_runner::app: Node 2 [produce_block] queue size: 2, attempting up to 2 transactions this block    
2026-08-10T05:31:40.675166Z  WARN ThreadId(20) hotstuff_runner::app: Node 2 view(3191) far exceeds block count (797); potential sync issue    
2026-08-10T05:31:40.795115Z  WARN ThreadId(20) hotstuff_runner::app: Node 2 [produce_block] queue size: 2, attempting up to 2 transactions this block    
2026-08-10T05:31:40.801731Z  WARN ThreadId(20) hotstuff_runner::app: Node 2 view(3195) far exceeds block count (798); potential sync issue    
2026-08-10T05:31:40.872110Z  WARN ThreadId(20) hotstuff_runner::app: Node 2 [produce_block] queue size: 0, attempting up to 0 transactions this block    
2026-08-10T05:31:40.872629Z  WARN ThreadId(20) hotstuff_runner::app: Node 2 view(3199) far exceeds block count (799); potential sync issue    
2026-08-10T05:31:40.920328Z  WARN ThreadId(20) hotstuff_runner::app: Node 2 [produce_block] queue size: 0, attempting up to 0 transactions this block    
2026-08-10T05:31:40.920558Z  WARN ThreadId(20) hotstuff_runner::app: Node 2 view(3203) far exceeds block count (800); potential sync issue    
2026-08-10T05:31:41.041432Z  WARN ThreadId(20) hotstuff_runner::app: Node 2 [produce_block] queue size: 2, attempting up to 2 transactions this block    
2026-08-10T05:31:41.041606Z  WARN ThreadId(20) hotstuff_runner::app: Node 2 view(3207) far exceeds block count (801); potential sync issue    
2026-08-10T05:31:41.103332Z  WARN ThreadId(20) hotstuff_runner::app: Node 2 [produce_block] queue size: 0, attempting up to 0 transactions this block    
2026-08-10T05:31:41.104024Z  WARN ThreadId(20) hotstuff_runner::app: Node 2 view(3211) far exceeds block count (802); potential sync issue    
2026-08-10T05:31:41.217335Z  WARN ThreadId(20) hotstuff_runner::app: Node 2 [produce_block] queue size: 2, attempting up to 2 transactions this block    
2026-08-10T05:31:41.219379Z  WARN ThreadId(20) hotstuff_runner::app: Node 2 view(3215) far exceeds block count (803); potential sync issue    
2026-08-10T05:31:41.297488Z  WARN ThreadId(20) hotstuff_runner::app: Node 2 [produce_block] queue size: 0, attempting up to 0 transactions this block    
2026-08-10T05:31:41.299407Z  WARN ThreadId(20) hotstuff_runner::app: Node 2 view(3219) far exceeds block count (804); potential sync issue    
2026-08-10T05:31:41.364328Z  WARN ThreadId(20) hotstuff_runner::app: Node 2 [produce_block] queue size: 0, attempting up to 0 transactions this block    
2026-08-10T05:31:41.364994Z  WARN ThreadId(20) hotstuff_runner::app: Node 2 view(3223) far exceeds block count (805); potential sync issue    
2026-08-10T05:31:41.435350Z  WARN ThreadId(20) hotstuff_runner::app: Node 2 [produce_block] queue size: 2, attempting up to 2 transactions this block    
2026-08-10T05:31:41.437621Z  WARN ThreadId(20) hotstuff_runner::app: Node 2 view(3227) far exceeds block count (806); potential sync issue    
2026-08-10T05:31:41.493942Z  WARN ThreadId(20) hotstuff_runner::app: Node 2 [produce_block] queue size: 0, attempting up to 0 transactions this block    
2026-08-10T05:31:41.505855Z  WARN ThreadId(20) hotstuff_runner::app: Node 2 view(3231) far exceeds block count (807); potential sync issue    
2026-08-10T05:31:41.606603Z  WARN ThreadId(20) hotstuff_runner::app: Node 2 [produce_block] queue size: 2, attempting up to 2 transactions this block    
2026-08-10T05:31:41.607388Z  WARN ThreadId(20) hotstuff_runner::app: Node 2 view(3235) far exceeds block count (808); potential sync issue    
2026-08-10T05:31:41.668677Z  WARN ThreadId(20) hotstuff_runner::app: Node 2 [produce_block] queue size: 0, attempting up to 0 transactions this block    
2026-08-10T05:31:41.670983Z  WARN ThreadId(20) hotstuff_runner::app: Node 2 view(3239) far exceeds block count (809); potential sync issue    
2026-08-10T05:31:41.749554Z  WARN ThreadId(20) hotstuff_runner::app: Node 2 [produce_block] queue size: 0, attempting up to 0 transactions this block    
2026-08-10T05:31:41.750130Z  WARN ThreadId(20) hotstuff_runner::app: Node 2 view(3243) far exceeds block count (810); potential sync issue    
2026-08-10T05:31:41.750447Z  WARN ThreadId(06) hotstuff_runner::smrol::sequencing: [Sequencing] Node 2 rejected SeqRequest from sender 3 at sequence 67: sequence outside accepted window (total rejected=1)
2026-08-10T05:31:41.817547Z  WARN ThreadId(20) hotstuff_runner::app: Node 2 [produce_block] queue size: 0, attempting up to 0 transactions this block    
2026-08-10T05:31:41.817842Z  WARN ThreadId(20) hotstuff_runner::app: Node 2 view(3247) far exceeds block count (811); potential sync issue    
2026-08-10T05:31:41.876930Z  WARN ThreadId(20) hotstuff_runner::app: Node 2 [produce_block] queue size: 0, attempting up to 0 transactions this block    
2026-08-10T05:31:41.877197Z  WARN ThreadId(20) hotstuff_runner::app: Node 2 view(3251) far exceeds block count (812); potential sync issue    
2026-08-10T05:31:41.901449Z  WARN ThreadId(07) docker_node:   Connection reuse ineffective (2.0 msg/conn)
2026-08-10T05:31:41.947092Z  WARN ThreadId(20) hotstuff_runner::app: Node 2 [produce_block] queue size: 0, attempting up to 0 transactions this block    
2026-08-10T05:31:41.947532Z  WARN ThreadId(20) hotstuff_runner::app: Node 2 view(3255) far exceeds block count (813); potential sync issue    
2026-08-10T05:31:42.035942Z  WARN ThreadId(20) hotstuff_runner::app: Node 2 [produce_block] queue size: 0, attempting up to 0 transactions this block    
2026-08-10T05:31:42.036124Z  WARN ThreadId(20) hotstuff_runner::app: Node 2 view(3259) far exceeds block count (814); potential sync issue    
2026-08-10T05:31:42.181380Z  WARN ThreadId(20) hotstuff_runner::app: Node 2 [produce_block] queue size: 0, attempting up to 0 transactions this block    
2026-08-10T05:31:42.183138Z  WARN ThreadId(20) hotstuff_runner::app: Node 2 view(3263) far exceeds block count (815); potential sync issue    
2026-08-10T05:31:42.271323Z  WARN ThreadId(20) hotstuff_runner::app: Node 2 [produce_block] queue size: 0, attempting up to 0 transactions this block    
2026-08-10T05:31:42.273333Z  WARN ThreadId(20) hotstuff_runner::app: Node 2 view(3267) far exceeds block count (816); potential sync issue    
2026-08-10T05:31:42.364959Z  WARN ThreadId(20) hotstuff_runner::app: Node 2 [produce_block] queue size: 0, attempting up to 0 transactions this block    
2026-08-10T05:31:42.365938Z  WARN ThreadId(20) hotstuff_runner::app: Node 2 view(3271) far exceeds block count (817); potential sync issue    
2026-08-10T05:31:42.467086Z  WARN ThreadId(20) hotstuff_runner::app: Node 2 [produce_block] queue size: 0, attempting up to 0 transactions this block    
2026-08-10T05:31:42.470612Z  WARN ThreadId(20) hotstuff_runner::app: Node 2 view(3275) far exceeds block count (818); potential sync issue    
2026-08-10T05:31:42.530061Z  WARN ThreadId(20) hotstuff_runner::app: Node 2 [produce_block] queue size: 0, attempting up to 0 transactions this block    
2026-08-10T05:31:42.530410Z  WARN ThreadId(20) hotstuff_runner::app: Node 2 view(3279) far exceeds block count (819); potential sync issue    
2026-08-10T05:31:42.637877Z  WARN ThreadId(20) hotstuff_runner::app: Node 2 [produce_block] queue size: 0, attempting up to 0 transactions this block    
2026-08-10T05:31:42.638158Z  WARN ThreadId(20) hotstuff_runner::app: Node 2 view(3283) far exceeds block count (820); potential sync issue    
2026-08-10T05:31:42.700369Z  WARN ThreadId(20) hotstuff_runner::app: Node 2 [produce_block] queue size: 0, attempting up to 0 transactions this block    
2026-08-10T05:31:42.700498Z  WARN ThreadId(20) hotstuff_runner::app: Node 2 view(3287) far exceeds block count (821); potential sync issue    
2026-08-10T05:31:42.758793Z  WARN ThreadId(20) hotstuff_runner::app: Node 2 [produce_block] queue size: 0, attempting up to 0 transactions this block    
2026-08-10T05:31:42.761241Z  WARN ThreadId(20) hotstuff_runner::app: Node 2 view(3291) far exceeds block count (822); potential sync issue    
2026-08-10T05:31:42.867909Z  WARN ThreadId(20) hotstuff_runner::app: Node 2 [produce_block] queue size: 0, attempting up to 0 transactions this block    
2026-08-10T05:31:42.870047Z  WARN ThreadId(20) hotstuff_runner::app: Node 2 view(3295) far exceeds block count (823); potential sync issue    
2026-08-10T05:31:42.931169Z  WARN ThreadId(20) hotstuff_runner::app: Node 2 [produce_block] queue size: 0, attempting up to 0 transactions this block    
2026-08-10T05:31:42.933980Z  WARN ThreadId(20) hotstuff_runner::app: Node 2 view(3299) far exceeds block count (824); potential sync issue    
2026-08-10T05:31:43.025095Z  WARN ThreadId(20) hotstuff_runner::app: Node 2 [produce_block] queue size: 0, attempting up to 0 transactions this block    
2026-08-10T05:31:43.025803Z  WARN ThreadId(20) hotstuff_runner::app: Node 2 view(3303) far exceeds block count (825); potential sync issue    
2026-08-10T05:31:43.098324Z  WARN ThreadId(20) hotstuff_runner::app: Node 2 [produce_block] queue size: 0, attempting up to 0 transactions this block    
2026-08-10T05:31:43.098642Z  WARN ThreadId(20) hotstuff_runner::app: Node 2 view(3307) far exceeds block count (826); potential sync issue    
2026-08-10T05:31:43.171667Z  WARN ThreadId(20) hotstuff_runner::app: Node 2 [produce_block] queue size: 0, attempting up to 0 transactions this block    
2026-08-10T05:31:43.172092Z  WARN ThreadId(20) hotstuff_runner::app: Node 2 view(3311) far exceeds block count (827); potential sync issue    
2026-08-10T05:31:43.282567Z  WARN ThreadId(20) hotstuff_runner::app: Node 2 [produce_block] queue size: 0, attempting up to 0 transactions this block    
2026-08-10T05:31:43.284046Z  WARN ThreadId(20) hotstuff_runner::app: Node 2 view(3315) far exceeds block count (828); potential sync issue    
2026-08-10T05:31:43.364566Z  WARN ThreadId(20) hotstuff_runner::app: Node 2 [produce_block] queue size: 0, attempting up to 0 transactions this block    
2026-08-10T05:31:43.365397Z  WARN ThreadId(20) hotstuff_runner::app: Node 2 view(3319) far exceeds block count (829); potential sync issue    
2026-08-10T05:31:43.426446Z  WARN ThreadId(20) hotstuff_runner::app: Node 2 [produce_block] queue size: 0, attempting up to 0 transactions this block    
2026-08-10T05:31:43.427079Z  WARN ThreadId(20) hotstuff_runner::app: Node 2 view(3323) far exceeds block count (830); potential sync issue    
2026-08-10T05:31:43.483033Z  WARN ThreadId(20) hotstuff_runner::app: Node 2 [produce_block] queue size: 0, attempting up to 0 transactions this block    
2026-08-10T05:31:43.485237Z  WARN ThreadId(20) hotstuff_runner::app: Node 2 view(3327) far exceeds block count (831); potential sync issue    
2026-08-10T05:31:43.546359Z  WARN ThreadId(20) hotstuff_runner::app: Node 2 [produce_block] queue size: 0, attempting up to 0 transactions this block    
2026-08-10T05:31:43.548267Z  WARN ThreadId(20) hotstuff_runner::app: Node 2 view(3331) far exceeds block count (832); potential sync issue    
2026-08-10T05:31:43.617729Z  WARN ThreadId(20) hotstuff_runner::app: Node 2 [produce_block] queue size: 0, attempting up to 0 transactions this block    
2026-08-10T05:31:43.618164Z  WARN ThreadId(20) hotstuff_runner::app: Node 2 view(3335) far exceeds block count (833); potential sync issue    
2026-08-10T05:31:43.684200Z  WARN ThreadId(20) hotstuff_runner::app: Node 2 [produce_block] queue size: 0, attempting up to 0 transactions this block    
2026-08-10T05:31:43.684827Z  WARN ThreadId(20) hotstuff_runner::app: Node 2 view(3339) far exceeds block count (834); potential sync issue    
2026-08-10T05:31:43.747513Z  WARN ThreadId(20) hotstuff_runner::app: Node 2 [produce_block] queue size: 0, attempting up to 0 transactions this block    
2026-08-10T05:31:43.748596Z  WARN ThreadId(20) hotstuff_runner::app: Node 2 view(3343) far exceeds block count (835); potential sync issue    
2026-08-10T05:31:43.856255Z  WARN ThreadId(20) hotstuff_runner::app: Node 2 [produce_block] queue size: 0, attempting up to 0 transactions this block    
2026-08-10T05:31:43.856410Z  WARN ThreadId(20) hotstuff_runner::app: Node 2 view(3347) far exceeds block count (836); potential sync issue    
2026-08-10T05:31:43.976416Z  WARN ThreadId(20) hotstuff_runner::app: Node 2 [produce_block] queue size: 0, attempting up to 0 transactions this block    
2026-08-10T05:31:43.990229Z  WARN ThreadId(20) hotstuff_runner::app: Node 2 view(3351) far exceeds block count (837); potential sync issue    
2026-08-10T05:31:44.153369Z  WARN ThreadId(20) hotstuff_runner::app: Node 2 [produce_block] queue size: 0, attempting up to 0 transactions this block    
2026-08-10T05:31:44.154762Z  WARN ThreadId(20) hotstuff_runner::app: Node 2 view(3355) far exceeds block count (838); potential sync issue    
2026-08-10T05:31:44.256969Z  WARN ThreadId(20) hotstuff_runner::app: Node 2 [produce_block] queue size: 0, attempting up to 0 transactions this block    
2026-08-10T05:31:44.257182Z  WARN ThreadId(20) hotstuff_runner::app: Node 2 view(3359) far exceeds block count (839); potential sync issue    
2026-08-10T05:31:44.335649Z  WARN ThreadId(20) hotstuff_runner::app: Node 2 [produce_block] queue size: 0, attempting up to 0 transactions this block    
2026-08-10T05:31:44.336979Z  WARN ThreadId(20) hotstuff_runner::app: Node 2 view(3363) far exceeds block count (840); potential sync issue    
2026-08-10T05:31:44.388595Z  WARN ThreadId(20) hotstuff_runner::app: Node 2 [produce_block] queue size: 0, attempting up to 0 transactions this block    
2026-08-10T05:31:44.389376Z  WARN ThreadId(20) hotstuff_runner::app: Node 2 view(3367) far exceeds block count (841); potential sync issue    
2026-08-10T05:31:44.520371Z  WARN ThreadId(20) hotstuff_runner::app: Node 2 [produce_block] queue size: 0, attempting up to 0 transactions this block    
2026-08-10T05:31:44.528048Z  WARN ThreadId(20) hotstuff_runner::app: Node 2 view(3371) far exceeds block count (842); potential sync issue    
2026-08-10T05:31:44.597542Z  WARN ThreadId(20) hotstuff_runner::app: Node 2 [produce_block] queue size: 0, attempting up to 0 transactions this block    
2026-08-10T05:31:44.598124Z  WARN ThreadId(20) hotstuff_runner::app: Node 2 view(3375) far exceeds block count (843); potential sync issue    
2026-08-10T05:31:44.756424Z  WARN ThreadId(20) hotstuff_runner::app: Node 2 [produce_block] queue size: 0, attempting up to 0 transactions this block    
2026-08-10T05:31:44.758412Z  WARN ThreadId(20) hotstuff_runner::app: Node 2 view(3379) far exceeds block count (844); potential sync issue    
2026-08-10T05:31:45.102153Z  WARN ThreadId(20) hotstuff_runner::app: Node 2 [produce_block] queue size: 0, attempting up to 0 transactions this block    
2026-08-10T05:31:45.105449Z  WARN ThreadId(20) hotstuff_runner::app: Node 2 view(3383) far exceeds block count (845); potential sync issue    
2026-08-10T05:31:45.545449Z  WARN ThreadId(20) hotstuff_runner::app: Node 2 [produce_block] queue size: 0, attempting up to 0 transactions this block    
2026-08-10T05:31:45.547087Z  WARN ThreadId(20) hotstuff_runner::app: Node 2 view(3387) far exceeds block count (846); potential sync issue    
2026-08-10T05:31:45.620262Z  WARN ThreadId(20) hotstuff_runner::app: Node 2 [produce_block] queue size: 0, attempting up to 0 transactions this block    
2026-08-10T05:31:45.622241Z  WARN ThreadId(20) hotstuff_runner::app: Node 2 view(3391) far exceeds block count (847); potential sync issue    
2026-08-10T05:31:45.706313Z  WARN ThreadId(20) hotstuff_runner::app: Node 2 [produce_block] queue size: 0, attempting up to 0 transactions this block    
2026-08-10T05:31:45.708985Z  WARN ThreadId(20) hotstuff_runner::app: Node 2 view(3395) far exceeds block count (848); potential sync issue    
2026-08-10T05:31:45.874735Z  WARN ThreadId(20) hotstuff_runner::app: Node 2 [produce_block] queue size: 0, attempting up to 0 transactions this block    
2026-08-10T05:31:45.874911Z  WARN ThreadId(20) hotstuff_runner::app: Node 2 view(3399) far exceeds block count (849); potential sync issue    
2026-08-10T05:31:45.962948Z  WARN ThreadId(20) hotstuff_runner::app: Node 2 [produce_block] queue size: 0, attempting up to 0 transactions this block    
2026-08-10T05:31:45.963960Z  WARN ThreadId(20) hotstuff_runner::app: Node 2 view(3403) far exceeds block count (850); potential sync issue    
2026-08-10T05:31:46.097847Z  WARN ThreadId(20) hotstuff_runner::app: Node 2 [produce_block] queue size: 0, attempting up to 0 transactions this block    
2026-08-10T05:31:46.100625Z  WARN ThreadId(20) hotstuff_runner::app: Node 2 view(3407) far exceeds block count (851); potential sync issue    
2026-08-10T05:31:46.381817Z  WARN ThreadId(20) hotstuff_runner::app: Node 2 [produce_block] queue size: 0, attempting up to 0 transactions this block    
2026-08-10T05:31:46.382324Z  WARN ThreadId(20) hotstuff_runner::app: Node 2 view(3411) far exceeds block count (852); potential sync issue    
2026-08-10T05:31:46.485671Z  WARN ThreadId(20) hotstuff_runner::app: Node 2 [produce_block] queue size: 0, attempting up to 0 transactions this block    
2026-08-10T05:31:46.489259Z  WARN ThreadId(20) hotstuff_runner::app: Node 2 view(3415) far exceeds block count (853); potential sync issue    
2026-08-10T05:31:46.559361Z  WARN ThreadId(20) hotstuff_runner::app: Node 2 [produce_block] queue size: 0, attempting up to 0 transactions this block    
2026-08-10T05:31:46.560625Z  WARN ThreadId(20) hotstuff_runner::app: Node 2 view(3419) far exceeds block count (854); potential sync issue    
2026-08-10T05:31:46.628473Z  WARN ThreadId(20) hotstuff_runner::app: Node 2 [produce_block] queue size: 0, attempting up to 0 transactions this block    
2026-08-10T05:31:46.628625Z  WARN ThreadId(20) hotstuff_runner::app: Node 2 view(3423) far exceeds block count (855); potential sync issue    
2026-08-10T05:31:46.735822Z  WARN ThreadId(20) hotstuff_runner::app: Node 2 [produce_block] queue size: 0, attempting up to 0 transactions this block    
2026-08-10T05:31:46.735943Z  WARN ThreadId(20) hotstuff_runner::app: Node 2 view(3427) far exceeds block count (856); potential sync issue    
2026-08-10T05:31:46.826772Z  WARN ThreadId(20) hotstuff_runner::app: Node 2 [produce_block] queue size: 0, attempting up to 0 transactions this block    
2026-08-10T05:31:46.827490Z  WARN ThreadId(20) hotstuff_runner::app: Node 2 view(3431) far exceeds block count (857); potential sync issue    
2026-08-10T05:31:46.878212Z  WARN ThreadId(07) docker_node:   Connection reuse ineffective (2.0 msg/conn)
2026-08-10T05:31:46.894406Z  WARN ThreadId(20) hotstuff_runner::app: Node 2 [produce_block] queue size: 0, attempting up to 0 transactions this block    
2026-08-10T05:31:46.895543Z  WARN ThreadId(20) hotstuff_runner::app: Node 2 view(3435) far exceeds block count (858); potential sync issue    
2026-08-10T05:31:46.968337Z  WARN ThreadId(20) hotstuff_runner::app: Node 2 [produce_block] queue size: 0, attempting up to 0 transactions this block    
2026-08-10T05:31:46.970501Z  WARN ThreadId(20) hotstuff_runner::app: Node 2 view(3439) far exceeds block count (859); potential sync issue    
2026-08-10T05:31:47.073891Z  WARN ThreadId(20) hotstuff_runner::app: Node 2 [produce_block] queue size: 0, attempting up to 0 transactions this block    
2026-08-10T05:31:47.074500Z  WARN ThreadId(20) hotstuff_runner::app: Node 2 view(3443) far exceeds block count (860); potential sync issue    
2026-08-10T05:31:47.183212Z  WARN ThreadId(20) hotstuff_runner::app: Node 2 [produce_block] queue size: 0, attempting up to 0 transactions this block    
2026-08-10T05:31:47.183477Z  WARN ThreadId(20) hotstuff_runner::app: Node 2 view(3447) far exceeds block count (861); potential sync issue    
2026-08-10T05:31:47.323917Z  WARN ThreadId(20) hotstuff_runner::app: Node 2 [produce_block] queue size: 0, attempting up to 0 transactions this block    
2026-08-10T05:31:47.324400Z  WARN ThreadId(20) hotstuff_runner::app: Node 2 view(3451) far exceeds block count (862); potential sync issue    
2026-08-10T05:31:47.471121Z  WARN ThreadId(20) hotstuff_runner::app: Node 2 [produce_block] queue size: 0, attempting up to 0 transactions this block    
2026-08-10T05:31:47.474129Z  WARN ThreadId(20) hotstuff_runner::app: Node 2 view(3455) far exceeds block count (863); potential sync issue    
2026-08-10T05:31:47.577627Z  WARN ThreadId(20) hotstuff_runner::app: Node 2 [produce_block] queue size: 0, attempting up to 0 transactions this block    
2026-08-10T05:31:47.577898Z  WARN ThreadId(20) hotstuff_runner::app: Node 2 view(3459) far exceeds block count (864); potential sync issue    
2026-08-10T05:31:47.673154Z  WARN ThreadId(20) hotstuff_runner::app: Node 2 [produce_block] queue size: 0, attempting up to 0 transactions this block    
2026-08-10T05:31:47.676411Z  WARN ThreadId(20) hotstuff_runner::app: Node 2 view(3463) far exceeds block count (865); potential sync issue    
2026-08-10T05:31:47.776930Z  WARN ThreadId(20) hotstuff_runner::app: Node 2 [produce_block] queue size: 0, attempting up to 0 transactions this block    
2026-08-10T05:31:47.777321Z  WARN ThreadId(20) hotstuff_runner::app: Node 2 view(3467) far exceeds block count (866); potential sync issue    
2026-08-10T05:31:47.857090Z  WARN ThreadId(20) hotstuff_runner::app: Node 2 [produce_block] queue size: 0, attempting up to 0 transactions this block    
2026-08-10T05:31:47.857251Z  WARN ThreadId(20) hotstuff_runner::app: Node 2 view(3471) far exceeds block count (867); potential sync issue    
2026-08-10T05:31:47.934118Z  WARN ThreadId(20) hotstuff_runner::app: Node 2 [produce_block] queue size: 0, attempting up to 0 transactions this block    
2026-08-10T05:31:47.935206Z  WARN ThreadId(20) hotstuff_runner::app: Node 2 view(3475) far exceeds block count (868); potential sync issue    
2026-08-10T05:31:48.005128Z  WARN ThreadId(20) hotstuff_runner::app: Node 2 [produce_block] queue size: 0, attempting up to 0 transactions this block    
2026-08-10T05:31:48.005632Z  WARN ThreadId(20) hotstuff_runner::app: Node 2 view(3479) far exceeds block count (869); potential sync issue    
2026-08-10T05:31:48.067455Z  WARN ThreadId(20) hotstuff_runner::app: Node 2 [produce_block] queue size: 0, attempting up to 0 transactions this block    
2026-08-10T05:31:48.068690Z  WARN ThreadId(20) hotstuff_runner::app: Node 2 view(3483) far exceeds block count (870); potential sync issue    
2026-08-10T05:31:48.110426Z  WARN ThreadId(20) hotstuff_runner::app: Node 2 [produce_block] queue size: 0, attempting up to 0 transactions this block    
2026-08-10T05:31:48.110505Z  WARN ThreadId(20) hotstuff_runner::app: Node 2 view(3487) far exceeds block count (871); potential sync issue    
2026-08-10T05:31:48.154107Z  WARN ThreadId(20) hotstuff_runner::app: Node 2 [produce_block] queue size: 0, attempting up to 0 transactions this block    
2026-08-10T05:31:48.154521Z  WARN ThreadId(20) hotstuff_runner::app: Node 2 view(3491) far exceeds block count (872); potential sync issue    
2026-08-10T05:31:48.203116Z  WARN ThreadId(20) hotstuff_runner::app: Node 2 [produce_block] queue size: 0, attempting up to 0 transactions this block    
2026-08-10T05:31:48.205145Z  WARN ThreadId(20) hotstuff_runner::app: Node 2 view(3495) far exceeds block count (873); potential sync issue    
2026-08-10T05:31:48.296411Z  WARN ThreadId(20) hotstuff_runner::app: Node 2 [produce_block] queue size: 0, attempting up to 0 transactions this block    
2026-08-10T05:31:48.296650Z  WARN ThreadId(20) hotstuff_runner::app: Node 2 view(3499) far exceeds block count (874); potential sync issue    
2026-08-10T05:31:48.345186Z  WARN ThreadId(20) hotstuff_runner::app: Node 2 [produce_block] queue size: 0, attempting up to 0 transactions this block    
2026-08-10T05:31:48.346043Z  WARN ThreadId(20) hotstuff_runner::app: Node 2 view(3503) far exceeds block count (875); potential sync issue    
2026-08-10T05:31:48.420866Z  WARN ThreadId(20) hotstuff_runner::app: Node 2 [produce_block] queue size: 0, attempting up to 0 transactions this block    
2026-08-10T05:31:48.421321Z  WARN ThreadId(20) hotstuff_runner::app: Node 2 view(3507) far exceeds block count (876); potential sync issue    
2026-08-10T05:31:48.474124Z  WARN ThreadId(20) hotstuff_runner::app: Node 2 [produce_block] queue size: 0, attempting up to 0 transactions this block    
2026-08-10T05:31:48.474297Z  WARN ThreadId(20) hotstuff_runner::app: Node 2 view(3511) far exceeds block count (877); potential sync issue    
2026-08-10T05:31:48.555906Z  WARN ThreadId(20) hotstuff_runner::app: Node 2 [produce_block] queue size: 0, attempting up to 0 transactions this block    
2026-08-10T05:31:48.561859Z  WARN ThreadId(20) hotstuff_runner::app: Node 2 view(3515) far exceeds block count (878); potential sync issue    
2026-08-10T05:31:48.627310Z  WARN ThreadId(20) hotstuff_runner::app: Node 2 [produce_block] queue size: 0, attempting up to 0 transactions this block    
2026-08-10T05:31:48.628074Z  WARN ThreadId(20) hotstuff_runner::app: Node 2 view(3519) far exceeds block count (879); potential sync issue    
2026-08-10T05:31:48.691338Z  WARN ThreadId(20) hotstuff_runner::app: Node 2 [produce_block] queue size: 0, attempting up to 0 transactions this block    
2026-08-10T05:31:48.693327Z  WARN ThreadId(20) hotstuff_runner::app: Node 2 view(3523) far exceeds block count (880); potential sync issue    
2026-08-10T05:31:48.785995Z  WARN ThreadId(20) hotstuff_runner::app: Node 2 [produce_block] queue size: 0, attempting up to 0 transactions this block    
2026-08-10T05:31:48.786114Z  WARN ThreadId(20) hotstuff_runner::app: Node 2 view(3527) far exceeds block count (881); potential sync issue    
2026-08-10T05:31:48.902510Z  WARN ThreadId(20) hotstuff_runner::app: Node 2 [produce_block] queue size: 0, attempting up to 0 transactions this block    
2026-08-10T05:31:48.921985Z  WARN ThreadId(20) hotstuff_runner::app: Node 2 view(3531) far exceeds block count (882); potential sync issue    
2026-08-10T05:31:49.001596Z  WARN ThreadId(20) hotstuff_runner::app: Node 2 [produce_block] queue size: 0, attempting up to 0 transactions this block    
2026-08-10T05:31:49.001832Z  WARN ThreadId(20) hotstuff_runner::app: Node 2 view(3535) far exceeds block count (883); potential sync issue    
2026-08-10T05:31:49.040282Z  WARN ThreadId(20) hotstuff_runner::app: Node 2 [produce_block] queue size: 0, attempting up to 0 transactions this block    
2026-08-10T05:31:49.040457Z  WARN ThreadId(20) hotstuff_runner::app: Node 2 view(3539) far exceeds block count (884); potential sync issue    
2026-08-10T05:31:49.099832Z  WARN ThreadId(20) hotstuff_runner::app: Node 2 [produce_block] queue size: 0, attempting up to 0 transactions this block    
2026-08-10T05:31:49.100030Z  WARN ThreadId(20) hotstuff_runner::app: Node 2 view(3543) far exceeds block count (885); potential sync issue    
2026-08-10T05:31:49.140543Z  WARN ThreadId(20) hotstuff_runner::app: Node 2 [produce_block] queue size: 0, attempting up to 0 transactions this block    
2026-08-10T05:31:49.142074Z  WARN ThreadId(20) hotstuff_runner::app: Node 2 view(3547) far exceeds block count (886); potential sync issue    
2026-08-10T05:31:49.198932Z  WARN ThreadId(20) hotstuff_runner::app: Node 2 [produce_block] queue size: 0, attempting up to 0 transactions this block    
2026-08-10T05:31:49.200512Z  WARN ThreadId(20) hotstuff_runner::app: Node 2 view(3551) far exceeds block count (887); potential sync issue    
2026-08-10T05:31:49.295094Z  WARN ThreadId(20) hotstuff_runner::app: Node 2 [produce_block] queue size: 0, attempting up to 0 transactions this block    
2026-08-10T05:31:49.303156Z  WARN ThreadId(20) hotstuff_runner::app: Node 2 view(3555) far exceeds block count (888); potential sync issue    
2026-08-10T05:31:49.351436Z  WARN ThreadId(20) hotstuff_runner::app: Node 2 [produce_block] queue size: 0, attempting up to 0 transactions this block    
2026-08-10T05:31:49.351596Z  WARN ThreadId(20) hotstuff_runner::app: Node 2 view(3559) far exceeds block count (889); potential sync issue    
2026-08-10T05:31:49.406752Z  WARN ThreadId(20) hotstuff_runner::app: Node 2 [produce_block] queue size: 0, attempting up to 0 transactions this block    
2026-08-10T05:31:49.406926Z  WARN ThreadId(20) hotstuff_runner::app: Node 2 view(3563) far exceeds block count (890); potential sync issue    
2026-08-10T05:31:49.516821Z  WARN ThreadId(20) hotstuff_runner::app: Node 2 [produce_block] queue size: 0, attempting up to 0 transactions this block    
2026-08-10T05:31:49.519206Z  WARN ThreadId(20) hotstuff_runner::app: Node 2 view(3567) far exceeds block count (891); potential sync issue    
2026-08-10T05:31:49.583706Z  WARN ThreadId(20) hotstuff_runner::app: Node 2 [produce_block] queue size: 0, attempting up to 0 transactions this block    
2026-08-10T05:31:49.589062Z  WARN ThreadId(20) hotstuff_runner::app: Node 2 view(3571) far exceeds block count (892); potential sync issue    
2026-08-10T05:31:49.662863Z  WARN ThreadId(20) hotstuff_runner::app: Node 2 [produce_block] queue size: 0, attempting up to 0 transactions this block    
2026-08-10T05:31:49.671640Z  WARN ThreadId(20) hotstuff_runner::app: Node 2 view(3575) far exceeds block count (893); potential sync issue    
2026-08-10T05:31:49.734740Z  WARN ThreadId(20) hotstuff_runner::app: Node 2 [produce_block] queue size: 0, attempting up to 0 transactions this block    
2026-08-10T05:31:49.735284Z  WARN ThreadId(20) hotstuff_runner::app: Node 2 view(3579) far exceeds block count (894); potential sync issue    
2026-08-10T05:31:49.822140Z  WARN ThreadId(20) hotstuff_runner::app: Node 2 [produce_block] queue size: 0, attempting up to 0 transactions this block    
2026-08-10T05:31:49.823866Z  WARN ThreadId(20) hotstuff_runner::app: Node 2 view(3583) far exceeds block count (895); potential sync issue    
2026-08-10T05:31:49.849298Z  WARN ThreadId(20) hotstuff_runner::app: Node 2 [produce_block] queue size: 0, attempting up to 0 transactions this block    
2026-08-10T05:31:49.849813Z  WARN ThreadId(20) hotstuff_runner::app: Node 2 view(3587) far exceeds block count (896); potential sync issue    
2026-08-10T05:31:49.924938Z  WARN ThreadId(20) hotstuff_runner::app: Node 2 [produce_block] queue size: 0, attempting up to 0 transactions this block    
2026-08-10T05:31:49.931756Z  WARN ThreadId(20) hotstuff_runner::app: Node 2 view(3591) far exceeds block count (897); potential sync issue    
2026-08-10T05:31:50.043234Z  WARN ThreadId(20) hotstuff_runner::app: Node 2 [produce_block] queue size: 0, attempting up to 0 transactions this block    
2026-08-10T05:31:50.045620Z  WARN ThreadId(20) hotstuff_runner::app: Node 2 view(3595) far exceeds block count (898); potential sync issue    
2026-08-10T05:31:50.121925Z  WARN ThreadId(20) hotstuff_runner::app: Node 2 [produce_block] queue size: 0, attempting up to 0 transactions this block    
2026-08-10T05:31:50.123192Z  WARN ThreadId(20) hotstuff_runner::app: Node 2 view(3599) far exceeds block count (899); potential sync issue    
2026-08-10T05:31:50.207949Z  WARN ThreadId(20) hotstuff_runner::app: Node 2 [produce_block] queue size: 0, attempting up to 0 transactions this block    
2026-08-10T05:31:50.208082Z  WARN ThreadId(20) hotstuff_runner::app: Node 2 view(3603) far exceeds block count (900); potential sync issue    
2026-08-10T05:31:50.286372Z  WARN ThreadId(20) hotstuff_runner::app: Node 2 [produce_block] queue size: 0, attempting up to 0 transactions this block    
2026-08-10T05:31:50.286720Z  WARN ThreadId(20) hotstuff_runner::app: Node 2 view(3607) far exceeds block count (901); potential sync issue    
2026-08-10T05:31:50.374050Z  WARN ThreadId(20) hotstuff_runner::app: Node 2 [produce_block] queue size: 0, attempting up to 0 transactions this block    
2026-08-10T05:31:50.377121Z  WARN ThreadId(20) hotstuff_runner::app: Node 2 view(3611) far exceeds block count (902); potential sync issue    
2026-08-10T05:31:50.438872Z  WARN ThreadId(20) hotstuff_runner::app: Node 2 [produce_block] queue size: 0, attempting up to 0 transactions this block    
2026-08-10T05:31:50.439627Z  WARN ThreadId(20) hotstuff_runner::app: Node 2 view(3615) far exceeds block count (903); potential sync issue    
2026-08-10T05:31:50.506831Z  WARN ThreadId(20) hotstuff_runner::app: Node 2 [produce_block] queue size: 0, attempting up to 0 transactions this block    
2026-08-10T05:31:50.507336Z  WARN ThreadId(20) hotstuff_runner::app: Node 2 view(3619) far exceeds block count (904); potential sync issue    
2026-08-10T05:31:50.581210Z  WARN ThreadId(20) hotstuff_runner::app: Node 2 [produce_block] queue size: 0, attempting up to 0 transactions this block    
2026-08-10T05:31:50.581585Z  WARN ThreadId(20) hotstuff_runner::app: Node 2 view(3623) far exceeds block count (905); potential sync issue    
2026-08-10T05:31:50.657375Z  WARN ThreadId(20) hotstuff_runner::app: Node 2 [produce_block] queue size: 0, attempting up to 0 transactions this block    
2026-08-10T05:31:50.658313Z  WARN ThreadId(20) hotstuff_runner::app: Node 2 view(3627) far exceeds block count (906); potential sync issue    
2026-08-10T05:31:50.732117Z  WARN ThreadId(20) hotstuff_runner::app: Node 2 [produce_block] queue size: 0, attempting up to 0 transactions this block    
2026-08-10T05:31:50.737344Z  WARN ThreadId(20) hotstuff_runner::app: Node 2 view(3631) far exceeds block count (907); potential sync issue    
2026-08-10T05:31:50.794974Z  WARN ThreadId(20) hotstuff_runner::app: Node 2 [produce_block] queue size: 0, attempting up to 0 transactions this block    
2026-08-10T05:31:50.795218Z  WARN ThreadId(20) hotstuff_runner::app: Node 2 view(3635) far exceeds block count (908); potential sync issue    
2026-08-10T05:31:50.860557Z  WARN ThreadId(20) hotstuff_runner::app: Node 2 [produce_block] queue size: 0, attempting up to 0 transactions this block    
2026-08-10T05:31:50.863308Z  WARN ThreadId(20) hotstuff_runner::app: Node 2 view(3639) far exceeds block count (909); potential sync issue    
2026-08-10T05:31:50.916752Z  WARN ThreadId(20) hotstuff_runner::app: Node 2 [produce_block] queue size: 0, attempting up to 0 transactions this block    
2026-08-10T05:31:50.917439Z  WARN ThreadId(20) hotstuff_runner::app: Node 2 view(3643) far exceeds block count (910); potential sync issue    
2026-08-10T05:31:50.976445Z  WARN ThreadId(20) hotstuff_runner::app: Node 2 [produce_block] queue size: 0, attempting up to 0 transactions this block    
2026-08-10T05:31:50.976562Z  WARN ThreadId(20) hotstuff_runner::app: Node 2 view(3647) far exceeds block count (911); potential sync issue    
2026-08-10T05:31:51.021707Z  WARN ThreadId(20) hotstuff_runner::app: Node 2 [produce_block] queue size: 0, attempting up to 0 transactions this block    
2026-08-10T05:31:51.022379Z  WARN ThreadId(20) hotstuff_runner::app: Node 2 view(3651) far exceeds block count (912); potential sync issue    
2026-08-10T05:31:51.096730Z  WARN ThreadId(20) hotstuff_runner::app: Node 2 [produce_block] queue size: 0, attempting up to 0 transactions this block    
2026-08-10T05:31:51.114570Z  WARN ThreadId(20) hotstuff_runner::app: Node 2 view(3655) far exceeds block count (913); potential sync issue    
2026-08-10T05:31:51.185231Z  WARN ThreadId(20) hotstuff_runner::app: Node 2 [produce_block] queue size: 0, attempting up to 0 transactions this block    
2026-08-10T05:31:51.186180Z  WARN ThreadId(20) hotstuff_runner::app: Node 2 view(3659) far exceeds block count (914); potential sync issue    
2026-08-10T05:31:51.322984Z  WARN ThreadId(20) hotstuff_runner::app: Node 2 [produce_block] queue size: 0, attempting up to 0 transactions this block    
2026-08-10T05:31:51.326587Z  WARN ThreadId(20) hotstuff_runner::app: Node 2 view(3663) far exceeds block count (915); potential sync issue    
2026-08-10T05:31:51.385341Z  WARN ThreadId(20) hotstuff_runner::app: Node 2 [produce_block] queue size: 0, attempting up to 0 transactions this block    
2026-08-10T05:31:51.391238Z  WARN ThreadId(20) hotstuff_runner::app: Node 2 view(3667) far exceeds block count (916); potential sync issue    
2026-08-10T05:31:51.483040Z  WARN ThreadId(20) hotstuff_runner::app: Node 2 [produce_block] queue size: 0, attempting up to 0 transactions this block    
2026-08-10T05:31:51.483386Z  WARN ThreadId(20) hotstuff_runner::app: Node 2 view(3671) far exceeds block count (917); potential sync issue    
2026-08-10T05:31:51.650842Z  WARN ThreadId(20) hotstuff_runner::app: Node 2 [produce_block] queue size: 0, attempting up to 0 transactions this block    
2026-08-10T05:31:51.651034Z  WARN ThreadId(20) hotstuff_runner::app: Node 2 view(3675) far exceeds block count (918); potential sync issue    
2026-08-10T05:31:51.726530Z  WARN ThreadId(20) hotstuff_runner::app: Node 2 [produce_block] queue size: 0, attempting up to 0 transactions this block    
2026-08-10T05:31:51.731566Z  WARN ThreadId(20) hotstuff_runner::app: Node 2 view(3679) far exceeds block count (919); potential sync issue    
2026-08-10T05:31:51.785025Z  WARN ThreadId(20) hotstuff_runner::app: Node 2 [produce_block] queue size: 0, attempting up to 0 transactions this block    
2026-08-10T05:31:51.789724Z  WARN ThreadId(20) hotstuff_runner::app: Node 2 view(3683) far exceeds block count (920); potential sync issue    
2026-08-10T05:31:51.831059Z  WARN ThreadId(20) hotstuff_runner::app: Node 2 [produce_block] queue size: 0, attempting up to 0 transactions this block    
2026-08-10T05:31:51.831187Z  WARN ThreadId(20) hotstuff_runner::app: Node 2 view(3687) far exceeds block count (921); potential sync issue    
2026-08-10T05:31:51.877628Z  WARN ThreadId(04) docker_node:   Connection reuse ineffective (2.0 msg/conn)
2026-08-10T05:31:51.909051Z  WARN ThreadId(20) hotstuff_runner::app: Node 2 [produce_block] queue size: 0, attempting up to 0 transactions this block    
2026-08-10T05:31:51.909288Z  WARN ThreadId(20) hotstuff_runner::app: Node 2 view(3691) far exceeds block count (922); potential sync issue    
2026-08-10T05:31:51.973299Z  WARN ThreadId(20) hotstuff_runner::app: Node 2 [produce_block] queue size: 0, attempting up to 0 transactions this block    
2026-08-10T05:31:51.973378Z  WARN ThreadId(20) hotstuff_runner::app: Node 2 view(3695) far exceeds block count (923); potential sync issue    
2026-08-10T05:31:52.044031Z  WARN ThreadId(20) hotstuff_runner::app: Node 2 [produce_block] queue size: 0, attempting up to 0 transactions this block    
2026-08-10T05:31:52.044207Z  WARN ThreadId(20) hotstuff_runner::app: Node 2 view(3699) far exceeds block count (924); potential sync issue    
2026-08-10T05:31:52.130671Z  WARN ThreadId(20) hotstuff_runner::app: Node 2 [produce_block] queue size: 0, attempting up to 0 transactions this block    
2026-08-10T05:31:52.131692Z  WARN ThreadId(20) hotstuff_runner::app: Node 2 view(3703) far exceeds block count (925); potential sync issue    
2026-08-10T05:31:52.188667Z  WARN ThreadId(20) hotstuff_runner::app: Node 2 [produce_block] queue size: 0, attempting up to 0 transactions this block    
2026-08-10T05:31:52.188856Z  WARN ThreadId(20) hotstuff_runner::app: Node 2 view(3707) far exceeds block count (926); potential sync issue    
2026-08-10T05:31:52.252054Z  WARN ThreadId(20) hotstuff_runner::app: Node 2 [produce_block] queue size: 0, attempting up to 0 transactions this block    
2026-08-10T05:31:52.253134Z  WARN ThreadId(20) hotstuff_runner::app: Node 2 view(3711) far exceeds block count (927); potential sync issue    
2026-08-10T05:31:52.305243Z  WARN ThreadId(20) hotstuff_runner::app: Node 2 [produce_block] queue size: 0, attempting up to 0 transactions this block    
2026-08-10T05:31:52.306565Z  WARN ThreadId(20) hotstuff_runner::app: Node 2 view(3715) far exceeds block count (928); potential sync issue    
2026-08-10T05:31:52.374388Z  WARN ThreadId(20) hotstuff_runner::app: Node 2 [produce_block] queue size: 0, attempting up to 0 transactions this block    
2026-08-10T05:31:52.379293Z  WARN ThreadId(20) hotstuff_runner::app: Node 2 view(3719) far exceeds block count (929); potential sync issue    
2026-08-10T05:31:52.440029Z  WARN ThreadId(20) hotstuff_runner::app: Node 2 [produce_block] queue size: 0, attempting up to 0 transactions this block    
2026-08-10T05:31:52.440340Z  WARN ThreadId(20) hotstuff_runner::app: Node 2 view(3723) far exceeds block count (930); potential sync issue    
2026-08-10T05:31:52.517395Z  WARN ThreadId(20) hotstuff_runner::app: Node 2 [produce_block] queue size: 0, attempting up to 0 transactions this block    
2026-08-10T05:31:52.519916Z  WARN ThreadId(20) hotstuff_runner::app: Node 2 view(3727) far exceeds block count (931); potential sync issue    
2026-08-10T05:31:52.615016Z  WARN ThreadId(20) hotstuff_runner::app: Node 2 [produce_block] queue size: 0, attempting up to 0 transactions this block    
2026-08-10T05:31:52.616125Z  WARN ThreadId(20) hotstuff_runner::app: Node 2 view(3731) far exceeds block count (932); potential sync issue    
2026-08-10T05:31:52.684426Z  WARN ThreadId(20) hotstuff_runner::app: Node 2 [produce_block] queue size: 0, attempting up to 0 transactions this block    
2026-08-10T05:31:52.684539Z  WARN ThreadId(20) hotstuff_runner::app: Node 2 view(3735) far exceeds block count (933); potential sync issue    
2026-08-10T05:31:52.763903Z  WARN ThreadId(20) hotstuff_runner::app: Node 2 [produce_block] queue size: 0, attempting up to 0 transactions this block    
2026-08-10T05:31:52.764481Z  WARN ThreadId(20) hotstuff_runner::app: Node 2 view(3739) far exceeds block count (934); potential sync issue    
2026-08-10T05:31:52.828144Z  WARN ThreadId(20) hotstuff_runner::app: Node 2 [produce_block] queue size: 0, attempting up to 0 transactions this block    
2026-08-10T05:31:52.828382Z  WARN ThreadId(20) hotstuff_runner::app: Node 2 view(3743) far exceeds block count (935); potential sync issue    
2026-08-10T05:31:52.879920Z  WARN ThreadId(20) hotstuff_runner::app: Node 2 [produce_block] queue size: 0, attempting up to 0 transactions this block    
2026-08-10T05:31:52.881127Z  WARN ThreadId(20) hotstuff_runner::app: Node 2 view(3747) far exceeds block count (936); potential sync issue    
2026-08-10T05:31:52.927251Z  WARN ThreadId(20) hotstuff_runner::app: Node 2 [produce_block] queue size: 0, attempting up to 0 transactions this block    
2026-08-10T05:31:52.927565Z  WARN ThreadId(20) hotstuff_runner::app: Node 2 view(3751) far exceeds block count (937); potential sync issue    
2026-08-10T05:31:53.050981Z  WARN ThreadId(20) hotstuff_runner::app: Node 2 [produce_block] queue size: 0, attempting up to 0 transactions this block    
2026-08-10T05:31:53.051837Z  WARN ThreadId(20) hotstuff_runner::app: Node 2 view(3755) far exceeds block count (938); potential sync issue    
2026-08-10T05:31:53.166788Z  WARN ThreadId(20) hotstuff_runner::app: Node 2 [produce_block] queue size: 0, attempting up to 0 transactions this block    
2026-08-10T05:31:53.168123Z  WARN ThreadId(20) hotstuff_runner::app: Node 2 view(3759) far exceeds block count (939); potential sync issue    
2026-08-10T05:31:53.243165Z  WARN ThreadId(20) hotstuff_runner::app: Node 2 [produce_block] queue size: 0, attempting up to 0 transactions this block    
2026-08-10T05:31:53.249663Z  WARN ThreadId(20) hotstuff_runner::app: Node 2 view(3763) far exceeds block count (940); potential sync issue    
2026-08-10T05:31:53.307671Z  WARN ThreadId(20) hotstuff_runner::app: Node 2 [produce_block] queue size: 0, attempting up to 0 transactions this block    
2026-08-10T05:31:53.308006Z  WARN ThreadId(20) hotstuff_runner::app: Node 2 view(3767) far exceeds block count (941); potential sync issue    
2026-08-10T05:31:53.346299Z  WARN ThreadId(20) hotstuff_runner::app: Node 2 [produce_block] queue size: 0, attempting up to 0 transactions this block    
2026-08-10T05:31:53.346409Z  WARN ThreadId(20) hotstuff_runner::app: Node 2 view(3771) far exceeds block count (942); potential sync issue    
2026-08-10T05:31:53.403345Z  WARN ThreadId(20) hotstuff_runner::app: Node 2 [produce_block] queue size: 0, attempting up to 0 transactions this block    
2026-08-10T05:31:53.403730Z  WARN ThreadId(20) hotstuff_runner::app: Node 2 view(3775) far exceeds block count (943); potential sync issue    
2026-08-10T05:31:53.507973Z  WARN ThreadId(20) hotstuff_runner::app: Node 2 [produce_block] queue size: 0, attempting up to 0 transactions this block    
2026-08-10T05:31:53.508261Z  WARN ThreadId(20) hotstuff_runner::app: Node 2 view(3779) far exceeds block count (944); potential sync issue    
2026-08-10T05:31:53.561171Z  WARN ThreadId(20) hotstuff_runner::app: Node 2 [produce_block] queue size: 0, attempting up to 0 transactions this block    
2026-08-10T05:31:53.563443Z  WARN ThreadId(20) hotstuff_runner::app: Node 2 view(3783) far exceeds block count (945); potential sync issue    
2026-08-10T05:31:53.635806Z  WARN ThreadId(20) hotstuff_runner::app: Node 2 [produce_block] queue size: 0, attempting up to 0 transactions this block    
2026-08-10T05:31:53.640222Z  WARN ThreadId(20) hotstuff_runner::app: Node 2 view(3787) far exceeds block count (946); potential sync issue    
2026-08-10T05:31:53.715857Z  WARN ThreadId(20) hotstuff_runner::app: Node 2 [produce_block] queue size: 0, attempting up to 0 transactions this block    
2026-08-10T05:31:53.727996Z  WARN ThreadId(20) hotstuff_runner::app: Node 2 view(3791) far exceeds block count (947); potential sync issue    
2026-08-10T05:31:53.785044Z  WARN ThreadId(20) hotstuff_runner::app: Node 2 [produce_block] queue size: 0, attempting up to 0 transactions this block    
2026-08-10T05:31:53.788123Z  WARN ThreadId(20) hotstuff_runner::app: Node 2 view(3795) far exceeds block count (948); potential sync issue    
2026-08-10T05:31:53.861981Z  WARN ThreadId(20) hotstuff_runner::app: Node 2 [produce_block] queue size: 0, attempting up to 0 transactions this block    
2026-08-10T05:31:53.862226Z  WARN ThreadId(20) hotstuff_runner::app: Node 2 view(3799) far exceeds block count (949); potential sync issue    
2026-08-10T05:31:53.952248Z  WARN ThreadId(20) hotstuff_runner::app: Node 2 [produce_block] queue size: 0, attempting up to 0 transactions this block    
2026-08-10T05:31:53.952927Z  WARN ThreadId(20) hotstuff_runner::app: Node 2 view(3803) far exceeds block count (950); potential sync issue    
2026-08-10T05:31:54.050279Z  WARN ThreadId(20) hotstuff_runner::app: Node 2 [produce_block] queue size: 0, attempting up to 0 transactions this block    
2026-08-10T05:31:54.050400Z  WARN ThreadId(20) hotstuff_runner::app: Node 2 view(3807) far exceeds block count (951); potential sync issue    
2026-08-10T05:31:54.117126Z  WARN ThreadId(20) hotstuff_runner::app: Node 2 [produce_block] queue size: 0, attempting up to 0 transactions this block    
2026-08-10T05:31:54.119143Z  WARN ThreadId(20) hotstuff_runner::app: Node 2 view(3811) far exceeds block count (952); potential sync issue    
2026-08-10T05:31:54.206067Z  WARN ThreadId(20) hotstuff_runner::app: Node 2 [produce_block] queue size: 0, attempting up to 0 transactions this block    
2026-08-10T05:31:54.206464Z  WARN ThreadId(20) hotstuff_runner::app: Node 2 view(3815) far exceeds block count (953); potential sync issue    
2026-08-10T05:31:54.321416Z  WARN ThreadId(20) hotstuff_runner::app: Node 2 [produce_block] queue size: 0, attempting up to 0 transactions this block    
2026-08-10T05:31:54.326903Z  WARN ThreadId(20) hotstuff_runner::app: Node 2 view(3819) far exceeds block count (954); potential sync issue    
2026-08-10T05:31:54.403177Z  WARN ThreadId(20) hotstuff_runner::app: Node 2 [produce_block] queue size: 0, attempting up to 0 transactions this block    
2026-08-10T05:31:54.404190Z  WARN ThreadId(20) hotstuff_runner::app: Node 2 view(3823) far exceeds block count (955); potential sync issue    
2026-08-10T05:31:54.467418Z  WARN ThreadId(20) hotstuff_runner::app: Node 2 [produce_block] queue size: 0, attempting up to 0 transactions this block    
2026-08-10T05:31:54.467901Z  WARN ThreadId(20) hotstuff_runner::app: Node 2 view(3827) far exceeds block count (956); potential sync issue    
2026-08-10T05:31:54.548308Z  WARN ThreadId(20) hotstuff_runner::app: Node 2 [produce_block] queue size: 0, attempting up to 0 transactions this block    
2026-08-10T05:31:54.549423Z  WARN ThreadId(20) hotstuff_runner::app: Node 2 view(3831) far exceeds block count (957); potential sync issue    
2026-08-10T05:31:54.634693Z  WARN ThreadId(20) hotstuff_runner::app: Node 2 [produce_block] queue size: 0, attempting up to 0 transactions this block    
2026-08-10T05:31:54.634908Z  WARN ThreadId(20) hotstuff_runner::app: Node 2 view(3835) far exceeds block count (958); potential sync issue    
2026-08-10T05:31:54.730021Z  WARN ThreadId(20) hotstuff_runner::app: Node 2 [produce_block] queue size: 0, attempting up to 0 transactions this block    
2026-08-10T05:31:54.730678Z  WARN ThreadId(20) hotstuff_runner::app: Node 2 view(3839) far exceeds block count (959); potential sync issue    
2026-08-10T05:31:54.808723Z  WARN ThreadId(20) hotstuff_runner::app: Node 2 [produce_block] queue size: 0, attempting up to 0 transactions this block    
2026-08-10T05:31:54.808996Z  WARN ThreadId(20) hotstuff_runner::app: Node 2 view(3843) far exceeds block count (960); potential sync issue    
2026-08-10T05:31:54.877927Z  WARN ThreadId(20) hotstuff_runner::app: Node 2 [produce_block] queue size: 0, attempting up to 0 transactions this block    
2026-08-10T05:31:54.885869Z  WARN ThreadId(20) hotstuff_runner::app: Node 2 view(3847) far exceeds block count (961); potential sync issue    
2026-08-10T05:31:55.057195Z  WARN ThreadId(20) hotstuff_runner::app: Node 2 [produce_block] queue size: 0, attempting up to 0 transactions this block    
2026-08-10T05:31:55.062249Z  WARN ThreadId(20) hotstuff_runner::app: Node 2 view(3851) far exceeds block count (962); potential sync issue    
2026-08-10T05:31:55.152887Z  WARN ThreadId(20) hotstuff_runner::app: Node 2 [produce_block] queue size: 0, attempting up to 0 transactions this block    
2026-08-10T05:31:55.155125Z  WARN ThreadId(20) hotstuff_runner::app: Node 2 view(3855) far exceeds block count (963); potential sync issue    
2026-08-10T05:31:55.235722Z  WARN ThreadId(20) hotstuff_runner::app: Node 2 [produce_block] queue size: 0, attempting up to 0 transactions this block    
2026-08-10T05:31:55.236015Z  WARN ThreadId(20) hotstuff_runner::app: Node 2 view(3859) far exceeds block count (964); potential sync issue    
2026-08-10T05:31:55.349647Z  WARN ThreadId(20) hotstuff_runner::app: Node 2 [produce_block] queue size: 0, attempting up to 0 transactions this block    
2026-08-10T05:31:55.350694Z  WARN ThreadId(20) hotstuff_runner::app: Node 2 view(3863) far exceeds block count (965); potential sync issue    
2026-08-10T05:31:55.418070Z  WARN ThreadId(20) hotstuff_runner::app: Node 2 [produce_block] queue size: 0, attempting up to 0 transactions this block    
2026-08-10T05:31:55.419515Z  WARN ThreadId(20) hotstuff_runner::app: Node 2 view(3867) far exceeds block count (966); potential sync issue    
2026-08-10T05:31:55.518927Z  WARN ThreadId(20) hotstuff_runner::app: Node 2 [produce_block] queue size: 0, attempting up to 0 transactions this block    
2026-08-10T05:31:55.519620Z  WARN ThreadId(20) hotstuff_runner::app: Node 2 view(3871) far exceeds block count (967); potential sync issue    
2026-08-10T05:31:55.610007Z  WARN ThreadId(20) hotstuff_runner::app: Node 2 [produce_block] queue size: 0, attempting up to 0 transactions this block    
2026-08-10T05:31:55.611794Z  WARN ThreadId(20) hotstuff_runner::app: Node 2 view(3875) far exceeds block count (968); potential sync issue    
2026-08-10T05:31:55.753667Z  WARN ThreadId(20) hotstuff_runner::app: Node 2 [produce_block] queue size: 0, attempting up to 0 transactions this block    
2026-08-10T05:31:55.754166Z  WARN ThreadId(20) hotstuff_runner::app: Node 2 view(3879) far exceeds block count (969); potential sync issue    
2026-08-10T05:31:55.817518Z  WARN ThreadId(20) hotstuff_runner::app: Node 2 [produce_block] queue size: 0, attempting up to 0 transactions this block    
2026-08-10T05:31:55.818574Z  WARN ThreadId(20) hotstuff_runner::app: Node 2 view(3883) far exceeds block count (970); potential sync issue    
2026-08-10T05:31:55.906752Z  WARN ThreadId(20) hotstuff_runner::app: Node 2 [produce_block] queue size: 0, attempting up to 0 transactions this block    
2026-08-10T05:31:55.908239Z  WARN ThreadId(20) hotstuff_runner::app: Node 2 view(3887) far exceeds block count (971); potential sync issue    
2026-08-10T05:31:56.016764Z  WARN ThreadId(20) hotstuff_runner::app: Node 2 [produce_block] queue size: 0, attempting up to 0 transactions this block    
2026-08-10T05:31:56.017672Z  WARN ThreadId(20) hotstuff_runner::app: Node 2 view(3891) far exceeds block count (972); potential sync issue    
2026-08-10T05:31:56.177194Z  WARN ThreadId(20) hotstuff_runner::app: Node 2 [produce_block] queue size: 0, attempting up to 0 transactions this block    
2026-08-10T05:31:56.182902Z  WARN ThreadId(20) hotstuff_runner::app: Node 2 view(3895) far exceeds block count (973); potential sync issue    
2026-08-10T05:31:56.353731Z  WARN ThreadId(20) hotstuff_runner::app: Node 2 [produce_block] queue size: 0, attempting up to 0 transactions this block    
2026-08-10T05:31:56.356071Z  WARN ThreadId(20) hotstuff_runner::app: Node 2 view(3899) far exceeds block count (974); potential sync issue    
2026-08-10T05:31:56.424062Z  WARN ThreadId(20) hotstuff_runner::app: Node 2 [produce_block] queue size: 0, attempting up to 0 transactions this block    
2026-08-10T05:31:56.430148Z  WARN ThreadId(20) hotstuff_runner::app: Node 2 view(3903) far exceeds block count (975); potential sync issue    
2026-08-10T05:31:56.554751Z  WARN ThreadId(20) hotstuff_runner::app: Node 2 [produce_block] queue size: 0, attempting up to 0 transactions this block    
2026-08-10T05:31:56.554849Z  WARN ThreadId(20) hotstuff_runner::app: Node 2 view(3907) far exceeds block count (976); potential sync issue    
2026-08-10T05:31:56.607110Z  WARN ThreadId(20) hotstuff_runner::app: Node 2 [produce_block] queue size: 0, attempting up to 0 transactions this block    
2026-08-10T05:31:56.607307Z  WARN ThreadId(20) hotstuff_runner::app: Node 2 view(3911) far exceeds block count (977); potential sync issue    
2026-08-10T05:31:56.679126Z  WARN ThreadId(20) hotstuff_runner::app: Node 2 [produce_block] queue size: 0, attempting up to 0 transactions this block    
2026-08-10T05:31:56.680229Z  WARN ThreadId(20) hotstuff_runner::app: Node 2 view(3915) far exceeds block count (978); potential sync issue    
2026-08-10T05:31:56.779873Z  WARN ThreadId(20) hotstuff_runner::app: Node 2 [produce_block] queue size: 0, attempting up to 0 transactions this block    
2026-08-10T05:31:56.780663Z  WARN ThreadId(20) hotstuff_runner::app: Node 2 view(3919) far exceeds block count (979); potential sync issue    
2026-08-10T05:31:56.864061Z  WARN ThreadId(20) hotstuff_runner::app: Node 2 [produce_block] queue size: 0, attempting up to 0 transactions this block    
2026-08-10T05:31:56.868341Z  WARN ThreadId(20) hotstuff_runner::app: Node 2 view(3923) far exceeds block count (980); potential sync issue    
2026-08-10T05:31:56.878484Z  WARN ThreadId(02) docker_node:   Connection reuse ineffective (2.0 msg/conn)
2026-08-10T05:31:56.955222Z  WARN ThreadId(20) hotstuff_runner::app: Node 2 [produce_block] queue size: 0, attempting up to 0 transactions this block    
2026-08-10T05:31:56.955399Z  WARN ThreadId(20) hotstuff_runner::app: Node 2 view(3927) far exceeds block count (981); potential sync issue    
2026-08-10T05:31:57.094989Z  WARN ThreadId(20) hotstuff_runner::app: Node 2 [produce_block] queue size: 0, attempting up to 0 transactions this block    
2026-08-10T05:31:57.095243Z  WARN ThreadId(20) hotstuff_runner::app: Node 2 view(3931) far exceeds block count (982); potential sync issue    
2026-08-10T05:31:57.198299Z  WARN ThreadId(20) hotstuff_runner::app: Node 2 [produce_block] queue size: 0, attempting up to 0 transactions this block    
2026-08-10T05:31:57.200280Z  WARN ThreadId(20) hotstuff_runner::app: Node 2 view(3935) far exceeds block count (983); potential sync issue    
2026-08-10T05:31:57.239709Z  WARN ThreadId(20) hotstuff_runner::app: Node 2 [produce_block] queue size: 0, attempting up to 0 transactions this block    
2026-08-10T05:31:57.239887Z  WARN ThreadId(20) hotstuff_runner::app: Node 2 view(3939) far exceeds block count (984); potential sync issue    
2026-08-10T05:31:57.292151Z  WARN ThreadId(20) hotstuff_runner::app: Node 2 [produce_block] queue size: 0, attempting up to 0 transactions this block    
2026-08-10T05:31:57.294027Z  WARN ThreadId(20) hotstuff_runner::app: Node 2 view(3943) far exceeds block count (985); potential sync issue    
2026-08-10T05:31:57.356367Z  WARN ThreadId(20) hotstuff_runner::app: Node 2 [produce_block] queue size: 0, attempting up to 0 transactions this block    
2026-08-10T05:31:57.357071Z  WARN ThreadId(20) hotstuff_runner::app: Node 2 view(3947) far exceeds block count (986); potential sync issue    
2026-08-10T05:31:57.444115Z  WARN ThreadId(20) hotstuff_runner::app: Node 2 [produce_block] queue size: 0, attempting up to 0 transactions this block    
2026-08-10T05:31:57.445690Z  WARN ThreadId(20) hotstuff_runner::app: Node 2 view(3951) far exceeds block count (987); potential sync issue    
2026-08-10T05:31:57.505885Z  WARN ThreadId(20) hotstuff_runner::app: Node 2 [produce_block] queue size: 0, attempting up to 0 transactions this block    
2026-08-10T05:31:57.506679Z  WARN ThreadId(20) hotstuff_runner::app: Node 2 view(3955) far exceeds block count (988); potential sync issue    
2026-08-10T05:31:57.664466Z  WARN ThreadId(20) hotstuff_runner::app: Node 2 [produce_block] queue size: 0, attempting up to 0 transactions this block    
2026-08-10T05:31:57.670682Z  WARN ThreadId(20) hotstuff_runner::app: Node 2 view(3959) far exceeds block count (989); potential sync issue    
2026-08-10T05:31:57.774303Z  WARN ThreadId(20) hotstuff_runner::app: Node 2 [produce_block] queue size: 0, attempting up to 0 transactions this block    
2026-08-10T05:31:57.774578Z  WARN ThreadId(20) hotstuff_runner::app: Node 2 view(3963) far exceeds block count (990); potential sync issue    
2026-08-10T05:31:57.873963Z  WARN ThreadId(20) hotstuff_runner::app: Node 2 [produce_block] queue size: 0, attempting up to 0 transactions this block    
2026-08-10T05:31:57.874663Z  WARN ThreadId(20) hotstuff_runner::app: Node 2 view(3967) far exceeds block count (991); potential sync issue    
2026-08-10T05:31:57.958782Z  WARN ThreadId(20) hotstuff_runner::app: Node 2 [produce_block] queue size: 0, attempting up to 0 transactions this block    
2026-08-10T05:31:57.962563Z  WARN ThreadId(20) hotstuff_runner::app: Node 2 view(3971) far exceeds block count (992); potential sync issue    
2026-08-10T05:31:58.152205Z  WARN ThreadId(20) hotstuff_runner::app: Node 2 [produce_block] queue size: 0, attempting up to 0 transactions this block    
2026-08-10T05:31:58.157328Z  WARN ThreadId(20) hotstuff_runner::app: Node 2 view(3975) far exceeds block count (993); potential sync issue    
2026-08-10T05:31:58.236859Z  WARN ThreadId(20) hotstuff_runner::app: Node 2 [produce_block] queue size: 0, attempting up to 0 transactions this block    
2026-08-10T05:31:58.236969Z  WARN ThreadId(20) hotstuff_runner::app: Node 2 view(3979) far exceeds block count (994); potential sync issue    
2026-08-10T05:31:58.328307Z  WARN ThreadId(20) hotstuff_runner::app: Node 2 [produce_block] queue size: 0, attempting up to 0 transactions this block    
2026-08-10T05:31:58.328791Z  WARN ThreadId(20) hotstuff_runner::app: Node 2 view(3983) far exceeds block count (995); potential sync issue    
2026-08-10T05:31:58.392142Z  WARN ThreadId(20) hotstuff_runner::app: Node 2 [produce_block] queue size: 0, attempting up to 0 transactions this block    
2026-08-10T05:31:58.392330Z  WARN ThreadId(20) hotstuff_runner::app: Node 2 view(3987) far exceeds block count (996); potential sync issue    
2026-08-10T05:31:58.499142Z  WARN ThreadId(20) hotstuff_runner::app: Node 2 [produce_block] queue size: 0, attempting up to 0 transactions this block    
2026-08-10T05:31:58.501145Z  WARN ThreadId(20) hotstuff_runner::app: Node 2 view(3991) far exceeds block count (997); potential sync issue    
2026-08-10T05:31:58.571830Z  WARN ThreadId(20) hotstuff_runner::app: Node 2 [produce_block] queue size: 0, attempting up to 0 transactions this block    
2026-08-10T05:31:58.574346Z  WARN ThreadId(20) hotstuff_runner::app: Node 2 view(3995) far exceeds block count (998); potential sync issue    
2026-08-10T05:31:58.636438Z  WARN ThreadId(20) hotstuff_runner::app: Node 2 [produce_block] queue size: 0, attempting up to 0 transactions this block    
2026-08-10T05:31:58.636711Z  WARN ThreadId(20) hotstuff_runner::app: Node 2 view(3999) far exceeds block count (999); potential sync issue    
2026-08-10T05:31:58.686351Z  WARN ThreadId(20) hotstuff_runner::app: Node 2 [produce_block] queue size: 0, attempting up to 0 transactions this block    
2026-08-10T05:31:58.686854Z  WARN ThreadId(20) hotstuff_runner::app: Node 2 view(4003) far exceeds block count (1000); potential sync issue    
2026-08-10T05:31:58.755112Z  WARN ThreadId(20) hotstuff_runner::app: Node 2 [produce_block] queue size: 0, attempting up to 0 transactions this block    
2026-08-10T05:31:58.755640Z  WARN ThreadId(20) hotstuff_runner::app: Node 2 view(4007) far exceeds block count (1001); potential sync issue    
2026-08-10T05:31:58.892285Z  WARN ThreadId(20) hotstuff_runner::app: Node 2 [produce_block] queue size: 0, attempting up to 0 transactions this block    
2026-08-10T05:31:58.892389Z  WARN ThreadId(20) hotstuff_runner::app: Node 2 view(4011) far exceeds block count (1002); potential sync issue    
2026-08-10T05:31:58.995119Z  WARN ThreadId(20) hotstuff_runner::app: Node 2 [produce_block] queue size: 0, attempting up to 0 transactions this block    
2026-08-10T05:31:58.995385Z  WARN ThreadId(20) hotstuff_runner::app: Node 2 view(4015) far exceeds block count (1003); potential sync issue    
2026-08-10T05:31:59.131577Z  WARN ThreadId(20) hotstuff_runner::app: Node 2 [produce_block] queue size: 0, attempting up to 0 transactions this block    
2026-08-10T05:31:59.132084Z  WARN ThreadId(20) hotstuff_runner::app: Node 2 view(4019) far exceeds block count (1004); potential sync issue    
2026-08-10T05:31:59.234977Z  WARN ThreadId(20) hotstuff_runner::app: Node 2 [produce_block] queue size: 0, attempting up to 0 transactions this block    
2026-08-10T05:31:59.240460Z  WARN ThreadId(20) hotstuff_runner::app: Node 2 view(4023) far exceeds block count (1005); potential sync issue    
2026-08-10T05:31:59.310247Z  WARN ThreadId(20) hotstuff_runner::app: Node 2 [produce_block] queue size: 0, attempting up to 0 transactions this block    
2026-08-10T05:31:59.312485Z  WARN ThreadId(20) hotstuff_runner::app: Node 2 view(4027) far exceeds block count (1006); potential sync issue    
2026-08-10T05:31:59.419699Z  WARN ThreadId(20) hotstuff_runner::app: Node 2 [produce_block] queue size: 0, attempting up to 0 transactions this block    
2026-08-10T05:31:59.425736Z  WARN ThreadId(20) hotstuff_runner::app: Node 2 view(4031) far exceeds block count (1007); potential sync issue    
2026-08-10T05:31:59.471980Z  WARN ThreadId(20) hotstuff_runner::app: Node 2 [produce_block] queue size: 0, attempting up to 0 transactions this block    
2026-08-10T05:31:59.473310Z  WARN ThreadId(20) hotstuff_runner::app: Node 2 view(4035) far exceeds block count (1008); potential sync issue    
2026-08-10T05:31:59.519194Z  WARN ThreadId(20) hotstuff_runner::app: Node 2 [produce_block] queue size: 0, attempting up to 0 transactions this block    
2026-08-10T05:31:59.519422Z  WARN ThreadId(20) hotstuff_runner::app: Node 2 view(4039) far exceeds block count (1009); potential sync issue    
2026-08-10T05:31:59.574713Z  WARN ThreadId(20) hotstuff_runner::app: Node 2 [produce_block] queue size: 0, attempting up to 0 transactions this block    
2026-08-10T05:31:59.575471Z  WARN ThreadId(20) hotstuff_runner::app: Node 2 view(4043) far exceeds block count (1010); potential sync issue    
2026-08-10T05:31:59.632951Z  WARN ThreadId(20) hotstuff_runner::app: Node 2 [produce_block] queue size: 0, attempting up to 0 transactions this block    
2026-08-10T05:31:59.635170Z  WARN ThreadId(20) hotstuff_runner::app: Node 2 view(4047) far exceeds block count (1011); potential sync issue    
2026-08-10T05:31:59.728116Z  WARN ThreadId(20) hotstuff_runner::app: Node 2 [produce_block] queue size: 0, attempting up to 0 transactions this block    
2026-08-10T05:31:59.729214Z  WARN ThreadId(20) hotstuff_runner::app: Node 2 view(4051) far exceeds block count (1012); potential sync issue    
2026-08-10T05:31:59.781125Z  WARN ThreadId(20) hotstuff_runner::app: Node 2 [produce_block] queue size: 0, attempting up to 0 transactions this block    
2026-08-10T05:31:59.781290Z  WARN ThreadId(20) hotstuff_runner::app: Node 2 view(4055) far exceeds block count (1013); potential sync issue    
2026-08-10T05:31:59.865892Z  WARN ThreadId(20) hotstuff_runner::app: Node 2 [produce_block] queue size: 0, attempting up to 0 transactions this block    
2026-08-10T05:31:59.866165Z  WARN ThreadId(20) hotstuff_runner::app: Node 2 view(4059) far exceeds block count (1014); potential sync issue    
2026-08-10T05:31:59.907122Z  WARN ThreadId(20) hotstuff_runner::app: Node 2 [produce_block] queue size: 0, attempting up to 0 transactions this block    
2026-08-10T05:31:59.907448Z  WARN ThreadId(20) hotstuff_runner::app: Node 2 view(4063) far exceeds block count (1015); potential sync issue    
2026-08-10T05:32:00.015691Z  WARN ThreadId(20) hotstuff_runner::app: Node 2 [produce_block] queue size: 0, attempting up to 0 transactions this block    
2026-08-10T05:32:00.017431Z  WARN ThreadId(20) hotstuff_runner::app: Node 2 view(4067) far exceeds block count (1016); potential sync issue    
2026-08-10T05:32:00.094121Z  WARN ThreadId(20) hotstuff_runner::app: Node 2 [produce_block] queue size: 0, attempting up to 0 transactions this block    
2026-08-10T05:32:00.095603Z  WARN ThreadId(20) hotstuff_runner::app: Node 2 view(4071) far exceeds block count (1017); potential sync issue    
2026-08-10T05:32:00.145810Z  WARN ThreadId(20) hotstuff_runner::app: Node 2 [produce_block] queue size: 0, attempting up to 0 transactions this block    
2026-08-10T05:32:00.146582Z  WARN ThreadId(20) hotstuff_runner::app: Node 2 view(4075) far exceeds block count (1018); potential sync issue    
2026-08-10T05:32:00.211212Z  WARN ThreadId(20) hotstuff_runner::app: Node 2 [produce_block] queue size: 0, attempting up to 0 transactions this block    
2026-08-10T05:32:00.211380Z  WARN ThreadId(20) hotstuff_runner::app: Node 2 view(4079) far exceeds block count (1019); potential sync issue    
2026-08-10T05:32:00.351054Z  WARN ThreadId(20) hotstuff_runner::app: Node 2 [produce_block] queue size: 0, attempting up to 0 transactions this block    
2026-08-10T05:32:00.352282Z  WARN ThreadId(20) hotstuff_runner::app: Node 2 view(4083) far exceeds block count (1020); potential sync issue    
2026-08-10T05:32:00.411821Z  WARN ThreadId(20) hotstuff_runner::app: Node 2 [produce_block] queue size: 0, attempting up to 0 transactions this block    
2026-08-10T05:32:00.415091Z  WARN ThreadId(20) hotstuff_runner::app: Node 2 view(4087) far exceeds block count (1021); potential sync issue    
2026-08-10T05:32:00.472595Z  WARN ThreadId(20) hotstuff_runner::app: Node 2 [produce_block] queue size: 0, attempting up to 0 transactions this block    
2026-08-10T05:32:00.474004Z  WARN ThreadId(20) hotstuff_runner::app: Node 2 view(4091) far exceeds block count (1022); potential sync issue    
2026-08-10T05:32:00.540162Z  WARN ThreadId(20) hotstuff_runner::app: Node 2 [produce_block] queue size: 0, attempting up to 0 transactions this block    
2026-08-10T05:32:00.542761Z  WARN ThreadId(20) hotstuff_runner::app: Node 2 view(4095) far exceeds block count (1023); potential sync issue    
2026-08-10T05:32:00.594798Z  WARN ThreadId(20) hotstuff_runner::app: Node 2 [produce_block] queue size: 0, attempting up to 0 transactions this block    
2026-08-10T05:32:00.596165Z  WARN ThreadId(20) hotstuff_runner::app: Node 2 view(4099) far exceeds block count (1024); potential sync issue    
2026-08-10T05:32:00.670430Z  WARN ThreadId(20) hotstuff_runner::app: Node 2 [produce_block] queue size: 0, attempting up to 0 transactions this block    
2026-08-10T05:32:00.670740Z  WARN ThreadId(20) hotstuff_runner::app: Node 2 view(4103) far exceeds block count (1025); potential sync issue    
2026-08-10T05:32:00.726127Z  WARN ThreadId(20) hotstuff_runner::app: Node 2 [produce_block] queue size: 0, attempting up to 0 transactions this block    
2026-08-10T05:32:00.729921Z  WARN ThreadId(20) hotstuff_runner::app: Node 2 view(4107) far exceeds block count (1026); potential sync issue    
2026-08-10T05:32:00.812124Z  WARN ThreadId(20) hotstuff_runner::app: Node 2 [produce_block] queue size: 0, attempting up to 0 transactions this block    
2026-08-10T05:32:00.815043Z  WARN ThreadId(20) hotstuff_runner::app: Node 2 view(4111) far exceeds block count (1027); potential sync issue    
2026-08-10T05:32:00.884731Z  WARN ThreadId(20) hotstuff_runner::app: Node 2 [produce_block] queue size: 0, attempting up to 0 transactions this block    
2026-08-10T05:32:00.884879Z  WARN ThreadId(20) hotstuff_runner::app: Node 2 view(4115) far exceeds block count (1028); potential sync issue    
2026-08-10T05:32:00.960872Z  WARN ThreadId(20) hotstuff_runner::app: Node 2 [produce_block] queue size: 0, attempting up to 0 transactions this block    
2026-08-10T05:32:00.961817Z  WARN ThreadId(20) hotstuff_runner::app: Node 2 view(4119) far exceeds block count (1029); potential sync issue    
2026-08-10T05:32:01.037413Z  WARN ThreadId(20) hotstuff_runner::app: Node 2 [produce_block] queue size: 0, attempting up to 0 transactions this block    
2026-08-10T05:32:01.037675Z  WARN ThreadId(20) hotstuff_runner::app: Node 2 view(4123) far exceeds block count (1030); potential sync issue    
2026-08-10T05:32:01.092051Z  WARN ThreadId(20) hotstuff_runner::app: Node 2 [produce_block] queue size: 0, attempting up to 0 transactions this block    
2026-08-10T05:32:01.093170Z  WARN ThreadId(20) hotstuff_runner::app: Node 2 view(4127) far exceeds block count (1031); potential sync issue    
2026-08-10T05:32:01.128359Z  WARN ThreadId(20) hotstuff_runner::app: Node 2 [produce_block] queue size: 0, attempting up to 0 transactions this block    
2026-08-10T05:32:01.128792Z  WARN ThreadId(20) hotstuff_runner::app: Node 2 view(4131) far exceeds block count (1032); potential sync issue    
2026-08-10T05:32:01.175340Z  WARN ThreadId(20) hotstuff_runner::app: Node 2 [produce_block] queue size: 0, attempting up to 0 transactions this block    
2026-08-10T05:32:01.175747Z  WARN ThreadId(20) hotstuff_runner::app: Node 2 view(4135) far exceeds block count (1033); potential sync issue    
2026-08-10T05:32:01.224381Z  WARN ThreadId(20) hotstuff_runner::app: Node 2 [produce_block] queue size: 0, attempting up to 0 transactions this block    
2026-08-10T05:32:01.224740Z  WARN ThreadId(20) hotstuff_runner::app: Node 2 view(4139) far exceeds block count (1034); potential sync issue    
2026-08-10T05:32:01.279140Z  WARN ThreadId(20) hotstuff_runner::app: Node 2 [produce_block] queue size: 0, attempting up to 0 transactions this block    
2026-08-10T05:32:01.279299Z  WARN ThreadId(20) hotstuff_runner::app: Node 2 view(4143) far exceeds block count (1035); potential sync issue    
2026-08-10T05:32:01.338190Z  WARN ThreadId(20) hotstuff_runner::app: Node 2 [produce_block] queue size: 0, attempting up to 0 transactions this block    
2026-08-10T05:32:01.340515Z  WARN ThreadId(20) hotstuff_runner::app: Node 2 view(4147) far exceeds block count (1036); potential sync issue    
2026-08-10T05:32:01.416307Z  WARN ThreadId(20) hotstuff_runner::app: Node 2 [produce_block] queue size: 0, attempting up to 0 transactions this block    
2026-08-10T05:32:01.423310Z  WARN ThreadId(20) hotstuff_runner::app: Node 2 view(4151) far exceeds block count (1037); potential sync issue    
2026-08-10T05:32:01.491685Z  WARN ThreadId(20) hotstuff_runner::app: Node 2 [produce_block] queue size: 0, attempting up to 0 transactions this block    
2026-08-10T05:32:01.492573Z  WARN ThreadId(20) hotstuff_runner::app: Node 2 view(4155) far exceeds block count (1038); potential sync issue    
2026-08-10T05:32:01.568057Z  WARN ThreadId(20) hotstuff_runner::app: Node 2 [produce_block] queue size: 0, attempting up to 0 transactions this block    
2026-08-10T05:32:01.568762Z  WARN ThreadId(20) hotstuff_runner::app: Node 2 view(4159) far exceeds block count (1039); potential sync issue    
2026-08-10T05:32:01.644049Z  WARN ThreadId(20) hotstuff_runner::app: Node 2 [produce_block] queue size: 0, attempting up to 0 transactions this block    
2026-08-10T05:32:01.647148Z  WARN ThreadId(20) hotstuff_runner::app: Node 2 view(4163) far exceeds block count (1040); potential sync issue    
2026-08-10T05:32:01.717572Z  WARN ThreadId(20) hotstuff_runner::app: Node 2 [produce_block] queue size: 0, attempting up to 0 transactions this block    
2026-08-10T05:32:01.719868Z  WARN ThreadId(20) hotstuff_runner::app: Node 2 view(4167) far exceeds block count (1041); potential sync issue    
2026-08-10T05:32:01.792592Z  WARN ThreadId(20) hotstuff_runner::app: Node 2 [produce_block] queue size: 0, attempting up to 0 transactions this block    
2026-08-10T05:32:01.793971Z  WARN ThreadId(20) hotstuff_runner::app: Node 2 view(4171) far exceeds block count (1042); potential sync issue    
2026-08-10T05:32:01.841868Z  WARN ThreadId(20) hotstuff_runner::app: Node 2 [produce_block] queue size: 0, attempting up to 0 transactions this block    
2026-08-10T05:32:01.842317Z  WARN ThreadId(20) hotstuff_runner::app: Node 2 view(4175) far exceeds block count (1043); potential sync issue    
2026-08-10T05:32:01.879434Z  WARN ThreadId(07) docker_node:   Connection reuse ineffective (2.0 msg/conn)
2026-08-10T05:32:01.913109Z  WARN ThreadId(20) hotstuff_runner::app: Node 2 [produce_block] queue size: 0, attempting up to 0 transactions this block    
2026-08-10T05:32:01.913211Z  WARN ThreadId(20) hotstuff_runner::app: Node 2 view(4179) far exceeds block count (1044); potential sync issue    
2026-08-10T05:32:01.967215Z  WARN ThreadId(20) hotstuff_runner::app: Node 2 [produce_block] queue size: 0, attempting up to 0 transactions this block    
2026-08-10T05:32:01.968490Z  WARN ThreadId(20) hotstuff_runner::app: Node 2 view(4183) far exceeds block count (1045); potential sync issue    
2026-08-10T05:32:02.077834Z  WARN ThreadId(20) hotstuff_runner::app: Node 2 [produce_block] queue size: 0, attempting up to 0 transactions this block    
2026-08-10T05:32:02.079624Z  WARN ThreadId(20) hotstuff_runner::app: Node 2 view(4187) far exceeds block count (1046); potential sync issue    
2026-08-10T05:32:02.182156Z  WARN ThreadId(20) hotstuff_runner::app: Node 2 [produce_block] queue size: 0, attempting up to 0 transactions this block    
2026-08-10T05:32:02.184717Z  WARN ThreadId(20) hotstuff_runner::app: Node 2 view(4191) far exceeds block count (1047); potential sync issue    
2026-08-10T05:32:02.284162Z  WARN ThreadId(20) hotstuff_runner::app: Node 2 [produce_block] queue size: 0, attempting up to 0 transactions this block    
2026-08-10T05:32:02.290171Z  WARN ThreadId(20) hotstuff_runner::app: Node 2 view(4195) far exceeds block count (1048); potential sync issue    
2026-08-10T05:32:02.399389Z  WARN ThreadId(20) hotstuff_runner::app: Node 2 [produce_block] queue size: 0, attempting up to 0 transactions this block    
2026-08-10T05:32:02.400707Z  WARN ThreadId(20) hotstuff_runner::app: Node 2 view(4199) far exceeds block count (1049); potential sync issue    
2026-08-10T05:32:02.481258Z  WARN ThreadId(20) hotstuff_runner::app: Node 2 [produce_block] queue size: 0, attempting up to 0 transactions this block    
2026-08-10T05:32:02.482016Z  WARN ThreadId(20) hotstuff_runner::app: Node 2 view(4203) far exceeds block count (1050); potential sync issue    
2026-08-10T05:32:02.533886Z  WARN ThreadId(20) hotstuff_runner::app: Node 2 [produce_block] queue size: 0, attempting up to 0 transactions this block    
2026-08-10T05:32:02.533979Z  WARN ThreadId(20) hotstuff_runner::app: Node 2 view(4207) far exceeds block count (1051); potential sync issue    
2026-08-10T05:32:02.631828Z  WARN ThreadId(20) hotstuff_runner::app: Node 2 [produce_block] queue size: 0, attempting up to 0 transactions this block    
2026-08-10T05:32:02.644661Z  WARN ThreadId(20) hotstuff_runner::app: Node 2 view(4211) far exceeds block count (1052); potential sync issue    
2026-08-10T05:32:02.747801Z  WARN ThreadId(20) hotstuff_runner::app: Node 2 [produce_block] queue size: 0, attempting up to 0 transactions this block    
2026-08-10T05:32:02.749004Z  WARN ThreadId(20) hotstuff_runner::app: Node 2 view(4215) far exceeds block count (1053); potential sync issue    
2026-08-10T05:32:02.851076Z  WARN ThreadId(20) hotstuff_runner::app: Node 2 [produce_block] queue size: 0, attempting up to 0 transactions this block    
2026-08-10T05:32:02.851792Z  WARN ThreadId(20) hotstuff_runner::app: Node 2 view(4219) far exceeds block count (1054); potential sync issue    
2026-08-10T05:32:02.929468Z  WARN ThreadId(20) hotstuff_runner::app: Node 2 [produce_block] queue size: 0, attempting up to 0 transactions this block    
2026-08-10T05:32:02.929813Z  WARN ThreadId(20) hotstuff_runner::app: Node 2 view(4223) far exceeds block count (1055); potential sync issue    
2026-08-10T05:32:02.994626Z  WARN ThreadId(20) hotstuff_runner::app: Node 2 [produce_block] queue size: 0, attempting up to 0 transactions this block    
2026-08-10T05:32:02.995068Z  WARN ThreadId(20) hotstuff_runner::app: Node 2 view(4227) far exceeds block count (1056); potential sync issue    
2026-08-10T05:32:03.069987Z  WARN ThreadId(20) hotstuff_runner::app: Node 2 [produce_block] queue size: 0, attempting up to 0 transactions this block    
2026-08-10T05:32:03.075012Z  WARN ThreadId(20) hotstuff_runner::app: Node 2 view(4231) far exceeds block count (1057); potential sync issue    
2026-08-10T05:32:03.170144Z  WARN ThreadId(20) hotstuff_runner::app: Node 2 [produce_block] queue size: 0, attempting up to 0 transactions this block    
2026-08-10T05:32:03.170663Z  WARN ThreadId(20) hotstuff_runner::app: Node 2 view(4235) far exceeds block count (1058); potential sync issue    
2026-08-10T05:32:03.332542Z  WARN ThreadId(20) hotstuff_runner::app: Node 2 [produce_block] queue size: 0, attempting up to 0 transactions this block    
2026-08-10T05:32:03.333966Z  WARN ThreadId(20) hotstuff_runner::app: Node 2 view(4239) far exceeds block count (1059); potential sync issue    
2026-08-10T05:32:03.385133Z  WARN ThreadId(20) hotstuff_runner::app: Node 2 [produce_block] queue size: 0, attempting up to 0 transactions this block    
2026-08-10T05:32:03.385568Z  WARN ThreadId(20) hotstuff_runner::app: Node 2 view(4243) far exceeds block count (1060); potential sync issue    
2026-08-10T05:32:03.467937Z  WARN ThreadId(20) hotstuff_runner::app: Node 2 [produce_block] queue size: 0, attempting up to 0 transactions this block    
2026-08-10T05:32:03.468536Z  WARN ThreadId(20) hotstuff_runner::app: Node 2 view(4247) far exceeds block count (1061); potential sync issue    
2026-08-10T05:32:03.555340Z  WARN ThreadId(20) hotstuff_runner::app: Node 2 [produce_block] queue size: 0, attempting up to 0 transactions this block    
2026-08-10T05:32:03.556741Z  WARN ThreadId(20) hotstuff_runner::app: Node 2 view(4251) far exceeds block count (1062); potential sync issue    
2026-08-10T05:32:03.620573Z  WARN ThreadId(20) hotstuff_runner::app: Node 2 [produce_block] queue size: 0, attempting up to 0 transactions this block    
2026-08-10T05:32:03.623077Z  WARN ThreadId(20) hotstuff_runner::app: Node 2 view(4255) far exceeds block count (1063); potential sync issue    
2026-08-10T05:32:03.724111Z  WARN ThreadId(20) hotstuff_runner::app: Node 2 [produce_block] queue size: 0, attempting up to 0 transactions this block    
2026-08-10T05:32:03.724358Z  WARN ThreadId(20) hotstuff_runner::app: Node 2 view(4259) far exceeds block count (1064); potential sync issue    
2026-08-10T05:32:03.841226Z  WARN ThreadId(20) hotstuff_runner::app: Node 2 [produce_block] queue size: 0, attempting up to 0 transactions this block    
2026-08-10T05:32:03.841913Z  WARN ThreadId(20) hotstuff_runner::app: Node 2 view(4263) far exceeds block count (1065); potential sync issue    
2026-08-10T05:32:03.941524Z  WARN ThreadId(20) hotstuff_runner::app: Node 2 [produce_block] queue size: 0, attempting up to 0 transactions this block    
2026-08-10T05:32:03.941953Z  WARN ThreadId(20) hotstuff_runner::app: Node 2 view(4267) far exceeds block count (1066); potential sync issue    
2026-08-10T05:32:04.053931Z  WARN ThreadId(20) hotstuff_runner::app: Node 2 [produce_block] queue size: 0, attempting up to 0 transactions this block    
2026-08-10T05:32:04.062216Z  WARN ThreadId(20) hotstuff_runner::app: Node 2 view(4271) far exceeds block count (1067); potential sync issue    
2026-08-10T05:32:04.122126Z  WARN ThreadId(20) hotstuff_runner::app: Node 2 [produce_block] queue size: 0, attempting up to 0 transactions this block    
2026-08-10T05:32:04.125544Z  WARN ThreadId(20) hotstuff_runner::app: Node 2 view(4275) far exceeds block count (1068); potential sync issue    
2026-08-10T05:32:04.178195Z  WARN ThreadId(20) hotstuff_runner::app: Node 2 [produce_block] queue size: 0, attempting up to 0 transactions this block    
2026-08-10T05:32:04.178816Z  WARN ThreadId(20) hotstuff_runner::app: Node 2 view(4279) far exceeds block count (1069); potential sync issue    
2026-08-10T05:32:04.212161Z  WARN ThreadId(20) hotstuff_runner::app: Node 2 [produce_block] queue size: 0, attempting up to 0 transactions this block    
2026-08-10T05:32:04.212795Z  WARN ThreadId(20) hotstuff_runner::app: Node 2 view(4283) far exceeds block count (1070); potential sync issue    
2026-08-10T05:32:04.262810Z  WARN ThreadId(20) hotstuff_runner::app: Node 2 [produce_block] queue size: 0, attempting up to 0 transactions this block    
2026-08-10T05:32:04.263521Z  WARN ThreadId(20) hotstuff_runner::app: Node 2 view(4287) far exceeds block count (1071); potential sync issue    
2026-08-10T05:32:04.322108Z  WARN ThreadId(20) hotstuff_runner::app: Node 2 [produce_block] queue size: 0, attempting up to 0 transactions this block    
2026-08-10T05:32:04.322558Z  WARN ThreadId(20) hotstuff_runner::app: Node 2 view(4291) far exceeds block count (1072); potential sync issue    
2026-08-10T05:32:04.408113Z  WARN ThreadId(20) hotstuff_runner::app: Node 2 [produce_block] queue size: 0, attempting up to 0 transactions this block    
2026-08-10T05:32:04.408336Z  WARN ThreadId(20) hotstuff_runner::app: Node 2 view(4295) far exceeds block count (1073); potential sync issue    
2026-08-10T05:32:04.477298Z  WARN ThreadId(20) hotstuff_runner::app: Node 2 [produce_block] queue size: 0, attempting up to 0 transactions this block    
2026-08-10T05:32:04.477432Z  WARN ThreadId(20) hotstuff_runner::app: Node 2 view(4299) far exceeds block count (1074); potential sync issue    
2026-08-10T05:32:04.529114Z  WARN ThreadId(20) hotstuff_runner::app: Node 2 [produce_block] queue size: 0, attempting up to 0 transactions this block    
2026-08-10T05:32:04.530275Z  WARN ThreadId(20) hotstuff_runner::app: Node 2 view(4303) far exceeds block count (1075); potential sync issue    
2026-08-10T05:32:04.610213Z  WARN ThreadId(20) hotstuff_runner::app: Node 2 [produce_block] queue size: 0, attempting up to 0 transactions this block    
2026-08-10T05:32:04.610500Z  WARN ThreadId(20) hotstuff_runner::app: Node 2 view(4307) far exceeds block count (1076); potential sync issue    
2026-08-10T05:32:04.703186Z  WARN ThreadId(20) hotstuff_runner::app: Node 2 [produce_block] queue size: 0, attempting up to 0 transactions this block    
2026-08-10T05:32:04.704190Z  WARN ThreadId(20) hotstuff_runner::app: Node 2 view(4311) far exceeds block count (1077); potential sync issue    
2026-08-10T05:32:04.794509Z  WARN ThreadId(20) hotstuff_runner::app: Node 2 [produce_block] queue size: 0, attempting up to 0 transactions this block    
2026-08-10T05:32:04.797119Z  WARN ThreadId(20) hotstuff_runner::app: Node 2 view(4315) far exceeds block count (1078); potential sync issue    
2026-08-10T05:32:04.872185Z  WARN ThreadId(20) hotstuff_runner::app: Node 2 [produce_block] queue size: 0, attempting up to 0 transactions this block    
2026-08-10T05:32:04.874146Z  WARN ThreadId(20) hotstuff_runner::app: Node 2 view(4319) far exceeds block count (1079); potential sync issue    
2026-08-10T05:32:05.034243Z  WARN ThreadId(20) hotstuff_runner::app: Node 2 [produce_block] queue size: 0, attempting up to 0 transactions this block    
2026-08-10T05:32:05.034968Z  WARN ThreadId(20) hotstuff_runner::app: Node 2 view(4323) far exceeds block count (1080); potential sync issue    
2026-08-10T05:32:05.093827Z  WARN ThreadId(20) hotstuff_runner::app: Node 2 [produce_block] queue size: 0, attempting up to 0 transactions this block    
2026-08-10T05:32:05.093965Z  WARN ThreadId(20) hotstuff_runner::app: Node 2 view(4327) far exceeds block count (1081); potential sync issue    
2026-08-10T05:32:05.162040Z  WARN ThreadId(20) hotstuff_runner::app: Node 2 [produce_block] queue size: 0, attempting up to 0 transactions this block    
2026-08-10T05:32:05.162461Z  WARN ThreadId(20) hotstuff_runner::app: Node 2 view(4331) far exceeds block count (1082); potential sync issue    
2026-08-10T05:32:05.233587Z  WARN ThreadId(20) hotstuff_runner::app: Node 2 [produce_block] queue size: 0, attempting up to 0 transactions this block    
2026-08-10T05:32:05.236598Z  WARN ThreadId(20) hotstuff_runner::app: Node 2 view(4335) far exceeds block count (1083); potential sync issue    
2026-08-10T05:32:05.355217Z  WARN ThreadId(20) hotstuff_runner::app: Node 2 [produce_block] queue size: 0, attempting up to 0 transactions this block    
2026-08-10T05:32:05.356018Z  WARN ThreadId(20) hotstuff_runner::app: Node 2 view(4339) far exceeds block count (1084); potential sync issue    
2026-08-10T05:32:05.461797Z  WARN ThreadId(20) hotstuff_runner::app: Node 2 [produce_block] queue size: 0, attempting up to 0 transactions this block    
2026-08-10T05:32:05.463144Z  WARN ThreadId(20) hotstuff_runner::app: Node 2 view(4343) far exceeds block count (1085); potential sync issue    
2026-08-10T05:32:05.507264Z  WARN ThreadId(20) hotstuff_runner::app: Node 2 [produce_block] queue size: 0, attempting up to 0 transactions this block    
2026-08-10T05:32:05.510127Z  WARN ThreadId(20) hotstuff_runner::app: Node 2 view(4347) far exceeds block count (1086); potential sync issue    
2026-08-10T05:32:05.609543Z  WARN ThreadId(20) hotstuff_runner::app: Node 2 [produce_block] queue size: 0, attempting up to 0 transactions this block    
2026-08-10T05:32:05.610829Z  WARN ThreadId(20) hotstuff_runner::app: Node 2 view(4351) far exceeds block count (1087); potential sync issue    
2026-08-10T05:32:05.751027Z  WARN ThreadId(20) hotstuff_runner::app: Node 2 [produce_block] queue size: 0, attempting up to 0 transactions this block    
2026-08-10T05:32:05.751218Z  WARN ThreadId(20) hotstuff_runner::app: Node 2 view(4355) far exceeds block count (1088); potential sync issue    
2026-08-10T05:32:05.832716Z  WARN ThreadId(20) hotstuff_runner::app: Node 2 [produce_block] queue size: 0, attempting up to 0 transactions this block    
2026-08-10T05:32:05.835603Z  WARN ThreadId(20) hotstuff_runner::app: Node 2 view(4359) far exceeds block count (1089); potential sync issue    
2026-08-10T05:32:05.891995Z  WARN ThreadId(20) hotstuff_runner::app: Node 2 [produce_block] queue size: 0, attempting up to 0 transactions this block    
2026-08-10T05:32:05.894393Z  WARN ThreadId(20) hotstuff_runner::app: Node 2 view(4363) far exceeds block count (1090); potential sync issue    
2026-08-10T05:32:05.987109Z  WARN ThreadId(20) hotstuff_runner::app: Node 2 [produce_block] queue size: 0, attempting up to 0 transactions this block    
2026-08-10T05:32:05.988546Z  WARN ThreadId(20) hotstuff_runner::app: Node 2 view(4367) far exceeds block count (1091); potential sync issue    
2026-08-10T05:32:06.058037Z  WARN ThreadId(20) hotstuff_runner::app: Node 2 [produce_block] queue size: 0, attempting up to 0 transactions this block    
2026-08-10T05:32:06.058697Z  WARN ThreadId(20) hotstuff_runner::app: Node 2 view(4371) far exceeds block count (1092); potential sync issue    
2026-08-10T05:32:06.156366Z  WARN ThreadId(20) hotstuff_runner::app: Node 2 [produce_block] queue size: 0, attempting up to 0 transactions this block    
2026-08-10T05:32:06.157110Z  WARN ThreadId(20) hotstuff_runner::app: Node 2 view(4375) far exceeds block count (1093); potential sync issue    
2026-08-10T05:32:06.239462Z  WARN ThreadId(20) hotstuff_runner::app: Node 2 [produce_block] queue size: 0, attempting up to 0 transactions this block    
2026-08-10T05:32:06.240393Z  WARN ThreadId(20) hotstuff_runner::app: Node 2 view(4379) far exceeds block count (1094); potential sync issue    
2026-08-10T05:32:06.305131Z  WARN ThreadId(20) hotstuff_runner::app: Node 2 [produce_block] queue size: 0, attempting up to 0 transactions this block    
2026-08-10T05:32:06.305736Z  WARN ThreadId(20) hotstuff_runner::app: Node 2 view(4383) far exceeds block count (1095); potential sync issue    
2026-08-10T05:32:06.384463Z  WARN ThreadId(20) hotstuff_runner::app: Node 2 [produce_block] queue size: 0, attempting up to 0 transactions this block    
2026-08-10T05:32:06.386213Z  WARN ThreadId(20) hotstuff_runner::app: Node 2 view(4387) far exceeds block count (1096); potential sync issue    
2026-08-10T05:32:06.431847Z  WARN ThreadId(20) hotstuff_runner::app: Node 2 [produce_block] queue size: 0, attempting up to 0 transactions this block    
2026-08-10T05:32:06.434834Z  WARN ThreadId(20) hotstuff_runner::app: Node 2 view(4391) far exceeds block count (1097); potential sync issue    
2026-08-10T05:32:06.576817Z  WARN ThreadId(20) hotstuff_runner::app: Node 2 [produce_block] queue size: 0, attempting up to 0 transactions this block    
2026-08-10T05:32:06.576953Z  WARN ThreadId(20) hotstuff_runner::app: Node 2 view(4395) far exceeds block count (1098); potential sync issue    
2026-08-10T05:32:06.647072Z  WARN ThreadId(20) hotstuff_runner::app: Node 2 [produce_block] queue size: 0, attempting up to 0 transactions this block    
2026-08-10T05:32:06.648109Z  WARN ThreadId(20) hotstuff_runner::app: Node 2 view(4399) far exceeds block count (1099); potential sync issue    
2026-08-10T05:32:06.716629Z  WARN ThreadId(20) hotstuff_runner::app: Node 2 [produce_block] queue size: 0, attempting up to 0 transactions this block    
2026-08-10T05:32:06.718461Z  WARN ThreadId(20) hotstuff_runner::app: Node 2 view(4403) far exceeds block count (1100); potential sync issue    
2026-08-10T05:32:06.868124Z  WARN ThreadId(20) hotstuff_runner::app: Node 2 [produce_block] queue size: 0, attempting up to 0 transactions this block    
2026-08-10T05:32:06.870140Z  WARN ThreadId(20) hotstuff_runner::app: Node 2 view(4407) far exceeds block count (1101); potential sync issue    
2026-08-10T05:32:06.878195Z  WARN ThreadId(02) docker_node:   Connection reuse ineffective (2.0 msg/conn)
2026-08-10T05:32:06.943970Z  WARN ThreadId(20) hotstuff_runner::app: Node 2 [produce_block] queue size: 0, attempting up to 0 transactions this block    
2026-08-10T05:32:06.945530Z  WARN ThreadId(20) hotstuff_runner::app: Node 2 view(4411) far exceeds block count (1102); potential sync issue    
2026-08-10T05:32:07.039740Z  WARN ThreadId(20) hotstuff_runner::app: Node 2 [produce_block] queue size: 0, attempting up to 0 transactions this block    
2026-08-10T05:32:07.060221Z  WARN ThreadId(20) hotstuff_runner::app: Node 2 view(4415) far exceeds block count (1103); potential sync issue    
2026-08-10T05:32:07.121829Z  WARN ThreadId(20) hotstuff_runner::app: Node 2 [produce_block] queue size: 0, attempting up to 0 transactions this block    
2026-08-10T05:32:07.122680Z  WARN ThreadId(20) hotstuff_runner::app: Node 2 view(4419) far exceeds block count (1104); potential sync issue    
2026-08-10T05:32:07.189728Z  WARN ThreadId(20) hotstuff_runner::app: Node 2 [produce_block] queue size: 0, attempting up to 0 transactions this block    
2026-08-10T05:32:07.190738Z  WARN ThreadId(20) hotstuff_runner::app: Node 2 view(4423) far exceeds block count (1105); potential sync issue    
2026-08-10T05:32:07.251850Z  WARN ThreadId(20) hotstuff_runner::app: Node 2 [produce_block] queue size: 0, attempting up to 0 transactions this block    
2026-08-10T05:32:07.254227Z  WARN ThreadId(20) hotstuff_runner::app: Node 2 view(4427) far exceeds block count (1106); potential sync issue    
2026-08-10T05:32:07.310849Z  WARN ThreadId(20) hotstuff_runner::app: Node 2 [produce_block] queue size: 0, attempting up to 0 transactions this block    
2026-08-10T05:32:07.312117Z  WARN ThreadId(20) hotstuff_runner::app: Node 2 view(4431) far exceeds block count (1107); potential sync issue    
2026-08-10T05:32:07.475469Z  WARN ThreadId(20) hotstuff_runner::app: Node 2 [produce_block] queue size: 0, attempting up to 0 transactions this block    
2026-08-10T05:32:07.475749Z  WARN ThreadId(20) hotstuff_runner::app: Node 2 view(4435) far exceeds block count (1108); potential sync issue    
2026-08-10T05:32:07.692406Z  WARN ThreadId(20) hotstuff_runner::app: Node 2 [produce_block] queue size: 0, attempting up to 0 transactions this block    
2026-08-10T05:32:07.706189Z  WARN ThreadId(20) hotstuff_runner::app: Node 2 view(4439) far exceeds block count (1109); potential sync issue    
2026-08-10T05:32:07.765630Z  WARN ThreadId(20) hotstuff_runner::app: Node 2 [produce_block] queue size: 0, attempting up to 0 transactions this block    
2026-08-10T05:32:07.770270Z  WARN ThreadId(20) hotstuff_runner::app: Node 2 view(4443) far exceeds block count (1110); potential sync issue    
2026-08-10T05:32:07.876188Z  WARN ThreadId(20) hotstuff_runner::app: Node 2 [produce_block] queue size: 0, attempting up to 0 transactions this block    
2026-08-10T05:32:07.877182Z  WARN ThreadId(20) hotstuff_runner::app: Node 2 view(4447) far exceeds block count (1111); potential sync issue    
2026-08-10T05:32:07.967364Z  WARN ThreadId(20) hotstuff_runner::app: Node 2 [produce_block] queue size: 0, attempting up to 0 transactions this block    
2026-08-10T05:32:07.967651Z  WARN ThreadId(20) hotstuff_runner::app: Node 2 view(4451) far exceeds block count (1112); potential sync issue    
2026-08-10T05:32:08.204167Z  WARN ThreadId(20) hotstuff_runner::app: Node 2 [produce_block] queue size: 0, attempting up to 0 transactions this block    
2026-08-10T05:32:08.204318Z  WARN ThreadId(20) hotstuff_runner::app: Node 2 view(4455) far exceeds block count (1113); potential sync issue    
2026-08-10T05:32:08.344572Z  WARN ThreadId(20) hotstuff_runner::app: Node 2 [produce_block] queue size: 0, attempting up to 0 transactions this block    
2026-08-10T05:32:08.344829Z  WARN ThreadId(20) hotstuff_runner::app: Node 2 view(4459) far exceeds block count (1114); potential sync issue    
2026-08-10T05:32:08.419288Z  WARN ThreadId(20) hotstuff_runner::app: Node 2 [produce_block] queue size: 0, attempting up to 0 transactions this block    
2026-08-10T05:32:08.419455Z  WARN ThreadId(20) hotstuff_runner::app: Node 2 view(4463) far exceeds block count (1115); potential sync issue    
2026-08-10T05:32:08.478037Z  WARN ThreadId(20) hotstuff_runner::app: Node 2 [produce_block] queue size: 0, attempting up to 0 transactions this block    
2026-08-10T05:32:08.479291Z  WARN ThreadId(20) hotstuff_runner::app: Node 2 view(4467) far exceeds block count (1116); potential sync issue    
2026-08-10T05:32:08.543815Z  WARN ThreadId(20) hotstuff_runner::app: Node 2 [produce_block] queue size: 0, attempting up to 0 transactions this block    
2026-08-10T05:32:08.544759Z  WARN ThreadId(20) hotstuff_runner::app: Node 2 view(4471) far exceeds block count (1117); potential sync issue    
2026-08-10T05:32:08.603844Z  WARN ThreadId(20) hotstuff_runner::app: Node 2 [produce_block] queue size: 0, attempting up to 0 transactions this block    
2026-08-10T05:32:08.607220Z  WARN ThreadId(20) hotstuff_runner::app: Node 2 view(4475) far exceeds block count (1118); potential sync issue    
2026-08-10T05:32:08.707768Z  WARN ThreadId(20) hotstuff_runner::app: Node 2 [produce_block] queue size: 0, attempting up to 0 transactions this block    
2026-08-10T05:32:08.708197Z  WARN ThreadId(20) hotstuff_runner::app: Node 2 view(4479) far exceeds block count (1119); potential sync issue    
2026-08-10T05:32:08.862408Z  WARN ThreadId(20) hotstuff_runner::app: Node 2 [produce_block] queue size: 0, attempting up to 0 transactions this block    
2026-08-10T05:32:08.862645Z  WARN ThreadId(20) hotstuff_runner::app: Node 2 view(4483) far exceeds block count (1120); potential sync issue    
2026-08-10T05:32:08.934384Z  WARN ThreadId(20) hotstuff_runner::app: Node 2 [produce_block] queue size: 0, attempting up to 0 transactions this block    
2026-08-10T05:32:08.935461Z  WARN ThreadId(20) hotstuff_runner::app: Node 2 view(4487) far exceeds block count (1121); potential sync issue    
2026-08-10T05:32:09.109182Z  WARN ThreadId(20) hotstuff_runner::app: Node 2 [produce_block] queue size: 0, attempting up to 0 transactions this block    
2026-08-10T05:32:09.112948Z  WARN ThreadId(20) hotstuff_runner::app: Node 2 view(4491) far exceeds block count (1122); potential sync issue    
2026-08-10T05:32:09.201048Z  WARN ThreadId(20) hotstuff_runner::app: Node 2 [produce_block] queue size: 0, attempting up to 0 transactions this block    
2026-08-10T05:32:09.202276Z  WARN ThreadId(20) hotstuff_runner::app: Node 2 view(4495) far exceeds block count (1123); potential sync issue    
2026-08-10T05:32:09.327157Z  WARN ThreadId(20) hotstuff_runner::app: Node 2 [produce_block] queue size: 0, attempting up to 0 transactions this block    
2026-08-10T05:32:09.327319Z  WARN ThreadId(20) hotstuff_runner::app: Node 2 view(4499) far exceeds block count (1124); potential sync issue    
2026-08-10T05:32:09.374621Z  WARN ThreadId(20) hotstuff_runner::app: Node 2 [produce_block] queue size: 0, attempting up to 0 transactions this block    
2026-08-10T05:32:09.377243Z  WARN ThreadId(20) hotstuff_runner::app: Node 2 view(4503) far exceeds block count (1125); potential sync issue    
2026-08-10T05:32:09.492667Z  WARN ThreadId(20) hotstuff_runner::app: Node 2 [produce_block] queue size: 0, attempting up to 0 transactions this block    
2026-08-10T05:32:09.492796Z  WARN ThreadId(20) hotstuff_runner::app: Node 2 view(4507) far exceeds block count (1126); potential sync issue    
2026-08-10T05:32:09.729734Z  WARN ThreadId(20) hotstuff_runner::app: Node 2 [produce_block] queue size: 0, attempting up to 0 transactions this block    
2026-08-10T05:32:09.733082Z  WARN ThreadId(20) hotstuff_runner::app: Node 2 view(4511) far exceeds block count (1127); potential sync issue    
2026-08-10T05:32:09.868638Z  WARN ThreadId(20) hotstuff_runner::app: Node 2 [produce_block] queue size: 0, attempting up to 0 transactions this block    
2026-08-10T05:32:09.870214Z  WARN ThreadId(20) hotstuff_runner::app: Node 2 view(4515) far exceeds block count (1128); potential sync issue    
2026-08-10T05:32:09.965115Z  WARN ThreadId(20) hotstuff_runner::app: Node 2 [produce_block] queue size: 0, attempting up to 0 transactions this block    
2026-08-10T05:32:09.965485Z  WARN ThreadId(20) hotstuff_runner::app: Node 2 view(4519) far exceeds block count (1129); potential sync issue    
2026-08-10T05:32:10.072113Z  WARN ThreadId(20) hotstuff_runner::app: Node 2 [produce_block] queue size: 0, attempting up to 0 transactions this block    
2026-08-10T05:32:10.073275Z  WARN ThreadId(20) hotstuff_runner::app: Node 2 view(4523) far exceeds block count (1130); potential sync issue    
2026-08-10T05:32:10.151501Z  WARN ThreadId(20) hotstuff_runner::app: Node 2 [produce_block] queue size: 0, attempting up to 0 transactions this block    
2026-08-10T05:32:10.151919Z  WARN ThreadId(20) hotstuff_runner::app: Node 2 view(4527) far exceeds block count (1131); potential sync issue    
2026-08-10T05:32:10.225114Z  WARN ThreadId(20) hotstuff_runner::app: Node 2 [produce_block] queue size: 0, attempting up to 0 transactions this block    
2026-08-10T05:32:10.226325Z  WARN ThreadId(20) hotstuff_runner::app: Node 2 view(4531) far exceeds block count (1132); potential sync issue    
2026-08-10T05:32:10.349522Z  WARN ThreadId(20) hotstuff_runner::app: Node 2 [produce_block] queue size: 0, attempting up to 0 transactions this block    
2026-08-10T05:32:10.350507Z  WARN ThreadId(20) hotstuff_runner::app: Node 2 view(4535) far exceeds block count (1133); potential sync issue    
2026-08-10T05:32:10.432427Z  WARN ThreadId(20) hotstuff_runner::app: Node 2 [produce_block] queue size: 0, attempting up to 0 transactions this block    
2026-08-10T05:32:10.434642Z  WARN ThreadId(20) hotstuff_runner::app: Node 2 view(4539) far exceeds block count (1134); potential sync issue    
2026-08-10T05:32:10.502372Z  WARN ThreadId(20) hotstuff_runner::app: Node 2 [produce_block] queue size: 0, attempting up to 0 transactions this block    
2026-08-10T05:32:10.510645Z  WARN ThreadId(20) hotstuff_runner::app: Node 2 view(4543) far exceeds block count (1135); potential sync issue    
2026-08-10T05:32:10.598878Z  WARN ThreadId(20) hotstuff_runner::app: Node 2 [produce_block] queue size: 0, attempting up to 0 transactions this block    
2026-08-10T05:32:10.599239Z  WARN ThreadId(20) hotstuff_runner::app: Node 2 view(4547) far exceeds block count (1136); potential sync issue    
2026-08-10T05:32:10.684794Z  WARN ThreadId(20) hotstuff_runner::app: Node 2 [produce_block] queue size: 0, attempting up to 0 transactions this block    
2026-08-10T05:32:10.687484Z  WARN ThreadId(20) hotstuff_runner::app: Node 2 view(4551) far exceeds block count (1137); potential sync issue    
2026-08-10T05:32:10.795369Z  WARN ThreadId(20) hotstuff_runner::app: Node 2 [produce_block] queue size: 0, attempting up to 0 transactions this block    
2026-08-10T05:32:10.795784Z  WARN ThreadId(20) hotstuff_runner::app: Node 2 view(4555) far exceeds block count (1138); potential sync issue    
2026-08-10T05:32:10.854772Z  WARN ThreadId(20) hotstuff_runner::app: Node 2 [produce_block] queue size: 0, attempting up to 0 transactions this block    
2026-08-10T05:32:10.855874Z  WARN ThreadId(20) hotstuff_runner::app: Node 2 view(4559) far exceeds block count (1139); potential sync issue    
2026-08-10T05:32:10.919058Z  WARN ThreadId(20) hotstuff_runner::app: Node 2 [produce_block] queue size: 0, attempting up to 0 transactions this block    
2026-08-10T05:32:10.920091Z  WARN ThreadId(20) hotstuff_runner::app: Node 2 view(4563) far exceeds block count (1140); potential sync issue    
2026-08-10T05:32:10.980357Z  WARN ThreadId(20) hotstuff_runner::app: Node 2 [produce_block] queue size: 0, attempting up to 0 transactions this block    
2026-08-10T05:32:10.980547Z  WARN ThreadId(20) hotstuff_runner::app: Node 2 view(4567) far exceeds block count (1141); potential sync issue    
2026-08-10T05:32:11.042859Z  WARN ThreadId(20) hotstuff_runner::app: Node 2 [produce_block] queue size: 0, attempting up to 0 transactions this block    
2026-08-10T05:32:11.045200Z  WARN ThreadId(20) hotstuff_runner::app: Node 2 view(4571) far exceeds block count (1142); potential sync issue    
2026-08-10T05:32:11.135346Z  WARN ThreadId(20) hotstuff_runner::app: Node 2 [produce_block] queue size: 0, attempting up to 0 transactions this block    
2026-08-10T05:32:11.136206Z  WARN ThreadId(20) hotstuff_runner::app: Node 2 view(4575) far exceeds block count (1143); potential sync issue    
2026-08-10T05:32:11.214765Z  WARN ThreadId(20) hotstuff_runner::app: Node 2 [produce_block] queue size: 0, attempting up to 0 transactions this block    
2026-08-10T05:32:11.215141Z  WARN ThreadId(20) hotstuff_runner::app: Node 2 view(4579) far exceeds block count (1144); potential sync issue    
2026-08-10T05:32:11.376420Z  WARN ThreadId(20) hotstuff_runner::app: Node 2 [produce_block] queue size: 0, attempting up to 0 transactions this block    
2026-08-10T05:32:11.376727Z  WARN ThreadId(20) hotstuff_runner::app: Node 2 view(4583) far exceeds block count (1145); potential sync issue    
2026-08-10T05:32:11.468688Z  WARN ThreadId(20) hotstuff_runner::app: Node 2 [produce_block] queue size: 0, attempting up to 0 transactions this block    
2026-08-10T05:32:11.472034Z  WARN ThreadId(20) hotstuff_runner::app: Node 2 view(4587) far exceeds block count (1146); potential sync issue    
2026-08-10T05:32:11.535926Z  WARN ThreadId(20) hotstuff_runner::app: Node 2 [produce_block] queue size: 0, attempting up to 0 transactions this block    
2026-08-10T05:32:11.539116Z  WARN ThreadId(20) hotstuff_runner::app: Node 2 view(4591) far exceeds block count (1147); potential sync issue    
2026-08-10T05:32:11.651951Z  WARN ThreadId(20) hotstuff_runner::app: Node 2 [produce_block] queue size: 0, attempting up to 0 transactions this block    
2026-08-10T05:32:11.653173Z  WARN ThreadId(20) hotstuff_runner::app: Node 2 view(4595) far exceeds block count (1148); potential sync issue    
2026-08-10T05:32:11.742293Z  WARN ThreadId(20) hotstuff_runner::app: Node 2 [produce_block] queue size: 0, attempting up to 0 transactions this block    
2026-08-10T05:32:11.742680Z  WARN ThreadId(20) hotstuff_runner::app: Node 2 view(4599) far exceeds block count (1149); potential sync issue    
2026-08-10T05:32:11.797507Z  WARN ThreadId(20) hotstuff_runner::app: Node 2 [produce_block] queue size: 0, attempting up to 0 transactions this block    
2026-08-10T05:32:11.798340Z  WARN ThreadId(20) hotstuff_runner::app: Node 2 view(4603) far exceeds block count (1150); potential sync issue    
2026-08-10T05:32:11.879141Z  WARN ThreadId(02) docker_node: Low processing efficiency: 0.0% - system may need tuning
2026-08-10T05:32:11.880322Z  WARN ThreadId(20) hotstuff_runner::app: Node 2 [produce_block] queue size: 0, attempting up to 0 transactions this block    
2026-08-10T05:32:11.884478Z  WARN ThreadId(20) hotstuff_runner::app: Node 2 view(4607) far exceeds block count (1151); potential sync issue    
2026-08-10T05:32:11.884069Z  WARN ThreadId(02) docker_node:   Connection reuse ineffective (2.0 msg/conn)
2026-08-10T05:32:11.962793Z  WARN ThreadId(20) hotstuff_runner::app: Node 2 [produce_block] queue size: 0, attempting up to 0 transactions this block    
2026-08-10T05:32:11.964514Z  WARN ThreadId(20) hotstuff_runner::app: Node 2 view(4611) far exceeds block count (1152); potential sync issue    
2026-08-10T05:32:12.108370Z  WARN ThreadId(20) hotstuff_runner::app: Node 2 [produce_block] queue size: 0, attempting up to 0 transactions this block    
2026-08-10T05:32:12.108642Z  WARN ThreadId(20) hotstuff_runner::app: Node 2 view(4615) far exceeds block count (1153); potential sync issue    
2026-08-10T05:32:12.168817Z  WARN ThreadId(20) hotstuff_runner::app: Node 2 [produce_block] queue size: 0, attempting up to 0 transactions this block    
2026-08-10T05:32:12.170398Z  WARN ThreadId(20) hotstuff_runner::app: Node 2 view(4619) far exceeds block count (1154); potential sync issue    
2026-08-10T05:32:12.340809Z  WARN ThreadId(20) hotstuff_runner::app: Node 2 [produce_block] queue size: 0, attempting up to 0 transactions this block    
2026-08-10T05:32:12.348133Z  WARN ThreadId(20) hotstuff_runner::app: Node 2 view(4623) far exceeds block count (1155); potential sync issue    
2026-08-10T05:32:12.426168Z  WARN ThreadId(20) hotstuff_runner::app: Node 2 [produce_block] queue size: 0, attempting up to 0 transactions this block    
2026-08-10T05:32:12.426921Z  WARN ThreadId(20) hotstuff_runner::app: Node 2 view(4627) far exceeds block count (1156); potential sync issue    
2026-08-10T05:32:12.533055Z  WARN ThreadId(20) hotstuff_runner::app: Node 2 [produce_block] queue size: 0, attempting up to 0 transactions this block    
2026-08-10T05:32:12.533366Z  WARN ThreadId(20) hotstuff_runner::app: Node 2 view(4631) far exceeds block count (1157); potential sync issue    
2026-08-10T05:32:12.645117Z  WARN ThreadId(20) hotstuff_runner::app: Node 2 [produce_block] queue size: 0, attempting up to 0 transactions this block    
2026-08-10T05:32:12.649974Z  WARN ThreadId(20) hotstuff_runner::app: Node 2 view(4635) far exceeds block count (1158); potential sync issue    
2026-08-10T05:32:12.719125Z  WARN ThreadId(20) hotstuff_runner::app: Node 2 [produce_block] queue size: 0, attempting up to 0 transactions this block    
2026-08-10T05:32:12.719303Z  WARN ThreadId(20) hotstuff_runner::app: Node 2 view(4639) far exceeds block count (1159); potential sync issue    
2026-08-10T05:32:12.844420Z  WARN ThreadId(20) hotstuff_runner::app: Node 2 [produce_block] queue size: 0, attempting up to 0 transactions this block    
2026-08-10T05:32:12.844897Z  WARN ThreadId(20) hotstuff_runner::app: Node 2 view(4643) far exceeds block count (1160); potential sync issue    
2026-08-10T05:32:12.974666Z  WARN ThreadId(20) hotstuff_runner::app: Node 2 [produce_block] queue size: 0, attempting up to 0 transactions this block    
2026-08-10T05:32:12.974942Z  WARN ThreadId(20) hotstuff_runner::app: Node 2 view(4647) far exceeds block count (1161); potential sync issue    
2026-08-10T05:32:13.092638Z  WARN ThreadId(20) hotstuff_runner::app: Node 2 [produce_block] queue size: 0, attempting up to 0 transactions this block    
2026-08-10T05:32:13.093938Z  WARN ThreadId(20) hotstuff_runner::app: Node 2 view(4651) far exceeds block count (1162); potential sync issue    
2026-08-10T05:32:13.187014Z  WARN ThreadId(20) hotstuff_runner::app: Node 2 [produce_block] queue size: 0, attempting up to 0 transactions this block    
2026-08-10T05:32:13.187643Z  WARN ThreadId(20) hotstuff_runner::app: Node 2 view(4655) far exceeds block count (1163); potential sync issue    
2026-08-10T05:32:13.252017Z  WARN ThreadId(20) hotstuff_runner::app: Node 2 [produce_block] queue size: 0, attempting up to 0 transactions this block    
2026-08-10T05:32:13.252291Z  WARN ThreadId(20) hotstuff_runner::app: Node 2 view(4659) far exceeds block count (1164); potential sync issue    
2026-08-10T05:32:13.322093Z  WARN ThreadId(20) hotstuff_runner::app: Node 2 [produce_block] queue size: 0, attempting up to 0 transactions this block    
2026-08-10T05:32:13.322612Z  WARN ThreadId(20) hotstuff_runner::app: Node 2 view(4663) far exceeds block count (1165); potential sync issue    
2026-08-10T05:32:13.368730Z  WARN ThreadId(20) hotstuff_runner::app: Node 2 [produce_block] queue size: 0, attempting up to 0 transactions this block    
2026-08-10T05:32:13.369573Z  WARN ThreadId(20) hotstuff_runner::app: Node 2 view(4667) far exceeds block count (1166); potential sync issue    
2026-08-10T05:32:13.443974Z  WARN ThreadId(20) hotstuff_runner::app: Node 2 [produce_block] queue size: 0, attempting up to 0 transactions this block    
2026-08-10T05:32:13.453917Z  WARN ThreadId(20) hotstuff_runner::app: Node 2 view(4671) far exceeds block count (1167); potential sync issue    
2026-08-10T05:32:13.521780Z  WARN ThreadId(20) hotstuff_runner::app: Node 2 [produce_block] queue size: 0, attempting up to 0 transactions this block    
2026-08-10T05:32:13.523795Z  WARN ThreadId(20) hotstuff_runner::app: Node 2 view(4675) far exceeds block count (1168); potential sync issue    
2026-08-10T05:32:13.654070Z  WARN ThreadId(20) hotstuff_runner::app: Node 2 [produce_block] queue size: 0, attempting up to 0 transactions this block    
2026-08-10T05:32:13.660760Z  WARN ThreadId(20) hotstuff_runner::app: Node 2 view(4679) far exceeds block count (1169); potential sync issue    
2026-08-10T05:32:13.744823Z  WARN ThreadId(20) hotstuff_runner::app: Node 2 [produce_block] queue size: 0, attempting up to 0 transactions this block    
2026-08-10T05:32:13.745086Z  WARN ThreadId(20) hotstuff_runner::app: Node 2 view(4683) far exceeds block count (1170); potential sync issue    
2026-08-10T05:32:14.215754Z  WARN ThreadId(20) hotstuff_runner::app: Node 2 [produce_block] queue size: 0, attempting up to 0 transactions this block    
2026-08-10T05:32:14.216509Z  WARN ThreadId(20) hotstuff_runner::app: Node 2 view(4687) far exceeds block count (1171); potential sync issue    
2026-08-10T05:32:14.360773Z  WARN ThreadId(20) hotstuff_runner::app: Node 2 [produce_block] queue size: 0, attempting up to 0 transactions this block    
2026-08-10T05:32:14.361099Z  WARN ThreadId(20) hotstuff_runner::app: Node 2 view(4691) far exceeds block count (1172); potential sync issue    
2026-08-10T05:32:14.464404Z  WARN ThreadId(20) hotstuff_runner::app: Node 2 [produce_block] queue size: 0, attempting up to 0 transactions this block    
2026-08-10T05:32:14.464641Z  WARN ThreadId(20) hotstuff_runner::app: Node 2 view(4695) far exceeds block count (1173); potential sync issue    
2026-08-10T05:32:14.562931Z  WARN ThreadId(20) hotstuff_runner::app: Node 2 [produce_block] queue size: 0, attempting up to 0 transactions this block    
2026-08-10T05:32:14.563098Z  WARN ThreadId(20) hotstuff_runner::app: Node 2 view(4699) far exceeds block count (1174); potential sync issue    
2026-08-10T05:32:14.676744Z  WARN ThreadId(20) hotstuff_runner::app: Node 2 [produce_block] queue size: 0, attempting up to 0 transactions this block    
2026-08-10T05:32:14.679282Z  WARN ThreadId(20) hotstuff_runner::app: Node 2 view(4703) far exceeds block count (1175); potential sync issue    
2026-08-10T05:32:14.746730Z  WARN ThreadId(20) hotstuff_runner::app: Node 2 [produce_block] queue size: 0, attempting up to 0 transactions this block    
2026-08-10T05:32:14.749123Z  WARN ThreadId(20) hotstuff_runner::app: Node 2 view(4707) far exceeds block count (1176); potential sync issue    
2026-08-10T05:32:14.848262Z  WARN ThreadId(20) hotstuff_runner::app: Node 2 [produce_block] queue size: 0, attempting up to 0 transactions this block    
2026-08-10T05:32:14.848423Z  WARN ThreadId(20) hotstuff_runner::app: Node 2 view(4711) far exceeds block count (1177); potential sync issue    
2026-08-10T05:32:14.916948Z  WARN ThreadId(20) hotstuff_runner::app: Node 2 [produce_block] queue size: 0, attempting up to 0 transactions this block    
2026-08-10T05:32:14.919321Z  WARN ThreadId(20) hotstuff_runner::app: Node 2 view(4715) far exceeds block count (1178); potential sync issue    
2026-08-10T05:32:15.374994Z  WARN ThreadId(20) hotstuff_runner::app: Node 2 [produce_block] queue size: 0, attempting up to 0 transactions this block    
2026-08-10T05:32:15.375350Z  WARN ThreadId(20) hotstuff_runner::app: Node 2 view(4719) far exceeds block count (1179); potential sync issue    
2026-08-10T05:32:15.471231Z  WARN ThreadId(20) hotstuff_runner::app: Node 2 [produce_block] queue size: 0, attempting up to 0 transactions this block    
2026-08-10T05:32:15.472514Z  WARN ThreadId(20) hotstuff_runner::app: Node 2 view(4723) far exceeds block count (1180); potential sync issue    
2026-08-10T05:32:15.567261Z  WARN ThreadId(20) hotstuff_runner::app: Node 2 [produce_block] queue size: 0, attempting up to 0 transactions this block    
2026-08-10T05:32:15.570861Z  WARN ThreadId(20) hotstuff_runner::app: Node 2 view(4727) far exceeds block count (1181); potential sync issue    
2026-08-10T05:32:15.616551Z  WARN ThreadId(20) hotstuff_runner::app: Node 2 [produce_block] queue size: 0, attempting up to 0 transactions this block    
2026-08-10T05:32:15.617471Z  WARN ThreadId(20) hotstuff_runner::app: Node 2 view(4731) far exceeds block count (1182); potential sync issue    
2026-08-10T05:32:15.685262Z  WARN ThreadId(20) hotstuff_runner::app: Node 2 [produce_block] queue size: 0, attempting up to 0 transactions this block    
2026-08-10T05:32:15.685987Z  WARN ThreadId(20) hotstuff_runner::app: Node 2 view(4735) far exceeds block count (1183); potential sync issue    
2026-08-10T05:32:15.776113Z  WARN ThreadId(20) hotstuff_runner::app: Node 2 [produce_block] queue size: 0, attempting up to 0 transactions this block    
2026-08-10T05:32:15.777194Z  WARN ThreadId(20) hotstuff_runner::app: Node 2 view(4739) far exceeds block count (1184); potential sync issue    
2026-08-10T05:32:15.848877Z  WARN ThreadId(20) hotstuff_runner::app: Node 2 [produce_block] queue size: 0, attempting up to 0 transactions this block    
2026-08-10T05:32:15.849589Z  WARN ThreadId(20) hotstuff_runner::app: Node 2 view(4743) far exceeds block count (1185); potential sync issue    
2026-08-10T05:32:15.967947Z  WARN ThreadId(20) hotstuff_runner::app: Node 2 [produce_block] queue size: 0, attempting up to 0 transactions this block    
2026-08-10T05:32:15.980829Z  WARN ThreadId(20) hotstuff_runner::app: Node 2 view(4747) far exceeds block count (1186); potential sync issue    
2026-08-10T05:32:16.193462Z  WARN ThreadId(20) hotstuff_runner::app: Node 2 [produce_block] queue size: 0, attempting up to 0 transactions this block    
2026-08-10T05:32:16.194741Z  WARN ThreadId(20) hotstuff_runner::app: Node 2 view(4751) far exceeds block count (1187); potential sync issue    
2026-08-10T05:32:16.276170Z  WARN ThreadId(20) hotstuff_runner::app: Node 2 [produce_block] queue size: 0, attempting up to 0 transactions this block    
2026-08-10T05:32:16.277652Z  WARN ThreadId(20) hotstuff_runner::app: Node 2 view(4755) far exceeds block count (1188); potential sync issue    
2026-08-10T05:32:16.384233Z  WARN ThreadId(20) hotstuff_runner::app: Node 2 [produce_block] queue size: 0, attempting up to 0 transactions this block    
2026-08-10T05:32:16.385243Z  WARN ThreadId(20) hotstuff_runner::app: Node 2 view(4759) far exceeds block count (1189); potential sync issue    
2026-08-10T05:32:16.548056Z  WARN ThreadId(20) hotstuff_runner::app: Node 2 [produce_block] queue size: 0, attempting up to 0 transactions this block    
2026-08-10T05:32:16.587483Z  WARN ThreadId(20) hotstuff_runner::app: Node 2 view(4763) far exceeds block count (1190); potential sync issue    
2026-08-10T05:32:16.682460Z  WARN ThreadId(20) hotstuff_runner::app: Node 2 [produce_block] queue size: 0, attempting up to 0 transactions this block    
2026-08-10T05:32:16.682667Z  WARN ThreadId(20) hotstuff_runner::app: Node 2 view(4767) far exceeds block count (1191); potential sync issue    
2026-08-10T05:32:16.743606Z  WARN ThreadId(20) hotstuff_runner::app: Node 2 [produce_block] queue size: 0, attempting up to 0 transactions this block    
2026-08-10T05:32:16.744773Z  WARN ThreadId(20) hotstuff_runner::app: Node 2 view(4771) far exceeds block count (1192); potential sync issue    
2026-08-10T05:32:16.802571Z  WARN ThreadId(20) hotstuff_runner::app: Node 2 [produce_block] queue size: 0, attempting up to 0 transactions this block    
2026-08-10T05:32:16.802936Z  WARN ThreadId(20) hotstuff_runner::app: Node 2 view(4775) far exceeds block count (1193); potential sync issue    
2026-08-10T05:32:16.865152Z  WARN ThreadId(20) hotstuff_runner::app: Node 2 [produce_block] queue size: 0, attempting up to 0 transactions this block    
2026-08-10T05:32:16.865818Z  WARN ThreadId(20) hotstuff_runner::app: Node 2 view(4779) far exceeds block count (1194); potential sync issue    
2026-08-10T05:32:16.916842Z  WARN ThreadId(07) docker_node: Low processing efficiency: 0.0% - system may need tuning
2026-08-10T05:32:16.917530Z  WARN ThreadId(07) docker_node:   Connection reuse ineffective (2.0 msg/conn)
2026-08-10T05:32:17.007539Z  WARN ThreadId(20) hotstuff_runner::app: Node 2 [produce_block] queue size: 0, attempting up to 0 transactions this block    
2026-08-10T05:32:17.008016Z  WARN ThreadId(20) hotstuff_runner::app: Node 2 view(4783) far exceeds block count (1195); potential sync issue    
2026-08-10T05:32:17.122304Z  WARN ThreadId(20) hotstuff_runner::app: Node 2 [produce_block] queue size: 0, attempting up to 0 transactions this block    
2026-08-10T05:32:17.122481Z  WARN ThreadId(20) hotstuff_runner::app: Node 2 view(4787) far exceeds block count (1196); potential sync issue    
2026-08-10T05:32:17.228426Z  WARN ThreadId(20) hotstuff_runner::app: Node 2 [produce_block] queue size: 0, attempting up to 0 transactions this block    
2026-08-10T05:32:17.229396Z  WARN ThreadId(20) hotstuff_runner::app: Node 2 view(4791) far exceeds block count (1197); potential sync issue    
2026-08-10T05:32:17.315816Z  WARN ThreadId(20) hotstuff_runner::app: Node 2 [produce_block] queue size: 0, attempting up to 0 transactions this block    
2026-08-10T05:32:17.319230Z  WARN ThreadId(20) hotstuff_runner::app: Node 2 view(4795) far exceeds block count (1198); potential sync issue    
2026-08-10T05:32:17.393790Z  WARN ThreadId(20) hotstuff_runner::app: Node 2 [produce_block] queue size: 0, attempting up to 0 transactions this block    
2026-08-10T05:32:17.398091Z  WARN ThreadId(20) hotstuff_runner::app: Node 2 view(4799) far exceeds block count (1199); potential sync issue    
2026-08-10T05:32:17.456408Z  WARN ThreadId(20) hotstuff_runner::app: Node 2 [produce_block] queue size: 0, attempting up to 0 transactions this block    
2026-08-10T05:32:17.456581Z  WARN ThreadId(20) hotstuff_runner::app: Node 2 view(4803) far exceeds block count (1200); potential sync issue    
2026-08-10T05:32:17.537496Z  WARN ThreadId(20) hotstuff_runner::app: Node 2 [produce_block] queue size: 0, attempting up to 0 transactions this block    
2026-08-10T05:32:17.537947Z  WARN ThreadId(20) hotstuff_runner::app: Node 2 view(4807) far exceeds block count (1201); potential sync issue    
2026-08-10T05:32:17.596914Z  WARN ThreadId(20) hotstuff_runner::app: Node 2 [produce_block] queue size: 0, attempting up to 0 transactions this block    
2026-08-10T05:32:17.600847Z  WARN ThreadId(20) hotstuff_runner::app: Node 2 view(4811) far exceeds block count (1202); potential sync issue    
2026-08-10T05:32:17.735227Z  WARN ThreadId(20) hotstuff_runner::app: Node 2 [produce_block] queue size: 0, attempting up to 0 transactions this block    
2026-08-10T05:32:17.735881Z  WARN ThreadId(20) hotstuff_runner::app: Node 2 view(4815) far exceeds block count (1203); potential sync issue    
2026-08-10T05:32:17.878664Z  WARN ThreadId(20) hotstuff_runner::app: Node 2 [produce_block] queue size: 0, attempting up to 0 transactions this block    
2026-08-10T05:32:17.878984Z  WARN ThreadId(20) hotstuff_runner::app: Node 2 view(4819) far exceeds block count (1204); potential sync issue    
2026-08-10T05:32:18.045679Z  WARN ThreadId(20) hotstuff_runner::app: Node 2 [produce_block] queue size: 0, attempting up to 0 transactions this block    
2026-08-10T05:32:18.047772Z  WARN ThreadId(20) hotstuff_runner::app: Node 2 view(4823) far exceeds block count (1205); potential sync issue    
2026-08-10T05:32:18.134758Z  WARN ThreadId(20) hotstuff_runner::app: Node 2 [produce_block] queue size: 0, attempting up to 0 transactions this block    
2026-08-10T05:32:18.135170Z  WARN ThreadId(20) hotstuff_runner::app: Node 2 view(4827) far exceeds block count (1206); potential sync issue    
2026-08-10T05:32:18.225661Z  WARN ThreadId(20) hotstuff_runner::app: Node 2 [produce_block] queue size: 0, attempting up to 0 transactions this block    
2026-08-10T05:32:18.236480Z  WARN ThreadId(20) hotstuff_runner::app: Node 2 view(4831) far exceeds block count (1207); potential sync issue    
2026-08-10T05:32:18.356451Z  WARN ThreadId(20) hotstuff_runner::app: Node 2 [produce_block] queue size: 0, attempting up to 0 transactions this block    
2026-08-10T05:32:18.356619Z  WARN ThreadId(20) hotstuff_runner::app: Node 2 view(4835) far exceeds block count (1208); potential sync issue    
2026-08-10T05:32:18.455433Z  WARN ThreadId(20) hotstuff_runner::app: Node 2 [produce_block] queue size: 0, attempting up to 0 transactions this block    
2026-08-10T05:32:18.456873Z  WARN ThreadId(20) hotstuff_runner::app: Node 2 view(4839) far exceeds block count (1209); potential sync issue    
2026-08-10T05:32:18.628753Z  WARN ThreadId(20) hotstuff_runner::app: Node 2 [produce_block] queue size: 0, attempting up to 0 transactions this block    
2026-08-10T05:32:18.634509Z  WARN ThreadId(20) hotstuff_runner::app: Node 2 view(4843) far exceeds block count (1210); potential sync issue    
2026-08-10T05:32:18.801623Z  WARN ThreadId(20) hotstuff_runner::app: Node 2 [produce_block] queue size: 0, attempting up to 0 transactions this block    
2026-08-10T05:32:18.802267Z  WARN ThreadId(20) hotstuff_runner::app: Node 2 view(4847) far exceeds block count (1211); potential sync issue    
2026-08-10T05:32:18.882379Z  WARN ThreadId(20) hotstuff_runner::app: Node 2 [produce_block] queue size: 0, attempting up to 0 transactions this block    
2026-08-10T05:32:18.888679Z  WARN ThreadId(20) hotstuff_runner::app: Node 2 view(4851) far exceeds block count (1212); potential sync issue    
2026-08-10T05:32:19.003832Z  WARN ThreadId(20) hotstuff_runner::app: Node 2 [produce_block] queue size: 0, attempting up to 0 transactions this block    
2026-08-10T05:32:19.004886Z  WARN ThreadId(20) hotstuff_runner::app: Node 2 view(4855) far exceeds block count (1213); potential sync issue    
2026-08-10T05:32:19.146394Z  WARN ThreadId(20) hotstuff_runner::app: Node 2 [produce_block] queue size: 0, attempting up to 0 transactions this block    
2026-08-10T05:32:19.148317Z  WARN ThreadId(20) hotstuff_runner::app: Node 2 view(4859) far exceeds block count (1214); potential sync issue    
2026-08-10T05:32:19.200471Z  WARN ThreadId(20) hotstuff_runner::app: Node 2 [produce_block] queue size: 0, attempting up to 0 transactions this block    
2026-08-10T05:32:19.204910Z  WARN ThreadId(20) hotstuff_runner::app: Node 2 view(4863) far exceeds block count (1215); potential sync issue    
2026-08-10T05:32:19.320487Z  WARN ThreadId(20) hotstuff_runner::app: Node 2 [produce_block] queue size: 0, attempting up to 0 transactions this block    
2026-08-10T05:32:19.322311Z  WARN ThreadId(20) hotstuff_runner::app: Node 2 view(4867) far exceeds block count (1216); potential sync issue    
2026-08-10T05:32:19.391532Z  WARN ThreadId(20) hotstuff_runner::app: Node 2 [produce_block] queue size: 0, attempting up to 0 transactions this block    
2026-08-10T05:32:19.392127Z  WARN ThreadId(20) hotstuff_runner::app: Node 2 view(4871) far exceeds block count (1217); potential sync issue    
2026-08-10T05:32:19.532817Z  WARN ThreadId(20) hotstuff_runner::app: Node 2 [produce_block] queue size: 0, attempting up to 0 transactions this block    
2026-08-10T05:32:19.543130Z  WARN ThreadId(20) hotstuff_runner::app: Node 2 view(4875) far exceeds block count (1218); potential sync issue    
2026-08-10T05:32:19.657716Z  WARN ThreadId(20) hotstuff_runner::app: Node 2 [produce_block] queue size: 0, attempting up to 0 transactions this block    
2026-08-10T05:32:19.660325Z  WARN ThreadId(20) hotstuff_runner::app: Node 2 view(4879) far exceeds block count (1219); potential sync issue    
2026-08-10T05:32:19.828516Z  WARN ThreadId(20) hotstuff_runner::app: Node 2 [produce_block] queue size: 0, attempting up to 0 transactions this block    
2026-08-10T05:32:19.829761Z  WARN ThreadId(20) hotstuff_runner::app: Node 2 view(4883) far exceeds block count (1220); potential sync issue    
2026-08-10T05:32:20.000626Z  WARN ThreadId(20) hotstuff_runner::app: Node 2 [produce_block] queue size: 0, attempting up to 0 transactions this block    
2026-08-10T05:32:20.001227Z  WARN ThreadId(20) hotstuff_runner::app: Node 2 view(4887) far exceeds block count (1221); potential sync issue    
2026-08-10T05:32:20.209050Z  WARN ThreadId(20) hotstuff_runner::app: Node 2 [produce_block] queue size: 0, attempting up to 0 transactions this block    
2026-08-10T05:32:20.212324Z  WARN ThreadId(20) hotstuff_runner::app: Node 2 view(4891) far exceeds block count (1222); potential sync issue    
2026-08-10T05:32:20.361333Z  WARN ThreadId(20) hotstuff_runner::app: Node 2 [produce_block] queue size: 0, attempting up to 0 transactions this block    
2026-08-10T05:32:20.375619Z  WARN ThreadId(20) hotstuff_runner::app: Node 2 view(4895) far exceeds block count (1223); potential sync issue    
2026-08-10T05:32:20.505297Z  WARN ThreadId(20) hotstuff_runner::app: Node 2 [produce_block] queue size: 0, attempting up to 0 transactions this block    
2026-08-10T05:32:20.505410Z  WARN ThreadId(20) hotstuff_runner::app: Node 2 view(4899) far exceeds block count (1224); potential sync issue    
2026-08-10T05:32:20.773058Z  WARN ThreadId(20) hotstuff_runner::app: Node 2 [produce_block] queue size: 0, attempting up to 0 transactions this block    
2026-08-10T05:32:20.775345Z  WARN ThreadId(20) hotstuff_runner::app: Node 2 view(4903) far exceeds block count (1225); potential sync issue    
2026-08-10T05:32:20.844933Z  WARN ThreadId(20) hotstuff_runner::app: Node 2 [produce_block] queue size: 0, attempting up to 0 transactions this block    
2026-08-10T05:32:20.845381Z  WARN ThreadId(20) hotstuff_runner::app: Node 2 view(4907) far exceeds block count (1226); potential sync issue    
2026-08-10T05:32:20.938809Z  WARN ThreadId(20) hotstuff_runner::app: Node 2 [produce_block] queue size: 0, attempting up to 0 transactions this block    
2026-08-10T05:32:20.943345Z  WARN ThreadId(20) hotstuff_runner::app: Node 2 view(4911) far exceeds block count (1227); potential sync issue    
2026-08-10T05:32:21.061528Z  WARN ThreadId(20) hotstuff_runner::app: Node 2 [produce_block] queue size: 0, attempting up to 0 transactions this block    
2026-08-10T05:32:21.062260Z  WARN ThreadId(20) hotstuff_runner::app: Node 2 view(4915) far exceeds block count (1228); potential sync issue    
2026-08-10T05:32:21.123027Z  WARN ThreadId(20) hotstuff_runner::app: Node 2 [produce_block] queue size: 0, attempting up to 0 transactions this block    
2026-08-10T05:32:21.123642Z  WARN ThreadId(20) hotstuff_runner::app: Node 2 view(4919) far exceeds block count (1229); potential sync issue    
2026-08-10T05:32:21.192950Z  WARN ThreadId(20) hotstuff_runner::app: Node 2 [produce_block] queue size: 0, attempting up to 0 transactions this block    
2026-08-10T05:32:21.193139Z  WARN ThreadId(20) hotstuff_runner::app: Node 2 view(4923) far exceeds block count (1230); potential sync issue    
2026-08-10T05:32:21.428471Z  WARN ThreadId(20) hotstuff_runner::app: Node 2 [produce_block] queue size: 0, attempting up to 0 transactions this block    
2026-08-10T05:32:21.430948Z  WARN ThreadId(20) hotstuff_runner::app: Node 2 view(4927) far exceeds block count (1231); potential sync issue    
2026-08-10T05:32:21.624348Z  WARN ThreadId(20) hotstuff_runner::app: Node 2 [produce_block] queue size: 0, attempting up to 0 transactions this block    
2026-08-10T05:32:21.625868Z  WARN ThreadId(20) hotstuff_runner::app: Node 2 view(4931) far exceeds block count (1232); potential sync issue    
2026-08-10T05:32:21.768925Z  WARN ThreadId(20) hotstuff_runner::app: Node 2 [produce_block] queue size: 0, attempting up to 0 transactions this block    
2026-08-10T05:32:21.771590Z  WARN ThreadId(20) hotstuff_runner::app: Node 2 view(4935) far exceeds block count (1233); potential sync issue    
2026-08-10T05:32:21.873750Z  WARN ThreadId(20) hotstuff_runner::app: Node 2 [produce_block] queue size: 0, attempting up to 0 transactions this block    
2026-08-10T05:32:21.873852Z  WARN ThreadId(20) hotstuff_runner::app: Node 2 view(4939) far exceeds block count (1234); potential sync issue    
2026-08-10T05:32:21.899718Z  WARN ThreadId(02) docker_node: Low processing efficiency: 0.0% - system may need tuning
2026-08-10T05:32:21.899998Z  WARN ThreadId(02) docker_node:   Connection reuse ineffective (2.0 msg/conn)
2026-08-10T05:32:21.958221Z  WARN ThreadId(20) hotstuff_runner::app: Node 2 [produce_block] queue size: 0, attempting up to 0 transactions this block    
2026-08-10T05:32:21.958382Z  WARN ThreadId(20) hotstuff_runner::app: Node 2 view(4943) far exceeds block count (1235); potential sync issue    
2026-08-10T05:32:22.050117Z  WARN ThreadId(20) hotstuff_runner::app: Node 2 [produce_block] queue size: 0, attempting up to 0 transactions this block    
2026-08-10T05:32:22.053546Z  WARN ThreadId(20) hotstuff_runner::app: Node 2 view(4947) far exceeds block count (1236); potential sync issue    
2026-08-10T05:32:22.244714Z  WARN ThreadId(20) hotstuff_runner::app: Node 2 [produce_block] queue size: 0, attempting up to 0 transactions this block    
2026-08-10T05:32:22.244907Z  WARN ThreadId(20) hotstuff_runner::app: Node 2 view(4951) far exceeds block count (1237); potential sync issue    
2026-08-10T05:32:22.314342Z  WARN ThreadId(20) hotstuff_runner::app: Node 2 [produce_block] queue size: 0, attempting up to 0 transactions this block    
2026-08-10T05:32:22.316453Z  WARN ThreadId(20) hotstuff_runner::app: Node 2 view(4955) far exceeds block count (1238); potential sync issue    
2026-08-10T05:32:22.497785Z  WARN ThreadId(20) hotstuff_runner::app: Node 2 [produce_block] queue size: 0, attempting up to 0 transactions this block    
2026-08-10T05:32:22.501269Z  WARN ThreadId(20) hotstuff_runner::app: Node 2 view(4959) far exceeds block count (1239); potential sync issue    
2026-08-10T05:32:22.585235Z  WARN ThreadId(20) hotstuff_runner::app: Node 2 [produce_block] queue size: 0, attempting up to 0 transactions this block    
2026-08-10T05:32:22.585530Z  WARN ThreadId(20) hotstuff_runner::app: Node 2 view(4963) far exceeds block count (1240); potential sync issue    
2026-08-10T05:32:22.691564Z  WARN ThreadId(20) hotstuff_runner::app: Node 2 [produce_block] queue size: 0, attempting up to 0 transactions this block    
2026-08-10T05:32:22.693352Z  WARN ThreadId(20) hotstuff_runner::app: Node 2 view(4967) far exceeds block count (1241); potential sync issue    
2026-08-10T05:32:22.771129Z  WARN ThreadId(20) hotstuff_runner::app: Node 2 [produce_block] queue size: 0, attempting up to 0 transactions this block    
2026-08-10T05:32:22.771340Z  WARN ThreadId(20) hotstuff_runner::app: Node 2 view(4971) far exceeds block count (1242); potential sync issue    
2026-08-10T05:32:22.828394Z  WARN ThreadId(20) hotstuff_runner::app: Node 2 [produce_block] queue size: 0, attempting up to 0 transactions this block    
2026-08-10T05:32:22.828635Z  WARN ThreadId(20) hotstuff_runner::app: Node 2 view(4975) far exceeds block count (1243); potential sync issue    
2026-08-10T05:32:22.879214Z  WARN ThreadId(20) hotstuff_runner::app: Node 2 [produce_block] queue size: 0, attempting up to 0 transactions this block    
2026-08-10T05:32:22.880125Z  WARN ThreadId(20) hotstuff_runner::app: Node 2 view(4979) far exceeds block count (1244); potential sync issue    
2026-08-10T05:32:22.971546Z  WARN ThreadId(20) hotstuff_runner::app: Node 2 [produce_block] queue size: 0, attempting up to 0 transactions this block    
2026-08-10T05:32:22.975558Z  WARN ThreadId(20) hotstuff_runner::app: Node 2 view(4983) far exceeds block count (1245); potential sync issue    
2026-08-10T05:32:23.101345Z  WARN ThreadId(20) hotstuff_runner::app: Node 2 [produce_block] queue size: 0, attempting up to 0 transactions this block    
2026-08-10T05:32:23.101600Z  WARN ThreadId(20) hotstuff_runner::app: Node 2 view(4987) far exceeds block count (1246); potential sync issue    
2026-08-10T05:32:23.203558Z  WARN ThreadId(20) hotstuff_runner::app: Node 2 [produce_block] queue size: 0, attempting up to 0 transactions this block    
2026-08-10T05:32:23.212681Z  WARN ThreadId(20) hotstuff_runner::app: Node 2 view(4991) far exceeds block count (1247); potential sync issue    
2026-08-10T05:32:23.300832Z  WARN ThreadId(20) hotstuff_runner::app: Node 2 [produce_block] queue size: 0, attempting up to 0 transactions this block    
2026-08-10T05:32:23.304510Z  WARN ThreadId(20) hotstuff_runner::app: Node 2 view(4995) far exceeds block count (1248); potential sync issue    
2026-08-10T05:32:23.405930Z  WARN ThreadId(20) hotstuff_runner::app: Node 2 [produce_block] queue size: 0, attempting up to 0 transactions this block    
2026-08-10T05:32:23.406072Z  WARN ThreadId(20) hotstuff_runner::app: Node 2 view(4999) far exceeds block count (1249); potential sync issue    
2026-08-10T05:32:23.506263Z  WARN ThreadId(20) hotstuff_runner::app: Node 2 [produce_block] queue size: 0, attempting up to 0 transactions this block    
2026-08-10T05:32:23.512078Z  WARN ThreadId(20) hotstuff_runner::app: Node 2 view(5003) far exceeds block count (1250); potential sync issue    
2026-08-10T05:32:23.644824Z  WARN ThreadId(20) hotstuff_runner::app: Node 2 [produce_block] queue size: 0, attempting up to 0 transactions this block    
2026-08-10T05:32:23.645081Z  WARN ThreadId(20) hotstuff_runner::app: Node 2 view(5007) far exceeds block count (1251); potential sync issue    
2026-08-10T05:32:23.738631Z  WARN ThreadId(20) hotstuff_runner::app: Node 2 [produce_block] queue size: 0, attempting up to 0 transactions this block    
2026-08-10T05:32:23.738736Z  WARN ThreadId(20) hotstuff_runner::app: Node 2 view(5011) far exceeds block count (1252); potential sync issue    
2026-08-10T05:32:23.903293Z  WARN ThreadId(20) hotstuff_runner::app: Node 2 [produce_block] queue size: 0, attempting up to 0 transactions this block    
2026-08-10T05:32:23.904350Z  WARN ThreadId(20) hotstuff_runner::app: Node 2 view(5015) far exceeds block count (1253); potential sync issue    
2026-08-10T05:32:24.067092Z  WARN ThreadId(20) hotstuff_runner::app: Node 2 [produce_block] queue size: 0, attempting up to 0 transactions this block    
2026-08-10T05:32:24.074588Z  WARN ThreadId(20) hotstuff_runner::app: Node 2 view(5019) far exceeds block count (1254); potential sync issue    
2026-08-10T05:32:24.199989Z  WARN ThreadId(20) hotstuff_runner::app: Node 2 [produce_block] queue size: 0, attempting up to 0 transactions this block    
2026-08-10T05:32:24.201315Z  WARN ThreadId(20) hotstuff_runner::app: Node 2 view(5023) far exceeds block count (1255); potential sync issue    
2026-08-10T05:32:24.305349Z  WARN ThreadId(20) hotstuff_runner::app: Node 2 [produce_block] queue size: 0, attempting up to 0 transactions this block    
2026-08-10T05:32:24.308329Z  WARN ThreadId(20) hotstuff_runner::app: Node 2 view(5027) far exceeds block count (1256); potential sync issue    
2026-08-10T05:32:24.428375Z  WARN ThreadId(20) hotstuff_runner::app: Node 2 [produce_block] queue size: 0, attempting up to 0 transactions this block    
2026-08-10T05:32:24.429358Z  WARN ThreadId(20) hotstuff_runner::app: Node 2 view(5031) far exceeds block count (1257); potential sync issue    
2026-08-10T05:32:24.498038Z  WARN ThreadId(20) hotstuff_runner::app: Node 2 [produce_block] queue size: 0, attempting up to 0 transactions this block    
2026-08-10T05:32:24.499212Z  WARN ThreadId(20) hotstuff_runner::app: Node 2 view(5035) far exceeds block count (1258); potential sync issue    
2026-08-10T05:32:24.601205Z  WARN ThreadId(20) hotstuff_runner::app: Node 2 [produce_block] queue size: 0, attempting up to 0 transactions this block    
2026-08-10T05:32:24.602841Z  WARN ThreadId(20) hotstuff_runner::app: Node 2 view(5039) far exceeds block count (1259); potential sync issue    
2026-08-10T05:32:24.708259Z  WARN ThreadId(20) hotstuff_runner::app: Node 2 [produce_block] queue size: 0, attempting up to 0 transactions this block    
2026-08-10T05:32:24.712090Z  WARN ThreadId(20) hotstuff_runner::app: Node 2 view(5043) far exceeds block count (1260); potential sync issue    
2026-08-10T05:32:24.854658Z  WARN ThreadId(20) hotstuff_runner::app: Node 2 [produce_block] queue size: 0, attempting up to 0 transactions this block    
2026-08-10T05:32:24.857493Z  WARN ThreadId(20) hotstuff_runner::app: Node 2 view(5047) far exceeds block count (1261); potential sync issue    
2026-08-10T05:32:25.080638Z  WARN ThreadId(20) hotstuff_runner::app: Node 2 [produce_block] queue size: 0, attempting up to 0 transactions this block    
2026-08-10T05:32:25.094790Z  WARN ThreadId(20) hotstuff_runner::app: Node 2 view(5051) far exceeds block count (1262); potential sync issue    
2026-08-10T05:32:25.196852Z  WARN ThreadId(20) hotstuff_runner::app: Node 2 [produce_block] queue size: 0, attempting up to 0 transactions this block    
2026-08-10T05:32:25.198597Z  WARN ThreadId(20) hotstuff_runner::app: Node 2 view(5055) far exceeds block count (1263); potential sync issue    
2026-08-10T05:32:25.381838Z  WARN ThreadId(20) hotstuff_runner::app: Node 2 [produce_block] queue size: 0, attempting up to 0 transactions this block    
2026-08-10T05:32:25.390161Z  WARN ThreadId(20) hotstuff_runner::app: Node 2 view(5059) far exceeds block count (1264); potential sync issue    
2026-08-10T05:32:25.500995Z  WARN ThreadId(20) hotstuff_runner::app: Node 2 [produce_block] queue size: 0, attempting up to 0 transactions this block    
2026-08-10T05:32:25.501398Z  WARN ThreadId(20) hotstuff_runner::app: Node 2 view(5063) far exceeds block count (1265); potential sync issue    
2026-08-10T05:32:25.644438Z  WARN ThreadId(20) hotstuff_runner::app: Node 2 [produce_block] queue size: 0, attempting up to 0 transactions this block    
2026-08-10T05:32:25.645952Z  WARN ThreadId(20) hotstuff_runner::app: Node 2 view(5067) far exceeds block count (1266); potential sync issue    
2026-08-10T05:32:25.780004Z  WARN ThreadId(20) hotstuff_runner::app: Node 2 [produce_block] queue size: 0, attempting up to 0 transactions this block    
2026-08-10T05:32:25.816799Z  WARN ThreadId(20) hotstuff_runner::app: Node 2 view(5071) far exceeds block count (1267); potential sync issue    
2026-08-10T05:32:26.028260Z  WARN ThreadId(20) hotstuff_runner::app: Node 2 [produce_block] queue size: 0, attempting up to 0 transactions this block    
2026-08-10T05:32:26.044739Z  WARN ThreadId(20) hotstuff_runner::app: Node 2 view(5075) far exceeds block count (1268); potential sync issue    
2026-08-10T05:32:26.156988Z  WARN ThreadId(20) hotstuff_runner::app: Node 2 [produce_block] queue size: 0, attempting up to 0 transactions this block    
2026-08-10T05:32:26.158758Z  WARN ThreadId(20) hotstuff_runner::app: Node 2 view(5079) far exceeds block count (1269); potential sync issue    
2026-08-10T05:32:26.232068Z  WARN ThreadId(20) hotstuff_runner::app: Node 2 [produce_block] queue size: 0, attempting up to 0 transactions this block    
2026-08-10T05:32:26.234916Z  WARN ThreadId(20) hotstuff_runner::app: Node 2 view(5083) far exceeds block count (1270); potential sync issue    
2026-08-10T05:32:26.320848Z  WARN ThreadId(20) hotstuff_runner::app: Node 2 [produce_block] queue size: 0, attempting up to 0 transactions this block    
2026-08-10T05:32:26.321650Z  WARN ThreadId(20) hotstuff_runner::app: Node 2 view(5087) far exceeds block count (1271); potential sync issue    
2026-08-10T05:32:26.501261Z  WARN ThreadId(20) hotstuff_runner::app: Node 2 [produce_block] queue size: 0, attempting up to 0 transactions this block    
2026-08-10T05:32:26.507699Z  WARN ThreadId(20) hotstuff_runner::app: Node 2 view(5091) far exceeds block count (1272); potential sync issue    
2026-08-10T05:32:26.577421Z  WARN ThreadId(20) hotstuff_runner::app: Node 2 [produce_block] queue size: 0, attempting up to 0 transactions this block    
2026-08-10T05:32:26.577542Z  WARN ThreadId(20) hotstuff_runner::app: Node 2 view(5095) far exceeds block count (1273); potential sync issue    
2026-08-10T05:32:26.692870Z  WARN ThreadId(20) hotstuff_runner::app: Node 2 [produce_block] queue size: 0, attempting up to 0 transactions this block    
2026-08-10T05:32:26.694167Z  WARN ThreadId(20) hotstuff_runner::app: Node 2 view(5099) far exceeds block count (1274); potential sync issue    
2026-08-10T05:32:26.817264Z  WARN ThreadId(20) hotstuff_runner::app: Node 2 [produce_block] queue size: 0, attempting up to 0 transactions this block    
2026-08-10T05:32:26.818393Z  WARN ThreadId(20) hotstuff_runner::app: Node 2 view(5103) far exceeds block count (1275); potential sync issue    
2026-08-10T05:32:26.896379Z  WARN ThreadId(20) hotstuff_runner::app: Node 2 [produce_block] queue size: 0, attempting up to 0 transactions this block    
2026-08-10T05:32:26.896739Z  WARN ThreadId(20) hotstuff_runner::app: Node 2 view(5107) far exceeds block count (1276); potential sync issue    
2026-08-10T05:32:26.900601Z  WARN ThreadId(04) docker_node: Low processing efficiency: 0.0% - system may need tuning
2026-08-10T05:32:26.901027Z  WARN ThreadId(04) docker_node:   Connection reuse ineffective (2.0 msg/conn)
2026-08-10T05:32:26.973213Z  WARN ThreadId(20) hotstuff_runner::app: Node 2 [produce_block] queue size: 0, attempting up to 0 transactions this block    
2026-08-10T05:32:26.973567Z  WARN ThreadId(20) hotstuff_runner::app: Node 2 view(5111) far exceeds block count (1277); potential sync issue    
2026-08-10T05:32:27.068335Z  WARN ThreadId(20) hotstuff_runner::app: Node 2 [produce_block] queue size: 0, attempting up to 0 transactions this block    
2026-08-10T05:32:27.068580Z  WARN ThreadId(20) hotstuff_runner::app: Node 2 view(5115) far exceeds block count (1278); potential sync issue    
2026-08-10T05:32:27.123893Z  WARN ThreadId(20) hotstuff_runner::app: Node 2 [produce_block] queue size: 0, attempting up to 0 transactions this block    
2026-08-10T05:32:27.128009Z  WARN ThreadId(20) hotstuff_runner::app: Node 2 view(5119) far exceeds block count (1279); potential sync issue    
2026-08-10T05:32:27.225170Z  WARN ThreadId(20) hotstuff_runner::app: Node 2 [produce_block] queue size: 0, attempting up to 0 transactions this block    
2026-08-10T05:32:27.226966Z  WARN ThreadId(20) hotstuff_runner::app: Node 2 view(5123) far exceeds block count (1280); potential sync issue    
2026-08-10T05:32:27.307242Z  WARN ThreadId(20) hotstuff_runner::app: Node 2 [produce_block] queue size: 0, attempting up to 0 transactions this block    
2026-08-10T05:32:27.307842Z  WARN ThreadId(20) hotstuff_runner::app: Node 2 view(5127) far exceeds block count (1281); potential sync issue    
2026-08-10T05:32:27.366131Z  WARN ThreadId(20) hotstuff_runner::app: Node 2 [produce_block] queue size: 0, attempting up to 0 transactions this block    
2026-08-10T05:32:27.366299Z  WARN ThreadId(20) hotstuff_runner::app: Node 2 view(5131) far exceeds block count (1282); potential sync issue    
2026-08-10T05:32:27.436922Z  WARN ThreadId(20) hotstuff_runner::app: Node 2 [produce_block] queue size: 0, attempting up to 0 transactions this block    
2026-08-10T05:32:27.437559Z  WARN ThreadId(20) hotstuff_runner::app: Node 2 view(5135) far exceeds block count (1283); potential sync issue    
2026-08-10T05:32:27.496994Z  WARN ThreadId(20) hotstuff_runner::app: Node 2 [produce_block] queue size: 0, attempting up to 0 transactions this block    
2026-08-10T05:32:27.499603Z  WARN ThreadId(20) hotstuff_runner::app: Node 2 view(5139) far exceeds block count (1284); potential sync issue    
2026-08-10T05:32:27.552225Z  WARN ThreadId(20) hotstuff_runner::app: Node 2 [produce_block] queue size: 0, attempting up to 0 transactions this block    
2026-08-10T05:32:27.554278Z  WARN ThreadId(20) hotstuff_runner::app: Node 2 view(5143) far exceeds block count (1285); potential sync issue    
2026-08-10T05:32:27.712713Z  WARN ThreadId(20) hotstuff_runner::app: Node 2 [produce_block] queue size: 0, attempting up to 0 transactions this block    
2026-08-10T05:32:27.718457Z  WARN ThreadId(20) hotstuff_runner::app: Node 2 view(5147) far exceeds block count (1286); potential sync issue    
2026-08-10T05:32:27.793238Z  WARN ThreadId(20) hotstuff_runner::app: Node 2 [produce_block] queue size: 0, attempting up to 0 transactions this block    
2026-08-10T05:32:27.803521Z  WARN ThreadId(20) hotstuff_runner::app: Node 2 view(5151) far exceeds block count (1287); potential sync issue    
2026-08-10T05:32:27.989423Z  WARN ThreadId(20) hotstuff_runner::app: Node 2 [produce_block] queue size: 0, attempting up to 0 transactions this block    
2026-08-10T05:32:27.990392Z  WARN ThreadId(20) hotstuff_runner::app: Node 2 view(5155) far exceeds block count (1288); potential sync issue    
2026-08-10T05:32:28.136510Z  WARN ThreadId(20) hotstuff_runner::app: Node 2 [produce_block] queue size: 0, attempting up to 0 transactions this block    
2026-08-10T05:32:28.146310Z  WARN ThreadId(20) hotstuff_runner::app: Node 2 view(5159) far exceeds block count (1289); potential sync issue    
2026-08-10T05:32:28.302952Z  WARN ThreadId(20) hotstuff_runner::app: Node 2 [produce_block] queue size: 0, attempting up to 0 transactions this block    
2026-08-10T05:32:28.303146Z  WARN ThreadId(20) hotstuff_runner::app: Node 2 view(5163) far exceeds block count (1290); potential sync issue    
2026-08-10T05:32:28.441037Z  WARN ThreadId(20) hotstuff_runner::app: Node 2 [produce_block] queue size: 0, attempting up to 0 transactions this block    
2026-08-10T05:32:28.441753Z  WARN ThreadId(20) hotstuff_runner::app: Node 2 view(5167) far exceeds block count (1291); potential sync issue    
2026-08-10T05:32:28.546491Z  WARN ThreadId(20) hotstuff_runner::app: Node 2 [produce_block] queue size: 0, attempting up to 0 transactions this block    
2026-08-10T05:32:28.549886Z  WARN ThreadId(20) hotstuff_runner::app: Node 2 view(5171) far exceeds block count (1292); potential sync issue    
2026-08-10T05:32:28.686098Z  WARN ThreadId(20) hotstuff_runner::app: Node 2 [produce_block] queue size: 0, attempting up to 0 transactions this block    
2026-08-10T05:32:28.686303Z  WARN ThreadId(20) hotstuff_runner::app: Node 2 view(5175) far exceeds block count (1293); potential sync issue    
2026-08-10T05:32:28.861770Z  WARN ThreadId(20) hotstuff_runner::app: Node 2 [produce_block] queue size: 0, attempting up to 0 transactions this block    
2026-08-10T05:32:28.862118Z  WARN ThreadId(20) hotstuff_runner::app: Node 2 view(5179) far exceeds block count (1294); potential sync issue    
2026-08-10T05:32:29.028874Z  WARN ThreadId(20) hotstuff_runner::app: Node 2 [produce_block] queue size: 0, attempting up to 0 transactions this block    
2026-08-10T05:32:29.041443Z  WARN ThreadId(20) hotstuff_runner::app: Node 2 view(5183) far exceeds block count (1295); potential sync issue    
2026-08-10T05:32:29.361233Z  WARN ThreadId(20) hotstuff_runner::app: Node 2 [produce_block] queue size: 0, attempting up to 0 transactions this block    
2026-08-10T05:32:29.368091Z  WARN ThreadId(20) hotstuff_runner::app: Node 2 view(5187) far exceeds block count (1296); potential sync issue    
2026-08-10T05:32:29.475941Z  WARN ThreadId(20) hotstuff_runner::app: Node 2 [produce_block] queue size: 0, attempting up to 0 transactions this block    
2026-08-10T05:32:29.479562Z  WARN ThreadId(20) hotstuff_runner::app: Node 2 view(5191) far exceeds block count (1297); potential sync issue    
2026-08-10T05:32:29.677894Z  WARN ThreadId(20) hotstuff_runner::app: Node 2 [produce_block] queue size: 0, attempting up to 0 transactions this block    
2026-08-10T05:32:29.678346Z  WARN ThreadId(20) hotstuff_runner::app: Node 2 view(5195) far exceeds block count (1298); potential sync issue    
2026-08-10T05:32:29.821908Z  WARN ThreadId(20) hotstuff_runner::app: Node 2 [produce_block] queue size: 0, attempting up to 0 transactions this block    
2026-08-10T05:32:29.822637Z  WARN ThreadId(20) hotstuff_runner::app: Node 2 view(5199) far exceeds block count (1299); potential sync issue    
2026-08-10T05:32:29.978235Z  WARN ThreadId(20) hotstuff_runner::app: Node 2 [produce_block] queue size: 0, attempting up to 0 transactions this block    
2026-08-10T05:32:29.978353Z  WARN ThreadId(20) hotstuff_runner::app: Node 2 view(5203) far exceeds block count (1300); potential sync issue    
2026-08-10T05:32:30.079057Z  WARN ThreadId(20) hotstuff_runner::app: Node 2 [produce_block] queue size: 0, attempting up to 0 transactions this block    
2026-08-10T05:32:30.079420Z  WARN ThreadId(20) hotstuff_runner::app: Node 2 view(5207) far exceeds block count (1301); potential sync issue    
2026-08-10T05:32:30.142876Z  WARN ThreadId(20) hotstuff_runner::app: Node 2 [produce_block] queue size: 0, attempting up to 0 transactions this block    
2026-08-10T05:32:30.143207Z  WARN ThreadId(20) hotstuff_runner::app: Node 2 view(5211) far exceeds block count (1302); potential sync issue    
2026-08-10T05:32:30.335269Z  WARN ThreadId(20) hotstuff_runner::app: Node 2 [produce_block] queue size: 0, attempting up to 0 transactions this block    
2026-08-10T05:32:30.337819Z  WARN ThreadId(20) hotstuff_runner::app: Node 2 view(5215) far exceeds block count (1303); potential sync issue    
2026-08-10T05:32:30.455437Z  WARN ThreadId(20) hotstuff_runner::app: Node 2 [produce_block] queue size: 0, attempting up to 0 transactions this block    
2026-08-10T05:32:30.455621Z  WARN ThreadId(20) hotstuff_runner::app: Node 2 view(5219) far exceeds block count (1304); potential sync issue    
2026-08-10T05:32:30.529324Z  WARN ThreadId(20) hotstuff_runner::app: Node 2 [produce_block] queue size: 0, attempting up to 0 transactions this block    
2026-08-10T05:32:30.529717Z  WARN ThreadId(20) hotstuff_runner::app: Node 2 view(5223) far exceeds block count (1305); potential sync issue    
2026-08-10T05:32:30.658417Z  WARN ThreadId(20) hotstuff_runner::app: Node 2 [produce_block] queue size: 0, attempting up to 0 transactions this block    
2026-08-10T05:32:30.663593Z  WARN ThreadId(20) hotstuff_runner::app: Node 2 view(5227) far exceeds block count (1306); potential sync issue    
2026-08-10T05:32:30.735514Z  WARN ThreadId(20) hotstuff_runner::app: Node 2 [produce_block] queue size: 0, attempting up to 0 transactions this block    
2026-08-10T05:32:30.736652Z  WARN ThreadId(20) hotstuff_runner::app: Node 2 view(5231) far exceeds block count (1307); potential sync issue    
2026-08-10T05:32:30.806260Z  WARN ThreadId(20) hotstuff_runner::app: Node 2 [produce_block] queue size: 0, attempting up to 0 transactions this block    
2026-08-10T05:32:30.806501Z  WARN ThreadId(20) hotstuff_runner::app: Node 2 view(5235) far exceeds block count (1308); potential sync issue    
2026-08-10T05:32:30.896544Z  WARN ThreadId(20) hotstuff_runner::app: Node 2 [produce_block] queue size: 0, attempting up to 0 transactions this block    
2026-08-10T05:32:30.896775Z  WARN ThreadId(20) hotstuff_runner::app: Node 2 view(5239) far exceeds block count (1309); potential sync issue    
2026-08-10T05:32:31.124281Z  WARN ThreadId(20) hotstuff_runner::app: Node 2 [produce_block] queue size: 0, attempting up to 0 transactions this block    
2026-08-10T05:32:31.125280Z  WARN ThreadId(20) hotstuff_runner::app: Node 2 view(5243) far exceeds block count (1310); potential sync issue    
2026-08-10T05:32:31.266437Z  WARN ThreadId(20) hotstuff_runner::app: Node 2 [produce_block] queue size: 0, attempting up to 0 transactions this block    
2026-08-10T05:32:31.266762Z  WARN ThreadId(20) hotstuff_runner::app: Node 2 view(5247) far exceeds block count (1311); potential sync issue    
2026-08-10T05:32:31.344586Z  WARN ThreadId(20) hotstuff_runner::app: Node 2 [produce_block] queue size: 0, attempting up to 0 transactions this block    
2026-08-10T05:32:31.345432Z  WARN ThreadId(20) hotstuff_runner::app: Node 2 view(5251) far exceeds block count (1312); potential sync issue    
2026-08-10T05:32:31.466836Z  WARN ThreadId(20) hotstuff_runner::app: Node 2 [produce_block] queue size: 0, attempting up to 0 transactions this block    
2026-08-10T05:32:31.467048Z  WARN ThreadId(20) hotstuff_runner::app: Node 2 view(5255) far exceeds block count (1313); potential sync issue    
2026-08-10T05:32:31.536289Z  WARN ThreadId(20) hotstuff_runner::app: Node 2 [produce_block] queue size: 0, attempting up to 0 transactions this block    
2026-08-10T05:32:31.536521Z  WARN ThreadId(20) hotstuff_runner::app: Node 2 view(5259) far exceeds block count (1314); potential sync issue    
2026-08-10T05:32:31.634489Z  WARN ThreadId(20) hotstuff_runner::app: Node 2 [produce_block] queue size: 0, attempting up to 0 transactions this block    
2026-08-10T05:32:31.634606Z  WARN ThreadId(20) hotstuff_runner::app: Node 2 view(5263) far exceeds block count (1315); potential sync issue    
2026-08-10T05:32:31.696845Z  WARN ThreadId(20) hotstuff_runner::app: Node 2 [produce_block] queue size: 0, attempting up to 0 transactions this block    
2026-08-10T05:32:31.697729Z  WARN ThreadId(20) hotstuff_runner::app: Node 2 view(5267) far exceeds block count (1316); potential sync issue    
2026-08-10T05:32:31.767088Z  WARN ThreadId(20) hotstuff_runner::app: Node 2 [produce_block] queue size: 0, attempting up to 0 transactions this block    
2026-08-10T05:32:31.768101Z  WARN ThreadId(20) hotstuff_runner::app: Node 2 view(5271) far exceeds block count (1317); potential sync issue    
2026-08-10T05:32:31.899432Z  WARN ThreadId(02) docker_node: Low processing efficiency: 0.0% - system may need tuning
2026-08-10T05:32:31.900297Z  WARN ThreadId(02) docker_node:   Connection reuse ineffective (2.0 msg/conn)
2026-08-10T05:32:31.927260Z  WARN ThreadId(20) hotstuff_runner::app: Node 2 [produce_block] queue size: 0, attempting up to 0 transactions this block    
2026-08-10T05:32:31.927551Z  WARN ThreadId(20) hotstuff_runner::app: Node 2 view(5275) far exceeds block count (1318); potential sync issue    
2026-08-10T05:32:32.107992Z  WARN ThreadId(20) hotstuff_runner::app: Node 2 [produce_block] queue size: 0, attempting up to 0 transactions this block    
2026-08-10T05:32:32.108102Z  WARN ThreadId(20) hotstuff_runner::app: Node 2 view(5279) far exceeds block count (1319); potential sync issue    
2026-08-10T05:32:32.209962Z  WARN ThreadId(20) hotstuff_runner::app: Node 2 [produce_block] queue size: 0, attempting up to 0 transactions this block    
2026-08-10T05:32:32.210164Z  WARN ThreadId(20) hotstuff_runner::app: Node 2 view(5283) far exceeds block count (1320); potential sync issue    
2026-08-10T05:32:32.325105Z  WARN ThreadId(20) hotstuff_runner::app: Node 2 [produce_block] queue size: 0, attempting up to 0 transactions this block    
2026-08-10T05:32:32.325383Z  WARN ThreadId(20) hotstuff_runner::app: Node 2 view(5287) far exceeds block count (1321); potential sync issue    
2026-08-10T05:32:32.456953Z  WARN ThreadId(20) hotstuff_runner::app: Node 2 [produce_block] queue size: 0, attempting up to 0 transactions this block    
2026-08-10T05:32:32.457351Z  WARN ThreadId(20) hotstuff_runner::app: Node 2 view(5291) far exceeds block count (1322); potential sync issue    
2026-08-10T05:32:32.607384Z  WARN ThreadId(20) hotstuff_runner::app: Node 2 [produce_block] queue size: 0, attempting up to 0 transactions this block    
2026-08-10T05:32:32.607620Z  WARN ThreadId(20) hotstuff_runner::app: Node 2 view(5295) far exceeds block count (1323); potential sync issue    
2026-08-10T05:32:32.707002Z  WARN ThreadId(20) hotstuff_runner::app: Node 2 [produce_block] queue size: 0, attempting up to 0 transactions this block    
2026-08-10T05:32:32.708636Z  WARN ThreadId(20) hotstuff_runner::app: Node 2 view(5299) far exceeds block count (1324); potential sync issue    
2026-08-10T05:32:32.801765Z  WARN ThreadId(20) hotstuff_runner::app: Node 2 [produce_block] queue size: 0, attempting up to 0 transactions this block    
2026-08-10T05:32:32.802150Z  WARN ThreadId(20) hotstuff_runner::app: Node 2 view(5303) far exceeds block count (1325); potential sync issue    
2026-08-10T05:32:32.897606Z  WARN ThreadId(20) hotstuff_runner::app: Node 2 [produce_block] queue size: 0, attempting up to 0 transactions this block    
2026-08-10T05:32:32.899088Z  WARN ThreadId(20) hotstuff_runner::app: Node 2 view(5307) far exceeds block count (1326); potential sync issue    
2026-08-10T05:32:32.984043Z  WARN ThreadId(20) hotstuff_runner::app: Node 2 [produce_block] queue size: 0, attempting up to 0 transactions this block    
2026-08-10T05:32:32.986678Z  WARN ThreadId(20) hotstuff_runner::app: Node 2 view(5311) far exceeds block count (1327); potential sync issue    
2026-08-10T05:32:33.063299Z  WARN ThreadId(20) hotstuff_runner::app: Node 2 [produce_block] queue size: 0, attempting up to 0 transactions this block    
2026-08-10T05:32:33.063464Z  WARN ThreadId(20) hotstuff_runner::app: Node 2 view(5315) far exceeds block count (1328); potential sync issue    
2026-08-10T05:32:33.189401Z  WARN ThreadId(20) hotstuff_runner::app: Node 2 [produce_block] queue size: 0, attempting up to 0 transactions this block    
2026-08-10T05:32:33.191174Z  WARN ThreadId(20) hotstuff_runner::app: Node 2 view(5319) far exceeds block count (1329); potential sync issue    
2026-08-10T05:32:33.363448Z  WARN ThreadId(20) hotstuff_runner::app: Node 2 [produce_block] queue size: 0, attempting up to 0 transactions this block    
2026-08-10T05:32:33.377691Z  WARN ThreadId(20) hotstuff_runner::app: Node 2 view(5323) far exceeds block count (1330); potential sync issue    
2026-08-10T05:32:33.699811Z  WARN ThreadId(20) hotstuff_runner::app: Node 2 [produce_block] queue size: 0, attempting up to 0 transactions this block    
2026-08-10T05:32:33.699935Z  WARN ThreadId(20) hotstuff_runner::app: Node 2 view(5327) far exceeds block count (1331); potential sync issue    
2026-08-10T05:32:33.825807Z  WARN ThreadId(20) hotstuff_runner::app: Node 2 [produce_block] queue size: 0, attempting up to 0 transactions this block    
2026-08-10T05:32:33.826307Z  WARN ThreadId(20) hotstuff_runner::app: Node 2 view(5331) far exceeds block count (1332); potential sync issue    
2026-08-10T05:32:33.935935Z  WARN ThreadId(20) hotstuff_runner::app: Node 2 [produce_block] queue size: 0, attempting up to 0 transactions this block    
2026-08-10T05:32:33.953151Z  WARN ThreadId(20) hotstuff_runner::app: Node 2 view(5335) far exceeds block count (1333); potential sync issue    
2026-08-10T05:32:34.039603Z  WARN ThreadId(20) hotstuff_runner::app: Node 2 [produce_block] queue size: 0, attempting up to 0 transactions this block    
2026-08-10T05:32:34.041105Z  WARN ThreadId(20) hotstuff_runner::app: Node 2 view(5339) far exceeds block count (1334); potential sync issue    
2026-08-10T05:32:34.146055Z  WARN ThreadId(20) hotstuff_runner::app: Node 2 [produce_block] queue size: 0, attempting up to 0 transactions this block    
2026-08-10T05:32:34.146557Z  WARN ThreadId(20) hotstuff_runner::app: Node 2 view(5343) far exceeds block count (1335); potential sync issue    
2026-08-10T05:32:34.526540Z  WARN ThreadId(20) hotstuff_runner::app: Node 2 [produce_block] queue size: 0, attempting up to 0 transactions this block    
2026-08-10T05:32:34.527214Z  WARN ThreadId(20) hotstuff_runner::app: Node 2 view(5347) far exceeds block count (1336); potential sync issue    
2026-08-10T05:32:34.636943Z  WARN ThreadId(20) hotstuff_runner::app: Node 2 [produce_block] queue size: 0, attempting up to 0 transactions this block    
2026-08-10T05:32:34.638283Z  WARN ThreadId(20) hotstuff_runner::app: Node 2 view(5351) far exceeds block count (1337); potential sync issue    
2026-08-10T05:32:34.798147Z  WARN ThreadId(20) hotstuff_runner::app: Node 2 [produce_block] queue size: 0, attempting up to 0 transactions this block    
2026-08-10T05:32:34.807055Z  WARN ThreadId(20) hotstuff_runner::app: Node 2 view(5355) far exceeds block count (1338); potential sync issue    
2026-08-10T05:32:34.874211Z  WARN ThreadId(20) hotstuff_runner::app: Node 2 [produce_block] queue size: 0, attempting up to 0 transactions this block    
2026-08-10T05:32:34.874890Z  WARN ThreadId(20) hotstuff_runner::app: Node 2 view(5359) far exceeds block count (1339); potential sync issue    
2026-08-10T05:32:34.976194Z  WARN ThreadId(20) hotstuff_runner::app: Node 2 [produce_block] queue size: 0, attempting up to 0 transactions this block    
2026-08-10T05:32:34.976493Z  WARN ThreadId(20) hotstuff_runner::app: Node 2 view(5363) far exceeds block count (1340); potential sync issue    
2026-08-10T05:32:35.098523Z  WARN ThreadId(20) hotstuff_runner::app: Node 2 [produce_block] queue size: 0, attempting up to 0 transactions this block    
2026-08-10T05:32:35.099004Z  WARN ThreadId(20) hotstuff_runner::app: Node 2 view(5367) far exceeds block count (1341); potential sync issue    
2026-08-10T05:32:35.220664Z  WARN ThreadId(20) hotstuff_runner::app: Node 2 [produce_block] queue size: 0, attempting up to 0 transactions this block    
2026-08-10T05:32:35.220995Z  WARN ThreadId(20) hotstuff_runner::app: Node 2 view(5371) far exceeds block count (1342); potential sync issue    
2026-08-10T05:32:35.331956Z  WARN ThreadId(20) hotstuff_runner::app: Node 2 [produce_block] queue size: 0, attempting up to 0 transactions this block    
2026-08-10T05:32:35.332823Z  WARN ThreadId(20) hotstuff_runner::app: Node 2 view(5375) far exceeds block count (1343); potential sync issue    
2026-08-10T05:32:35.400289Z  WARN ThreadId(20) hotstuff_runner::app: Node 2 [produce_block] queue size: 0, attempting up to 0 transactions this block    
2026-08-10T05:32:35.400592Z  WARN ThreadId(20) hotstuff_runner::app: Node 2 view(5379) far exceeds block count (1344); potential sync issue    
2026-08-10T05:32:35.483126Z  WARN ThreadId(20) hotstuff_runner::app: Node 2 [produce_block] queue size: 0, attempting up to 0 transactions this block    
2026-08-10T05:32:35.483614Z  WARN ThreadId(20) hotstuff_runner::app: Node 2 view(5383) far exceeds block count (1345); potential sync issue    
2026-08-10T05:32:35.566797Z  WARN ThreadId(20) hotstuff_runner::app: Node 2 [produce_block] queue size: 0, attempting up to 0 transactions this block    
2026-08-10T05:32:35.567477Z  WARN ThreadId(20) hotstuff_runner::app: Node 2 view(5387) far exceeds block count (1346); potential sync issue    
2026-08-10T05:32:35.641896Z  WARN ThreadId(20) hotstuff_runner::app: Node 2 [produce_block] queue size: 0, attempting up to 0 transactions this block    
2026-08-10T05:32:35.647046Z  WARN ThreadId(20) hotstuff_runner::app: Node 2 view(5391) far exceeds block count (1347); potential sync issue    
2026-08-10T05:32:35.745263Z  WARN ThreadId(20) hotstuff_runner::app: Node 2 [produce_block] queue size: 0, attempting up to 0 transactions this block    
2026-08-10T05:32:35.750391Z  WARN ThreadId(20) hotstuff_runner::app: Node 2 view(5395) far exceeds block count (1348); potential sync issue    
2026-08-10T05:32:35.851643Z  WARN ThreadId(20) hotstuff_runner::app: Node 2 [produce_block] queue size: 0, attempting up to 0 transactions this block    
2026-08-10T05:32:35.854351Z  WARN ThreadId(20) hotstuff_runner::app: Node 2 view(5399) far exceeds block count (1349); potential sync issue    
2026-08-10T05:32:35.938172Z  WARN ThreadId(20) hotstuff_runner::app: Node 2 [produce_block] queue size: 0, attempting up to 0 transactions this block    
2026-08-10T05:32:35.938930Z  WARN ThreadId(20) hotstuff_runner::app: Node 2 view(5403) far exceeds block count (1350); potential sync issue    
2026-08-10T05:32:36.005088Z  WARN ThreadId(20) hotstuff_runner::app: Node 2 [produce_block] queue size: 0, attempting up to 0 transactions this block    
2026-08-10T05:32:36.007269Z  WARN ThreadId(20) hotstuff_runner::app: Node 2 view(5407) far exceeds block count (1351); potential sync issue    
2026-08-10T05:32:36.101737Z  WARN ThreadId(20) hotstuff_runner::app: Node 2 [produce_block] queue size: 0, attempting up to 0 transactions this block    
2026-08-10T05:32:36.101989Z  WARN ThreadId(20) hotstuff_runner::app: Node 2 view(5411) far exceeds block count (1352); potential sync issue    
2026-08-10T05:32:36.287948Z  WARN ThreadId(20) hotstuff_runner::app: Node 2 [produce_block] queue size: 0, attempting up to 0 transactions this block    
2026-08-10T05:32:36.290016Z  WARN ThreadId(20) hotstuff_runner::app: Node 2 view(5415) far exceeds block count (1353); potential sync issue    
2026-08-10T05:32:36.349361Z  WARN ThreadId(20) hotstuff_runner::app: Node 2 [produce_block] queue size: 0, attempting up to 0 transactions this block    
2026-08-10T05:32:36.349564Z  WARN ThreadId(20) hotstuff_runner::app: Node 2 view(5419) far exceeds block count (1354); potential sync issue    
2026-08-10T05:32:36.450557Z  WARN ThreadId(20) hotstuff_runner::app: Node 2 [produce_block] queue size: 0, attempting up to 0 transactions this block    
2026-08-10T05:32:36.450671Z  WARN ThreadId(20) hotstuff_runner::app: Node 2 view(5423) far exceeds block count (1355); potential sync issue    
2026-08-10T05:32:36.575536Z  WARN ThreadId(20) hotstuff_runner::app: Node 2 [produce_block] queue size: 0, attempting up to 0 transactions this block    
2026-08-10T05:32:36.578614Z  WARN ThreadId(20) hotstuff_runner::app: Node 2 view(5427) far exceeds block count (1356); potential sync issue    
2026-08-10T05:32:36.685405Z  WARN ThreadId(20) hotstuff_runner::app: Node 2 [produce_block] queue size: 0, attempting up to 0 transactions this block    
2026-08-10T05:32:36.685914Z  WARN ThreadId(20) hotstuff_runner::app: Node 2 view(5431) far exceeds block count (1357); potential sync issue    
2026-08-10T05:32:36.811487Z  WARN ThreadId(20) hotstuff_runner::app: Node 2 [produce_block] queue size: 0, attempting up to 0 transactions this block    
2026-08-10T05:32:36.811882Z  WARN ThreadId(20) hotstuff_runner::app: Node 2 view(5435) far exceeds block count (1358); potential sync issue    
2026-08-10T05:32:36.900318Z  WARN ThreadId(04) docker_node: Low processing efficiency: 0.0% - system may need tuning
2026-08-10T05:32:36.901695Z  WARN ThreadId(04) docker_node:   Connection reuse ineffective (2.0 msg/conn)
2026-08-10T05:32:36.909505Z  WARN ThreadId(20) hotstuff_runner::app: Node 2 [produce_block] queue size: 0, attempting up to 0 transactions this block    
2026-08-10T05:32:36.909757Z  WARN ThreadId(20) hotstuff_runner::app: Node 2 view(5439) far exceeds block count (1359); potential sync issue    
2026-08-10T05:32:37.017605Z  WARN ThreadId(20) hotstuff_runner::app: Node 2 [produce_block] queue size: 0, attempting up to 0 transactions this block    
2026-08-10T05:32:37.024834Z  WARN ThreadId(20) hotstuff_runner::app: Node 2 view(5443) far exceeds block count (1360); potential sync issue    
2026-08-10T05:32:37.204588Z  WARN ThreadId(20) hotstuff_runner::app: Node 2 [produce_block] queue size: 0, attempting up to 0 transactions this block    
2026-08-10T05:32:37.205596Z  WARN ThreadId(20) hotstuff_runner::app: Node 2 view(5447) far exceeds block count (1361); potential sync issue    
2026-08-10T05:32:37.336747Z  WARN ThreadId(20) hotstuff_runner::app: Node 2 [produce_block] queue size: 0, attempting up to 0 transactions this block    
2026-08-10T05:32:37.364961Z  WARN ThreadId(20) hotstuff_runner::app: Node 2 view(5451) far exceeds block count (1362); potential sync issue    
2026-08-10T05:32:37.481612Z  WARN ThreadId(20) hotstuff_runner::app: Node 2 [produce_block] queue size: 0, attempting up to 0 transactions this block    
2026-08-10T05:32:37.489287Z  WARN ThreadId(20) hotstuff_runner::app: Node 2 view(5455) far exceeds block count (1363); potential sync issue    
2026-08-10T05:32:37.644926Z  WARN ThreadId(20) hotstuff_runner::app: Node 2 [produce_block] queue size: 0, attempting up to 0 transactions this block    
2026-08-10T05:32:37.645407Z  WARN ThreadId(20) hotstuff_runner::app: Node 2 view(5459) far exceeds block count (1364); potential sync issue    
2026-08-10T05:32:37.744297Z  WARN ThreadId(20) hotstuff_runner::app: Node 2 [produce_block] queue size: 0, attempting up to 0 transactions this block    
2026-08-10T05:32:37.744808Z  WARN ThreadId(20) hotstuff_runner::app: Node 2 view(5463) far exceeds block count (1365); potential sync issue    
2026-08-10T05:32:37.924763Z  WARN ThreadId(20) hotstuff_runner::app: Node 2 [produce_block] queue size: 0, attempting up to 0 transactions this block    
2026-08-10T05:32:37.925698Z  WARN ThreadId(20) hotstuff_runner::app: Node 2 view(5467) far exceeds block count (1366); potential sync issue    
2026-08-10T05:32:37.992959Z  WARN ThreadId(20) hotstuff_runner::app: Node 2 [produce_block] queue size: 0, attempting up to 0 transactions this block    
2026-08-10T05:32:38.002263Z  WARN ThreadId(20) hotstuff_runner::app: Node 2 view(5471) far exceeds block count (1367); potential sync issue    
2026-08-10T05:32:38.124123Z  WARN ThreadId(20) hotstuff_runner::app: Node 2 [produce_block] queue size: 0, attempting up to 0 transactions this block    
2026-08-10T05:32:38.124444Z  WARN ThreadId(20) hotstuff_runner::app: Node 2 view(5475) far exceeds block count (1368); potential sync issue    
2026-08-10T05:32:38.176467Z  WARN ThreadId(20) hotstuff_runner::app: Node 2 [produce_block] queue size: 0, attempting up to 0 transactions this block    
2026-08-10T05:32:38.176721Z  WARN ThreadId(20) hotstuff_runner::app: Node 2 view(5479) far exceeds block count (1369); potential sync issue    
2026-08-10T05:32:38.281551Z  WARN ThreadId(20) hotstuff_runner::app: Node 2 [produce_block] queue size: 0, attempting up to 0 transactions this block    
2026-08-10T05:32:38.282017Z  WARN ThreadId(20) hotstuff_runner::app: Node 2 view(5483) far exceeds block count (1370); potential sync issue    
2026-08-10T05:32:38.356662Z  WARN ThreadId(20) hotstuff_runner::app: Node 2 [produce_block] queue size: 0, attempting up to 0 transactions this block    
2026-08-10T05:32:38.358035Z  WARN ThreadId(20) hotstuff_runner::app: Node 2 view(5487) far exceeds block count (1371); potential sync issue    
2026-08-10T05:32:38.424010Z  WARN ThreadId(20) hotstuff_runner::app: Node 2 [produce_block] queue size: 0, attempting up to 0 transactions this block    
2026-08-10T05:32:38.424894Z  WARN ThreadId(20) hotstuff_runner::app: Node 2 view(5491) far exceeds block count (1372); potential sync issue    
2026-08-10T05:32:38.515280Z  WARN ThreadId(20) hotstuff_runner::app: Node 2 [produce_block] queue size: 0, attempting up to 0 transactions this block    
2026-08-10T05:32:38.516076Z  WARN ThreadId(20) hotstuff_runner::app: Node 2 view(5495) far exceeds block count (1373); potential sync issue    
2026-08-10T05:32:38.610899Z  WARN ThreadId(20) hotstuff_runner::app: Node 2 [produce_block] queue size: 0, attempting up to 0 transactions this block    
2026-08-10T05:32:38.611045Z  WARN ThreadId(20) hotstuff_runner::app: Node 2 view(5499) far exceeds block count (1374); potential sync issue    
2026-08-10T05:32:38.711736Z  WARN ThreadId(20) hotstuff_runner::app: Node 2 [produce_block] queue size: 0, attempting up to 0 transactions this block    
2026-08-10T05:32:38.726029Z  WARN ThreadId(20) hotstuff_runner::app: Node 2 view(5503) far exceeds block count (1375); potential sync issue    
2026-08-10T05:32:38.822070Z  WARN ThreadId(20) hotstuff_runner::app: Node 2 [produce_block] queue size: 0, attempting up to 0 transactions this block    
2026-08-10T05:32:38.822546Z  WARN ThreadId(20) hotstuff_runner::app: Node 2 view(5507) far exceeds block count (1376); potential sync issue    
2026-08-10T05:32:38.916135Z  WARN ThreadId(20) hotstuff_runner::app: Node 2 [produce_block] queue size: 0, attempting up to 0 transactions this block    
2026-08-10T05:32:38.916567Z  WARN ThreadId(20) hotstuff_runner::app: Node 2 view(5511) far exceeds block count (1377); potential sync issue    
2026-08-10T05:32:38.972288Z  WARN ThreadId(20) hotstuff_runner::app: Node 2 [produce_block] queue size: 0, attempting up to 0 transactions this block    
2026-08-10T05:32:38.973510Z  WARN ThreadId(20) hotstuff_runner::app: Node 2 view(5515) far exceeds block count (1378); potential sync issue    
2026-08-10T05:32:39.042388Z  WARN ThreadId(20) hotstuff_runner::app: Node 2 [produce_block] queue size: 0, attempting up to 0 transactions this block    
2026-08-10T05:32:39.048958Z  WARN ThreadId(20) hotstuff_runner::app: Node 2 view(5519) far exceeds block count (1379); potential sync issue    
2026-08-10T05:32:39.154094Z  WARN ThreadId(20) hotstuff_runner::app: Node 2 [produce_block] queue size: 0, attempting up to 0 transactions this block    
2026-08-10T05:32:39.158936Z  WARN ThreadId(20) hotstuff_runner::app: Node 2 view(5523) far exceeds block count (1380); potential sync issue    
2026-08-10T05:32:39.323298Z  WARN ThreadId(20) hotstuff_runner::app: Node 2 [produce_block] queue size: 0, attempting up to 0 transactions this block    
2026-08-10T05:32:39.323813Z  WARN ThreadId(20) hotstuff_runner::app: Node 2 view(5527) far exceeds block count (1381); potential sync issue    
2026-08-10T05:32:39.452019Z  WARN ThreadId(20) hotstuff_runner::app: Node 2 [produce_block] queue size: 0, attempting up to 0 transactions this block    
2026-08-10T05:32:39.452177Z  WARN ThreadId(20) hotstuff_runner::app: Node 2 view(5531) far exceeds block count (1382); potential sync issue    
2026-08-10T05:32:39.600954Z  WARN ThreadId(20) hotstuff_runner::app: Node 2 [produce_block] queue size: 0, attempting up to 0 transactions this block    
2026-08-10T05:32:39.610320Z  WARN ThreadId(20) hotstuff_runner::app: Node 2 view(5535) far exceeds block count (1383); potential sync issue    
2026-08-10T05:32:39.748382Z  WARN ThreadId(20) hotstuff_runner::app: Node 2 [produce_block] queue size: 0, attempting up to 0 transactions this block    
2026-08-10T05:32:39.768454Z  WARN ThreadId(20) hotstuff_runner::app: Node 2 view(5539) far exceeds block count (1384); potential sync issue    
2026-08-10T05:32:39.899209Z  WARN ThreadId(20) hotstuff_runner::app: Node 2 [produce_block] queue size: 0, attempting up to 0 transactions this block    
2026-08-10T05:32:39.899586Z  WARN ThreadId(20) hotstuff_runner::app: Node 2 view(5543) far exceeds block count (1385); potential sync issue    
2026-08-10T05:32:40.031573Z  WARN ThreadId(20) hotstuff_runner::app: Node 2 [produce_block] queue size: 0, attempting up to 0 transactions this block    
2026-08-10T05:32:40.036284Z  WARN ThreadId(20) hotstuff_runner::app: Node 2 view(5547) far exceeds block count (1386); potential sync issue    
2026-08-10T05:32:40.139264Z  WARN ThreadId(20) hotstuff_runner::app: Node 2 [produce_block] queue size: 0, attempting up to 0 transactions this block    
2026-08-10T05:32:40.139355Z  WARN ThreadId(20) hotstuff_runner::app: Node 2 view(5551) far exceeds block count (1387); potential sync issue    
2026-08-10T05:32:40.239815Z  WARN ThreadId(20) hotstuff_runner::app: Node 2 [produce_block] queue size: 0, attempting up to 0 transactions this block    
2026-08-10T05:32:40.245869Z  WARN ThreadId(20) hotstuff_runner::app: Node 2 view(5555) far exceeds block count (1388); potential sync issue    
2026-08-10T05:32:40.374532Z  WARN ThreadId(20) hotstuff_runner::app: Node 2 [produce_block] queue size: 0, attempting up to 0 transactions this block    
2026-08-10T05:32:40.374721Z  WARN ThreadId(20) hotstuff_runner::app: Node 2 view(5559) far exceeds block count (1389); potential sync issue    
2026-08-10T05:32:40.517753Z  WARN ThreadId(20) hotstuff_runner::app: Node 2 [produce_block] queue size: 0, attempting up to 0 transactions this block    
2026-08-10T05:32:40.520675Z  WARN ThreadId(20) hotstuff_runner::app: Node 2 view(5563) far exceeds block count (1390); potential sync issue    
2026-08-10T05:32:40.639218Z  WARN ThreadId(20) hotstuff_runner::app: Node 2 [produce_block] queue size: 0, attempting up to 0 transactions this block    
2026-08-10T05:32:40.639486Z  WARN ThreadId(20) hotstuff_runner::app: Node 2 view(5567) far exceeds block count (1391); potential sync issue    
2026-08-10T05:32:40.758393Z  WARN ThreadId(20) hotstuff_runner::app: Node 2 [produce_block] queue size: 0, attempting up to 0 transactions this block    
2026-08-10T05:32:40.766333Z  WARN ThreadId(20) hotstuff_runner::app: Node 2 view(5571) far exceeds block count (1392); potential sync issue    
2026-08-10T05:32:40.884634Z  WARN ThreadId(20) hotstuff_runner::app: Node 2 [produce_block] queue size: 0, attempting up to 0 transactions this block    
2026-08-10T05:32:40.884936Z  WARN ThreadId(20) hotstuff_runner::app: Node 2 view(5575) far exceeds block count (1393); potential sync issue    
2026-08-10T05:32:41.022597Z  WARN ThreadId(20) hotstuff_runner::app: Node 2 [produce_block] queue size: 0, attempting up to 0 transactions this block    
2026-08-10T05:32:41.022977Z  WARN ThreadId(20) hotstuff_runner::app: Node 2 view(5579) far exceeds block count (1394); potential sync issue    
2026-08-10T05:32:41.138713Z  WARN ThreadId(20) hotstuff_runner::app: Node 2 [produce_block] queue size: 0, attempting up to 0 transactions this block    
2026-08-10T05:32:41.138918Z  WARN ThreadId(20) hotstuff_runner::app: Node 2 view(5583) far exceeds block count (1395); potential sync issue    
2026-08-10T05:32:41.239273Z  WARN ThreadId(20) hotstuff_runner::app: Node 2 [produce_block] queue size: 0, attempting up to 0 transactions this block    
2026-08-10T05:32:41.248730Z  WARN ThreadId(20) hotstuff_runner::app: Node 2 view(5587) far exceeds block count (1396); potential sync issue    
2026-08-10T05:32:41.350622Z  WARN ThreadId(20) hotstuff_runner::app: Node 2 [produce_block] queue size: 0, attempting up to 0 transactions this block    
2026-08-10T05:32:41.356074Z  WARN ThreadId(20) hotstuff_runner::app: Node 2 view(5591) far exceeds block count (1397); potential sync issue    
2026-08-10T05:32:41.422401Z  WARN ThreadId(20) hotstuff_runner::app: Node 2 [produce_block] queue size: 0, attempting up to 0 transactions this block    
2026-08-10T05:32:41.422647Z  WARN ThreadId(20) hotstuff_runner::app: Node 2 view(5595) far exceeds block count (1398); potential sync issue    
2026-08-10T05:32:41.439991Z  WARN ThreadId(26) hotstuff_runner::smrol::network: ⚠️ [Check] Writer 2 -> 0 slow write: 5.707709ms
2026-08-10T05:32:41.489959Z  WARN ThreadId(20) hotstuff_runner::app: Node 2 [produce_block] queue size: 0, attempting up to 0 transactions this block    
2026-08-10T05:32:41.491586Z  WARN ThreadId(20) hotstuff_runner::app: Node 2 view(5599) far exceeds block count (1399); potential sync issue    
2026-08-10T05:32:41.549751Z  WARN ThreadId(20) hotstuff_runner::app: Node 2 [produce_block] queue size: 0, attempting up to 0 transactions this block    
2026-08-10T05:32:41.550062Z  WARN ThreadId(20) hotstuff_runner::app: Node 2 view(5603) far exceeds block count (1400); potential sync issue    
2026-08-10T05:32:41.652961Z  WARN ThreadId(20) hotstuff_runner::app: Node 2 [produce_block] queue size: 0, attempting up to 0 transactions this block    
2026-08-10T05:32:41.657207Z  WARN ThreadId(20) hotstuff_runner::app: Node 2 view(5607) far exceeds block count (1401); potential sync issue    
2026-08-10T05:32:41.773371Z  WARN ThreadId(20) hotstuff_runner::app: Node 2 [produce_block] queue size: 0, attempting up to 0 transactions this block    
2026-08-10T05:32:41.773979Z  WARN ThreadId(20) hotstuff_runner::app: Node 2 view(5611) far exceeds block count (1402); potential sync issue    
2026-08-10T05:32:41.858892Z  WARN ThreadId(20) hotstuff_runner::app: Node 2 [produce_block] queue size: 0, attempting up to 0 transactions this block    
2026-08-10T05:32:41.859096Z  WARN ThreadId(20) hotstuff_runner::app: Node 2 view(5615) far exceeds block count (1403); potential sync issue    
2026-08-10T05:32:41.902041Z  WARN ThreadId(02) docker_node: Low processing efficiency: 0.0% - system may need tuning
2026-08-10T05:32:41.904644Z  WARN ThreadId(02) docker_node:   Connection reuse ineffective (2.0 msg/conn)
2026-08-10T05:32:41.939496Z  WARN ThreadId(20) hotstuff_runner::app: Node 2 [produce_block] queue size: 0, attempting up to 0 transactions this block    
2026-08-10T05:32:41.942478Z  WARN ThreadId(20) hotstuff_runner::app: Node 2 view(5619) far exceeds block count (1404); potential sync issue    
2026-08-10T05:32:42.070506Z  WARN ThreadId(20) hotstuff_runner::app: Node 2 [produce_block] queue size: 0, attempting up to 0 transactions this block    
2026-08-10T05:32:42.073471Z  WARN ThreadId(20) hotstuff_runner::app: Node 2 view(5623) far exceeds block count (1405); potential sync issue    
2026-08-10T05:32:42.144202Z  WARN ThreadId(20) hotstuff_runner::app: Node 2 [produce_block] queue size: 0, attempting up to 0 transactions this block    
2026-08-10T05:32:42.144386Z  WARN ThreadId(20) hotstuff_runner::app: Node 2 view(5627) far exceeds block count (1406); potential sync issue    
2026-08-10T05:32:42.222676Z  WARN ThreadId(20) hotstuff_runner::app: Node 2 [produce_block] queue size: 0, attempting up to 0 transactions this block    
2026-08-10T05:32:42.223096Z  WARN ThreadId(20) hotstuff_runner::app: Node 2 view(5631) far exceeds block count (1407); potential sync issue    
2026-08-10T05:32:42.316588Z  WARN ThreadId(20) hotstuff_runner::app: Node 2 [produce_block] queue size: 0, attempting up to 0 transactions this block    
2026-08-10T05:32:42.318481Z  WARN ThreadId(20) hotstuff_runner::app: Node 2 view(5635) far exceeds block count (1408); potential sync issue    
2026-08-10T05:32:42.454979Z  WARN ThreadId(20) hotstuff_runner::app: Node 2 [produce_block] queue size: 0, attempting up to 0 transactions this block    
2026-08-10T05:32:42.455386Z  WARN ThreadId(20) hotstuff_runner::app: Node 2 view(5639) far exceeds block count (1409); potential sync issue    
2026-08-10T05:32:42.598730Z  WARN ThreadId(20) hotstuff_runner::app: Node 2 [produce_block] queue size: 0, attempting up to 0 transactions this block    
2026-08-10T05:32:42.609511Z  WARN ThreadId(20) hotstuff_runner::app: Node 2 view(5643) far exceeds block count (1410); potential sync issue    
2026-08-10T05:32:42.703464Z  WARN ThreadId(20) hotstuff_runner::app: Node 2 [produce_block] queue size: 0, attempting up to 0 transactions this block    
2026-08-10T05:32:42.703748Z  WARN ThreadId(20) hotstuff_runner::app: Node 2 view(5647) far exceeds block count (1411); potential sync issue    
2026-08-10T05:32:42.803026Z  WARN ThreadId(20) hotstuff_runner::app: Node 2 [produce_block] queue size: 0, attempting up to 0 transactions this block    
2026-08-10T05:32:42.804616Z  WARN ThreadId(20) hotstuff_runner::app: Node 2 view(5651) far exceeds block count (1412); potential sync issue    
2026-08-10T05:32:42.928159Z  WARN ThreadId(20) hotstuff_runner::app: Node 2 [produce_block] queue size: 0, attempting up to 0 transactions this block    
2026-08-10T05:32:42.929336Z  WARN ThreadId(20) hotstuff_runner::app: Node 2 view(5655) far exceeds block count (1413); potential sync issue    
2026-08-10T05:32:43.027059Z  WARN ThreadId(20) hotstuff_runner::app: Node 2 [produce_block] queue size: 0, attempting up to 0 transactions this block    
2026-08-10T05:32:43.027177Z  WARN ThreadId(20) hotstuff_runner::app: Node 2 view(5659) far exceeds block count (1414); potential sync issue    
2026-08-10T05:32:43.784424Z  WARN ThreadId(21) hotstuff_runner::tcp_node: Node 2 view 5661 timed out; latency may accumulate
2026-08-10T05:32:43.861109Z  WARN ThreadId(20) hotstuff_runner::app: Node 2 [produce_block] queue size: 0, attempting up to 0 transactions this block    
2026-08-10T05:32:43.861450Z  WARN ThreadId(20) hotstuff_runner::app: Node 2 view(5663) far exceeds block count (1415); potential sync issue    
2026-08-10T05:32:44.083938Z  WARN ThreadId(20) hotstuff_runner::app: Node 2 [produce_block] queue size: 0, attempting up to 0 transactions this block    
2026-08-10T05:32:44.085733Z  WARN ThreadId(20) hotstuff_runner::app: Node 2 view(5667) far exceeds block count (1416); potential sync issue    
2026-08-10T05:32:44.229498Z  WARN ThreadId(20) hotstuff_runner::app: Node 2 [produce_block] queue size: 0, attempting up to 0 transactions this block    
2026-08-10T05:32:44.232225Z  WARN ThreadId(20) hotstuff_runner::app: Node 2 view(5671) far exceeds block count (1417); potential sync issue    
2026-08-10T05:32:44.333710Z  WARN ThreadId(20) hotstuff_runner::app: Node 2 [produce_block] queue size: 0, attempting up to 0 transactions this block    
2026-08-10T05:32:44.333890Z  WARN ThreadId(20) hotstuff_runner::app: Node 2 view(5675) far exceeds block count (1418); potential sync issue    
2026-08-10T05:32:44.413952Z  WARN ThreadId(20) hotstuff_runner::app: Node 2 [produce_block] queue size: 0, attempting up to 0 transactions this block    
2026-08-10T05:32:44.421172Z  WARN ThreadId(20) hotstuff_runner::app: Node 2 view(5679) far exceeds block count (1419); potential sync issue    
2026-08-10T05:32:44.551548Z  WARN ThreadId(20) hotstuff_runner::app: Node 2 [produce_block] queue size: 0, attempting up to 0 transactions this block    
2026-08-10T05:32:44.552026Z  WARN ThreadId(20) hotstuff_runner::app: Node 2 view(5683) far exceeds block count (1420); potential sync issue    
2026-08-10T05:32:44.798735Z  WARN ThreadId(20) hotstuff_runner::app: Node 2 [produce_block] queue size: 0, attempting up to 0 transactions this block    
2026-08-10T05:32:44.799684Z  WARN ThreadId(20) hotstuff_runner::app: Node 2 view(5687) far exceeds block count (1421); potential sync issue    
2026-08-10T05:32:44.928580Z  WARN ThreadId(20) hotstuff_runner::app: Node 2 [produce_block] queue size: 0, attempting up to 0 transactions this block    
2026-08-10T05:32:44.975879Z  WARN ThreadId(20) hotstuff_runner::app: Node 2 view(5691) far exceeds block count (1422); potential sync issue    
2026-08-10T05:32:45.107930Z  WARN ThreadId(20) hotstuff_runner::app: Node 2 [produce_block] queue size: 0, attempting up to 0 transactions this block    
2026-08-10T05:32:45.109993Z  WARN ThreadId(20) hotstuff_runner::app: Node 2 view(5695) far exceeds block count (1423); potential sync issue    
2026-08-10T05:32:45.334620Z  WARN ThreadId(20) hotstuff_runner::app: Node 2 [produce_block] queue size: 0, attempting up to 0 transactions this block    
2026-08-10T05:32:45.334862Z  WARN ThreadId(20) hotstuff_runner::app: Node 2 view(5699) far exceeds block count (1424); potential sync issue    
2026-08-10T05:32:45.570233Z  WARN ThreadId(25) hotstuff_runner::smrol::network: ⚠️ [Check] Writer 2 -> 3 slow write: 9.895208ms
2026-08-10T05:32:45.853432Z  WARN ThreadId(20) hotstuff_runner::app: Node 2 [produce_block] queue size: 0, attempting up to 0 transactions this block    
2026-08-10T05:32:45.853549Z  WARN ThreadId(20) hotstuff_runner::app: Node 2 view(5703) far exceeds block count (1425); potential sync issue    
2026-08-10T05:32:46.035432Z  WARN ThreadId(20) hotstuff_runner::app: Node 2 [produce_block] queue size: 0, attempting up to 0 transactions this block    
2026-08-10T05:32:46.036771Z  WARN ThreadId(20) hotstuff_runner::app: Node 2 view(5707) far exceeds block count (1426); potential sync issue    
2026-08-10T05:32:46.208159Z  WARN ThreadId(20) hotstuff_runner::app: Node 2 [produce_block] queue size: 0, attempting up to 0 transactions this block    
2026-08-10T05:32:46.209393Z  WARN ThreadId(20) hotstuff_runner::app: Node 2 view(5711) far exceeds block count (1427); potential sync issue    
2026-08-10T05:32:46.397107Z  WARN ThreadId(20) hotstuff_runner::app: Node 2 [produce_block] queue size: 0, attempting up to 0 transactions this block    
2026-08-10T05:32:46.397839Z  WARN ThreadId(20) hotstuff_runner::app: Node 2 view(5715) far exceeds block count (1428); potential sync issue    
2026-08-10T05:32:46.787264Z  WARN ThreadId(20) hotstuff_runner::app: Node 2 [produce_block] queue size: 0, attempting up to 0 transactions this block    
2026-08-10T05:32:46.788501Z  WARN ThreadId(20) hotstuff_runner::app: Node 2 view(5719) far exceeds block count (1429); potential sync issue    
2026-08-10T05:32:46.902862Z  WARN ThreadId(08) docker_node: Low processing efficiency: 0.0% - system may need tuning
2026-08-10T05:32:46.903621Z  WARN ThreadId(08) docker_node:   Connection reuse ineffective (2.0 msg/conn)
2026-08-10T05:32:46.907971Z  WARN ThreadId(20) hotstuff_runner::app: Node 2 [produce_block] queue size: 0, attempting up to 0 transactions this block    
2026-08-10T05:32:46.915884Z  WARN ThreadId(20) hotstuff_runner::app: Node 2 view(5723) far exceeds block count (1430); potential sync issue    
2026-08-10T05:32:47.101890Z  WARN ThreadId(20) hotstuff_runner::app: Node 2 [produce_block] queue size: 0, attempting up to 0 transactions this block    
2026-08-10T05:32:47.102590Z  WARN ThreadId(20) hotstuff_runner::app: Node 2 view(5727) far exceeds block count (1431); potential sync issue    
2026-08-10T05:32:47.272598Z  WARN ThreadId(20) hotstuff_runner::app: Node 2 [produce_block] queue size: 0, attempting up to 0 transactions this block    
2026-08-10T05:32:47.275063Z  WARN ThreadId(20) hotstuff_runner::app: Node 2 view(5731) far exceeds block count (1432); potential sync issue    
2026-08-10T05:32:47.442153Z  WARN ThreadId(20) hotstuff_runner::app: Node 2 [produce_block] queue size: 0, attempting up to 0 transactions this block    
2026-08-10T05:32:47.442898Z  WARN ThreadId(20) hotstuff_runner::app: Node 2 view(5735) far exceeds block count (1433); potential sync issue    
2026-08-10T05:32:47.546513Z  WARN ThreadId(20) hotstuff_runner::app: Node 2 [produce_block] queue size: 0, attempting up to 0 transactions this block    
2026-08-10T05:32:47.550197Z  WARN ThreadId(20) hotstuff_runner::app: Node 2 view(5739) far exceeds block count (1434); potential sync issue    
2026-08-10T05:32:47.658982Z  WARN ThreadId(20) hotstuff_runner::app: Node 2 [produce_block] queue size: 0, attempting up to 0 transactions this block    
2026-08-10T05:32:47.661687Z  WARN ThreadId(20) hotstuff_runner::app: Node 2 view(5743) far exceeds block count (1435); potential sync issue    
2026-08-10T05:32:47.788169Z  WARN ThreadId(20) hotstuff_runner::app: Node 2 [produce_block] queue size: 0, attempting up to 0 transactions this block    
2026-08-10T05:32:47.788403Z  WARN ThreadId(20) hotstuff_runner::app: Node 2 view(5747) far exceeds block count (1436); potential sync issue    
2026-08-10T05:32:47.931157Z  WARN ThreadId(20) hotstuff_runner::app: Node 2 [produce_block] queue size: 0, attempting up to 0 transactions this block    
2026-08-10T05:32:47.932793Z  WARN ThreadId(20) hotstuff_runner::app: Node 2 view(5751) far exceeds block count (1437); potential sync issue    
2026-08-10T05:32:48.025140Z  WARN ThreadId(20) hotstuff_runner::app: Node 2 [produce_block] queue size: 0, attempting up to 0 transactions this block    
2026-08-10T05:32:48.028425Z  WARN ThreadId(20) hotstuff_runner::app: Node 2 view(5755) far exceeds block count (1438); potential sync issue    
2026-08-10T05:32:48.152874Z  WARN ThreadId(20) hotstuff_runner::app: Node 2 [produce_block] queue size: 0, attempting up to 0 transactions this block    
2026-08-10T05:32:48.153877Z  WARN ThreadId(20) hotstuff_runner::app: Node 2 view(5759) far exceeds block count (1439); potential sync issue    
2026-08-10T05:32:48.335905Z  WARN ThreadId(20) hotstuff_runner::app: Node 2 [produce_block] queue size: 0, attempting up to 0 transactions this block    
2026-08-10T05:32:48.340760Z  WARN ThreadId(20) hotstuff_runner::app: Node 2 view(5763) far exceeds block count (1440); potential sync issue    
2026-08-10T05:32:48.492026Z  WARN ThreadId(20) hotstuff_runner::app: Node 2 [produce_block] queue size: 0, attempting up to 0 transactions this block    
2026-08-10T05:32:48.492500Z  WARN ThreadId(20) hotstuff_runner::app: Node 2 view(5767) far exceeds block count (1441); potential sync issue    
2026-08-10T05:32:48.633367Z  WARN ThreadId(20) hotstuff_runner::app: Node 2 [produce_block] queue size: 0, attempting up to 0 transactions this block    
2026-08-10T05:32:48.633924Z  WARN ThreadId(20) hotstuff_runner::app: Node 2 view(5771) far exceeds block count (1442); potential sync issue    
2026-08-10T05:32:48.734428Z  WARN ThreadId(20) hotstuff_runner::app: Node 2 [produce_block] queue size: 0, attempting up to 0 transactions this block    
2026-08-10T05:32:48.736747Z  WARN ThreadId(20) hotstuff_runner::app: Node 2 view(5775) far exceeds block count (1443); potential sync issue    
2026-08-10T05:32:48.824201Z  WARN ThreadId(20) hotstuff_runner::app: Node 2 [produce_block] queue size: 0, attempting up to 0 transactions this block    
2026-08-10T05:32:48.828765Z  WARN ThreadId(20) hotstuff_runner::app: Node 2 view(5779) far exceeds block count (1444); potential sync issue    
2026-08-10T05:32:49.025218Z  WARN ThreadId(20) hotstuff_runner::app: Node 2 [produce_block] queue size: 0, attempting up to 0 transactions this block    
2026-08-10T05:32:49.025749Z  WARN ThreadId(20) hotstuff_runner::app: Node 2 view(5783) far exceeds block count (1445); potential sync issue    
2026-08-10T05:32:49.152724Z  WARN ThreadId(20) hotstuff_runner::app: Node 2 [produce_block] queue size: 0, attempting up to 0 transactions this block    
2026-08-10T05:32:49.154727Z  WARN ThreadId(20) hotstuff_runner::app: Node 2 view(5787) far exceeds block count (1446); potential sync issue    
2026-08-10T05:32:49.440835Z  WARN ThreadId(20) hotstuff_runner::app: Node 2 [produce_block] queue size: 0, attempting up to 0 transactions this block    
2026-08-10T05:32:49.443296Z  WARN ThreadId(20) hotstuff_runner::app: Node 2 view(5791) far exceeds block count (1447); potential sync issue    
2026-08-10T05:32:49.579744Z  WARN ThreadId(20) hotstuff_runner::app: Node 2 [produce_block] queue size: 0, attempting up to 0 transactions this block    
2026-08-10T05:32:49.582643Z  WARN ThreadId(20) hotstuff_runner::app: Node 2 view(5795) far exceeds block count (1448); potential sync issue    
2026-08-10T05:32:49.885336Z  WARN ThreadId(20) hotstuff_runner::app: Node 2 [produce_block] queue size: 0, attempting up to 0 transactions this block    
2026-08-10T05:32:49.899835Z  WARN ThreadId(20) hotstuff_runner::app: Node 2 view(5799) far exceeds block count (1449); potential sync issue    
2026-08-10T05:32:50.105145Z  WARN ThreadId(20) hotstuff_runner::app: Node 2 [produce_block] queue size: 0, attempting up to 0 transactions this block    
2026-08-10T05:32:50.105641Z  WARN ThreadId(20) hotstuff_runner::app: Node 2 view(5803) far exceeds block count (1450); potential sync issue    
2026-08-10T05:32:50.189081Z  WARN ThreadId(20) hotstuff_runner::app: Node 2 [produce_block] queue size: 0, attempting up to 0 transactions this block    
2026-08-10T05:32:50.189883Z  WARN ThreadId(20) hotstuff_runner::app: Node 2 view(5807) far exceeds block count (1451); potential sync issue    
2026-08-10T05:32:50.348720Z  WARN ThreadId(20) hotstuff_runner::app: Node 2 [produce_block] queue size: 0, attempting up to 0 transactions this block    
2026-08-10T05:32:50.349381Z  WARN ThreadId(20) hotstuff_runner::app: Node 2 view(5811) far exceeds block count (1452); potential sync issue    
2026-08-10T05:32:50.547041Z  WARN ThreadId(20) hotstuff_runner::app: Node 2 [produce_block] queue size: 0, attempting up to 0 transactions this block    
2026-08-10T05:32:50.548842Z  WARN ThreadId(20) hotstuff_runner::app: Node 2 view(5815) far exceeds block count (1453); potential sync issue    
2026-08-10T05:32:50.966054Z  WARN ThreadId(20) hotstuff_runner::app: Node 2 [produce_block] queue size: 0, attempting up to 0 transactions this block    
2026-08-10T05:32:50.966733Z  WARN ThreadId(20) hotstuff_runner::app: Node 2 view(5819) far exceeds block count (1454); potential sync issue    
2026-08-10T05:32:51.075277Z  WARN ThreadId(20) hotstuff_runner::app: Node 2 [produce_block] queue size: 0, attempting up to 0 transactions this block    
2026-08-10T05:32:51.076158Z  WARN ThreadId(20) hotstuff_runner::app: Node 2 view(5823) far exceeds block count (1455); potential sync issue    
2026-08-10T05:32:51.169256Z  WARN ThreadId(20) hotstuff_runner::app: Node 2 [produce_block] queue size: 0, attempting up to 0 transactions this block    
2026-08-10T05:32:51.173795Z  WARN ThreadId(20) hotstuff_runner::app: Node 2 view(5827) far exceeds block count (1456); potential sync issue    
2026-08-10T05:32:51.327174Z  WARN ThreadId(20) hotstuff_runner::app: Node 2 [produce_block] queue size: 0, attempting up to 0 transactions this block    
2026-08-10T05:32:51.327284Z  WARN ThreadId(20) hotstuff_runner::app: Node 2 view(5831) far exceeds block count (1457); potential sync issue    
2026-08-10T05:32:51.375517Z  WARN ThreadId(20) hotstuff_runner::app: Node 2 [produce_block] queue size: 0, attempting up to 0 transactions this block    
2026-08-10T05:32:51.383328Z  WARN ThreadId(20) hotstuff_runner::app: Node 2 view(5835) far exceeds block count (1458); potential sync issue    
2026-08-10T05:32:51.502170Z  WARN ThreadId(20) hotstuff_runner::app: Node 2 [produce_block] queue size: 0, attempting up to 0 transactions this block    
2026-08-10T05:32:51.503759Z  WARN ThreadId(20) hotstuff_runner::app: Node 2 view(5839) far exceeds block count (1459); potential sync issue    
2026-08-10T05:32:51.625797Z  WARN ThreadId(20) hotstuff_runner::app: Node 2 [produce_block] queue size: 0, attempting up to 0 transactions this block    
2026-08-10T05:32:51.631684Z  WARN ThreadId(20) hotstuff_runner::app: Node 2 view(5843) far exceeds block count (1460); potential sync issue    
2026-08-10T05:32:51.795851Z  WARN ThreadId(20) hotstuff_runner::app: Node 2 [produce_block] queue size: 0, attempting up to 0 transactions this block    
2026-08-10T05:32:51.796579Z  WARN ThreadId(20) hotstuff_runner::app: Node 2 view(5847) far exceeds block count (1461); potential sync issue    
2026-08-10T05:32:51.901741Z  WARN ThreadId(08) docker_node: Low processing efficiency: 0.0% - system may need tuning
2026-08-10T05:32:51.909135Z  WARN ThreadId(08) docker_node:   Connection reuse ineffective (2.0 msg/conn)
2026-08-10T05:32:51.933522Z  WARN ThreadId(20) hotstuff_runner::app: Node 2 [produce_block] queue size: 0, attempting up to 0 transactions this block    
2026-08-10T05:32:51.934674Z  WARN ThreadId(20) hotstuff_runner::app: Node 2 view(5851) far exceeds block count (1462); potential sync issue    
2026-08-10T05:32:52.051983Z  WARN ThreadId(20) hotstuff_runner::app: Node 2 [produce_block] queue size: 0, attempting up to 0 transactions this block    
2026-08-10T05:32:52.053110Z  WARN ThreadId(20) hotstuff_runner::app: Node 2 view(5855) far exceeds block count (1463); potential sync issue    
2026-08-10T05:32:52.160731Z  WARN ThreadId(20) hotstuff_runner::app: Node 2 [produce_block] queue size: 0, attempting up to 0 transactions this block    
2026-08-10T05:32:52.161730Z  WARN ThreadId(20) hotstuff_runner::app: Node 2 view(5859) far exceeds block count (1464); potential sync issue    
2026-08-10T05:32:52.369262Z  WARN ThreadId(20) hotstuff_runner::app: Node 2 [produce_block] queue size: 0, attempting up to 0 transactions this block    
2026-08-10T05:32:52.371792Z  WARN ThreadId(20) hotstuff_runner::app: Node 2 view(5863) far exceeds block count (1465); potential sync issue    
2026-08-10T05:32:52.473863Z  WARN ThreadId(20) hotstuff_runner::app: Node 2 [produce_block] queue size: 0, attempting up to 0 transactions this block    
2026-08-10T05:32:52.474158Z  WARN ThreadId(20) hotstuff_runner::app: Node 2 view(5867) far exceeds block count (1466); potential sync issue    
2026-08-10T05:32:52.674162Z  WARN ThreadId(20) hotstuff_runner::app: Node 2 [produce_block] queue size: 0, attempting up to 0 transactions this block    
2026-08-10T05:32:52.674344Z  WARN ThreadId(20) hotstuff_runner::app: Node 2 view(5871) far exceeds block count (1467); potential sync issue    
2026-08-10T05:32:52.766183Z  WARN ThreadId(20) hotstuff_runner::app: Node 2 [produce_block] queue size: 0, attempting up to 0 transactions this block    
2026-08-10T05:32:52.830275Z  WARN ThreadId(20) hotstuff_runner::app: Node 2 view(5875) far exceeds block count (1468); potential sync issue    
2026-08-10T05:32:52.934753Z  WARN ThreadId(20) hotstuff_runner::app: Node 2 [produce_block] queue size: 0, attempting up to 0 transactions this block    
2026-08-10T05:32:52.934885Z  WARN ThreadId(20) hotstuff_runner::app: Node 2 view(5879) far exceeds block count (1469); potential sync issue    
2026-08-10T05:32:53.002783Z  WARN ThreadId(20) hotstuff_runner::app: Node 2 [produce_block] queue size: 0, attempting up to 0 transactions this block    
2026-08-10T05:32:53.006908Z  WARN ThreadId(20) hotstuff_runner::app: Node 2 view(5883) far exceeds block count (1470); potential sync issue    
2026-08-10T05:32:53.206184Z  WARN ThreadId(20) hotstuff_runner::app: Node 2 [produce_block] queue size: 0, attempting up to 0 transactions this block    
2026-08-10T05:32:53.206431Z  WARN ThreadId(20) hotstuff_runner::app: Node 2 view(5887) far exceeds block count (1471); potential sync issue    
2026-08-10T05:32:53.567664Z  WARN ThreadId(20) hotstuff_runner::app: Node 2 [produce_block] queue size: 0, attempting up to 0 transactions this block    
2026-08-10T05:32:53.579685Z  WARN ThreadId(20) hotstuff_runner::app: Node 2 view(5891) far exceeds block count (1472); potential sync issue    
2026-08-10T05:32:53.694517Z  WARN ThreadId(20) hotstuff_runner::app: Node 2 [produce_block] queue size: 0, attempting up to 0 transactions this block    
2026-08-10T05:32:53.694692Z  WARN ThreadId(20) hotstuff_runner::app: Node 2 view(5895) far exceeds block count (1473); potential sync issue    
2026-08-10T05:32:53.845043Z  WARN ThreadId(20) hotstuff_runner::app: Node 2 [produce_block] queue size: 0, attempting up to 0 transactions this block    
2026-08-10T05:32:53.849833Z  WARN ThreadId(20) hotstuff_runner::app: Node 2 view(5899) far exceeds block count (1474); potential sync issue    
2026-08-10T05:32:54.027151Z  WARN ThreadId(20) hotstuff_runner::app: Node 2 [produce_block] queue size: 0, attempting up to 0 transactions this block    
2026-08-10T05:32:54.028958Z  WARN ThreadId(20) hotstuff_runner::app: Node 2 view(5903) far exceeds block count (1475); potential sync issue    
2026-08-10T05:32:54.263630Z  WARN ThreadId(20) hotstuff_runner::app: Node 2 [produce_block] queue size: 0, attempting up to 0 transactions this block    
2026-08-10T05:32:54.263773Z  WARN ThreadId(20) hotstuff_runner::app: Node 2 view(5907) far exceeds block count (1476); potential sync issue    
2026-08-10T05:32:54.418413Z  WARN ThreadId(20) hotstuff_runner::app: Node 2 [produce_block] queue size: 0, attempting up to 0 transactions this block    
2026-08-10T05:32:54.418792Z  WARN ThreadId(20) hotstuff_runner::app: Node 2 view(5911) far exceeds block count (1477); potential sync issue    
2026-08-10T05:32:54.496448Z  WARN ThreadId(20) hotstuff_runner::app: Node 2 [produce_block] queue size: 0, attempting up to 0 transactions this block    
2026-08-10T05:32:54.497060Z  WARN ThreadId(20) hotstuff_runner::app: Node 2 view(5915) far exceeds block count (1478); potential sync issue    
2026-08-10T05:32:54.624941Z  WARN ThreadId(20) hotstuff_runner::app: Node 2 [produce_block] queue size: 0, attempting up to 0 transactions this block    
2026-08-10T05:32:54.626315Z  WARN ThreadId(20) hotstuff_runner::app: Node 2 view(5919) far exceeds block count (1479); potential sync issue    
2026-08-10T05:32:54.714900Z  WARN ThreadId(20) hotstuff_runner::app: Node 2 [produce_block] queue size: 0, attempting up to 0 transactions this block    
2026-08-10T05:32:54.721628Z  WARN ThreadId(20) hotstuff_runner::app: Node 2 view(5923) far exceeds block count (1480); potential sync issue    
2026-08-10T05:32:54.924612Z  WARN ThreadId(20) hotstuff_runner::app: Node 2 [produce_block] queue size: 0, attempting up to 0 transactions this block    
2026-08-10T05:32:54.933296Z  WARN ThreadId(20) hotstuff_runner::app: Node 2 view(5927) far exceeds block count (1481); potential sync issue    
2026-08-10T05:32:55.022791Z  WARN ThreadId(20) hotstuff_runner::app: Node 2 [produce_block] queue size: 0, attempting up to 0 transactions this block    
2026-08-10T05:32:55.025267Z  WARN ThreadId(20) hotstuff_runner::app: Node 2 view(5931) far exceeds block count (1482); potential sync issue    
2026-08-10T05:32:55.260385Z  WARN ThreadId(20) hotstuff_runner::app: Node 2 [produce_block] queue size: 0, attempting up to 0 transactions this block    
2026-08-10T05:32:55.270636Z  WARN ThreadId(20) hotstuff_runner::app: Node 2 view(5935) far exceeds block count (1483); potential sync issue    
2026-08-10T05:32:55.381406Z  WARN ThreadId(20) hotstuff_runner::app: Node 2 [produce_block] queue size: 0, attempting up to 0 transactions this block    
2026-08-10T05:32:55.381653Z  WARN ThreadId(20) hotstuff_runner::app: Node 2 view(5939) far exceeds block count (1484); potential sync issue    
2026-08-10T05:32:55.519102Z  WARN ThreadId(20) hotstuff_runner::app: Node 2 [produce_block] queue size: 0, attempting up to 0 transactions this block    
2026-08-10T05:32:55.519232Z  WARN ThreadId(20) hotstuff_runner::app: Node 2 view(5943) far exceeds block count (1485); potential sync issue    
2026-08-10T05:32:55.699065Z  WARN ThreadId(20) hotstuff_runner::app: Node 2 [produce_block] queue size: 0, attempting up to 0 transactions this block    
2026-08-10T05:32:55.699303Z  WARN ThreadId(20) hotstuff_runner::app: Node 2 view(5947) far exceeds block count (1486); potential sync issue    
2026-08-10T05:32:55.797183Z  WARN ThreadId(20) hotstuff_runner::app: Node 2 [produce_block] queue size: 0, attempting up to 0 transactions this block    
2026-08-10T05:32:55.798035Z  WARN ThreadId(20) hotstuff_runner::app: Node 2 view(5951) far exceeds block count (1487); potential sync issue    
2026-08-10T05:32:55.924283Z  WARN ThreadId(20) hotstuff_runner::app: Node 2 [produce_block] queue size: 0, attempting up to 0 transactions this block    
2026-08-10T05:32:55.924450Z  WARN ThreadId(20) hotstuff_runner::app: Node 2 view(5955) far exceeds block count (1488); potential sync issue    
2026-08-10T05:32:56.063604Z  WARN ThreadId(20) hotstuff_runner::app: Node 2 [produce_block] queue size: 0, attempting up to 0 transactions this block    
2026-08-10T05:32:56.064604Z  WARN ThreadId(20) hotstuff_runner::app: Node 2 view(5959) far exceeds block count (1489); potential sync issue    
2026-08-10T05:32:56.195903Z  WARN ThreadId(20) hotstuff_runner::app: Node 2 [produce_block] queue size: 0, attempting up to 0 transactions this block    
2026-08-10T05:32:56.196901Z  WARN ThreadId(20) hotstuff_runner::app: Node 2 view(5963) far exceeds block count (1490); potential sync issue    
2026-08-10T05:32:56.321716Z  WARN ThreadId(20) hotstuff_runner::app: Node 2 [produce_block] queue size: 0, attempting up to 0 transactions this block    
2026-08-10T05:32:56.323851Z  WARN ThreadId(20) hotstuff_runner::app: Node 2 view(5967) far exceeds block count (1491); potential sync issue    
2026-08-10T05:32:56.450525Z  WARN ThreadId(20) hotstuff_runner::app: Node 2 [produce_block] queue size: 0, attempting up to 0 transactions this block    
2026-08-10T05:32:56.453863Z  WARN ThreadId(20) hotstuff_runner::app: Node 2 view(5971) far exceeds block count (1492); potential sync issue    
2026-08-10T05:32:56.571755Z  WARN ThreadId(20) hotstuff_runner::app: Node 2 [produce_block] queue size: 0, attempting up to 0 transactions this block    
2026-08-10T05:32:56.573923Z  WARN ThreadId(20) hotstuff_runner::app: Node 2 view(5975) far exceeds block count (1493); potential sync issue    
2026-08-10T05:32:56.691788Z  WARN ThreadId(20) hotstuff_runner::app: Node 2 [produce_block] queue size: 0, attempting up to 0 transactions this block    
2026-08-10T05:32:56.692938Z  WARN ThreadId(20) hotstuff_runner::app: Node 2 view(5979) far exceeds block count (1494); potential sync issue    
2026-08-10T05:32:56.834553Z  WARN ThreadId(20) hotstuff_runner::app: Node 2 [produce_block] queue size: 0, attempting up to 0 transactions this block    
2026-08-10T05:32:56.835841Z  WARN ThreadId(20) hotstuff_runner::app: Node 2 view(5983) far exceeds block count (1495); potential sync issue    
2026-08-10T05:32:56.902735Z  WARN ThreadId(04) docker_node: Low processing efficiency: 0.0% - system may need tuning
2026-08-10T05:32:56.902871Z  WARN ThreadId(04) docker_node:   Connection reuse ineffective (2.0 msg/conn)
2026-08-10T05:32:57.004841Z  WARN ThreadId(20) hotstuff_runner::app: Node 2 [produce_block] queue size: 0, attempting up to 0 transactions this block    
2026-08-10T05:32:57.007534Z  WARN ThreadId(20) hotstuff_runner::app: Node 2 view(5987) far exceeds block count (1496); potential sync issue    
2026-08-10T05:32:57.133486Z  WARN ThreadId(20) hotstuff_runner::app: Node 2 [produce_block] queue size: 0, attempting up to 0 transactions this block    
2026-08-10T05:32:57.133859Z  WARN ThreadId(20) hotstuff_runner::app: Node 2 view(5991) far exceeds block count (1497); potential sync issue    
2026-08-10T05:32:57.276774Z  WARN ThreadId(20) hotstuff_runner::app: Node 2 [produce_block] queue size: 0, attempting up to 0 transactions this block    
2026-08-10T05:32:57.277412Z  WARN ThreadId(20) hotstuff_runner::app: Node 2 view(5995) far exceeds block count (1498); potential sync issue    
2026-08-10T05:32:57.378479Z  WARN ThreadId(20) hotstuff_runner::app: Node 2 [produce_block] queue size: 0, attempting up to 0 transactions this block    
2026-08-10T05:32:57.378922Z  WARN ThreadId(20) hotstuff_runner::app: Node 2 view(5999) far exceeds block count (1499); potential sync issue    
2026-08-10T05:32:57.483731Z  WARN ThreadId(20) hotstuff_runner::app: Node 2 [produce_block] queue size: 0, attempting up to 0 transactions this block    
2026-08-10T05:32:57.488262Z  WARN ThreadId(20) hotstuff_runner::app: Node 2 view(6003) far exceeds block count (1500); potential sync issue    
2026-08-10T05:32:57.589525Z  WARN ThreadId(20) hotstuff_runner::app: Node 2 [produce_block] queue size: 0, attempting up to 0 transactions this block    
2026-08-10T05:32:57.590357Z  WARN ThreadId(20) hotstuff_runner::app: Node 2 view(6007) far exceeds block count (1501); potential sync issue    
2026-08-10T05:32:57.668363Z  WARN ThreadId(20) hotstuff_runner::app: Node 2 [produce_block] queue size: 0, attempting up to 0 transactions this block    
2026-08-10T05:32:57.668589Z  WARN ThreadId(20) hotstuff_runner::app: Node 2 view(6011) far exceeds block count (1502); potential sync issue    
2026-08-10T05:32:57.856520Z  WARN ThreadId(20) hotstuff_runner::app: Node 2 [produce_block] queue size: 0, attempting up to 0 transactions this block    
2026-08-10T05:32:57.858004Z  WARN ThreadId(20) hotstuff_runner::app: Node 2 view(6015) far exceeds block count (1503); potential sync issue    
2026-08-10T05:32:58.007283Z  WARN ThreadId(20) hotstuff_runner::app: Node 2 [produce_block] queue size: 0, attempting up to 0 transactions this block    
2026-08-10T05:32:58.007853Z  WARN ThreadId(20) hotstuff_runner::app: Node 2 view(6019) far exceeds block count (1504); potential sync issue    
2026-08-10T05:32:58.165469Z  WARN ThreadId(20) hotstuff_runner::app: Node 2 [produce_block] queue size: 0, attempting up to 0 transactions this block    
2026-08-10T05:32:58.166604Z  WARN ThreadId(20) hotstuff_runner::app: Node 2 view(6023) far exceeds block count (1505); potential sync issue    
2026-08-10T05:32:58.384203Z  WARN ThreadId(20) hotstuff_runner::app: Node 2 [produce_block] queue size: 0, attempting up to 0 transactions this block    
2026-08-10T05:32:58.385077Z  WARN ThreadId(20) hotstuff_runner::app: Node 2 view(6027) far exceeds block count (1506); potential sync issue    
2026-08-10T05:32:58.480408Z  WARN ThreadId(20) hotstuff_runner::app: Node 2 [produce_block] queue size: 0, attempting up to 0 transactions this block    
2026-08-10T05:32:58.480839Z  WARN ThreadId(20) hotstuff_runner::app: Node 2 view(6031) far exceeds block count (1507); potential sync issue    
2026-08-10T05:32:58.626711Z  WARN ThreadId(20) hotstuff_runner::app: Node 2 [produce_block] queue size: 0, attempting up to 0 transactions this block    
2026-08-10T05:32:58.627561Z  WARN ThreadId(20) hotstuff_runner::app: Node 2 view(6035) far exceeds block count (1508); potential sync issue    
2026-08-10T05:32:58.735615Z  WARN ThreadId(20) hotstuff_runner::app: Node 2 [produce_block] queue size: 0, attempting up to 0 transactions this block    
2026-08-10T05:32:58.738065Z  WARN ThreadId(20) hotstuff_runner::app: Node 2 view(6039) far exceeds block count (1509); potential sync issue    
2026-08-10T05:32:58.919624Z  WARN ThreadId(20) hotstuff_runner::app: Node 2 [produce_block] queue size: 0, attempting up to 0 transactions this block    
2026-08-10T05:32:58.921348Z  WARN ThreadId(20) hotstuff_runner::app: Node 2 view(6043) far exceeds block count (1510); potential sync issue    
2026-08-10T05:32:59.028655Z  WARN ThreadId(20) hotstuff_runner::app: Node 2 [produce_block] queue size: 0, attempting up to 0 transactions this block    
2026-08-10T05:32:59.029868Z  WARN ThreadId(20) hotstuff_runner::app: Node 2 view(6047) far exceeds block count (1511); potential sync issue    
2026-08-10T05:32:59.278295Z  WARN ThreadId(20) hotstuff_runner::app: Node 2 [produce_block] queue size: 0, attempting up to 0 transactions this block    
2026-08-10T05:32:59.278549Z  WARN ThreadId(20) hotstuff_runner::app: Node 2 view(6051) far exceeds block count (1512); potential sync issue    
2026-08-10T05:32:59.372445Z  WARN ThreadId(20) hotstuff_runner::app: Node 2 [produce_block] queue size: 0, attempting up to 0 transactions this block    
2026-08-10T05:32:59.374983Z  WARN ThreadId(20) hotstuff_runner::app: Node 2 view(6055) far exceeds block count (1513); potential sync issue    
2026-08-10T05:32:59.490793Z  WARN ThreadId(20) hotstuff_runner::app: Node 2 [produce_block] queue size: 0, attempting up to 0 transactions this block    
2026-08-10T05:32:59.491495Z  WARN ThreadId(20) hotstuff_runner::app: Node 2 view(6059) far exceeds block count (1514); potential sync issue    
2026-08-10T05:32:59.648941Z  WARN ThreadId(20) hotstuff_runner::app: Node 2 [produce_block] queue size: 0, attempting up to 0 transactions this block    
2026-08-10T05:32:59.649066Z  WARN ThreadId(20) hotstuff_runner::app: Node 2 view(6063) far exceeds block count (1515); potential sync issue    
2026-08-10T05:32:59.774736Z  WARN ThreadId(20) hotstuff_runner::app: Node 2 [produce_block] queue size: 0, attempting up to 0 transactions this block    
2026-08-10T05:32:59.786749Z  WARN ThreadId(20) hotstuff_runner::app: Node 2 view(6067) far exceeds block count (1516); potential sync issue    
2026-08-10T05:32:59.895016Z  WARN ThreadId(20) hotstuff_runner::app: Node 2 [produce_block] queue size: 0, attempting up to 0 transactions this block    
2026-08-10T05:32:59.895149Z  WARN ThreadId(20) hotstuff_runner::app: Node 2 view(6071) far exceeds block count (1517); potential sync issue    
2026-08-10T05:33:00.012275Z  WARN ThreadId(20) hotstuff_runner::app: Node 2 [produce_block] queue size: 0, attempting up to 0 transactions this block    
2026-08-10T05:33:00.012868Z  WARN ThreadId(20) hotstuff_runner::app: Node 2 view(6075) far exceeds block count (1518); potential sync issue    
2026-08-10T05:33:00.144020Z  WARN ThreadId(20) hotstuff_runner::app: Node 2 [produce_block] queue size: 0, attempting up to 0 transactions this block    
2026-08-10T05:33:00.144185Z  WARN ThreadId(20) hotstuff_runner::app: Node 2 view(6079) far exceeds block count (1519); potential sync issue    
2026-08-10T05:33:00.379115Z  WARN ThreadId(20) hotstuff_runner::app: Node 2 [produce_block] queue size: 0, attempting up to 0 transactions this block    
2026-08-10T05:33:00.379648Z  WARN ThreadId(20) hotstuff_runner::app: Node 2 view(6083) far exceeds block count (1520); potential sync issue    
2026-08-10T05:33:00.547802Z  WARN ThreadId(20) hotstuff_runner::app: Node 2 [produce_block] queue size: 0, attempting up to 0 transactions this block    
2026-08-10T05:33:00.551813Z  WARN ThreadId(20) hotstuff_runner::app: Node 2 view(6087) far exceeds block count (1521); potential sync issue    
2026-08-10T05:33:00.707720Z  WARN ThreadId(20) hotstuff_runner::app: Node 2 [produce_block] queue size: 0, attempting up to 0 transactions this block    
2026-08-10T05:33:00.707886Z  WARN ThreadId(20) hotstuff_runner::app: Node 2 view(6091) far exceeds block count (1522); potential sync issue    
2026-08-10T05:33:00.832755Z  WARN ThreadId(20) hotstuff_runner::app: Node 2 [produce_block] queue size: 0, attempting up to 0 transactions this block    
2026-08-10T05:33:00.836060Z  WARN ThreadId(20) hotstuff_runner::app: Node 2 view(6095) far exceeds block count (1523); potential sync issue    
2026-08-10T05:33:01.020605Z  WARN ThreadId(20) hotstuff_runner::app: Node 2 [produce_block] queue size: 0, attempting up to 0 transactions this block    
2026-08-10T05:33:01.022759Z  WARN ThreadId(20) hotstuff_runner::app: Node 2 view(6099) far exceeds block count (1524); potential sync issue    
2026-08-10T05:33:01.224899Z  WARN ThreadId(20) hotstuff_runner::app: Node 2 [produce_block] queue size: 0, attempting up to 0 transactions this block    
2026-08-10T05:33:01.228735Z  WARN ThreadId(20) hotstuff_runner::app: Node 2 view(6103) far exceeds block count (1525); potential sync issue    
2026-08-10T05:33:01.322819Z  WARN ThreadId(20) hotstuff_runner::app: Node 2 [produce_block] queue size: 0, attempting up to 0 transactions this block    
2026-08-10T05:33:01.326478Z  WARN ThreadId(20) hotstuff_runner::app: Node 2 view(6107) far exceeds block count (1526); potential sync issue    
2026-08-10T05:33:01.423793Z  WARN ThreadId(20) hotstuff_runner::app: Node 2 [produce_block] queue size: 0, attempting up to 0 transactions this block    
2026-08-10T05:33:01.427513Z  WARN ThreadId(20) hotstuff_runner::app: Node 2 view(6111) far exceeds block count (1527); potential sync issue    
2026-08-10T05:33:01.528916Z  WARN ThreadId(20) hotstuff_runner::app: Node 2 [produce_block] queue size: 0, attempting up to 0 transactions this block    
2026-08-10T05:33:01.529509Z  WARN ThreadId(20) hotstuff_runner::app: Node 2 view(6115) far exceeds block count (1528); potential sync issue    
2026-08-10T05:33:01.733340Z  WARN ThreadId(20) hotstuff_runner::app: Node 2 [produce_block] queue size: 0, attempting up to 0 transactions this block    
2026-08-10T05:33:01.733484Z  WARN ThreadId(20) hotstuff_runner::app: Node 2 view(6119) far exceeds block count (1529); potential sync issue    
2026-08-10T05:33:01.804234Z  WARN ThreadId(20) hotstuff_runner::app: Node 2 [produce_block] queue size: 0, attempting up to 0 transactions this block    
2026-08-10T05:33:01.805821Z  WARN ThreadId(20) hotstuff_runner::app: Node 2 view(6123) far exceeds block count (1530); potential sync issue    
2026-08-10T05:33:01.903815Z  WARN ThreadId(04) docker_node: Low processing efficiency: 0.0% - system may need tuning
2026-08-10T05:33:01.904016Z  WARN ThreadId(04) docker_node:   Connection reuse ineffective (2.0 msg/conn)
2026-08-10T05:33:01.907416Z  WARN ThreadId(20) hotstuff_runner::app: Node 2 [produce_block] queue size: 0, attempting up to 0 transactions this block    
2026-08-10T05:33:01.914400Z  WARN ThreadId(20) hotstuff_runner::app: Node 2 view(6127) far exceeds block count (1531); potential sync issue    
2026-08-10T05:33:02.058547Z  WARN ThreadId(20) hotstuff_runner::app: Node 2 [produce_block] queue size: 0, attempting up to 0 transactions this block    
2026-08-10T05:33:02.063561Z  WARN ThreadId(20) hotstuff_runner::app: Node 2 view(6131) far exceeds block count (1532); potential sync issue    
2026-08-10T05:33:02.112422Z  WARN ThreadId(20) hotstuff_runner::app: Node 2 [produce_block] queue size: 0, attempting up to 0 transactions this block    
2026-08-10T05:33:02.116151Z  WARN ThreadId(20) hotstuff_runner::app: Node 2 view(6135) far exceeds block count (1533); potential sync issue    
2026-08-10T05:33:02.265025Z  WARN ThreadId(20) hotstuff_runner::app: Node 2 [produce_block] queue size: 0, attempting up to 0 transactions this block    
2026-08-10T05:33:02.266037Z  WARN ThreadId(20) hotstuff_runner::app: Node 2 view(6139) far exceeds block count (1534); potential sync issue    
2026-08-10T05:33:02.456857Z  WARN ThreadId(20) hotstuff_runner::app: Node 2 [produce_block] queue size: 0, attempting up to 0 transactions this block    
2026-08-10T05:33:02.461364Z  WARN ThreadId(20) hotstuff_runner::app: Node 2 view(6143) far exceeds block count (1535); potential sync issue    
2026-08-10T05:33:02.602712Z  WARN ThreadId(20) hotstuff_runner::app: Node 2 [produce_block] queue size: 0, attempting up to 0 transactions this block    
2026-08-10T05:33:02.603466Z  WARN ThreadId(20) hotstuff_runner::app: Node 2 view(6147) far exceeds block count (1536); potential sync issue    
2026-08-10T05:33:02.691718Z  WARN ThreadId(20) hotstuff_runner::app: Node 2 [produce_block] queue size: 0, attempting up to 0 transactions this block    
2026-08-10T05:33:02.691847Z  WARN ThreadId(20) hotstuff_runner::app: Node 2 view(6151) far exceeds block count (1537); potential sync issue    
2026-08-10T05:33:02.791508Z  WARN ThreadId(20) hotstuff_runner::app: Node 2 [produce_block] queue size: 0, attempting up to 0 transactions this block    
2026-08-10T05:33:02.803470Z  WARN ThreadId(20) hotstuff_runner::app: Node 2 view(6155) far exceeds block count (1538); potential sync issue    
2026-08-10T05:33:02.893616Z  WARN ThreadId(20) hotstuff_runner::app: Node 2 [produce_block] queue size: 0, attempting up to 0 transactions this block    
2026-08-10T05:33:02.893882Z  WARN ThreadId(20) hotstuff_runner::app: Node 2 view(6159) far exceeds block count (1539); potential sync issue    
2026-08-10T05:33:03.053046Z  WARN ThreadId(20) hotstuff_runner::app: Node 2 [produce_block] queue size: 0, attempting up to 0 transactions this block    
2026-08-10T05:33:03.055225Z  WARN ThreadId(20) hotstuff_runner::app: Node 2 view(6163) far exceeds block count (1540); potential sync issue    
2026-08-10T05:33:03.226172Z  WARN ThreadId(20) hotstuff_runner::app: Node 2 [produce_block] queue size: 0, attempting up to 0 transactions this block    
2026-08-10T05:33:03.232792Z  WARN ThreadId(20) hotstuff_runner::app: Node 2 view(6167) far exceeds block count (1541); potential sync issue    
2026-08-10T05:33:03.315417Z  WARN ThreadId(20) hotstuff_runner::app: Node 2 [produce_block] queue size: 0, attempting up to 0 transactions this block    
2026-08-10T05:33:03.317566Z  WARN ThreadId(20) hotstuff_runner::app: Node 2 view(6171) far exceeds block count (1542); potential sync issue    
2026-08-10T05:33:03.457821Z  WARN ThreadId(20) hotstuff_runner::app: Node 2 [produce_block] queue size: 0, attempting up to 0 transactions this block    
2026-08-10T05:33:03.460564Z  WARN ThreadId(20) hotstuff_runner::app: Node 2 view(6175) far exceeds block count (1543); potential sync issue    
2026-08-10T05:33:03.584099Z  WARN ThreadId(20) hotstuff_runner::app: Node 2 [produce_block] queue size: 0, attempting up to 0 transactions this block    
2026-08-10T05:33:03.584343Z  WARN ThreadId(20) hotstuff_runner::app: Node 2 view(6179) far exceeds block count (1544); potential sync issue    
2026-08-10T05:33:03.684714Z  WARN ThreadId(20) hotstuff_runner::app: Node 2 [produce_block] queue size: 0, attempting up to 0 transactions this block    
2026-08-10T05:33:03.686933Z  WARN ThreadId(20) hotstuff_runner::app: Node 2 view(6183) far exceeds block count (1545); potential sync issue    
2026-08-10T05:33:03.835722Z  WARN ThreadId(20) hotstuff_runner::app: Node 2 [produce_block] queue size: 0, attempting up to 0 transactions this block    
2026-08-10T05:33:03.837256Z  WARN ThreadId(20) hotstuff_runner::app: Node 2 view(6187) far exceeds block count (1546); potential sync issue    
2026-08-10T05:33:04.085648Z  WARN ThreadId(20) hotstuff_runner::app: Node 2 [produce_block] queue size: 0, attempting up to 0 transactions this block    
2026-08-10T05:33:04.085890Z  WARN ThreadId(20) hotstuff_runner::app: Node 2 view(6191) far exceeds block count (1547); potential sync issue    
2026-08-10T05:33:04.180194Z  WARN ThreadId(20) hotstuff_runner::app: Node 2 [produce_block] queue size: 0, attempting up to 0 transactions this block    
2026-08-10T05:33:04.183329Z  WARN ThreadId(20) hotstuff_runner::app: Node 2 view(6195) far exceeds block count (1548); potential sync issue    
2026-08-10T05:33:04.364999Z  WARN ThreadId(20) hotstuff_runner::app: Node 2 [produce_block] queue size: 0, attempting up to 0 transactions this block    
2026-08-10T05:33:04.365236Z  WARN ThreadId(20) hotstuff_runner::app: Node 2 view(6199) far exceeds block count (1549); potential sync issue    
2026-08-10T05:33:04.524805Z  WARN ThreadId(20) hotstuff_runner::app: Node 2 [produce_block] queue size: 0, attempting up to 0 transactions this block    
2026-08-10T05:33:04.530340Z  WARN ThreadId(20) hotstuff_runner::app: Node 2 view(6203) far exceeds block count (1550); potential sync issue    
2026-08-10T05:33:04.689238Z  WARN ThreadId(20) hotstuff_runner::app: Node 2 [produce_block] queue size: 0, attempting up to 0 transactions this block    
2026-08-10T05:33:04.690603Z  WARN ThreadId(20) hotstuff_runner::app: Node 2 view(6207) far exceeds block count (1551); potential sync issue    
2026-08-10T05:33:04.960765Z  WARN ThreadId(20) hotstuff_runner::app: Node 2 [produce_block] queue size: 0, attempting up to 0 transactions this block    
2026-08-10T05:33:04.961175Z  WARN ThreadId(20) hotstuff_runner::app: Node 2 view(6211) far exceeds block count (1552); potential sync issue    
2026-08-10T05:33:05.095012Z  WARN ThreadId(20) hotstuff_runner::app: Node 2 [produce_block] queue size: 0, attempting up to 0 transactions this block    
2026-08-10T05:33:05.098779Z  WARN ThreadId(20) hotstuff_runner::app: Node 2 view(6215) far exceeds block count (1553); potential sync issue    
2026-08-10T05:33:05.277971Z  WARN ThreadId(20) hotstuff_runner::app: Node 2 [produce_block] queue size: 0, attempting up to 0 transactions this block    
2026-08-10T05:33:05.287767Z  WARN ThreadId(20) hotstuff_runner::app: Node 2 view(6219) far exceeds block count (1554); potential sync issue    
2026-08-10T05:33:05.413782Z  WARN ThreadId(20) hotstuff_runner::app: Node 2 [produce_block] queue size: 0, attempting up to 0 transactions this block    
2026-08-10T05:33:05.414778Z  WARN ThreadId(20) hotstuff_runner::app: Node 2 view(6223) far exceeds block count (1555); potential sync issue    
2026-08-10T05:33:05.550810Z  WARN ThreadId(20) hotstuff_runner::app: Node 2 [produce_block] queue size: 2, attempting up to 2 transactions this block    
2026-08-10T05:33:05.554999Z  WARN ThreadId(20) hotstuff_runner::app: Node 2 view(6227) far exceeds block count (1556); potential sync issue    
2026-08-10T05:33:05.703112Z  WARN ThreadId(20) hotstuff_runner::app: Node 2 [produce_block] queue size: 0, attempting up to 0 transactions this block    
2026-08-10T05:33:05.711233Z  WARN ThreadId(20) hotstuff_runner::app: Node 2 view(6231) far exceeds block count (1557); potential sync issue    
2026-08-10T05:33:05.873884Z  WARN ThreadId(20) hotstuff_runner::app: Node 2 [produce_block] queue size: 2, attempting up to 2 transactions this block    
2026-08-10T05:33:05.874870Z  WARN ThreadId(20) hotstuff_runner::app: Node 2 view(6235) far exceeds block count (1558); potential sync issue    
2026-08-10T05:33:05.959291Z  WARN ThreadId(20) hotstuff_runner::app: Node 2 [produce_block] queue size: 2, attempting up to 2 transactions this block    
2026-08-10T05:33:05.959527Z  WARN ThreadId(20) hotstuff_runner::app: Node 2 view(6239) far exceeds block count (1559); potential sync issue    
2026-08-10T05:33:06.085835Z  WARN ThreadId(20) hotstuff_runner::app: Node 2 [produce_block] queue size: 0, attempting up to 0 transactions this block    
2026-08-10T05:33:06.086243Z  WARN ThreadId(20) hotstuff_runner::app: Node 2 view(6243) far exceeds block count (1560); potential sync issue    
2026-08-10T05:33:06.233241Z  WARN ThreadId(20) hotstuff_runner::app: Node 2 [produce_block] queue size: 2, attempting up to 2 transactions this block    
2026-08-10T05:33:06.234187Z  WARN ThreadId(20) hotstuff_runner::app: Node 2 view(6247) far exceeds block count (1561); potential sync issue    
2026-08-10T05:33:06.415730Z  WARN ThreadId(20) hotstuff_runner::app: Node 2 [produce_block] queue size: 2, attempting up to 2 transactions this block    
2026-08-10T05:33:06.416425Z  WARN ThreadId(20) hotstuff_runner::app: Node 2 view(6251) far exceeds block count (1562); potential sync issue    
2026-08-10T05:33:06.648427Z  WARN ThreadId(20) hotstuff_runner::app: Node 2 [produce_block] queue size: 2, attempting up to 2 transactions this block    
2026-08-10T05:33:06.648943Z  WARN ThreadId(20) hotstuff_runner::app: Node 2 view(6255) far exceeds block count (1563); potential sync issue    
2026-08-10T05:33:06.808054Z  WARN ThreadId(20) hotstuff_runner::app: Node 2 [produce_block] queue size: 2, attempting up to 2 transactions this block    
2026-08-10T05:33:06.808298Z  WARN ThreadId(20) hotstuff_runner::app: Node 2 view(6259) far exceeds block count (1564); potential sync issue    
2026-08-10T05:33:06.875927Z  WARN ThreadId(20) hotstuff_runner::app: Node 2 [produce_block] queue size: 0, attempting up to 0 transactions this block    
2026-08-10T05:33:06.876447Z  WARN ThreadId(20) hotstuff_runner::app: Node 2 view(6263) far exceeds block count (1565); potential sync issue    
2026-08-10T05:33:06.902744Z  WARN ThreadId(08) docker_node: Low processing efficiency: 0.0% - system may need tuning
2026-08-10T05:33:06.902977Z  WARN ThreadId(08) docker_node:   Connection reuse ineffective (2.0 msg/conn)
2026-08-10T05:33:06.926357Z  WARN ThreadId(20) hotstuff_runner::app: Node 2 [produce_block] queue size: 0, attempting up to 0 transactions this block    
2026-08-10T05:33:06.926583Z  WARN ThreadId(20) hotstuff_runner::app: Node 2 view(6267) far exceeds block count (1566); potential sync issue    
2026-08-10T05:33:07.089027Z  WARN ThreadId(20) hotstuff_runner::app: Node 2 [produce_block] queue size: 2, attempting up to 2 transactions this block    
2026-08-10T05:33:07.089329Z  WARN ThreadId(20) hotstuff_runner::app: Node 2 view(6271) far exceeds block count (1567); potential sync issue    
2026-08-10T05:33:07.263476Z  WARN ThreadId(20) hotstuff_runner::app: Node 2 [produce_block] queue size: 2, attempting up to 2 transactions this block    
2026-08-10T05:33:07.264114Z  WARN ThreadId(20) hotstuff_runner::app: Node 2 view(6275) far exceeds block count (1568); potential sync issue    
2026-08-10T05:33:07.380718Z  WARN ThreadId(20) hotstuff_runner::app: Node 2 [produce_block] queue size: 2, attempting up to 2 transactions this block    
2026-08-10T05:33:07.381772Z  WARN ThreadId(20) hotstuff_runner::app: Node 2 view(6279) far exceeds block count (1569); potential sync issue    
2026-08-10T05:33:07.679727Z  WARN ThreadId(20) hotstuff_runner::app: Node 2 [produce_block] queue size: 2, attempting up to 2 transactions this block    
2026-08-10T05:33:07.691941Z  WARN ThreadId(20) hotstuff_runner::app: Node 2 view(6283) far exceeds block count (1570); potential sync issue    
2026-08-10T05:33:08.178010Z  WARN ThreadId(21) hotstuff_runner::tcp_node: Node 2 view 6283 timed out; latency may accumulate
2026-08-10T05:33:08.595502Z  WARN ThreadId(26) hotstuff_runner::smrol::network: ⚠️ [Check] Writer 2 -> 1 slow write: 7.363042ms
2026-08-10T05:33:08.597749Z  WARN ThreadId(25) hotstuff_runner::smrol::network: ⚠️ [Check] Writer 2 -> 3 slow write: 9.967792ms
2026-08-10T05:33:08.623719Z  WARN ThreadId(20) hotstuff_runner::app: Node 2 [produce_block] queue size: 6, attempting up to 6 transactions this block    
2026-08-10T05:33:08.626920Z  WARN ThreadId(20) hotstuff_runner::app: Node 2 view(6287) far exceeds block count (1571); potential sync issue    
2026-08-10T05:33:08.812693Z  WARN ThreadId(25) hotstuff_runner::smrol::network: ⚠️ [Check] Writer 2 -> 3 slow write: 13.905333ms
2026-08-10T05:33:08.915190Z  WARN ThreadId(20) hotstuff_runner::app: Node 2 [produce_block] queue size: 4, attempting up to 4 transactions this block    
2026-08-10T05:33:08.924870Z  WARN ThreadId(20) hotstuff_runner::app: Node 2 view(6291) far exceeds block count (1572); potential sync issue    
2026-08-10T05:33:09.086338Z  WARN ThreadId(20) hotstuff_runner::app: Node 2 [produce_block] queue size: 2, attempting up to 2 transactions this block    
2026-08-10T05:33:09.090086Z  WARN ThreadId(20) hotstuff_runner::app: Node 2 view(6295) far exceeds block count (1573); potential sync issue    
2026-08-10T05:33:09.260882Z  WARN ThreadId(20) hotstuff_runner::app: Node 2 [produce_block] queue size: 2, attempting up to 2 transactions this block    
2026-08-10T05:33:09.261669Z  WARN ThreadId(20) hotstuff_runner::app: Node 2 view(6299) far exceeds block count (1574); potential sync issue    
2026-08-10T05:33:09.336093Z  WARN ThreadId(20) hotstuff_runner::app: Node 2 [produce_block] queue size: 0, attempting up to 0 transactions this block    
2026-08-10T05:33:09.337529Z  WARN ThreadId(20) hotstuff_runner::app: Node 2 view(6303) far exceeds block count (1575); potential sync issue    
2026-08-10T05:33:09.450144Z  WARN ThreadId(20) hotstuff_runner::app: Node 2 [produce_block] queue size: 2, attempting up to 2 transactions this block    
2026-08-10T05:33:09.453899Z  WARN ThreadId(20) hotstuff_runner::app: Node 2 view(6307) far exceeds block count (1576); potential sync issue    
2026-08-10T05:33:09.583200Z  WARN ThreadId(20) hotstuff_runner::app: Node 2 [produce_block] queue size: 0, attempting up to 0 transactions this block    
2026-08-10T05:33:09.583695Z  WARN ThreadId(20) hotstuff_runner::app: Node 2 view(6311) far exceeds block count (1577); potential sync issue    
2026-08-10T05:33:09.736812Z  WARN ThreadId(20) hotstuff_runner::app: Node 2 [produce_block] queue size: 2, attempting up to 2 transactions this block    
2026-08-10T05:33:09.737424Z  WARN ThreadId(20) hotstuff_runner::app: Node 2 view(6315) far exceeds block count (1578); potential sync issue    
2026-08-10T05:33:09.888256Z  WARN ThreadId(20) hotstuff_runner::app: Node 2 [produce_block] queue size: 2, attempting up to 2 transactions this block    
2026-08-10T05:33:09.892046Z  WARN ThreadId(20) hotstuff_runner::app: Node 2 view(6319) far exceeds block count (1579); potential sync issue    
2026-08-10T05:33:10.031256Z  WARN ThreadId(20) hotstuff_runner::app: Node 2 [produce_block] queue size: 0, attempting up to 0 transactions this block    
2026-08-10T05:33:10.031746Z  WARN ThreadId(20) hotstuff_runner::app: Node 2 view(6323) far exceeds block count (1580); potential sync issue    
2026-08-10T05:33:10.156720Z  WARN ThreadId(20) hotstuff_runner::app: Node 2 [produce_block] queue size: 2, attempting up to 2 transactions this block    
2026-08-10T05:33:10.168994Z  WARN ThreadId(20) hotstuff_runner::app: Node 2 view(6327) far exceeds block count (1581); potential sync issue    
2026-08-10T05:33:10.344564Z  WARN ThreadId(20) hotstuff_runner::app: Node 2 [produce_block] queue size: 2, attempting up to 2 transactions this block    
2026-08-10T05:33:10.347719Z  WARN ThreadId(20) hotstuff_runner::app: Node 2 view(6331) far exceeds block count (1582); potential sync issue    
2026-08-10T05:33:10.509336Z  WARN ThreadId(20) hotstuff_runner::app: Node 2 [produce_block] queue size: 2, attempting up to 2 transactions this block    
2026-08-10T05:33:10.511666Z  WARN ThreadId(20) hotstuff_runner::app: Node 2 view(6335) far exceeds block count (1583); potential sync issue    
2026-08-10T05:33:10.644724Z  WARN ThreadId(20) hotstuff_runner::app: Node 2 [produce_block] queue size: 2, attempting up to 2 transactions this block    
2026-08-10T05:33:10.645775Z  WARN ThreadId(20) hotstuff_runner::app: Node 2 view(6339) far exceeds block count (1584); potential sync issue    
2026-08-10T05:33:10.794305Z  WARN ThreadId(20) hotstuff_runner::app: Node 2 [produce_block] queue size: 0, attempting up to 0 transactions this block    
2026-08-10T05:33:10.795823Z  WARN ThreadId(20) hotstuff_runner::app: Node 2 view(6343) far exceeds block count (1585); potential sync issue    
2026-08-10T05:33:10.957560Z  WARN ThreadId(20) hotstuff_runner::app: Node 2 [produce_block] queue size: 2, attempting up to 2 transactions this block    
2026-08-10T05:33:10.966143Z  WARN ThreadId(20) hotstuff_runner::app: Node 2 view(6347) far exceeds block count (1586); potential sync issue    
2026-08-10T05:33:11.108754Z  WARN ThreadId(20) hotstuff_runner::app: Node 2 [produce_block] queue size: 2, attempting up to 2 transactions this block    
2026-08-10T05:33:11.113766Z  WARN ThreadId(20) hotstuff_runner::app: Node 2 view(6351) far exceeds block count (1587); potential sync issue    
2026-08-10T05:33:11.226016Z  WARN ThreadId(20) hotstuff_runner::app: Node 2 [produce_block] queue size: 0, attempting up to 0 transactions this block    
2026-08-10T05:33:11.227812Z  WARN ThreadId(20) hotstuff_runner::app: Node 2 view(6355) far exceeds block count (1588); potential sync issue    
2026-08-10T05:33:11.364294Z  WARN ThreadId(20) hotstuff_runner::app: Node 2 [produce_block] queue size: 2, attempting up to 2 transactions this block    
2026-08-10T05:33:11.366035Z  WARN ThreadId(20) hotstuff_runner::app: Node 2 view(6359) far exceeds block count (1589); potential sync issue    
2026-08-10T05:33:11.526489Z  WARN ThreadId(20) hotstuff_runner::app: Node 2 [produce_block] queue size: 2, attempting up to 2 transactions this block    
2026-08-10T05:33:11.527910Z  WARN ThreadId(20) hotstuff_runner::app: Node 2 view(6363) far exceeds block count (1590); potential sync issue    
2026-08-10T05:33:11.715724Z  WARN ThreadId(20) hotstuff_runner::app: Node 2 [produce_block] queue size: 2, attempting up to 2 transactions this block    
2026-08-10T05:33:11.720462Z  WARN ThreadId(20) hotstuff_runner::app: Node 2 view(6367) far exceeds block count (1591); potential sync issue    
2026-08-10T05:33:11.868044Z  WARN ThreadId(20) hotstuff_runner::app: Node 2 [produce_block] queue size: 0, attempting up to 0 transactions this block    
2026-08-10T05:33:11.875346Z  WARN ThreadId(20) hotstuff_runner::app: Node 2 view(6371) far exceeds block count (1592); potential sync issue    
2026-08-10T05:33:11.903659Z  WARN ThreadId(03) docker_node: Low processing efficiency: 0.0% - system may need tuning
2026-08-10T05:33:11.908755Z  WARN ThreadId(03) docker_node:   Connection reuse ineffective (2.0 msg/conn)
2026-08-10T05:33:11.995661Z  WARN ThreadId(20) hotstuff_runner::app: Node 2 [produce_block] queue size: 2, attempting up to 2 transactions this block    
2026-08-10T05:33:11.997244Z  WARN ThreadId(20) hotstuff_runner::app: Node 2 view(6375) far exceeds block count (1593); potential sync issue    
2026-08-10T05:33:12.132542Z  WARN ThreadId(20) hotstuff_runner::app: Node 2 [produce_block] queue size: 0, attempting up to 0 transactions this block    
2026-08-10T05:33:12.137305Z  WARN ThreadId(20) hotstuff_runner::app: Node 2 view(6379) far exceeds block count (1594); potential sync issue    
2026-08-10T05:33:12.255361Z  WARN ThreadId(20) hotstuff_runner::app: Node 2 [produce_block] queue size: 0, attempting up to 0 transactions this block    
2026-08-10T05:33:12.255524Z  WARN ThreadId(20) hotstuff_runner::app: Node 2 view(6383) far exceeds block count (1595); potential sync issue    
2026-08-10T05:33:12.439980Z  WARN ThreadId(20) hotstuff_runner::app: Node 2 [produce_block] queue size: 0, attempting up to 0 transactions this block    
2026-08-10T05:33:12.443778Z  WARN ThreadId(20) hotstuff_runner::app: Node 2 view(6387) far exceeds block count (1596); potential sync issue    
2026-08-10T05:33:12.585673Z  WARN ThreadId(20) hotstuff_runner::app: Node 2 [produce_block] queue size: 0, attempting up to 0 transactions this block    
2026-08-10T05:33:12.586609Z  WARN ThreadId(20) hotstuff_runner::app: Node 2 view(6391) far exceeds block count (1597); potential sync issue    
2026-08-10T05:33:12.699723Z  WARN ThreadId(20) hotstuff_runner::app: Node 2 [produce_block] queue size: 0, attempting up to 0 transactions this block    
2026-08-10T05:33:12.704716Z  WARN ThreadId(20) hotstuff_runner::app: Node 2 view(6395) far exceeds block count (1598); potential sync issue    
2026-08-10T05:33:12.858851Z  WARN ThreadId(20) hotstuff_runner::app: Node 2 [produce_block] queue size: 0, attempting up to 0 transactions this block    
2026-08-10T05:33:12.860357Z  WARN ThreadId(20) hotstuff_runner::app: Node 2 view(6399) far exceeds block count (1599); potential sync issue    
2026-08-10T05:33:13.027889Z  WARN ThreadId(20) hotstuff_runner::app: Node 2 [produce_block] queue size: 0, attempting up to 0 transactions this block    
2026-08-10T05:33:13.037094Z  WARN ThreadId(20) hotstuff_runner::app: Node 2 view(6403) far exceeds block count (1600); potential sync issue    
2026-08-10T05:33:13.132550Z  WARN ThreadId(20) hotstuff_runner::app: Node 2 [produce_block] queue size: 0, attempting up to 0 transactions this block    
2026-08-10T05:33:13.134826Z  WARN ThreadId(20) hotstuff_runner::app: Node 2 view(6407) far exceeds block count (1601); potential sync issue    
2026-08-10T05:33:13.202740Z  WARN ThreadId(20) hotstuff_runner::app: Node 2 [produce_block] queue size: 0, attempting up to 0 transactions this block    
2026-08-10T05:33:13.203066Z  WARN ThreadId(20) hotstuff_runner::app: Node 2 view(6411) far exceeds block count (1602); potential sync issue    
2026-08-10T05:33:13.308399Z  WARN ThreadId(20) hotstuff_runner::app: Node 2 [produce_block] queue size: 0, attempting up to 0 transactions this block    
2026-08-10T05:33:13.313423Z  WARN ThreadId(20) hotstuff_runner::app: Node 2 view(6415) far exceeds block count (1603); potential sync issue    
2026-08-10T05:33:13.416719Z  WARN ThreadId(20) hotstuff_runner::app: Node 2 [produce_block] queue size: 0, attempting up to 0 transactions this block    
2026-08-10T05:33:13.432018Z  WARN ThreadId(20) hotstuff_runner::app: Node 2 view(6419) far exceeds block count (1604); potential sync issue    
2026-08-10T05:33:13.580586Z  WARN ThreadId(20) hotstuff_runner::app: Node 2 [produce_block] queue size: 0, attempting up to 0 transactions this block    
2026-08-10T05:33:13.580761Z  WARN ThreadId(20) hotstuff_runner::app: Node 2 view(6423) far exceeds block count (1605); potential sync issue    
2026-08-10T05:33:13.682369Z  WARN ThreadId(20) hotstuff_runner::app: Node 2 [produce_block] queue size: 0, attempting up to 0 transactions this block    
2026-08-10T05:33:13.683823Z  WARN ThreadId(20) hotstuff_runner::app: Node 2 view(6427) far exceeds block count (1606); potential sync issue    
2026-08-10T05:33:13.772499Z  WARN ThreadId(20) hotstuff_runner::app: Node 2 [produce_block] queue size: 0, attempting up to 0 transactions this block    
2026-08-10T05:33:13.772755Z  WARN ThreadId(20) hotstuff_runner::app: Node 2 view(6431) far exceeds block count (1607); potential sync issue    
2026-08-10T05:33:13.907838Z  WARN ThreadId(20) hotstuff_runner::app: Node 2 [produce_block] queue size: 0, attempting up to 0 transactions this block    
2026-08-10T05:33:13.914104Z  WARN ThreadId(20) hotstuff_runner::app: Node 2 view(6435) far exceeds block count (1608); potential sync issue    
2026-08-10T05:33:14.078822Z  WARN ThreadId(20) hotstuff_runner::app: Node 2 [produce_block] queue size: 0, attempting up to 0 transactions this block    
2026-08-10T05:33:14.089906Z  WARN ThreadId(20) hotstuff_runner::app: Node 2 view(6439) far exceeds block count (1609); potential sync issue    
2026-08-10T05:33:14.185738Z  WARN ThreadId(20) hotstuff_runner::app: Node 2 [produce_block] queue size: 0, attempting up to 0 transactions this block    
2026-08-10T05:33:14.186060Z  WARN ThreadId(20) hotstuff_runner::app: Node 2 view(6443) far exceeds block count (1610); potential sync issue    
2026-08-10T05:33:14.324684Z  WARN ThreadId(20) hotstuff_runner::app: Node 2 [produce_block] queue size: 0, attempting up to 0 transactions this block    
2026-08-10T05:33:14.331690Z  WARN ThreadId(20) hotstuff_runner::app: Node 2 view(6447) far exceeds block count (1611); potential sync issue    
2026-08-10T05:33:14.525642Z  WARN ThreadId(20) hotstuff_runner::app: Node 2 [produce_block] queue size: 0, attempting up to 0 transactions this block    
2026-08-10T05:33:14.526019Z  WARN ThreadId(20) hotstuff_runner::app: Node 2 view(6451) far exceeds block count (1612); potential sync issue    
2026-08-10T05:33:14.644463Z  WARN ThreadId(20) hotstuff_runner::app: Node 2 [produce_block] queue size: 0, attempting up to 0 transactions this block    
2026-08-10T05:33:14.644605Z  WARN ThreadId(20) hotstuff_runner::app: Node 2 view(6455) far exceeds block count (1613); potential sync issue    
2026-08-10T05:33:14.782891Z  WARN ThreadId(20) hotstuff_runner::app: Node 2 [produce_block] queue size: 0, attempting up to 0 transactions this block    
2026-08-10T05:33:14.784782Z  WARN ThreadId(20) hotstuff_runner::app: Node 2 view(6459) far exceeds block count (1614); potential sync issue    
2026-08-10T05:33:15.021197Z  WARN ThreadId(20) hotstuff_runner::app: Node 2 [produce_block] queue size: 0, attempting up to 0 transactions this block    
2026-08-10T05:33:15.021388Z  WARN ThreadId(20) hotstuff_runner::app: Node 2 view(6463) far exceeds block count (1615); potential sync issue    
2026-08-10T05:33:15.282885Z  WARN ThreadId(20) hotstuff_runner::app: Node 2 [produce_block] queue size: 0, attempting up to 0 transactions this block    
2026-08-10T05:33:15.283969Z  WARN ThreadId(20) hotstuff_runner::app: Node 2 view(6467) far exceeds block count (1616); potential sync issue    
2026-08-10T05:33:15.463670Z  WARN ThreadId(20) hotstuff_runner::app: Node 2 [produce_block] queue size: 0, attempting up to 0 transactions this block    
2026-08-10T05:33:15.477831Z  WARN ThreadId(20) hotstuff_runner::app: Node 2 view(6471) far exceeds block count (1617); potential sync issue    
2026-08-10T05:33:15.577297Z  WARN ThreadId(20) hotstuff_runner::app: Node 2 [produce_block] queue size: 0, attempting up to 0 transactions this block    
2026-08-10T05:33:15.577701Z  WARN ThreadId(20) hotstuff_runner::app: Node 2 view(6475) far exceeds block count (1618); potential sync issue    
2026-08-10T05:33:15.724465Z  WARN ThreadId(20) hotstuff_runner::app: Node 2 [produce_block] queue size: 0, attempting up to 0 transactions this block    
2026-08-10T05:33:15.726221Z  WARN ThreadId(20) hotstuff_runner::app: Node 2 view(6479) far exceeds block count (1619); potential sync issue    
2026-08-10T05:33:15.822612Z  WARN ThreadId(20) hotstuff_runner::app: Node 2 [produce_block] queue size: 0, attempting up to 0 transactions this block    
2026-08-10T05:33:15.823925Z  WARN ThreadId(20) hotstuff_runner::app: Node 2 view(6483) far exceeds block count (1620); potential sync issue    
2026-08-10T05:33:16.220633Z  WARN ThreadId(20) hotstuff_runner::app: Node 2 [produce_block] queue size: 0, attempting up to 0 transactions this block    
2026-08-10T05:33:16.226200Z  WARN ThreadId(20) hotstuff_runner::app: Node 2 view(6487) far exceeds block count (1621); potential sync issue    
2026-08-10T05:33:16.389830Z  WARN ThreadId(20) hotstuff_runner::app: Node 2 [produce_block] queue size: 0, attempting up to 0 transactions this block    
2026-08-10T05:33:16.390935Z  WARN ThreadId(20) hotstuff_runner::app: Node 2 view(6491) far exceeds block count (1622); potential sync issue    
2026-08-10T05:33:16.513221Z  WARN ThreadId(20) hotstuff_runner::app: Node 2 [produce_block] queue size: 0, attempting up to 0 transactions this block    
2026-08-10T05:33:16.513909Z  WARN ThreadId(20) hotstuff_runner::app: Node 2 view(6495) far exceeds block count (1623); potential sync issue    
2026-08-10T05:33:16.675680Z  WARN ThreadId(20) hotstuff_runner::app: Node 2 [produce_block] queue size: 0, attempting up to 0 transactions this block    
2026-08-10T05:33:16.678563Z  WARN ThreadId(20) hotstuff_runner::app: Node 2 view(6499) far exceeds block count (1624); potential sync issue    
2026-08-10T05:33:16.756478Z  WARN ThreadId(20) hotstuff_runner::app: Node 2 [produce_block] queue size: 0, attempting up to 0 transactions this block    
2026-08-10T05:33:16.760816Z  WARN ThreadId(20) hotstuff_runner::app: Node 2 view(6503) far exceeds block count (1625); potential sync issue    
2026-08-10T05:33:16.859830Z  WARN ThreadId(20) hotstuff_runner::app: Node 2 [produce_block] queue size: 0, attempting up to 0 transactions this block    
2026-08-10T05:33:16.860894Z  WARN ThreadId(20) hotstuff_runner::app: Node 2 view(6507) far exceeds block count (1626); potential sync issue    
2026-08-10T05:33:16.901952Z  WARN ThreadId(04) docker_node: Low processing efficiency: 0.0% - system may need tuning
2026-08-10T05:33:16.902209Z  WARN ThreadId(04) docker_node:   Connection reuse ineffective (2.0 msg/conn)
2026-08-10T05:33:16.984944Z  WARN ThreadId(20) hotstuff_runner::app: Node 2 [produce_block] queue size: 0, attempting up to 0 transactions this block    
2026-08-10T05:33:16.987072Z  WARN ThreadId(20) hotstuff_runner::app: Node 2 view(6511) far exceeds block count (1627); potential sync issue    
2026-08-10T05:33:17.101487Z  WARN ThreadId(20) hotstuff_runner::app: Node 2 [produce_block] queue size: 0, attempting up to 0 transactions this block    
2026-08-10T05:33:17.104928Z  WARN ThreadId(20) hotstuff_runner::app: Node 2 view(6515) far exceeds block count (1628); potential sync issue    
2026-08-10T05:33:17.284249Z  WARN ThreadId(20) hotstuff_runner::app: Node 2 [produce_block] queue size: 0, attempting up to 0 transactions this block    
2026-08-10T05:33:17.288392Z  WARN ThreadId(20) hotstuff_runner::app: Node 2 view(6519) far exceeds block count (1629); potential sync issue    
2026-08-10T05:33:17.434626Z  WARN ThreadId(20) hotstuff_runner::app: Node 2 [produce_block] queue size: 0, attempting up to 0 transactions this block    
2026-08-10T05:33:17.435629Z  WARN ThreadId(20) hotstuff_runner::app: Node 2 view(6523) far exceeds block count (1630); potential sync issue    
2026-08-10T05:33:17.682269Z  WARN ThreadId(20) hotstuff_runner::app: Node 2 [produce_block] queue size: 0, attempting up to 0 transactions this block    
2026-08-10T05:33:17.683104Z  WARN ThreadId(20) hotstuff_runner::app: Node 2 view(6527) far exceeds block count (1631); potential sync issue    
2026-08-10T05:33:18.139463Z  WARN ThreadId(20) hotstuff_runner::app: Node 2 [produce_block] queue size: 0, attempting up to 0 transactions this block    
2026-08-10T05:33:18.141405Z  WARN ThreadId(20) hotstuff_runner::app: Node 2 view(6531) far exceeds block count (1632); potential sync issue    
2026-08-10T05:33:18.373632Z  WARN ThreadId(20) hotstuff_runner::app: Node 2 [produce_block] queue size: 0, attempting up to 0 transactions this block    
2026-08-10T05:33:18.386916Z  WARN ThreadId(20) hotstuff_runner::app: Node 2 view(6535) far exceeds block count (1633); potential sync issue    
2026-08-10T05:33:18.569554Z  WARN ThreadId(20) hotstuff_runner::app: Node 2 [produce_block] queue size: 0, attempting up to 0 transactions this block    
2026-08-10T05:33:18.569990Z  WARN ThreadId(20) hotstuff_runner::app: Node 2 view(6539) far exceeds block count (1634); potential sync issue    
2026-08-10T05:33:18.713562Z  WARN ThreadId(20) hotstuff_runner::app: Node 2 [produce_block] queue size: 0, attempting up to 0 transactions this block    
2026-08-10T05:33:18.718560Z  WARN ThreadId(20) hotstuff_runner::app: Node 2 view(6543) far exceeds block count (1635); potential sync issue    
2026-08-10T05:33:18.845993Z  WARN ThreadId(20) hotstuff_runner::app: Node 2 [produce_block] queue size: 0, attempting up to 0 transactions this block    
2026-08-10T05:33:18.846337Z  WARN ThreadId(20) hotstuff_runner::app: Node 2 view(6547) far exceeds block count (1636); potential sync issue    
2026-08-10T05:33:19.019014Z  WARN ThreadId(20) hotstuff_runner::app: Node 2 [produce_block] queue size: 0, attempting up to 0 transactions this block    
2026-08-10T05:33:19.025136Z  WARN ThreadId(20) hotstuff_runner::app: Node 2 view(6551) far exceeds block count (1637); potential sync issue    
2026-08-10T05:33:19.149565Z  WARN ThreadId(20) hotstuff_runner::app: Node 2 [produce_block] queue size: 0, attempting up to 0 transactions this block    
2026-08-10T05:33:19.150419Z  WARN ThreadId(20) hotstuff_runner::app: Node 2 view(6555) far exceeds block count (1638); potential sync issue    
2026-08-10T05:33:19.280897Z  WARN ThreadId(20) hotstuff_runner::app: Node 2 [produce_block] queue size: 0, attempting up to 0 transactions this block    
2026-08-10T05:33:19.293069Z  WARN ThreadId(20) hotstuff_runner::app: Node 2 view(6559) far exceeds block count (1639); potential sync issue    
2026-08-10T05:33:19.438692Z  WARN ThreadId(20) hotstuff_runner::app: Node 2 [produce_block] queue size: 0, attempting up to 0 transactions this block    
2026-08-10T05:33:19.441639Z  WARN ThreadId(20) hotstuff_runner::app: Node 2 view(6563) far exceeds block count (1640); potential sync issue    
2026-08-10T05:33:19.518361Z  WARN ThreadId(20) hotstuff_runner::app: Node 2 [produce_block] queue size: 0, attempting up to 0 transactions this block    
2026-08-10T05:33:19.518714Z  WARN ThreadId(20) hotstuff_runner::app: Node 2 view(6567) far exceeds block count (1641); potential sync issue    
2026-08-10T05:33:19.616314Z  WARN ThreadId(20) hotstuff_runner::app: Node 2 [produce_block] queue size: 0, attempting up to 0 transactions this block    
2026-08-10T05:33:19.616643Z  WARN ThreadId(20) hotstuff_runner::app: Node 2 view(6571) far exceeds block count (1642); potential sync issue    
2026-08-10T05:33:19.733680Z  WARN ThreadId(20) hotstuff_runner::app: Node 2 [produce_block] queue size: 0, attempting up to 0 transactions this block    
2026-08-10T05:33:19.736127Z  WARN ThreadId(20) hotstuff_runner::app: Node 2 view(6575) far exceeds block count (1643); potential sync issue    
2026-08-10T05:33:19.914278Z  WARN ThreadId(20) hotstuff_runner::app: Node 2 [produce_block] queue size: 0, attempting up to 0 transactions this block    
2026-08-10T05:33:19.914806Z  WARN ThreadId(20) hotstuff_runner::app: Node 2 view(6579) far exceeds block count (1644); potential sync issue    
2026-08-10T05:33:20.031329Z  WARN ThreadId(20) hotstuff_runner::app: Node 2 [produce_block] queue size: 0, attempting up to 0 transactions this block    
2026-08-10T05:33:20.040823Z  WARN ThreadId(20) hotstuff_runner::app: Node 2 view(6583) far exceeds block count (1645); potential sync issue    
2026-08-10T05:33:20.137716Z  WARN ThreadId(20) hotstuff_runner::app: Node 2 [produce_block] queue size: 0, attempting up to 0 transactions this block    
2026-08-10T05:33:20.141668Z  WARN ThreadId(20) hotstuff_runner::app: Node 2 view(6587) far exceeds block count (1646); potential sync issue    
2026-08-10T05:33:20.252693Z  WARN ThreadId(20) hotstuff_runner::app: Node 2 [produce_block] queue size: 0, attempting up to 0 transactions this block    
2026-08-10T05:33:20.252842Z  WARN ThreadId(20) hotstuff_runner::app: Node 2 view(6591) far exceeds block count (1647); potential sync issue    
2026-08-10T05:33:20.333587Z  WARN ThreadId(20) hotstuff_runner::app: Node 2 [produce_block] queue size: 0, attempting up to 0 transactions this block    
2026-08-10T05:33:20.342780Z  WARN ThreadId(20) hotstuff_runner::app: Node 2 view(6595) far exceeds block count (1648); potential sync issue    
2026-08-10T05:33:20.576716Z  WARN ThreadId(20) hotstuff_runner::app: Node 2 [produce_block] queue size: 0, attempting up to 0 transactions this block    
2026-08-10T05:33:20.577939Z  WARN ThreadId(20) hotstuff_runner::app: Node 2 view(6599) far exceeds block count (1649); potential sync issue    
2026-08-10T05:33:20.631731Z  WARN ThreadId(20) hotstuff_runner::app: Node 2 [produce_block] queue size: 0, attempting up to 0 transactions this block    
2026-08-10T05:33:20.633945Z  WARN ThreadId(20) hotstuff_runner::app: Node 2 view(6603) far exceeds block count (1650); potential sync issue    
2026-08-10T05:33:20.768736Z  WARN ThreadId(20) hotstuff_runner::app: Node 2 [produce_block] queue size: 0, attempting up to 0 transactions this block    
2026-08-10T05:33:20.769017Z  WARN ThreadId(20) hotstuff_runner::app: Node 2 view(6607) far exceeds block count (1651); potential sync issue    
2026-08-10T05:33:20.958444Z  WARN ThreadId(20) hotstuff_runner::app: Node 2 [produce_block] queue size: 0, attempting up to 0 transactions this block    
2026-08-10T05:33:20.958657Z  WARN ThreadId(20) hotstuff_runner::app: Node 2 view(6611) far exceeds block count (1652); potential sync issue    
2026-08-10T05:33:21.224505Z  WARN ThreadId(20) hotstuff_runner::app: Node 2 [produce_block] queue size: 0, attempting up to 0 transactions this block    
2026-08-10T05:33:21.224752Z  WARN ThreadId(20) hotstuff_runner::app: Node 2 view(6615) far exceeds block count (1653); potential sync issue    
2026-08-10T05:33:21.459485Z  WARN ThreadId(20) hotstuff_runner::app: Node 2 [produce_block] queue size: 0, attempting up to 0 transactions this block    
2026-08-10T05:33:21.462534Z  WARN ThreadId(20) hotstuff_runner::app: Node 2 view(6619) far exceeds block count (1654); potential sync issue    
2026-08-10T05:33:21.731136Z  WARN ThreadId(20) hotstuff_runner::app: Node 2 [produce_block] queue size: 0, attempting up to 0 transactions this block    
2026-08-10T05:33:21.734941Z  WARN ThreadId(20) hotstuff_runner::app: Node 2 view(6623) far exceeds block count (1655); potential sync issue    
2026-08-10T05:33:21.866390Z  WARN ThreadId(20) hotstuff_runner::app: Node 2 [produce_block] queue size: 0, attempting up to 0 transactions this block    
2026-08-10T05:33:21.867062Z  WARN ThreadId(20) hotstuff_runner::app: Node 2 view(6627) far exceeds block count (1656); potential sync issue    
2026-08-10T05:33:21.901912Z  WARN ThreadId(08) docker_node: Low processing efficiency: 0.0% - system may need tuning
2026-08-10T05:33:21.904725Z  WARN ThreadId(08) docker_node:   Connection reuse ineffective (2.0 msg/conn)
2026-08-10T05:33:22.006897Z  WARN ThreadId(20) hotstuff_runner::app: Node 2 [produce_block] queue size: 0, attempting up to 0 transactions this block    
2026-08-10T05:33:22.009180Z  WARN ThreadId(20) hotstuff_runner::app: Node 2 view(6631) far exceeds block count (1657); potential sync issue    
2026-08-10T05:33:22.121542Z  WARN ThreadId(20) hotstuff_runner::app: Node 2 [produce_block] queue size: 0, attempting up to 0 transactions this block    
2026-08-10T05:33:22.122899Z  WARN ThreadId(20) hotstuff_runner::app: Node 2 view(6635) far exceeds block count (1658); potential sync issue    
2026-08-10T05:33:22.255840Z  WARN ThreadId(20) hotstuff_runner::app: Node 2 [produce_block] queue size: 0, attempting up to 0 transactions this block    
2026-08-10T05:33:22.266239Z  WARN ThreadId(20) hotstuff_runner::app: Node 2 view(6639) far exceeds block count (1659); potential sync issue    
2026-08-10T05:33:22.462773Z  WARN ThreadId(20) hotstuff_runner::app: Node 2 [produce_block] queue size: 0, attempting up to 0 transactions this block    
2026-08-10T05:33:22.463849Z  WARN ThreadId(20) hotstuff_runner::app: Node 2 view(6643) far exceeds block count (1660); potential sync issue    
2026-08-10T05:33:22.605093Z  WARN ThreadId(20) hotstuff_runner::app: Node 2 [produce_block] queue size: 0, attempting up to 0 transactions this block    
2026-08-10T05:33:22.605296Z  WARN ThreadId(20) hotstuff_runner::app: Node 2 view(6647) far exceeds block count (1661); potential sync issue    
2026-08-10T05:33:22.790265Z  WARN ThreadId(20) hotstuff_runner::app: Node 2 [produce_block] queue size: 0, attempting up to 0 transactions this block    
2026-08-10T05:33:22.791539Z  WARN ThreadId(20) hotstuff_runner::app: Node 2 view(6651) far exceeds block count (1662); potential sync issue    
2026-08-10T05:33:22.940584Z  WARN ThreadId(20) hotstuff_runner::app: Node 2 [produce_block] queue size: 0, attempting up to 0 transactions this block    
2026-08-10T05:33:22.941264Z  WARN ThreadId(20) hotstuff_runner::app: Node 2 view(6655) far exceeds block count (1663); potential sync issue    
2026-08-10T05:33:23.061500Z  WARN ThreadId(20) hotstuff_runner::app: Node 2 [produce_block] queue size: 0, attempting up to 0 transactions this block    
2026-08-10T05:33:23.061719Z  WARN ThreadId(20) hotstuff_runner::app: Node 2 view(6659) far exceeds block count (1664); potential sync issue    
2026-08-10T05:33:23.115854Z  WARN ThreadId(20) hotstuff_runner::app: Node 2 [produce_block] queue size: 0, attempting up to 0 transactions this block    
2026-08-10T05:33:23.116200Z  WARN ThreadId(20) hotstuff_runner::app: Node 2 view(6663) far exceeds block count (1665); potential sync issue    
2026-08-10T05:33:23.248226Z  WARN ThreadId(20) hotstuff_runner::app: Node 2 [produce_block] queue size: 0, attempting up to 0 transactions this block    
2026-08-10T05:33:23.256230Z  WARN ThreadId(20) hotstuff_runner::app: Node 2 view(6667) far exceeds block count (1666); potential sync issue    
2026-08-10T05:33:23.424288Z  WARN ThreadId(20) hotstuff_runner::app: Node 2 [produce_block] queue size: 0, attempting up to 0 transactions this block    
2026-08-10T05:33:23.427245Z  WARN ThreadId(20) hotstuff_runner::app: Node 2 view(6671) far exceeds block count (1667); potential sync issue    
2026-08-10T05:33:23.564939Z  WARN ThreadId(20) hotstuff_runner::app: Node 2 [produce_block] queue size: 0, attempting up to 0 transactions this block    
2026-08-10T05:33:23.565158Z  WARN ThreadId(20) hotstuff_runner::app: Node 2 view(6675) far exceeds block count (1668); potential sync issue    
2026-08-10T05:33:23.661205Z  WARN ThreadId(20) hotstuff_runner::app: Node 2 [produce_block] queue size: 0, attempting up to 0 transactions this block    
2026-08-10T05:33:23.663266Z  WARN ThreadId(20) hotstuff_runner::app: Node 2 view(6679) far exceeds block count (1669); potential sync issue    
2026-08-10T05:33:23.800887Z  WARN ThreadId(20) hotstuff_runner::app: Node 2 [produce_block] queue size: 0, attempting up to 0 transactions this block    
2026-08-10T05:33:23.803170Z  WARN ThreadId(20) hotstuff_runner::app: Node 2 view(6683) far exceeds block count (1670); potential sync issue    
2026-08-10T05:33:23.894150Z  WARN ThreadId(20) hotstuff_runner::app: Node 2 [produce_block] queue size: 0, attempting up to 0 transactions this block    
2026-08-10T05:33:23.895055Z  WARN ThreadId(20) hotstuff_runner::app: Node 2 view(6687) far exceeds block count (1671); potential sync issue    
2026-08-10T05:33:23.963394Z  WARN ThreadId(20) hotstuff_runner::app: Node 2 [produce_block] queue size: 0, attempting up to 0 transactions this block    
2026-08-10T05:33:23.963647Z  WARN ThreadId(20) hotstuff_runner::app: Node 2 view(6691) far exceeds block count (1672); potential sync issue    
2026-08-10T05:33:24.093890Z  WARN ThreadId(20) hotstuff_runner::app: Node 2 [produce_block] queue size: 0, attempting up to 0 transactions this block    
2026-08-10T05:33:24.102558Z  WARN ThreadId(20) hotstuff_runner::app: Node 2 view(6695) far exceeds block count (1673); potential sync issue    
2026-08-10T05:33:24.252976Z  WARN ThreadId(20) hotstuff_runner::app: Node 2 [produce_block] queue size: 0, attempting up to 0 transactions this block    
2026-08-10T05:33:24.262351Z  WARN ThreadId(20) hotstuff_runner::app: Node 2 view(6699) far exceeds block count (1674); potential sync issue    
2026-08-10T05:33:24.540336Z  WARN ThreadId(20) hotstuff_runner::app: Node 2 [produce_block] queue size: 0, attempting up to 0 transactions this block    
2026-08-10T05:33:24.540772Z  WARN ThreadId(20) hotstuff_runner::app: Node 2 view(6703) far exceeds block count (1675); potential sync issue    
2026-08-10T05:33:24.730741Z  WARN ThreadId(20) hotstuff_runner::app: Node 2 [produce_block] queue size: 0, attempting up to 0 transactions this block    
2026-08-10T05:33:24.792133Z  WARN ThreadId(20) hotstuff_runner::app: Node 2 view(6707) far exceeds block count (1676); potential sync issue    
2026-08-10T05:33:25.039639Z  WARN ThreadId(20) hotstuff_runner::app: Node 2 [produce_block] queue size: 0, attempting up to 0 transactions this block    
2026-08-10T05:33:25.040131Z  WARN ThreadId(20) hotstuff_runner::app: Node 2 view(6711) far exceeds block count (1677); potential sync issue    
2026-08-10T05:33:25.225084Z  WARN ThreadId(20) hotstuff_runner::app: Node 2 [produce_block] queue size: 0, attempting up to 0 transactions this block    
2026-08-10T05:33:25.227317Z  WARN ThreadId(20) hotstuff_runner::app: Node 2 view(6715) far exceeds block count (1678); potential sync issue    
2026-08-10T05:33:25.383071Z  WARN ThreadId(20) hotstuff_runner::app: Node 2 [produce_block] queue size: 0, attempting up to 0 transactions this block    
2026-08-10T05:33:25.386912Z  WARN ThreadId(20) hotstuff_runner::app: Node 2 view(6719) far exceeds block count (1679); potential sync issue    
2026-08-10T05:33:25.494449Z  WARN ThreadId(20) hotstuff_runner::app: Node 2 [produce_block] queue size: 0, attempting up to 0 transactions this block    
2026-08-10T05:33:25.495918Z  WARN ThreadId(20) hotstuff_runner::app: Node 2 view(6723) far exceeds block count (1680); potential sync issue    
2026-08-10T05:33:25.615097Z  WARN ThreadId(20) hotstuff_runner::app: Node 2 [produce_block] queue size: 0, attempting up to 0 transactions this block    
2026-08-10T05:33:25.615513Z  WARN ThreadId(20) hotstuff_runner::app: Node 2 view(6727) far exceeds block count (1681); potential sync issue    
2026-08-10T05:33:25.723234Z  WARN ThreadId(20) hotstuff_runner::app: Node 2 [produce_block] queue size: 0, attempting up to 0 transactions this block    
2026-08-10T05:33:25.723568Z  WARN ThreadId(20) hotstuff_runner::app: Node 2 view(6731) far exceeds block count (1682); potential sync issue    
2026-08-10T05:33:25.919943Z  WARN ThreadId(20) hotstuff_runner::app: Node 2 [produce_block] queue size: 0, attempting up to 0 transactions this block    
2026-08-10T05:33:25.920247Z  WARN ThreadId(20) hotstuff_runner::app: Node 2 view(6735) far exceeds block count (1683); potential sync issue    
2026-08-10T05:33:26.037392Z  WARN ThreadId(20) hotstuff_runner::app: Node 2 [produce_block] queue size: 0, attempting up to 0 transactions this block    
2026-08-10T05:33:26.038295Z  WARN ThreadId(20) hotstuff_runner::app: Node 2 view(6739) far exceeds block count (1684); potential sync issue    
2026-08-10T05:33:26.200726Z  WARN ThreadId(20) hotstuff_runner::app: Node 2 [produce_block] queue size: 0, attempting up to 0 transactions this block    
2026-08-10T05:33:26.204273Z  WARN ThreadId(20) hotstuff_runner::app: Node 2 view(6743) far exceeds block count (1685); potential sync issue    
2026-08-10T05:33:26.339102Z  WARN ThreadId(20) hotstuff_runner::app: Node 2 [produce_block] queue size: 0, attempting up to 0 transactions this block    
2026-08-10T05:33:26.341781Z  WARN ThreadId(20) hotstuff_runner::app: Node 2 view(6747) far exceeds block count (1686); potential sync issue    
2026-08-10T05:33:26.426852Z  WARN ThreadId(20) hotstuff_runner::app: Node 2 [produce_block] queue size: 0, attempting up to 0 transactions this block    
2026-08-10T05:33:26.427151Z  WARN ThreadId(20) hotstuff_runner::app: Node 2 view(6751) far exceeds block count (1687); potential sync issue    
2026-08-10T05:33:26.603929Z  WARN ThreadId(20) hotstuff_runner::app: Node 2 [produce_block] queue size: 0, attempting up to 0 transactions this block    
2026-08-10T05:33:26.604124Z  WARN ThreadId(20) hotstuff_runner::app: Node 2 view(6755) far exceeds block count (1688); potential sync issue    
2026-08-10T05:33:26.981603Z  WARN ThreadId(03) docker_node: Low processing efficiency: 0.0% - system may need tuning
2026-08-10T05:33:26.982258Z  WARN ThreadId(03) docker_node:   Connection reuse ineffective (2.0 msg/conn)
2026-08-10T05:33:27.192982Z  WARN ThreadId(20) hotstuff_runner::app: Node 2 [produce_block] queue size: 0, attempting up to 0 transactions this block    
2026-08-10T05:33:27.194191Z  WARN ThreadId(20) hotstuff_runner::app: Node 2 view(6759) far exceeds block count (1689); potential sync issue    
2026-08-10T05:33:27.355303Z  WARN ThreadId(20) hotstuff_runner::app: Node 2 [produce_block] queue size: 0, attempting up to 0 transactions this block    
2026-08-10T05:33:27.363944Z  WARN ThreadId(20) hotstuff_runner::app: Node 2 view(6763) far exceeds block count (1690); potential sync issue    
2026-08-10T05:33:27.506852Z  WARN ThreadId(20) hotstuff_runner::app: Node 2 [produce_block] queue size: 0, attempting up to 0 transactions this block    
2026-08-10T05:33:27.507018Z  WARN ThreadId(20) hotstuff_runner::app: Node 2 view(6767) far exceeds block count (1691); potential sync issue    
2026-08-10T05:33:27.582790Z  WARN ThreadId(20) hotstuff_runner::app: Node 2 [produce_block] queue size: 0, attempting up to 0 transactions this block    
2026-08-10T05:33:27.583002Z  WARN ThreadId(20) hotstuff_runner::app: Node 2 view(6771) far exceeds block count (1692); potential sync issue    
2026-08-10T05:33:27.685009Z  WARN ThreadId(20) hotstuff_runner::app: Node 2 [produce_block] queue size: 0, attempting up to 0 transactions this block    
2026-08-10T05:33:27.688449Z  WARN ThreadId(20) hotstuff_runner::app: Node 2 view(6775) far exceeds block count (1693); potential sync issue    
2026-08-10T05:33:27.865349Z  WARN ThreadId(20) hotstuff_runner::app: Node 2 [produce_block] queue size: 0, attempting up to 0 transactions this block    
2026-08-10T05:33:27.871100Z  WARN ThreadId(20) hotstuff_runner::app: Node 2 view(6779) far exceeds block count (1694); potential sync issue    
2026-08-10T05:33:28.076608Z  WARN ThreadId(20) hotstuff_runner::app: Node 2 [produce_block] queue size: 0, attempting up to 0 transactions this block    
2026-08-10T05:33:28.085849Z  WARN ThreadId(20) hotstuff_runner::app: Node 2 view(6783) far exceeds block count (1695); potential sync issue    
2026-08-10T05:33:28.216255Z  WARN ThreadId(20) hotstuff_runner::app: Node 2 [produce_block] queue size: 0, attempting up to 0 transactions this block    
2026-08-10T05:33:28.219281Z  WARN ThreadId(20) hotstuff_runner::app: Node 2 view(6787) far exceeds block count (1696); potential sync issue    
2026-08-10T05:33:28.941530Z  WARN ThreadId(20) hotstuff_runner::app: Node 2 [produce_block] queue size: 0, attempting up to 0 transactions this block    
2026-08-10T05:33:28.942191Z  WARN ThreadId(20) hotstuff_runner::app: Node 2 view(6791) far exceeds block count (1697); potential sync issue    
2026-08-10T05:33:29.184599Z  WARN ThreadId(20) hotstuff_runner::app: Node 2 [produce_block] queue size: 0, attempting up to 0 transactions this block    
2026-08-10T05:33:29.189955Z  WARN ThreadId(20) hotstuff_runner::app: Node 2 view(6795) far exceeds block count (1698); potential sync issue    
2026-08-10T05:33:29.293882Z  WARN ThreadId(20) hotstuff_runner::app: Node 2 [produce_block] queue size: 0, attempting up to 0 transactions this block    
2026-08-10T05:33:29.294046Z  WARN ThreadId(20) hotstuff_runner::app: Node 2 view(6799) far exceeds block count (1699); potential sync issue    
2026-08-10T05:33:29.493891Z  WARN ThreadId(20) hotstuff_runner::app: Node 2 [produce_block] queue size: 0, attempting up to 0 transactions this block    
2026-08-10T05:33:29.494244Z  WARN ThreadId(20) hotstuff_runner::app: Node 2 view(6803) far exceeds block count (1700); potential sync issue    
2026-08-10T05:33:29.640674Z  WARN ThreadId(20) hotstuff_runner::app: Node 2 [produce_block] queue size: 0, attempting up to 0 transactions this block    
2026-08-10T05:33:29.640913Z  WARN ThreadId(20) hotstuff_runner::app: Node 2 view(6807) far exceeds block count (1701); potential sync issue    
2026-08-10T05:33:29.804901Z  WARN ThreadId(20) hotstuff_runner::app: Node 2 [produce_block] queue size: 0, attempting up to 0 transactions this block    
2026-08-10T05:33:29.805248Z  WARN ThreadId(20) hotstuff_runner::app: Node 2 view(6811) far exceeds block count (1702); potential sync issue    
2026-08-10T05:33:30.080650Z  WARN ThreadId(20) hotstuff_runner::app: Node 2 [produce_block] queue size: 0, attempting up to 0 transactions this block    
2026-08-10T05:33:30.081921Z  WARN ThreadId(20) hotstuff_runner::app: Node 2 view(6815) far exceeds block count (1703); potential sync issue    
2026-08-10T05:33:30.254532Z  WARN ThreadId(20) hotstuff_runner::app: Node 2 [produce_block] queue size: 0, attempting up to 0 transactions this block    
2026-08-10T05:33:30.254841Z  WARN ThreadId(20) hotstuff_runner::app: Node 2 view(6819) far exceeds block count (1704); potential sync issue    
2026-08-10T05:33:30.352929Z  WARN ThreadId(20) hotstuff_runner::app: Node 2 [produce_block] queue size: 0, attempting up to 0 transactions this block    
2026-08-10T05:33:30.357914Z  WARN ThreadId(20) hotstuff_runner::app: Node 2 view(6823) far exceeds block count (1705); potential sync issue    
2026-08-10T05:33:30.421552Z  WARN ThreadId(20) hotstuff_runner::app: Node 2 [produce_block] queue size: 0, attempting up to 0 transactions this block    
2026-08-10T05:33:30.422961Z  WARN ThreadId(20) hotstuff_runner::app: Node 2 view(6827) far exceeds block count (1706); potential sync issue    
2026-08-10T05:33:30.574093Z  WARN ThreadId(20) hotstuff_runner::app: Node 2 [produce_block] queue size: 0, attempting up to 0 transactions this block    
2026-08-10T05:33:30.574268Z  WARN ThreadId(20) hotstuff_runner::app: Node 2 view(6831) far exceeds block count (1707); potential sync issue    
2026-08-10T05:33:30.700892Z  WARN ThreadId(20) hotstuff_runner::app: Node 2 [produce_block] queue size: 0, attempting up to 0 transactions this block    
2026-08-10T05:33:30.702078Z  WARN ThreadId(20) hotstuff_runner::app: Node 2 view(6835) far exceeds block count (1708); potential sync issue    
2026-08-10T05:33:30.865454Z  WARN ThreadId(20) hotstuff_runner::app: Node 2 [produce_block] queue size: 0, attempting up to 0 transactions this block    
2026-08-10T05:33:30.865922Z  WARN ThreadId(20) hotstuff_runner::app: Node 2 view(6839) far exceeds block count (1709); potential sync issue    
2026-08-10T05:33:30.972134Z  WARN ThreadId(20) hotstuff_runner::app: Node 2 [produce_block] queue size: 0, attempting up to 0 transactions this block    
2026-08-10T05:33:30.975482Z  WARN ThreadId(20) hotstuff_runner::app: Node 2 view(6843) far exceeds block count (1710); potential sync issue    
2026-08-10T05:33:31.028184Z  WARN ThreadId(20) hotstuff_runner::app: Node 2 [produce_block] queue size: 0, attempting up to 0 transactions this block    
2026-08-10T05:33:31.029747Z  WARN ThreadId(20) hotstuff_runner::app: Node 2 view(6847) far exceeds block count (1711); potential sync issue    
2026-08-10T05:33:31.172960Z  WARN ThreadId(20) hotstuff_runner::app: Node 2 [produce_block] queue size: 0, attempting up to 0 transactions this block    
2026-08-10T05:33:31.177189Z  WARN ThreadId(20) hotstuff_runner::app: Node 2 view(6851) far exceeds block count (1712); potential sync issue    
2026-08-10T05:33:31.325612Z  WARN ThreadId(20) hotstuff_runner::app: Node 2 [produce_block] queue size: 0, attempting up to 0 transactions this block    
2026-08-10T05:33:31.333364Z  WARN ThreadId(20) hotstuff_runner::app: Node 2 view(6855) far exceeds block count (1713); potential sync issue    
2026-08-10T05:33:31.469434Z  WARN ThreadId(20) hotstuff_runner::app: Node 2 [produce_block] queue size: 0, attempting up to 0 transactions this block    
2026-08-10T05:33:31.470852Z  WARN ThreadId(20) hotstuff_runner::app: Node 2 view(6859) far exceeds block count (1714); potential sync issue    
2026-08-10T05:33:31.642183Z  WARN ThreadId(20) hotstuff_runner::app: Node 2 [produce_block] queue size: 0, attempting up to 0 transactions this block    
2026-08-10T05:33:31.642446Z  WARN ThreadId(20) hotstuff_runner::app: Node 2 view(6863) far exceeds block count (1715); potential sync issue    
2026-08-10T05:33:31.778079Z  WARN ThreadId(20) hotstuff_runner::app: Node 2 [produce_block] queue size: 0, attempting up to 0 transactions this block    
2026-08-10T05:33:31.778504Z  WARN ThreadId(20) hotstuff_runner::app: Node 2 view(6867) far exceeds block count (1716); potential sync issue    
2026-08-10T05:33:31.901995Z  WARN ThreadId(03) docker_node: Low processing efficiency: 0.0% - system may need tuning
2026-08-10T05:33:31.919788Z  WARN ThreadId(03) docker_node:   Connection reuse ineffective (2.0 msg/conn)
2026-08-10T05:33:31.922647Z  WARN ThreadId(20) hotstuff_runner::app: Node 2 [produce_block] queue size: 0, attempting up to 0 transactions this block    
2026-08-10T05:33:31.924423Z  WARN ThreadId(20) hotstuff_runner::app: Node 2 view(6871) far exceeds block count (1717); potential sync issue    
2026-08-10T05:33:32.037893Z  WARN ThreadId(20) hotstuff_runner::app: Node 2 [produce_block] queue size: 0, attempting up to 0 transactions this block    
2026-08-10T05:33:32.043068Z  WARN ThreadId(20) hotstuff_runner::app: Node 2 view(6875) far exceeds block count (1718); potential sync issue    
2026-08-10T05:33:32.177207Z  WARN ThreadId(20) hotstuff_runner::app: Node 2 [produce_block] queue size: 2, attempting up to 2 transactions this block    
2026-08-10T05:33:32.178340Z  WARN ThreadId(20) hotstuff_runner::app: Node 2 view(6879) far exceeds block count (1719); potential sync issue    
2026-08-10T05:33:32.264598Z  WARN ThreadId(20) hotstuff_runner::app: Node 2 [produce_block] queue size: 0, attempting up to 0 transactions this block    
2026-08-10T05:33:32.265796Z  WARN ThreadId(20) hotstuff_runner::app: Node 2 view(6883) far exceeds block count (1720); potential sync issue    
2026-08-10T05:33:32.275032Z  WARN ThreadId(25) hotstuff_runner::smrol::network: ⚠️ [Check] Writer 2 -> 1 slow write: 8.681375ms
2026-08-10T05:33:32.511282Z  WARN ThreadId(20) hotstuff_runner::app: Node 2 [produce_block] queue size: 4, attempting up to 4 transactions this block    
2026-08-10T05:33:32.521562Z  WARN ThreadId(20) hotstuff_runner::app: Node 2 view(6887) far exceeds block count (1721); potential sync issue    
2026-08-10T05:33:32.594757Z  WARN ThreadId(20) hotstuff_runner::app: Node 2 [produce_block] queue size: 0, attempting up to 0 transactions this block    
2026-08-10T05:33:32.594938Z  WARN ThreadId(20) hotstuff_runner::app: Node 2 view(6891) far exceeds block count (1722); potential sync issue    
2026-08-10T05:33:32.806629Z  WARN ThreadId(20) hotstuff_runner::app: Node 2 [produce_block] queue size: 2, attempting up to 2 transactions this block    
2026-08-10T05:33:32.807227Z  WARN ThreadId(20) hotstuff_runner::app: Node 2 view(6895) far exceeds block count (1723); potential sync issue    
2026-08-10T05:33:32.978162Z  WARN ThreadId(20) hotstuff_runner::app: Node 2 [produce_block] queue size: 2, attempting up to 2 transactions this block    
2026-08-10T05:33:32.995351Z  WARN ThreadId(20) hotstuff_runner::app: Node 2 view(6899) far exceeds block count (1724); potential sync issue    
2026-08-10T05:33:33.208011Z  WARN ThreadId(20) hotstuff_runner::app: Node 2 [produce_block] queue size: 2, attempting up to 2 transactions this block    
2026-08-10T05:33:33.208922Z  WARN ThreadId(20) hotstuff_runner::app: Node 2 view(6903) far exceeds block count (1725); potential sync issue    
2026-08-10T05:33:33.319781Z  WARN ThreadId(20) hotstuff_runner::app: Node 2 [produce_block] queue size: 2, attempting up to 2 transactions this block    
2026-08-10T05:33:33.321281Z  WARN ThreadId(20) hotstuff_runner::app: Node 2 view(6907) far exceeds block count (1726); potential sync issue    
2026-08-10T05:33:33.483039Z  WARN ThreadId(20) hotstuff_runner::app: Node 2 [produce_block] queue size: 0, attempting up to 0 transactions this block    
2026-08-10T05:33:33.485765Z  WARN ThreadId(20) hotstuff_runner::app: Node 2 view(6911) far exceeds block count (1727); potential sync issue    
2026-08-10T05:33:33.716926Z  WARN ThreadId(20) hotstuff_runner::app: Node 2 [produce_block] queue size: 2, attempting up to 2 transactions this block    
2026-08-10T05:33:33.717202Z  WARN ThreadId(20) hotstuff_runner::app: Node 2 view(6915) far exceeds block count (1728); potential sync issue    
2026-08-10T05:33:33.852210Z  WARN ThreadId(20) hotstuff_runner::app: Node 2 [produce_block] queue size: 2, attempting up to 2 transactions this block    
2026-08-10T05:33:33.854517Z  WARN ThreadId(20) hotstuff_runner::app: Node 2 view(6919) far exceeds block count (1729); potential sync issue    
2026-08-10T05:33:34.016901Z  WARN ThreadId(20) hotstuff_runner::app: Node 2 [produce_block] queue size: 2, attempting up to 2 transactions this block    
2026-08-10T05:33:34.019990Z  WARN ThreadId(20) hotstuff_runner::app: Node 2 view(6923) far exceeds block count (1730); potential sync issue    
2026-08-10T05:33:34.214470Z  WARN ThreadId(20) hotstuff_runner::app: Node 2 [produce_block] queue size: 2, attempting up to 2 transactions this block    
2026-08-10T05:33:34.214854Z  WARN ThreadId(20) hotstuff_runner::app: Node 2 view(6927) far exceeds block count (1731); potential sync issue    
2026-08-10T05:33:34.439608Z  WARN ThreadId(20) hotstuff_runner::app: Node 2 [produce_block] queue size: 2, attempting up to 2 transactions this block    
2026-08-10T05:33:34.439825Z  WARN ThreadId(20) hotstuff_runner::app: Node 2 view(6931) far exceeds block count (1732); potential sync issue    
2026-08-10T05:33:34.568654Z  WARN ThreadId(20) hotstuff_runner::app: Node 2 [produce_block] queue size: 2, attempting up to 2 transactions this block    
2026-08-10T05:33:34.571741Z  WARN ThreadId(20) hotstuff_runner::app: Node 2 view(6935) far exceeds block count (1733); potential sync issue    
2026-08-10T05:33:34.770124Z  WARN ThreadId(20) hotstuff_runner::app: Node 2 [produce_block] queue size: 2, attempting up to 2 transactions this block    
2026-08-10T05:33:34.777693Z  WARN ThreadId(20) hotstuff_runner::app: Node 2 view(6939) far exceeds block count (1734); potential sync issue    
2026-08-10T05:33:34.945896Z  WARN ThreadId(20) hotstuff_runner::app: Node 2 [produce_block] queue size: 0, attempting up to 0 transactions this block    
2026-08-10T05:33:34.949019Z  WARN ThreadId(20) hotstuff_runner::app: Node 2 view(6943) far exceeds block count (1735); potential sync issue    
2026-08-10T05:33:35.246722Z  WARN ThreadId(20) hotstuff_runner::app: Node 2 [produce_block] queue size: 4, attempting up to 4 transactions this block    
2026-08-10T05:33:35.246960Z  WARN ThreadId(20) hotstuff_runner::app: Node 2 view(6947) far exceeds block count (1736); potential sync issue    
2026-08-10T05:33:35.474125Z  WARN ThreadId(20) hotstuff_runner::app: Node 2 [produce_block] queue size: 2, attempting up to 2 transactions this block    
2026-08-10T05:33:35.485209Z  WARN ThreadId(20) hotstuff_runner::app: Node 2 view(6951) far exceeds block count (1737); potential sync issue    
2026-08-10T05:33:35.690672Z  WARN ThreadId(20) hotstuff_runner::app: Node 2 [produce_block] queue size: 2, attempting up to 2 transactions this block    
2026-08-10T05:33:35.694422Z  WARN ThreadId(20) hotstuff_runner::app: Node 2 view(6955) far exceeds block count (1738); potential sync issue    
2026-08-10T05:33:35.736839Z  WARN ThreadId(26) hotstuff_runner::smrol::network: ⚠️ [Check] Writer 2 -> 3 slow write: 8.434334ms
2026-08-10T05:33:35.885137Z  WARN ThreadId(20) hotstuff_runner::app: Node 2 [produce_block] queue size: 2, attempting up to 2 transactions this block    
2026-08-10T05:33:35.885417Z  WARN ThreadId(20) hotstuff_runner::app: Node 2 view(6959) far exceeds block count (1739); potential sync issue    
2026-08-10T05:33:36.075076Z  WARN ThreadId(20) hotstuff_runner::app: Node 2 [produce_block] queue size: 2, attempting up to 2 transactions this block    
2026-08-10T05:33:36.075296Z  WARN ThreadId(20) hotstuff_runner::app: Node 2 view(6963) far exceeds block count (1740); potential sync issue    
2026-08-10T05:33:36.183992Z  WARN ThreadId(20) hotstuff_runner::app: Node 2 [produce_block] queue size: 0, attempting up to 0 transactions this block    
2026-08-10T05:33:36.184211Z  WARN ThreadId(20) hotstuff_runner::app: Node 2 view(6967) far exceeds block count (1741); potential sync issue    
2026-08-10T05:33:36.369890Z  WARN ThreadId(20) hotstuff_runner::app: Node 2 [produce_block] queue size: 2, attempting up to 2 transactions this block    
2026-08-10T05:33:36.370160Z  WARN ThreadId(20) hotstuff_runner::app: Node 2 view(6971) far exceeds block count (1742); potential sync issue    
2026-08-10T05:33:36.542107Z  WARN ThreadId(20) hotstuff_runner::app: Node 2 [produce_block] queue size: 2, attempting up to 2 transactions this block    
2026-08-10T05:33:36.543090Z  WARN ThreadId(20) hotstuff_runner::app: Node 2 view(6975) far exceeds block count (1743); potential sync issue    
2026-08-10T05:33:36.734902Z  WARN ThreadId(20) hotstuff_runner::app: Node 2 [produce_block] queue size: 2, attempting up to 2 transactions this block    
2026-08-10T05:33:36.736605Z  WARN ThreadId(20) hotstuff_runner::app: Node 2 view(6979) far exceeds block count (1744); potential sync issue    
2026-08-10T05:33:36.877681Z  WARN ThreadId(20) hotstuff_runner::app: Node 2 [produce_block] queue size: 2, attempting up to 2 transactions this block    
2026-08-10T05:33:36.880756Z  WARN ThreadId(20) hotstuff_runner::app: Node 2 view(6983) far exceeds block count (1745); potential sync issue    
2026-08-10T05:33:36.902017Z  WARN ThreadId(03) docker_node: Low processing efficiency: 0.0% - system may need tuning
2026-08-10T05:33:36.902254Z  WARN ThreadId(03) docker_node:   Connection reuse ineffective (2.0 msg/conn)
2026-08-10T05:33:37.058504Z  WARN ThreadId(20) hotstuff_runner::app: Node 2 [produce_block] queue size: 2, attempting up to 2 transactions this block    
2026-08-10T05:33:37.058722Z  WARN ThreadId(20) hotstuff_runner::app: Node 2 view(6987) far exceeds block count (1746); potential sync issue    
2026-08-10T05:33:37.146157Z  WARN ThreadId(20) hotstuff_runner::app: Node 2 [produce_block] queue size: 0, attempting up to 0 transactions this block    
2026-08-10T05:33:37.146812Z  WARN ThreadId(20) hotstuff_runner::app: Node 2 view(6991) far exceeds block count (1747); potential sync issue    
2026-08-10T05:33:37.268891Z  WARN ThreadId(20) hotstuff_runner::app: Node 2 [produce_block] queue size: 2, attempting up to 2 transactions this block    
2026-08-10T05:33:37.269249Z  WARN ThreadId(20) hotstuff_runner::app: Node 2 view(6995) far exceeds block count (1748); potential sync issue    
2026-08-10T05:33:37.451260Z  WARN ThreadId(20) hotstuff_runner::app: Node 2 [produce_block] queue size: 2, attempting up to 2 transactions this block    
2026-08-10T05:33:37.456448Z  WARN ThreadId(20) hotstuff_runner::app: Node 2 view(6999) far exceeds block count (1749); potential sync issue    
2026-08-10T05:33:37.556182Z  WARN ThreadId(20) hotstuff_runner::app: Node 2 [produce_block] queue size: 2, attempting up to 2 transactions this block    
2026-08-10T05:33:37.556438Z  WARN ThreadId(20) hotstuff_runner::app: Node 2 view(7003) far exceeds block count (1750); potential sync issue    
2026-08-10T05:33:37.665007Z  WARN ThreadId(20) hotstuff_runner::app: Node 2 [produce_block] queue size: 0, attempting up to 0 transactions this block    
2026-08-10T05:33:37.665214Z  WARN ThreadId(20) hotstuff_runner::app: Node 2 view(7007) far exceeds block count (1751); potential sync issue    
2026-08-10T05:33:37.784989Z  WARN ThreadId(20) hotstuff_runner::app: Node 2 [produce_block] queue size: 0, attempting up to 0 transactions this block    
2026-08-10T05:33:37.785534Z  WARN ThreadId(20) hotstuff_runner::app: Node 2 view(7011) far exceeds block count (1752); potential sync issue    
2026-08-10T05:33:37.919512Z  WARN ThreadId(20) hotstuff_runner::app: Node 2 [produce_block] queue size: 2, attempting up to 2 transactions this block    
2026-08-10T05:33:37.920447Z  WARN ThreadId(20) hotstuff_runner::app: Node 2 view(7015) far exceeds block count (1753); potential sync issue    
2026-08-10T05:33:37.973722Z  WARN ThreadId(26) hotstuff_runner::smrol::network: ⚠️ [Check] Writer 2 -> 1 slow write: 5.299541ms
2026-08-10T05:33:38.060745Z  WARN ThreadId(20) hotstuff_runner::app: Node 2 [produce_block] queue size: 2, attempting up to 2 transactions this block    
2026-08-10T05:33:38.061620Z  WARN ThreadId(20) hotstuff_runner::app: Node 2 view(7019) far exceeds block count (1754); potential sync issue    
2026-08-10T05:33:38.238901Z  WARN ThreadId(20) hotstuff_runner::app: Node 2 [produce_block] queue size: 2, attempting up to 2 transactions this block    
2026-08-10T05:33:38.245577Z  WARN ThreadId(20) hotstuff_runner::app: Node 2 view(7023) far exceeds block count (1755); potential sync issue    
2026-08-10T05:33:38.539272Z  WARN ThreadId(20) hotstuff_runner::app: Node 2 [produce_block] queue size: 2, attempting up to 2 transactions this block    
2026-08-10T05:33:38.541199Z  WARN ThreadId(20) hotstuff_runner::app: Node 2 view(7027) far exceeds block count (1756); potential sync issue    
2026-08-10T05:33:38.739775Z  WARN ThreadId(20) hotstuff_runner::app: Node 2 [produce_block] queue size: 2, attempting up to 2 transactions this block    
2026-08-10T05:33:38.739894Z  WARN ThreadId(20) hotstuff_runner::app: Node 2 view(7031) far exceeds block count (1757); potential sync issue    
2026-08-10T05:33:38.941320Z  WARN ThreadId(20) hotstuff_runner::app: Node 2 [produce_block] queue size: 2, attempting up to 2 transactions this block    
2026-08-10T05:33:38.951068Z  WARN ThreadId(20) hotstuff_runner::app: Node 2 view(7035) far exceeds block count (1758); potential sync issue    
2026-08-10T05:33:39.040357Z  WARN ThreadId(25) hotstuff_runner::smrol::network: ⚠️ [Check] Writer 2 -> 3 slow write: 5.528709ms
2026-08-10T05:33:39.249056Z  WARN ThreadId(20) hotstuff_runner::app: Node 2 [produce_block] queue size: 4, attempting up to 4 transactions this block    
2026-08-10T05:33:39.255881Z  WARN ThreadId(20) hotstuff_runner::app: Node 2 view(7039) far exceeds block count (1759); potential sync issue    
2026-08-10T05:33:39.467170Z  WARN ThreadId(20) hotstuff_runner::app: Node 2 [produce_block] queue size: 2, attempting up to 2 transactions this block    
2026-08-10T05:33:39.475503Z  WARN ThreadId(20) hotstuff_runner::app: Node 2 view(7043) far exceeds block count (1760); potential sync issue    
2026-08-10T05:33:39.609006Z  WARN ThreadId(20) hotstuff_runner::app: Node 2 [produce_block] queue size: 2, attempting up to 2 transactions this block    
2026-08-10T05:33:39.609224Z  WARN ThreadId(20) hotstuff_runner::app: Node 2 view(7047) far exceeds block count (1761); potential sync issue    
2026-08-10T05:33:39.744085Z  WARN ThreadId(20) hotstuff_runner::app: Node 2 [produce_block] queue size: 0, attempting up to 0 transactions this block    
2026-08-10T05:33:39.749240Z  WARN ThreadId(20) hotstuff_runner::app: Node 2 view(7051) far exceeds block count (1762); potential sync issue    
2026-08-10T05:33:39.919508Z  WARN ThreadId(20) hotstuff_runner::app: Node 2 [produce_block] queue size: 2, attempting up to 2 transactions this block    
2026-08-10T05:33:39.919859Z  WARN ThreadId(20) hotstuff_runner::app: Node 2 view(7055) far exceeds block count (1763); potential sync issue    
2026-08-10T05:33:40.088396Z  WARN ThreadId(20) hotstuff_runner::app: Node 2 [produce_block] queue size: 2, attempting up to 2 transactions this block    
2026-08-10T05:33:40.092003Z  WARN ThreadId(20) hotstuff_runner::app: Node 2 view(7059) far exceeds block count (1764); potential sync issue    
2026-08-10T05:33:40.273892Z  WARN ThreadId(20) hotstuff_runner::app: Node 2 [produce_block] queue size: 2, attempting up to 2 transactions this block    
2026-08-10T05:33:40.274252Z  WARN ThreadId(20) hotstuff_runner::app: Node 2 view(7063) far exceeds block count (1765); potential sync issue    
2026-08-10T05:33:40.448953Z  WARN ThreadId(20) hotstuff_runner::app: Node 2 [produce_block] queue size: 2, attempting up to 2 transactions this block    
2026-08-10T05:33:40.449167Z  WARN ThreadId(20) hotstuff_runner::app: Node 2 view(7067) far exceeds block count (1766); potential sync issue    
2026-08-10T05:33:40.616730Z  WARN ThreadId(20) hotstuff_runner::app: Node 2 [produce_block] queue size: 2, attempting up to 2 transactions this block    
2026-08-10T05:33:40.618461Z  WARN ThreadId(20) hotstuff_runner::app: Node 2 view(7071) far exceeds block count (1767); potential sync issue    
2026-08-10T05:33:40.749963Z  WARN ThreadId(20) hotstuff_runner::app: Node 2 [produce_block] queue size: 0, attempting up to 0 transactions this block    
2026-08-10T05:33:40.750723Z  WARN ThreadId(20) hotstuff_runner::app: Node 2 view(7075) far exceeds block count (1768); potential sync issue    
2026-08-10T05:33:40.883425Z  WARN ThreadId(20) hotstuff_runner::app: Node 2 [produce_block] queue size: 2, attempting up to 2 transactions this block    
2026-08-10T05:33:40.887221Z  WARN ThreadId(20) hotstuff_runner::app: Node 2 view(7079) far exceeds block count (1769); potential sync issue    
2026-08-10T05:33:41.072592Z  WARN ThreadId(20) hotstuff_runner::app: Node 2 [produce_block] queue size: 2, attempting up to 2 transactions this block    
2026-08-10T05:33:41.073339Z  WARN ThreadId(20) hotstuff_runner::app: Node 2 view(7083) far exceeds block count (1770); potential sync issue    
2026-08-10T05:33:41.210711Z  WARN ThreadId(20) hotstuff_runner::app: Node 2 [produce_block] queue size: 2, attempting up to 2 transactions this block    
2026-08-10T05:33:41.211088Z  WARN ThreadId(20) hotstuff_runner::app: Node 2 view(7087) far exceeds block count (1771); potential sync issue    
2026-08-10T05:33:41.369766Z  WARN ThreadId(20) hotstuff_runner::app: Node 2 [produce_block] queue size: 2, attempting up to 2 transactions this block    
2026-08-10T05:33:41.372009Z  WARN ThreadId(20) hotstuff_runner::app: Node 2 view(7091) far exceeds block count (1772); potential sync issue    
2026-08-10T05:33:41.606766Z  WARN ThreadId(20) hotstuff_runner::app: Node 2 [produce_block] queue size: 2, attempting up to 2 transactions this block    
2026-08-10T05:33:41.620208Z  WARN ThreadId(20) hotstuff_runner::app: Node 2 view(7095) far exceeds block count (1773); potential sync issue    
2026-08-10T05:33:41.904238Z  WARN ThreadId(02) docker_node: Low processing efficiency: 0.0% - system may need tuning
2026-08-10T05:33:41.904572Z  WARN ThreadId(02) docker_node:   Connection reuse ineffective (2.0 msg/conn)
2026-08-10T05:33:41.975961Z  WARN ThreadId(20) hotstuff_runner::app: Node 2 [produce_block] queue size: 2, attempting up to 2 transactions this block    
2026-08-10T05:33:41.983039Z  WARN ThreadId(20) hotstuff_runner::app: Node 2 view(7099) far exceeds block count (1774); potential sync issue    
2026-08-10T05:33:42.121977Z  WARN ThreadId(20) hotstuff_runner::app: Node 2 [produce_block] queue size: 0, attempting up to 0 transactions this block    
2026-08-10T05:33:42.128243Z  WARN ThreadId(20) hotstuff_runner::app: Node 2 view(7103) far exceeds block count (1775); potential sync issue    
2026-08-10T05:33:42.325046Z  WARN ThreadId(20) hotstuff_runner::app: Node 2 [produce_block] queue size: 0, attempting up to 0 transactions this block    
2026-08-10T05:33:42.341919Z  WARN ThreadId(20) hotstuff_runner::app: Node 2 view(7107) far exceeds block count (1776); potential sync issue    
2026-08-10T05:33:42.462886Z  WARN ThreadId(20) hotstuff_runner::app: Node 2 [produce_block] queue size: 0, attempting up to 0 transactions this block    
2026-08-10T05:33:42.465865Z  WARN ThreadId(20) hotstuff_runner::app: Node 2 view(7111) far exceeds block count (1777); potential sync issue    
2026-08-10T05:33:42.691911Z  WARN ThreadId(20) hotstuff_runner::app: Node 2 [produce_block] queue size: 0, attempting up to 0 transactions this block    
2026-08-10T05:33:42.692090Z  WARN ThreadId(20) hotstuff_runner::app: Node 2 view(7115) far exceeds block count (1778); potential sync issue    
2026-08-10T05:33:42.773031Z  WARN ThreadId(20) hotstuff_runner::app: Node 2 [produce_block] queue size: 0, attempting up to 0 transactions this block    
2026-08-10T05:33:42.776702Z  WARN ThreadId(20) hotstuff_runner::app: Node 2 view(7119) far exceeds block count (1779); potential sync issue    
2026-08-10T05:33:42.903669Z  WARN ThreadId(20) hotstuff_runner::app: Node 2 [produce_block] queue size: 0, attempting up to 0 transactions this block    
2026-08-10T05:33:42.904262Z  WARN ThreadId(20) hotstuff_runner::app: Node 2 view(7123) far exceeds block count (1780); potential sync issue    
2026-08-10T05:33:43.033582Z  WARN ThreadId(20) hotstuff_runner::app: Node 2 [produce_block] queue size: 0, attempting up to 0 transactions this block    
2026-08-10T05:33:43.034575Z  WARN ThreadId(20) hotstuff_runner::app: Node 2 view(7127) far exceeds block count (1781); potential sync issue    
2026-08-10T05:33:43.113420Z  WARN ThreadId(20) hotstuff_runner::app: Node 2 [produce_block] queue size: 0, attempting up to 0 transactions this block    
2026-08-10T05:33:43.114910Z  WARN ThreadId(20) hotstuff_runner::app: Node 2 view(7131) far exceeds block count (1782); potential sync issue    
2026-08-10T05:33:43.461847Z  WARN ThreadId(20) hotstuff_runner::app: Node 2 [produce_block] queue size: 0, attempting up to 0 transactions this block    
2026-08-10T05:33:43.462435Z  WARN ThreadId(20) hotstuff_runner::app: Node 2 view(7135) far exceeds block count (1783); potential sync issue    
2026-08-10T05:33:43.567280Z  WARN ThreadId(20) hotstuff_runner::app: Node 2 [produce_block] queue size: 0, attempting up to 0 transactions this block    
2026-08-10T05:33:43.574412Z  WARN ThreadId(20) hotstuff_runner::app: Node 2 view(7139) far exceeds block count (1784); potential sync issue    
2026-08-10T05:33:43.703052Z  WARN ThreadId(20) hotstuff_runner::app: Node 2 [produce_block] queue size: 0, attempting up to 0 transactions this block    
2026-08-10T05:33:43.703199Z  WARN ThreadId(20) hotstuff_runner::app: Node 2 view(7143) far exceeds block count (1785); potential sync issue    
2026-08-10T05:33:43.871921Z  WARN ThreadId(20) hotstuff_runner::app: Node 2 [produce_block] queue size: 0, attempting up to 0 transactions this block    
2026-08-10T05:33:43.873443Z  WARN ThreadId(20) hotstuff_runner::app: Node 2 view(7147) far exceeds block count (1786); potential sync issue    
2026-08-10T05:33:44.094040Z  WARN ThreadId(20) hotstuff_runner::app: Node 2 [produce_block] queue size: 0, attempting up to 0 transactions this block    
2026-08-10T05:33:44.097665Z  WARN ThreadId(20) hotstuff_runner::app: Node 2 view(7151) far exceeds block count (1787); potential sync issue    
2026-08-10T05:33:44.231732Z  WARN ThreadId(20) hotstuff_runner::app: Node 2 [produce_block] queue size: 0, attempting up to 0 transactions this block    
2026-08-10T05:33:44.232454Z  WARN ThreadId(20) hotstuff_runner::app: Node 2 view(7155) far exceeds block count (1788); potential sync issue    
2026-08-10T05:33:44.324124Z  WARN ThreadId(20) hotstuff_runner::app: Node 2 [produce_block] queue size: 0, attempting up to 0 transactions this block    
2026-08-10T05:33:44.339720Z  WARN ThreadId(20) hotstuff_runner::app: Node 2 view(7159) far exceeds block count (1789); potential sync issue    
2026-08-10T05:33:44.448476Z  WARN ThreadId(20) hotstuff_runner::app: Node 2 [produce_block] queue size: 0, attempting up to 0 transactions this block    
2026-08-10T05:33:44.449456Z  WARN ThreadId(20) hotstuff_runner::app: Node 2 view(7163) far exceeds block count (1790); potential sync issue    
2026-08-10T05:33:44.590265Z  WARN ThreadId(20) hotstuff_runner::app: Node 2 [produce_block] queue size: 0, attempting up to 0 transactions this block    
2026-08-10T05:33:44.593446Z  WARN ThreadId(20) hotstuff_runner::app: Node 2 view(7167) far exceeds block count (1791); potential sync issue    
2026-08-10T05:33:44.712304Z  WARN ThreadId(20) hotstuff_runner::app: Node 2 [produce_block] queue size: 0, attempting up to 0 transactions this block    
2026-08-10T05:33:44.712524Z  WARN ThreadId(20) hotstuff_runner::app: Node 2 view(7171) far exceeds block count (1792); potential sync issue    
2026-08-10T05:33:44.909204Z  WARN ThreadId(20) hotstuff_runner::app: Node 2 [produce_block] queue size: 0, attempting up to 0 transactions this block    
2026-08-10T05:33:44.929424Z  WARN ThreadId(20) hotstuff_runner::app: Node 2 view(7175) far exceeds block count (1793); potential sync issue    
2026-08-10T05:33:45.093708Z  WARN ThreadId(20) hotstuff_runner::app: Node 2 [produce_block] queue size: 0, attempting up to 0 transactions this block    
2026-08-10T05:33:45.104017Z  WARN ThreadId(20) hotstuff_runner::app: Node 2 view(7179) far exceeds block count (1794); potential sync issue    
2026-08-10T05:33:45.271080Z  WARN ThreadId(20) hotstuff_runner::app: Node 2 [produce_block] queue size: 0, attempting up to 0 transactions this block    
2026-08-10T05:33:45.277161Z  WARN ThreadId(20) hotstuff_runner::app: Node 2 view(7183) far exceeds block count (1795); potential sync issue    
2026-08-10T05:33:45.422039Z  WARN ThreadId(20) hotstuff_runner::app: Node 2 [produce_block] queue size: 0, attempting up to 0 transactions this block    
2026-08-10T05:33:45.426961Z  WARN ThreadId(20) hotstuff_runner::app: Node 2 view(7187) far exceeds block count (1796); potential sync issue    
2026-08-10T05:33:45.615186Z  WARN ThreadId(20) hotstuff_runner::app: Node 2 [produce_block] queue size: 0, attempting up to 0 transactions this block    
2026-08-10T05:33:45.615845Z  WARN ThreadId(20) hotstuff_runner::app: Node 2 view(7191) far exceeds block count (1797); potential sync issue    
2026-08-10T05:33:45.748341Z  WARN ThreadId(20) hotstuff_runner::app: Node 2 [produce_block] queue size: 0, attempting up to 0 transactions this block    
2026-08-10T05:33:45.748555Z  WARN ThreadId(20) hotstuff_runner::app: Node 2 view(7195) far exceeds block count (1798); potential sync issue    
2026-08-10T05:33:45.955708Z  WARN ThreadId(20) hotstuff_runner::app: Node 2 [produce_block] queue size: 0, attempting up to 0 transactions this block    
2026-08-10T05:33:45.956183Z  WARN ThreadId(20) hotstuff_runner::app: Node 2 view(7199) far exceeds block count (1799); potential sync issue    
2026-08-10T05:33:46.076529Z  WARN ThreadId(20) hotstuff_runner::app: Node 2 [produce_block] queue size: 0, attempting up to 0 transactions this block    
2026-08-10T05:33:46.081135Z  WARN ThreadId(20) hotstuff_runner::app: Node 2 view(7203) far exceeds block count (1800); potential sync issue    
2026-08-10T05:33:46.182655Z  WARN ThreadId(20) hotstuff_runner::app: Node 2 [produce_block] queue size: 0, attempting up to 0 transactions this block    
2026-08-10T05:33:46.188612Z  WARN ThreadId(20) hotstuff_runner::app: Node 2 view(7207) far exceeds block count (1801); potential sync issue    
2026-08-10T05:33:46.316951Z  WARN ThreadId(20) hotstuff_runner::app: Node 2 [produce_block] queue size: 0, attempting up to 0 transactions this block    
2026-08-10T05:33:46.317396Z  WARN ThreadId(20) hotstuff_runner::app: Node 2 view(7211) far exceeds block count (1802); potential sync issue    
2026-08-10T05:33:46.486763Z  WARN ThreadId(20) hotstuff_runner::app: Node 2 [produce_block] queue size: 0, attempting up to 0 transactions this block    
2026-08-10T05:33:46.487671Z  WARN ThreadId(20) hotstuff_runner::app: Node 2 view(7215) far exceeds block count (1803); potential sync issue    
2026-08-10T05:33:46.613317Z  WARN ThreadId(20) hotstuff_runner::app: Node 2 [produce_block] queue size: 0, attempting up to 0 transactions this block    
2026-08-10T05:33:46.613561Z  WARN ThreadId(20) hotstuff_runner::app: Node 2 view(7219) far exceeds block count (1804); potential sync issue    
2026-08-10T05:33:46.746402Z  WARN ThreadId(20) hotstuff_runner::app: Node 2 [produce_block] queue size: 0, attempting up to 0 transactions this block    
2026-08-10T05:33:46.746761Z  WARN ThreadId(20) hotstuff_runner::app: Node 2 view(7223) far exceeds block count (1805); potential sync issue    
2026-08-10T05:33:46.879572Z  WARN ThreadId(03) docker_node: Low processing efficiency: 0.0% - system may need tuning
2026-08-10T05:33:46.897701Z  WARN ThreadId(20) hotstuff_runner::app: Node 2 [produce_block] queue size: 0, attempting up to 0 transactions this block    
2026-08-10T05:33:46.898930Z  WARN ThreadId(03) docker_node:   Connection reuse ineffective (2.0 msg/conn)
2026-08-10T05:33:46.900609Z  WARN ThreadId(20) hotstuff_runner::app: Node 2 view(7227) far exceeds block count (1806); potential sync issue    
2026-08-10T05:33:47.027952Z  WARN ThreadId(20) hotstuff_runner::app: Node 2 [produce_block] queue size: 0, attempting up to 0 transactions this block    
2026-08-10T05:33:47.028184Z  WARN ThreadId(20) hotstuff_runner::app: Node 2 view(7231) far exceeds block count (1807); potential sync issue    
2026-08-10T05:33:47.287008Z  WARN ThreadId(20) hotstuff_runner::app: Node 2 [produce_block] queue size: 0, attempting up to 0 transactions this block    
2026-08-10T05:33:47.293501Z  WARN ThreadId(20) hotstuff_runner::app: Node 2 view(7235) far exceeds block count (1808); potential sync issue    
2026-08-10T05:33:47.474931Z  WARN ThreadId(20) hotstuff_runner::app: Node 2 [produce_block] queue size: 0, attempting up to 0 transactions this block    
2026-08-10T05:33:47.475234Z  WARN ThreadId(20) hotstuff_runner::app: Node 2 view(7239) far exceeds block count (1809); potential sync issue    
2026-08-10T05:33:47.710229Z  WARN ThreadId(20) hotstuff_runner::app: Node 2 [produce_block] queue size: 0, attempting up to 0 transactions this block    
2026-08-10T05:33:47.710434Z  WARN ThreadId(20) hotstuff_runner::app: Node 2 view(7243) far exceeds block count (1810); potential sync issue    
2026-08-10T05:33:47.816048Z  WARN ThreadId(20) hotstuff_runner::app: Node 2 [produce_block] queue size: 0, attempting up to 0 transactions this block    
2026-08-10T05:33:47.816356Z  WARN ThreadId(20) hotstuff_runner::app: Node 2 view(7247) far exceeds block count (1811); potential sync issue    
2026-08-10T05:33:47.943821Z  WARN ThreadId(20) hotstuff_runner::app: Node 2 [produce_block] queue size: 0, attempting up to 0 transactions this block    
2026-08-10T05:33:47.944219Z  WARN ThreadId(20) hotstuff_runner::app: Node 2 view(7251) far exceeds block count (1812); potential sync issue    
2026-08-10T05:33:48.123614Z  WARN ThreadId(20) hotstuff_runner::app: Node 2 [produce_block] queue size: 0, attempting up to 0 transactions this block    
2026-08-10T05:33:48.134020Z  WARN ThreadId(20) hotstuff_runner::app: Node 2 view(7255) far exceeds block count (1813); potential sync issue    
2026-08-10T05:33:48.238783Z  WARN ThreadId(20) hotstuff_runner::app: Node 2 [produce_block] queue size: 0, attempting up to 0 transactions this block    
2026-08-10T05:33:48.243424Z  WARN ThreadId(20) hotstuff_runner::app: Node 2 view(7259) far exceeds block count (1814); potential sync issue    
2026-08-10T05:33:48.388287Z  WARN ThreadId(20) hotstuff_runner::app: Node 2 [produce_block] queue size: 0, attempting up to 0 transactions this block    
2026-08-10T05:33:48.391051Z  WARN ThreadId(20) hotstuff_runner::app: Node 2 view(7263) far exceeds block count (1815); potential sync issue    
2026-08-10T05:33:48.496592Z  WARN ThreadId(20) hotstuff_runner::app: Node 2 [produce_block] queue size: 0, attempting up to 0 transactions this block    
2026-08-10T05:33:48.496731Z  WARN ThreadId(20) hotstuff_runner::app: Node 2 view(7267) far exceeds block count (1816); potential sync issue    
2026-08-10T05:33:48.597779Z  WARN ThreadId(20) hotstuff_runner::app: Node 2 [produce_block] queue size: 0, attempting up to 0 transactions this block    
2026-08-10T05:33:48.598407Z  WARN ThreadId(20) hotstuff_runner::app: Node 2 view(7271) far exceeds block count (1817); potential sync issue    
2026-08-10T05:33:48.725516Z  WARN ThreadId(20) hotstuff_runner::app: Node 2 [produce_block] queue size: 0, attempting up to 0 transactions this block    
2026-08-10T05:33:48.725926Z  WARN ThreadId(20) hotstuff_runner::app: Node 2 view(7275) far exceeds block count (1818); potential sync issue    
2026-08-10T05:33:48.834939Z  WARN ThreadId(20) hotstuff_runner::app: Node 2 [produce_block] queue size: 0, attempting up to 0 transactions this block    
2026-08-10T05:33:48.835237Z  WARN ThreadId(20) hotstuff_runner::app: Node 2 view(7279) far exceeds block count (1819); potential sync issue    
2026-08-10T05:33:49.016456Z  WARN ThreadId(20) hotstuff_runner::app: Node 2 [produce_block] queue size: 0, attempting up to 0 transactions this block    
2026-08-10T05:33:49.024273Z  WARN ThreadId(20) hotstuff_runner::app: Node 2 view(7283) far exceeds block count (1820); potential sync issue    
2026-08-10T05:33:49.173988Z  WARN ThreadId(20) hotstuff_runner::app: Node 2 [produce_block] queue size: 0, attempting up to 0 transactions this block    
2026-08-10T05:33:49.174186Z  WARN ThreadId(20) hotstuff_runner::app: Node 2 view(7287) far exceeds block count (1821); potential sync issue    
2026-08-10T05:33:49.327878Z  WARN ThreadId(20) hotstuff_runner::app: Node 2 [produce_block] queue size: 0, attempting up to 0 transactions this block    
2026-08-10T05:33:49.328498Z  WARN ThreadId(20) hotstuff_runner::app: Node 2 view(7291) far exceeds block count (1822); potential sync issue    
2026-08-10T05:33:49.564628Z  WARN ThreadId(20) hotstuff_runner::app: Node 2 [produce_block] queue size: 0, attempting up to 0 transactions this block    
2026-08-10T05:33:49.567620Z  WARN ThreadId(20) hotstuff_runner::app: Node 2 view(7295) far exceeds block count (1823); potential sync issue    
2026-08-10T05:33:49.690260Z  WARN ThreadId(20) hotstuff_runner::app: Node 2 [produce_block] queue size: 0, attempting up to 0 transactions this block    
2026-08-10T05:33:49.690485Z  WARN ThreadId(20) hotstuff_runner::app: Node 2 view(7299) far exceeds block count (1824); potential sync issue    
2026-08-10T05:33:49.821944Z  WARN ThreadId(20) hotstuff_runner::app: Node 2 [produce_block] queue size: 0, attempting up to 0 transactions this block    
2026-08-10T05:33:49.823731Z  WARN ThreadId(20) hotstuff_runner::app: Node 2 view(7303) far exceeds block count (1825); potential sync issue    
2026-08-10T05:33:49.937955Z  WARN ThreadId(20) hotstuff_runner::app: Node 2 [produce_block] queue size: 0, attempting up to 0 transactions this block    
2026-08-10T05:33:49.938580Z  WARN ThreadId(20) hotstuff_runner::app: Node 2 view(7307) far exceeds block count (1826); potential sync issue    
2026-08-10T05:33:50.291949Z  WARN ThreadId(25) hotstuff_runner::smrol::network: ⚠️ [Check] Writer 2 -> 3 slow write: 7.559666ms
2026-08-10T05:33:50.443764Z  WARN ThreadId(20) hotstuff_runner::app: Node 2 [produce_block] queue size: 0, attempting up to 0 transactions this block    
2026-08-10T05:33:50.446474Z  WARN ThreadId(20) hotstuff_runner::app: Node 2 view(7311) far exceeds block count (1827); potential sync issue    
2026-08-10T05:33:50.962264Z  WARN ThreadId(20) hotstuff_runner::app: Node 2 [produce_block] queue size: 0, attempting up to 0 transactions this block    
2026-08-10T05:33:50.968767Z  WARN ThreadId(20) hotstuff_runner::app: Node 2 view(7315) far exceeds block count (1828); potential sync issue    
2026-08-10T05:33:51.107199Z  WARN ThreadId(20) hotstuff_runner::app: Node 2 [produce_block] queue size: 0, attempting up to 0 transactions this block    
2026-08-10T05:33:51.107546Z  WARN ThreadId(20) hotstuff_runner::app: Node 2 view(7319) far exceeds block count (1829); potential sync issue    
2026-08-10T05:33:51.248742Z  WARN ThreadId(20) hotstuff_runner::app: Node 2 [produce_block] queue size: 0, attempting up to 0 transactions this block    
2026-08-10T05:33:51.249398Z  WARN ThreadId(20) hotstuff_runner::app: Node 2 view(7323) far exceeds block count (1830); potential sync issue    
2026-08-10T05:33:51.410133Z  WARN ThreadId(20) hotstuff_runner::app: Node 2 [produce_block] queue size: 0, attempting up to 0 transactions this block    
2026-08-10T05:33:51.410719Z  WARN ThreadId(20) hotstuff_runner::app: Node 2 view(7327) far exceeds block count (1831); potential sync issue    
2026-08-10T05:33:51.572422Z  WARN ThreadId(20) hotstuff_runner::app: Node 2 [produce_block] queue size: 0, attempting up to 0 transactions this block    
2026-08-10T05:33:51.578034Z  WARN ThreadId(20) hotstuff_runner::app: Node 2 view(7331) far exceeds block count (1832); potential sync issue    
2026-08-10T05:33:51.678895Z  WARN ThreadId(20) hotstuff_runner::app: Node 2 [produce_block] queue size: 0, attempting up to 0 transactions this block    
2026-08-10T05:33:51.679691Z  WARN ThreadId(20) hotstuff_runner::app: Node 2 view(7335) far exceeds block count (1833); potential sync issue    
2026-08-10T05:33:51.830045Z  WARN ThreadId(20) hotstuff_runner::app: Node 2 [produce_block] queue size: 0, attempting up to 0 transactions this block    
2026-08-10T05:33:51.830505Z  WARN ThreadId(20) hotstuff_runner::app: Node 2 view(7339) far exceeds block count (1834); potential sync issue    
2026-08-10T05:33:51.880805Z  WARN ThreadId(07) docker_node: Low processing efficiency: 0.0% - system may need tuning
2026-08-10T05:33:51.883588Z  WARN ThreadId(07) docker_node:   Connection reuse ineffective (2.0 msg/conn)
2026-08-10T05:33:52.064882Z  WARN ThreadId(20) hotstuff_runner::app: Node 2 [produce_block] queue size: 0, attempting up to 0 transactions this block    
2026-08-10T05:33:52.065220Z  WARN ThreadId(20) hotstuff_runner::app: Node 2 view(7343) far exceeds block count (1835); potential sync issue    
2026-08-10T05:33:52.576149Z  WARN ThreadId(25) hotstuff_runner::smrol::network: ⚠️ [Check] Writer 2 -> 0 slow write: 11.352ms
2026-08-10T05:33:52.908663Z  WARN ThreadId(20) hotstuff_runner::app: Node 2 [produce_block] queue size: 0, attempting up to 0 transactions this block    
2026-08-10T05:33:52.910144Z  WARN ThreadId(20) hotstuff_runner::app: Node 2 view(7347) far exceeds block count (1836); potential sync issue    
2026-08-10T05:33:53.075104Z  WARN ThreadId(20) hotstuff_runner::app: Node 2 [produce_block] queue size: 0, attempting up to 0 transactions this block    
2026-08-10T05:33:53.075277Z  WARN ThreadId(20) hotstuff_runner::app: Node 2 view(7351) far exceeds block count (1837); potential sync issue    
2026-08-10T05:33:53.332261Z  WARN ThreadId(20) hotstuff_runner::app: Node 2 [produce_block] queue size: 0, attempting up to 0 transactions this block    
2026-08-10T05:33:53.332456Z  WARN ThreadId(20) hotstuff_runner::app: Node 2 view(7355) far exceeds block count (1838); potential sync issue    
2026-08-10T05:33:53.835757Z  WARN ThreadId(21) hotstuff_runner::tcp_node: Node 2 view 7355 timed out; latency may accumulate
2026-08-10T05:33:53.952461Z  WARN ThreadId(20) hotstuff_runner::app: Node 2 [produce_block] queue size: 0, attempting up to 0 transactions this block    
2026-08-10T05:33:53.952646Z  WARN ThreadId(20) hotstuff_runner::app: Node 2 view(7359) far exceeds block count (1839); potential sync issue    
2026-08-10T05:33:54.239789Z  WARN ThreadId(20) hotstuff_runner::app: Node 2 [produce_block] queue size: 0, attempting up to 0 transactions this block    
2026-08-10T05:33:54.240210Z  WARN ThreadId(20) hotstuff_runner::app: Node 2 view(7363) far exceeds block count (1840); potential sync issue    
2026-08-10T05:33:54.403251Z  WARN ThreadId(20) hotstuff_runner::app: Node 2 [produce_block] queue size: 0, attempting up to 0 transactions this block    
2026-08-10T05:33:54.403506Z  WARN ThreadId(20) hotstuff_runner::app: Node 2 view(7367) far exceeds block count (1841); potential sync issue    
2026-08-10T05:33:54.544408Z  WARN ThreadId(20) hotstuff_runner::app: Node 2 [produce_block] queue size: 0, attempting up to 0 transactions this block    
2026-08-10T05:33:54.544917Z  WARN ThreadId(20) hotstuff_runner::app: Node 2 view(7371) far exceeds block count (1842); potential sync issue    
2026-08-10T05:33:54.680115Z  WARN ThreadId(20) hotstuff_runner::app: Node 2 [produce_block] queue size: 0, attempting up to 0 transactions this block    
2026-08-10T05:33:54.680452Z  WARN ThreadId(20) hotstuff_runner::app: Node 2 view(7375) far exceeds block count (1843); potential sync issue    
2026-08-10T05:33:54.999541Z  WARN ThreadId(20) hotstuff_runner::app: Node 2 [produce_block] queue size: 0, attempting up to 0 transactions this block    
2026-08-10T05:33:55.004486Z  WARN ThreadId(20) hotstuff_runner::app: Node 2 view(7379) far exceeds block count (1844); potential sync issue    
2026-08-10T05:33:55.168500Z  WARN ThreadId(20) hotstuff_runner::app: Node 2 [produce_block] queue size: 0, attempting up to 0 transactions this block    
2026-08-10T05:33:55.170459Z  WARN ThreadId(20) hotstuff_runner::app: Node 2 view(7383) far exceeds block count (1845); potential sync issue    
2026-08-10T05:33:55.393105Z  WARN ThreadId(20) hotstuff_runner::app: Node 2 [produce_block] queue size: 0, attempting up to 0 transactions this block    
2026-08-10T05:33:55.393463Z  WARN ThreadId(20) hotstuff_runner::app: Node 2 view(7387) far exceeds block count (1846); potential sync issue    
2026-08-10T05:33:55.518329Z  WARN ThreadId(20) hotstuff_runner::app: Node 2 [produce_block] queue size: 0, attempting up to 0 transactions this block    
2026-08-10T05:33:55.518436Z  WARN ThreadId(20) hotstuff_runner::app: Node 2 view(7391) far exceeds block count (1847); potential sync issue    
2026-08-10T05:33:55.734511Z  WARN ThreadId(20) hotstuff_runner::app: Node 2 [produce_block] queue size: 0, attempting up to 0 transactions this block    
2026-08-10T05:33:55.734947Z  WARN ThreadId(20) hotstuff_runner::app: Node 2 view(7395) far exceeds block count (1848); potential sync issue    
2026-08-10T05:33:55.942278Z  WARN ThreadId(20) hotstuff_runner::app: Node 2 [produce_block] queue size: 0, attempting up to 0 transactions this block    
2026-08-10T05:33:55.946406Z  WARN ThreadId(20) hotstuff_runner::app: Node 2 view(7399) far exceeds block count (1849); potential sync issue    
2026-08-10T05:33:56.214283Z  WARN ThreadId(20) hotstuff_runner::app: Node 2 [produce_block] queue size: 0, attempting up to 0 transactions this block    
2026-08-10T05:33:56.220973Z  WARN ThreadId(20) hotstuff_runner::app: Node 2 view(7403) far exceeds block count (1850); potential sync issue    
2026-08-10T05:33:56.363873Z  WARN ThreadId(20) hotstuff_runner::app: Node 2 [produce_block] queue size: 0, attempting up to 0 transactions this block    
2026-08-10T05:33:56.364251Z  WARN ThreadId(20) hotstuff_runner::app: Node 2 view(7407) far exceeds block count (1851); potential sync issue    
2026-08-10T05:33:56.601540Z  WARN ThreadId(20) hotstuff_runner::app: Node 2 [produce_block] queue size: 0, attempting up to 0 transactions this block    
2026-08-10T05:33:56.602709Z  WARN ThreadId(20) hotstuff_runner::app: Node 2 view(7411) far exceeds block count (1852); potential sync issue    
2026-08-10T05:33:56.733536Z  WARN ThreadId(20) hotstuff_runner::app: Node 2 [produce_block] queue size: 0, attempting up to 0 transactions this block    
2026-08-10T05:33:56.734402Z  WARN ThreadId(20) hotstuff_runner::app: Node 2 view(7415) far exceeds block count (1853); potential sync issue    
2026-08-10T05:33:56.880539Z  WARN ThreadId(03) docker_node: Low processing efficiency: 0.0% - system may need tuning
2026-08-10T05:33:56.881334Z  WARN ThreadId(03) docker_node:   Connection reuse ineffective (2.0 msg/conn)
2026-08-10T05:33:57.005225Z  WARN ThreadId(20) hotstuff_runner::app: Node 2 [produce_block] queue size: 0, attempting up to 0 transactions this block    
2026-08-10T05:33:57.005957Z  WARN ThreadId(20) hotstuff_runner::app: Node 2 view(7419) far exceeds block count (1854); potential sync issue    
2026-08-10T05:33:57.223396Z  WARN ThreadId(20) hotstuff_runner::app: Node 2 [produce_block] queue size: 0, attempting up to 0 transactions this block    
2026-08-10T05:33:57.223609Z  WARN ThreadId(20) hotstuff_runner::app: Node 2 view(7423) far exceeds block count (1855); potential sync issue    
2026-08-10T05:33:57.419734Z  WARN ThreadId(20) hotstuff_runner::app: Node 2 [produce_block] queue size: 0, attempting up to 0 transactions this block    
2026-08-10T05:33:57.422732Z  WARN ThreadId(20) hotstuff_runner::app: Node 2 view(7427) far exceeds block count (1856); potential sync issue    
2026-08-10T05:33:57.512526Z  WARN ThreadId(20) hotstuff_runner::app: Node 2 [produce_block] queue size: 0, attempting up to 0 transactions this block    
2026-08-10T05:33:57.518300Z  WARN ThreadId(20) hotstuff_runner::app: Node 2 view(7431) far exceeds block count (1857); potential sync issue    
2026-08-10T05:33:57.693770Z  WARN ThreadId(20) hotstuff_runner::app: Node 2 [produce_block] queue size: 0, attempting up to 0 transactions this block    
2026-08-10T05:33:57.694221Z  WARN ThreadId(20) hotstuff_runner::app: Node 2 view(7435) far exceeds block count (1858); potential sync issue    
2026-08-10T05:33:57.977146Z  WARN ThreadId(20) hotstuff_runner::app: Node 2 [produce_block] queue size: 0, attempting up to 0 transactions this block    
2026-08-10T05:33:57.980987Z  WARN ThreadId(20) hotstuff_runner::app: Node 2 view(7439) far exceeds block count (1859); potential sync issue    
2026-08-10T05:33:58.270028Z  WARN ThreadId(20) hotstuff_runner::app: Node 2 [produce_block] queue size: 0, attempting up to 0 transactions this block    
2026-08-10T05:33:58.270212Z  WARN ThreadId(20) hotstuff_runner::app: Node 2 view(7443) far exceeds block count (1860); potential sync issue    
2026-08-10T05:33:58.437413Z  WARN ThreadId(20) hotstuff_runner::app: Node 2 [produce_block] queue size: 0, attempting up to 0 transactions this block    
2026-08-10T05:33:58.453441Z  WARN ThreadId(20) hotstuff_runner::app: Node 2 view(7447) far exceeds block count (1861); potential sync issue    
2026-08-10T05:33:58.556961Z  WARN ThreadId(20) hotstuff_runner::app: Node 2 [produce_block] queue size: 0, attempting up to 0 transactions this block    
2026-08-10T05:33:58.558668Z  WARN ThreadId(20) hotstuff_runner::app: Node 2 view(7451) far exceeds block count (1862); potential sync issue    
2026-08-10T05:33:58.863137Z  WARN ThreadId(20) hotstuff_runner::app: Node 2 [produce_block] queue size: 0, attempting up to 0 transactions this block    
2026-08-10T05:33:58.863525Z  WARN ThreadId(20) hotstuff_runner::app: Node 2 view(7455) far exceeds block count (1863); potential sync issue    
2026-08-10T05:33:59.120569Z  WARN ThreadId(20) hotstuff_runner::app: Node 2 [produce_block] queue size: 0, attempting up to 0 transactions this block    
2026-08-10T05:33:59.123578Z  WARN ThreadId(20) hotstuff_runner::app: Node 2 view(7459) far exceeds block count (1864); potential sync issue    
2026-08-10T05:33:59.459209Z  WARN ThreadId(20) hotstuff_runner::app: Node 2 [produce_block] queue size: 0, attempting up to 0 transactions this block    
2026-08-10T05:33:59.471480Z  WARN ThreadId(20) hotstuff_runner::app: Node 2 view(7463) far exceeds block count (1865); potential sync issue    
2026-08-10T05:33:59.724318Z  WARN ThreadId(20) hotstuff_runner::app: Node 2 [produce_block] queue size: 0, attempting up to 0 transactions this block    
2026-08-10T05:33:59.733070Z  WARN ThreadId(20) hotstuff_runner::app: Node 2 view(7467) far exceeds block count (1866); potential sync issue    
2026-08-10T05:33:59.891521Z  WARN ThreadId(20) hotstuff_runner::app: Node 2 [produce_block] queue size: 0, attempting up to 0 transactions this block    
2026-08-10T05:33:59.895142Z  WARN ThreadId(20) hotstuff_runner::app: Node 2 view(7471) far exceeds block count (1867); potential sync issue    
2026-08-10T05:34:00.006295Z  WARN ThreadId(20) hotstuff_runner::app: Node 2 [produce_block] queue size: 0, attempting up to 0 transactions this block    
2026-08-10T05:34:00.007549Z  WARN ThreadId(20) hotstuff_runner::app: Node 2 view(7475) far exceeds block count (1868); potential sync issue    
2026-08-10T05:34:00.181296Z  WARN ThreadId(20) hotstuff_runner::app: Node 2 [produce_block] queue size: 0, attempting up to 0 transactions this block    
2026-08-10T05:34:00.182410Z  WARN ThreadId(20) hotstuff_runner::app: Node 2 view(7479) far exceeds block count (1869); potential sync issue    
2026-08-10T05:34:00.331803Z  WARN ThreadId(20) hotstuff_runner::app: Node 2 [produce_block] queue size: 0, attempting up to 0 transactions this block    
2026-08-10T05:34:00.332048Z  WARN ThreadId(20) hotstuff_runner::app: Node 2 view(7483) far exceeds block count (1870); potential sync issue    
2026-08-10T05:34:00.460868Z  WARN ThreadId(20) hotstuff_runner::app: Node 2 [produce_block] queue size: 0, attempting up to 0 transactions this block    
2026-08-10T05:34:00.466965Z  WARN ThreadId(20) hotstuff_runner::app: Node 2 view(7487) far exceeds block count (1871); potential sync issue    
2026-08-10T05:34:00.693232Z  WARN ThreadId(20) hotstuff_runner::app: Node 2 [produce_block] queue size: 0, attempting up to 0 transactions this block    
2026-08-10T05:34:00.693573Z  WARN ThreadId(20) hotstuff_runner::app: Node 2 view(7491) far exceeds block count (1872); potential sync issue    
2026-08-10T05:34:00.863636Z  WARN ThreadId(20) hotstuff_runner::app: Node 2 [produce_block] queue size: 0, attempting up to 0 transactions this block    
2026-08-10T05:34:00.868105Z  WARN ThreadId(20) hotstuff_runner::app: Node 2 view(7495) far exceeds block count (1873); potential sync issue    
2026-08-10T05:34:01.033272Z  WARN ThreadId(20) hotstuff_runner::app: Node 2 [produce_block] queue size: 0, attempting up to 0 transactions this block    
2026-08-10T05:34:01.033490Z  WARN ThreadId(20) hotstuff_runner::app: Node 2 view(7499) far exceeds block count (1874); potential sync issue    
2026-08-10T05:34:01.242751Z  WARN ThreadId(20) hotstuff_runner::app: Node 2 [produce_block] queue size: 0, attempting up to 0 transactions this block    
2026-08-10T05:34:01.243004Z  WARN ThreadId(20) hotstuff_runner::app: Node 2 view(7503) far exceeds block count (1875); potential sync issue    
2026-08-10T05:34:01.448121Z  WARN ThreadId(20) hotstuff_runner::app: Node 2 [produce_block] queue size: 0, attempting up to 0 transactions this block    
2026-08-10T05:34:01.450418Z  WARN ThreadId(20) hotstuff_runner::app: Node 2 view(7507) far exceeds block count (1876); potential sync issue    
2026-08-10T05:34:01.694345Z  WARN ThreadId(20) hotstuff_runner::app: Node 2 [produce_block] queue size: 0, attempting up to 0 transactions this block    
2026-08-10T05:34:01.694856Z  WARN ThreadId(20) hotstuff_runner::app: Node 2 view(7511) far exceeds block count (1877); potential sync issue    
2026-08-10T05:34:01.887612Z  WARN ThreadId(08) docker_node: Low processing efficiency: 0.0% - system may need tuning
2026-08-10T05:34:01.891265Z  WARN ThreadId(08) docker_node:   Connection reuse ineffective (2.0 msg/conn)
2026-08-10T05:34:01.981358Z  WARN ThreadId(20) hotstuff_runner::app: Node 2 [produce_block] queue size: 0, attempting up to 0 transactions this block    
2026-08-10T05:34:01.982589Z  WARN ThreadId(20) hotstuff_runner::app: Node 2 view(7515) far exceeds block count (1878); potential sync issue    
2026-08-10T05:34:02.111249Z  WARN ThreadId(20) hotstuff_runner::app: Node 2 [produce_block] queue size: 0, attempting up to 0 transactions this block    
2026-08-10T05:34:02.117403Z  WARN ThreadId(20) hotstuff_runner::app: Node 2 view(7519) far exceeds block count (1879); potential sync issue    
2026-08-10T05:34:02.309288Z  WARN ThreadId(20) hotstuff_runner::app: Node 2 [produce_block] queue size: 0, attempting up to 0 transactions this block    
2026-08-10T05:34:02.311397Z  WARN ThreadId(20) hotstuff_runner::app: Node 2 view(7523) far exceeds block count (1880); potential sync issue    
2026-08-10T05:34:02.484443Z  WARN ThreadId(20) hotstuff_runner::app: Node 2 [produce_block] queue size: 0, attempting up to 0 transactions this block    
2026-08-10T05:34:02.485941Z  WARN ThreadId(20) hotstuff_runner::app: Node 2 view(7527) far exceeds block count (1881); potential sync issue    
2026-08-10T05:34:02.746129Z  WARN ThreadId(20) hotstuff_runner::app: Node 2 [produce_block] queue size: 0, attempting up to 0 transactions this block    
2026-08-10T05:34:02.749783Z  WARN ThreadId(20) hotstuff_runner::app: Node 2 view(7531) far exceeds block count (1882); potential sync issue    
2026-08-10T05:34:03.076159Z  WARN ThreadId(20) hotstuff_runner::app: Node 2 [produce_block] queue size: 0, attempting up to 0 transactions this block    
2026-08-10T05:34:03.076617Z  WARN ThreadId(20) hotstuff_runner::app: Node 2 view(7535) far exceeds block count (1883); potential sync issue    
2026-08-10T05:34:03.268968Z  WARN ThreadId(20) hotstuff_runner::app: Node 2 [produce_block] queue size: 0, attempting up to 0 transactions this block    
2026-08-10T05:34:03.270094Z  WARN ThreadId(20) hotstuff_runner::app: Node 2 view(7539) far exceeds block count (1884); potential sync issue    
2026-08-10T05:34:03.494429Z  WARN ThreadId(20) hotstuff_runner::app: Node 2 [produce_block] queue size: 0, attempting up to 0 transactions this block    
2026-08-10T05:34:03.495870Z  WARN ThreadId(20) hotstuff_runner::app: Node 2 view(7543) far exceeds block count (1885); potential sync issue    
2026-08-10T05:34:03.632812Z  WARN ThreadId(20) hotstuff_runner::app: Node 2 [produce_block] queue size: 0, attempting up to 0 transactions this block    
2026-08-10T05:34:03.633085Z  WARN ThreadId(20) hotstuff_runner::app: Node 2 view(7547) far exceeds block count (1886); potential sync issue    
2026-08-10T05:34:03.892932Z  WARN ThreadId(20) hotstuff_runner::app: Node 2 [produce_block] queue size: 0, attempting up to 0 transactions this block    
2026-08-10T05:34:03.898530Z  WARN ThreadId(20) hotstuff_runner::app: Node 2 view(7551) far exceeds block count (1887); potential sync issue    
2026-08-10T05:34:04.042901Z  WARN ThreadId(20) hotstuff_runner::app: Node 2 [produce_block] queue size: 0, attempting up to 0 transactions this block    
2026-08-10T05:34:04.043552Z  WARN ThreadId(20) hotstuff_runner::app: Node 2 view(7555) far exceeds block count (1888); potential sync issue    
2026-08-10T05:34:04.258307Z  WARN ThreadId(20) hotstuff_runner::app: Node 2 [produce_block] queue size: 0, attempting up to 0 transactions this block    
2026-08-10T05:34:04.263139Z  WARN ThreadId(20) hotstuff_runner::app: Node 2 view(7559) far exceeds block count (1889); potential sync issue    
2026-08-10T05:34:04.398665Z  WARN ThreadId(20) hotstuff_runner::app: Node 2 [produce_block] queue size: 0, attempting up to 0 transactions this block    
2026-08-10T05:34:04.398947Z  WARN ThreadId(20) hotstuff_runner::app: Node 2 view(7563) far exceeds block count (1890); potential sync issue    
2026-08-10T05:34:04.586125Z  WARN ThreadId(20) hotstuff_runner::app: Node 2 [produce_block] queue size: 0, attempting up to 0 transactions this block    
2026-08-10T05:34:04.586443Z  WARN ThreadId(20) hotstuff_runner::app: Node 2 view(7567) far exceeds block count (1891); potential sync issue    
2026-08-10T05:34:04.673669Z  WARN ThreadId(20) hotstuff_runner::app: Node 2 [produce_block] queue size: 0, attempting up to 0 transactions this block    
2026-08-10T05:34:04.674051Z  WARN ThreadId(20) hotstuff_runner::app: Node 2 view(7571) far exceeds block count (1892); potential sync issue    
2026-08-10T05:34:04.750274Z  WARN ThreadId(20) hotstuff_runner::app: Node 2 [produce_block] queue size: 0, attempting up to 0 transactions this block    
2026-08-10T05:34:04.750534Z  WARN ThreadId(20) hotstuff_runner::app: Node 2 view(7575) far exceeds block count (1893); potential sync issue    
2026-08-10T05:34:04.911194Z  WARN ThreadId(20) hotstuff_runner::app: Node 2 [produce_block] queue size: 0, attempting up to 0 transactions this block    
2026-08-10T05:34:04.912965Z  WARN ThreadId(20) hotstuff_runner::app: Node 2 view(7579) far exceeds block count (1894); potential sync issue    
2026-08-10T05:34:05.014603Z  WARN ThreadId(20) hotstuff_runner::app: Node 2 [produce_block] queue size: 0, attempting up to 0 transactions this block    
2026-08-10T05:34:05.018677Z  WARN ThreadId(20) hotstuff_runner::app: Node 2 view(7583) far exceeds block count (1895); potential sync issue    
2026-08-10T05:34:05.139402Z  WARN ThreadId(20) hotstuff_runner::app: Node 2 [produce_block] queue size: 0, attempting up to 0 transactions this block    
2026-08-10T05:34:05.140059Z  WARN ThreadId(20) hotstuff_runner::app: Node 2 view(7587) far exceeds block count (1896); potential sync issue    
2026-08-10T05:34:05.288535Z  WARN ThreadId(20) hotstuff_runner::app: Node 2 [produce_block] queue size: 0, attempting up to 0 transactions this block    
2026-08-10T05:34:05.288824Z  WARN ThreadId(20) hotstuff_runner::app: Node 2 view(7591) far exceeds block count (1897); potential sync issue    
2026-08-10T05:34:05.430410Z  WARN ThreadId(20) hotstuff_runner::app: Node 2 [produce_block] queue size: 0, attempting up to 0 transactions this block    
2026-08-10T05:34:05.433478Z  WARN ThreadId(20) hotstuff_runner::app: Node 2 view(7595) far exceeds block count (1898); potential sync issue    
2026-08-10T05:34:05.571416Z  WARN ThreadId(20) hotstuff_runner::app: Node 2 [produce_block] queue size: 0, attempting up to 0 transactions this block    
2026-08-10T05:34:05.573683Z  WARN ThreadId(20) hotstuff_runner::app: Node 2 view(7599) far exceeds block count (1899); potential sync issue    
2026-08-10T05:34:05.689474Z  WARN ThreadId(20) hotstuff_runner::app: Node 2 [produce_block] queue size: 0, attempting up to 0 transactions this block    
2026-08-10T05:34:05.695318Z  WARN ThreadId(20) hotstuff_runner::app: Node 2 view(7603) far exceeds block count (1900); potential sync issue    
2026-08-10T05:34:05.806405Z  WARN ThreadId(20) hotstuff_runner::app: Node 2 [produce_block] queue size: 0, attempting up to 0 transactions this block    
2026-08-10T05:34:05.808520Z  WARN ThreadId(20) hotstuff_runner::app: Node 2 view(7607) far exceeds block count (1901); potential sync issue    
2026-08-10T05:34:06.022115Z  WARN ThreadId(20) hotstuff_runner::app: Node 2 [produce_block] queue size: 0, attempting up to 0 transactions this block    
2026-08-10T05:34:06.025427Z  WARN ThreadId(20) hotstuff_runner::app: Node 2 view(7611) far exceeds block count (1902); potential sync issue    
2026-08-10T05:34:06.271358Z  WARN ThreadId(20) hotstuff_runner::app: Node 2 [produce_block] queue size: 0, attempting up to 0 transactions this block    
2026-08-10T05:34:06.271713Z  WARN ThreadId(20) hotstuff_runner::app: Node 2 view(7615) far exceeds block count (1903); potential sync issue    
2026-08-10T05:34:06.394195Z  WARN ThreadId(20) hotstuff_runner::app: Node 2 [produce_block] queue size: 0, attempting up to 0 transactions this block    
2026-08-10T05:34:06.398857Z  WARN ThreadId(20) hotstuff_runner::app: Node 2 view(7619) far exceeds block count (1904); potential sync issue    
2026-08-10T05:34:06.531692Z  WARN ThreadId(20) hotstuff_runner::app: Node 2 [produce_block] queue size: 0, attempting up to 0 transactions this block    
2026-08-10T05:34:06.536978Z  WARN ThreadId(20) hotstuff_runner::app: Node 2 view(7623) far exceeds block count (1905); potential sync issue    
2026-08-10T05:34:06.671332Z  WARN ThreadId(20) hotstuff_runner::app: Node 2 [produce_block] queue size: 0, attempting up to 0 transactions this block    
2026-08-10T05:34:06.673305Z  WARN ThreadId(20) hotstuff_runner::app: Node 2 view(7627) far exceeds block count (1906); potential sync issue    
2026-08-10T05:34:06.800431Z  WARN ThreadId(20) hotstuff_runner::app: Node 2 [produce_block] queue size: 0, attempting up to 0 transactions this block    
2026-08-10T05:34:06.801733Z  WARN ThreadId(20) hotstuff_runner::app: Node 2 view(7631) far exceeds block count (1907); potential sync issue    
2026-08-10T05:34:06.880477Z  WARN ThreadId(08) docker_node: Low processing efficiency: 0.0% - system may need tuning
2026-08-10T05:34:06.881626Z  WARN ThreadId(08) docker_node:   Connection reuse ineffective (2.0 msg/conn)
2026-08-10T05:34:07.015596Z  WARN ThreadId(20) hotstuff_runner::app: Node 2 [produce_block] queue size: 0, attempting up to 0 transactions this block    
2026-08-10T05:34:07.015910Z  WARN ThreadId(20) hotstuff_runner::app: Node 2 view(7635) far exceeds block count (1908); potential sync issue    
2026-08-10T05:34:07.147825Z  WARN ThreadId(20) hotstuff_runner::app: Node 2 [produce_block] queue size: 0, attempting up to 0 transactions this block    
2026-08-10T05:34:07.148268Z  WARN ThreadId(20) hotstuff_runner::app: Node 2 view(7639) far exceeds block count (1909); potential sync issue    
2026-08-10T05:34:07.347298Z  WARN ThreadId(20) hotstuff_runner::app: Node 2 [produce_block] queue size: 0, attempting up to 0 transactions this block    
2026-08-10T05:34:07.347817Z  WARN ThreadId(20) hotstuff_runner::app: Node 2 view(7643) far exceeds block count (1910); potential sync issue    
2026-08-10T05:34:07.446398Z  WARN ThreadId(20) hotstuff_runner::app: Node 2 [produce_block] queue size: 0, attempting up to 0 transactions this block    
2026-08-10T05:34:07.446553Z  WARN ThreadId(20) hotstuff_runner::app: Node 2 view(7647) far exceeds block count (1911); potential sync issue    
2026-08-10T05:34:07.541568Z  WARN ThreadId(20) hotstuff_runner::app: Node 2 [produce_block] queue size: 0, attempting up to 0 transactions this block    
2026-08-10T05:34:07.541806Z  WARN ThreadId(20) hotstuff_runner::app: Node 2 view(7651) far exceeds block count (1912); potential sync issue    
2026-08-10T05:34:07.698398Z  WARN ThreadId(20) hotstuff_runner::app: Node 2 [produce_block] queue size: 0, attempting up to 0 transactions this block    
2026-08-10T05:34:07.703740Z  WARN ThreadId(20) hotstuff_runner::app: Node 2 view(7655) far exceeds block count (1913); potential sync issue    
2026-08-10T05:34:07.853414Z  WARN ThreadId(20) hotstuff_runner::app: Node 2 [produce_block] queue size: 0, attempting up to 0 transactions this block    
2026-08-10T05:34:07.855418Z  WARN ThreadId(20) hotstuff_runner::app: Node 2 view(7659) far exceeds block count (1914); potential sync issue    
2026-08-10T05:34:07.958472Z  WARN ThreadId(20) hotstuff_runner::app: Node 2 [produce_block] queue size: 0, attempting up to 0 transactions this block    
2026-08-10T05:34:07.971191Z  WARN ThreadId(20) hotstuff_runner::app: Node 2 view(7663) far exceeds block count (1915); potential sync issue    
2026-08-10T05:34:08.150411Z  WARN ThreadId(20) hotstuff_runner::app: Node 2 [produce_block] queue size: 0, attempting up to 0 transactions this block    
2026-08-10T05:34:08.150808Z  WARN ThreadId(20) hotstuff_runner::app: Node 2 view(7667) far exceeds block count (1916); potential sync issue    
2026-08-10T05:34:08.275870Z  WARN ThreadId(20) hotstuff_runner::app: Node 2 [produce_block] queue size: 0, attempting up to 0 transactions this block    
2026-08-10T05:34:08.279482Z  WARN ThreadId(20) hotstuff_runner::app: Node 2 view(7671) far exceeds block count (1917); potential sync issue    
2026-08-10T05:34:08.401397Z  WARN ThreadId(20) hotstuff_runner::app: Node 2 [produce_block] queue size: 0, attempting up to 0 transactions this block    
2026-08-10T05:34:08.401863Z  WARN ThreadId(20) hotstuff_runner::app: Node 2 view(7675) far exceeds block count (1918); potential sync issue    
2026-08-10T05:34:08.584191Z  WARN ThreadId(20) hotstuff_runner::app: Node 2 [produce_block] queue size: 0, attempting up to 0 transactions this block    
2026-08-10T05:34:08.592115Z  WARN ThreadId(20) hotstuff_runner::app: Node 2 view(7679) far exceeds block count (1919); potential sync issue    
2026-08-10T05:34:08.751573Z  WARN ThreadId(20) hotstuff_runner::app: Node 2 [produce_block] queue size: 0, attempting up to 0 transactions this block    
2026-08-10T05:34:08.755750Z  WARN ThreadId(20) hotstuff_runner::app: Node 2 view(7683) far exceeds block count (1920); potential sync issue    
2026-08-10T05:34:08.830055Z  WARN ThreadId(20) hotstuff_runner::app: Node 2 [produce_block] queue size: 0, attempting up to 0 transactions this block    
2026-08-10T05:34:08.836426Z  WARN ThreadId(20) hotstuff_runner::app: Node 2 view(7687) far exceeds block count (1921); potential sync issue    
2026-08-10T05:34:09.072422Z  WARN ThreadId(20) hotstuff_runner::app: Node 2 [produce_block] queue size: 0, attempting up to 0 transactions this block    
2026-08-10T05:34:09.073794Z  WARN ThreadId(20) hotstuff_runner::app: Node 2 view(7691) far exceeds block count (1922); potential sync issue    
2026-08-10T05:34:09.203578Z  WARN ThreadId(20) hotstuff_runner::app: Node 2 [produce_block] queue size: 0, attempting up to 0 transactions this block    
2026-08-10T05:34:09.203865Z  WARN ThreadId(20) hotstuff_runner::app: Node 2 view(7695) far exceeds block count (1923); potential sync issue    
2026-08-10T05:34:09.258325Z  WARN ThreadId(20) hotstuff_runner::app: Node 2 [produce_block] queue size: 0, attempting up to 0 transactions this block    
2026-08-10T05:34:09.259852Z  WARN ThreadId(20) hotstuff_runner::app: Node 2 view(7699) far exceeds block count (1924); potential sync issue    
2026-08-10T05:34:09.392198Z  WARN ThreadId(20) hotstuff_runner::app: Node 2 [produce_block] queue size: 0, attempting up to 0 transactions this block    
2026-08-10T05:34:09.398579Z  WARN ThreadId(20) hotstuff_runner::app: Node 2 view(7703) far exceeds block count (1925); potential sync issue    
2026-08-10T05:34:09.549699Z  WARN ThreadId(20) hotstuff_runner::app: Node 2 [produce_block] queue size: 0, attempting up to 0 transactions this block    
2026-08-10T05:34:09.551057Z  WARN ThreadId(20) hotstuff_runner::app: Node 2 view(7707) far exceeds block count (1926); potential sync issue    
2026-08-10T05:34:09.689421Z  WARN ThreadId(20) hotstuff_runner::app: Node 2 [produce_block] queue size: 0, attempting up to 0 transactions this block    
2026-08-10T05:34:09.689918Z  WARN ThreadId(20) hotstuff_runner::app: Node 2 view(7711) far exceeds block count (1927); potential sync issue    
2026-08-10T05:34:09.802402Z  WARN ThreadId(20) hotstuff_runner::app: Node 2 [produce_block] queue size: 0, attempting up to 0 transactions this block    
2026-08-10T05:34:09.802966Z  WARN ThreadId(20) hotstuff_runner::app: Node 2 view(7715) far exceeds block count (1928); potential sync issue    
2026-08-10T05:34:09.936970Z  WARN ThreadId(20) hotstuff_runner::app: Node 2 [produce_block] queue size: 0, attempting up to 0 transactions this block    
2026-08-10T05:34:09.942200Z  WARN ThreadId(20) hotstuff_runner::app: Node 2 view(7719) far exceeds block count (1929); potential sync issue    
2026-08-10T05:34:10.123490Z  WARN ThreadId(20) hotstuff_runner::app: Node 2 [produce_block] queue size: 0, attempting up to 0 transactions this block    
2026-08-10T05:34:10.123850Z  WARN ThreadId(20) hotstuff_runner::app: Node 2 view(7723) far exceeds block count (1930); potential sync issue    
2026-08-10T05:34:10.235185Z  WARN ThreadId(20) hotstuff_runner::app: Node 2 [produce_block] queue size: 0, attempting up to 0 transactions this block    
2026-08-10T05:34:10.235590Z  WARN ThreadId(20) hotstuff_runner::app: Node 2 view(7727) far exceeds block count (1931); potential sync issue    
2026-08-10T05:34:10.554393Z  WARN ThreadId(20) hotstuff_runner::app: Node 2 [produce_block] queue size: 0, attempting up to 0 transactions this block    
2026-08-10T05:34:10.555216Z  WARN ThreadId(20) hotstuff_runner::app: Node 2 view(7731) far exceeds block count (1932); potential sync issue    
2026-08-10T05:34:10.981496Z  WARN ThreadId(20) hotstuff_runner::app: Node 2 [produce_block] queue size: 0, attempting up to 0 transactions this block    
2026-08-10T05:34:10.983389Z  WARN ThreadId(20) hotstuff_runner::app: Node 2 view(7735) far exceeds block count (1933); potential sync issue    
2026-08-10T05:34:11.342557Z  WARN ThreadId(20) hotstuff_runner::app: Node 2 [produce_block] queue size: 0, attempting up to 0 transactions this block    
2026-08-10T05:34:11.349189Z  WARN ThreadId(20) hotstuff_runner::app: Node 2 view(7739) far exceeds block count (1934); potential sync issue    
2026-08-10T05:34:11.537568Z  WARN ThreadId(20) hotstuff_runner::app: Node 2 [produce_block] queue size: 0, attempting up to 0 transactions this block    
2026-08-10T05:34:11.537846Z  WARN ThreadId(20) hotstuff_runner::app: Node 2 view(7743) far exceeds block count (1935); potential sync issue    
2026-08-10T05:34:11.775060Z  WARN ThreadId(20) hotstuff_runner::app: Node 2 [produce_block] queue size: 2, attempting up to 2 transactions this block    
2026-08-10T05:34:11.776544Z  WARN ThreadId(20) hotstuff_runner::app: Node 2 view(7747) far exceeds block count (1936); potential sync issue    
2026-08-10T05:34:11.880555Z  WARN ThreadId(04) docker_node: Low processing efficiency: 0.0% - system may need tuning
2026-08-10T05:34:11.880865Z  WARN ThreadId(04) docker_node:   Connection reuse ineffective (2.0 msg/conn)
2026-08-10T05:34:11.940258Z  WARN ThreadId(20) hotstuff_runner::app: Node 2 [produce_block] queue size: 0, attempting up to 0 transactions this block    
2026-08-10T05:34:11.941383Z  WARN ThreadId(20) hotstuff_runner::app: Node 2 view(7751) far exceeds block count (1937); potential sync issue    
2026-08-10T05:34:12.087084Z  WARN ThreadId(20) hotstuff_runner::app: Node 2 [produce_block] queue size: 0, attempting up to 0 transactions this block    
2026-08-10T05:34:12.090624Z  WARN ThreadId(20) hotstuff_runner::app: Node 2 view(7755) far exceeds block count (1938); potential sync issue    
2026-08-10T05:34:12.193704Z  WARN ThreadId(20) hotstuff_runner::app: Node 2 [produce_block] queue size: 0, attempting up to 0 transactions this block    
2026-08-10T05:34:12.193809Z  WARN ThreadId(20) hotstuff_runner::app: Node 2 view(7759) far exceeds block count (1939); potential sync issue    
2026-08-10T05:34:12.372399Z  WARN ThreadId(20) hotstuff_runner::app: Node 2 [produce_block] queue size: 0, attempting up to 0 transactions this block    
2026-08-10T05:34:12.376438Z  WARN ThreadId(20) hotstuff_runner::app: Node 2 view(7763) far exceeds block count (1940); potential sync issue    
2026-08-10T05:34:12.567403Z  WARN ThreadId(20) hotstuff_runner::app: Node 2 [produce_block] queue size: 0, attempting up to 0 transactions this block    
2026-08-10T05:34:12.568352Z  WARN ThreadId(20) hotstuff_runner::app: Node 2 view(7767) far exceeds block count (1941); potential sync issue    
2026-08-10T05:34:12.780898Z  WARN ThreadId(20) hotstuff_runner::app: Node 2 [produce_block] queue size: 0, attempting up to 0 transactions this block    
2026-08-10T05:34:12.781291Z  WARN ThreadId(20) hotstuff_runner::app: Node 2 view(7771) far exceeds block count (1942); potential sync issue    
2026-08-10T05:34:12.931565Z  WARN ThreadId(20) hotstuff_runner::app: Node 2 [produce_block] queue size: 0, attempting up to 0 transactions this block    
2026-08-10T05:34:12.932140Z  WARN ThreadId(20) hotstuff_runner::app: Node 2 view(7775) far exceeds block count (1943); potential sync issue    
2026-08-10T05:34:13.111567Z  WARN ThreadId(20) hotstuff_runner::app: Node 2 [produce_block] queue size: 0, attempting up to 0 transactions this block    
2026-08-10T05:34:13.111918Z  WARN ThreadId(20) hotstuff_runner::app: Node 2 view(7779) far exceeds block count (1944); potential sync issue    
2026-08-10T05:34:13.358492Z  WARN ThreadId(20) hotstuff_runner::app: Node 2 [produce_block] queue size: 0, attempting up to 0 transactions this block    
2026-08-10T05:34:13.362414Z  WARN ThreadId(20) hotstuff_runner::app: Node 2 view(7783) far exceeds block count (1945); potential sync issue    
2026-08-10T05:34:13.622163Z  WARN ThreadId(20) hotstuff_runner::app: Node 2 [produce_block] queue size: 0, attempting up to 0 transactions this block    
2026-08-10T05:34:13.623227Z  WARN ThreadId(20) hotstuff_runner::app: Node 2 view(7787) far exceeds block count (1946); potential sync issue    
2026-08-10T05:34:13.973552Z  WARN ThreadId(20) hotstuff_runner::app: Node 2 [produce_block] queue size: 0, attempting up to 0 transactions this block    
2026-08-10T05:34:13.975165Z  WARN ThreadId(20) hotstuff_runner::app: Node 2 view(7791) far exceeds block count (1947); potential sync issue    
2026-08-10T05:34:14.142289Z  WARN ThreadId(20) hotstuff_runner::app: Node 2 [produce_block] queue size: 0, attempting up to 0 transactions this block    
2026-08-10T05:34:14.143792Z  WARN ThreadId(20) hotstuff_runner::app: Node 2 view(7795) far exceeds block count (1948); potential sync issue    
2026-08-10T05:34:14.322035Z  WARN ThreadId(20) hotstuff_runner::app: Node 2 [produce_block] queue size: 0, attempting up to 0 transactions this block    
2026-08-10T05:34:14.323230Z  WARN ThreadId(20) hotstuff_runner::app: Node 2 view(7799) far exceeds block count (1949); potential sync issue    
2026-08-10T05:34:14.527766Z  WARN ThreadId(20) hotstuff_runner::app: Node 2 [produce_block] queue size: 0, attempting up to 0 transactions this block    
2026-08-10T05:34:14.531417Z  WARN ThreadId(20) hotstuff_runner::app: Node 2 view(7803) far exceeds block count (1950); potential sync issue    
2026-08-10T05:34:14.680308Z  WARN ThreadId(20) hotstuff_runner::app: Node 2 [produce_block] queue size: 0, attempting up to 0 transactions this block    
2026-08-10T05:34:14.681675Z  WARN ThreadId(20) hotstuff_runner::app: Node 2 view(7807) far exceeds block count (1951); potential sync issue    
2026-08-10T05:34:14.764258Z  WARN ThreadId(20) hotstuff_runner::app: Node 2 [produce_block] queue size: 0, attempting up to 0 transactions this block    
2026-08-10T05:34:14.764733Z  WARN ThreadId(20) hotstuff_runner::app: Node 2 view(7811) far exceeds block count (1952); potential sync issue    
2026-08-10T05:34:15.094243Z  WARN ThreadId(20) hotstuff_runner::app: Node 2 [produce_block] queue size: 0, attempting up to 0 transactions this block    
2026-08-10T05:34:15.098095Z  WARN ThreadId(20) hotstuff_runner::app: Node 2 view(7815) far exceeds block count (1953); potential sync issue    
2026-08-10T05:34:15.391832Z  WARN ThreadId(20) hotstuff_runner::app: Node 2 [produce_block] queue size: 0, attempting up to 0 transactions this block    
2026-08-10T05:34:15.394679Z  WARN ThreadId(20) hotstuff_runner::app: Node 2 view(7819) far exceeds block count (1954); potential sync issue    
2026-08-10T05:34:15.678509Z  WARN ThreadId(20) hotstuff_runner::app: Node 2 [produce_block] queue size: 0, attempting up to 0 transactions this block    
2026-08-10T05:34:15.679863Z  WARN ThreadId(20) hotstuff_runner::app: Node 2 view(7823) far exceeds block count (1955); potential sync issue    
2026-08-10T05:34:15.811007Z  WARN ThreadId(20) hotstuff_runner::app: Node 2 [produce_block] queue size: 0, attempting up to 0 transactions this block    
2026-08-10T05:34:15.811735Z  WARN ThreadId(20) hotstuff_runner::app: Node 2 view(7827) far exceeds block count (1956); potential sync issue    
2026-08-10T05:34:15.999654Z  WARN ThreadId(20) hotstuff_runner::app: Node 2 [produce_block] queue size: 0, attempting up to 0 transactions this block    
2026-08-10T05:34:16.003432Z  WARN ThreadId(20) hotstuff_runner::app: Node 2 view(7831) far exceeds block count (1957); potential sync issue    
2026-08-10T05:34:16.119386Z  WARN ThreadId(20) hotstuff_runner::app: Node 2 [produce_block] queue size: 0, attempting up to 0 transactions this block    
2026-08-10T05:34:16.122169Z  WARN ThreadId(20) hotstuff_runner::app: Node 2 view(7835) far exceeds block count (1958); potential sync issue    
2026-08-10T05:34:16.252188Z  WARN ThreadId(20) hotstuff_runner::app: Node 2 [produce_block] queue size: 0, attempting up to 0 transactions this block    
2026-08-10T05:34:16.257002Z  WARN ThreadId(20) hotstuff_runner::app: Node 2 view(7839) far exceeds block count (1959); potential sync issue    
2026-08-10T05:34:16.379596Z  WARN ThreadId(20) hotstuff_runner::app: Node 2 [produce_block] queue size: 0, attempting up to 0 transactions this block    
2026-08-10T05:34:16.379890Z  WARN ThreadId(20) hotstuff_runner::app: Node 2 view(7843) far exceeds block count (1960); potential sync issue    
2026-08-10T05:34:16.541365Z  WARN ThreadId(20) hotstuff_runner::app: Node 2 [produce_block] queue size: 0, attempting up to 0 transactions this block    
2026-08-10T05:34:16.544751Z  WARN ThreadId(20) hotstuff_runner::app: Node 2 view(7847) far exceeds block count (1961); potential sync issue    
2026-08-10T05:34:16.697503Z  WARN ThreadId(20) hotstuff_runner::app: Node 2 [produce_block] queue size: 0, attempting up to 0 transactions this block    
2026-08-10T05:34:16.705841Z  WARN ThreadId(20) hotstuff_runner::app: Node 2 view(7851) far exceeds block count (1962); potential sync issue    
2026-08-10T05:34:16.781020Z  WARN ThreadId(20) hotstuff_runner::app: Node 2 [produce_block] queue size: 0, attempting up to 0 transactions this block    
2026-08-10T05:34:16.788769Z  WARN ThreadId(20) hotstuff_runner::app: Node 2 view(7855) far exceeds block count (1963); potential sync issue    
2026-08-10T05:34:16.886199Z  WARN ThreadId(04) docker_node: Low processing efficiency: 0.0% - system may need tuning
2026-08-10T05:34:16.886570Z  WARN ThreadId(04) docker_node:   Connection reuse ineffective (2.0 msg/conn)
2026-08-10T05:34:16.904590Z  WARN ThreadId(20) hotstuff_runner::app: Node 2 [produce_block] queue size: 0, attempting up to 0 transactions this block    
2026-08-10T05:34:16.906575Z  WARN ThreadId(20) hotstuff_runner::app: Node 2 view(7859) far exceeds block count (1964); potential sync issue    
2026-08-10T05:34:16.998302Z  WARN ThreadId(20) hotstuff_runner::app: Node 2 [produce_block] queue size: 0, attempting up to 0 transactions this block    
2026-08-10T05:34:17.005820Z  WARN ThreadId(20) hotstuff_runner::app: Node 2 view(7863) far exceeds block count (1965); potential sync issue    
2026-08-10T05:34:17.129647Z  WARN ThreadId(20) hotstuff_runner::app: Node 2 [produce_block] queue size: 0, attempting up to 0 transactions this block    
2026-08-10T05:34:17.132651Z  WARN ThreadId(20) hotstuff_runner::app: Node 2 view(7867) far exceeds block count (1966); potential sync issue    
2026-08-10T05:34:17.417491Z  WARN ThreadId(20) hotstuff_runner::app: Node 2 [produce_block] queue size: 0, attempting up to 0 transactions this block    
2026-08-10T05:34:17.423334Z  WARN ThreadId(20) hotstuff_runner::app: Node 2 view(7871) far exceeds block count (1967); potential sync issue    
2026-08-10T05:34:17.714714Z  WARN ThreadId(20) hotstuff_runner::app: Node 2 [produce_block] queue size: 0, attempting up to 0 transactions this block    
2026-08-10T05:34:17.718728Z  WARN ThreadId(20) hotstuff_runner::app: Node 2 view(7875) far exceeds block count (1968); potential sync issue    
2026-08-10T05:34:17.960563Z  WARN ThreadId(20) hotstuff_runner::app: Node 2 [produce_block] queue size: 0, attempting up to 0 transactions this block    
2026-08-10T05:34:17.961188Z  WARN ThreadId(20) hotstuff_runner::app: Node 2 view(7879) far exceeds block count (1969); potential sync issue    
2026-08-10T05:34:18.082919Z  WARN ThreadId(20) hotstuff_runner::app: Node 2 [produce_block] queue size: 0, attempting up to 0 transactions this block    
2026-08-10T05:34:18.083255Z  WARN ThreadId(20) hotstuff_runner::app: Node 2 view(7883) far exceeds block count (1970); potential sync issue    
2026-08-10T05:34:18.197711Z  WARN ThreadId(20) hotstuff_runner::app: Node 2 [produce_block] queue size: 0, attempting up to 0 transactions this block    
2026-08-10T05:34:18.203687Z  WARN ThreadId(20) hotstuff_runner::app: Node 2 view(7887) far exceeds block count (1971); potential sync issue    
2026-08-10T05:34:18.386636Z  WARN ThreadId(20) hotstuff_runner::app: Node 2 [produce_block] queue size: 0, attempting up to 0 transactions this block    
2026-08-10T05:34:18.392732Z  WARN ThreadId(20) hotstuff_runner::app: Node 2 view(7891) far exceeds block count (1972); potential sync issue    
2026-08-10T05:34:18.557739Z  WARN ThreadId(20) hotstuff_runner::app: Node 2 [produce_block] queue size: 0, attempting up to 0 transactions this block    
2026-08-10T05:34:18.565950Z  WARN ThreadId(20) hotstuff_runner::app: Node 2 view(7895) far exceeds block count (1973); potential sync issue    
2026-08-10T05:34:18.775530Z  WARN ThreadId(20) hotstuff_runner::app: Node 2 [produce_block] queue size: 0, attempting up to 0 transactions this block    
2026-08-10T05:34:18.778778Z  WARN ThreadId(20) hotstuff_runner::app: Node 2 view(7899) far exceeds block count (1974); potential sync issue    
2026-08-10T05:34:18.925087Z  WARN ThreadId(20) hotstuff_runner::app: Node 2 [produce_block] queue size: 0, attempting up to 0 transactions this block    
2026-08-10T05:34:18.930907Z  WARN ThreadId(20) hotstuff_runner::app: Node 2 view(7903) far exceeds block count (1975); potential sync issue    
2026-08-10T05:34:19.056467Z  WARN ThreadId(20) hotstuff_runner::app: Node 2 [produce_block] queue size: 0, attempting up to 0 transactions this block    
2026-08-10T05:34:19.056637Z  WARN ThreadId(20) hotstuff_runner::app: Node 2 view(7907) far exceeds block count (1976); potential sync issue    
2026-08-10T05:34:19.193976Z  WARN ThreadId(20) hotstuff_runner::app: Node 2 [produce_block] queue size: 0, attempting up to 0 transactions this block    
2026-08-10T05:34:19.195245Z  WARN ThreadId(20) hotstuff_runner::app: Node 2 view(7911) far exceeds block count (1977); potential sync issue    
2026-08-10T05:34:19.351258Z  WARN ThreadId(20) hotstuff_runner::app: Node 2 [produce_block] queue size: 0, attempting up to 0 transactions this block    
2026-08-10T05:34:19.355670Z  WARN ThreadId(20) hotstuff_runner::app: Node 2 view(7915) far exceeds block count (1978); potential sync issue    
2026-08-10T05:34:19.459636Z  WARN ThreadId(20) hotstuff_runner::app: Node 2 [produce_block] queue size: 0, attempting up to 0 transactions this block    
2026-08-10T05:34:19.461827Z  WARN ThreadId(20) hotstuff_runner::app: Node 2 view(7919) far exceeds block count (1979); potential sync issue    
2026-08-10T05:34:19.604640Z  WARN ThreadId(20) hotstuff_runner::app: Node 2 [produce_block] queue size: 0, attempting up to 0 transactions this block    
2026-08-10T05:34:19.608019Z  WARN ThreadId(20) hotstuff_runner::app: Node 2 view(7923) far exceeds block count (1980); potential sync issue    
2026-08-10T05:34:19.753608Z  WARN ThreadId(20) hotstuff_runner::app: Node 2 [produce_block] queue size: 0, attempting up to 0 transactions this block    
2026-08-10T05:34:19.754864Z  WARN ThreadId(20) hotstuff_runner::app: Node 2 view(7927) far exceeds block count (1981); potential sync issue    
2026-08-10T05:34:19.933392Z  WARN ThreadId(20) hotstuff_runner::app: Node 2 [produce_block] queue size: 0, attempting up to 0 transactions this block    
2026-08-10T05:34:19.937593Z  WARN ThreadId(20) hotstuff_runner::app: Node 2 view(7931) far exceeds block count (1982); potential sync issue    
2026-08-10T05:34:20.112491Z  WARN ThreadId(20) hotstuff_runner::app: Node 2 [produce_block] queue size: 0, attempting up to 0 transactions this block    
2026-08-10T05:34:20.113954Z  WARN ThreadId(20) hotstuff_runner::app: Node 2 view(7935) far exceeds block count (1983); potential sync issue    
2026-08-10T05:34:20.255648Z  WARN ThreadId(20) hotstuff_runner::app: Node 2 [produce_block] queue size: 0, attempting up to 0 transactions this block    
2026-08-10T05:34:20.256314Z  WARN ThreadId(20) hotstuff_runner::app: Node 2 view(7939) far exceeds block count (1984); potential sync issue    
2026-08-10T05:34:20.367707Z  WARN ThreadId(20) hotstuff_runner::app: Node 2 [produce_block] queue size: 0, attempting up to 0 transactions this block    
2026-08-10T05:34:20.368276Z  WARN ThreadId(20) hotstuff_runner::app: Node 2 view(7943) far exceeds block count (1985); potential sync issue    
2026-08-10T05:34:20.433591Z  WARN ThreadId(20) hotstuff_runner::app: Node 2 [produce_block] queue size: 0, attempting up to 0 transactions this block    
2026-08-10T05:34:20.434307Z  WARN ThreadId(20) hotstuff_runner::app: Node 2 view(7947) far exceeds block count (1986); potential sync issue    
2026-08-10T05:34:20.550263Z  WARN ThreadId(20) hotstuff_runner::app: Node 2 [produce_block] queue size: 0, attempting up to 0 transactions this block    
2026-08-10T05:34:20.550962Z  WARN ThreadId(20) hotstuff_runner::app: Node 2 view(7951) far exceeds block count (1987); potential sync issue    
2026-08-10T05:34:20.639424Z  WARN ThreadId(20) hotstuff_runner::app: Node 2 [produce_block] queue size: 0, attempting up to 0 transactions this block    
2026-08-10T05:34:20.642199Z  WARN ThreadId(20) hotstuff_runner::app: Node 2 view(7955) far exceeds block count (1988); potential sync issue    
2026-08-10T05:34:20.778875Z  WARN ThreadId(20) hotstuff_runner::app: Node 2 [produce_block] queue size: 0, attempting up to 0 transactions this block    
2026-08-10T05:34:20.779684Z  WARN ThreadId(20) hotstuff_runner::app: Node 2 view(7959) far exceeds block count (1989); potential sync issue    
2026-08-10T05:34:20.875301Z  WARN ThreadId(20) hotstuff_runner::app: Node 2 [produce_block] queue size: 0, attempting up to 0 transactions this block    
2026-08-10T05:34:20.875664Z  WARN ThreadId(20) hotstuff_runner::app: Node 2 view(7963) far exceeds block count (1990); potential sync issue    
2026-08-10T05:34:20.996696Z  WARN ThreadId(20) hotstuff_runner::app: Node 2 [produce_block] queue size: 0, attempting up to 0 transactions this block    
2026-08-10T05:34:21.004584Z  WARN ThreadId(20) hotstuff_runner::app: Node 2 view(7967) far exceeds block count (1991); potential sync issue    
2026-08-10T05:34:21.101468Z  WARN ThreadId(20) hotstuff_runner::app: Node 2 [produce_block] queue size: 0, attempting up to 0 transactions this block    
2026-08-10T05:34:21.104667Z  WARN ThreadId(20) hotstuff_runner::app: Node 2 view(7971) far exceeds block count (1992); potential sync issue    
2026-08-10T05:34:21.299640Z  WARN ThreadId(20) hotstuff_runner::app: Node 2 [produce_block] queue size: 0, attempting up to 0 transactions this block    
2026-08-10T05:34:21.299909Z  WARN ThreadId(20) hotstuff_runner::app: Node 2 view(7975) far exceeds block count (1993); potential sync issue    
2026-08-10T05:34:21.519640Z  WARN ThreadId(20) hotstuff_runner::app: Node 2 [produce_block] queue size: 0, attempting up to 0 transactions this block    
2026-08-10T05:34:21.520605Z  WARN ThreadId(20) hotstuff_runner::app: Node 2 view(7979) far exceeds block count (1994); potential sync issue    
2026-08-10T05:34:21.658727Z  WARN ThreadId(20) hotstuff_runner::app: Node 2 [produce_block] queue size: 0, attempting up to 0 transactions this block    
2026-08-10T05:34:21.662861Z  WARN ThreadId(20) hotstuff_runner::app: Node 2 view(7983) far exceeds block count (1995); potential sync issue    
2026-08-10T05:34:21.805031Z  WARN ThreadId(20) hotstuff_runner::app: Node 2 [produce_block] queue size: 0, attempting up to 0 transactions this block    
2026-08-10T05:34:21.805860Z  WARN ThreadId(20) hotstuff_runner::app: Node 2 view(7987) far exceeds block count (1996); potential sync issue    
2026-08-10T05:34:21.931331Z  WARN ThreadId(08) docker_node: Low processing efficiency: 0.0% - system may need tuning
2026-08-10T05:34:21.931990Z  WARN ThreadId(08) docker_node:   Connection reuse ineffective (2.0 msg/conn)
2026-08-10T05:34:22.021210Z  WARN ThreadId(20) hotstuff_runner::app: Node 2 [produce_block] queue size: 0, attempting up to 0 transactions this block    
2026-08-10T05:34:22.026708Z  WARN ThreadId(20) hotstuff_runner::app: Node 2 view(7991) far exceeds block count (1997); potential sync issue    
2026-08-10T05:34:22.128907Z  WARN ThreadId(20) hotstuff_runner::app: Node 2 [produce_block] queue size: 0, attempting up to 0 transactions this block    
2026-08-10T05:34:22.129452Z  WARN ThreadId(20) hotstuff_runner::app: Node 2 view(7995) far exceeds block count (1998); potential sync issue    
2026-08-10T05:34:22.499363Z  WARN ThreadId(20) hotstuff_runner::app: Node 2 [produce_block] queue size: 0, attempting up to 0 transactions this block    
2026-08-10T05:34:22.508590Z  WARN ThreadId(20) hotstuff_runner::app: Node 2 view(7999) far exceeds block count (1999); potential sync issue    
2026-08-10T05:34:22.658758Z  WARN ThreadId(20) hotstuff_runner::app: Node 2 [produce_block] queue size: 0, attempting up to 0 transactions this block    
2026-08-10T05:34:22.659531Z  WARN ThreadId(20) hotstuff_runner::app: Node 2 view(8003) far exceeds block count (2000); potential sync issue    
2026-08-10T05:34:22.904495Z  WARN ThreadId(20) hotstuff_runner::app: Node 2 [produce_block] queue size: 0, attempting up to 0 transactions this block    
2026-08-10T05:34:22.905522Z  WARN ThreadId(20) hotstuff_runner::app: Node 2 view(8007) far exceeds block count (2001); potential sync issue    
2026-08-10T05:34:23.054653Z  WARN ThreadId(20) hotstuff_runner::app: Node 2 [produce_block] queue size: 0, attempting up to 0 transactions this block    
2026-08-10T05:34:23.055066Z  WARN ThreadId(20) hotstuff_runner::app: Node 2 view(8011) far exceeds block count (2002); potential sync issue    
2026-08-10T05:34:23.196857Z  WARN ThreadId(20) hotstuff_runner::app: Node 2 [produce_block] queue size: 0, attempting up to 0 transactions this block    
2026-08-10T05:34:23.197323Z  WARN ThreadId(20) hotstuff_runner::app: Node 2 view(8015) far exceeds block count (2003); potential sync issue    
2026-08-10T05:34:23.281354Z  WARN ThreadId(20) hotstuff_runner::app: Node 2 [produce_block] queue size: 0, attempting up to 0 transactions this block    
2026-08-10T05:34:23.281740Z  WARN ThreadId(20) hotstuff_runner::app: Node 2 view(8019) far exceeds block count (2004); potential sync issue    
2026-08-10T05:34:23.420228Z  WARN ThreadId(20) hotstuff_runner::app: Node 2 [produce_block] queue size: 0, attempting up to 0 transactions this block    
2026-08-10T05:34:23.422726Z  WARN ThreadId(20) hotstuff_runner::app: Node 2 view(8023) far exceeds block count (2005); potential sync issue    
2026-08-10T05:34:23.577644Z  WARN ThreadId(20) hotstuff_runner::app: Node 2 [produce_block] queue size: 0, attempting up to 0 transactions this block    
2026-08-10T05:34:23.582644Z  WARN ThreadId(20) hotstuff_runner::app: Node 2 view(8027) far exceeds block count (2006); potential sync issue    
2026-08-10T05:34:23.849654Z  WARN ThreadId(20) hotstuff_runner::app: Node 2 [produce_block] queue size: 0, attempting up to 0 transactions this block    
2026-08-10T05:34:23.855557Z  WARN ThreadId(20) hotstuff_runner::app: Node 2 view(8031) far exceeds block count (2007); potential sync issue    
2026-08-10T05:34:24.037579Z  WARN ThreadId(20) hotstuff_runner::app: Node 2 [produce_block] queue size: 0, attempting up to 0 transactions this block    
2026-08-10T05:34:24.043903Z  WARN ThreadId(20) hotstuff_runner::app: Node 2 view(8035) far exceeds block count (2008); potential sync issue    
2026-08-10T05:34:24.267331Z  WARN ThreadId(20) hotstuff_runner::app: Node 2 [produce_block] queue size: 0, attempting up to 0 transactions this block    
2026-08-10T05:34:24.276847Z  WARN ThreadId(20) hotstuff_runner::app: Node 2 view(8039) far exceeds block count (2009); potential sync issue    
