2026-08-10T05:51:43.610381Z  WARN ThreadId(01) docker_node: HOTSTUFF_NODE_LEAST_ID=0, HOTSTUFF_NODE_NUM=4
2026-08-10T05:51:43.610944Z  WARN ThreadId(01) docker_node: metrics exporter disabled by SMROL_DISABLE_METRICS
2026-08-10T05:52:03.826912Z  WARN ThreadId(01) hotstuff_runner::tcp_node: Node 1 view timeout set to 500 ms
2026-08-10T05:52:03.835064Z  WARN ThreadId(01) hotstuff_runner::smrol::sequencing: SMROL_MEDIAN_INFLIGHT=3, SMROL_ORDER_FINALIZE_INFLIGHT=3, SMROL_FINAL_SIGN_INFLIGHT=3, SMROL_FINAL_VERIFY_INFLIGHT=3
2026-08-10T05:52:03.835568Z  WARN ThreadId(01) hotstuff_runner::smrol::sequencing: [Sequencing] Node 1 multi-signature verification disabled: false
2026-08-10T05:52:03.835612Z ERROR ThreadId(23) hotstuff_runner::pompe_network: Node 1 failed to connect to node 0: Connection refused (os error 111)
2026-08-10T05:52:03.837246Z  WARN ThreadId(07) hotstuff_runner::smrol::sequencing: [Sequencing] Node 1 final verify dispatcher started
2026-08-10T05:52:03.846585Z ERROR ThreadId(23) hotstuff_runner::pompe_network: Node 1 failed to connect to node 2: Connection refused (os error 111)
2026-08-10T05:52:04.329613Z  WARN ThreadId(21) hotstuff_runner::tcp_node: Node 1 view 0 timed out; latency may accumulate
2026-08-10T05:52:04.386065Z  WARN ThreadId(20) hotstuff_runner::app: Node 1 [produce_block] queue size: 0, attempting up to 0 transactions this block    
2026-08-10T05:52:04.425636Z  WARN ThreadId(20) hotstuff_runner::app: Node 1 [produce_block] queue size: 0, attempting up to 0 transactions this block    
2026-08-10T05:52:04.458849Z  WARN ThreadId(20) hotstuff_runner::app: Node 1 [produce_block] queue size: 0, attempting up to 0 transactions this block    
2026-08-10T05:52:04.495976Z  WARN ThreadId(20) hotstuff_runner::app: Node 1 [produce_block] queue size: 0, attempting up to 0 transactions this block    
2026-08-10T05:52:04.529190Z  WARN ThreadId(20) hotstuff_runner::app: Node 1 [produce_block] queue size: 0, attempting up to 0 transactions this block    
2026-08-10T05:52:04.585180Z  WARN ThreadId(20) hotstuff_runner::app: Node 1 [produce_block] queue size: 0, attempting up to 0 transactions this block    
2026-08-10T05:52:04.618627Z  WARN ThreadId(20) hotstuff_runner::app: Node 1 [produce_block] queue size: 0, attempting up to 0 transactions this block    
2026-08-10T05:52:04.660368Z  WARN ThreadId(20) hotstuff_runner::app: Node 1 [produce_block] queue size: 0, attempting up to 0 transactions this block    
2026-08-10T05:52:04.708892Z  WARN ThreadId(20) hotstuff_runner::app: Node 1 [produce_block] queue size: 0, attempting up to 0 transactions this block    
2026-08-10T05:52:04.746707Z  WARN ThreadId(20) hotstuff_runner::app: Node 1 [produce_block] queue size: 0, attempting up to 0 transactions this block    
2026-08-10T05:52:04.774819Z  WARN ThreadId(20) hotstuff_runner::app: Node 1 [produce_block] queue size: 0, attempting up to 0 transactions this block    
2026-08-10T05:52:04.807472Z  WARN ThreadId(20) hotstuff_runner::app: Node 1 [produce_block] queue size: 0, attempting up to 0 transactions this block    
2026-08-10T05:52:04.845722Z  WARN ThreadId(20) hotstuff_runner::app: Node 1 [produce_block] queue size: 0, attempting up to 0 transactions this block    
2026-08-10T05:52:04.886806Z  WARN ThreadId(20) hotstuff_runner::app: Node 1 [produce_block] queue size: 0, attempting up to 0 transactions this block    
2026-08-10T05:52:04.920815Z  WARN ThreadId(20) hotstuff_runner::app: Node 1 [produce_block] queue size: 0, attempting up to 0 transactions this block    
2026-08-10T05:52:04.948417Z  WARN ThreadId(20) hotstuff_runner::app: Node 1 [produce_block] queue size: 0, attempting up to 0 transactions this block    
2026-08-10T05:52:04.990692Z  WARN ThreadId(20) hotstuff_runner::app: Node 1 [produce_block] queue size: 0, attempting up to 0 transactions this block    
2026-08-10T05:52:05.025106Z  WARN ThreadId(20) hotstuff_runner::app: Node 1 [produce_block] queue size: 0, attempting up to 0 transactions this block    
2026-08-10T05:52:05.069058Z  WARN ThreadId(20) hotstuff_runner::app: Node 1 [produce_block] queue size: 0, attempting up to 0 transactions this block    
2026-08-10T05:52:05.101108Z  WARN ThreadId(20) hotstuff_runner::app: Node 1 [produce_block] queue size: 0, attempting up to 0 transactions this block    
2026-08-10T05:52:05.135907Z  WARN ThreadId(20) hotstuff_runner::app: Node 1 [produce_block] queue size: 0, attempting up to 0 transactions this block    
2026-08-10T05:52:05.166386Z  WARN ThreadId(20) hotstuff_runner::app: Node 1 [produce_block] queue size: 0, attempting up to 0 transactions this block    
2026-08-10T05:52:05.209486Z  WARN ThreadId(20) hotstuff_runner::app: Node 1 [produce_block] queue size: 0, attempting up to 0 transactions this block    
2026-08-10T05:52:05.270988Z  WARN ThreadId(20) hotstuff_runner::app: Node 1 [produce_block] queue size: 0, attempting up to 0 transactions this block    
2026-08-10T05:52:05.309429Z  WARN ThreadId(20) hotstuff_runner::app: Node 1 [produce_block] queue size: 0, attempting up to 0 transactions this block    
2026-08-10T05:52:05.341673Z  WARN ThreadId(20) hotstuff_runner::app: Node 1 [produce_block] queue size: 0, attempting up to 0 transactions this block    
2026-08-10T05:52:05.383042Z  WARN ThreadId(20) hotstuff_runner::app: Node 1 [produce_block] queue size: 0, attempting up to 0 transactions this block    
2026-08-10T05:52:05.418485Z  WARN ThreadId(20) hotstuff_runner::app: Node 1 [produce_block] queue size: 0, attempting up to 0 transactions this block    
2026-08-10T05:52:05.452826Z  WARN ThreadId(20) hotstuff_runner::app: Node 1 [produce_block] queue size: 0, attempting up to 0 transactions this block    
2026-08-10T05:52:05.487144Z  WARN ThreadId(20) hotstuff_runner::app: Node 1 [produce_block] queue size: 0, attempting up to 0 transactions this block    
2026-08-10T05:52:05.522749Z  WARN ThreadId(20) hotstuff_runner::app: Node 1 [produce_block] queue size: 0, attempting up to 0 transactions this block    
2026-08-10T05:52:05.551594Z  WARN ThreadId(20) hotstuff_runner::app: Node 1 [produce_block] queue size: 0, attempting up to 0 transactions this block    
2026-08-10T05:52:05.591793Z  WARN ThreadId(20) hotstuff_runner::app: Node 1 [produce_block] queue size: 0, attempting up to 0 transactions this block    
2026-08-10T05:52:05.636511Z  WARN ThreadId(20) hotstuff_runner::app: Node 1 [produce_block] queue size: 0, attempting up to 0 transactions this block    
2026-08-10T05:52:05.641375Z  WARN ThreadId(20) hotstuff_runner::app: Node 1 view(136) far exceeds block count (33); potential sync issue    
2026-08-10T05:52:05.681587Z  WARN ThreadId(20) hotstuff_runner::app: Node 1 [produce_block] queue size: 0, attempting up to 0 transactions this block    
2026-08-10T05:52:05.683095Z  WARN ThreadId(20) hotstuff_runner::app: Node 1 view(140) far exceeds block count (34); potential sync issue    
2026-08-10T05:52:05.712807Z  WARN ThreadId(20) hotstuff_runner::app: Node 1 [produce_block] queue size: 0, attempting up to 0 transactions this block    
2026-08-10T05:52:05.714130Z  WARN ThreadId(20) hotstuff_runner::app: Node 1 view(144) far exceeds block count (35); potential sync issue    
2026-08-10T05:52:05.747540Z  WARN ThreadId(20) hotstuff_runner::app: Node 1 [produce_block] queue size: 0, attempting up to 0 transactions this block    
2026-08-10T05:52:05.748393Z  WARN ThreadId(20) hotstuff_runner::app: Node 1 view(148) far exceeds block count (36); potential sync issue    
2026-08-10T05:52:05.774088Z  WARN ThreadId(20) hotstuff_runner::app: Node 1 [produce_block] queue size: 0, attempting up to 0 transactions this block    
2026-08-10T05:52:05.775224Z  WARN ThreadId(20) hotstuff_runner::app: Node 1 view(152) far exceeds block count (37); potential sync issue    
2026-08-10T05:52:05.808458Z  WARN ThreadId(20) hotstuff_runner::app: Node 1 [produce_block] queue size: 0, attempting up to 0 transactions this block    
2026-08-10T05:52:05.809671Z  WARN ThreadId(20) hotstuff_runner::app: Node 1 view(156) far exceeds block count (38); potential sync issue    
2026-08-10T05:52:05.845694Z  WARN ThreadId(20) hotstuff_runner::app: Node 1 [produce_block] queue size: 0, attempting up to 0 transactions this block    
2026-08-10T05:52:05.846670Z  WARN ThreadId(20) hotstuff_runner::app: Node 1 view(160) far exceeds block count (39); potential sync issue    
2026-08-10T05:52:05.876602Z  WARN ThreadId(20) hotstuff_runner::app: Node 1 [produce_block] queue size: 0, attempting up to 0 transactions this block    
2026-08-10T05:52:05.878216Z  WARN ThreadId(20) hotstuff_runner::app: Node 1 view(164) far exceeds block count (40); potential sync issue    
2026-08-10T05:52:05.910510Z  WARN ThreadId(20) hotstuff_runner::app: Node 1 [produce_block] queue size: 0, attempting up to 0 transactions this block    
2026-08-10T05:52:05.910877Z  WARN ThreadId(20) hotstuff_runner::app: Node 1 view(168) far exceeds block count (41); potential sync issue    
2026-08-10T05:52:05.958026Z  WARN ThreadId(20) hotstuff_runner::app: Node 1 [produce_block] queue size: 0, attempting up to 0 transactions this block    
2026-08-10T05:52:05.958378Z  WARN ThreadId(20) hotstuff_runner::app: Node 1 view(172) far exceeds block count (42); potential sync issue    
2026-08-10T05:52:05.993001Z  WARN ThreadId(20) hotstuff_runner::app: Node 1 [produce_block] queue size: 0, attempting up to 0 transactions this block    
2026-08-10T05:52:05.993275Z  WARN ThreadId(20) hotstuff_runner::app: Node 1 view(176) far exceeds block count (43); potential sync issue    
2026-08-10T05:52:06.038031Z  WARN ThreadId(20) hotstuff_runner::app: Node 1 [produce_block] queue size: 0, attempting up to 0 transactions this block    
2026-08-10T05:52:06.049103Z  WARN ThreadId(20) hotstuff_runner::app: Node 1 view(180) far exceeds block count (44); potential sync issue    
2026-08-10T05:52:06.084932Z  WARN ThreadId(20) hotstuff_runner::app: Node 1 [produce_block] queue size: 0, attempting up to 0 transactions this block    
2026-08-10T05:52:06.085084Z  WARN ThreadId(20) hotstuff_runner::app: Node 1 view(184) far exceeds block count (45); potential sync issue    
2026-08-10T05:52:06.118657Z  WARN ThreadId(20) hotstuff_runner::app: Node 1 [produce_block] queue size: 0, attempting up to 0 transactions this block    
2026-08-10T05:52:06.118935Z  WARN ThreadId(20) hotstuff_runner::app: Node 1 view(188) far exceeds block count (46); potential sync issue    
2026-08-10T05:52:06.150225Z  WARN ThreadId(20) hotstuff_runner::app: Node 1 [produce_block] queue size: 0, attempting up to 0 transactions this block    
2026-08-10T05:52:06.150407Z  WARN ThreadId(20) hotstuff_runner::app: Node 1 view(192) far exceeds block count (47); potential sync issue    
2026-08-10T05:52:06.187029Z  WARN ThreadId(20) hotstuff_runner::app: Node 1 [produce_block] queue size: 0, attempting up to 0 transactions this block    
2026-08-10T05:52:06.187911Z  WARN ThreadId(20) hotstuff_runner::app: Node 1 view(196) far exceeds block count (48); potential sync issue    
2026-08-10T05:52:06.238336Z  WARN ThreadId(20) hotstuff_runner::app: Node 1 [produce_block] queue size: 0, attempting up to 0 transactions this block    
2026-08-10T05:52:06.238662Z  WARN ThreadId(20) hotstuff_runner::app: Node 1 view(200) far exceeds block count (49); potential sync issue    
2026-08-10T05:52:06.290678Z  WARN ThreadId(20) hotstuff_runner::app: Node 1 [produce_block] queue size: 0, attempting up to 0 transactions this block    
2026-08-10T05:52:06.290773Z  WARN ThreadId(20) hotstuff_runner::app: Node 1 view(204) far exceeds block count (50); potential sync issue    
2026-08-10T05:52:06.329697Z  WARN ThreadId(20) hotstuff_runner::app: Node 1 [produce_block] queue size: 0, attempting up to 0 transactions this block    
2026-08-10T05:52:06.329813Z  WARN ThreadId(20) hotstuff_runner::app: Node 1 view(208) far exceeds block count (51); potential sync issue    
2026-08-10T05:52:06.386353Z  WARN ThreadId(20) hotstuff_runner::app: Node 1 [produce_block] queue size: 0, attempting up to 0 transactions this block    
2026-08-10T05:52:06.386533Z  WARN ThreadId(20) hotstuff_runner::app: Node 1 view(212) far exceeds block count (52); potential sync issue    
2026-08-10T05:52:06.432592Z  WARN ThreadId(20) hotstuff_runner::app: Node 1 [produce_block] queue size: 0, attempting up to 0 transactions this block    
2026-08-10T05:52:06.434042Z  WARN ThreadId(20) hotstuff_runner::app: Node 1 view(216) far exceeds block count (53); potential sync issue    
2026-08-10T05:52:06.479188Z  WARN ThreadId(20) hotstuff_runner::app: Node 1 [produce_block] queue size: 0, attempting up to 0 transactions this block    
2026-08-10T05:52:06.479328Z  WARN ThreadId(20) hotstuff_runner::app: Node 1 view(220) far exceeds block count (54); potential sync issue    
2026-08-10T05:52:06.521254Z  WARN ThreadId(20) hotstuff_runner::app: Node 1 [produce_block] queue size: 0, attempting up to 0 transactions this block    
2026-08-10T05:52:06.521540Z  WARN ThreadId(20) hotstuff_runner::app: Node 1 view(224) far exceeds block count (55); potential sync issue    
2026-08-10T05:52:06.553413Z  WARN ThreadId(20) hotstuff_runner::app: Node 1 [produce_block] queue size: 0, attempting up to 0 transactions this block    
2026-08-10T05:52:06.553827Z  WARN ThreadId(20) hotstuff_runner::app: Node 1 view(228) far exceeds block count (56); potential sync issue    
2026-08-10T05:52:06.597623Z  WARN ThreadId(20) hotstuff_runner::app: Node 1 [produce_block] queue size: 0, attempting up to 0 transactions this block    
2026-08-10T05:52:06.598234Z  WARN ThreadId(20) hotstuff_runner::app: Node 1 view(232) far exceeds block count (57); potential sync issue    
2026-08-10T05:52:06.639664Z  WARN ThreadId(20) hotstuff_runner::app: Node 1 [produce_block] queue size: 0, attempting up to 0 transactions this block    
2026-08-10T05:52:06.640082Z  WARN ThreadId(20) hotstuff_runner::app: Node 1 view(236) far exceeds block count (58); potential sync issue    
2026-08-10T05:52:06.689115Z  WARN ThreadId(20) hotstuff_runner::app: Node 1 [produce_block] queue size: 0, attempting up to 0 transactions this block    
2026-08-10T05:52:06.689987Z  WARN ThreadId(20) hotstuff_runner::app: Node 1 view(240) far exceeds block count (59); potential sync issue    
2026-08-10T05:52:06.733720Z  WARN ThreadId(20) hotstuff_runner::app: Node 1 [produce_block] queue size: 0, attempting up to 0 transactions this block    
2026-08-10T05:52:06.733820Z  WARN ThreadId(20) hotstuff_runner::app: Node 1 view(244) far exceeds block count (60); potential sync issue    
2026-08-10T05:52:06.764977Z  WARN ThreadId(20) hotstuff_runner::app: Node 1 [produce_block] queue size: 0, attempting up to 0 transactions this block    
2026-08-10T05:52:06.765168Z  WARN ThreadId(20) hotstuff_runner::app: Node 1 view(248) far exceeds block count (61); potential sync issue    
2026-08-10T05:52:06.819453Z  WARN ThreadId(20) hotstuff_runner::app: Node 1 [produce_block] queue size: 0, attempting up to 0 transactions this block    
2026-08-10T05:52:06.819583Z  WARN ThreadId(20) hotstuff_runner::app: Node 1 view(252) far exceeds block count (62); potential sync issue    
2026-08-10T05:52:06.857483Z  WARN ThreadId(20) hotstuff_runner::app: Node 1 [produce_block] queue size: 0, attempting up to 0 transactions this block    
2026-08-10T05:52:06.857839Z  WARN ThreadId(20) hotstuff_runner::app: Node 1 view(256) far exceeds block count (63); potential sync issue    
2026-08-10T05:52:06.894518Z  WARN ThreadId(20) hotstuff_runner::app: Node 1 [produce_block] queue size: 0, attempting up to 0 transactions this block    
2026-08-10T05:52:06.895503Z  WARN ThreadId(20) hotstuff_runner::app: Node 1 view(260) far exceeds block count (64); potential sync issue    
2026-08-10T05:52:06.931872Z  WARN ThreadId(20) hotstuff_runner::app: Node 1 [produce_block] queue size: 0, attempting up to 0 transactions this block    
2026-08-10T05:52:06.932472Z  WARN ThreadId(20) hotstuff_runner::app: Node 1 view(264) far exceeds block count (65); potential sync issue    
2026-08-10T05:52:06.966168Z  WARN ThreadId(20) hotstuff_runner::app: Node 1 [produce_block] queue size: 0, attempting up to 0 transactions this block    
2026-08-10T05:52:06.967628Z  WARN ThreadId(20) hotstuff_runner::app: Node 1 view(268) far exceeds block count (66); potential sync issue    
2026-08-10T05:52:07.006155Z  WARN ThreadId(20) hotstuff_runner::app: Node 1 [produce_block] queue size: 0, attempting up to 0 transactions this block    
2026-08-10T05:52:07.006658Z  WARN ThreadId(20) hotstuff_runner::app: Node 1 view(272) far exceeds block count (67); potential sync issue    
2026-08-10T05:52:07.106973Z  WARN ThreadId(20) hotstuff_runner::app: Node 1 [produce_block] queue size: 0, attempting up to 0 transactions this block    
2026-08-10T05:52:07.107168Z  WARN ThreadId(20) hotstuff_runner::app: Node 1 view(276) far exceeds block count (68); potential sync issue    
2026-08-10T05:52:07.185140Z  WARN ThreadId(20) hotstuff_runner::app: Node 1 [produce_block] queue size: 0, attempting up to 0 transactions this block    
2026-08-10T05:52:07.185282Z  WARN ThreadId(20) hotstuff_runner::app: Node 1 view(280) far exceeds block count (69); potential sync issue    
2026-08-10T05:52:07.238901Z  WARN ThreadId(20) hotstuff_runner::app: Node 1 [produce_block] queue size: 0, attempting up to 0 transactions this block    
2026-08-10T05:52:07.239084Z  WARN ThreadId(20) hotstuff_runner::app: Node 1 view(284) far exceeds block count (70); potential sync issue    
2026-08-10T05:52:07.303060Z  WARN ThreadId(20) hotstuff_runner::app: Node 1 [produce_block] queue size: 0, attempting up to 0 transactions this block    
2026-08-10T05:52:07.304058Z  WARN ThreadId(20) hotstuff_runner::app: Node 1 view(288) far exceeds block count (71); potential sync issue    
2026-08-10T05:52:07.331808Z  WARN ThreadId(20) hotstuff_runner::app: Node 1 [produce_block] queue size: 0, attempting up to 0 transactions this block    
2026-08-10T05:52:07.332001Z  WARN ThreadId(20) hotstuff_runner::app: Node 1 view(292) far exceeds block count (72); potential sync issue    
2026-08-10T05:52:07.389694Z  WARN ThreadId(20) hotstuff_runner::app: Node 1 [produce_block] queue size: 0, attempting up to 0 transactions this block    
2026-08-10T05:52:07.390373Z  WARN ThreadId(20) hotstuff_runner::app: Node 1 view(296) far exceeds block count (73); potential sync issue    
2026-08-10T05:52:07.431953Z  WARN ThreadId(20) hotstuff_runner::app: Node 1 [produce_block] queue size: 0, attempting up to 0 transactions this block    
2026-08-10T05:52:07.436576Z  WARN ThreadId(20) hotstuff_runner::app: Node 1 view(300) far exceeds block count (74); potential sync issue    
2026-08-10T05:52:07.469251Z  WARN ThreadId(20) hotstuff_runner::app: Node 1 [produce_block] queue size: 0, attempting up to 0 transactions this block    
2026-08-10T05:52:07.473047Z  WARN ThreadId(20) hotstuff_runner::app: Node 1 view(304) far exceeds block count (75); potential sync issue    
2026-08-10T05:52:07.516324Z  WARN ThreadId(20) hotstuff_runner::app: Node 1 [produce_block] queue size: 0, attempting up to 0 transactions this block    
2026-08-10T05:52:07.517293Z  WARN ThreadId(20) hotstuff_runner::app: Node 1 view(308) far exceeds block count (76); potential sync issue    
2026-08-10T05:52:07.551129Z  WARN ThreadId(20) hotstuff_runner::app: Node 1 [produce_block] queue size: 0, attempting up to 0 transactions this block    
2026-08-10T05:52:07.551319Z  WARN ThreadId(20) hotstuff_runner::app: Node 1 view(312) far exceeds block count (77); potential sync issue    
2026-08-10T05:52:07.578974Z  WARN ThreadId(20) hotstuff_runner::app: Node 1 [produce_block] queue size: 0, attempting up to 0 transactions this block    
2026-08-10T05:52:07.580446Z  WARN ThreadId(20) hotstuff_runner::app: Node 1 view(316) far exceeds block count (78); potential sync issue    
2026-08-10T05:52:07.618899Z  WARN ThreadId(20) hotstuff_runner::app: Node 1 [produce_block] queue size: 0, attempting up to 0 transactions this block    
2026-08-10T05:52:07.619783Z  WARN ThreadId(20) hotstuff_runner::app: Node 1 view(320) far exceeds block count (79); potential sync issue    
2026-08-10T05:52:07.658470Z  WARN ThreadId(20) hotstuff_runner::app: Node 1 [produce_block] queue size: 0, attempting up to 0 transactions this block    
2026-08-10T05:52:07.661452Z  WARN ThreadId(20) hotstuff_runner::app: Node 1 view(324) far exceeds block count (80); potential sync issue    
2026-08-10T05:52:07.705975Z  WARN ThreadId(20) hotstuff_runner::app: Node 1 [produce_block] queue size: 0, attempting up to 0 transactions this block    
2026-08-10T05:52:07.719836Z  WARN ThreadId(20) hotstuff_runner::app: Node 1 view(328) far exceeds block count (81); potential sync issue    
2026-08-10T05:52:07.784812Z  WARN ThreadId(20) hotstuff_runner::app: Node 1 [produce_block] queue size: 0, attempting up to 0 transactions this block    
2026-08-10T05:52:07.785987Z  WARN ThreadId(20) hotstuff_runner::app: Node 1 view(332) far exceeds block count (82); potential sync issue    
2026-08-10T05:52:07.829322Z  WARN ThreadId(20) hotstuff_runner::app: Node 1 [produce_block] queue size: 0, attempting up to 0 transactions this block    
2026-08-10T05:52:07.829657Z  WARN ThreadId(20) hotstuff_runner::app: Node 1 view(336) far exceeds block count (83); potential sync issue    
2026-08-10T05:52:07.871526Z  WARN ThreadId(20) hotstuff_runner::app: Node 1 [produce_block] queue size: 0, attempting up to 0 transactions this block    
2026-08-10T05:52:07.871756Z  WARN ThreadId(20) hotstuff_runner::app: Node 1 view(340) far exceeds block count (84); potential sync issue    
2026-08-10T05:52:07.897443Z  WARN ThreadId(20) hotstuff_runner::app: Node 1 [produce_block] queue size: 0, attempting up to 0 transactions this block    
2026-08-10T05:52:07.897757Z  WARN ThreadId(20) hotstuff_runner::app: Node 1 view(344) far exceeds block count (85); potential sync issue    
2026-08-10T05:52:07.929715Z  WARN ThreadId(20) hotstuff_runner::app: Node 1 [produce_block] queue size: 0, attempting up to 0 transactions this block    
2026-08-10T05:52:07.930689Z  WARN ThreadId(20) hotstuff_runner::app: Node 1 view(348) far exceeds block count (86); potential sync issue    
2026-08-10T05:52:07.968746Z  WARN ThreadId(20) hotstuff_runner::app: Node 1 [produce_block] queue size: 0, attempting up to 0 transactions this block    
2026-08-10T05:52:07.971648Z  WARN ThreadId(20) hotstuff_runner::app: Node 1 view(352) far exceeds block count (87); potential sync issue    
2026-08-10T05:52:08.019378Z  WARN ThreadId(20) hotstuff_runner::app: Node 1 [produce_block] queue size: 0, attempting up to 0 transactions this block    
2026-08-10T05:52:08.020212Z  WARN ThreadId(20) hotstuff_runner::app: Node 1 view(356) far exceeds block count (88); potential sync issue    
2026-08-10T05:52:08.071761Z  WARN ThreadId(20) hotstuff_runner::app: Node 1 [produce_block] queue size: 0, attempting up to 0 transactions this block    
2026-08-10T05:52:08.073247Z  WARN ThreadId(20) hotstuff_runner::app: Node 1 view(360) far exceeds block count (89); potential sync issue    
2026-08-10T05:52:08.121667Z  WARN ThreadId(20) hotstuff_runner::app: Node 1 [produce_block] queue size: 0, attempting up to 0 transactions this block    
2026-08-10T05:52:08.122961Z  WARN ThreadId(20) hotstuff_runner::app: Node 1 view(364) far exceeds block count (90); potential sync issue    
2026-08-10T05:52:08.170328Z  WARN ThreadId(20) hotstuff_runner::app: Node 1 [produce_block] queue size: 0, attempting up to 0 transactions this block    
2026-08-10T05:52:08.170800Z  WARN ThreadId(20) hotstuff_runner::app: Node 1 view(368) far exceeds block count (91); potential sync issue    
2026-08-10T05:52:08.200548Z  WARN ThreadId(20) hotstuff_runner::app: Node 1 [produce_block] queue size: 0, attempting up to 0 transactions this block    
2026-08-10T05:52:08.201863Z  WARN ThreadId(20) hotstuff_runner::app: Node 1 view(372) far exceeds block count (92); potential sync issue    
2026-08-10T05:52:08.230770Z  WARN ThreadId(20) hotstuff_runner::app: Node 1 [produce_block] queue size: 0, attempting up to 0 transactions this block    
2026-08-10T05:52:08.232146Z  WARN ThreadId(20) hotstuff_runner::app: Node 1 view(376) far exceeds block count (93); potential sync issue    
2026-08-10T05:52:08.269177Z  WARN ThreadId(20) hotstuff_runner::app: Node 1 [produce_block] queue size: 0, attempting up to 0 transactions this block    
2026-08-10T05:52:08.270340Z  WARN ThreadId(20) hotstuff_runner::app: Node 1 view(380) far exceeds block count (94); potential sync issue    
2026-08-10T05:52:08.344652Z  WARN ThreadId(20) hotstuff_runner::app: Node 1 [produce_block] queue size: 0, attempting up to 0 transactions this block    
2026-08-10T05:52:08.346666Z  WARN ThreadId(20) hotstuff_runner::app: Node 1 view(384) far exceeds block count (95); potential sync issue    
2026-08-10T05:52:08.402638Z  WARN ThreadId(20) hotstuff_runner::app: Node 1 [produce_block] queue size: 0, attempting up to 0 transactions this block    
2026-08-10T05:52:08.409796Z  WARN ThreadId(20) hotstuff_runner::app: Node 1 view(388) far exceeds block count (96); potential sync issue    
2026-08-10T05:52:08.457964Z  WARN ThreadId(20) hotstuff_runner::app: Node 1 [produce_block] queue size: 0, attempting up to 0 transactions this block    
2026-08-10T05:52:08.459591Z  WARN ThreadId(20) hotstuff_runner::app: Node 1 view(392) far exceeds block count (97); potential sync issue    
2026-08-10T05:52:08.497542Z  WARN ThreadId(20) hotstuff_runner::app: Node 1 [produce_block] queue size: 0, attempting up to 0 transactions this block    
2026-08-10T05:52:08.500500Z  WARN ThreadId(20) hotstuff_runner::app: Node 1 view(396) far exceeds block count (98); potential sync issue    
2026-08-10T05:52:08.544849Z  WARN ThreadId(20) hotstuff_runner::app: Node 1 [produce_block] queue size: 0, attempting up to 0 transactions this block    
2026-08-10T05:52:08.544984Z  WARN ThreadId(20) hotstuff_runner::app: Node 1 view(400) far exceeds block count (99); potential sync issue    
2026-08-10T05:52:08.607833Z  WARN ThreadId(20) hotstuff_runner::app: Node 1 [produce_block] queue size: 0, attempting up to 0 transactions this block    
2026-08-10T05:52:08.608056Z  WARN ThreadId(20) hotstuff_runner::app: Node 1 view(404) far exceeds block count (100); potential sync issue    
2026-08-10T05:52:08.641683Z  WARN ThreadId(20) hotstuff_runner::app: Node 1 [produce_block] queue size: 0, attempting up to 0 transactions this block    
2026-08-10T05:52:08.642052Z  WARN ThreadId(20) hotstuff_runner::app: Node 1 view(408) far exceeds block count (101); potential sync issue    
2026-08-10T05:52:08.685994Z  WARN ThreadId(20) hotstuff_runner::app: Node 1 [produce_block] queue size: 0, attempting up to 0 transactions this block    
2026-08-10T05:52:08.686406Z  WARN ThreadId(20) hotstuff_runner::app: Node 1 view(412) far exceeds block count (102); potential sync issue    
2026-08-10T05:52:08.729515Z  WARN ThreadId(20) hotstuff_runner::app: Node 1 [produce_block] queue size: 0, attempting up to 0 transactions this block    
2026-08-10T05:52:08.729905Z  WARN ThreadId(20) hotstuff_runner::app: Node 1 view(416) far exceeds block count (103); potential sync issue    
2026-08-10T05:52:08.766661Z  WARN ThreadId(20) hotstuff_runner::app: Node 1 [produce_block] queue size: 0, attempting up to 0 transactions this block    
2026-08-10T05:52:08.767802Z  WARN ThreadId(20) hotstuff_runner::app: Node 1 view(420) far exceeds block count (104); potential sync issue    
2026-08-10T05:52:08.804060Z  WARN ThreadId(20) hotstuff_runner::app: Node 1 [produce_block] queue size: 0, attempting up to 0 transactions this block    
2026-08-10T05:52:08.806294Z  WARN ThreadId(20) hotstuff_runner::app: Node 1 view(424) far exceeds block count (105); potential sync issue    
2026-08-10T05:52:08.840419Z  WARN ThreadId(06) docker_node:   Connection reuse ineffective (2.0 msg/conn)
2026-08-10T05:52:08.846992Z  WARN ThreadId(01) docker_node: Node 1 port 20001 temporarily unreachable: Connection refused (os error 111)
2026-08-10T05:52:08.850557Z  WARN ThreadId(01) docker_node: Node 2 port 20002 temporarily unreachable: Connection refused (os error 111)
2026-08-10T05:52:08.853975Z  WARN ThreadId(01) docker_node: Node 3 port 20003 temporarily unreachable: Connection refused (os error 111)
2026-08-10T05:52:08.863703Z  WARN ThreadId(20) hotstuff_runner::app: Node 1 [produce_block] queue size: 0, attempting up to 0 transactions this block    
2026-08-10T05:52:08.908591Z  WARN ThreadId(20) hotstuff_runner::app: Node 1 view(428) far exceeds block count (106); potential sync issue    
2026-08-10T05:52:09.426707Z  WARN ThreadId(20) hotstuff_runner::app: Node 1 [produce_block] queue size: 0, attempting up to 0 transactions this block    
2026-08-10T05:52:09.428371Z  WARN ThreadId(20) hotstuff_runner::app: Node 1 view(432) far exceeds block count (107); potential sync issue    
2026-08-10T05:52:09.466905Z  WARN ThreadId(20) hotstuff_runner::app: Node 1 [produce_block] queue size: 2, attempting up to 2 transactions this block    
2026-08-10T05:52:09.490274Z  WARN ThreadId(20) hotstuff_runner::app: Node 1 view(436) far exceeds block count (108); potential sync issue    
2026-08-10T05:52:09.537392Z  WARN ThreadId(21) hotstuff_runner::tcp_node: Detected transaction backlog: submit rate (13.2) > confirm rate (0.0)
2026-08-10T05:52:09.557979Z  WARN ThreadId(20) hotstuff_runner::app: Node 1 [produce_block] queue size: 0, attempting up to 0 transactions this block    
2026-08-10T05:52:09.558609Z  WARN ThreadId(20) hotstuff_runner::app: Node 1 view(440) far exceeds block count (109); potential sync issue    
2026-08-10T05:52:09.604692Z  WARN ThreadId(20) hotstuff_runner::app: Node 1 [produce_block] queue size: 0, attempting up to 0 transactions this block    
2026-08-10T05:52:09.608454Z  WARN ThreadId(20) hotstuff_runner::app: Node 1 view(444) far exceeds block count (110); potential sync issue    
2026-08-10T05:52:09.645838Z  WARN ThreadId(20) hotstuff_runner::app: Node 1 [produce_block] queue size: 0, attempting up to 0 transactions this block    
2026-08-10T05:52:09.646257Z  WARN ThreadId(20) hotstuff_runner::app: Node 1 view(448) far exceeds block count (111); potential sync issue    
2026-08-10T05:52:09.690027Z  WARN ThreadId(20) hotstuff_runner::app: Node 1 [produce_block] queue size: 0, attempting up to 0 transactions this block    
2026-08-10T05:52:09.691743Z  WARN ThreadId(20) hotstuff_runner::app: Node 1 view(452) far exceeds block count (112); potential sync issue    
2026-08-10T05:52:09.737672Z  WARN ThreadId(20) hotstuff_runner::app: Node 1 [produce_block] queue size: 2, attempting up to 2 transactions this block    
2026-08-10T05:52:09.738476Z  WARN ThreadId(20) hotstuff_runner::app: Node 1 view(456) far exceeds block count (113); potential sync issue    
2026-08-10T05:52:09.785549Z  WARN ThreadId(20) hotstuff_runner::app: Node 1 [produce_block] queue size: 0, attempting up to 0 transactions this block    
2026-08-10T05:52:09.788729Z  WARN ThreadId(20) hotstuff_runner::app: Node 1 view(460) far exceeds block count (114); potential sync issue    
2026-08-10T05:52:09.848188Z  WARN ThreadId(20) hotstuff_runner::app: Node 1 [produce_block] queue size: 0, attempting up to 0 transactions this block    
2026-08-10T05:52:09.849238Z  WARN ThreadId(20) hotstuff_runner::app: Node 1 view(464) far exceeds block count (115); potential sync issue    
2026-08-10T05:52:09.881418Z  WARN ThreadId(20) hotstuff_runner::app: Node 1 [produce_block] queue size: 0, attempting up to 0 transactions this block    
2026-08-10T05:52:09.881784Z  WARN ThreadId(20) hotstuff_runner::app: Node 1 view(468) far exceeds block count (116); potential sync issue    
2026-08-10T05:52:09.913176Z  WARN ThreadId(20) hotstuff_runner::app: Node 1 [produce_block] queue size: 0, attempting up to 0 transactions this block    
2026-08-10T05:52:09.913966Z  WARN ThreadId(20) hotstuff_runner::app: Node 1 view(472) far exceeds block count (117); potential sync issue    
2026-08-10T05:52:09.962766Z  WARN ThreadId(20) hotstuff_runner::app: Node 1 [produce_block] queue size: 2, attempting up to 2 transactions this block    
2026-08-10T05:52:09.966281Z  WARN ThreadId(20) hotstuff_runner::app: Node 1 view(476) far exceeds block count (118); potential sync issue    
2026-08-10T05:52:10.004282Z  WARN ThreadId(20) hotstuff_runner::app: Node 1 [produce_block] queue size: 0, attempting up to 0 transactions this block    
2026-08-10T05:52:10.005953Z  WARN ThreadId(20) hotstuff_runner::app: Node 1 view(480) far exceeds block count (119); potential sync issue    
2026-08-10T05:52:10.055645Z  WARN ThreadId(20) hotstuff_runner::app: Node 1 [produce_block] queue size: 0, attempting up to 0 transactions this block    
2026-08-10T05:52:10.056289Z  WARN ThreadId(20) hotstuff_runner::app: Node 1 view(484) far exceeds block count (120); potential sync issue    
2026-08-10T05:52:10.089839Z  WARN ThreadId(20) hotstuff_runner::app: Node 1 [produce_block] queue size: 0, attempting up to 0 transactions this block    
2026-08-10T05:52:10.092919Z  WARN ThreadId(20) hotstuff_runner::app: Node 1 view(488) far exceeds block count (121); potential sync issue    
2026-08-10T05:52:10.143269Z  WARN ThreadId(20) hotstuff_runner::app: Node 1 [produce_block] queue size: 2, attempting up to 2 transactions this block    
2026-08-10T05:52:10.144050Z  WARN ThreadId(20) hotstuff_runner::app: Node 1 view(492) far exceeds block count (122); potential sync issue    
2026-08-10T05:52:10.188968Z  WARN ThreadId(20) hotstuff_runner::app: Node 1 [produce_block] queue size: 0, attempting up to 0 transactions this block    
2026-08-10T05:52:10.189756Z  WARN ThreadId(20) hotstuff_runner::app: Node 1 view(496) far exceeds block count (123); potential sync issue    
2026-08-10T05:52:10.233804Z  WARN ThreadId(20) hotstuff_runner::app: Node 1 [produce_block] queue size: 0, attempting up to 0 transactions this block    
2026-08-10T05:52:10.234512Z  WARN ThreadId(20) hotstuff_runner::app: Node 1 view(500) far exceeds block count (124); potential sync issue    
2026-08-10T05:52:10.271669Z  WARN ThreadId(20) hotstuff_runner::app: Node 1 [produce_block] queue size: 0, attempting up to 0 transactions this block    
2026-08-10T05:52:10.272225Z  WARN ThreadId(20) hotstuff_runner::app: Node 1 view(504) far exceeds block count (125); potential sync issue    
2026-08-10T05:52:10.307651Z  WARN ThreadId(20) hotstuff_runner::app: Node 1 [produce_block] queue size: 0, attempting up to 0 transactions this block    
2026-08-10T05:52:10.310005Z  WARN ThreadId(20) hotstuff_runner::app: Node 1 view(508) far exceeds block count (126); potential sync issue    
2026-08-10T05:52:10.371637Z  WARN ThreadId(20) hotstuff_runner::app: Node 1 [produce_block] queue size: 2, attempting up to 2 transactions this block    
2026-08-10T05:52:10.372169Z  WARN ThreadId(20) hotstuff_runner::app: Node 1 view(512) far exceeds block count (127); potential sync issue    
2026-08-10T05:52:10.403224Z  WARN ThreadId(20) hotstuff_runner::app: Node 1 [produce_block] queue size: 0, attempting up to 0 transactions this block    
2026-08-10T05:52:10.403589Z  WARN ThreadId(20) hotstuff_runner::app: Node 1 view(516) far exceeds block count (128); potential sync issue    
2026-08-10T05:52:10.454787Z  WARN ThreadId(20) hotstuff_runner::app: Node 1 [produce_block] queue size: 0, attempting up to 0 transactions this block    
2026-08-10T05:52:10.457604Z  WARN ThreadId(20) hotstuff_runner::app: Node 1 view(520) far exceeds block count (129); potential sync issue    
2026-08-10T05:52:10.498580Z  WARN ThreadId(20) hotstuff_runner::app: Node 1 [produce_block] queue size: 0, attempting up to 0 transactions this block    
2026-08-10T05:52:10.498734Z  WARN ThreadId(20) hotstuff_runner::app: Node 1 view(524) far exceeds block count (130); potential sync issue    
2026-08-10T05:52:10.536507Z  WARN ThreadId(20) hotstuff_runner::app: Node 1 [produce_block] queue size: 0, attempting up to 0 transactions this block    
2026-08-10T05:52:10.538667Z  WARN ThreadId(20) hotstuff_runner::app: Node 1 view(528) far exceeds block count (131); potential sync issue    
2026-08-10T05:52:10.566768Z  WARN ThreadId(20) hotstuff_runner::app: Node 1 [produce_block] queue size: 0, attempting up to 0 transactions this block    
2026-08-10T05:52:10.573535Z  WARN ThreadId(20) hotstuff_runner::app: Node 1 view(532) far exceeds block count (132); potential sync issue    
2026-08-10T05:52:10.624627Z  WARN ThreadId(20) hotstuff_runner::app: Node 1 [produce_block] queue size: 2, attempting up to 2 transactions this block    
2026-08-10T05:52:10.625324Z  WARN ThreadId(20) hotstuff_runner::app: Node 1 view(536) far exceeds block count (133); potential sync issue    
2026-08-10T05:52:10.672715Z  WARN ThreadId(20) hotstuff_runner::app: Node 1 [produce_block] queue size: 0, attempting up to 0 transactions this block    
2026-08-10T05:52:10.673303Z  WARN ThreadId(20) hotstuff_runner::app: Node 1 view(540) far exceeds block count (134); potential sync issue    
2026-08-10T05:52:10.713398Z  WARN ThreadId(20) hotstuff_runner::app: Node 1 [produce_block] queue size: 0, attempting up to 0 transactions this block    
2026-08-10T05:52:10.714371Z  WARN ThreadId(20) hotstuff_runner::app: Node 1 view(544) far exceeds block count (135); potential sync issue    
2026-08-10T05:52:10.742266Z  WARN ThreadId(20) hotstuff_runner::app: Node 1 [produce_block] queue size: 0, attempting up to 0 transactions this block    
2026-08-10T05:52:10.743723Z  WARN ThreadId(20) hotstuff_runner::app: Node 1 view(548) far exceeds block count (136); potential sync issue    
2026-08-10T05:52:10.775028Z  WARN ThreadId(20) hotstuff_runner::app: Node 1 [produce_block] queue size: 2, attempting up to 2 transactions this block    
2026-08-10T05:52:10.775546Z  WARN ThreadId(20) hotstuff_runner::app: Node 1 view(552) far exceeds block count (137); potential sync issue    
2026-08-10T05:52:10.808900Z  WARN ThreadId(20) hotstuff_runner::app: Node 1 [produce_block] queue size: 0, attempting up to 0 transactions this block    
2026-08-10T05:52:10.811200Z  WARN ThreadId(20) hotstuff_runner::app: Node 1 view(556) far exceeds block count (138); potential sync issue    
2026-08-10T05:52:10.836001Z  WARN ThreadId(20) hotstuff_runner::app: Node 1 [produce_block] queue size: 0, attempting up to 0 transactions this block    
2026-08-10T05:52:10.839543Z  WARN ThreadId(20) hotstuff_runner::app: Node 1 view(560) far exceeds block count (139); potential sync issue    
2026-08-10T05:52:10.866220Z  WARN ThreadId(20) hotstuff_runner::app: Node 1 [produce_block] queue size: 0, attempting up to 0 transactions this block    
2026-08-10T05:52:10.868635Z  WARN ThreadId(20) hotstuff_runner::app: Node 1 view(564) far exceeds block count (140); potential sync issue    
2026-08-10T05:52:10.910235Z  WARN ThreadId(20) hotstuff_runner::app: Node 1 [produce_block] queue size: 0, attempting up to 0 transactions this block    
2026-08-10T05:52:10.910337Z  WARN ThreadId(20) hotstuff_runner::app: Node 1 view(568) far exceeds block count (141); potential sync issue    
2026-08-10T05:52:10.948117Z  WARN ThreadId(20) hotstuff_runner::app: Node 1 [produce_block] queue size: 0, attempting up to 0 transactions this block    
2026-08-10T05:52:10.948240Z  WARN ThreadId(20) hotstuff_runner::app: Node 1 view(572) far exceeds block count (142); potential sync issue    
2026-08-10T05:52:10.985015Z  WARN ThreadId(20) hotstuff_runner::app: Node 1 [produce_block] queue size: 0, attempting up to 0 transactions this block    
2026-08-10T05:52:10.988471Z  WARN ThreadId(20) hotstuff_runner::app: Node 1 view(576) far exceeds block count (143); potential sync issue    
2026-08-10T05:52:11.019409Z  WARN ThreadId(20) hotstuff_runner::app: Node 1 [produce_block] queue size: 2, attempting up to 2 transactions this block    
2026-08-10T05:52:11.020541Z  WARN ThreadId(20) hotstuff_runner::app: Node 1 view(580) far exceeds block count (144); potential sync issue    
2026-08-10T05:52:11.052515Z  WARN ThreadId(20) hotstuff_runner::app: Node 1 [produce_block] queue size: 0, attempting up to 0 transactions this block    
2026-08-10T05:52:11.052720Z  WARN ThreadId(20) hotstuff_runner::app: Node 1 view(584) far exceeds block count (145); potential sync issue    
2026-08-10T05:52:11.075475Z  WARN ThreadId(20) hotstuff_runner::app: Node 1 [produce_block] queue size: 0, attempting up to 0 transactions this block    
2026-08-10T05:52:11.075769Z  WARN ThreadId(20) hotstuff_runner::app: Node 1 view(588) far exceeds block count (146); potential sync issue    
2026-08-10T05:52:11.105137Z  WARN ThreadId(20) hotstuff_runner::app: Node 1 [produce_block] queue size: 0, attempting up to 0 transactions this block    
2026-08-10T05:52:11.105552Z  WARN ThreadId(20) hotstuff_runner::app: Node 1 view(592) far exceeds block count (147); potential sync issue    
2026-08-10T05:52:11.144417Z  WARN ThreadId(20) hotstuff_runner::app: Node 1 [produce_block] queue size: 0, attempting up to 0 transactions this block    
2026-08-10T05:52:11.144875Z  WARN ThreadId(20) hotstuff_runner::app: Node 1 view(596) far exceeds block count (148); potential sync issue    
2026-08-10T05:52:11.193375Z  WARN ThreadId(20) hotstuff_runner::app: Node 1 [produce_block] queue size: 2, attempting up to 2 transactions this block    
2026-08-10T05:52:11.196372Z  WARN ThreadId(20) hotstuff_runner::app: Node 1 view(600) far exceeds block count (149); potential sync issue    
2026-08-10T05:52:11.235702Z  WARN ThreadId(20) hotstuff_runner::app: Node 1 [produce_block] queue size: 0, attempting up to 0 transactions this block    
2026-08-10T05:52:11.235856Z  WARN ThreadId(20) hotstuff_runner::app: Node 1 view(604) far exceeds block count (150); potential sync issue    
2026-08-10T05:52:11.273633Z  WARN ThreadId(20) hotstuff_runner::app: Node 1 [produce_block] queue size: 0, attempting up to 0 transactions this block    
2026-08-10T05:52:11.275512Z  WARN ThreadId(20) hotstuff_runner::app: Node 1 view(608) far exceeds block count (151); potential sync issue    
2026-08-10T05:52:11.309681Z  WARN ThreadId(20) hotstuff_runner::app: Node 1 [produce_block] queue size: 0, attempting up to 0 transactions this block    
2026-08-10T05:52:11.310174Z  WARN ThreadId(20) hotstuff_runner::app: Node 1 view(612) far exceeds block count (152); potential sync issue    
2026-08-10T05:52:11.356842Z  WARN ThreadId(20) hotstuff_runner::app: Node 1 [produce_block] queue size: 0, attempting up to 0 transactions this block    
2026-08-10T05:52:11.357574Z  WARN ThreadId(20) hotstuff_runner::app: Node 1 view(616) far exceeds block count (153); potential sync issue    
2026-08-10T05:52:11.394393Z  WARN ThreadId(20) hotstuff_runner::app: Node 1 [produce_block] queue size: 2, attempting up to 2 transactions this block    
2026-08-10T05:52:11.395419Z  WARN ThreadId(20) hotstuff_runner::app: Node 1 view(620) far exceeds block count (154); potential sync issue    
2026-08-10T05:52:11.423262Z  WARN ThreadId(20) hotstuff_runner::app: Node 1 [produce_block] queue size: 0, attempting up to 0 transactions this block    
2026-08-10T05:52:11.423598Z  WARN ThreadId(20) hotstuff_runner::app: Node 1 view(624) far exceeds block count (155); potential sync issue    
2026-08-10T05:52:11.454477Z  WARN ThreadId(20) hotstuff_runner::app: Node 1 [produce_block] queue size: 0, attempting up to 0 transactions this block    
2026-08-10T05:52:11.454703Z  WARN ThreadId(20) hotstuff_runner::app: Node 1 view(628) far exceeds block count (156); potential sync issue    
2026-08-10T05:52:11.493171Z  WARN ThreadId(20) hotstuff_runner::app: Node 1 [produce_block] queue size: 0, attempting up to 0 transactions this block    
2026-08-10T05:52:11.493647Z  WARN ThreadId(20) hotstuff_runner::app: Node 1 view(632) far exceeds block count (157); potential sync issue    
2026-08-10T05:52:11.532007Z  WARN ThreadId(20) hotstuff_runner::app: Node 1 [produce_block] queue size: 0, attempting up to 0 transactions this block    
2026-08-10T05:52:11.533518Z  WARN ThreadId(20) hotstuff_runner::app: Node 1 view(636) far exceeds block count (158); potential sync issue    
2026-08-10T05:52:11.567483Z  WARN ThreadId(20) hotstuff_runner::app: Node 1 [produce_block] queue size: 0, attempting up to 0 transactions this block    
2026-08-10T05:52:11.567676Z  WARN ThreadId(20) hotstuff_runner::app: Node 1 view(640) far exceeds block count (159); potential sync issue    
2026-08-10T05:52:11.613177Z  WARN ThreadId(20) hotstuff_runner::app: Node 1 [produce_block] queue size: 2, attempting up to 2 transactions this block    
2026-08-10T05:52:11.613414Z  WARN ThreadId(20) hotstuff_runner::app: Node 1 view(644) far exceeds block count (160); potential sync issue    
2026-08-10T05:52:11.648429Z  WARN ThreadId(20) hotstuff_runner::app: Node 1 [produce_block] queue size: 0, attempting up to 0 transactions this block    
2026-08-10T05:52:11.648686Z  WARN ThreadId(20) hotstuff_runner::app: Node 1 view(648) far exceeds block count (161); potential sync issue    
2026-08-10T05:52:11.697947Z  WARN ThreadId(20) hotstuff_runner::app: Node 1 [produce_block] queue size: 0, attempting up to 0 transactions this block    
2026-08-10T05:52:11.700754Z  WARN ThreadId(20) hotstuff_runner::app: Node 1 view(652) far exceeds block count (162); potential sync issue    
2026-08-10T05:52:11.770098Z  WARN ThreadId(20) hotstuff_runner::app: Node 1 [produce_block] queue size: 0, attempting up to 0 transactions this block    
2026-08-10T05:52:11.772615Z  WARN ThreadId(20) hotstuff_runner::app: Node 1 view(656) far exceeds block count (163); potential sync issue    
2026-08-10T05:52:11.823642Z  WARN ThreadId(20) hotstuff_runner::app: Node 1 [produce_block] queue size: 2, attempting up to 2 transactions this block    
2026-08-10T05:52:11.823840Z  WARN ThreadId(20) hotstuff_runner::app: Node 1 view(660) far exceeds block count (164); potential sync issue    
2026-08-10T05:52:11.873293Z  WARN ThreadId(20) hotstuff_runner::app: Node 1 [produce_block] queue size: 0, attempting up to 0 transactions this block    
2026-08-10T05:52:11.875186Z  WARN ThreadId(20) hotstuff_runner::app: Node 1 view(664) far exceeds block count (165); potential sync issue    
2026-08-10T05:52:11.914342Z  WARN ThreadId(20) hotstuff_runner::app: Node 1 [produce_block] queue size: 0, attempting up to 0 transactions this block    
2026-08-10T05:52:11.916925Z  WARN ThreadId(20) hotstuff_runner::app: Node 1 view(668) far exceeds block count (166); potential sync issue    
2026-08-10T05:52:11.966466Z  WARN ThreadId(20) hotstuff_runner::app: Node 1 [produce_block] queue size: 0, attempting up to 0 transactions this block    
2026-08-10T05:52:11.970463Z  WARN ThreadId(20) hotstuff_runner::app: Node 1 view(672) far exceeds block count (167); potential sync issue    
2026-08-10T05:52:12.018802Z  WARN ThreadId(20) hotstuff_runner::app: Node 1 [produce_block] queue size: 2, attempting up to 2 transactions this block    
2026-08-10T05:52:12.023091Z  WARN ThreadId(20) hotstuff_runner::app: Node 1 view(676) far exceeds block count (168); potential sync issue    
2026-08-10T05:52:12.070988Z  WARN ThreadId(20) hotstuff_runner::app: Node 1 [produce_block] queue size: 0, attempting up to 0 transactions this block    
2026-08-10T05:52:12.071879Z  WARN ThreadId(20) hotstuff_runner::app: Node 1 view(680) far exceeds block count (169); potential sync issue    
2026-08-10T05:52:12.109005Z  WARN ThreadId(20) hotstuff_runner::app: Node 1 [produce_block] queue size: 0, attempting up to 0 transactions this block    
2026-08-10T05:52:12.109243Z  WARN ThreadId(20) hotstuff_runner::app: Node 1 view(684) far exceeds block count (170); potential sync issue    
2026-08-10T05:52:12.148993Z  WARN ThreadId(20) hotstuff_runner::app: Node 1 [produce_block] queue size: 0, attempting up to 0 transactions this block    
2026-08-10T05:52:12.149467Z  WARN ThreadId(20) hotstuff_runner::app: Node 1 view(688) far exceeds block count (171); potential sync issue    
2026-08-10T05:52:12.200168Z  WARN ThreadId(20) hotstuff_runner::app: Node 1 [produce_block] queue size: 0, attempting up to 0 transactions this block    
2026-08-10T05:52:12.207225Z  WARN ThreadId(20) hotstuff_runner::app: Node 1 view(692) far exceeds block count (172); potential sync issue    
2026-08-10T05:52:12.247309Z  WARN ThreadId(20) hotstuff_runner::app: Node 1 [produce_block] queue size: 2, attempting up to 2 transactions this block    
2026-08-10T05:52:12.247650Z  WARN ThreadId(20) hotstuff_runner::app: Node 1 view(696) far exceeds block count (173); potential sync issue    
2026-08-10T05:52:12.276956Z  WARN ThreadId(20) hotstuff_runner::app: Node 1 [produce_block] queue size: 0, attempting up to 0 transactions this block    
2026-08-10T05:52:12.277588Z  WARN ThreadId(20) hotstuff_runner::app: Node 1 view(700) far exceeds block count (174); potential sync issue    
2026-08-10T05:52:12.336575Z  WARN ThreadId(20) hotstuff_runner::app: Node 1 [produce_block] queue size: 0, attempting up to 0 transactions this block    
2026-08-10T05:52:12.336868Z  WARN ThreadId(20) hotstuff_runner::app: Node 1 view(704) far exceeds block count (175); potential sync issue    
2026-08-10T05:52:12.391471Z  WARN ThreadId(20) hotstuff_runner::app: Node 1 [produce_block] queue size: 0, attempting up to 0 transactions this block    
2026-08-10T05:52:12.391905Z  WARN ThreadId(20) hotstuff_runner::app: Node 1 view(708) far exceeds block count (176); potential sync issue    
2026-08-10T05:52:12.433522Z  WARN ThreadId(20) hotstuff_runner::app: Node 1 [produce_block] queue size: 2, attempting up to 2 transactions this block    
2026-08-10T05:52:12.435551Z  WARN ThreadId(20) hotstuff_runner::app: Node 1 view(712) far exceeds block count (177); potential sync issue    
2026-08-10T05:52:12.478902Z  WARN ThreadId(20) hotstuff_runner::app: Node 1 [produce_block] queue size: 0, attempting up to 0 transactions this block    
2026-08-10T05:52:12.479200Z  WARN ThreadId(20) hotstuff_runner::app: Node 1 view(716) far exceeds block count (178); potential sync issue    
2026-08-10T05:52:12.509981Z  WARN ThreadId(20) hotstuff_runner::app: Node 1 [produce_block] queue size: 0, attempting up to 0 transactions this block    
2026-08-10T05:52:12.510292Z  WARN ThreadId(20) hotstuff_runner::app: Node 1 view(720) far exceeds block count (179); potential sync issue    
2026-08-10T05:52:12.550499Z  WARN ThreadId(20) hotstuff_runner::app: Node 1 [produce_block] queue size: 0, attempting up to 0 transactions this block    
2026-08-10T05:52:12.550866Z  WARN ThreadId(20) hotstuff_runner::app: Node 1 view(724) far exceeds block count (180); potential sync issue    
2026-08-10T05:52:12.602714Z  WARN ThreadId(20) hotstuff_runner::app: Node 1 [produce_block] queue size: 2, attempting up to 2 transactions this block    
2026-08-10T05:52:12.603138Z  WARN ThreadId(20) hotstuff_runner::app: Node 1 view(728) far exceeds block count (181); potential sync issue    
2026-08-10T05:52:12.650028Z  WARN ThreadId(20) hotstuff_runner::app: Node 1 [produce_block] queue size: 0, attempting up to 0 transactions this block    
2026-08-10T05:52:12.650555Z  WARN ThreadId(20) hotstuff_runner::app: Node 1 view(732) far exceeds block count (182); potential sync issue    
2026-08-10T05:52:12.718527Z  WARN ThreadId(20) hotstuff_runner::app: Node 1 [produce_block] queue size: 0, attempting up to 0 transactions this block    
2026-08-10T05:52:12.718892Z  WARN ThreadId(20) hotstuff_runner::app: Node 1 view(736) far exceeds block count (183); potential sync issue    
2026-08-10T05:52:12.753729Z  WARN ThreadId(20) hotstuff_runner::app: Node 1 [produce_block] queue size: 0, attempting up to 0 transactions this block    
2026-08-10T05:52:12.754101Z  WARN ThreadId(20) hotstuff_runner::app: Node 1 view(740) far exceeds block count (184); potential sync issue    
2026-08-10T05:52:12.787967Z  WARN ThreadId(20) hotstuff_runner::app: Node 1 [produce_block] queue size: 0, attempting up to 0 transactions this block    
2026-08-10T05:52:12.796707Z  WARN ThreadId(20) hotstuff_runner::app: Node 1 view(744) far exceeds block count (185); potential sync issue    
2026-08-10T05:52:12.865731Z  WARN ThreadId(20) hotstuff_runner::app: Node 1 [produce_block] queue size: 2, attempting up to 2 transactions this block    
2026-08-10T05:52:12.870180Z  WARN ThreadId(20) hotstuff_runner::app: Node 1 view(748) far exceeds block count (186); potential sync issue    
2026-08-10T05:52:12.920125Z  WARN ThreadId(20) hotstuff_runner::app: Node 1 [produce_block] queue size: 0, attempting up to 0 transactions this block    
2026-08-10T05:52:12.921061Z  WARN ThreadId(20) hotstuff_runner::app: Node 1 view(752) far exceeds block count (187); potential sync issue    
2026-08-10T05:52:12.977436Z  WARN ThreadId(20) hotstuff_runner::app: Node 1 [produce_block] queue size: 0, attempting up to 0 transactions this block    
2026-08-10T05:52:12.977723Z  WARN ThreadId(20) hotstuff_runner::app: Node 1 view(756) far exceeds block count (188); potential sync issue    
2026-08-10T05:52:13.007296Z  WARN ThreadId(20) hotstuff_runner::app: Node 1 [produce_block] queue size: 0, attempting up to 0 transactions this block    
2026-08-10T05:52:13.007680Z  WARN ThreadId(20) hotstuff_runner::app: Node 1 view(760) far exceeds block count (189); potential sync issue    
2026-08-10T05:52:13.038342Z  WARN ThreadId(20) hotstuff_runner::app: Node 1 [produce_block] queue size: 2, attempting up to 2 transactions this block    
2026-08-10T05:52:13.039109Z  WARN ThreadId(20) hotstuff_runner::app: Node 1 view(764) far exceeds block count (190); potential sync issue    
2026-08-10T05:52:13.076105Z  WARN ThreadId(20) hotstuff_runner::app: Node 1 [produce_block] queue size: 0, attempting up to 0 transactions this block    
2026-08-10T05:52:13.077355Z  WARN ThreadId(20) hotstuff_runner::app: Node 1 view(768) far exceeds block count (191); potential sync issue    
2026-08-10T05:52:13.106903Z  WARN ThreadId(20) hotstuff_runner::app: Node 1 [produce_block] queue size: 0, attempting up to 0 transactions this block    
2026-08-10T05:52:13.106998Z  WARN ThreadId(20) hotstuff_runner::app: Node 1 view(772) far exceeds block count (192); potential sync issue    
2026-08-10T05:52:13.130627Z  WARN ThreadId(20) hotstuff_runner::app: Node 1 [produce_block] queue size: 0, attempting up to 0 transactions this block    
2026-08-10T05:52:13.131130Z  WARN ThreadId(20) hotstuff_runner::app: Node 1 view(776) far exceeds block count (193); potential sync issue    
2026-08-10T05:52:13.166709Z  WARN ThreadId(20) hotstuff_runner::app: Node 1 [produce_block] queue size: 0, attempting up to 0 transactions this block    
2026-08-10T05:52:13.167278Z  WARN ThreadId(20) hotstuff_runner::app: Node 1 view(780) far exceeds block count (194); potential sync issue    
2026-08-10T05:52:13.209878Z  WARN ThreadId(20) hotstuff_runner::app: Node 1 [produce_block] queue size: 2, attempting up to 2 transactions this block    
2026-08-10T05:52:13.210131Z  WARN ThreadId(20) hotstuff_runner::app: Node 1 view(784) far exceeds block count (195); potential sync issue    
2026-08-10T05:52:13.244719Z  WARN ThreadId(20) hotstuff_runner::app: Node 1 [produce_block] queue size: 0, attempting up to 0 transactions this block    
2026-08-10T05:52:13.245482Z  WARN ThreadId(20) hotstuff_runner::app: Node 1 view(788) far exceeds block count (196); potential sync issue    
2026-08-10T05:52:13.298816Z  WARN ThreadId(20) hotstuff_runner::app: Node 1 [produce_block] queue size: 0, attempting up to 0 transactions this block    
2026-08-10T05:52:13.305129Z  WARN ThreadId(20) hotstuff_runner::app: Node 1 view(792) far exceeds block count (197); potential sync issue    
2026-08-10T05:52:13.426619Z  WARN ThreadId(20) hotstuff_runner::app: Node 1 [produce_block] queue size: 0, attempting up to 0 transactions this block    
2026-08-10T05:52:13.427312Z  WARN ThreadId(20) hotstuff_runner::app: Node 1 view(796) far exceeds block count (198); potential sync issue    
2026-08-10T05:52:13.485357Z  WARN ThreadId(20) hotstuff_runner::app: Node 1 [produce_block] queue size: 2, attempting up to 2 transactions this block    
2026-08-10T05:52:13.485969Z  WARN ThreadId(20) hotstuff_runner::app: Node 1 view(800) far exceeds block count (199); potential sync issue    
2026-08-10T05:52:13.545474Z  WARN ThreadId(20) hotstuff_runner::app: Node 1 [produce_block] queue size: 0, attempting up to 0 transactions this block    
2026-08-10T05:52:13.545694Z  WARN ThreadId(20) hotstuff_runner::app: Node 1 view(804) far exceeds block count (200); potential sync issue    
2026-08-10T05:52:13.586009Z  WARN ThreadId(20) hotstuff_runner::app: Node 1 [produce_block] queue size: 0, attempting up to 0 transactions this block    
2026-08-10T05:52:13.587297Z  WARN ThreadId(20) hotstuff_runner::app: Node 1 view(808) far exceeds block count (201); potential sync issue    
2026-08-10T05:52:13.631930Z  WARN ThreadId(20) hotstuff_runner::app: Node 1 [produce_block] queue size: 2, attempting up to 2 transactions this block    
2026-08-10T05:52:13.632208Z  WARN ThreadId(20) hotstuff_runner::app: Node 1 view(812) far exceeds block count (202); potential sync issue    
2026-08-10T05:52:13.679479Z  WARN ThreadId(20) hotstuff_runner::app: Node 1 [produce_block] queue size: 0, attempting up to 0 transactions this block    
2026-08-10T05:52:13.680176Z  WARN ThreadId(20) hotstuff_runner::app: Node 1 view(816) far exceeds block count (203); potential sync issue    
2026-08-10T05:52:13.718780Z  WARN ThreadId(20) hotstuff_runner::app: Node 1 [produce_block] queue size: 0, attempting up to 0 transactions this block    
2026-08-10T05:52:13.719857Z  WARN ThreadId(20) hotstuff_runner::app: Node 1 view(820) far exceeds block count (204); potential sync issue    
2026-08-10T05:52:13.758822Z  WARN ThreadId(20) hotstuff_runner::app: Node 1 [produce_block] queue size: 0, attempting up to 0 transactions this block    
2026-08-10T05:52:13.759280Z  WARN ThreadId(20) hotstuff_runner::app: Node 1 view(824) far exceeds block count (205); potential sync issue    
2026-08-10T05:52:13.793835Z  WARN ThreadId(20) hotstuff_runner::app: Node 1 [produce_block] queue size: 0, attempting up to 0 transactions this block    
2026-08-10T05:52:13.794330Z  WARN ThreadId(20) hotstuff_runner::app: Node 1 view(828) far exceeds block count (206); potential sync issue    
2026-08-10T05:52:13.828600Z  WARN ThreadId(20) hotstuff_runner::app: Node 1 [produce_block] queue size: 0, attempting up to 0 transactions this block    
2026-08-10T05:52:13.829141Z  WARN ThreadId(20) hotstuff_runner::app: Node 1 view(832) far exceeds block count (207); potential sync issue    
2026-08-10T05:52:13.839183Z  WARN ThreadId(07) docker_node:   Connection reuse ineffective (47.3 msg/conn)
2026-08-10T05:52:13.876668Z  WARN ThreadId(20) hotstuff_runner::app: Node 1 [produce_block] queue size: 2, attempting up to 2 transactions this block    
2026-08-10T05:52:13.876872Z  WARN ThreadId(20) hotstuff_runner::app: Node 1 view(836) far exceeds block count (208); potential sync issue    
2026-08-10T05:52:13.977017Z  WARN ThreadId(20) hotstuff_runner::app: Node 1 [produce_block] queue size: 0, attempting up to 0 transactions this block    
2026-08-10T05:52:13.977470Z  WARN ThreadId(20) hotstuff_runner::app: Node 1 view(840) far exceeds block count (209); potential sync issue    
2026-08-10T05:52:14.045095Z  WARN ThreadId(20) hotstuff_runner::app: Node 1 [produce_block] queue size: 0, attempting up to 0 transactions this block    
2026-08-10T05:52:14.052386Z  WARN ThreadId(20) hotstuff_runner::app: Node 1 view(844) far exceeds block count (210); potential sync issue    
2026-08-10T05:52:14.122537Z  WARN ThreadId(20) hotstuff_runner::app: Node 1 [produce_block] queue size: 2, attempting up to 2 transactions this block    
2026-08-10T05:52:14.124272Z  WARN ThreadId(20) hotstuff_runner::app: Node 1 view(848) far exceeds block count (211); potential sync issue    
2026-08-10T05:52:14.218505Z  WARN ThreadId(20) hotstuff_runner::app: Node 1 [produce_block] queue size: 0, attempting up to 0 transactions this block    
2026-08-10T05:52:14.221694Z  WARN ThreadId(20) hotstuff_runner::app: Node 1 view(852) far exceeds block count (212); potential sync issue    
2026-08-10T05:52:14.328555Z  WARN ThreadId(20) hotstuff_runner::app: Node 1 [produce_block] queue size: 2, attempting up to 2 transactions this block    
2026-08-10T05:52:14.329938Z  WARN ThreadId(20) hotstuff_runner::app: Node 1 view(856) far exceeds block count (213); potential sync issue    
2026-08-10T05:52:14.397104Z  WARN ThreadId(20) hotstuff_runner::app: Node 1 [produce_block] queue size: 0, attempting up to 0 transactions this block    
2026-08-10T05:52:14.397689Z  WARN ThreadId(20) hotstuff_runner::app: Node 1 view(860) far exceeds block count (214); potential sync issue    
2026-08-10T05:52:14.432709Z  WARN ThreadId(20) hotstuff_runner::app: Node 1 [produce_block] queue size: 2, attempting up to 2 transactions this block    
2026-08-10T05:52:14.434907Z  WARN ThreadId(20) hotstuff_runner::app: Node 1 view(864) far exceeds block count (215); potential sync issue    
2026-08-10T05:52:14.497944Z  WARN ThreadId(20) hotstuff_runner::app: Node 1 [produce_block] queue size: 0, attempting up to 0 transactions this block    
2026-08-10T05:52:14.500193Z  WARN ThreadId(20) hotstuff_runner::app: Node 1 view(868) far exceeds block count (216); potential sync issue    
2026-08-10T05:52:14.529484Z  WARN ThreadId(20) hotstuff_runner::app: Node 1 [produce_block] queue size: 0, attempting up to 0 transactions this block    
2026-08-10T05:52:14.529660Z  WARN ThreadId(20) hotstuff_runner::app: Node 1 view(872) far exceeds block count (217); potential sync issue    
2026-08-10T05:52:14.553859Z  WARN ThreadId(20) hotstuff_runner::app: Node 1 [produce_block] queue size: 0, attempting up to 0 transactions this block    
2026-08-10T05:52:14.555001Z  WARN ThreadId(20) hotstuff_runner::app: Node 1 view(876) far exceeds block count (218); potential sync issue    
2026-08-10T05:52:14.594658Z  WARN ThreadId(20) hotstuff_runner::app: Node 1 [produce_block] queue size: 0, attempting up to 0 transactions this block    
2026-08-10T05:52:14.595095Z  WARN ThreadId(20) hotstuff_runner::app: Node 1 view(880) far exceeds block count (219); potential sync issue    
2026-08-10T05:52:14.632036Z  WARN ThreadId(20) hotstuff_runner::app: Node 1 [produce_block] queue size: 2, attempting up to 2 transactions this block    
2026-08-10T05:52:14.632422Z  WARN ThreadId(20) hotstuff_runner::app: Node 1 view(884) far exceeds block count (220); potential sync issue    
2026-08-10T05:52:14.714539Z  WARN ThreadId(20) hotstuff_runner::app: Node 1 [produce_block] queue size: 0, attempting up to 0 transactions this block    
2026-08-10T05:52:14.715274Z  WARN ThreadId(20) hotstuff_runner::app: Node 1 view(888) far exceeds block count (221); potential sync issue    
2026-08-10T05:52:14.764016Z  WARN ThreadId(20) hotstuff_runner::app: Node 1 [produce_block] queue size: 0, attempting up to 0 transactions this block    
2026-08-10T05:52:14.764490Z  WARN ThreadId(20) hotstuff_runner::app: Node 1 view(892) far exceeds block count (222); potential sync issue    
2026-08-10T05:52:14.835428Z  WARN ThreadId(20) hotstuff_runner::app: Node 1 [produce_block] queue size: 0, attempting up to 0 transactions this block    
2026-08-10T05:52:14.838682Z  WARN ThreadId(20) hotstuff_runner::app: Node 1 view(896) far exceeds block count (223); potential sync issue    
2026-08-10T05:52:14.897907Z  WARN ThreadId(20) hotstuff_runner::app: Node 1 [produce_block] queue size: 2, attempting up to 2 transactions this block    
2026-08-10T05:52:14.898608Z  WARN ThreadId(20) hotstuff_runner::app: Node 1 view(900) far exceeds block count (224); potential sync issue    
2026-08-10T05:52:14.983479Z  WARN ThreadId(20) hotstuff_runner::app: Node 1 [produce_block] queue size: 0, attempting up to 0 transactions this block    
2026-08-10T05:52:14.983757Z  WARN ThreadId(20) hotstuff_runner::app: Node 1 view(904) far exceeds block count (225); potential sync issue    
2026-08-10T05:52:15.018242Z  WARN ThreadId(20) hotstuff_runner::app: Node 1 [produce_block] queue size: 0, attempting up to 0 transactions this block    
2026-08-10T05:52:15.020306Z  WARN ThreadId(20) hotstuff_runner::app: Node 1 view(908) far exceeds block count (226); potential sync issue    
2026-08-10T05:52:15.087650Z  WARN ThreadId(20) hotstuff_runner::app: Node 1 [produce_block] queue size: 2, attempting up to 2 transactions this block    
2026-08-10T05:52:15.090014Z  WARN ThreadId(20) hotstuff_runner::app: Node 1 view(912) far exceeds block count (227); potential sync issue    
2026-08-10T05:52:15.146518Z  WARN ThreadId(20) hotstuff_runner::app: Node 1 [produce_block] queue size: 0, attempting up to 0 transactions this block    
2026-08-10T05:52:15.151173Z  WARN ThreadId(20) hotstuff_runner::app: Node 1 view(916) far exceeds block count (228); potential sync issue    
2026-08-10T05:52:15.189562Z  WARN ThreadId(20) hotstuff_runner::app: Node 1 [produce_block] queue size: 0, attempting up to 0 transactions this block    
2026-08-10T05:52:15.189680Z  WARN ThreadId(20) hotstuff_runner::app: Node 1 view(920) far exceeds block count (229); potential sync issue    
2026-08-10T05:52:15.235553Z  WARN ThreadId(20) hotstuff_runner::app: Node 1 [produce_block] queue size: 0, attempting up to 0 transactions this block    
2026-08-10T05:52:15.235722Z  WARN ThreadId(20) hotstuff_runner::app: Node 1 view(924) far exceeds block count (230); potential sync issue    
2026-08-10T05:52:15.271538Z  WARN ThreadId(20) hotstuff_runner::app: Node 1 [produce_block] queue size: 0, attempting up to 0 transactions this block    
2026-08-10T05:52:15.271763Z  WARN ThreadId(20) hotstuff_runner::app: Node 1 view(928) far exceeds block count (231); potential sync issue    
2026-08-10T05:52:15.327623Z  WARN ThreadId(20) hotstuff_runner::app: Node 1 [produce_block] queue size: 2, attempting up to 2 transactions this block    
2026-08-10T05:52:15.327726Z  WARN ThreadId(20) hotstuff_runner::app: Node 1 view(932) far exceeds block count (232); potential sync issue    
2026-08-10T05:52:15.367080Z  WARN ThreadId(20) hotstuff_runner::app: Node 1 [produce_block] queue size: 0, attempting up to 0 transactions this block    
2026-08-10T05:52:15.369104Z  WARN ThreadId(20) hotstuff_runner::app: Node 1 view(936) far exceeds block count (233); potential sync issue    
2026-08-10T05:52:15.396701Z  WARN ThreadId(20) hotstuff_runner::app: Node 1 [produce_block] queue size: 0, attempting up to 0 transactions this block    
2026-08-10T05:52:15.397101Z  WARN ThreadId(20) hotstuff_runner::app: Node 1 view(940) far exceeds block count (234); potential sync issue    
2026-08-10T05:52:15.446474Z  WARN ThreadId(20) hotstuff_runner::app: Node 1 [produce_block] queue size: 0, attempting up to 0 transactions this block    
2026-08-10T05:52:15.447368Z  WARN ThreadId(20) hotstuff_runner::app: Node 1 view(944) far exceeds block count (235); potential sync issue    
2026-08-10T05:52:15.484446Z  WARN ThreadId(20) hotstuff_runner::app: Node 1 [produce_block] queue size: 0, attempting up to 0 transactions this block    
2026-08-10T05:52:15.484802Z  WARN ThreadId(20) hotstuff_runner::app: Node 1 view(948) far exceeds block count (236); potential sync issue    
2026-08-10T05:52:15.527677Z  WARN ThreadId(20) hotstuff_runner::app: Node 1 [produce_block] queue size: 2, attempting up to 2 transactions this block    
2026-08-10T05:52:15.527853Z  WARN ThreadId(20) hotstuff_runner::app: Node 1 view(952) far exceeds block count (237); potential sync issue    
2026-08-10T05:52:15.577656Z  WARN ThreadId(20) hotstuff_runner::app: Node 1 [produce_block] queue size: 0, attempting up to 0 transactions this block    
2026-08-10T05:52:15.578279Z  WARN ThreadId(20) hotstuff_runner::app: Node 1 view(956) far exceeds block count (238); potential sync issue    
2026-08-10T05:52:15.617936Z  WARN ThreadId(20) hotstuff_runner::app: Node 1 [produce_block] queue size: 0, attempting up to 0 transactions this block    
2026-08-10T05:52:15.618221Z  WARN ThreadId(20) hotstuff_runner::app: Node 1 view(960) far exceeds block count (239); potential sync issue    
2026-08-10T05:52:15.649903Z  WARN ThreadId(20) hotstuff_runner::app: Node 1 [produce_block] queue size: 0, attempting up to 0 transactions this block    
2026-08-10T05:52:15.650500Z  WARN ThreadId(20) hotstuff_runner::app: Node 1 view(964) far exceeds block count (240); potential sync issue    
2026-08-10T05:52:15.697551Z  WARN ThreadId(20) hotstuff_runner::app: Node 1 [produce_block] queue size: 0, attempting up to 0 transactions this block    
2026-08-10T05:52:15.697809Z  WARN ThreadId(20) hotstuff_runner::app: Node 1 view(968) far exceeds block count (241); potential sync issue    
2026-08-10T05:52:15.761905Z  WARN ThreadId(20) hotstuff_runner::app: Node 1 [produce_block] queue size: 2, attempting up to 2 transactions this block    
2026-08-10T05:52:15.762007Z  WARN ThreadId(20) hotstuff_runner::app: Node 1 view(972) far exceeds block count (242); potential sync issue    
2026-08-10T05:52:15.881117Z  WARN ThreadId(20) hotstuff_runner::app: Node 1 [produce_block] queue size: 0, attempting up to 0 transactions this block    
2026-08-10T05:52:15.881964Z  WARN ThreadId(20) hotstuff_runner::app: Node 1 view(976) far exceeds block count (243); potential sync issue    
2026-08-10T05:52:15.930322Z  WARN ThreadId(20) hotstuff_runner::app: Node 1 [produce_block] queue size: 2, attempting up to 2 transactions this block    
2026-08-10T05:52:15.931284Z  WARN ThreadId(20) hotstuff_runner::app: Node 1 view(980) far exceeds block count (244); potential sync issue    
2026-08-10T05:52:15.996875Z  WARN ThreadId(20) hotstuff_runner::app: Node 1 [produce_block] queue size: 0, attempting up to 0 transactions this block    
2026-08-10T05:52:15.997631Z  WARN ThreadId(20) hotstuff_runner::app: Node 1 view(984) far exceeds block count (245); potential sync issue    
2026-08-10T05:52:16.510144Z  WARN ThreadId(21) hotstuff_runner::tcp_node: Node 1 view 986 timed out; latency may accumulate
2026-08-10T05:52:16.524060Z  WARN ThreadId(20) hotstuff_runner::app: Node 1 [produce_block] queue size: 6, attempting up to 6 transactions this block    
2026-08-10T05:52:16.524636Z  WARN ThreadId(20) hotstuff_runner::app: Node 1 view(988) far exceeds block count (246); potential sync issue    
2026-08-10T05:52:16.562787Z  WARN ThreadId(20) hotstuff_runner::app: Node 1 [produce_block] queue size: 0, attempting up to 0 transactions this block    
2026-08-10T05:52:16.562927Z  WARN ThreadId(20) hotstuff_runner::app: Node 1 view(992) far exceeds block count (247); potential sync issue    
2026-08-10T05:52:16.605724Z  WARN ThreadId(20) hotstuff_runner::app: Node 1 [produce_block] queue size: 0, attempting up to 0 transactions this block    
2026-08-10T05:52:16.606139Z  WARN ThreadId(20) hotstuff_runner::app: Node 1 view(996) far exceeds block count (248); potential sync issue    
2026-08-10T05:52:16.648335Z  WARN ThreadId(20) hotstuff_runner::app: Node 1 [produce_block] queue size: 0, attempting up to 0 transactions this block    
2026-08-10T05:52:16.648455Z  WARN ThreadId(20) hotstuff_runner::app: Node 1 view(1000) far exceeds block count (249); potential sync issue    
2026-08-10T05:52:16.691346Z  WARN ThreadId(20) hotstuff_runner::app: Node 1 [produce_block] queue size: 2, attempting up to 2 transactions this block    
2026-08-10T05:52:16.691914Z  WARN ThreadId(20) hotstuff_runner::app: Node 1 view(1004) far exceeds block count (250); potential sync issue    
2026-08-10T05:52:16.727949Z  WARN ThreadId(20) hotstuff_runner::app: Node 1 [produce_block] queue size: 0, attempting up to 0 transactions this block    
2026-08-10T05:52:16.729095Z  WARN ThreadId(20) hotstuff_runner::app: Node 1 view(1008) far exceeds block count (251); potential sync issue    
2026-08-10T05:52:16.762376Z  WARN ThreadId(20) hotstuff_runner::app: Node 1 [produce_block] queue size: 0, attempting up to 0 transactions this block    
2026-08-10T05:52:16.762865Z  WARN ThreadId(20) hotstuff_runner::app: Node 1 view(1012) far exceeds block count (252); potential sync issue    
2026-08-10T05:52:16.795863Z  WARN ThreadId(20) hotstuff_runner::app: Node 1 [produce_block] queue size: 0, attempting up to 0 transactions this block    
2026-08-10T05:52:16.796147Z  WARN ThreadId(20) hotstuff_runner::app: Node 1 view(1016) far exceeds block count (253); potential sync issue    
2026-08-10T05:52:16.842455Z  WARN ThreadId(20) hotstuff_runner::app: Node 1 [produce_block] queue size: 0, attempting up to 0 transactions this block    
2026-08-10T05:52:16.842622Z  WARN ThreadId(20) hotstuff_runner::app: Node 1 view(1020) far exceeds block count (254); potential sync issue    
2026-08-10T05:52:16.878951Z  WARN ThreadId(20) hotstuff_runner::app: Node 1 [produce_block] queue size: 0, attempting up to 0 transactions this block    
2026-08-10T05:52:16.879372Z  WARN ThreadId(20) hotstuff_runner::app: Node 1 view(1024) far exceeds block count (255); potential sync issue    
2026-08-10T05:52:16.914902Z  WARN ThreadId(20) hotstuff_runner::app: Node 1 [produce_block] queue size: 0, attempting up to 0 transactions this block    
2026-08-10T05:52:16.917289Z  WARN ThreadId(20) hotstuff_runner::app: Node 1 view(1028) far exceeds block count (256); potential sync issue    
2026-08-10T05:52:16.988421Z  WARN ThreadId(20) hotstuff_runner::app: Node 1 [produce_block] queue size: 2, attempting up to 2 transactions this block    
2026-08-10T05:52:16.989149Z  WARN ThreadId(20) hotstuff_runner::app: Node 1 view(1032) far exceeds block count (257); potential sync issue    
2026-08-10T05:52:17.085229Z  WARN ThreadId(20) hotstuff_runner::app: Node 1 [produce_block] queue size: 0, attempting up to 0 transactions this block    
2026-08-10T05:52:17.085446Z  WARN ThreadId(20) hotstuff_runner::app: Node 1 view(1036) far exceeds block count (258); potential sync issue    
2026-08-10T05:52:17.129210Z  WARN ThreadId(20) hotstuff_runner::app: Node 1 [produce_block] queue size: 2, attempting up to 2 transactions this block    
2026-08-10T05:52:17.129973Z  WARN ThreadId(20) hotstuff_runner::app: Node 1 view(1040) far exceeds block count (259); potential sync issue    
2026-08-10T05:52:17.171940Z  WARN ThreadId(20) hotstuff_runner::app: Node 1 [produce_block] queue size: 0, attempting up to 0 transactions this block    
2026-08-10T05:52:17.173022Z  WARN ThreadId(20) hotstuff_runner::app: Node 1 view(1044) far exceeds block count (260); potential sync issue    
2026-08-10T05:52:17.204739Z  WARN ThreadId(20) hotstuff_runner::app: Node 1 [produce_block] queue size: 0, attempting up to 0 transactions this block    
2026-08-10T05:52:17.204935Z  WARN ThreadId(20) hotstuff_runner::app: Node 1 view(1048) far exceeds block count (261); potential sync issue    
2026-08-10T05:52:17.263962Z  WARN ThreadId(20) hotstuff_runner::app: Node 1 [produce_block] queue size: 0, attempting up to 0 transactions this block    
2026-08-10T05:52:17.264248Z  WARN ThreadId(20) hotstuff_runner::app: Node 1 view(1052) far exceeds block count (262); potential sync issue    
2026-08-10T05:52:17.320672Z  WARN ThreadId(20) hotstuff_runner::app: Node 1 [produce_block] queue size: 0, attempting up to 0 transactions this block    
2026-08-10T05:52:17.320980Z  WARN ThreadId(20) hotstuff_runner::app: Node 1 view(1056) far exceeds block count (263); potential sync issue    
2026-08-10T05:52:17.361989Z  WARN ThreadId(20) hotstuff_runner::app: Node 1 [produce_block] queue size: 2, attempting up to 2 transactions this block    
2026-08-10T05:52:17.362353Z  WARN ThreadId(20) hotstuff_runner::app: Node 1 view(1060) far exceeds block count (264); potential sync issue    
2026-08-10T05:52:17.400766Z  WARN ThreadId(20) hotstuff_runner::app: Node 1 [produce_block] queue size: 0, attempting up to 0 transactions this block    
2026-08-10T05:52:17.401141Z  WARN ThreadId(20) hotstuff_runner::app: Node 1 view(1064) far exceeds block count (265); potential sync issue    
2026-08-10T05:52:17.449130Z  WARN ThreadId(20) hotstuff_runner::app: Node 1 [produce_block] queue size: 0, attempting up to 0 transactions this block    
2026-08-10T05:52:17.449474Z  WARN ThreadId(20) hotstuff_runner::app: Node 1 view(1068) far exceeds block count (266); potential sync issue    
2026-08-10T05:52:17.492933Z  WARN ThreadId(20) hotstuff_runner::app: Node 1 [produce_block] queue size: 0, attempting up to 0 transactions this block    
2026-08-10T05:52:17.494206Z  WARN ThreadId(20) hotstuff_runner::app: Node 1 view(1072) far exceeds block count (267); potential sync issue    
2026-08-10T05:52:17.531449Z  WARN ThreadId(20) hotstuff_runner::app: Node 1 [produce_block] queue size: 2, attempting up to 2 transactions this block    
2026-08-10T05:52:17.531553Z  WARN ThreadId(20) hotstuff_runner::app: Node 1 view(1076) far exceeds block count (268); potential sync issue    
2026-08-10T05:52:17.572869Z  WARN ThreadId(20) hotstuff_runner::app: Node 1 [produce_block] queue size: 0, attempting up to 0 transactions this block    
2026-08-10T05:52:17.573248Z  WARN ThreadId(20) hotstuff_runner::app: Node 1 view(1080) far exceeds block count (269); potential sync issue    
2026-08-10T05:52:17.618662Z  WARN ThreadId(20) hotstuff_runner::app: Node 1 [produce_block] queue size: 0, attempting up to 0 transactions this block    
2026-08-10T05:52:17.620146Z  WARN ThreadId(20) hotstuff_runner::app: Node 1 view(1084) far exceeds block count (270); potential sync issue    
2026-08-10T05:52:17.674124Z  WARN ThreadId(20) hotstuff_runner::app: Node 1 [produce_block] queue size: 0, attempting up to 0 transactions this block    
2026-08-10T05:52:17.675111Z  WARN ThreadId(20) hotstuff_runner::app: Node 1 view(1088) far exceeds block count (271); potential sync issue    
2026-08-10T05:52:17.706512Z  WARN ThreadId(20) hotstuff_runner::app: Node 1 [produce_block] queue size: 2, attempting up to 2 transactions this block    
2026-08-10T05:52:17.707957Z  WARN ThreadId(20) hotstuff_runner::app: Node 1 view(1092) far exceeds block count (272); potential sync issue    
2026-08-10T05:52:17.742744Z  WARN ThreadId(20) hotstuff_runner::app: Node 1 [produce_block] queue size: 0, attempting up to 0 transactions this block    
2026-08-10T05:52:17.743094Z  WARN ThreadId(20) hotstuff_runner::app: Node 1 view(1096) far exceeds block count (273); potential sync issue    
2026-08-10T05:52:17.798938Z  WARN ThreadId(20) hotstuff_runner::app: Node 1 [produce_block] queue size: 0, attempting up to 0 transactions this block    
2026-08-10T05:52:17.799603Z  WARN ThreadId(20) hotstuff_runner::app: Node 1 view(1100) far exceeds block count (274); potential sync issue    
2026-08-10T05:52:17.840741Z  WARN ThreadId(20) hotstuff_runner::app: Node 1 [produce_block] queue size: 0, attempting up to 0 transactions this block    
2026-08-10T05:52:17.842766Z  WARN ThreadId(20) hotstuff_runner::app: Node 1 view(1104) far exceeds block count (275); potential sync issue    
2026-08-10T05:52:17.883053Z  WARN ThreadId(20) hotstuff_runner::app: Node 1 [produce_block] queue size: 0, attempting up to 0 transactions this block    
2026-08-10T05:52:17.883225Z  WARN ThreadId(20) hotstuff_runner::app: Node 1 view(1108) far exceeds block count (276); potential sync issue    
2026-08-10T05:52:17.916777Z  WARN ThreadId(20) hotstuff_runner::app: Node 1 [produce_block] queue size: 2, attempting up to 2 transactions this block    
2026-08-10T05:52:17.917894Z  WARN ThreadId(20) hotstuff_runner::app: Node 1 view(1112) far exceeds block count (277); potential sync issue    
2026-08-10T05:52:17.969478Z  WARN ThreadId(20) hotstuff_runner::app: Node 1 [produce_block] queue size: 0, attempting up to 0 transactions this block    
2026-08-10T05:52:17.970010Z  WARN ThreadId(20) hotstuff_runner::app: Node 1 view(1116) far exceeds block count (278); potential sync issue    
2026-08-10T05:52:18.011772Z  WARN ThreadId(20) hotstuff_runner::app: Node 1 [produce_block] queue size: 0, attempting up to 0 transactions this block    
2026-08-10T05:52:18.013448Z  WARN ThreadId(20) hotstuff_runner::app: Node 1 view(1120) far exceeds block count (279); potential sync issue    
2026-08-10T05:52:18.050929Z  WARN ThreadId(20) hotstuff_runner::app: Node 1 [produce_block] queue size: 0, attempting up to 0 transactions this block    
2026-08-10T05:52:18.051531Z  WARN ThreadId(20) hotstuff_runner::app: Node 1 view(1124) far exceeds block count (280); potential sync issue    
2026-08-10T05:52:18.094415Z  WARN ThreadId(20) hotstuff_runner::app: Node 1 [produce_block] queue size: 0, attempting up to 0 transactions this block    
2026-08-10T05:52:18.095864Z  WARN ThreadId(20) hotstuff_runner::app: Node 1 view(1128) far exceeds block count (281); potential sync issue    
2026-08-10T05:52:18.136106Z  WARN ThreadId(20) hotstuff_runner::app: Node 1 [produce_block] queue size: 2, attempting up to 2 transactions this block    
2026-08-10T05:52:18.136851Z  WARN ThreadId(20) hotstuff_runner::app: Node 1 view(1132) far exceeds block count (282); potential sync issue    
2026-08-10T05:52:18.175288Z  WARN ThreadId(20) hotstuff_runner::app: Node 1 [produce_block] queue size: 0, attempting up to 0 transactions this block    
2026-08-10T05:52:18.176658Z  WARN ThreadId(20) hotstuff_runner::app: Node 1 view(1136) far exceeds block count (283); potential sync issue    
2026-08-10T05:52:18.219434Z  WARN ThreadId(20) hotstuff_runner::app: Node 1 [produce_block] queue size: 0, attempting up to 0 transactions this block    
2026-08-10T05:52:18.220216Z  WARN ThreadId(20) hotstuff_runner::app: Node 1 view(1140) far exceeds block count (284); potential sync issue    
2026-08-10T05:52:18.263304Z  WARN ThreadId(20) hotstuff_runner::app: Node 1 [produce_block] queue size: 0, attempting up to 0 transactions this block    
2026-08-10T05:52:18.263424Z  WARN ThreadId(20) hotstuff_runner::app: Node 1 view(1144) far exceeds block count (285); potential sync issue    
2026-08-10T05:52:18.318386Z  WARN ThreadId(20) hotstuff_runner::app: Node 1 [produce_block] queue size: 0, attempting up to 0 transactions this block    
2026-08-10T05:52:18.318760Z  WARN ThreadId(20) hotstuff_runner::app: Node 1 view(1148) far exceeds block count (286); potential sync issue    
2026-08-10T05:52:18.361515Z  WARN ThreadId(20) hotstuff_runner::app: Node 1 [produce_block] queue size: 2, attempting up to 2 transactions this block    
2026-08-10T05:52:18.361820Z  WARN ThreadId(20) hotstuff_runner::app: Node 1 view(1152) far exceeds block count (287); potential sync issue    
2026-08-10T05:52:18.393919Z  WARN ThreadId(20) hotstuff_runner::app: Node 1 [produce_block] queue size: 0, attempting up to 0 transactions this block    
2026-08-10T05:52:18.394481Z  WARN ThreadId(20) hotstuff_runner::app: Node 1 view(1156) far exceeds block count (288); potential sync issue    
2026-08-10T05:52:18.432406Z  WARN ThreadId(20) hotstuff_runner::app: Node 1 [produce_block] queue size: 0, attempting up to 0 transactions this block    
2026-08-10T05:52:18.432918Z  WARN ThreadId(20) hotstuff_runner::app: Node 1 view(1160) far exceeds block count (289); potential sync issue    
2026-08-10T05:52:18.475698Z  WARN ThreadId(20) hotstuff_runner::app: Node 1 [produce_block] queue size: 0, attempting up to 0 transactions this block    
2026-08-10T05:52:18.481741Z  WARN ThreadId(20) hotstuff_runner::app: Node 1 view(1164) far exceeds block count (290); potential sync issue    
2026-08-10T05:52:18.538404Z  WARN ThreadId(20) hotstuff_runner::app: Node 1 [produce_block] queue size: 0, attempting up to 0 transactions this block    
2026-08-10T05:52:18.541723Z  WARN ThreadId(20) hotstuff_runner::app: Node 1 view(1168) far exceeds block count (291); potential sync issue    
2026-08-10T05:52:18.592143Z  WARN ThreadId(20) hotstuff_runner::app: Node 1 [produce_block] queue size: 2, attempting up to 2 transactions this block    
2026-08-10T05:52:18.596330Z  WARN ThreadId(20) hotstuff_runner::app: Node 1 view(1172) far exceeds block count (292); potential sync issue    
2026-08-10T05:52:18.667270Z  WARN ThreadId(20) hotstuff_runner::app: Node 1 [produce_block] queue size: 0, attempting up to 0 transactions this block    
2026-08-10T05:52:18.667753Z  WARN ThreadId(20) hotstuff_runner::app: Node 1 view(1176) far exceeds block count (293); potential sync issue    
2026-08-10T05:52:18.749944Z  WARN ThreadId(20) hotstuff_runner::app: Node 1 [produce_block] queue size: 0, attempting up to 0 transactions this block    
2026-08-10T05:52:18.754415Z  WARN ThreadId(20) hotstuff_runner::app: Node 1 view(1180) far exceeds block count (294); potential sync issue    
2026-08-10T05:52:18.815275Z  WARN ThreadId(20) hotstuff_runner::app: Node 1 [produce_block] queue size: 2, attempting up to 2 transactions this block    
2026-08-10T05:52:18.817380Z  WARN ThreadId(20) hotstuff_runner::app: Node 1 view(1184) far exceeds block count (295); potential sync issue    
2026-08-10T05:52:18.909494Z  WARN ThreadId(20) hotstuff_runner::app: Node 1 [produce_block] queue size: 0, attempting up to 0 transactions this block    
2026-08-10T05:52:18.911425Z  WARN ThreadId(20) hotstuff_runner::app: Node 1 view(1188) far exceeds block count (296); potential sync issue    
2026-08-10T05:52:18.997808Z  WARN ThreadId(20) hotstuff_runner::app: Node 1 [produce_block] queue size: 2, attempting up to 2 transactions this block    
2026-08-10T05:52:18.999146Z  WARN ThreadId(20) hotstuff_runner::app: Node 1 view(1192) far exceeds block count (297); potential sync issue    
2026-08-10T05:52:19.083390Z  WARN ThreadId(20) hotstuff_runner::app: Node 1 [produce_block] queue size: 0, attempting up to 0 transactions this block    
2026-08-10T05:52:19.090098Z  WARN ThreadId(20) hotstuff_runner::app: Node 1 view(1196) far exceeds block count (298); potential sync issue    
2026-08-10T05:52:19.134757Z  WARN ThreadId(20) hotstuff_runner::app: Node 1 [produce_block] queue size: 0, attempting up to 0 transactions this block    
2026-08-10T05:52:19.138320Z  WARN ThreadId(20) hotstuff_runner::app: Node 1 view(1200) far exceeds block count (299); potential sync issue    
2026-08-10T05:52:19.214107Z  WARN ThreadId(20) hotstuff_runner::app: Node 1 [produce_block] queue size: 2, attempting up to 2 transactions this block    
2026-08-10T05:52:19.215341Z  WARN ThreadId(20) hotstuff_runner::app: Node 1 view(1204) far exceeds block count (300); potential sync issue    
2026-08-10T05:52:19.271882Z  WARN ThreadId(20) hotstuff_runner::app: Node 1 [produce_block] queue size: 0, attempting up to 0 transactions this block    
2026-08-10T05:52:19.272506Z  WARN ThreadId(20) hotstuff_runner::app: Node 1 view(1208) far exceeds block count (301); potential sync issue    
2026-08-10T05:52:19.323156Z  WARN ThreadId(20) hotstuff_runner::app: Node 1 [produce_block] queue size: 0, attempting up to 0 transactions this block    
2026-08-10T05:52:19.328234Z  WARN ThreadId(20) hotstuff_runner::app: Node 1 view(1212) far exceeds block count (302); potential sync issue    
2026-08-10T05:52:19.433235Z  WARN ThreadId(20) hotstuff_runner::app: Node 1 [produce_block] queue size: 2, attempting up to 2 transactions this block    
2026-08-10T05:52:19.435402Z  WARN ThreadId(20) hotstuff_runner::app: Node 1 view(1216) far exceeds block count (303); potential sync issue    
2026-08-10T05:52:19.503195Z  WARN ThreadId(20) hotstuff_runner::app: Node 1 [produce_block] queue size: 0, attempting up to 0 transactions this block    
2026-08-10T05:52:19.504479Z  WARN ThreadId(20) hotstuff_runner::app: Node 1 view(1220) far exceeds block count (304); potential sync issue    
2026-08-10T05:52:19.573600Z  WARN ThreadId(20) hotstuff_runner::app: Node 1 [produce_block] queue size: 0, attempting up to 0 transactions this block    
2026-08-10T05:52:19.573919Z  WARN ThreadId(20) hotstuff_runner::app: Node 1 view(1224) far exceeds block count (305); potential sync issue    
2026-08-10T05:52:19.629647Z  WARN ThreadId(20) hotstuff_runner::app: Node 1 [produce_block] queue size: 2, attempting up to 2 transactions this block    
2026-08-10T05:52:19.629857Z  WARN ThreadId(20) hotstuff_runner::app: Node 1 view(1228) far exceeds block count (306); potential sync issue    
2026-08-10T05:52:19.705764Z  WARN ThreadId(20) hotstuff_runner::app: Node 1 [produce_block] queue size: 0, attempting up to 0 transactions this block    
2026-08-10T05:52:19.707955Z  WARN ThreadId(20) hotstuff_runner::app: Node 1 view(1232) far exceeds block count (307); potential sync issue    
2026-08-10T05:52:19.775586Z  WARN ThreadId(20) hotstuff_runner::app: Node 1 [produce_block] queue size: 0, attempting up to 0 transactions this block    
2026-08-10T05:52:19.776039Z  WARN ThreadId(20) hotstuff_runner::app: Node 1 view(1236) far exceeds block count (308); potential sync issue    
2026-08-10T05:52:19.836876Z  WARN ThreadId(20) hotstuff_runner::app: Node 1 [produce_block] queue size: 2, attempting up to 2 transactions this block    
2026-08-10T05:52:19.837441Z  WARN ThreadId(20) hotstuff_runner::app: Node 1 view(1240) far exceeds block count (309); potential sync issue    
2026-08-10T05:52:19.893376Z  WARN ThreadId(20) hotstuff_runner::app: Node 1 [produce_block] queue size: 0, attempting up to 0 transactions this block    
2026-08-10T05:52:19.894367Z  WARN ThreadId(20) hotstuff_runner::app: Node 1 view(1244) far exceeds block count (310); potential sync issue    
2026-08-10T05:52:19.949714Z  WARN ThreadId(20) hotstuff_runner::app: Node 1 [produce_block] queue size: 0, attempting up to 0 transactions this block    
2026-08-10T05:52:19.956154Z  WARN ThreadId(20) hotstuff_runner::app: Node 1 view(1248) far exceeds block count (311); potential sync issue    
2026-08-10T05:52:20.063136Z  WARN ThreadId(20) hotstuff_runner::app: Node 1 [produce_block] queue size: 2, attempting up to 2 transactions this block    
2026-08-10T05:52:20.063788Z  WARN ThreadId(20) hotstuff_runner::app: Node 1 view(1252) far exceeds block count (312); potential sync issue    
2026-08-10T05:52:20.135346Z  WARN ThreadId(20) hotstuff_runner::app: Node 1 [produce_block] queue size: 0, attempting up to 0 transactions this block    
2026-08-10T05:52:20.136326Z  WARN ThreadId(20) hotstuff_runner::app: Node 1 view(1256) far exceeds block count (313); potential sync issue    
2026-08-10T05:52:20.203659Z  WARN ThreadId(20) hotstuff_runner::app: Node 1 [produce_block] queue size: 0, attempting up to 0 transactions this block    
2026-08-10T05:52:20.204385Z  WARN ThreadId(20) hotstuff_runner::app: Node 1 view(1260) far exceeds block count (314); potential sync issue    
2026-08-10T05:52:20.259723Z  WARN ThreadId(20) hotstuff_runner::app: Node 1 [produce_block] queue size: 2, attempting up to 2 transactions this block    
2026-08-10T05:52:20.259967Z  WARN ThreadId(20) hotstuff_runner::app: Node 1 view(1264) far exceeds block count (315); potential sync issue    
2026-08-10T05:52:20.306134Z  WARN ThreadId(20) hotstuff_runner::app: Node 1 [produce_block] queue size: 0, attempting up to 0 transactions this block    
2026-08-10T05:52:20.306558Z  WARN ThreadId(20) hotstuff_runner::app: Node 1 view(1268) far exceeds block count (316); potential sync issue    
2026-08-10T05:52:20.346924Z  WARN ThreadId(20) hotstuff_runner::app: Node 1 [produce_block] queue size: 0, attempting up to 0 transactions this block    
2026-08-10T05:52:20.348224Z  WARN ThreadId(20) hotstuff_runner::app: Node 1 view(1272) far exceeds block count (317); potential sync issue    
2026-08-10T05:52:20.383717Z  WARN ThreadId(20) hotstuff_runner::app: Node 1 [produce_block] queue size: 2, attempting up to 2 transactions this block    
2026-08-10T05:52:20.384189Z  WARN ThreadId(20) hotstuff_runner::app: Node 1 view(1276) far exceeds block count (318); potential sync issue    
2026-08-10T05:52:20.427716Z  WARN ThreadId(20) hotstuff_runner::app: Node 1 [produce_block] queue size: 0, attempting up to 0 transactions this block    
2026-08-10T05:52:20.428500Z  WARN ThreadId(20) hotstuff_runner::app: Node 1 view(1280) far exceeds block count (319); potential sync issue    
2026-08-10T05:52:20.460504Z  WARN ThreadId(20) hotstuff_runner::app: Node 1 [produce_block] queue size: 0, attempting up to 0 transactions this block    
2026-08-10T05:52:20.462127Z  WARN ThreadId(20) hotstuff_runner::app: Node 1 view(1284) far exceeds block count (320); potential sync issue    
2026-08-10T05:52:20.527485Z  WARN ThreadId(20) hotstuff_runner::app: Node 1 [produce_block] queue size: 0, attempting up to 0 transactions this block    
2026-08-10T05:52:20.529206Z  WARN ThreadId(20) hotstuff_runner::app: Node 1 view(1288) far exceeds block count (321); potential sync issue    
2026-08-10T05:52:20.555709Z  WARN ThreadId(20) hotstuff_runner::app: Node 1 [produce_block] queue size: 0, attempting up to 0 transactions this block    
2026-08-10T05:52:20.556238Z  WARN ThreadId(20) hotstuff_runner::app: Node 1 view(1292) far exceeds block count (322); potential sync issue    
2026-08-10T05:52:20.587694Z  WARN ThreadId(20) hotstuff_runner::app: Node 1 [produce_block] queue size: 2, attempting up to 2 transactions this block    
2026-08-10T05:52:20.588487Z  WARN ThreadId(20) hotstuff_runner::app: Node 1 view(1296) far exceeds block count (323); potential sync issue    
2026-08-10T05:52:20.623891Z  WARN ThreadId(20) hotstuff_runner::app: Node 1 [produce_block] queue size: 0, attempting up to 0 transactions this block    
2026-08-10T05:52:20.625129Z  WARN ThreadId(20) hotstuff_runner::app: Node 1 view(1300) far exceeds block count (324); potential sync issue    
2026-08-10T05:52:20.664362Z  WARN ThreadId(20) hotstuff_runner::app: Node 1 [produce_block] queue size: 0, attempting up to 0 transactions this block    
2026-08-10T05:52:20.665948Z  WARN ThreadId(20) hotstuff_runner::app: Node 1 view(1304) far exceeds block count (325); potential sync issue    
2026-08-10T05:52:20.704861Z  WARN ThreadId(20) hotstuff_runner::app: Node 1 [produce_block] queue size: 0, attempting up to 0 transactions this block    
2026-08-10T05:52:20.705010Z  WARN ThreadId(20) hotstuff_runner::app: Node 1 view(1308) far exceeds block count (326); potential sync issue    
2026-08-10T05:52:20.749429Z  WARN ThreadId(20) hotstuff_runner::app: Node 1 [produce_block] queue size: 0, attempting up to 0 transactions this block    
2026-08-10T05:52:20.757462Z  WARN ThreadId(20) hotstuff_runner::app: Node 1 view(1312) far exceeds block count (327); potential sync issue    
2026-08-10T05:52:20.807528Z  WARN ThreadId(20) hotstuff_runner::app: Node 1 [produce_block] queue size: 0, attempting up to 0 transactions this block    
2026-08-10T05:52:20.807747Z  WARN ThreadId(20) hotstuff_runner::app: Node 1 view(1316) far exceeds block count (328); potential sync issue    
2026-08-10T05:52:20.855356Z  WARN ThreadId(20) hotstuff_runner::app: Node 1 [produce_block] queue size: 2, attempting up to 2 transactions this block    
2026-08-10T05:52:20.856521Z  WARN ThreadId(20) hotstuff_runner::app: Node 1 view(1320) far exceeds block count (329); potential sync issue    
2026-08-10T05:52:20.889740Z  WARN ThreadId(20) hotstuff_runner::app: Node 1 [produce_block] queue size: 0, attempting up to 0 transactions this block    
2026-08-10T05:52:20.890114Z  WARN ThreadId(20) hotstuff_runner::app: Node 1 view(1324) far exceeds block count (330); potential sync issue    
2026-08-10T05:52:20.937089Z  WARN ThreadId(20) hotstuff_runner::app: Node 1 [produce_block] queue size: 0, attempting up to 0 transactions this block    
2026-08-10T05:52:20.939113Z  WARN ThreadId(20) hotstuff_runner::app: Node 1 view(1328) far exceeds block count (331); potential sync issue    
2026-08-10T05:52:21.002526Z  WARN ThreadId(20) hotstuff_runner::app: Node 1 [produce_block] queue size: 2, attempting up to 2 transactions this block    
2026-08-10T05:52:21.006768Z  WARN ThreadId(20) hotstuff_runner::app: Node 1 view(1332) far exceeds block count (332); potential sync issue    
2026-08-10T05:52:21.074909Z  WARN ThreadId(20) hotstuff_runner::app: Node 1 [produce_block] queue size: 0, attempting up to 0 transactions this block    
2026-08-10T05:52:21.075400Z  WARN ThreadId(20) hotstuff_runner::app: Node 1 view(1336) far exceeds block count (333); potential sync issue    
2026-08-10T05:52:21.142679Z  WARN ThreadId(20) hotstuff_runner::app: Node 1 [produce_block] queue size: 0, attempting up to 0 transactions this block    
2026-08-10T05:52:21.142855Z  WARN ThreadId(20) hotstuff_runner::app: Node 1 view(1340) far exceeds block count (334); potential sync issue    
2026-08-10T05:52:21.213016Z  WARN ThreadId(20) hotstuff_runner::app: Node 1 [produce_block] queue size: 2, attempting up to 2 transactions this block    
2026-08-10T05:52:21.214778Z  WARN ThreadId(20) hotstuff_runner::app: Node 1 view(1344) far exceeds block count (335); potential sync issue    
2026-08-10T05:52:21.268634Z  WARN ThreadId(20) hotstuff_runner::app: Node 1 [produce_block] queue size: 0, attempting up to 0 transactions this block    
2026-08-10T05:52:21.270542Z  WARN ThreadId(20) hotstuff_runner::app: Node 1 view(1348) far exceeds block count (336); potential sync issue    
2026-08-10T05:52:21.316391Z  WARN ThreadId(20) hotstuff_runner::app: Node 1 [produce_block] queue size: 0, attempting up to 0 transactions this block    
2026-08-10T05:52:21.321522Z  WARN ThreadId(20) hotstuff_runner::app: Node 1 view(1352) far exceeds block count (337); potential sync issue    
2026-08-10T05:52:21.376017Z  WARN ThreadId(20) hotstuff_runner::app: Node 1 [produce_block] queue size: 0, attempting up to 0 transactions this block    
2026-08-10T05:52:21.379888Z  WARN ThreadId(20) hotstuff_runner::app: Node 1 view(1356) far exceeds block count (338); potential sync issue    
2026-08-10T05:52:21.424144Z  WARN ThreadId(20) hotstuff_runner::app: Node 1 [produce_block] queue size: 2, attempting up to 2 transactions this block    
2026-08-10T05:52:21.424453Z  WARN ThreadId(20) hotstuff_runner::app: Node 1 view(1360) far exceeds block count (339); potential sync issue    
2026-08-10T05:52:21.477741Z  WARN ThreadId(20) hotstuff_runner::app: Node 1 [produce_block] queue size: 0, attempting up to 0 transactions this block    
2026-08-10T05:52:21.479182Z  WARN ThreadId(20) hotstuff_runner::app: Node 1 view(1364) far exceeds block count (340); potential sync issue    
2026-08-10T05:52:21.530022Z  WARN ThreadId(20) hotstuff_runner::app: Node 1 [produce_block] queue size: 0, attempting up to 0 transactions this block    
2026-08-10T05:52:21.532368Z  WARN ThreadId(20) hotstuff_runner::app: Node 1 view(1368) far exceeds block count (341); potential sync issue    
2026-08-10T05:52:21.583579Z  WARN ThreadId(20) hotstuff_runner::app: Node 1 [produce_block] queue size: 0, attempting up to 0 transactions this block    
2026-08-10T05:52:21.584236Z  WARN ThreadId(20) hotstuff_runner::app: Node 1 view(1372) far exceeds block count (342); potential sync issue    
2026-08-10T05:52:21.642830Z  WARN ThreadId(20) hotstuff_runner::app: Node 1 [produce_block] queue size: 2, attempting up to 2 transactions this block    
2026-08-10T05:52:21.644458Z  WARN ThreadId(20) hotstuff_runner::app: Node 1 view(1376) far exceeds block count (343); potential sync issue    
2026-08-10T05:52:21.708826Z  WARN ThreadId(20) hotstuff_runner::app: Node 1 [produce_block] queue size: 0, attempting up to 0 transactions this block    
2026-08-10T05:52:21.709778Z  WARN ThreadId(20) hotstuff_runner::app: Node 1 view(1380) far exceeds block count (344); potential sync issue    
2026-08-10T05:52:21.759922Z  WARN ThreadId(20) hotstuff_runner::app: Node 1 [produce_block] queue size: 0, attempting up to 0 transactions this block    
2026-08-10T05:52:21.760635Z  WARN ThreadId(20) hotstuff_runner::app: Node 1 view(1384) far exceeds block count (345); potential sync issue    
2026-08-10T05:52:21.796696Z  WARN ThreadId(20) hotstuff_runner::app: Node 1 [produce_block] queue size: 0, attempting up to 0 transactions this block    
2026-08-10T05:52:21.797019Z  WARN ThreadId(20) hotstuff_runner::app: Node 1 view(1388) far exceeds block count (346); potential sync issue    
2026-08-10T05:52:21.829097Z  WARN ThreadId(20) hotstuff_runner::app: Node 1 [produce_block] queue size: 2, attempting up to 2 transactions this block    
2026-08-10T05:52:21.829742Z  WARN ThreadId(20) hotstuff_runner::app: Node 1 view(1392) far exceeds block count (347); potential sync issue    
2026-08-10T05:52:21.875748Z  WARN ThreadId(20) hotstuff_runner::app: Node 1 [produce_block] queue size: 0, attempting up to 0 transactions this block    
2026-08-10T05:52:21.876807Z  WARN ThreadId(20) hotstuff_runner::app: Node 1 view(1396) far exceeds block count (348); potential sync issue    
2026-08-10T05:52:21.917981Z  WARN ThreadId(20) hotstuff_runner::app: Node 1 [produce_block] queue size: 0, attempting up to 0 transactions this block    
2026-08-10T05:52:21.924356Z  WARN ThreadId(20) hotstuff_runner::app: Node 1 view(1400) far exceeds block count (349); potential sync issue    
2026-08-10T05:52:21.970361Z  WARN ThreadId(20) hotstuff_runner::app: Node 1 [produce_block] queue size: 0, attempting up to 0 transactions this block    
2026-08-10T05:52:21.975655Z  WARN ThreadId(20) hotstuff_runner::app: Node 1 view(1404) far exceeds block count (350); potential sync issue    
2026-08-10T05:52:22.009446Z  WARN ThreadId(20) hotstuff_runner::app: Node 1 [produce_block] queue size: 2, attempting up to 2 transactions this block    
2026-08-10T05:52:22.009550Z  WARN ThreadId(20) hotstuff_runner::app: Node 1 view(1408) far exceeds block count (351); potential sync issue    
2026-08-10T05:52:22.049752Z  WARN ThreadId(20) hotstuff_runner::app: Node 1 [produce_block] queue size: 0, attempting up to 0 transactions this block    
2026-08-10T05:52:22.050410Z  WARN ThreadId(20) hotstuff_runner::app: Node 1 view(1412) far exceeds block count (352); potential sync issue    
2026-08-10T05:52:22.099677Z  WARN ThreadId(20) hotstuff_runner::app: Node 1 [produce_block] queue size: 0, attempting up to 0 transactions this block    
2026-08-10T05:52:22.100016Z  WARN ThreadId(20) hotstuff_runner::app: Node 1 view(1416) far exceeds block count (353); potential sync issue    
2026-08-10T05:52:22.143978Z  WARN ThreadId(20) hotstuff_runner::app: Node 1 [produce_block] queue size: 0, attempting up to 0 transactions this block    
2026-08-10T05:52:22.144621Z  WARN ThreadId(20) hotstuff_runner::app: Node 1 view(1420) far exceeds block count (354); potential sync issue    
2026-08-10T05:52:22.197675Z  WARN ThreadId(20) hotstuff_runner::app: Node 1 [produce_block] queue size: 0, attempting up to 0 transactions this block    
2026-08-10T05:52:22.198412Z  WARN ThreadId(20) hotstuff_runner::app: Node 1 view(1424) far exceeds block count (355); potential sync issue    
2026-08-10T05:52:22.246908Z  WARN ThreadId(20) hotstuff_runner::app: Node 1 [produce_block] queue size: 2, attempting up to 2 transactions this block    
2026-08-10T05:52:22.252244Z  WARN ThreadId(20) hotstuff_runner::app: Node 1 view(1428) far exceeds block count (356); potential sync issue    
2026-08-10T05:52:22.301088Z  WARN ThreadId(20) hotstuff_runner::app: Node 1 [produce_block] queue size: 0, attempting up to 0 transactions this block    
2026-08-10T05:52:22.307257Z  WARN ThreadId(20) hotstuff_runner::app: Node 1 view(1432) far exceeds block count (357); potential sync issue    
2026-08-10T05:52:22.360283Z  WARN ThreadId(20) hotstuff_runner::app: Node 1 [produce_block] queue size: 0, attempting up to 0 transactions this block    
2026-08-10T05:52:22.360420Z  WARN ThreadId(20) hotstuff_runner::app: Node 1 view(1436) far exceeds block count (358); potential sync issue    
2026-08-10T05:52:22.390156Z  WARN ThreadId(20) hotstuff_runner::app: Node 1 [produce_block] queue size: 0, attempting up to 0 transactions this block    
2026-08-10T05:52:22.390881Z  WARN ThreadId(20) hotstuff_runner::app: Node 1 view(1440) far exceeds block count (359); potential sync issue    
2026-08-10T05:52:22.424142Z  WARN ThreadId(20) hotstuff_runner::app: Node 1 [produce_block] queue size: 2, attempting up to 2 transactions this block    
2026-08-10T05:52:22.424498Z  WARN ThreadId(20) hotstuff_runner::app: Node 1 view(1444) far exceeds block count (360); potential sync issue    
2026-08-10T05:52:22.517090Z  WARN ThreadId(20) hotstuff_runner::app: Node 1 [produce_block] queue size: 0, attempting up to 0 transactions this block    
2026-08-10T05:52:22.518079Z  WARN ThreadId(20) hotstuff_runner::app: Node 1 view(1448) far exceeds block count (361); potential sync issue    
2026-08-10T05:52:22.579192Z  WARN ThreadId(20) hotstuff_runner::app: Node 1 [produce_block] queue size: 0, attempting up to 0 transactions this block    
2026-08-10T05:52:22.580173Z  WARN ThreadId(20) hotstuff_runner::app: Node 1 view(1452) far exceeds block count (362); potential sync issue    
2026-08-10T05:52:22.674678Z  WARN ThreadId(20) hotstuff_runner::app: Node 1 [produce_block] queue size: 2, attempting up to 2 transactions this block    
2026-08-10T05:52:22.677577Z  WARN ThreadId(20) hotstuff_runner::app: Node 1 view(1456) far exceeds block count (363); potential sync issue    
2026-08-10T05:52:22.725767Z  WARN ThreadId(20) hotstuff_runner::app: Node 1 [produce_block] queue size: 0, attempting up to 0 transactions this block    
2026-08-10T05:52:22.725972Z  WARN ThreadId(20) hotstuff_runner::app: Node 1 view(1460) far exceeds block count (364); potential sync issue    
2026-08-10T05:52:22.763089Z  WARN ThreadId(20) hotstuff_runner::app: Node 1 [produce_block] queue size: 0, attempting up to 0 transactions this block    
2026-08-10T05:52:22.763787Z  WARN ThreadId(20) hotstuff_runner::app: Node 1 view(1464) far exceeds block count (365); potential sync issue    
2026-08-10T05:52:22.804546Z  WARN ThreadId(20) hotstuff_runner::app: Node 1 [produce_block] queue size: 2, attempting up to 2 transactions this block    
2026-08-10T05:52:22.810453Z  WARN ThreadId(20) hotstuff_runner::app: Node 1 view(1468) far exceeds block count (366); potential sync issue    
2026-08-10T05:52:22.857569Z  WARN ThreadId(20) hotstuff_runner::app: Node 1 [produce_block] queue size: 0, attempting up to 0 transactions this block    
2026-08-10T05:52:22.858267Z  WARN ThreadId(20) hotstuff_runner::app: Node 1 view(1472) far exceeds block count (367); potential sync issue    
2026-08-10T05:52:22.916537Z  WARN ThreadId(20) hotstuff_runner::app: Node 1 [produce_block] queue size: 0, attempting up to 0 transactions this block    
2026-08-10T05:52:22.917175Z  WARN ThreadId(20) hotstuff_runner::app: Node 1 view(1476) far exceeds block count (368); potential sync issue    
2026-08-10T05:52:22.962267Z  WARN ThreadId(20) hotstuff_runner::app: Node 1 [produce_block] queue size: 0, attempting up to 0 transactions this block    
2026-08-10T05:52:22.962754Z  WARN ThreadId(20) hotstuff_runner::app: Node 1 view(1480) far exceeds block count (369); potential sync issue    
2026-08-10T05:52:23.009899Z  WARN ThreadId(20) hotstuff_runner::app: Node 1 [produce_block] queue size: 2, attempting up to 2 transactions this block    
2026-08-10T05:52:23.010226Z  WARN ThreadId(20) hotstuff_runner::app: Node 1 view(1484) far exceeds block count (370); potential sync issue    
2026-08-10T05:52:23.049134Z  WARN ThreadId(20) hotstuff_runner::app: Node 1 [produce_block] queue size: 0, attempting up to 0 transactions this block    
2026-08-10T05:52:23.056591Z  WARN ThreadId(20) hotstuff_runner::app: Node 1 view(1488) far exceeds block count (371); potential sync issue    
2026-08-10T05:52:23.122443Z  WARN ThreadId(20) hotstuff_runner::app: Node 1 [produce_block] queue size: 0, attempting up to 0 transactions this block    
2026-08-10T05:52:23.126017Z  WARN ThreadId(20) hotstuff_runner::app: Node 1 view(1492) far exceeds block count (372); potential sync issue    
2026-08-10T05:52:23.198819Z  WARN ThreadId(20) hotstuff_runner::app: Node 1 [produce_block] queue size: 0, attempting up to 0 transactions this block    
2026-08-10T05:52:23.201396Z  WARN ThreadId(20) hotstuff_runner::app: Node 1 view(1496) far exceeds block count (373); potential sync issue    
2026-08-10T05:52:23.312109Z  WARN ThreadId(20) hotstuff_runner::app: Node 1 [produce_block] queue size: 2, attempting up to 2 transactions this block    
2026-08-10T05:52:23.312477Z  WARN ThreadId(20) hotstuff_runner::app: Node 1 view(1500) far exceeds block count (374); potential sync issue    
2026-08-10T05:52:23.401730Z  WARN ThreadId(20) hotstuff_runner::app: Node 1 [produce_block] queue size: 2, attempting up to 2 transactions this block    
2026-08-10T05:52:23.401904Z  WARN ThreadId(20) hotstuff_runner::app: Node 1 view(1504) far exceeds block count (375); potential sync issue    
2026-08-10T05:52:23.474492Z  WARN ThreadId(20) hotstuff_runner::app: Node 1 [produce_block] queue size: 0, attempting up to 0 transactions this block    
2026-08-10T05:52:23.475728Z  WARN ThreadId(20) hotstuff_runner::app: Node 1 view(1508) far exceeds block count (376); potential sync issue    
2026-08-10T05:52:23.533770Z  WARN ThreadId(20) hotstuff_runner::app: Node 1 [produce_block] queue size: 0, attempting up to 0 transactions this block    
2026-08-10T05:52:23.534355Z  WARN ThreadId(20) hotstuff_runner::app: Node 1 view(1512) far exceeds block count (377); potential sync issue    
2026-08-10T05:52:23.640754Z  WARN ThreadId(20) hotstuff_runner::app: Node 1 [produce_block] queue size: 2, attempting up to 2 transactions this block    
2026-08-10T05:52:23.642323Z  WARN ThreadId(20) hotstuff_runner::app: Node 1 view(1516) far exceeds block count (378); potential sync issue    
2026-08-10T05:52:23.721836Z  WARN ThreadId(20) hotstuff_runner::app: Node 1 [produce_block] queue size: 0, attempting up to 0 transactions this block    
2026-08-10T05:52:23.722821Z  WARN ThreadId(20) hotstuff_runner::app: Node 1 view(1520) far exceeds block count (379); potential sync issue    
2026-08-10T05:52:23.751081Z  WARN ThreadId(20) hotstuff_runner::app: Node 1 [produce_block] queue size: 0, attempting up to 0 transactions this block    
2026-08-10T05:52:23.751609Z  WARN ThreadId(20) hotstuff_runner::app: Node 1 view(1524) far exceeds block count (380); potential sync issue    
2026-08-10T05:52:23.804552Z  WARN ThreadId(20) hotstuff_runner::app: Node 1 [produce_block] queue size: 2, attempting up to 2 transactions this block    
2026-08-10T05:52:23.804888Z  WARN ThreadId(20) hotstuff_runner::app: Node 1 view(1528) far exceeds block count (381); potential sync issue    
2026-08-10T05:52:23.849036Z  WARN ThreadId(20) hotstuff_runner::app: Node 1 [produce_block] queue size: 0, attempting up to 0 transactions this block    
2026-08-10T05:52:23.849661Z  WARN ThreadId(20) hotstuff_runner::app: Node 1 view(1532) far exceeds block count (382); potential sync issue    
2026-08-10T05:52:23.900290Z  WARN ThreadId(20) hotstuff_runner::app: Node 1 [produce_block] queue size: 0, attempting up to 0 transactions this block    
2026-08-10T05:52:23.900724Z  WARN ThreadId(20) hotstuff_runner::app: Node 1 view(1536) far exceeds block count (383); potential sync issue    
2026-08-10T05:52:23.942923Z  WARN ThreadId(20) hotstuff_runner::app: Node 1 [produce_block] queue size: 0, attempting up to 0 transactions this block    
2026-08-10T05:52:23.943402Z  WARN ThreadId(20) hotstuff_runner::app: Node 1 view(1540) far exceeds block count (384); potential sync issue    
2026-08-10T05:52:23.997267Z  WARN ThreadId(20) hotstuff_runner::app: Node 1 [produce_block] queue size: 0, attempting up to 0 transactions this block    
2026-08-10T05:52:23.997467Z  WARN ThreadId(20) hotstuff_runner::app: Node 1 view(1544) far exceeds block count (385); potential sync issue    
2026-08-10T05:52:24.043913Z  WARN ThreadId(20) hotstuff_runner::app: Node 1 [produce_block] queue size: 2, attempting up to 2 transactions this block    
2026-08-10T05:52:24.044286Z  WARN ThreadId(20) hotstuff_runner::app: Node 1 view(1548) far exceeds block count (386); potential sync issue    
2026-08-10T05:52:24.091803Z  WARN ThreadId(20) hotstuff_runner::app: Node 1 [produce_block] queue size: 0, attempting up to 0 transactions this block    
2026-08-10T05:52:24.091939Z  WARN ThreadId(20) hotstuff_runner::app: Node 1 view(1552) far exceeds block count (387); potential sync issue    
2026-08-10T05:52:24.121057Z  WARN ThreadId(20) hotstuff_runner::app: Node 1 [produce_block] queue size: 0, attempting up to 0 transactions this block    
2026-08-10T05:52:24.121342Z  WARN ThreadId(20) hotstuff_runner::app: Node 1 view(1556) far exceeds block count (388); potential sync issue    
2026-08-10T05:52:24.150541Z  WARN ThreadId(20) hotstuff_runner::app: Node 1 [produce_block] queue size: 0, attempting up to 0 transactions this block    
2026-08-10T05:52:24.150779Z  WARN ThreadId(20) hotstuff_runner::app: Node 1 view(1560) far exceeds block count (389); potential sync issue    
2026-08-10T05:52:24.199012Z  WARN ThreadId(20) hotstuff_runner::app: Node 1 [produce_block] queue size: 2, attempting up to 2 transactions this block    
2026-08-10T05:52:24.199789Z  WARN ThreadId(20) hotstuff_runner::app: Node 1 view(1564) far exceeds block count (390); potential sync issue    
2026-08-10T05:52:24.244986Z  WARN ThreadId(20) hotstuff_runner::app: Node 1 [produce_block] queue size: 0, attempting up to 0 transactions this block    
2026-08-10T05:52:24.246010Z  WARN ThreadId(20) hotstuff_runner::app: Node 1 view(1568) far exceeds block count (391); potential sync issue    
2026-08-10T05:52:24.290176Z  WARN ThreadId(20) hotstuff_runner::app: Node 1 [produce_block] queue size: 0, attempting up to 0 transactions this block    
2026-08-10T05:52:24.290640Z  WARN ThreadId(20) hotstuff_runner::app: Node 1 view(1572) far exceeds block count (392); potential sync issue    
2026-08-10T05:52:24.348148Z  WARN ThreadId(20) hotstuff_runner::app: Node 1 [produce_block] queue size: 0, attempting up to 0 transactions this block    
2026-08-10T05:52:24.350094Z  WARN ThreadId(20) hotstuff_runner::app: Node 1 view(1576) far exceeds block count (393); potential sync issue    
2026-08-10T05:52:24.403082Z  WARN ThreadId(20) hotstuff_runner::app: Node 1 [produce_block] queue size: 2, attempting up to 2 transactions this block    
2026-08-10T05:52:24.403319Z  WARN ThreadId(20) hotstuff_runner::app: Node 1 view(1580) far exceeds block count (394); potential sync issue    
2026-08-10T05:52:24.506330Z  WARN ThreadId(20) hotstuff_runner::app: Node 1 [produce_block] queue size: 0, attempting up to 0 transactions this block    
2026-08-10T05:52:24.507431Z  WARN ThreadId(20) hotstuff_runner::app: Node 1 view(1584) far exceeds block count (395); potential sync issue    
2026-08-10T05:52:24.577222Z  WARN ThreadId(20) hotstuff_runner::app: Node 1 [produce_block] queue size: 2, attempting up to 2 transactions this block    
2026-08-10T05:52:24.577445Z  WARN ThreadId(20) hotstuff_runner::app: Node 1 view(1588) far exceeds block count (396); potential sync issue    
2026-08-10T05:52:24.649188Z  WARN ThreadId(20) hotstuff_runner::app: Node 1 [produce_block] queue size: 0, attempting up to 0 transactions this block    
2026-08-10T05:52:24.654849Z  WARN ThreadId(20) hotstuff_runner::app: Node 1 view(1592) far exceeds block count (397); potential sync issue    
2026-08-10T05:52:24.797121Z  WARN ThreadId(20) hotstuff_runner::app: Node 1 [produce_block] queue size: 2, attempting up to 2 transactions this block    
2026-08-10T05:52:24.798422Z  WARN ThreadId(20) hotstuff_runner::app: Node 1 view(1596) far exceeds block count (398); potential sync issue    
2026-08-10T05:52:24.848752Z  WARN ThreadId(20) hotstuff_runner::app: Node 1 [produce_block] queue size: 0, attempting up to 0 transactions this block    
2026-08-10T05:52:24.849407Z  WARN ThreadId(20) hotstuff_runner::app: Node 1 view(1600) far exceeds block count (399); potential sync issue    
2026-08-10T05:52:24.893120Z  WARN ThreadId(20) hotstuff_runner::app: Node 1 [produce_block] queue size: 0, attempting up to 0 transactions this block    
2026-08-10T05:52:24.893614Z  WARN ThreadId(20) hotstuff_runner::app: Node 1 view(1604) far exceeds block count (400); potential sync issue    
2026-08-10T05:52:24.930860Z  WARN ThreadId(20) hotstuff_runner::app: Node 1 [produce_block] queue size: 2, attempting up to 2 transactions this block    
2026-08-10T05:52:24.931037Z  WARN ThreadId(20) hotstuff_runner::app: Node 1 view(1608) far exceeds block count (401); potential sync issue    
2026-08-10T05:52:24.977786Z  WARN ThreadId(20) hotstuff_runner::app: Node 1 [produce_block] queue size: 0, attempting up to 0 transactions this block    
2026-08-10T05:52:24.978476Z  WARN ThreadId(20) hotstuff_runner::app: Node 1 view(1612) far exceeds block count (402); potential sync issue    
2026-08-10T05:52:25.032736Z  WARN ThreadId(20) hotstuff_runner::app: Node 1 [produce_block] queue size: 0, attempting up to 0 transactions this block    
2026-08-10T05:52:25.033378Z  WARN ThreadId(20) hotstuff_runner::app: Node 1 view(1616) far exceeds block count (403); potential sync issue    
2026-08-10T05:52:25.063101Z  WARN ThreadId(20) hotstuff_runner::app: Node 1 [produce_block] queue size: 0, attempting up to 0 transactions this block    
2026-08-10T05:52:25.063474Z  WARN ThreadId(20) hotstuff_runner::app: Node 1 view(1620) far exceeds block count (404); potential sync issue    
2026-08-10T05:52:25.106863Z  WARN ThreadId(20) hotstuff_runner::app: Node 1 [produce_block] queue size: 0, attempting up to 0 transactions this block    
2026-08-10T05:52:25.107286Z  WARN ThreadId(20) hotstuff_runner::app: Node 1 view(1624) far exceeds block count (405); potential sync issue    
2026-08-10T05:52:25.149130Z  WARN ThreadId(20) hotstuff_runner::app: Node 1 [produce_block] queue size: 2, attempting up to 2 transactions this block    
2026-08-10T05:52:25.149293Z  WARN ThreadId(20) hotstuff_runner::app: Node 1 view(1628) far exceeds block count (406); potential sync issue    
2026-08-10T05:52:25.181537Z  WARN ThreadId(20) hotstuff_runner::app: Node 1 [produce_block] queue size: 0, attempting up to 0 transactions this block    
2026-08-10T05:52:25.183555Z  WARN ThreadId(20) hotstuff_runner::app: Node 1 view(1632) far exceeds block count (407); potential sync issue    
2026-08-10T05:52:25.237702Z  WARN ThreadId(20) hotstuff_runner::app: Node 1 [produce_block] queue size: 0, attempting up to 0 transactions this block    
2026-08-10T05:52:25.239546Z  WARN ThreadId(20) hotstuff_runner::app: Node 1 view(1636) far exceeds block count (408); potential sync issue    
2026-08-10T05:52:25.281996Z  WARN ThreadId(20) hotstuff_runner::app: Node 1 [produce_block] queue size: 0, attempting up to 0 transactions this block    
2026-08-10T05:52:25.282183Z  WARN ThreadId(20) hotstuff_runner::app: Node 1 view(1640) far exceeds block count (409); potential sync issue    
2026-08-10T05:52:25.327989Z  WARN ThreadId(20) hotstuff_runner::app: Node 1 [produce_block] queue size: 2, attempting up to 2 transactions this block    
2026-08-10T05:52:25.328161Z  WARN ThreadId(20) hotstuff_runner::app: Node 1 view(1644) far exceeds block count (410); potential sync issue    
2026-08-10T05:52:25.363097Z  WARN ThreadId(20) hotstuff_runner::app: Node 1 [produce_block] queue size: 0, attempting up to 0 transactions this block    
2026-08-10T05:52:25.363854Z  WARN ThreadId(20) hotstuff_runner::app: Node 1 view(1648) far exceeds block count (411); potential sync issue    
2026-08-10T05:52:25.410247Z  WARN ThreadId(20) hotstuff_runner::app: Node 1 [produce_block] queue size: 0, attempting up to 0 transactions this block    
2026-08-10T05:52:25.411463Z  WARN ThreadId(20) hotstuff_runner::app: Node 1 view(1652) far exceeds block count (412); potential sync issue    
2026-08-10T05:52:25.476240Z  WARN ThreadId(20) hotstuff_runner::app: Node 1 [produce_block] queue size: 0, attempting up to 0 transactions this block    
2026-08-10T05:52:25.479997Z  WARN ThreadId(20) hotstuff_runner::app: Node 1 view(1656) far exceeds block count (413); potential sync issue    
2026-08-10T05:52:25.547819Z  WARN ThreadId(20) hotstuff_runner::app: Node 1 [produce_block] queue size: 2, attempting up to 2 transactions this block    
2026-08-10T05:52:25.549346Z  WARN ThreadId(20) hotstuff_runner::app: Node 1 view(1660) far exceeds block count (414); potential sync issue    
2026-08-10T05:52:25.593587Z  WARN ThreadId(20) hotstuff_runner::app: Node 1 [produce_block] queue size: 0, attempting up to 0 transactions this block    
2026-08-10T05:52:25.594875Z  WARN ThreadId(20) hotstuff_runner::app: Node 1 view(1664) far exceeds block count (415); potential sync issue    
2026-08-10T05:52:25.642433Z  WARN ThreadId(20) hotstuff_runner::app: Node 1 [produce_block] queue size: 0, attempting up to 0 transactions this block    
2026-08-10T05:52:25.642798Z  WARN ThreadId(20) hotstuff_runner::app: Node 1 view(1668) far exceeds block count (416); potential sync issue    
2026-08-10T05:52:25.694026Z  WARN ThreadId(20) hotstuff_runner::app: Node 1 [produce_block] queue size: 0, attempting up to 0 transactions this block    
2026-08-10T05:52:25.694988Z  WARN ThreadId(20) hotstuff_runner::app: Node 1 view(1672) far exceeds block count (417); potential sync issue    
2026-08-10T05:52:25.736582Z  WARN ThreadId(20) hotstuff_runner::app: Node 1 [produce_block] queue size: 0, attempting up to 0 transactions this block    
2026-08-10T05:52:25.738268Z  WARN ThreadId(20) hotstuff_runner::app: Node 1 view(1676) far exceeds block count (418); potential sync issue    
2026-08-10T05:52:25.774601Z  WARN ThreadId(20) hotstuff_runner::app: Node 1 [produce_block] queue size: 2, attempting up to 2 transactions this block    
2026-08-10T05:52:25.775022Z  WARN ThreadId(20) hotstuff_runner::app: Node 1 view(1680) far exceeds block count (419); potential sync issue    
2026-08-10T05:52:25.802094Z  WARN ThreadId(20) hotstuff_runner::app: Node 1 [produce_block] queue size: 0, attempting up to 0 transactions this block    
2026-08-10T05:52:25.802545Z  WARN ThreadId(20) hotstuff_runner::app: Node 1 view(1684) far exceeds block count (420); potential sync issue    
2026-08-10T05:52:25.848328Z  WARN ThreadId(20) hotstuff_runner::app: Node 1 [produce_block] queue size: 0, attempting up to 0 transactions this block    
2026-08-10T05:52:25.849094Z  WARN ThreadId(20) hotstuff_runner::app: Node 1 view(1688) far exceeds block count (421); potential sync issue    
2026-08-10T05:52:25.897156Z  WARN ThreadId(20) hotstuff_runner::app: Node 1 [produce_block] queue size: 0, attempting up to 0 transactions this block    
2026-08-10T05:52:25.897437Z  WARN ThreadId(20) hotstuff_runner::app: Node 1 view(1692) far exceeds block count (422); potential sync issue    
2026-08-10T05:52:25.940171Z  WARN ThreadId(20) hotstuff_runner::app: Node 1 [produce_block] queue size: 0, attempting up to 0 transactions this block    
2026-08-10T05:52:25.941212Z  WARN ThreadId(20) hotstuff_runner::app: Node 1 view(1696) far exceeds block count (423); potential sync issue    
2026-08-10T05:52:25.977316Z  WARN ThreadId(20) hotstuff_runner::app: Node 1 [produce_block] queue size: 2, attempting up to 2 transactions this block    
2026-08-10T05:52:25.977548Z  WARN ThreadId(20) hotstuff_runner::app: Node 1 view(1700) far exceeds block count (424); potential sync issue    
2026-08-10T05:52:26.007091Z  WARN ThreadId(20) hotstuff_runner::app: Node 1 [produce_block] queue size: 0, attempting up to 0 transactions this block    
2026-08-10T05:52:26.007374Z  WARN ThreadId(20) hotstuff_runner::app: Node 1 view(1704) far exceeds block count (425); potential sync issue    
2026-08-10T05:52:26.064225Z  WARN ThreadId(20) hotstuff_runner::app: Node 1 [produce_block] queue size: 0, attempting up to 0 transactions this block    
2026-08-10T05:52:26.065125Z  WARN ThreadId(20) hotstuff_runner::app: Node 1 view(1708) far exceeds block count (426); potential sync issue    
2026-08-10T05:52:26.112921Z  WARN ThreadId(20) hotstuff_runner::app: Node 1 [produce_block] queue size: 0, attempting up to 0 transactions this block    
2026-08-10T05:52:26.116448Z  WARN ThreadId(20) hotstuff_runner::app: Node 1 view(1712) far exceeds block count (427); potential sync issue    
2026-08-10T05:52:26.173351Z  WARN ThreadId(20) hotstuff_runner::app: Node 1 [produce_block] queue size: 0, attempting up to 0 transactions this block    
2026-08-10T05:52:26.176290Z  WARN ThreadId(20) hotstuff_runner::app: Node 1 view(1716) far exceeds block count (428); potential sync issue    
2026-08-10T05:52:26.237903Z  WARN ThreadId(20) hotstuff_runner::app: Node 1 [produce_block] queue size: 2, attempting up to 2 transactions this block    
2026-08-10T05:52:26.238173Z  WARN ThreadId(20) hotstuff_runner::app: Node 1 view(1720) far exceeds block count (429); potential sync issue    
2026-08-10T05:52:26.292610Z  WARN ThreadId(20) hotstuff_runner::app: Node 1 [produce_block] queue size: 0, attempting up to 0 transactions this block    
2026-08-10T05:52:26.292859Z  WARN ThreadId(20) hotstuff_runner::app: Node 1 view(1724) far exceeds block count (430); potential sync issue    
2026-08-10T05:52:26.357129Z  WARN ThreadId(20) hotstuff_runner::app: Node 1 [produce_block] queue size: 0, attempting up to 0 transactions this block    
2026-08-10T05:52:26.357453Z  WARN ThreadId(20) hotstuff_runner::app: Node 1 view(1728) far exceeds block count (431); potential sync issue    
2026-08-10T05:52:26.419366Z  WARN ThreadId(20) hotstuff_runner::app: Node 1 [produce_block] queue size: 2, attempting up to 2 transactions this block    
2026-08-10T05:52:26.419605Z  WARN ThreadId(20) hotstuff_runner::app: Node 1 view(1732) far exceeds block count (432); potential sync issue    
2026-08-10T05:52:26.480281Z  WARN ThreadId(20) hotstuff_runner::app: Node 1 [produce_block] queue size: 0, attempting up to 0 transactions this block    
2026-08-10T05:52:26.483232Z  WARN ThreadId(20) hotstuff_runner::app: Node 1 view(1736) far exceeds block count (433); potential sync issue    
2026-08-10T05:52:26.522084Z  WARN ThreadId(20) hotstuff_runner::app: Node 1 [produce_block] queue size: 0, attempting up to 0 transactions this block    
2026-08-10T05:52:26.524119Z  WARN ThreadId(20) hotstuff_runner::app: Node 1 view(1740) far exceeds block count (434); potential sync issue    
2026-08-10T05:52:26.568081Z  WARN ThreadId(20) hotstuff_runner::app: Node 1 [produce_block] queue size: 0, attempting up to 0 transactions this block    
2026-08-10T05:52:26.569677Z  WARN ThreadId(20) hotstuff_runner::app: Node 1 view(1744) far exceeds block count (435); potential sync issue    
2026-08-10T05:52:26.603095Z  WARN ThreadId(20) hotstuff_runner::app: Node 1 [produce_block] queue size: 2, attempting up to 2 transactions this block    
2026-08-10T05:52:26.604079Z  WARN ThreadId(20) hotstuff_runner::app: Node 1 view(1748) far exceeds block count (436); potential sync issue    
2026-08-10T05:52:26.655562Z  WARN ThreadId(20) hotstuff_runner::app: Node 1 [produce_block] queue size: 0, attempting up to 0 transactions this block    
2026-08-10T05:52:26.656300Z  WARN ThreadId(20) hotstuff_runner::app: Node 1 view(1752) far exceeds block count (437); potential sync issue    
2026-08-10T05:52:26.707750Z  WARN ThreadId(20) hotstuff_runner::app: Node 1 [produce_block] queue size: 0, attempting up to 0 transactions this block    
2026-08-10T05:52:26.708491Z  WARN ThreadId(20) hotstuff_runner::app: Node 1 view(1756) far exceeds block count (438); potential sync issue    
2026-08-10T05:52:26.738330Z  WARN ThreadId(20) hotstuff_runner::app: Node 1 [produce_block] queue size: 0, attempting up to 0 transactions this block    
2026-08-10T05:52:26.738574Z  WARN ThreadId(20) hotstuff_runner::app: Node 1 view(1760) far exceeds block count (439); potential sync issue    
2026-08-10T05:52:26.808533Z  WARN ThreadId(20) hotstuff_runner::app: Node 1 [produce_block] queue size: 2, attempting up to 2 transactions this block    
2026-08-10T05:52:26.809745Z  WARN ThreadId(20) hotstuff_runner::app: Node 1 view(1764) far exceeds block count (440); potential sync issue    
2026-08-10T05:52:26.868982Z  WARN ThreadId(20) hotstuff_runner::app: Node 1 [produce_block] queue size: 0, attempting up to 0 transactions this block    
2026-08-10T05:52:26.869411Z  WARN ThreadId(20) hotstuff_runner::app: Node 1 view(1768) far exceeds block count (441); potential sync issue    
2026-08-10T05:52:26.925989Z  WARN ThreadId(20) hotstuff_runner::app: Node 1 [produce_block] queue size: 0, attempting up to 0 transactions this block    
2026-08-10T05:52:26.926993Z  WARN ThreadId(20) hotstuff_runner::app: Node 1 view(1772) far exceeds block count (442); potential sync issue    
2026-08-10T05:52:26.975869Z  WARN ThreadId(20) hotstuff_runner::app: Node 1 [produce_block] queue size: 2, attempting up to 2 transactions this block    
2026-08-10T05:52:26.977139Z  WARN ThreadId(20) hotstuff_runner::app: Node 1 view(1776) far exceeds block count (443); potential sync issue    
2026-08-10T05:52:27.027206Z  WARN ThreadId(20) hotstuff_runner::app: Node 1 [produce_block] queue size: 0, attempting up to 0 transactions this block    
2026-08-10T05:52:27.028055Z  WARN ThreadId(20) hotstuff_runner::app: Node 1 view(1780) far exceeds block count (444); potential sync issue    
2026-08-10T05:52:27.071705Z  WARN ThreadId(20) hotstuff_runner::app: Node 1 [produce_block] queue size: 0, attempting up to 0 transactions this block    
2026-08-10T05:52:27.071895Z  WARN ThreadId(20) hotstuff_runner::app: Node 1 view(1784) far exceeds block count (445); potential sync issue    
2026-08-10T05:52:27.135454Z  WARN ThreadId(20) hotstuff_runner::app: Node 1 [produce_block] queue size: 0, attempting up to 0 transactions this block    
2026-08-10T05:52:27.135714Z  WARN ThreadId(20) hotstuff_runner::app: Node 1 view(1788) far exceeds block count (446); potential sync issue    
2026-08-10T05:52:27.174007Z  WARN ThreadId(20) hotstuff_runner::app: Node 1 [produce_block] queue size: 2, attempting up to 2 transactions this block    
2026-08-10T05:52:27.176041Z  WARN ThreadId(20) hotstuff_runner::app: Node 1 view(1792) far exceeds block count (447); potential sync issue    
2026-08-10T05:52:27.218082Z  WARN ThreadId(20) hotstuff_runner::app: Node 1 [produce_block] queue size: 0, attempting up to 0 transactions this block    
2026-08-10T05:52:27.218680Z  WARN ThreadId(20) hotstuff_runner::app: Node 1 view(1796) far exceeds block count (448); potential sync issue    
2026-08-10T05:52:27.274659Z  WARN ThreadId(20) hotstuff_runner::app: Node 1 [produce_block] queue size: 0, attempting up to 0 transactions this block    
2026-08-10T05:52:27.275524Z  WARN ThreadId(20) hotstuff_runner::app: Node 1 view(1800) far exceeds block count (449); potential sync issue    
2026-08-10T05:52:27.348440Z  WARN ThreadId(20) hotstuff_runner::app: Node 1 [produce_block] queue size: 2, attempting up to 2 transactions this block    
2026-08-10T05:52:27.348930Z  WARN ThreadId(20) hotstuff_runner::app: Node 1 view(1804) far exceeds block count (450); potential sync issue    
2026-08-10T05:52:27.387857Z  WARN ThreadId(20) hotstuff_runner::app: Node 1 [produce_block] queue size: 0, attempting up to 0 transactions this block    
2026-08-10T05:52:27.391053Z  WARN ThreadId(20) hotstuff_runner::app: Node 1 view(1808) far exceeds block count (451); potential sync issue    
2026-08-10T05:52:27.436162Z  WARN ThreadId(20) hotstuff_runner::app: Node 1 [produce_block] queue size: 0, attempting up to 0 transactions this block    
2026-08-10T05:52:27.437651Z  WARN ThreadId(20) hotstuff_runner::app: Node 1 view(1812) far exceeds block count (452); potential sync issue    
2026-08-10T05:52:27.477895Z  WARN ThreadId(20) hotstuff_runner::app: Node 1 [produce_block] queue size: 0, attempting up to 0 transactions this block    
2026-08-10T05:52:27.478278Z  WARN ThreadId(20) hotstuff_runner::app: Node 1 view(1816) far exceeds block count (453); potential sync issue    
2026-08-10T05:52:27.536801Z  WARN ThreadId(20) hotstuff_runner::app: Node 1 [produce_block] queue size: 2, attempting up to 2 transactions this block    
2026-08-10T05:52:27.537415Z  WARN ThreadId(20) hotstuff_runner::app: Node 1 view(1820) far exceeds block count (454); potential sync issue    
2026-08-10T05:52:27.591066Z  WARN ThreadId(20) hotstuff_runner::app: Node 1 [produce_block] queue size: 0, attempting up to 0 transactions this block    
2026-08-10T05:52:27.591670Z  WARN ThreadId(20) hotstuff_runner::app: Node 1 view(1824) far exceeds block count (455); potential sync issue    
2026-08-10T05:52:27.630898Z  WARN ThreadId(20) hotstuff_runner::app: Node 1 [produce_block] queue size: 0, attempting up to 0 transactions this block    
2026-08-10T05:52:27.631062Z  WARN ThreadId(20) hotstuff_runner::app: Node 1 view(1828) far exceeds block count (456); potential sync issue    
2026-08-10T05:52:27.705753Z  WARN ThreadId(20) hotstuff_runner::app: Node 1 [produce_block] queue size: 0, attempting up to 0 transactions this block    
2026-08-10T05:52:27.706935Z  WARN ThreadId(20) hotstuff_runner::app: Node 1 view(1832) far exceeds block count (457); potential sync issue    
2026-08-10T05:52:27.754451Z  WARN ThreadId(20) hotstuff_runner::app: Node 1 [produce_block] queue size: 0, attempting up to 0 transactions this block    
2026-08-10T05:52:27.754604Z  WARN ThreadId(20) hotstuff_runner::app: Node 1 view(1836) far exceeds block count (458); potential sync issue    
2026-08-10T05:52:27.810083Z  WARN ThreadId(20) hotstuff_runner::app: Node 1 [produce_block] queue size: 2, attempting up to 2 transactions this block    
2026-08-10T05:52:27.810855Z  WARN ThreadId(20) hotstuff_runner::app: Node 1 view(1840) far exceeds block count (459); potential sync issue    
2026-08-10T05:52:27.874093Z  WARN ThreadId(20) hotstuff_runner::app: Node 1 [produce_block] queue size: 0, attempting up to 0 transactions this block    
2026-08-10T05:52:27.874472Z  WARN ThreadId(20) hotstuff_runner::app: Node 1 view(1844) far exceeds block count (460); potential sync issue    
2026-08-10T05:52:27.909420Z  WARN ThreadId(20) hotstuff_runner::app: Node 1 [produce_block] queue size: 0, attempting up to 0 transactions this block    
2026-08-10T05:52:27.910335Z  WARN ThreadId(20) hotstuff_runner::app: Node 1 view(1848) far exceeds block count (461); potential sync issue    
2026-08-10T05:52:27.958477Z  WARN ThreadId(20) hotstuff_runner::app: Node 1 [produce_block] queue size: 0, attempting up to 0 transactions this block    
2026-08-10T05:52:27.958818Z  WARN ThreadId(20) hotstuff_runner::app: Node 1 view(1852) far exceeds block count (462); potential sync issue    
2026-08-10T05:52:28.037936Z  WARN ThreadId(20) hotstuff_runner::app: Node 1 [produce_block] queue size: 2, attempting up to 2 transactions this block    
2026-08-10T05:52:28.038459Z  WARN ThreadId(20) hotstuff_runner::app: Node 1 view(1856) far exceeds block count (463); potential sync issue    
2026-08-10T05:52:28.090769Z  WARN ThreadId(20) hotstuff_runner::app: Node 1 [produce_block] queue size: 0, attempting up to 0 transactions this block    
2026-08-10T05:52:28.091445Z  WARN ThreadId(20) hotstuff_runner::app: Node 1 view(1860) far exceeds block count (464); potential sync issue    
2026-08-10T05:52:28.133061Z  WARN ThreadId(20) hotstuff_runner::app: Node 1 [produce_block] queue size: 0, attempting up to 0 transactions this block    
2026-08-10T05:52:28.133255Z  WARN ThreadId(20) hotstuff_runner::app: Node 1 view(1864) far exceeds block count (465); potential sync issue    
2026-08-10T05:52:28.186018Z  WARN ThreadId(20) hotstuff_runner::app: Node 1 [produce_block] queue size: 0, attempting up to 0 transactions this block    
2026-08-10T05:52:28.186747Z  WARN ThreadId(20) hotstuff_runner::app: Node 1 view(1868) far exceeds block count (466); potential sync issue    
2026-08-10T05:52:28.246487Z  WARN ThreadId(20) hotstuff_runner::app: Node 1 [produce_block] queue size: 2, attempting up to 2 transactions this block    
2026-08-10T05:52:28.247361Z  WARN ThreadId(20) hotstuff_runner::app: Node 1 view(1872) far exceeds block count (467); potential sync issue    
2026-08-10T05:52:28.300196Z  WARN ThreadId(20) hotstuff_runner::app: Node 1 [produce_block] queue size: 0, attempting up to 0 transactions this block    
2026-08-10T05:52:28.300426Z  WARN ThreadId(20) hotstuff_runner::app: Node 1 view(1876) far exceeds block count (468); potential sync issue    
2026-08-10T05:52:28.343567Z  WARN ThreadId(20) hotstuff_runner::app: Node 1 [produce_block] queue size: 0, attempting up to 0 transactions this block    
2026-08-10T05:52:28.344375Z  WARN ThreadId(20) hotstuff_runner::app: Node 1 view(1880) far exceeds block count (469); potential sync issue    
2026-08-10T05:52:28.388967Z  WARN ThreadId(20) hotstuff_runner::app: Node 1 [produce_block] queue size: 0, attempting up to 0 transactions this block    
2026-08-10T05:52:28.389314Z  WARN ThreadId(20) hotstuff_runner::app: Node 1 view(1884) far exceeds block count (470); potential sync issue    
2026-08-10T05:52:28.431868Z  WARN ThreadId(20) hotstuff_runner::app: Node 1 [produce_block] queue size: 2, attempting up to 2 transactions this block    
2026-08-10T05:52:28.432394Z  WARN ThreadId(20) hotstuff_runner::app: Node 1 view(1888) far exceeds block count (471); potential sync issue    
2026-08-10T05:52:28.475188Z  WARN ThreadId(20) hotstuff_runner::app: Node 1 [produce_block] queue size: 0, attempting up to 0 transactions this block    
2026-08-10T05:52:28.484503Z  WARN ThreadId(20) hotstuff_runner::app: Node 1 view(1892) far exceeds block count (472); potential sync issue    
2026-08-10T05:52:28.545825Z  WARN ThreadId(20) hotstuff_runner::app: Node 1 [produce_block] queue size: 0, attempting up to 0 transactions this block    
2026-08-10T05:52:28.547616Z  WARN ThreadId(20) hotstuff_runner::app: Node 1 view(1896) far exceeds block count (473); potential sync issue    
2026-08-10T05:52:28.578543Z  WARN ThreadId(20) hotstuff_runner::app: Node 1 [produce_block] queue size: 0, attempting up to 0 transactions this block    
2026-08-10T05:52:28.582294Z  WARN ThreadId(20) hotstuff_runner::app: Node 1 view(1900) far exceeds block count (474); potential sync issue    
2026-08-10T05:52:28.627241Z  WARN ThreadId(20) hotstuff_runner::app: Node 1 [produce_block] queue size: 2, attempting up to 2 transactions this block    
2026-08-10T05:52:28.627660Z  WARN ThreadId(20) hotstuff_runner::app: Node 1 view(1904) far exceeds block count (475); potential sync issue    
2026-08-10T05:52:28.668726Z  WARN ThreadId(20) hotstuff_runner::app: Node 1 [produce_block] queue size: 0, attempting up to 0 transactions this block    
2026-08-10T05:52:28.669144Z  WARN ThreadId(20) hotstuff_runner::app: Node 1 view(1908) far exceeds block count (476); potential sync issue    
2026-08-10T05:52:28.734774Z  WARN ThreadId(20) hotstuff_runner::app: Node 1 [produce_block] queue size: 0, attempting up to 0 transactions this block    
2026-08-10T05:52:28.736098Z  WARN ThreadId(20) hotstuff_runner::app: Node 1 view(1912) far exceeds block count (477); potential sync issue    
2026-08-10T05:52:28.770844Z  WARN ThreadId(20) hotstuff_runner::app: Node 1 [produce_block] queue size: 0, attempting up to 0 transactions this block    
2026-08-10T05:52:28.771199Z  WARN ThreadId(20) hotstuff_runner::app: Node 1 view(1916) far exceeds block count (478); potential sync issue    
2026-08-10T05:52:28.840866Z  WARN ThreadId(20) hotstuff_runner::app: Node 1 [produce_block] queue size: 2, attempting up to 2 transactions this block    
2026-08-10T05:52:28.847277Z  WARN ThreadId(20) hotstuff_runner::app: Node 1 view(1920) far exceeds block count (479); potential sync issue    
2026-08-10T05:52:29.078149Z  WARN ThreadId(20) hotstuff_runner::app: Node 1 [produce_block] queue size: 0, attempting up to 0 transactions this block    
2026-08-10T05:52:29.078833Z  WARN ThreadId(20) hotstuff_runner::app: Node 1 view(1924) far exceeds block count (480); potential sync issue    
2026-08-10T05:52:29.682356Z  WARN ThreadId(20) hotstuff_runner::app: Node 1 [produce_block] queue size: 6, attempting up to 6 transactions this block    
2026-08-10T05:52:29.688326Z  WARN ThreadId(20) hotstuff_runner::app: Node 1 view(1928) far exceeds block count (481); potential sync issue    
2026-08-10T05:52:29.754950Z  WARN ThreadId(20) hotstuff_runner::app: Node 1 [produce_block] queue size: 2, attempting up to 2 transactions this block    
2026-08-10T05:52:29.755325Z  WARN ThreadId(20) hotstuff_runner::app: Node 1 view(1932) far exceeds block count (482); potential sync issue    
2026-08-10T05:52:29.814938Z  WARN ThreadId(20) hotstuff_runner::app: Node 1 [produce_block] queue size: 0, attempting up to 0 transactions this block    
2026-08-10T05:52:29.818605Z  WARN ThreadId(20) hotstuff_runner::app: Node 1 view(1936) far exceeds block count (483); potential sync issue    
2026-08-10T05:52:29.901571Z  WARN ThreadId(20) hotstuff_runner::app: Node 1 [produce_block] queue size: 0, attempting up to 0 transactions this block    
2026-08-10T05:52:29.902026Z  WARN ThreadId(20) hotstuff_runner::app: Node 1 view(1940) far exceeds block count (484); potential sync issue    
2026-08-10T05:52:30.011109Z  WARN ThreadId(20) hotstuff_runner::app: Node 1 [produce_block] queue size: 2, attempting up to 2 transactions this block    
2026-08-10T05:52:30.014012Z  WARN ThreadId(20) hotstuff_runner::app: Node 1 view(1944) far exceeds block count (485); potential sync issue    
2026-08-10T05:52:30.077724Z  WARN ThreadId(20) hotstuff_runner::app: Node 1 [produce_block] queue size: 0, attempting up to 0 transactions this block    
2026-08-10T05:52:30.078149Z  WARN ThreadId(20) hotstuff_runner::app: Node 1 view(1948) far exceeds block count (486); potential sync issue    
2026-08-10T05:52:30.141368Z  WARN ThreadId(20) hotstuff_runner::app: Node 1 [produce_block] queue size: 2, attempting up to 2 transactions this block    
2026-08-10T05:52:30.141651Z  WARN ThreadId(20) hotstuff_runner::app: Node 1 view(1952) far exceeds block count (487); potential sync issue    
2026-08-10T05:52:30.194274Z  WARN ThreadId(20) hotstuff_runner::app: Node 1 [produce_block] queue size: 0, attempting up to 0 transactions this block    
2026-08-10T05:52:30.194910Z  WARN ThreadId(20) hotstuff_runner::app: Node 1 view(1956) far exceeds block count (488); potential sync issue    
2026-08-10T05:52:30.245575Z  WARN ThreadId(20) hotstuff_runner::app: Node 1 [produce_block] queue size: 0, attempting up to 0 transactions this block    
2026-08-10T05:52:30.246586Z  WARN ThreadId(20) hotstuff_runner::app: Node 1 view(1960) far exceeds block count (489); potential sync issue    
2026-08-10T05:52:30.321916Z  WARN ThreadId(20) hotstuff_runner::app: Node 1 [produce_block] queue size: 0, attempting up to 0 transactions this block    
2026-08-10T05:52:30.322938Z  WARN ThreadId(20) hotstuff_runner::app: Node 1 view(1964) far exceeds block count (490); potential sync issue    
2026-08-10T05:52:30.374030Z  WARN ThreadId(20) hotstuff_runner::app: Node 1 [produce_block] queue size: 2, attempting up to 2 transactions this block    
2026-08-10T05:52:30.374219Z  WARN ThreadId(20) hotstuff_runner::app: Node 1 view(1968) far exceeds block count (491); potential sync issue    
2026-08-10T05:52:30.432590Z  WARN ThreadId(20) hotstuff_runner::app: Node 1 [produce_block] queue size: 0, attempting up to 0 transactions this block    
2026-08-10T05:52:30.434012Z  WARN ThreadId(20) hotstuff_runner::app: Node 1 view(1972) far exceeds block count (492); potential sync issue    
2026-08-10T05:52:30.463311Z  WARN ThreadId(20) hotstuff_runner::app: Node 1 [produce_block] queue size: 0, attempting up to 0 transactions this block    
2026-08-10T05:52:30.463619Z  WARN ThreadId(20) hotstuff_runner::app: Node 1 view(1976) far exceeds block count (493); potential sync issue    
2026-08-10T05:52:30.609289Z  WARN ThreadId(20) hotstuff_runner::app: Node 1 [produce_block] queue size: 2, attempting up to 2 transactions this block    
2026-08-10T05:52:30.609803Z  WARN ThreadId(20) hotstuff_runner::app: Node 1 view(1980) far exceeds block count (494); potential sync issue    
2026-08-10T05:52:30.721335Z  WARN ThreadId(20) hotstuff_runner::app: Node 1 [produce_block] queue size: 0, attempting up to 0 transactions this block    
2026-08-10T05:52:30.725000Z  WARN ThreadId(20) hotstuff_runner::app: Node 1 view(1984) far exceeds block count (495); potential sync issue    
2026-08-10T05:52:30.828502Z  WARN ThreadId(20) hotstuff_runner::app: Node 1 [produce_block] queue size: 2, attempting up to 2 transactions this block    
2026-08-10T05:52:30.828924Z  WARN ThreadId(20) hotstuff_runner::app: Node 1 view(1988) far exceeds block count (496); potential sync issue    
2026-08-10T05:52:31.171207Z  WARN ThreadId(20) hotstuff_runner::app: Node 1 [produce_block] queue size: 2, attempting up to 2 transactions this block    
2026-08-10T05:52:31.172004Z  WARN ThreadId(20) hotstuff_runner::app: Node 1 view(1992) far exceeds block count (497); potential sync issue    
2026-08-10T05:52:31.213436Z  WARN ThreadId(20) hotstuff_runner::app: Node 1 [produce_block] queue size: 2, attempting up to 2 transactions this block    
2026-08-10T05:52:31.213723Z  WARN ThreadId(20) hotstuff_runner::app: Node 1 view(1996) far exceeds block count (498); potential sync issue    
2026-08-10T05:52:31.293771Z  WARN ThreadId(20) hotstuff_runner::app: Node 1 [produce_block] queue size: 0, attempting up to 0 transactions this block    
2026-08-10T05:52:31.294056Z  WARN ThreadId(20) hotstuff_runner::app: Node 1 view(2000) far exceeds block count (499); potential sync issue    
2026-08-10T05:52:31.496154Z  WARN ThreadId(20) hotstuff_runner::app: Node 1 [produce_block] queue size: 2, attempting up to 2 transactions this block    
2026-08-10T05:52:31.500103Z  WARN ThreadId(20) hotstuff_runner::app: Node 1 view(2004) far exceeds block count (500); potential sync issue    
2026-08-10T05:52:31.632106Z  WARN ThreadId(20) hotstuff_runner::app: Node 1 [produce_block] queue size: 2, attempting up to 2 transactions this block    
2026-08-10T05:52:31.635216Z  WARN ThreadId(20) hotstuff_runner::app: Node 1 view(2008) far exceeds block count (501); potential sync issue    
2026-08-10T05:52:31.704080Z  WARN ThreadId(20) hotstuff_runner::app: Node 1 [produce_block] queue size: 0, attempting up to 0 transactions this block    
2026-08-10T05:52:31.709012Z  WARN ThreadId(20) hotstuff_runner::app: Node 1 view(2012) far exceeds block count (502); potential sync issue    
2026-08-10T05:52:31.770615Z  WARN ThreadId(20) hotstuff_runner::app: Node 1 [produce_block] queue size: 0, attempting up to 0 transactions this block    
2026-08-10T05:52:31.772476Z  WARN ThreadId(20) hotstuff_runner::app: Node 1 view(2016) far exceeds block count (503); potential sync issue    
2026-08-10T05:52:31.847810Z  WARN ThreadId(20) hotstuff_runner::app: Node 1 [produce_block] queue size: 2, attempting up to 2 transactions this block    
2026-08-10T05:52:31.849337Z  WARN ThreadId(20) hotstuff_runner::app: Node 1 view(2020) far exceeds block count (504); potential sync issue    
2026-08-10T05:52:31.928919Z  WARN ThreadId(20) hotstuff_runner::app: Node 1 [produce_block] queue size: 0, attempting up to 0 transactions this block    
2026-08-10T05:52:31.929457Z  WARN ThreadId(20) hotstuff_runner::app: Node 1 view(2024) far exceeds block count (505); potential sync issue    
2026-08-10T05:52:31.997429Z  WARN ThreadId(20) hotstuff_runner::app: Node 1 [produce_block] queue size: 0, attempting up to 0 transactions this block    
2026-08-10T05:52:31.998792Z  WARN ThreadId(20) hotstuff_runner::app: Node 1 view(2028) far exceeds block count (506); potential sync issue    
2026-08-10T05:52:32.073469Z  WARN ThreadId(20) hotstuff_runner::app: Node 1 [produce_block] queue size: 2, attempting up to 2 transactions this block    
2026-08-10T05:52:32.074168Z  WARN ThreadId(20) hotstuff_runner::app: Node 1 view(2032) far exceeds block count (507); potential sync issue    
2026-08-10T05:52:32.126740Z  WARN ThreadId(20) hotstuff_runner::app: Node 1 [produce_block] queue size: 0, attempting up to 0 transactions this block    
2026-08-10T05:52:32.127812Z  WARN ThreadId(20) hotstuff_runner::app: Node 1 view(2036) far exceeds block count (508); potential sync issue    
2026-08-10T05:52:32.218296Z  WARN ThreadId(20) hotstuff_runner::app: Node 1 [produce_block] queue size: 0, attempting up to 0 transactions this block    
2026-08-10T05:52:32.221387Z  WARN ThreadId(20) hotstuff_runner::app: Node 1 view(2040) far exceeds block count (509); potential sync issue    
2026-08-10T05:52:32.271345Z  WARN ThreadId(20) hotstuff_runner::app: Node 1 [produce_block] queue size: 0, attempting up to 0 transactions this block    
2026-08-10T05:52:32.272265Z  WARN ThreadId(20) hotstuff_runner::app: Node 1 view(2044) far exceeds block count (510); potential sync issue    
2026-08-10T05:52:32.362395Z  WARN ThreadId(20) hotstuff_runner::app: Node 1 [produce_block] queue size: 2, attempting up to 2 transactions this block    
2026-08-10T05:52:32.362791Z  WARN ThreadId(20) hotstuff_runner::app: Node 1 view(2048) far exceeds block count (511); potential sync issue    
2026-08-10T05:52:32.431712Z  WARN ThreadId(20) hotstuff_runner::app: Node 1 [produce_block] queue size: 0, attempting up to 0 transactions this block    
2026-08-10T05:52:32.431878Z  WARN ThreadId(20) hotstuff_runner::app: Node 1 view(2052) far exceeds block count (512); potential sync issue    
2026-08-10T05:52:32.565511Z  WARN ThreadId(20) hotstuff_runner::app: Node 1 [produce_block] queue size: 2, attempting up to 2 transactions this block    
2026-08-10T05:52:32.575813Z  WARN ThreadId(20) hotstuff_runner::app: Node 1 view(2056) far exceeds block count (513); potential sync issue    
2026-08-10T05:52:32.682284Z  WARN ThreadId(20) hotstuff_runner::app: Node 1 [produce_block] queue size: 2, attempting up to 2 transactions this block    
2026-08-10T05:52:32.689333Z  WARN ThreadId(20) hotstuff_runner::app: Node 1 view(2060) far exceeds block count (514); potential sync issue    
2026-08-10T05:52:32.763524Z  WARN ThreadId(20) hotstuff_runner::app: Node 1 [produce_block] queue size: 0, attempting up to 0 transactions this block    
2026-08-10T05:52:32.763665Z  WARN ThreadId(20) hotstuff_runner::app: Node 1 view(2064) far exceeds block count (515); potential sync issue    
2026-08-10T05:52:32.828920Z  WARN ThreadId(20) hotstuff_runner::app: Node 1 [produce_block] queue size: 0, attempting up to 0 transactions this block    
2026-08-10T05:52:32.829339Z  WARN ThreadId(20) hotstuff_runner::app: Node 1 view(2068) far exceeds block count (516); potential sync issue    
2026-08-10T05:52:32.933499Z  WARN ThreadId(20) hotstuff_runner::app: Node 1 [produce_block] queue size: 2, attempting up to 2 transactions this block    
2026-08-10T05:52:32.937350Z  WARN ThreadId(20) hotstuff_runner::app: Node 1 view(2072) far exceeds block count (517); potential sync issue    
2026-08-10T05:52:33.002299Z  WARN ThreadId(20) hotstuff_runner::app: Node 1 [produce_block] queue size: 0, attempting up to 0 transactions this block    
2026-08-10T05:52:33.004241Z  WARN ThreadId(20) hotstuff_runner::app: Node 1 view(2076) far exceeds block count (518); potential sync issue    
2026-08-10T05:52:33.080917Z  WARN ThreadId(20) hotstuff_runner::app: Node 1 [produce_block] queue size: 2, attempting up to 2 transactions this block    
2026-08-10T05:52:33.087231Z  WARN ThreadId(20) hotstuff_runner::app: Node 1 view(2080) far exceeds block count (519); potential sync issue    
2026-08-10T05:52:33.163862Z  WARN ThreadId(20) hotstuff_runner::app: Node 1 [produce_block] queue size: 0, attempting up to 0 transactions this block    
2026-08-10T05:52:33.164334Z  WARN ThreadId(20) hotstuff_runner::app: Node 1 view(2084) far exceeds block count (520); potential sync issue    
2026-08-10T05:52:33.240479Z  WARN ThreadId(20) hotstuff_runner::app: Node 1 [produce_block] queue size: 2, attempting up to 2 transactions this block    
2026-08-10T05:52:33.241015Z  WARN ThreadId(20) hotstuff_runner::app: Node 1 view(2088) far exceeds block count (521); potential sync issue    
2026-08-10T05:52:33.300212Z  WARN ThreadId(20) hotstuff_runner::app: Node 1 [produce_block] queue size: 0, attempting up to 0 transactions this block    
2026-08-10T05:52:33.301395Z  WARN ThreadId(20) hotstuff_runner::app: Node 1 view(2092) far exceeds block count (522); potential sync issue    
2026-08-10T05:52:33.362676Z  WARN ThreadId(20) hotstuff_runner::app: Node 1 [produce_block] queue size: 0, attempting up to 0 transactions this block    
2026-08-10T05:52:33.363548Z  WARN ThreadId(20) hotstuff_runner::app: Node 1 view(2096) far exceeds block count (523); potential sync issue    
2026-08-10T05:52:33.443348Z  WARN ThreadId(20) hotstuff_runner::app: Node 1 [produce_block] queue size: 2, attempting up to 2 transactions this block    
2026-08-10T05:52:33.444757Z  WARN ThreadId(20) hotstuff_runner::app: Node 1 view(2100) far exceeds block count (524); potential sync issue    
2026-08-10T05:52:33.517718Z  WARN ThreadId(20) hotstuff_runner::app: Node 1 [produce_block] queue size: 0, attempting up to 0 transactions this block    
2026-08-10T05:52:33.518287Z  WARN ThreadId(20) hotstuff_runner::app: Node 1 view(2104) far exceeds block count (525); potential sync issue    
2026-08-10T05:52:33.586476Z  WARN ThreadId(20) hotstuff_runner::app: Node 1 [produce_block] queue size: 0, attempting up to 0 transactions this block    
2026-08-10T05:52:33.588445Z  WARN ThreadId(20) hotstuff_runner::app: Node 1 view(2108) far exceeds block count (526); potential sync issue    
2026-08-10T05:52:33.700437Z  WARN ThreadId(20) hotstuff_runner::app: Node 1 [produce_block] queue size: 2, attempting up to 2 transactions this block    
2026-08-10T05:52:33.702906Z  WARN ThreadId(20) hotstuff_runner::app: Node 1 view(2112) far exceeds block count (527); potential sync issue    
2026-08-10T05:52:33.796866Z  WARN ThreadId(20) hotstuff_runner::app: Node 1 [produce_block] queue size: 2, attempting up to 2 transactions this block    
2026-08-10T05:52:33.799347Z  WARN ThreadId(20) hotstuff_runner::app: Node 1 view(2116) far exceeds block count (528); potential sync issue    
2026-08-10T05:52:34.011787Z  WARN ThreadId(20) hotstuff_runner::app: Node 1 [produce_block] queue size: 2, attempting up to 2 transactions this block    
2026-08-10T05:52:34.018536Z  WARN ThreadId(20) hotstuff_runner::app: Node 1 view(2120) far exceeds block count (529); potential sync issue    
2026-08-10T05:52:34.095149Z  WARN ThreadId(20) hotstuff_runner::app: Node 1 [produce_block] queue size: 0, attempting up to 0 transactions this block    
2026-08-10T05:52:34.095454Z  WARN ThreadId(20) hotstuff_runner::app: Node 1 view(2124) far exceeds block count (530); potential sync issue    
2026-08-10T05:52:34.164676Z  WARN ThreadId(20) hotstuff_runner::app: Node 1 [produce_block] queue size: 2, attempting up to 2 transactions this block    
2026-08-10T05:52:34.164939Z  WARN ThreadId(20) hotstuff_runner::app: Node 1 view(2128) far exceeds block count (531); potential sync issue    
2026-08-10T05:52:34.263017Z  WARN ThreadId(20) hotstuff_runner::app: Node 1 [produce_block] queue size: 0, attempting up to 0 transactions this block    
2026-08-10T05:52:34.287709Z  WARN ThreadId(20) hotstuff_runner::app: Node 1 view(2132) far exceeds block count (532); potential sync issue    
2026-08-10T05:52:34.361426Z  WARN ThreadId(20) hotstuff_runner::app: Node 1 [produce_block] queue size: 2, attempting up to 2 transactions this block    
2026-08-10T05:52:34.362208Z  WARN ThreadId(20) hotstuff_runner::app: Node 1 view(2136) far exceeds block count (533); potential sync issue    
2026-08-10T05:52:34.418127Z  WARN ThreadId(20) hotstuff_runner::app: Node 1 [produce_block] queue size: 0, attempting up to 0 transactions this block    
2026-08-10T05:52:34.421253Z  WARN ThreadId(20) hotstuff_runner::app: Node 1 view(2140) far exceeds block count (534); potential sync issue    
2026-08-10T05:52:34.509704Z  WARN ThreadId(20) hotstuff_runner::app: Node 1 [produce_block] queue size: 0, attempting up to 0 transactions this block    
2026-08-10T05:52:34.511004Z  WARN ThreadId(20) hotstuff_runner::app: Node 1 view(2144) far exceeds block count (535); potential sync issue    
2026-08-10T05:52:34.594491Z  WARN ThreadId(20) hotstuff_runner::app: Node 1 [produce_block] queue size: 0, attempting up to 0 transactions this block    
2026-08-10T05:52:34.596532Z  WARN ThreadId(20) hotstuff_runner::app: Node 1 view(2148) far exceeds block count (536); potential sync issue    
2026-08-10T05:52:34.649120Z  WARN ThreadId(20) hotstuff_runner::app: Node 1 [produce_block] queue size: 2, attempting up to 2 transactions this block    
2026-08-10T05:52:34.649334Z  WARN ThreadId(20) hotstuff_runner::app: Node 1 view(2152) far exceeds block count (537); potential sync issue    
2026-08-10T05:52:34.696630Z  WARN ThreadId(20) hotstuff_runner::app: Node 1 [produce_block] queue size: 0, attempting up to 0 transactions this block    
2026-08-10T05:52:34.697024Z  WARN ThreadId(20) hotstuff_runner::app: Node 1 view(2156) far exceeds block count (538); potential sync issue    
2026-08-10T05:52:34.752035Z  WARN ThreadId(20) hotstuff_runner::app: Node 1 [produce_block] queue size: 0, attempting up to 0 transactions this block    
2026-08-10T05:52:34.753567Z  WARN ThreadId(20) hotstuff_runner::app: Node 1 view(2160) far exceeds block count (539); potential sync issue    
2026-08-10T05:52:34.816007Z  WARN ThreadId(20) hotstuff_runner::app: Node 1 [produce_block] queue size: 0, attempting up to 0 transactions this block    
2026-08-10T05:52:34.816461Z  WARN ThreadId(20) hotstuff_runner::app: Node 1 view(2164) far exceeds block count (540); potential sync issue    
2026-08-10T05:52:34.900811Z  WARN ThreadId(20) hotstuff_runner::app: Node 1 [produce_block] queue size: 2, attempting up to 2 transactions this block    
2026-08-10T05:52:34.902260Z  WARN ThreadId(20) hotstuff_runner::app: Node 1 view(2168) far exceeds block count (541); potential sync issue    
2026-08-10T05:52:34.960030Z  WARN ThreadId(20) hotstuff_runner::app: Node 1 [produce_block] queue size: 0, attempting up to 0 transactions this block    
2026-08-10T05:52:34.961225Z  WARN ThreadId(20) hotstuff_runner::app: Node 1 view(2172) far exceeds block count (542); potential sync issue    
2026-08-10T05:52:35.032109Z  WARN ThreadId(20) hotstuff_runner::app: Node 1 [produce_block] queue size: 0, attempting up to 0 transactions this block    
2026-08-10T05:52:35.032584Z  WARN ThreadId(20) hotstuff_runner::app: Node 1 view(2176) far exceeds block count (543); potential sync issue    
2026-08-10T05:52:35.091579Z  WARN ThreadId(20) hotstuff_runner::app: Node 1 [produce_block] queue size: 2, attempting up to 2 transactions this block    
2026-08-10T05:52:35.092759Z  WARN ThreadId(20) hotstuff_runner::app: Node 1 view(2180) far exceeds block count (544); potential sync issue    
2026-08-10T05:52:35.139795Z  WARN ThreadId(20) hotstuff_runner::app: Node 1 [produce_block] queue size: 0, attempting up to 0 transactions this block    
2026-08-10T05:52:35.144176Z  WARN ThreadId(20) hotstuff_runner::app: Node 1 view(2184) far exceeds block count (545); potential sync issue    
2026-08-10T05:52:35.237374Z  WARN ThreadId(20) hotstuff_runner::app: Node 1 [produce_block] queue size: 0, attempting up to 0 transactions this block    
2026-08-10T05:52:35.239240Z  WARN ThreadId(20) hotstuff_runner::app: Node 1 view(2188) far exceeds block count (546); potential sync issue    
2026-08-10T05:52:35.299841Z  WARN ThreadId(20) hotstuff_runner::app: Node 1 [produce_block] queue size: 2, attempting up to 2 transactions this block    
2026-08-10T05:52:35.300220Z  WARN ThreadId(20) hotstuff_runner::app: Node 1 view(2192) far exceeds block count (547); potential sync issue    
2026-08-10T05:52:35.361594Z  WARN ThreadId(20) hotstuff_runner::app: Node 1 [produce_block] queue size: 0, attempting up to 0 transactions this block    
2026-08-10T05:52:35.362224Z  WARN ThreadId(20) hotstuff_runner::app: Node 1 view(2196) far exceeds block count (548); potential sync issue    
2026-08-10T05:52:35.434452Z  WARN ThreadId(20) hotstuff_runner::app: Node 1 [produce_block] queue size: 0, attempting up to 0 transactions this block    
2026-08-10T05:52:35.434661Z  WARN ThreadId(20) hotstuff_runner::app: Node 1 view(2200) far exceeds block count (549); potential sync issue    
2026-08-10T05:52:35.491444Z  WARN ThreadId(20) hotstuff_runner::app: Node 1 [produce_block] queue size: 2, attempting up to 2 transactions this block    
2026-08-10T05:52:35.491641Z  WARN ThreadId(20) hotstuff_runner::app: Node 1 view(2204) far exceeds block count (550); potential sync issue    
2026-08-10T05:52:35.543910Z  WARN ThreadId(20) hotstuff_runner::app: Node 1 [produce_block] queue size: 0, attempting up to 0 transactions this block    
2026-08-10T05:52:35.544207Z  WARN ThreadId(20) hotstuff_runner::app: Node 1 view(2208) far exceeds block count (551); potential sync issue    
2026-08-10T05:52:35.598216Z  WARN ThreadId(20) hotstuff_runner::app: Node 1 [produce_block] queue size: 0, attempting up to 0 transactions this block    
2026-08-10T05:52:35.599626Z  WARN ThreadId(20) hotstuff_runner::app: Node 1 view(2212) far exceeds block count (552); potential sync issue    
2026-08-10T05:52:35.685787Z  WARN ThreadId(20) hotstuff_runner::app: Node 1 [produce_block] queue size: 0, attempting up to 0 transactions this block    
2026-08-10T05:52:35.685958Z  WARN ThreadId(20) hotstuff_runner::app: Node 1 view(2216) far exceeds block count (553); potential sync issue    
2026-08-10T05:52:35.762173Z  WARN ThreadId(20) hotstuff_runner::app: Node 1 [produce_block] queue size: 2, attempting up to 2 transactions this block    
2026-08-10T05:52:35.762529Z  WARN ThreadId(20) hotstuff_runner::app: Node 1 view(2220) far exceeds block count (554); potential sync issue    
2026-08-10T05:52:35.858818Z  WARN ThreadId(20) hotstuff_runner::app: Node 1 [produce_block] queue size: 0, attempting up to 0 transactions this block    
2026-08-10T05:52:35.859342Z  WARN ThreadId(20) hotstuff_runner::app: Node 1 view(2224) far exceeds block count (555); potential sync issue    
2026-08-10T05:52:35.918532Z  WARN ThreadId(20) hotstuff_runner::app: Node 1 [produce_block] queue size: 0, attempting up to 0 transactions this block    
2026-08-10T05:52:35.918936Z  WARN ThreadId(20) hotstuff_runner::app: Node 1 view(2228) far exceeds block count (556); potential sync issue    
2026-08-10T05:52:35.979446Z  WARN ThreadId(20) hotstuff_runner::app: Node 1 [produce_block] queue size: 2, attempting up to 2 transactions this block    
2026-08-10T05:52:35.980244Z  WARN ThreadId(20) hotstuff_runner::app: Node 1 view(2232) far exceeds block count (557); potential sync issue    
2026-08-10T05:52:36.035234Z  WARN ThreadId(20) hotstuff_runner::app: Node 1 [produce_block] queue size: 0, attempting up to 0 transactions this block    
2026-08-10T05:52:36.035550Z  WARN ThreadId(20) hotstuff_runner::app: Node 1 view(2236) far exceeds block count (558); potential sync issue    
2026-08-10T05:52:36.073816Z  WARN ThreadId(20) hotstuff_runner::app: Node 1 [produce_block] queue size: 0, attempting up to 0 transactions this block    
2026-08-10T05:52:36.074049Z  WARN ThreadId(20) hotstuff_runner::app: Node 1 view(2240) far exceeds block count (559); potential sync issue    
2026-08-10T05:52:36.131494Z  WARN ThreadId(20) hotstuff_runner::app: Node 1 [produce_block] queue size: 0, attempting up to 0 transactions this block    
2026-08-10T05:52:36.132338Z  WARN ThreadId(20) hotstuff_runner::app: Node 1 view(2244) far exceeds block count (560); potential sync issue    
2026-08-10T05:52:36.172192Z  WARN ThreadId(20) hotstuff_runner::app: Node 1 [produce_block] queue size: 2, attempting up to 2 transactions this block    
2026-08-10T05:52:36.174136Z  WARN ThreadId(20) hotstuff_runner::app: Node 1 view(2248) far exceeds block count (561); potential sync issue    
2026-08-10T05:52:36.240222Z  WARN ThreadId(20) hotstuff_runner::app: Node 1 [produce_block] queue size: 0, attempting up to 0 transactions this block    
2026-08-10T05:52:36.241030Z  WARN ThreadId(20) hotstuff_runner::app: Node 1 view(2252) far exceeds block count (562); potential sync issue    
2026-08-10T05:52:36.282816Z  WARN ThreadId(20) hotstuff_runner::app: Node 1 [produce_block] queue size: 0, attempting up to 0 transactions this block    
2026-08-10T05:52:36.285463Z  WARN ThreadId(20) hotstuff_runner::app: Node 1 view(2256) far exceeds block count (563); potential sync issue    
2026-08-10T05:52:36.359957Z  WARN ThreadId(20) hotstuff_runner::app: Node 1 [produce_block] queue size: 2, attempting up to 2 transactions this block    
2026-08-10T05:52:36.360407Z  WARN ThreadId(20) hotstuff_runner::app: Node 1 view(2260) far exceeds block count (564); potential sync issue    
2026-08-10T05:52:36.442133Z  WARN ThreadId(20) hotstuff_runner::app: Node 1 [produce_block] queue size: 0, attempting up to 0 transactions this block    
2026-08-10T05:52:36.442585Z  WARN ThreadId(20) hotstuff_runner::app: Node 1 view(2264) far exceeds block count (565); potential sync issue    
2026-08-10T05:52:36.511532Z  WARN ThreadId(20) hotstuff_runner::app: Node 1 [produce_block] queue size: 0, attempting up to 0 transactions this block    
2026-08-10T05:52:36.512075Z  WARN ThreadId(20) hotstuff_runner::app: Node 1 view(2268) far exceeds block count (566); potential sync issue    
2026-08-10T05:52:36.561615Z  WARN ThreadId(20) hotstuff_runner::app: Node 1 [produce_block] queue size: 0, attempting up to 0 transactions this block    
2026-08-10T05:52:36.561804Z  WARN ThreadId(20) hotstuff_runner::app: Node 1 view(2272) far exceeds block count (567); potential sync issue    
2026-08-10T05:52:36.616627Z  WARN ThreadId(20) hotstuff_runner::app: Node 1 [produce_block] queue size: 2, attempting up to 2 transactions this block    
2026-08-10T05:52:36.616948Z  WARN ThreadId(20) hotstuff_runner::app: Node 1 view(2276) far exceeds block count (568); potential sync issue    
2026-08-10T05:52:36.682006Z  WARN ThreadId(20) hotstuff_runner::app: Node 1 [produce_block] queue size: 0, attempting up to 0 transactions this block    
2026-08-10T05:52:36.682132Z  WARN ThreadId(20) hotstuff_runner::app: Node 1 view(2280) far exceeds block count (569); potential sync issue    
2026-08-10T05:52:36.750046Z  WARN ThreadId(20) hotstuff_runner::app: Node 1 [produce_block] queue size: 0, attempting up to 0 transactions this block    
2026-08-10T05:52:36.750722Z  WARN ThreadId(20) hotstuff_runner::app: Node 1 view(2284) far exceeds block count (570); potential sync issue    
2026-08-10T05:52:36.808763Z  WARN ThreadId(20) hotstuff_runner::app: Node 1 [produce_block] queue size: 2, attempting up to 2 transactions this block    
2026-08-10T05:52:36.809586Z  WARN ThreadId(20) hotstuff_runner::app: Node 1 view(2288) far exceeds block count (571); potential sync issue    
2026-08-10T05:52:36.862380Z  WARN ThreadId(20) hotstuff_runner::app: Node 1 [produce_block] queue size: 0, attempting up to 0 transactions this block    
2026-08-10T05:52:36.863569Z  WARN ThreadId(20) hotstuff_runner::app: Node 1 view(2292) far exceeds block count (572); potential sync issue    
2026-08-10T05:52:36.923335Z  WARN ThreadId(20) hotstuff_runner::app: Node 1 [produce_block] queue size: 0, attempting up to 0 transactions this block    
2026-08-10T05:52:36.923633Z  WARN ThreadId(20) hotstuff_runner::app: Node 1 view(2296) far exceeds block count (573); potential sync issue    
2026-08-10T05:52:37.002605Z  WARN ThreadId(20) hotstuff_runner::app: Node 1 [produce_block] queue size: 2, attempting up to 2 transactions this block    
2026-08-10T05:52:37.005018Z  WARN ThreadId(20) hotstuff_runner::app: Node 1 view(2300) far exceeds block count (574); potential sync issue    
2026-08-10T05:52:37.054091Z  WARN ThreadId(20) hotstuff_runner::app: Node 1 [produce_block] queue size: 0, attempting up to 0 transactions this block    
2026-08-10T05:52:37.058315Z  WARN ThreadId(20) hotstuff_runner::app: Node 1 view(2304) far exceeds block count (575); potential sync issue    
2026-08-10T05:52:37.102009Z  WARN ThreadId(20) hotstuff_runner::app: Node 1 [produce_block] queue size: 0, attempting up to 0 transactions this block    
2026-08-10T05:52:37.102134Z  WARN ThreadId(20) hotstuff_runner::app: Node 1 view(2308) far exceeds block count (576); potential sync issue    
2026-08-10T05:52:37.158011Z  WARN ThreadId(20) hotstuff_runner::app: Node 1 [produce_block] queue size: 0, attempting up to 0 transactions this block    
2026-08-10T05:52:37.158599Z  WARN ThreadId(20) hotstuff_runner::app: Node 1 view(2312) far exceeds block count (577); potential sync issue    
2026-08-10T05:52:37.245117Z  WARN ThreadId(20) hotstuff_runner::app: Node 1 [produce_block] queue size: 2, attempting up to 2 transactions this block    
2026-08-10T05:52:37.251230Z  WARN ThreadId(20) hotstuff_runner::app: Node 1 view(2316) far exceeds block count (578); potential sync issue    
2026-08-10T05:52:37.342743Z  WARN ThreadId(20) hotstuff_runner::app: Node 1 [produce_block] queue size: 0, attempting up to 0 transactions this block    
2026-08-10T05:52:37.342942Z  WARN ThreadId(20) hotstuff_runner::app: Node 1 view(2320) far exceeds block count (579); potential sync issue    
2026-08-10T05:52:37.392904Z  WARN ThreadId(20) hotstuff_runner::app: Node 1 [produce_block] queue size: 0, attempting up to 0 transactions this block    
2026-08-10T05:52:37.393071Z  WARN ThreadId(20) hotstuff_runner::app: Node 1 view(2324) far exceeds block count (580); potential sync issue    
2026-08-10T05:52:37.445072Z  WARN ThreadId(20) hotstuff_runner::app: Node 1 [produce_block] queue size: 2, attempting up to 2 transactions this block    
2026-08-10T05:52:37.445221Z  WARN ThreadId(20) hotstuff_runner::app: Node 1 view(2328) far exceeds block count (581); potential sync issue    
2026-08-10T05:52:37.510077Z  WARN ThreadId(20) hotstuff_runner::app: Node 1 [produce_block] queue size: 0, attempting up to 0 transactions this block    
2026-08-10T05:52:37.510808Z  WARN ThreadId(20) hotstuff_runner::app: Node 1 view(2332) far exceeds block count (582); potential sync issue    
2026-08-10T05:52:37.593713Z  WARN ThreadId(20) hotstuff_runner::app: Node 1 [produce_block] queue size: 2, attempting up to 2 transactions this block    
2026-08-10T05:52:37.594014Z  WARN ThreadId(20) hotstuff_runner::app: Node 1 view(2336) far exceeds block count (583); potential sync issue    
2026-08-10T05:52:37.655711Z  WARN ThreadId(20) hotstuff_runner::app: Node 1 [produce_block] queue size: 0, attempting up to 0 transactions this block    
2026-08-10T05:52:37.657116Z  WARN ThreadId(20) hotstuff_runner::app: Node 1 view(2340) far exceeds block count (584); potential sync issue    
2026-08-10T05:52:37.701171Z  WARN ThreadId(20) hotstuff_runner::app: Node 1 [produce_block] queue size: 0, attempting up to 0 transactions this block    
2026-08-10T05:52:37.701728Z  WARN ThreadId(20) hotstuff_runner::app: Node 1 view(2344) far exceeds block count (585); potential sync issue    
2026-08-10T05:52:37.780036Z  WARN ThreadId(20) hotstuff_runner::app: Node 1 [produce_block] queue size: 2, attempting up to 2 transactions this block    
2026-08-10T05:52:37.780904Z  WARN ThreadId(20) hotstuff_runner::app: Node 1 view(2348) far exceeds block count (586); potential sync issue    
2026-08-10T05:52:37.858065Z  WARN ThreadId(20) hotstuff_runner::app: Node 1 [produce_block] queue size: 0, attempting up to 0 transactions this block    
2026-08-10T05:52:37.858438Z  WARN ThreadId(20) hotstuff_runner::app: Node 1 view(2352) far exceeds block count (587); potential sync issue    
2026-08-10T05:52:37.925480Z  WARN ThreadId(20) hotstuff_runner::app: Node 1 [produce_block] queue size: 0, attempting up to 0 transactions this block    
2026-08-10T05:52:37.925803Z  WARN ThreadId(20) hotstuff_runner::app: Node 1 view(2356) far exceeds block count (588); potential sync issue    
2026-08-10T05:52:37.983556Z  WARN ThreadId(20) hotstuff_runner::app: Node 1 [produce_block] queue size: 2, attempting up to 2 transactions this block    
2026-08-10T05:52:37.983951Z  WARN ThreadId(20) hotstuff_runner::app: Node 1 view(2360) far exceeds block count (589); potential sync issue    
2026-08-10T05:52:38.034279Z  WARN ThreadId(20) hotstuff_runner::app: Node 1 [produce_block] queue size: 0, attempting up to 0 transactions this block    
2026-08-10T05:52:38.035554Z  WARN ThreadId(20) hotstuff_runner::app: Node 1 view(2364) far exceeds block count (590); potential sync issue    
2026-08-10T05:52:38.110091Z  WARN ThreadId(20) hotstuff_runner::app: Node 1 [produce_block] queue size: 0, attempting up to 0 transactions this block    
2026-08-10T05:52:38.112059Z  WARN ThreadId(20) hotstuff_runner::app: Node 1 view(2368) far exceeds block count (591); potential sync issue    
2026-08-10T05:52:38.155457Z  WARN ThreadId(20) hotstuff_runner::app: Node 1 [produce_block] queue size: 0, attempting up to 0 transactions this block    
2026-08-10T05:52:38.155731Z  WARN ThreadId(20) hotstuff_runner::app: Node 1 view(2372) far exceeds block count (592); potential sync issue    
2026-08-10T05:52:38.210004Z  WARN ThreadId(20) hotstuff_runner::app: Node 1 [produce_block] queue size: 2, attempting up to 2 transactions this block    
2026-08-10T05:52:38.210679Z  WARN ThreadId(20) hotstuff_runner::app: Node 1 view(2376) far exceeds block count (593); potential sync issue    
2026-08-10T05:52:38.244313Z  WARN ThreadId(20) hotstuff_runner::app: Node 1 [produce_block] queue size: 0, attempting up to 0 transactions this block    
2026-08-10T05:52:38.244881Z  WARN ThreadId(20) hotstuff_runner::app: Node 1 view(2380) far exceeds block count (594); potential sync issue    
2026-08-10T05:52:38.284956Z  WARN ThreadId(20) hotstuff_runner::app: Node 1 [produce_block] queue size: 0, attempting up to 0 transactions this block    
2026-08-10T05:52:38.285927Z  WARN ThreadId(20) hotstuff_runner::app: Node 1 view(2384) far exceeds block count (595); potential sync issue    
2026-08-10T05:52:38.338766Z  WARN ThreadId(20) hotstuff_runner::app: Node 1 [produce_block] queue size: 0, attempting up to 0 transactions this block    
2026-08-10T05:52:38.340283Z  WARN ThreadId(20) hotstuff_runner::app: Node 1 view(2388) far exceeds block count (596); potential sync issue    
2026-08-10T05:52:38.390647Z  WARN ThreadId(20) hotstuff_runner::app: Node 1 [produce_block] queue size: 0, attempting up to 0 transactions this block    
2026-08-10T05:52:38.391155Z  WARN ThreadId(20) hotstuff_runner::app: Node 1 view(2392) far exceeds block count (597); potential sync issue    
2026-08-10T05:52:38.447568Z  WARN ThreadId(20) hotstuff_runner::app: Node 1 [produce_block] queue size: 2, attempting up to 2 transactions this block    
2026-08-10T05:52:38.447736Z  WARN ThreadId(20) hotstuff_runner::app: Node 1 view(2396) far exceeds block count (598); potential sync issue    
2026-08-10T05:52:38.505368Z  WARN ThreadId(20) hotstuff_runner::app: Node 1 [produce_block] queue size: 0, attempting up to 0 transactions this block    
2026-08-10T05:52:38.505566Z  WARN ThreadId(20) hotstuff_runner::app: Node 1 view(2400) far exceeds block count (599); potential sync issue    
2026-08-10T05:52:38.555004Z  WARN ThreadId(20) hotstuff_runner::app: Node 1 [produce_block] queue size: 0, attempting up to 0 transactions this block    
2026-08-10T05:52:38.555660Z  WARN ThreadId(20) hotstuff_runner::app: Node 1 view(2404) far exceeds block count (600); potential sync issue    
2026-08-10T05:52:38.601068Z  WARN ThreadId(20) hotstuff_runner::app: Node 1 [produce_block] queue size: 2, attempting up to 2 transactions this block    
2026-08-10T05:52:38.602395Z  WARN ThreadId(20) hotstuff_runner::app: Node 1 view(2408) far exceeds block count (601); potential sync issue    
2026-08-10T05:52:38.662632Z  WARN ThreadId(20) hotstuff_runner::app: Node 1 [produce_block] queue size: 0, attempting up to 0 transactions this block    
2026-08-10T05:52:38.663056Z  WARN ThreadId(20) hotstuff_runner::app: Node 1 view(2412) far exceeds block count (602); potential sync issue    
2026-08-10T05:52:38.716604Z  WARN ThreadId(20) hotstuff_runner::app: Node 1 [produce_block] queue size: 0, attempting up to 0 transactions this block    
2026-08-10T05:52:38.717246Z  WARN ThreadId(20) hotstuff_runner::app: Node 1 view(2416) far exceeds block count (603); potential sync issue    
2026-08-10T05:52:38.796572Z  WARN ThreadId(20) hotstuff_runner::app: Node 1 [produce_block] queue size: 0, attempting up to 0 transactions this block    
2026-08-10T05:52:38.796755Z  WARN ThreadId(20) hotstuff_runner::app: Node 1 view(2420) far exceeds block count (604); potential sync issue    
2026-08-10T05:52:38.860098Z  WARN ThreadId(20) hotstuff_runner::app: Node 1 [produce_block] queue size: 2, attempting up to 2 transactions this block    
2026-08-10T05:52:38.860641Z  WARN ThreadId(20) hotstuff_runner::app: Node 1 view(2424) far exceeds block count (605); potential sync issue    
2026-08-10T05:52:38.930121Z  WARN ThreadId(20) hotstuff_runner::app: Node 1 [produce_block] queue size: 0, attempting up to 0 transactions this block    
2026-08-10T05:52:38.930558Z  WARN ThreadId(20) hotstuff_runner::app: Node 1 view(2428) far exceeds block count (606); potential sync issue    
2026-08-10T05:52:39.001694Z  WARN ThreadId(20) hotstuff_runner::app: Node 1 [produce_block] queue size: 0, attempting up to 0 transactions this block    
2026-08-10T05:52:39.002456Z  WARN ThreadId(20) hotstuff_runner::app: Node 1 view(2432) far exceeds block count (607); potential sync issue    
2026-08-10T05:52:39.070880Z  WARN ThreadId(20) hotstuff_runner::app: Node 1 [produce_block] queue size: 2, attempting up to 2 transactions this block    
2026-08-10T05:52:39.079469Z  WARN ThreadId(20) hotstuff_runner::app: Node 1 view(2436) far exceeds block count (608); potential sync issue    
2026-08-10T05:52:39.154274Z  WARN ThreadId(20) hotstuff_runner::app: Node 1 [produce_block] queue size: 0, attempting up to 0 transactions this block    
2026-08-10T05:52:39.157044Z  WARN ThreadId(20) hotstuff_runner::app: Node 1 view(2440) far exceeds block count (609); potential sync issue    
2026-08-10T05:52:39.236576Z  WARN ThreadId(20) hotstuff_runner::app: Node 1 [produce_block] queue size: 2, attempting up to 2 transactions this block    
2026-08-10T05:52:39.237074Z  WARN ThreadId(20) hotstuff_runner::app: Node 1 view(2444) far exceeds block count (610); potential sync issue    
2026-08-10T05:52:39.281656Z  WARN ThreadId(20) hotstuff_runner::app: Node 1 [produce_block] queue size: 0, attempting up to 0 transactions this block    
2026-08-10T05:52:39.282708Z  WARN ThreadId(20) hotstuff_runner::app: Node 1 view(2448) far exceeds block count (611); potential sync issue    
2026-08-10T05:52:39.370383Z  WARN ThreadId(20) hotstuff_runner::app: Node 1 [produce_block] queue size: 0, attempting up to 0 transactions this block    
2026-08-10T05:52:39.370630Z  WARN ThreadId(20) hotstuff_runner::app: Node 1 view(2452) far exceeds block count (612); potential sync issue    
2026-08-10T05:52:39.441027Z  WARN ThreadId(20) hotstuff_runner::app: Node 1 [produce_block] queue size: 2, attempting up to 2 transactions this block    
2026-08-10T05:52:39.441404Z  WARN ThreadId(20) hotstuff_runner::app: Node 1 view(2456) far exceeds block count (613); potential sync issue    
2026-08-10T05:52:39.508811Z  WARN ThreadId(20) hotstuff_runner::app: Node 1 [produce_block] queue size: 0, attempting up to 0 transactions this block    
2026-08-10T05:52:39.510354Z  WARN ThreadId(20) hotstuff_runner::app: Node 1 view(2460) far exceeds block count (614); potential sync issue    
2026-08-10T05:52:39.574133Z  WARN ThreadId(20) hotstuff_runner::app: Node 1 [produce_block] queue size: 0, attempting up to 0 transactions this block    
2026-08-10T05:52:39.574677Z  WARN ThreadId(20) hotstuff_runner::app: Node 1 view(2464) far exceeds block count (615); potential sync issue    
2026-08-10T05:52:39.615027Z  WARN ThreadId(20) hotstuff_runner::app: Node 1 [produce_block] queue size: 0, attempting up to 0 transactions this block    
2026-08-10T05:52:39.618025Z  WARN ThreadId(20) hotstuff_runner::app: Node 1 view(2468) far exceeds block count (616); potential sync issue    
2026-08-10T05:52:39.663439Z  WARN ThreadId(20) hotstuff_runner::app: Node 1 [produce_block] queue size: 2, attempting up to 2 transactions this block    
2026-08-10T05:52:39.666045Z  WARN ThreadId(20) hotstuff_runner::app: Node 1 view(2472) far exceeds block count (617); potential sync issue    
2026-08-10T05:52:39.711271Z  WARN ThreadId(20) hotstuff_runner::app: Node 1 [produce_block] queue size: 0, attempting up to 0 transactions this block    
2026-08-10T05:52:39.711582Z  WARN ThreadId(20) hotstuff_runner::app: Node 1 view(2476) far exceeds block count (618); potential sync issue    
2026-08-10T05:52:39.747559Z  WARN ThreadId(20) hotstuff_runner::app: Node 1 [produce_block] queue size: 0, attempting up to 0 transactions this block    
2026-08-10T05:52:39.749020Z  WARN ThreadId(20) hotstuff_runner::app: Node 1 view(2480) far exceeds block count (619); potential sync issue    
2026-08-10T05:52:39.790212Z  WARN ThreadId(20) hotstuff_runner::app: Node 1 [produce_block] queue size: 0, attempting up to 0 transactions this block    
2026-08-10T05:52:39.792170Z  WARN ThreadId(20) hotstuff_runner::app: Node 1 view(2484) far exceeds block count (620); potential sync issue    
2026-08-10T05:52:39.856436Z  WARN ThreadId(20) hotstuff_runner::app: Node 1 [produce_block] queue size: 2, attempting up to 2 transactions this block    
2026-08-10T05:52:39.856819Z  WARN ThreadId(20) hotstuff_runner::app: Node 1 view(2488) far exceeds block count (621); potential sync issue    
2026-08-10T05:52:39.912400Z  WARN ThreadId(20) hotstuff_runner::app: Node 1 [produce_block] queue size: 0, attempting up to 0 transactions this block    
2026-08-10T05:52:39.913014Z  WARN ThreadId(20) hotstuff_runner::app: Node 1 view(2492) far exceeds block count (622); potential sync issue    
2026-08-10T05:52:39.989101Z  WARN ThreadId(20) hotstuff_runner::app: Node 1 [produce_block] queue size: 0, attempting up to 0 transactions this block    
2026-08-10T05:52:39.989234Z  WARN ThreadId(20) hotstuff_runner::app: Node 1 view(2496) far exceeds block count (623); potential sync issue    
2026-08-10T05:52:40.049720Z  WARN ThreadId(20) hotstuff_runner::app: Node 1 [produce_block] queue size: 2, attempting up to 2 transactions this block    
2026-08-10T05:52:40.050019Z  WARN ThreadId(20) hotstuff_runner::app: Node 1 view(2500) far exceeds block count (624); potential sync issue    
2026-08-10T05:52:40.127175Z  WARN ThreadId(20) hotstuff_runner::app: Node 1 [produce_block] queue size: 0, attempting up to 0 transactions this block    
2026-08-10T05:52:40.127327Z  WARN ThreadId(20) hotstuff_runner::app: Node 1 view(2504) far exceeds block count (625); potential sync issue    
2026-08-10T05:52:40.188243Z  WARN ThreadId(20) hotstuff_runner::app: Node 1 [produce_block] queue size: 2, attempting up to 2 transactions this block    
2026-08-10T05:52:40.188837Z  WARN ThreadId(20) hotstuff_runner::app: Node 1 view(2508) far exceeds block count (626); potential sync issue    
2026-08-10T05:52:40.265364Z  WARN ThreadId(20) hotstuff_runner::app: Node 1 [produce_block] queue size: 0, attempting up to 0 transactions this block    
2026-08-10T05:52:40.275190Z  WARN ThreadId(20) hotstuff_runner::app: Node 1 view(2512) far exceeds block count (627); potential sync issue    
2026-08-10T05:52:40.391009Z  WARN ThreadId(20) hotstuff_runner::app: Node 1 [produce_block] queue size: 2, attempting up to 2 transactions this block    
2026-08-10T05:52:40.391335Z  WARN ThreadId(20) hotstuff_runner::app: Node 1 view(2516) far exceeds block count (628); potential sync issue    
2026-08-10T05:52:40.470049Z  WARN ThreadId(20) hotstuff_runner::app: Node 1 [produce_block] queue size: 0, attempting up to 0 transactions this block    
2026-08-10T05:52:40.470389Z  WARN ThreadId(20) hotstuff_runner::app: Node 1 view(2520) far exceeds block count (629); potential sync issue    
2026-08-10T05:52:40.540921Z  WARN ThreadId(20) hotstuff_runner::app: Node 1 [produce_block] queue size: 0, attempting up to 0 transactions this block    
2026-08-10T05:52:40.541485Z  WARN ThreadId(20) hotstuff_runner::app: Node 1 view(2524) far exceeds block count (630); potential sync issue    
2026-08-10T05:52:40.628553Z  WARN ThreadId(20) hotstuff_runner::app: Node 1 [produce_block] queue size: 2, attempting up to 2 transactions this block    
2026-08-10T05:52:40.629102Z  WARN ThreadId(20) hotstuff_runner::app: Node 1 view(2528) far exceeds block count (631); potential sync issue    
2026-08-10T05:52:40.687024Z  WARN ThreadId(20) hotstuff_runner::app: Node 1 [produce_block] queue size: 0, attempting up to 0 transactions this block    
2026-08-10T05:52:40.687250Z  WARN ThreadId(20) hotstuff_runner::app: Node 1 view(2532) far exceeds block count (632); potential sync issue    
2026-08-10T05:52:40.770567Z  WARN ThreadId(20) hotstuff_runner::app: Node 1 [produce_block] queue size: 2, attempting up to 2 transactions this block    
2026-08-10T05:52:40.771388Z  WARN ThreadId(20) hotstuff_runner::app: Node 1 view(2536) far exceeds block count (633); potential sync issue    
2026-08-10T05:52:40.855429Z  WARN ThreadId(20) hotstuff_runner::app: Node 1 [produce_block] queue size: 0, attempting up to 0 transactions this block    
2026-08-10T05:52:40.858757Z  WARN ThreadId(20) hotstuff_runner::app: Node 1 view(2540) far exceeds block count (634); potential sync issue    
2026-08-10T05:52:40.959352Z  WARN ThreadId(20) hotstuff_runner::app: Node 1 [produce_block] queue size: 2, attempting up to 2 transactions this block    
2026-08-10T05:52:40.960389Z  WARN ThreadId(20) hotstuff_runner::app: Node 1 view(2544) far exceeds block count (635); potential sync issue    
2026-08-10T05:52:41.048698Z  WARN ThreadId(20) hotstuff_runner::app: Node 1 [produce_block] queue size: 0, attempting up to 0 transactions this block    
2026-08-10T05:52:41.048846Z  WARN ThreadId(20) hotstuff_runner::app: Node 1 view(2548) far exceeds block count (636); potential sync issue    
2026-08-10T05:52:41.156946Z  WARN ThreadId(20) hotstuff_runner::app: Node 1 [produce_block] queue size: 2, attempting up to 2 transactions this block    
2026-08-10T05:52:41.160461Z  WARN ThreadId(20) hotstuff_runner::app: Node 1 view(2552) far exceeds block count (637); potential sync issue    
2026-08-10T05:52:41.260147Z  WARN ThreadId(20) hotstuff_runner::app: Node 1 [produce_block] queue size: 0, attempting up to 0 transactions this block    
2026-08-10T05:52:41.260734Z  WARN ThreadId(20) hotstuff_runner::app: Node 1 view(2556) far exceeds block count (638); potential sync issue    
2026-08-10T05:52:41.339424Z  WARN ThreadId(20) hotstuff_runner::app: Node 1 [produce_block] queue size: 2, attempting up to 2 transactions this block    
2026-08-10T05:52:41.339753Z  WARN ThreadId(20) hotstuff_runner::app: Node 1 view(2560) far exceeds block count (639); potential sync issue    
2026-08-10T05:52:41.393721Z  WARN ThreadId(20) hotstuff_runner::app: Node 1 [produce_block] queue size: 0, attempting up to 0 transactions this block    
2026-08-10T05:52:41.393832Z  WARN ThreadId(20) hotstuff_runner::app: Node 1 view(2564) far exceeds block count (640); potential sync issue    
2026-08-10T05:52:41.437011Z  WARN ThreadId(20) hotstuff_runner::app: Node 1 [produce_block] queue size: 0, attempting up to 0 transactions this block    
2026-08-10T05:52:41.437280Z  WARN ThreadId(20) hotstuff_runner::app: Node 1 view(2568) far exceeds block count (641); potential sync issue    
2026-08-10T05:52:41.514011Z  WARN ThreadId(20) hotstuff_runner::app: Node 1 [produce_block] queue size: 2, attempting up to 2 transactions this block    
2026-08-10T05:52:41.524195Z  WARN ThreadId(20) hotstuff_runner::app: Node 1 view(2572) far exceeds block count (642); potential sync issue    
2026-08-10T05:52:41.613254Z  WARN ThreadId(20) hotstuff_runner::app: Node 1 [produce_block] queue size: 0, attempting up to 0 transactions this block    
2026-08-10T05:52:41.613653Z  WARN ThreadId(20) hotstuff_runner::app: Node 1 view(2576) far exceeds block count (643); potential sync issue    
2026-08-10T05:52:41.691403Z  WARN ThreadId(20) hotstuff_runner::app: Node 1 [produce_block] queue size: 0, attempting up to 0 transactions this block    
2026-08-10T05:52:41.696466Z  WARN ThreadId(20) hotstuff_runner::app: Node 1 view(2580) far exceeds block count (644); potential sync issue    
2026-08-10T05:52:41.769033Z  WARN ThreadId(20) hotstuff_runner::app: Node 1 [produce_block] queue size: 2, attempting up to 2 transactions this block    
2026-08-10T05:52:41.773293Z  WARN ThreadId(20) hotstuff_runner::app: Node 1 view(2584) far exceeds block count (645); potential sync issue    
2026-08-10T05:52:41.846919Z  WARN ThreadId(20) hotstuff_runner::app: Node 1 [produce_block] queue size: 0, attempting up to 0 transactions this block    
2026-08-10T05:52:41.847314Z  WARN ThreadId(20) hotstuff_runner::app: Node 1 view(2588) far exceeds block count (646); potential sync issue    
2026-08-10T05:52:41.902354Z  WARN ThreadId(20) hotstuff_runner::app: Node 1 [produce_block] queue size: 0, attempting up to 0 transactions this block    
2026-08-10T05:52:41.903128Z  WARN ThreadId(20) hotstuff_runner::app: Node 1 view(2592) far exceeds block count (647); potential sync issue    
2026-08-10T05:52:41.997835Z  WARN ThreadId(20) hotstuff_runner::app: Node 1 [produce_block] queue size: 2, attempting up to 2 transactions this block    
2026-08-10T05:52:42.003519Z  WARN ThreadId(20) hotstuff_runner::app: Node 1 view(2596) far exceeds block count (648); potential sync issue    
2026-08-10T05:52:42.078083Z  WARN ThreadId(20) hotstuff_runner::app: Node 1 [produce_block] queue size: 0, attempting up to 0 transactions this block    
2026-08-10T05:52:42.079691Z  WARN ThreadId(20) hotstuff_runner::app: Node 1 view(2600) far exceeds block count (649); potential sync issue    
2026-08-10T05:52:42.143449Z  WARN ThreadId(20) hotstuff_runner::app: Node 1 [produce_block] queue size: 2, attempting up to 2 transactions this block    
2026-08-10T05:52:42.143816Z  WARN ThreadId(20) hotstuff_runner::app: Node 1 view(2604) far exceeds block count (650); potential sync issue    
2026-08-10T05:52:42.219590Z  WARN ThreadId(20) hotstuff_runner::app: Node 1 [produce_block] queue size: 0, attempting up to 0 transactions this block    
2026-08-10T05:52:42.222628Z  WARN ThreadId(20) hotstuff_runner::app: Node 1 view(2608) far exceeds block count (651); potential sync issue    
2026-08-10T05:52:42.274008Z  WARN ThreadId(20) hotstuff_runner::app: Node 1 [produce_block] queue size: 0, attempting up to 0 transactions this block    
2026-08-10T05:52:42.275450Z  WARN ThreadId(20) hotstuff_runner::app: Node 1 view(2612) far exceeds block count (652); potential sync issue    
2026-08-10T05:52:42.361922Z  WARN ThreadId(20) hotstuff_runner::app: Node 1 [produce_block] queue size: 2, attempting up to 2 transactions this block    
2026-08-10T05:52:42.364231Z  WARN ThreadId(20) hotstuff_runner::app: Node 1 view(2616) far exceeds block count (653); potential sync issue    
2026-08-10T05:52:42.436410Z  WARN ThreadId(20) hotstuff_runner::app: Node 1 [produce_block] queue size: 0, attempting up to 0 transactions this block    
2026-08-10T05:52:42.441716Z  WARN ThreadId(20) hotstuff_runner::app: Node 1 view(2620) far exceeds block count (654); potential sync issue    
2026-08-10T05:52:42.531544Z  WARN ThreadId(20) hotstuff_runner::app: Node 1 [produce_block] queue size: 2, attempting up to 2 transactions this block    
2026-08-10T05:52:42.541690Z  WARN ThreadId(20) hotstuff_runner::app: Node 1 view(2624) far exceeds block count (655); potential sync issue    
2026-08-10T05:52:42.602139Z  WARN ThreadId(20) hotstuff_runner::app: Node 1 [produce_block] queue size: 0, attempting up to 0 transactions this block    
2026-08-10T05:52:42.602331Z  WARN ThreadId(20) hotstuff_runner::app: Node 1 view(2628) far exceeds block count (656); potential sync issue    
2026-08-10T05:52:42.642156Z  WARN ThreadId(20) hotstuff_runner::app: Node 1 [produce_block] queue size: 0, attempting up to 0 transactions this block    
2026-08-10T05:52:42.642485Z  WARN ThreadId(20) hotstuff_runner::app: Node 1 view(2632) far exceeds block count (657); potential sync issue    
2026-08-10T05:52:42.717419Z  WARN ThreadId(20) hotstuff_runner::app: Node 1 [produce_block] queue size: 2, attempting up to 2 transactions this block    
2026-08-10T05:52:42.717965Z  WARN ThreadId(20) hotstuff_runner::app: Node 1 view(2636) far exceeds block count (658); potential sync issue    
2026-08-10T05:52:42.787622Z  WARN ThreadId(20) hotstuff_runner::app: Node 1 [produce_block] queue size: 0, attempting up to 0 transactions this block    
2026-08-10T05:52:42.788297Z  WARN ThreadId(20) hotstuff_runner::app: Node 1 view(2640) far exceeds block count (659); potential sync issue    
2026-08-10T05:52:42.860412Z  WARN ThreadId(20) hotstuff_runner::app: Node 1 [produce_block] queue size: 0, attempting up to 0 transactions this block    
2026-08-10T05:52:42.860771Z  WARN ThreadId(20) hotstuff_runner::app: Node 1 view(2644) far exceeds block count (660); potential sync issue    
2026-08-10T05:52:42.896575Z  WARN ThreadId(20) hotstuff_runner::app: Node 1 [produce_block] queue size: 0, attempting up to 0 transactions this block    
2026-08-10T05:52:42.896842Z  WARN ThreadId(20) hotstuff_runner::app: Node 1 view(2648) far exceeds block count (661); potential sync issue    
2026-08-10T05:52:43.005603Z  WARN ThreadId(20) hotstuff_runner::app: Node 1 [produce_block] queue size: 2, attempting up to 2 transactions this block    
2026-08-10T05:52:43.005747Z  WARN ThreadId(20) hotstuff_runner::app: Node 1 view(2652) far exceeds block count (662); potential sync issue    
2026-08-10T05:52:43.079826Z  WARN ThreadId(20) hotstuff_runner::app: Node 1 [produce_block] queue size: 0, attempting up to 0 transactions this block    
2026-08-10T05:52:43.080886Z  WARN ThreadId(20) hotstuff_runner::app: Node 1 view(2656) far exceeds block count (663); potential sync issue    
2026-08-10T05:52:43.164260Z  WARN ThreadId(20) hotstuff_runner::app: Node 1 [produce_block] queue size: 2, attempting up to 2 transactions this block    
2026-08-10T05:52:43.164524Z  WARN ThreadId(20) hotstuff_runner::app: Node 1 view(2660) far exceeds block count (664); potential sync issue    
2026-08-10T05:52:43.246533Z  WARN ThreadId(20) hotstuff_runner::app: Node 1 [produce_block] queue size: 0, attempting up to 0 transactions this block    
2026-08-10T05:52:43.246973Z  WARN ThreadId(20) hotstuff_runner::app: Node 1 view(2664) far exceeds block count (665); potential sync issue    
2026-08-10T05:52:43.339612Z  WARN ThreadId(20) hotstuff_runner::app: Node 1 [produce_block] queue size: 2, attempting up to 2 transactions this block    
2026-08-10T05:52:43.340343Z  WARN ThreadId(20) hotstuff_runner::app: Node 1 view(2668) far exceeds block count (666); potential sync issue    
2026-08-10T05:52:43.425824Z  WARN ThreadId(20) hotstuff_runner::app: Node 1 [produce_block] queue size: 0, attempting up to 0 transactions this block    
2026-08-10T05:52:43.427955Z  WARN ThreadId(20) hotstuff_runner::app: Node 1 view(2672) far exceeds block count (667); potential sync issue    
2026-08-10T05:52:43.497063Z  WARN ThreadId(20) hotstuff_runner::app: Node 1 [produce_block] queue size: 2, attempting up to 2 transactions this block    
2026-08-10T05:52:43.498604Z  WARN ThreadId(20) hotstuff_runner::app: Node 1 view(2676) far exceeds block count (668); potential sync issue    
2026-08-10T05:52:43.568694Z  WARN ThreadId(20) hotstuff_runner::app: Node 1 [produce_block] queue size: 0, attempting up to 0 transactions this block    
2026-08-10T05:52:43.576748Z  WARN ThreadId(20) hotstuff_runner::app: Node 1 view(2680) far exceeds block count (669); potential sync issue    
2026-08-10T05:52:43.698105Z  WARN ThreadId(20) hotstuff_runner::app: Node 1 [produce_block] queue size: 2, attempting up to 2 transactions this block    
2026-08-10T05:52:43.698283Z  WARN ThreadId(20) hotstuff_runner::app: Node 1 view(2684) far exceeds block count (670); potential sync issue    
2026-08-10T05:52:43.844038Z  WARN ThreadId(20) hotstuff_runner::app: Node 1 [produce_block] queue size: 0, attempting up to 0 transactions this block    
2026-08-10T05:52:43.852549Z  WARN ThreadId(20) hotstuff_runner::app: Node 1 view(2688) far exceeds block count (671); potential sync issue    
2026-08-10T05:52:44.089287Z  WARN ThreadId(20) hotstuff_runner::app: Node 1 [produce_block] queue size: 4, attempting up to 4 transactions this block    
2026-08-10T05:52:44.090033Z  WARN ThreadId(20) hotstuff_runner::app: Node 1 view(2692) far exceeds block count (672); potential sync issue    
2026-08-10T05:52:44.292603Z  WARN ThreadId(20) hotstuff_runner::app: Node 1 [produce_block] queue size: 2, attempting up to 2 transactions this block    
2026-08-10T05:52:44.292966Z  WARN ThreadId(20) hotstuff_runner::app: Node 1 view(2696) far exceeds block count (673); potential sync issue    
2026-08-10T05:52:44.495961Z  WARN ThreadId(20) hotstuff_runner::app: Node 1 [produce_block] queue size: 2, attempting up to 2 transactions this block    
2026-08-10T05:52:44.508062Z  WARN ThreadId(20) hotstuff_runner::app: Node 1 view(2700) far exceeds block count (674); potential sync issue    
2026-08-10T05:52:44.609271Z  WARN ThreadId(20) hotstuff_runner::app: Node 1 [produce_block] queue size: 0, attempting up to 0 transactions this block    
2026-08-10T05:52:44.609509Z  WARN ThreadId(20) hotstuff_runner::app: Node 1 view(2704) far exceeds block count (675); potential sync issue    
2026-08-10T05:52:44.745905Z  WARN ThreadId(20) hotstuff_runner::app: Node 1 [produce_block] queue size: 2, attempting up to 2 transactions this block    
2026-08-10T05:52:44.746646Z  WARN ThreadId(20) hotstuff_runner::app: Node 1 view(2708) far exceeds block count (676); potential sync issue    
2026-08-10T05:52:44.820364Z  WARN ThreadId(20) hotstuff_runner::app: Node 1 [produce_block] queue size: 0, attempting up to 0 transactions this block    
2026-08-10T05:52:44.825219Z  WARN ThreadId(20) hotstuff_runner::app: Node 1 view(2712) far exceeds block count (677); potential sync issue    
2026-08-10T05:52:44.903360Z  WARN ThreadId(20) hotstuff_runner::app: Node 1 [produce_block] queue size: 0, attempting up to 0 transactions this block    
2026-08-10T05:52:44.903577Z  WARN ThreadId(20) hotstuff_runner::app: Node 1 view(2716) far exceeds block count (678); potential sync issue    
2026-08-10T05:52:45.024161Z  WARN ThreadId(20) hotstuff_runner::app: Node 1 [produce_block] queue size: 0, attempting up to 0 transactions this block    
2026-08-10T05:52:45.024326Z  WARN ThreadId(20) hotstuff_runner::app: Node 1 view(2720) far exceeds block count (679); potential sync issue    
2026-08-10T05:52:45.114045Z  WARN ThreadId(20) hotstuff_runner::app: Node 1 [produce_block] queue size: 2, attempting up to 2 transactions this block    
2026-08-10T05:52:45.115438Z  WARN ThreadId(20) hotstuff_runner::app: Node 1 view(2724) far exceeds block count (680); potential sync issue    
2026-08-10T05:52:45.174711Z  WARN ThreadId(20) hotstuff_runner::app: Node 1 [produce_block] queue size: 0, attempting up to 0 transactions this block    
2026-08-10T05:52:45.175206Z  WARN ThreadId(20) hotstuff_runner::app: Node 1 view(2728) far exceeds block count (681); potential sync issue    
2026-08-10T05:52:45.302028Z  WARN ThreadId(20) hotstuff_runner::app: Node 1 [produce_block] queue size: 2, attempting up to 2 transactions this block    
2026-08-10T05:52:45.303083Z  WARN ThreadId(20) hotstuff_runner::app: Node 1 view(2732) far exceeds block count (682); potential sync issue    
2026-08-10T05:52:45.370842Z  WARN ThreadId(20) hotstuff_runner::app: Node 1 [produce_block] queue size: 0, attempting up to 0 transactions this block    
2026-08-10T05:52:45.371149Z  WARN ThreadId(20) hotstuff_runner::app: Node 1 view(2736) far exceeds block count (683); potential sync issue    
2026-08-10T05:52:45.432445Z  WARN ThreadId(20) hotstuff_runner::app: Node 1 [produce_block] queue size: 0, attempting up to 0 transactions this block    
2026-08-10T05:52:45.432614Z  WARN ThreadId(20) hotstuff_runner::app: Node 1 view(2740) far exceeds block count (684); potential sync issue    
2026-08-10T05:52:45.623568Z  WARN ThreadId(20) hotstuff_runner::app: Node 1 [produce_block] queue size: 2, attempting up to 2 transactions this block    
2026-08-10T05:52:45.624540Z  WARN ThreadId(20) hotstuff_runner::app: Node 1 view(2744) far exceeds block count (685); potential sync issue    
2026-08-10T05:52:45.687800Z  WARN ThreadId(20) hotstuff_runner::app: Node 1 [produce_block] queue size: 0, attempting up to 0 transactions this block    
2026-08-10T05:52:45.689156Z  WARN ThreadId(20) hotstuff_runner::app: Node 1 view(2748) far exceeds block count (686); potential sync issue    
2026-08-10T05:52:45.768671Z  WARN ThreadId(20) hotstuff_runner::app: Node 1 [produce_block] queue size: 2, attempting up to 2 transactions this block    
2026-08-10T05:52:45.770637Z  WARN ThreadId(20) hotstuff_runner::app: Node 1 view(2752) far exceeds block count (687); potential sync issue    
2026-08-10T05:52:45.855558Z  WARN ThreadId(20) hotstuff_runner::app: Node 1 [produce_block] queue size: 0, attempting up to 0 transactions this block    
2026-08-10T05:52:45.856448Z  WARN ThreadId(20) hotstuff_runner::app: Node 1 view(2756) far exceeds block count (688); potential sync issue    
2026-08-10T05:52:45.943552Z  WARN ThreadId(20) hotstuff_runner::app: Node 1 [produce_block] queue size: 2, attempting up to 2 transactions this block    
2026-08-10T05:52:45.943775Z  WARN ThreadId(20) hotstuff_runner::app: Node 1 view(2760) far exceeds block count (689); potential sync issue    
2026-08-10T05:52:46.030318Z  WARN ThreadId(20) hotstuff_runner::app: Node 1 [produce_block] queue size: 0, attempting up to 0 transactions this block    
2026-08-10T05:52:46.030810Z  WARN ThreadId(20) hotstuff_runner::app: Node 1 view(2764) far exceeds block count (690); potential sync issue    
2026-08-10T05:52:46.093060Z  WARN ThreadId(20) hotstuff_runner::app: Node 1 [produce_block] queue size: 2, attempting up to 2 transactions this block    
2026-08-10T05:52:46.093363Z  WARN ThreadId(20) hotstuff_runner::app: Node 1 view(2768) far exceeds block count (691); potential sync issue    
2026-08-10T05:52:46.148043Z  WARN ThreadId(20) hotstuff_runner::app: Node 1 [produce_block] queue size: 0, attempting up to 0 transactions this block    
2026-08-10T05:52:46.148189Z  WARN ThreadId(20) hotstuff_runner::app: Node 1 view(2772) far exceeds block count (692); potential sync issue    
2026-08-10T05:52:46.227617Z  WARN ThreadId(20) hotstuff_runner::app: Node 1 [produce_block] queue size: 0, attempting up to 0 transactions this block    
2026-08-10T05:52:46.228566Z  WARN ThreadId(20) hotstuff_runner::app: Node 1 view(2776) far exceeds block count (693); potential sync issue    
2026-08-10T05:52:46.306565Z  WARN ThreadId(20) hotstuff_runner::app: Node 1 [produce_block] queue size: 2, attempting up to 2 transactions this block    
2026-08-10T05:52:46.310107Z  WARN ThreadId(20) hotstuff_runner::app: Node 1 view(2780) far exceeds block count (694); potential sync issue    
2026-08-10T05:52:46.374222Z  WARN ThreadId(20) hotstuff_runner::app: Node 1 [produce_block] queue size: 0, attempting up to 0 transactions this block    
2026-08-10T05:52:46.379573Z  WARN ThreadId(20) hotstuff_runner::app: Node 1 view(2784) far exceeds block count (695); potential sync issue    
2026-08-10T05:52:46.436764Z  WARN ThreadId(20) hotstuff_runner::app: Node 1 [produce_block] queue size: 0, attempting up to 0 transactions this block    
2026-08-10T05:52:46.442524Z  WARN ThreadId(20) hotstuff_runner::app: Node 1 view(2788) far exceeds block count (696); potential sync issue    
2026-08-10T05:52:46.520116Z  WARN ThreadId(20) hotstuff_runner::app: Node 1 [produce_block] queue size: 2, attempting up to 2 transactions this block    
2026-08-10T05:52:46.520686Z  WARN ThreadId(20) hotstuff_runner::app: Node 1 view(2792) far exceeds block count (697); potential sync issue    
2026-08-10T05:52:46.579768Z  WARN ThreadId(20) hotstuff_runner::app: Node 1 [produce_block] queue size: 0, attempting up to 0 transactions this block    
2026-08-10T05:52:46.580436Z  WARN ThreadId(20) hotstuff_runner::app: Node 1 view(2796) far exceeds block count (698); potential sync issue    
2026-08-10T05:52:46.660510Z  WARN ThreadId(20) hotstuff_runner::app: Node 1 [produce_block] queue size: 0, attempting up to 0 transactions this block    
2026-08-10T05:52:46.661118Z  WARN ThreadId(20) hotstuff_runner::app: Node 1 view(2800) far exceeds block count (699); potential sync issue    
2026-08-10T05:52:46.727451Z  WARN ThreadId(20) hotstuff_runner::app: Node 1 [produce_block] queue size: 2, attempting up to 2 transactions this block    
2026-08-10T05:52:46.728165Z  WARN ThreadId(20) hotstuff_runner::app: Node 1 view(2804) far exceeds block count (700); potential sync issue    
2026-08-10T05:52:46.813291Z  WARN ThreadId(20) hotstuff_runner::app: Node 1 [produce_block] queue size: 0, attempting up to 0 transactions this block    
2026-08-10T05:52:46.813827Z  WARN ThreadId(20) hotstuff_runner::app: Node 1 view(2808) far exceeds block count (701); potential sync issue    
2026-08-10T05:52:46.889291Z  WARN ThreadId(20) hotstuff_runner::app: Node 1 [produce_block] queue size: 2, attempting up to 2 transactions this block    
2026-08-10T05:52:46.890389Z  WARN ThreadId(20) hotstuff_runner::app: Node 1 view(2812) far exceeds block count (702); potential sync issue    
2026-08-10T05:52:46.961784Z  WARN ThreadId(20) hotstuff_runner::app: Node 1 [produce_block] queue size: 0, attempting up to 0 transactions this block    
2026-08-10T05:52:46.962420Z  WARN ThreadId(20) hotstuff_runner::app: Node 1 view(2816) far exceeds block count (703); potential sync issue    
2026-08-10T05:52:47.022410Z  WARN ThreadId(20) hotstuff_runner::app: Node 1 [produce_block] queue size: 0, attempting up to 0 transactions this block    
2026-08-10T05:52:47.023009Z  WARN ThreadId(20) hotstuff_runner::app: Node 1 view(2820) far exceeds block count (704); potential sync issue    
2026-08-10T05:52:47.090501Z  WARN ThreadId(20) hotstuff_runner::app: Node 1 [produce_block] queue size: 0, attempting up to 0 transactions this block    
2026-08-10T05:52:47.090677Z  WARN ThreadId(20) hotstuff_runner::app: Node 1 view(2824) far exceeds block count (705); potential sync issue    
2026-08-10T05:52:47.161082Z  WARN ThreadId(20) hotstuff_runner::app: Node 1 [produce_block] queue size: 2, attempting up to 2 transactions this block    
2026-08-10T05:52:47.162464Z  WARN ThreadId(20) hotstuff_runner::app: Node 1 view(2828) far exceeds block count (706); potential sync issue    
2026-08-10T05:52:47.243372Z  WARN ThreadId(20) hotstuff_runner::app: Node 1 [produce_block] queue size: 0, attempting up to 0 transactions this block    
2026-08-10T05:52:47.244110Z  WARN ThreadId(20) hotstuff_runner::app: Node 1 view(2832) far exceeds block count (707); potential sync issue    
2026-08-10T05:52:47.309658Z  WARN ThreadId(20) hotstuff_runner::app: Node 1 [produce_block] queue size: 0, attempting up to 0 transactions this block    
2026-08-10T05:52:47.310387Z  WARN ThreadId(20) hotstuff_runner::app: Node 1 view(2836) far exceeds block count (708); potential sync issue    
2026-08-10T05:52:47.383327Z  WARN ThreadId(20) hotstuff_runner::app: Node 1 [produce_block] queue size: 2, attempting up to 2 transactions this block    
2026-08-10T05:52:47.384588Z  WARN ThreadId(20) hotstuff_runner::app: Node 1 view(2840) far exceeds block count (709); potential sync issue    
2026-08-10T05:52:47.456822Z  WARN ThreadId(20) hotstuff_runner::app: Node 1 [produce_block] queue size: 0, attempting up to 0 transactions this block    
2026-08-10T05:52:47.460028Z  WARN ThreadId(20) hotstuff_runner::app: Node 1 view(2844) far exceeds block count (710); potential sync issue    
2026-08-10T05:52:47.527618Z  WARN ThreadId(20) hotstuff_runner::app: Node 1 [produce_block] queue size: 0, attempting up to 0 transactions this block    
2026-08-10T05:52:47.528385Z  WARN ThreadId(20) hotstuff_runner::app: Node 1 view(2848) far exceeds block count (711); potential sync issue    
2026-08-10T05:52:47.598004Z  WARN ThreadId(20) hotstuff_runner::app: Node 1 [produce_block] queue size: 2, attempting up to 2 transactions this block    
2026-08-10T05:52:47.598522Z  WARN ThreadId(20) hotstuff_runner::app: Node 1 view(2852) far exceeds block count (712); potential sync issue    
2026-08-10T05:52:47.653818Z  WARN ThreadId(20) hotstuff_runner::app: Node 1 [produce_block] queue size: 0, attempting up to 0 transactions this block    
2026-08-10T05:52:47.654666Z  WARN ThreadId(20) hotstuff_runner::app: Node 1 view(2856) far exceeds block count (713); potential sync issue    
2026-08-10T05:52:47.742173Z  WARN ThreadId(20) hotstuff_runner::app: Node 1 [produce_block] queue size: 0, attempting up to 0 transactions this block    
2026-08-10T05:52:47.742560Z  WARN ThreadId(20) hotstuff_runner::app: Node 1 view(2860) far exceeds block count (714); potential sync issue    
2026-08-10T05:52:47.812136Z  WARN ThreadId(20) hotstuff_runner::app: Node 1 [produce_block] queue size: 2, attempting up to 2 transactions this block    
2026-08-10T05:52:47.813048Z  WARN ThreadId(20) hotstuff_runner::app: Node 1 view(2864) far exceeds block count (715); potential sync issue    
2026-08-10T05:52:47.918056Z  WARN ThreadId(20) hotstuff_runner::app: Node 1 [produce_block] queue size: 0, attempting up to 0 transactions this block    
2026-08-10T05:52:47.918277Z  WARN ThreadId(20) hotstuff_runner::app: Node 1 view(2868) far exceeds block count (716); potential sync issue    
2026-08-10T05:52:48.027208Z  WARN ThreadId(20) hotstuff_runner::app: Node 1 [produce_block] queue size: 2, attempting up to 2 transactions this block    
2026-08-10T05:52:48.028079Z  WARN ThreadId(20) hotstuff_runner::app: Node 1 view(2872) far exceeds block count (717); potential sync issue    
2026-08-10T05:52:48.106806Z  WARN ThreadId(20) hotstuff_runner::app: Node 1 [produce_block] queue size: 0, attempting up to 0 transactions this block    
2026-08-10T05:52:48.107806Z  WARN ThreadId(20) hotstuff_runner::app: Node 1 view(2876) far exceeds block count (718); potential sync issue    
2026-08-10T05:52:48.167496Z  WARN ThreadId(20) hotstuff_runner::app: Node 1 [produce_block] queue size: 0, attempting up to 0 transactions this block    
2026-08-10T05:52:48.167831Z  WARN ThreadId(20) hotstuff_runner::app: Node 1 view(2880) far exceeds block count (719); potential sync issue    
2026-08-10T05:52:48.229198Z  WARN ThreadId(20) hotstuff_runner::app: Node 1 [produce_block] queue size: 0, attempting up to 0 transactions this block    
2026-08-10T05:52:48.233682Z  WARN ThreadId(20) hotstuff_runner::app: Node 1 view(2884) far exceeds block count (720); potential sync issue    
2026-08-10T05:52:48.286285Z  WARN ThreadId(20) hotstuff_runner::app: Node 1 [produce_block] queue size: 2, attempting up to 2 transactions this block    
2026-08-10T05:52:48.287377Z  WARN ThreadId(20) hotstuff_runner::app: Node 1 view(2888) far exceeds block count (721); potential sync issue    
2026-08-10T05:52:48.371638Z  WARN ThreadId(20) hotstuff_runner::app: Node 1 [produce_block] queue size: 0, attempting up to 0 transactions this block    
2026-08-10T05:52:48.373977Z  WARN ThreadId(20) hotstuff_runner::app: Node 1 view(2892) far exceeds block count (722); potential sync issue    
2026-08-10T05:52:48.437015Z  WARN ThreadId(20) hotstuff_runner::app: Node 1 [produce_block] queue size: 0, attempting up to 0 transactions this block    
2026-08-10T05:52:48.438044Z  WARN ThreadId(20) hotstuff_runner::app: Node 1 view(2896) far exceeds block count (723); potential sync issue    
2026-08-10T05:52:48.524402Z  WARN ThreadId(20) hotstuff_runner::app: Node 1 [produce_block] queue size: 2, attempting up to 2 transactions this block    
2026-08-10T05:52:48.530884Z  WARN ThreadId(20) hotstuff_runner::app: Node 1 view(2900) far exceeds block count (724); potential sync issue    
2026-08-10T05:52:48.596302Z  WARN ThreadId(20) hotstuff_runner::app: Node 1 [produce_block] queue size: 0, attempting up to 0 transactions this block    
2026-08-10T05:52:48.596554Z  WARN ThreadId(20) hotstuff_runner::app: Node 1 view(2904) far exceeds block count (725); potential sync issue    
2026-08-10T05:52:48.663941Z  WARN ThreadId(20) hotstuff_runner::app: Node 1 [produce_block] queue size: 2, attempting up to 2 transactions this block    
2026-08-10T05:52:48.665160Z  WARN ThreadId(20) hotstuff_runner::app: Node 1 view(2908) far exceeds block count (726); potential sync issue    
2026-08-10T05:52:48.723422Z  WARN ThreadId(20) hotstuff_runner::app: Node 1 [produce_block] queue size: 0, attempting up to 0 transactions this block    
2026-08-10T05:52:48.724463Z  WARN ThreadId(20) hotstuff_runner::app: Node 1 view(2912) far exceeds block count (727); potential sync issue    
2026-08-10T05:52:48.814369Z  WARN ThreadId(20) hotstuff_runner::app: Node 1 [produce_block] queue size: 0, attempting up to 0 transactions this block    
2026-08-10T05:52:48.815385Z  WARN ThreadId(20) hotstuff_runner::app: Node 1 view(2916) far exceeds block count (728); potential sync issue    
2026-08-10T05:52:48.875188Z  WARN ThreadId(20) hotstuff_runner::app: Node 1 [produce_block] queue size: 2, attempting up to 2 transactions this block    
2026-08-10T05:52:48.876103Z  WARN ThreadId(20) hotstuff_runner::app: Node 1 view(2920) far exceeds block count (729); potential sync issue    
2026-08-10T05:52:48.920319Z  WARN ThreadId(20) hotstuff_runner::app: Node 1 [produce_block] queue size: 0, attempting up to 0 transactions this block    
2026-08-10T05:52:48.921435Z  WARN ThreadId(20) hotstuff_runner::app: Node 1 view(2924) far exceeds block count (730); potential sync issue    
2026-08-10T05:52:48.983255Z  WARN ThreadId(20) hotstuff_runner::app: Node 1 [produce_block] queue size: 0, attempting up to 0 transactions this block    
2026-08-10T05:52:48.983721Z  WARN ThreadId(20) hotstuff_runner::app: Node 1 view(2928) far exceeds block count (731); potential sync issue    
2026-08-10T05:52:49.037399Z  WARN ThreadId(20) hotstuff_runner::app: Node 1 [produce_block] queue size: 0, attempting up to 0 transactions this block    
2026-08-10T05:52:49.038284Z  WARN ThreadId(20) hotstuff_runner::app: Node 1 view(2932) far exceeds block count (732); potential sync issue    
2026-08-10T05:52:49.161813Z  WARN ThreadId(20) hotstuff_runner::app: Node 1 [produce_block] queue size: 2, attempting up to 2 transactions this block    
2026-08-10T05:52:49.162024Z  WARN ThreadId(20) hotstuff_runner::app: Node 1 view(2936) far exceeds block count (733); potential sync issue    
2026-08-10T05:52:49.210587Z  WARN ThreadId(20) hotstuff_runner::app: Node 1 [produce_block] queue size: 0, attempting up to 0 transactions this block    
2026-08-10T05:52:49.210873Z  WARN ThreadId(20) hotstuff_runner::app: Node 1 view(2940) far exceeds block count (734); potential sync issue    
2026-08-10T05:52:49.283071Z  WARN ThreadId(20) hotstuff_runner::app: Node 1 [produce_block] queue size: 0, attempting up to 0 transactions this block    
2026-08-10T05:52:49.283736Z  WARN ThreadId(20) hotstuff_runner::app: Node 1 view(2944) far exceeds block count (735); potential sync issue    
2026-08-10T05:52:49.365177Z  WARN ThreadId(20) hotstuff_runner::app: Node 1 [produce_block] queue size: 2, attempting up to 2 transactions this block    
2026-08-10T05:52:49.365418Z  WARN ThreadId(20) hotstuff_runner::app: Node 1 view(2948) far exceeds block count (736); potential sync issue    
2026-08-10T05:52:49.435641Z  WARN ThreadId(20) hotstuff_runner::app: Node 1 [produce_block] queue size: 0, attempting up to 0 transactions this block    
2026-08-10T05:52:49.436659Z  WARN ThreadId(20) hotstuff_runner::app: Node 1 view(2952) far exceeds block count (737); potential sync issue    
2026-08-10T05:52:49.524096Z  WARN ThreadId(20) hotstuff_runner::app: Node 1 [produce_block] queue size: 0, attempting up to 0 transactions this block    
2026-08-10T05:52:49.524623Z  WARN ThreadId(20) hotstuff_runner::app: Node 1 view(2956) far exceeds block count (738); potential sync issue    
2026-08-10T05:52:49.590236Z  WARN ThreadId(20) hotstuff_runner::app: Node 1 [produce_block] queue size: 2, attempting up to 2 transactions this block    
2026-08-10T05:52:49.590540Z  WARN ThreadId(20) hotstuff_runner::app: Node 1 view(2960) far exceeds block count (739); potential sync issue    
2026-08-10T05:52:49.637630Z  WARN ThreadId(20) hotstuff_runner::app: Node 1 [produce_block] queue size: 0, attempting up to 0 transactions this block    
2026-08-10T05:52:49.639079Z  WARN ThreadId(20) hotstuff_runner::app: Node 1 view(2964) far exceeds block count (740); potential sync issue    
2026-08-10T05:52:49.733054Z  WARN ThreadId(20) hotstuff_runner::app: Node 1 [produce_block] queue size: 0, attempting up to 0 transactions this block    
2026-08-10T05:52:49.736589Z  WARN ThreadId(20) hotstuff_runner::app: Node 1 view(2968) far exceeds block count (741); potential sync issue    
2026-08-10T05:52:49.803713Z  WARN ThreadId(20) hotstuff_runner::app: Node 1 [produce_block] queue size: 2, attempting up to 2 transactions this block    
2026-08-10T05:52:49.806620Z  WARN ThreadId(20) hotstuff_runner::app: Node 1 view(2972) far exceeds block count (742); potential sync issue    
2026-08-10T05:52:49.891809Z  WARN ThreadId(20) hotstuff_runner::app: Node 1 [produce_block] queue size: 0, attempting up to 0 transactions this block    
2026-08-10T05:52:49.892098Z  WARN ThreadId(20) hotstuff_runner::app: Node 1 view(2976) far exceeds block count (743); potential sync issue    
2026-08-10T05:52:49.962462Z  WARN ThreadId(20) hotstuff_runner::app: Node 1 [produce_block] queue size: 0, attempting up to 0 transactions this block    
2026-08-10T05:52:49.962552Z  WARN ThreadId(20) hotstuff_runner::app: Node 1 view(2980) far exceeds block count (744); potential sync issue    
2026-08-10T05:52:50.098941Z  WARN ThreadId(20) hotstuff_runner::app: Node 1 [produce_block] queue size: 2, attempting up to 2 transactions this block    
2026-08-10T05:52:50.101693Z  WARN ThreadId(20) hotstuff_runner::app: Node 1 view(2984) far exceeds block count (745); potential sync issue    
2026-08-10T05:52:50.179753Z  WARN ThreadId(20) hotstuff_runner::app: Node 1 [produce_block] queue size: 2, attempting up to 2 transactions this block    
2026-08-10T05:52:50.180581Z  WARN ThreadId(20) hotstuff_runner::app: Node 1 view(2988) far exceeds block count (746); potential sync issue    
2026-08-10T05:52:50.401025Z  WARN ThreadId(20) hotstuff_runner::app: Node 1 [produce_block] queue size: 2, attempting up to 2 transactions this block    
2026-08-10T05:52:50.407422Z  WARN ThreadId(20) hotstuff_runner::app: Node 1 view(2992) far exceeds block count (747); potential sync issue    
2026-08-10T05:52:50.516180Z  WARN ThreadId(20) hotstuff_runner::app: Node 1 [produce_block] queue size: 0, attempting up to 0 transactions this block    
2026-08-10T05:52:50.518047Z  WARN ThreadId(20) hotstuff_runner::app: Node 1 view(2996) far exceeds block count (748); potential sync issue    
2026-08-10T05:52:50.637491Z  WARN ThreadId(20) hotstuff_runner::app: Node 1 [produce_block] queue size: 2, attempting up to 2 transactions this block    
2026-08-10T05:52:50.642428Z  WARN ThreadId(20) hotstuff_runner::app: Node 1 view(3000) far exceeds block count (749); potential sync issue    
2026-08-10T05:52:50.729886Z  WARN ThreadId(20) hotstuff_runner::app: Node 1 [produce_block] queue size: 0, attempting up to 0 transactions this block    
2026-08-10T05:52:50.730108Z  WARN ThreadId(20) hotstuff_runner::app: Node 1 view(3004) far exceeds block count (750); potential sync issue    
2026-08-10T05:52:50.825306Z  WARN ThreadId(20) hotstuff_runner::app: Node 1 [produce_block] queue size: 2, attempting up to 2 transactions this block    
2026-08-10T05:52:50.827035Z  WARN ThreadId(20) hotstuff_runner::app: Node 1 view(3008) far exceeds block count (751); potential sync issue    
2026-08-10T05:52:50.917035Z  WARN ThreadId(20) hotstuff_runner::app: Node 1 [produce_block] queue size: 0, attempting up to 0 transactions this block    
2026-08-10T05:52:50.923461Z  WARN ThreadId(20) hotstuff_runner::app: Node 1 view(3012) far exceeds block count (752); potential sync issue    
2026-08-10T05:52:51.001471Z  WARN ThreadId(20) hotstuff_runner::app: Node 1 [produce_block] queue size: 0, attempting up to 0 transactions this block    
2026-08-10T05:52:51.001893Z  WARN ThreadId(20) hotstuff_runner::app: Node 1 view(3016) far exceeds block count (753); potential sync issue    
2026-08-10T05:52:51.068642Z  WARN ThreadId(20) hotstuff_runner::app: Node 1 [produce_block] queue size: 2, attempting up to 2 transactions this block    
2026-08-10T05:52:51.069227Z  WARN ThreadId(20) hotstuff_runner::app: Node 1 view(3020) far exceeds block count (754); potential sync issue    
2026-08-10T05:52:51.144369Z  WARN ThreadId(20) hotstuff_runner::app: Node 1 [produce_block] queue size: 0, attempting up to 0 transactions this block    
2026-08-10T05:52:51.144773Z  WARN ThreadId(20) hotstuff_runner::app: Node 1 view(3024) far exceeds block count (755); potential sync issue    
2026-08-10T05:52:51.212901Z  WARN ThreadId(20) hotstuff_runner::app: Node 1 [produce_block] queue size: 2, attempting up to 2 transactions this block    
2026-08-10T05:52:51.213267Z  WARN ThreadId(20) hotstuff_runner::app: Node 1 view(3028) far exceeds block count (756); potential sync issue    
2026-08-10T05:52:51.279620Z  WARN ThreadId(20) hotstuff_runner::app: Node 1 [produce_block] queue size: 0, attempting up to 0 transactions this block    
2026-08-10T05:52:51.279736Z  WARN ThreadId(20) hotstuff_runner::app: Node 1 view(3032) far exceeds block count (757); potential sync issue    
2026-08-10T05:52:51.363983Z  WARN ThreadId(20) hotstuff_runner::app: Node 1 [produce_block] queue size: 0, attempting up to 0 transactions this block    
2026-08-10T05:52:51.368553Z  WARN ThreadId(20) hotstuff_runner::app: Node 1 view(3036) far exceeds block count (758); potential sync issue    
2026-08-10T05:52:51.487899Z  WARN ThreadId(20) hotstuff_runner::app: Node 1 [produce_block] queue size: 2, attempting up to 2 transactions this block    
2026-08-10T05:52:51.488446Z  WARN ThreadId(20) hotstuff_runner::app: Node 1 view(3040) far exceeds block count (759); potential sync issue    
2026-08-10T05:52:51.586076Z  WARN ThreadId(20) hotstuff_runner::app: Node 1 [produce_block] queue size: 0, attempting up to 0 transactions this block    
2026-08-10T05:52:51.587528Z  WARN ThreadId(20) hotstuff_runner::app: Node 1 view(3044) far exceeds block count (760); potential sync issue    
2026-08-10T05:52:51.661236Z  WARN ThreadId(20) hotstuff_runner::app: Node 1 [produce_block] queue size: 2, attempting up to 2 transactions this block    
2026-08-10T05:52:51.661963Z  WARN ThreadId(20) hotstuff_runner::app: Node 1 view(3048) far exceeds block count (761); potential sync issue    
2026-08-10T05:52:51.738290Z  WARN ThreadId(20) hotstuff_runner::app: Node 1 [produce_block] queue size: 0, attempting up to 0 transactions this block    
2026-08-10T05:52:51.739118Z  WARN ThreadId(20) hotstuff_runner::app: Node 1 view(3052) far exceeds block count (762); potential sync issue    
2026-08-10T05:52:51.814796Z  WARN ThreadId(20) hotstuff_runner::app: Node 1 [produce_block] queue size: 0, attempting up to 0 transactions this block    
2026-08-10T05:52:51.817784Z  WARN ThreadId(20) hotstuff_runner::app: Node 1 view(3056) far exceeds block count (763); potential sync issue    
2026-08-10T05:52:51.887582Z  WARN ThreadId(20) hotstuff_runner::app: Node 1 [produce_block] queue size: 2, attempting up to 2 transactions this block    
2026-08-10T05:52:51.889872Z  WARN ThreadId(20) hotstuff_runner::app: Node 1 view(3060) far exceeds block count (764); potential sync issue    
2026-08-10T05:52:51.968605Z  WARN ThreadId(20) hotstuff_runner::app: Node 1 [produce_block] queue size: 0, attempting up to 0 transactions this block    
2026-08-10T05:52:51.979112Z  WARN ThreadId(20) hotstuff_runner::app: Node 1 view(3064) far exceeds block count (765); potential sync issue    
2026-08-10T05:52:52.055891Z  WARN ThreadId(20) hotstuff_runner::app: Node 1 [produce_block] queue size: 2, attempting up to 2 transactions this block    
2026-08-10T05:52:52.056417Z  WARN ThreadId(20) hotstuff_runner::app: Node 1 view(3068) far exceeds block count (766); potential sync issue    
2026-08-10T05:52:52.131933Z  WARN ThreadId(20) hotstuff_runner::app: Node 1 [produce_block] queue size: 0, attempting up to 0 transactions this block    
2026-08-10T05:52:52.143705Z  WARN ThreadId(20) hotstuff_runner::app: Node 1 view(3072) far exceeds block count (767); potential sync issue    
2026-08-10T05:52:52.241347Z  WARN ThreadId(20) hotstuff_runner::app: Node 1 [produce_block] queue size: 2, attempting up to 2 transactions this block    
2026-08-10T05:52:52.243269Z  WARN ThreadId(20) hotstuff_runner::app: Node 1 view(3076) far exceeds block count (768); potential sync issue    
2026-08-10T05:52:52.321835Z  WARN ThreadId(20) hotstuff_runner::app: Node 1 [produce_block] queue size: 0, attempting up to 0 transactions this block    
2026-08-10T05:52:52.325119Z  WARN ThreadId(20) hotstuff_runner::app: Node 1 view(3080) far exceeds block count (769); potential sync issue    
2026-08-10T05:52:52.420507Z  WARN ThreadId(20) hotstuff_runner::app: Node 1 [produce_block] queue size: 2, attempting up to 2 transactions this block    
2026-08-10T05:52:52.421745Z  WARN ThreadId(20) hotstuff_runner::app: Node 1 view(3084) far exceeds block count (770); potential sync issue    
2026-08-10T05:52:52.495837Z  WARN ThreadId(20) hotstuff_runner::app: Node 1 [produce_block] queue size: 0, attempting up to 0 transactions this block    
2026-08-10T05:52:52.496863Z  WARN ThreadId(20) hotstuff_runner::app: Node 1 view(3088) far exceeds block count (771); potential sync issue    
2026-08-10T05:52:52.563610Z  WARN ThreadId(20) hotstuff_runner::app: Node 1 [produce_block] queue size: 0, attempting up to 0 transactions this block    
2026-08-10T05:52:52.564661Z  WARN ThreadId(20) hotstuff_runner::app: Node 1 view(3092) far exceeds block count (772); potential sync issue    
2026-08-10T05:52:52.643594Z  WARN ThreadId(20) hotstuff_runner::app: Node 1 [produce_block] queue size: 0, attempting up to 0 transactions this block    
2026-08-10T05:52:52.644235Z  WARN ThreadId(20) hotstuff_runner::app: Node 1 view(3096) far exceeds block count (773); potential sync issue    
2026-08-10T05:52:52.731141Z  WARN ThreadId(20) hotstuff_runner::app: Node 1 [produce_block] queue size: 2, attempting up to 2 transactions this block    
2026-08-10T05:52:52.731870Z  WARN ThreadId(20) hotstuff_runner::app: Node 1 view(3100) far exceeds block count (774); potential sync issue    
2026-08-10T05:52:52.834593Z  WARN ThreadId(20) hotstuff_runner::app: Node 1 [produce_block] queue size: 0, attempting up to 0 transactions this block    
2026-08-10T05:52:52.838296Z  WARN ThreadId(20) hotstuff_runner::app: Node 1 view(3104) far exceeds block count (775); potential sync issue    
2026-08-10T05:52:52.907819Z  WARN ThreadId(20) hotstuff_runner::app: Node 1 [produce_block] queue size: 2, attempting up to 2 transactions this block    
2026-08-10T05:52:52.914717Z  WARN ThreadId(20) hotstuff_runner::app: Node 1 view(3108) far exceeds block count (776); potential sync issue    
2026-08-10T05:52:52.998808Z  WARN ThreadId(20) hotstuff_runner::app: Node 1 [produce_block] queue size: 0, attempting up to 0 transactions this block    
2026-08-10T05:52:52.999783Z  WARN ThreadId(20) hotstuff_runner::app: Node 1 view(3112) far exceeds block count (777); potential sync issue    
2026-08-10T05:52:53.073515Z  WARN ThreadId(20) hotstuff_runner::app: Node 1 [produce_block] queue size: 0, attempting up to 0 transactions this block    
2026-08-10T05:52:53.079767Z  WARN ThreadId(20) hotstuff_runner::app: Node 1 view(3116) far exceeds block count (778); potential sync issue    
2026-08-10T05:52:53.150910Z  WARN ThreadId(20) hotstuff_runner::app: Node 1 [produce_block] queue size: 2, attempting up to 2 transactions this block    
2026-08-10T05:52:53.154311Z  WARN ThreadId(20) hotstuff_runner::app: Node 1 view(3120) far exceeds block count (779); potential sync issue    
2026-08-10T05:52:53.256149Z  WARN ThreadId(20) hotstuff_runner::app: Node 1 [produce_block] queue size: 0, attempting up to 0 transactions this block    
2026-08-10T05:52:53.257238Z  WARN ThreadId(20) hotstuff_runner::app: Node 1 view(3124) far exceeds block count (780); potential sync issue    
2026-08-10T05:52:53.349278Z  WARN ThreadId(20) hotstuff_runner::app: Node 1 [produce_block] queue size: 2, attempting up to 2 transactions this block    
2026-08-10T05:52:53.350073Z  WARN ThreadId(20) hotstuff_runner::app: Node 1 view(3128) far exceeds block count (781); potential sync issue    
2026-08-10T05:52:53.450062Z  WARN ThreadId(20) hotstuff_runner::app: Node 1 [produce_block] queue size: 0, attempting up to 0 transactions this block    
2026-08-10T05:52:53.455273Z  WARN ThreadId(20) hotstuff_runner::app: Node 1 view(3132) far exceeds block count (782); potential sync issue    
2026-08-10T05:52:53.537144Z  WARN ThreadId(20) hotstuff_runner::app: Node 1 [produce_block] queue size: 2, attempting up to 2 transactions this block    
2026-08-10T05:52:53.539685Z  WARN ThreadId(20) hotstuff_runner::app: Node 1 view(3136) far exceeds block count (783); potential sync issue    
2026-08-10T05:52:53.610023Z  WARN ThreadId(20) hotstuff_runner::app: Node 1 [produce_block] queue size: 0, attempting up to 0 transactions this block    
2026-08-10T05:52:53.611261Z  WARN ThreadId(20) hotstuff_runner::app: Node 1 view(3140) far exceeds block count (784); potential sync issue    
2026-08-10T05:52:53.690096Z  WARN ThreadId(20) hotstuff_runner::app: Node 1 [produce_block] queue size: 0, attempting up to 0 transactions this block    
2026-08-10T05:52:53.690234Z  WARN ThreadId(20) hotstuff_runner::app: Node 1 view(3144) far exceeds block count (785); potential sync issue    
2026-08-10T05:52:53.760673Z  WARN ThreadId(20) hotstuff_runner::app: Node 1 [produce_block] queue size: 2, attempting up to 2 transactions this block    
2026-08-10T05:52:53.761910Z  WARN ThreadId(20) hotstuff_runner::app: Node 1 view(3148) far exceeds block count (786); potential sync issue    
2026-08-10T05:52:53.852352Z  WARN ThreadId(20) hotstuff_runner::app: Node 1 [produce_block] queue size: 0, attempting up to 0 transactions this block    
2026-08-10T05:52:53.852505Z  WARN ThreadId(20) hotstuff_runner::app: Node 1 view(3152) far exceeds block count (787); potential sync issue    
2026-08-10T05:52:53.911263Z  WARN ThreadId(20) hotstuff_runner::app: Node 1 [produce_block] queue size: 0, attempting up to 0 transactions this block    
2026-08-10T05:52:53.911474Z  WARN ThreadId(20) hotstuff_runner::app: Node 1 view(3156) far exceeds block count (788); potential sync issue    
2026-08-10T05:52:54.055991Z  WARN ThreadId(20) hotstuff_runner::app: Node 1 [produce_block] queue size: 2, attempting up to 2 transactions this block    
2026-08-10T05:52:54.056612Z  WARN ThreadId(20) hotstuff_runner::app: Node 1 view(3160) far exceeds block count (789); potential sync issue    
2026-08-10T05:52:54.122290Z  WARN ThreadId(20) hotstuff_runner::app: Node 1 [produce_block] queue size: 2, attempting up to 2 transactions this block    
2026-08-10T05:52:54.122678Z  WARN ThreadId(20) hotstuff_runner::app: Node 1 view(3164) far exceeds block count (790); potential sync issue    
2026-08-10T05:52:54.206298Z  WARN ThreadId(20) hotstuff_runner::app: Node 1 [produce_block] queue size: 0, attempting up to 0 transactions this block    
2026-08-10T05:52:54.206872Z  WARN ThreadId(20) hotstuff_runner::app: Node 1 view(3168) far exceeds block count (791); potential sync issue    
2026-08-10T05:52:54.269051Z  WARN ThreadId(20) hotstuff_runner::app: Node 1 [produce_block] queue size: 0, attempting up to 0 transactions this block    
2026-08-10T05:52:54.270085Z  WARN ThreadId(20) hotstuff_runner::app: Node 1 view(3172) far exceeds block count (792); potential sync issue    
2026-08-10T05:52:54.340344Z  WARN ThreadId(20) hotstuff_runner::app: Node 1 [produce_block] queue size: 2, attempting up to 2 transactions this block    
2026-08-10T05:52:54.340587Z  WARN ThreadId(20) hotstuff_runner::app: Node 1 view(3176) far exceeds block count (793); potential sync issue    
2026-08-10T05:52:54.422924Z  WARN ThreadId(20) hotstuff_runner::app: Node 1 [produce_block] queue size: 0, attempting up to 0 transactions this block    
2026-08-10T05:52:54.424027Z  WARN ThreadId(20) hotstuff_runner::app: Node 1 view(3180) far exceeds block count (794); potential sync issue    
2026-08-10T05:52:54.494664Z  WARN ThreadId(20) hotstuff_runner::app: Node 1 [produce_block] queue size: 0, attempting up to 0 transactions this block    
2026-08-10T05:52:54.494839Z  WARN ThreadId(20) hotstuff_runner::app: Node 1 view(3184) far exceeds block count (795); potential sync issue    
2026-08-10T05:52:54.570273Z  WARN ThreadId(20) hotstuff_runner::app: Node 1 [produce_block] queue size: 2, attempting up to 2 transactions this block    
2026-08-10T05:52:54.573686Z  WARN ThreadId(20) hotstuff_runner::app: Node 1 view(3188) far exceeds block count (796); potential sync issue    
2026-08-10T05:52:54.633753Z  WARN ThreadId(20) hotstuff_runner::app: Node 1 [produce_block] queue size: 0, attempting up to 0 transactions this block    
2026-08-10T05:52:54.639121Z  WARN ThreadId(20) hotstuff_runner::app: Node 1 view(3192) far exceeds block count (797); potential sync issue    
2026-08-10T05:52:54.724387Z  WARN ThreadId(20) hotstuff_runner::app: Node 1 [produce_block] queue size: 2, attempting up to 2 transactions this block    
2026-08-10T05:52:54.728339Z  WARN ThreadId(20) hotstuff_runner::app: Node 1 view(3196) far exceeds block count (798); potential sync issue    
2026-08-10T05:52:54.777022Z  WARN ThreadId(20) hotstuff_runner::app: Node 1 [produce_block] queue size: 0, attempting up to 0 transactions this block    
2026-08-10T05:52:54.778566Z  WARN ThreadId(20) hotstuff_runner::app: Node 1 view(3200) far exceeds block count (799); potential sync issue    
2026-08-10T05:52:54.877386Z  WARN ThreadId(20) hotstuff_runner::app: Node 1 [produce_block] queue size: 0, attempting up to 0 transactions this block    
2026-08-10T05:52:54.877565Z  WARN ThreadId(20) hotstuff_runner::app: Node 1 view(3204) far exceeds block count (800); potential sync issue    
2026-08-10T05:52:54.967858Z  WARN ThreadId(20) hotstuff_runner::app: Node 1 [produce_block] queue size: 2, attempting up to 2 transactions this block    
2026-08-10T05:52:54.972467Z  WARN ThreadId(20) hotstuff_runner::app: Node 1 view(3208) far exceeds block count (801); potential sync issue    
2026-08-10T05:52:55.020068Z  WARN ThreadId(20) hotstuff_runner::app: Node 1 [produce_block] queue size: 0, attempting up to 0 transactions this block    
2026-08-10T05:52:55.022312Z  WARN ThreadId(20) hotstuff_runner::app: Node 1 view(3212) far exceeds block count (802); potential sync issue    
2026-08-10T05:52:55.095092Z  WARN ThreadId(20) hotstuff_runner::app: Node 1 [produce_block] queue size: 0, attempting up to 0 transactions this block    
2026-08-10T05:52:55.100208Z  WARN ThreadId(20) hotstuff_runner::app: Node 1 view(3216) far exceeds block count (803); potential sync issue    
2026-08-10T05:52:55.278174Z  WARN ThreadId(20) hotstuff_runner::app: Node 1 [produce_block] queue size: 2, attempting up to 2 transactions this block    
2026-08-10T05:52:55.278346Z  WARN ThreadId(20) hotstuff_runner::app: Node 1 view(3220) far exceeds block count (804); potential sync issue    
2026-08-10T05:52:55.376558Z  WARN ThreadId(20) hotstuff_runner::app: Node 1 [produce_block] queue size: 2, attempting up to 2 transactions this block    
2026-08-10T05:52:55.377412Z  WARN ThreadId(20) hotstuff_runner::app: Node 1 view(3224) far exceeds block count (805); potential sync issue    
2026-08-10T05:52:55.445789Z  WARN ThreadId(20) hotstuff_runner::app: Node 1 [produce_block] queue size: 0, attempting up to 0 transactions this block    
2026-08-10T05:52:55.446592Z  WARN ThreadId(20) hotstuff_runner::app: Node 1 view(3228) far exceeds block count (806); potential sync issue    
2026-08-10T05:52:55.511236Z  WARN ThreadId(20) hotstuff_runner::app: Node 1 [produce_block] queue size: 0, attempting up to 0 transactions this block    
2026-08-10T05:52:55.511762Z  WARN ThreadId(20) hotstuff_runner::app: Node 1 view(3232) far exceeds block count (807); potential sync issue    
2026-08-10T05:52:55.567859Z  WARN ThreadId(20) hotstuff_runner::app: Node 1 [produce_block] queue size: 0, attempting up to 0 transactions this block    
2026-08-10T05:52:55.568174Z  WARN ThreadId(20) hotstuff_runner::app: Node 1 view(3236) far exceeds block count (808); potential sync issue    
2026-08-10T05:52:55.662013Z  WARN ThreadId(20) hotstuff_runner::app: Node 1 [produce_block] queue size: 2, attempting up to 2 transactions this block    
2026-08-10T05:52:55.662622Z  WARN ThreadId(20) hotstuff_runner::app: Node 1 view(3240) far exceeds block count (809); potential sync issue    
2026-08-10T05:52:55.735893Z  WARN ThreadId(20) hotstuff_runner::app: Node 1 [produce_block] queue size: 0, attempting up to 0 transactions this block    
2026-08-10T05:52:55.737244Z  WARN ThreadId(20) hotstuff_runner::app: Node 1 view(3244) far exceeds block count (810); potential sync issue    
2026-08-10T05:52:55.924723Z  WARN ThreadId(20) hotstuff_runner::app: Node 1 [produce_block] queue size: 2, attempting up to 2 transactions this block    
2026-08-10T05:52:55.924842Z  WARN ThreadId(20) hotstuff_runner::app: Node 1 view(3248) far exceeds block count (811); potential sync issue    
2026-08-10T05:52:56.005480Z  WARN ThreadId(20) hotstuff_runner::app: Node 1 [produce_block] queue size: 2, attempting up to 2 transactions this block    
2026-08-10T05:52:56.006649Z  WARN ThreadId(20) hotstuff_runner::app: Node 1 view(3252) far exceeds block count (812); potential sync issue    
2026-08-10T05:52:56.097915Z  WARN ThreadId(20) hotstuff_runner::app: Node 1 [produce_block] queue size: 0, attempting up to 0 transactions this block    
2026-08-10T05:52:56.098453Z  WARN ThreadId(20) hotstuff_runner::app: Node 1 view(3256) far exceeds block count (813); potential sync issue    
2026-08-10T05:52:56.185990Z  WARN ThreadId(20) hotstuff_runner::app: Node 1 [produce_block] queue size: 0, attempting up to 0 transactions this block    
2026-08-10T05:52:56.186552Z  WARN ThreadId(20) hotstuff_runner::app: Node 1 view(3260) far exceeds block count (814); potential sync issue    
2026-08-10T05:52:56.307047Z  WARN ThreadId(20) hotstuff_runner::app: Node 1 [produce_block] queue size: 2, attempting up to 2 transactions this block    
2026-08-10T05:52:56.307565Z  WARN ThreadId(20) hotstuff_runner::app: Node 1 view(3264) far exceeds block count (815); potential sync issue    
2026-08-10T05:52:56.389089Z  WARN ThreadId(20) hotstuff_runner::app: Node 1 [produce_block] queue size: 2, attempting up to 2 transactions this block    
2026-08-10T05:52:56.389915Z  WARN ThreadId(20) hotstuff_runner::app: Node 1 view(3268) far exceeds block count (816); potential sync issue    
2026-08-10T05:52:56.509769Z  WARN ThreadId(20) hotstuff_runner::app: Node 1 [produce_block] queue size: 0, attempting up to 0 transactions this block    
2026-08-10T05:52:56.510454Z  WARN ThreadId(20) hotstuff_runner::app: Node 1 view(3272) far exceeds block count (817); potential sync issue    
2026-08-10T05:52:56.584224Z  WARN ThreadId(20) hotstuff_runner::app: Node 1 [produce_block] queue size: 2, attempting up to 2 transactions this block    
2026-08-10T05:52:56.585339Z  WARN ThreadId(20) hotstuff_runner::app: Node 1 view(3276) far exceeds block count (818); potential sync issue    
2026-08-10T05:52:56.665656Z  WARN ThreadId(20) hotstuff_runner::app: Node 1 [produce_block] queue size: 0, attempting up to 0 transactions this block    
2026-08-10T05:52:56.666380Z  WARN ThreadId(20) hotstuff_runner::app: Node 1 view(3280) far exceeds block count (819); potential sync issue    
2026-08-10T05:52:56.788179Z  WARN ThreadId(20) hotstuff_runner::app: Node 1 [produce_block] queue size: 2, attempting up to 2 transactions this block    
2026-08-10T05:52:56.788519Z  WARN ThreadId(20) hotstuff_runner::app: Node 1 view(3284) far exceeds block count (820); potential sync issue    
2026-08-10T05:52:56.852150Z  WARN ThreadId(20) hotstuff_runner::app: Node 1 [produce_block] queue size: 0, attempting up to 0 transactions this block    
2026-08-10T05:52:56.852525Z  WARN ThreadId(20) hotstuff_runner::app: Node 1 view(3288) far exceeds block count (821); potential sync issue    
2026-08-10T05:52:56.908190Z  WARN ThreadId(20) hotstuff_runner::app: Node 1 [produce_block] queue size: 0, attempting up to 0 transactions this block    
2026-08-10T05:52:56.910036Z  WARN ThreadId(20) hotstuff_runner::app: Node 1 view(3292) far exceeds block count (822); potential sync issue    
2026-08-10T05:52:56.956169Z  WARN ThreadId(20) hotstuff_runner::app: Node 1 [produce_block] queue size: 2, attempting up to 2 transactions this block    
2026-08-10T05:52:56.956776Z  WARN ThreadId(20) hotstuff_runner::app: Node 1 view(3296) far exceeds block count (823); potential sync issue    
2026-08-10T05:52:57.009826Z  WARN ThreadId(20) hotstuff_runner::app: Node 1 [produce_block] queue size: 0, attempting up to 0 transactions this block    
2026-08-10T05:52:57.011097Z  WARN ThreadId(20) hotstuff_runner::app: Node 1 view(3300) far exceeds block count (824); potential sync issue    
2026-08-10T05:52:57.094931Z  WARN ThreadId(20) hotstuff_runner::app: Node 1 [produce_block] queue size: 0, attempting up to 0 transactions this block    
2026-08-10T05:52:57.096286Z  WARN ThreadId(20) hotstuff_runner::app: Node 1 view(3304) far exceeds block count (825); potential sync issue    
2026-08-10T05:52:57.187935Z  WARN ThreadId(20) hotstuff_runner::app: Node 1 [produce_block] queue size: 2, attempting up to 2 transactions this block    
2026-08-10T05:52:57.188222Z  WARN ThreadId(20) hotstuff_runner::app: Node 1 view(3308) far exceeds block count (826); potential sync issue    
2026-08-10T05:52:57.267450Z  WARN ThreadId(20) hotstuff_runner::app: Node 1 [produce_block] queue size: 0, attempting up to 0 transactions this block    
2026-08-10T05:52:57.267892Z  WARN ThreadId(20) hotstuff_runner::app: Node 1 view(3312) far exceeds block count (827); potential sync issue    
2026-08-10T05:52:57.370560Z  WARN ThreadId(20) hotstuff_runner::app: Node 1 [produce_block] queue size: 2, attempting up to 2 transactions this block    
2026-08-10T05:52:57.370907Z  WARN ThreadId(20) hotstuff_runner::app: Node 1 view(3316) far exceeds block count (828); potential sync issue    
2026-08-10T05:52:57.423018Z  WARN ThreadId(20) hotstuff_runner::app: Node 1 [produce_block] queue size: 0, attempting up to 0 transactions this block    
2026-08-10T05:52:57.423796Z  WARN ThreadId(20) hotstuff_runner::app: Node 1 view(3320) far exceeds block count (829); potential sync issue    
2026-08-10T05:52:57.515089Z  WARN ThreadId(20) hotstuff_runner::app: Node 1 [produce_block] queue size: 0, attempting up to 0 transactions this block    
2026-08-10T05:52:57.519340Z  WARN ThreadId(20) hotstuff_runner::app: Node 1 view(3324) far exceeds block count (830); potential sync issue    
2026-08-10T05:52:57.583342Z  WARN ThreadId(20) hotstuff_runner::app: Node 1 [produce_block] queue size: 2, attempting up to 2 transactions this block    
2026-08-10T05:52:57.583487Z  WARN ThreadId(20) hotstuff_runner::app: Node 1 view(3328) far exceeds block count (831); potential sync issue    
2026-08-10T05:52:57.647014Z  WARN ThreadId(20) hotstuff_runner::app: Node 1 [produce_block] queue size: 0, attempting up to 0 transactions this block    
2026-08-10T05:52:57.647226Z  WARN ThreadId(20) hotstuff_runner::app: Node 1 view(3332) far exceeds block count (832); potential sync issue    
2026-08-10T05:52:57.731495Z  WARN ThreadId(20) hotstuff_runner::app: Node 1 [produce_block] queue size: 2, attempting up to 2 transactions this block    
2026-08-10T05:52:57.732314Z  WARN ThreadId(20) hotstuff_runner::app: Node 1 view(3336) far exceeds block count (833); potential sync issue    
2026-08-10T05:52:57.808008Z  WARN ThreadId(20) hotstuff_runner::app: Node 1 [produce_block] queue size: 0, attempting up to 0 transactions this block    
2026-08-10T05:52:57.808172Z  WARN ThreadId(20) hotstuff_runner::app: Node 1 view(3340) far exceeds block count (834); potential sync issue    
2026-08-10T05:52:57.915647Z  WARN ThreadId(20) hotstuff_runner::app: Node 1 [produce_block] queue size: 0, attempting up to 0 transactions this block    
2026-08-10T05:52:57.917032Z  WARN ThreadId(20) hotstuff_runner::app: Node 1 view(3344) far exceeds block count (835); potential sync issue    
2026-08-10T05:52:58.026545Z  WARN ThreadId(20) hotstuff_runner::app: Node 1 [produce_block] queue size: 0, attempting up to 0 transactions this block    
2026-08-10T05:52:58.026796Z  WARN ThreadId(20) hotstuff_runner::app: Node 1 view(3348) far exceeds block count (836); potential sync issue    
2026-08-10T05:52:58.111054Z  WARN ThreadId(20) hotstuff_runner::app: Node 1 [produce_block] queue size: 2, attempting up to 2 transactions this block    
2026-08-10T05:52:58.121110Z  WARN ThreadId(20) hotstuff_runner::app: Node 1 view(3352) far exceeds block count (837); potential sync issue    
2026-08-10T05:52:58.189296Z  WARN ThreadId(20) hotstuff_runner::app: Node 1 [produce_block] queue size: 0, attempting up to 0 transactions this block    
2026-08-10T05:52:58.192298Z  WARN ThreadId(20) hotstuff_runner::app: Node 1 view(3356) far exceeds block count (838); potential sync issue    
2026-08-10T05:52:58.262472Z  WARN ThreadId(20) hotstuff_runner::app: Node 1 [produce_block] queue size: 0, attempting up to 0 transactions this block    
2026-08-10T05:52:58.262573Z  WARN ThreadId(20) hotstuff_runner::app: Node 1 view(3360) far exceeds block count (839); potential sync issue    
2026-08-10T05:52:58.390072Z  WARN ThreadId(20) hotstuff_runner::app: Node 1 [produce_block] queue size: 2, attempting up to 2 transactions this block    
2026-08-10T05:52:58.391195Z  WARN ThreadId(20) hotstuff_runner::app: Node 1 view(3364) far exceeds block count (840); potential sync issue    
2026-08-10T05:52:58.508096Z  WARN ThreadId(20) hotstuff_runner::app: Node 1 [produce_block] queue size: 2, attempting up to 2 transactions this block    
2026-08-10T05:52:58.510594Z  WARN ThreadId(20) hotstuff_runner::app: Node 1 view(3368) far exceeds block count (841); potential sync issue    
2026-08-10T05:52:58.592328Z  WARN ThreadId(20) hotstuff_runner::app: Node 1 [produce_block] queue size: 0, attempting up to 0 transactions this block    
2026-08-10T05:52:58.592540Z  WARN ThreadId(20) hotstuff_runner::app: Node 1 view(3372) far exceeds block count (842); potential sync issue    
2026-08-10T05:52:58.697271Z  WARN ThreadId(20) hotstuff_runner::app: Node 1 [produce_block] queue size: 2, attempting up to 2 transactions this block    
2026-08-10T05:52:58.702580Z  WARN ThreadId(20) hotstuff_runner::app: Node 1 view(3376) far exceeds block count (843); potential sync issue    
2026-08-10T05:52:58.814880Z  WARN ThreadId(20) hotstuff_runner::app: Node 1 [produce_block] queue size: 0, attempting up to 0 transactions this block    
2026-08-10T05:52:58.815165Z  WARN ThreadId(20) hotstuff_runner::app: Node 1 view(3380) far exceeds block count (844); potential sync issue    
2026-08-10T05:52:58.965699Z  WARN ThreadId(20) hotstuff_runner::app: Node 1 [produce_block] queue size: 2, attempting up to 2 transactions this block    
2026-08-10T05:52:59.026200Z  WARN ThreadId(20) hotstuff_runner::app: Node 1 view(3384) far exceeds block count (845); potential sync issue    
2026-08-10T05:52:59.122645Z  WARN ThreadId(20) hotstuff_runner::app: Node 1 [produce_block] queue size: 2, attempting up to 2 transactions this block    
2026-08-10T05:52:59.123251Z  WARN ThreadId(20) hotstuff_runner::app: Node 1 view(3388) far exceeds block count (846); potential sync issue    
2026-08-10T05:52:59.257661Z  WARN ThreadId(20) hotstuff_runner::app: Node 1 [produce_block] queue size: 0, attempting up to 0 transactions this block    
2026-08-10T05:52:59.264924Z  WARN ThreadId(20) hotstuff_runner::app: Node 1 view(3392) far exceeds block count (847); potential sync issue    
2026-08-10T05:52:59.413215Z  WARN ThreadId(20) hotstuff_runner::app: Node 1 [produce_block] queue size: 2, attempting up to 2 transactions this block    
2026-08-10T05:52:59.413365Z  WARN ThreadId(20) hotstuff_runner::app: Node 1 view(3396) far exceeds block count (848); potential sync issue    
2026-08-10T05:52:59.502980Z  WARN ThreadId(20) hotstuff_runner::app: Node 1 [produce_block] queue size: 0, attempting up to 0 transactions this block    
2026-08-10T05:52:59.503451Z  WARN ThreadId(20) hotstuff_runner::app: Node 1 view(3400) far exceeds block count (849); potential sync issue    
2026-08-10T05:52:59.618542Z  WARN ThreadId(20) hotstuff_runner::app: Node 1 [produce_block] queue size: 2, attempting up to 2 transactions this block    
2026-08-10T05:52:59.620584Z  WARN ThreadId(20) hotstuff_runner::app: Node 1 view(3404) far exceeds block count (850); potential sync issue    
2026-08-10T05:52:59.729145Z  WARN ThreadId(20) hotstuff_runner::app: Node 1 [produce_block] queue size: 0, attempting up to 0 transactions this block    
2026-08-10T05:52:59.736501Z  WARN ThreadId(20) hotstuff_runner::app: Node 1 view(3408) far exceeds block count (851); potential sync issue    
2026-08-10T05:52:59.808705Z  WARN ThreadId(20) hotstuff_runner::app: Node 1 [produce_block] queue size: 2, attempting up to 2 transactions this block    
2026-08-10T05:52:59.819225Z  WARN ThreadId(20) hotstuff_runner::app: Node 1 view(3412) far exceeds block count (852); potential sync issue    
2026-08-10T05:52:59.884297Z  WARN ThreadId(20) hotstuff_runner::app: Node 1 [produce_block] queue size: 0, attempting up to 0 transactions this block    
2026-08-10T05:52:59.884421Z  WARN ThreadId(20) hotstuff_runner::app: Node 1 view(3416) far exceeds block count (853); potential sync issue    
2026-08-10T05:53:00.029014Z  WARN ThreadId(20) hotstuff_runner::app: Node 1 [produce_block] queue size: 2, attempting up to 2 transactions this block    
2026-08-10T05:53:00.029141Z  WARN ThreadId(20) hotstuff_runner::app: Node 1 view(3420) far exceeds block count (854); potential sync issue    
2026-08-10T05:53:00.097241Z  WARN ThreadId(20) hotstuff_runner::app: Node 1 [produce_block] queue size: 0, attempting up to 0 transactions this block    
2026-08-10T05:53:00.097889Z  WARN ThreadId(20) hotstuff_runner::app: Node 1 view(3424) far exceeds block count (855); potential sync issue    
2026-08-10T05:53:00.210435Z  WARN ThreadId(20) hotstuff_runner::app: Node 1 [produce_block] queue size: 2, attempting up to 2 transactions this block    
2026-08-10T05:53:00.211295Z  WARN ThreadId(20) hotstuff_runner::app: Node 1 view(3428) far exceeds block count (856); potential sync issue    
2026-08-10T05:53:00.290831Z  WARN ThreadId(20) hotstuff_runner::app: Node 1 [produce_block] queue size: 0, attempting up to 0 transactions this block    
2026-08-10T05:53:00.291486Z  WARN ThreadId(20) hotstuff_runner::app: Node 1 view(3432) far exceeds block count (857); potential sync issue    
2026-08-10T05:53:00.359747Z  WARN ThreadId(20) hotstuff_runner::app: Node 1 [produce_block] queue size: 2, attempting up to 2 transactions this block    
2026-08-10T05:53:00.360188Z  WARN ThreadId(20) hotstuff_runner::app: Node 1 view(3436) far exceeds block count (858); potential sync issue    
2026-08-10T05:53:00.446956Z  WARN ThreadId(20) hotstuff_runner::app: Node 1 [produce_block] queue size: 0, attempting up to 0 transactions this block    
2026-08-10T05:53:00.447727Z  WARN ThreadId(20) hotstuff_runner::app: Node 1 view(3440) far exceeds block count (859); potential sync issue    
2026-08-10T05:53:00.536330Z  WARN ThreadId(20) hotstuff_runner::app: Node 1 [produce_block] queue size: 2, attempting up to 2 transactions this block    
2026-08-10T05:53:00.538191Z  WARN ThreadId(20) hotstuff_runner::app: Node 1 view(3444) far exceeds block count (860); potential sync issue    
2026-08-10T05:53:00.598405Z  WARN ThreadId(20) hotstuff_runner::app: Node 1 [produce_block] queue size: 0, attempting up to 0 transactions this block    
2026-08-10T05:53:00.599471Z  WARN ThreadId(20) hotstuff_runner::app: Node 1 view(3448) far exceeds block count (861); potential sync issue    
2026-08-10T05:53:00.702647Z  WARN ThreadId(20) hotstuff_runner::app: Node 1 [produce_block] queue size: 0, attempting up to 0 transactions this block    
2026-08-10T05:53:00.708543Z  WARN ThreadId(20) hotstuff_runner::app: Node 1 view(3452) far exceeds block count (862); potential sync issue    
2026-08-10T05:53:00.790532Z  WARN ThreadId(20) hotstuff_runner::app: Node 1 [produce_block] queue size: 2, attempting up to 2 transactions this block    
2026-08-10T05:53:00.790677Z  WARN ThreadId(20) hotstuff_runner::app: Node 1 view(3456) far exceeds block count (863); potential sync issue    
2026-08-10T05:53:00.850032Z  WARN ThreadId(20) hotstuff_runner::app: Node 1 [produce_block] queue size: 0, attempting up to 0 transactions this block    
2026-08-10T05:53:00.850363Z  WARN ThreadId(20) hotstuff_runner::app: Node 1 view(3460) far exceeds block count (864); potential sync issue    
2026-08-10T05:53:00.943970Z  WARN ThreadId(20) hotstuff_runner::app: Node 1 [produce_block] queue size: 2, attempting up to 2 transactions this block    
2026-08-10T05:53:00.954248Z  WARN ThreadId(20) hotstuff_runner::app: Node 1 view(3464) far exceeds block count (865); potential sync issue    
2026-08-10T05:53:01.020921Z  WARN ThreadId(20) hotstuff_rs::block_tree::invariants: SAFE_PC_FAIL: pc.block=[177, 177, 216, 51, 4, 13, 97, 247, 40, 253, 136, 173, 120, 189, 161, 35, 155, 115, 16, 208, 201, 85, 161, 0, 247, 77, 13, 146, 212, 239, 114, 63] view=3465 phase=Generic | cond1(chain_id/genesis)=true (pc.chain_id=0, my.chain_id=0) | cond2(block_exists/genesis)=false (exists=false) | cond3(view>locked || extends)=true (pc.view=3465, locked.view=3462, extends=false) | cond4(phase/updates)=true (phase_special=false, has_updates=false) | highest_pc.block=[38, 245, 136, 75, 221, 126, 73, 115, 252, 20, 9, 120, 138, 102, 158, 240, 82, 175, 102, 188, 228, 25, 84, 93, 222, 188, 17, 126, 215, 149, 116, 172] highest_pc.view=3463 locked.block=[242, 108, 206, 5, 210, 19, 101, 66, 133, 221, 38, 221, 245, 83, 253, 225, 204, 63, 156, 134, 172, 91, 164, 130, 243, 92, 30, 70, 249, 247, 222, 130] locked.view=3462    
2026-08-10T05:53:01.021717Z  WARN ThreadId(20) hotstuff_rs::block_tree::invariants: SAFE_BLOCK_FAIL: block=[239, 117, 53, 48, 254, 199, 160, 236, 176, 182, 143, 160, 27, 158, 152, 187, 119, 191, 28, 244, 226, 111, 173, 190, 228, 105, 229, 124, 127, 169, 28, 187] height=None | cond1(safe_pc)=false | cond2(is_block_justify)=true (justify.phase=Generic) | justify.block=[177, 177, 216, 51, 4, 13, 97, 247, 40, 253, 136, 173, 120, 189, 161, 35, 155, 115, 16, 208, 201, 85, 161, 0, 247, 77, 13, 146, 212, 239, 114, 63] justify.view=3465 | highest_pc.block=[38, 245, 136, 75, 221, 126, 73, 115, 252, 20, 9, 120, 138, 102, 158, 240, 82, 175, 102, 188, 228, 25, 84, 93, 222, 188, 17, 126, 215, 149, 116, 172] highest_pc.view=3463 | locked.block=[242, 108, 206, 5, 210, 19, 101, 66, 133, 221, 38, 221, 245, 83, 253, 225, 204, 63, 156, 134, 172, 91, 164, 130, 243, 92, 30, 70, 249, 247, 222, 130] locked.view=3462    
2026-08-10T05:53:01.083446Z  WARN ThreadId(20) hotstuff_rs::block_tree::invariants: SAFE_PC_FAIL: pc.block=[239, 117, 53, 48, 254, 199, 160, 236, 176, 182, 143, 160, 27, 158, 152, 187, 119, 191, 28, 244, 226, 111, 173, 190, 228, 105, 229, 124, 127, 169, 28, 187] view=3466 phase=Generic | cond1(chain_id/genesis)=true (pc.chain_id=0, my.chain_id=0) | cond2(block_exists/genesis)=false (exists=false) | cond3(view>locked || extends)=true (pc.view=3466, locked.view=3462, extends=false) | cond4(phase/updates)=true (phase_special=false, has_updates=false) | highest_pc.block=[38, 245, 136, 75, 221, 126, 73, 115, 252, 20, 9, 120, 138, 102, 158, 240, 82, 175, 102, 188, 228, 25, 84, 93, 222, 188, 17, 126, 215, 149, 116, 172] highest_pc.view=3463 locked.block=[242, 108, 206, 5, 210, 19, 101, 66, 133, 221, 38, 221, 245, 83, 253, 225, 204, 63, 156, 134, 172, 91, 164, 130, 243, 92, 30, 70, 249, 247, 222, 130] locked.view=3462    
2026-08-10T05:53:01.083655Z  WARN ThreadId(20) hotstuff_rs::block_tree::invariants: SAFE_BLOCK_FAIL: block=[234, 147, 82, 84, 164, 162, 161, 115, 27, 90, 243, 137, 136, 212, 6, 203, 209, 35, 35, 240, 52, 121, 246, 45, 236, 72, 102, 231, 212, 222, 31, 62] height=None | cond1(safe_pc)=false | cond2(is_block_justify)=true (justify.phase=Generic) | justify.block=[239, 117, 53, 48, 254, 199, 160, 236, 176, 182, 143, 160, 27, 158, 152, 187, 119, 191, 28, 244, 226, 111, 173, 190, 228, 105, 229, 124, 127, 169, 28, 187] justify.view=3466 | highest_pc.block=[38, 245, 136, 75, 221, 126, 73, 115, 252, 20, 9, 120, 138, 102, 158, 240, 82, 175, 102, 188, 228, 25, 84, 93, 222, 188, 17, 126, 215, 149, 116, 172] highest_pc.view=3463 | locked.block=[242, 108, 206, 5, 210, 19, 101, 66, 133, 221, 38, 221, 245, 83, 253, 225, 204, 63, 156, 134, 172, 91, 164, 130, 243, 92, 30, 70, 249, 247, 222, 130] locked.view=3462    
2026-08-10T05:53:01.140079Z  WARN ThreadId(20) hotstuff_rs::block_tree::invariants: SAFE_PC_FAIL: pc.block=[234, 147, 82, 84, 164, 162, 161, 115, 27, 90, 243, 137, 136, 212, 6, 203, 209, 35, 35, 240, 52, 121, 246, 45, 236, 72, 102, 231, 212, 222, 31, 62] view=3467 phase=Generic | cond1(chain_id/genesis)=true (pc.chain_id=0, my.chain_id=0) | cond2(block_exists/genesis)=false (exists=false) | cond3(view>locked || extends)=true (pc.view=3467, locked.view=3462, extends=false) | cond4(phase/updates)=true (phase_special=false, has_updates=false) | highest_pc.block=[38, 245, 136, 75, 221, 126, 73, 115, 252, 20, 9, 120, 138, 102, 158, 240, 82, 175, 102, 188, 228, 25, 84, 93, 222, 188, 17, 126, 215, 149, 116, 172] highest_pc.view=3463 locked.block=[242, 108, 206, 5, 210, 19, 101, 66, 133, 221, 38, 221, 245, 83, 253, 225, 204, 63, 156, 134, 172, 91, 164, 130, 243, 92, 30, 70, 249, 247, 222, 130] locked.view=3462    
2026-08-10T05:53:01.152180Z  WARN ThreadId(20) hotstuff_rs::block_tree::invariants: SAFE_PC_FAIL: pc.block=[239, 117, 53, 48, 254, 199, 160, 236, 176, 182, 143, 160, 27, 158, 152, 187, 119, 191, 28, 244, 226, 111, 173, 190, 228, 105, 229, 124, 127, 169, 28, 187] view=3466 phase=Generic | cond1(chain_id/genesis)=true (pc.chain_id=0, my.chain_id=0) | cond2(block_exists/genesis)=false (exists=false) | cond3(view>locked || extends)=true (pc.view=3466, locked.view=3463, extends=false) | cond4(phase/updates)=true (phase_special=false, has_updates=false) | highest_pc.block=[164, 90, 209, 219, 142, 177, 241, 219, 86, 50, 79, 54, 103, 242, 20, 167, 179, 189, 113, 56, 212, 116, 224, 73, 207, 150, 50, 133, 106, 32, 238, 6] highest_pc.view=3464 locked.block=[38, 245, 136, 75, 221, 126, 73, 115, 252, 20, 9, 120, 138, 102, 158, 240, 82, 175, 102, 188, 228, 25, 84, 93, 222, 188, 17, 126, 215, 149, 116, 172] locked.view=3463    
2026-08-10T05:53:01.554089Z  WARN ThreadId(20) hotstuff_runner::app: Node 1 [produce_block] queue size: 6, attempting up to 6 transactions this block    
2026-08-10T05:53:01.554621Z  WARN ThreadId(20) hotstuff_runner::app: Node 1 view(3468) far exceeds block count (866); potential sync issue    
2026-08-10T05:53:01.660579Z  WARN ThreadId(20) hotstuff_runner::app: Node 1 [produce_block] queue size: 0, attempting up to 0 transactions this block    
2026-08-10T05:53:01.661356Z  WARN ThreadId(20) hotstuff_runner::app: Node 1 view(3472) far exceeds block count (867); potential sync issue    
2026-08-10T05:53:01.730208Z  WARN ThreadId(20) hotstuff_runner::app: Node 1 [produce_block] queue size: 0, attempting up to 0 transactions this block    
2026-08-10T05:53:01.731159Z  WARN ThreadId(20) hotstuff_runner::app: Node 1 view(3476) far exceeds block count (868); potential sync issue    
2026-08-10T05:53:01.851444Z  WARN ThreadId(20) hotstuff_runner::app: Node 1 [produce_block] queue size: 2, attempting up to 2 transactions this block    
2026-08-10T05:53:01.852212Z  WARN ThreadId(20) hotstuff_runner::app: Node 1 view(3480) far exceeds block count (869); potential sync issue    
2026-08-10T05:53:01.960711Z  WARN ThreadId(20) hotstuff_runner::app: Node 1 [produce_block] queue size: 2, attempting up to 2 transactions this block    
2026-08-10T05:53:01.964738Z  WARN ThreadId(20) hotstuff_runner::app: Node 1 view(3484) far exceeds block count (870); potential sync issue    
2026-08-10T05:53:02.040210Z  WARN ThreadId(20) hotstuff_runner::app: Node 1 [produce_block] queue size: 0, attempting up to 0 transactions this block    
2026-08-10T05:53:02.040426Z  WARN ThreadId(20) hotstuff_runner::app: Node 1 view(3488) far exceeds block count (871); potential sync issue    
2026-08-10T05:53:02.161713Z  WARN ThreadId(20) hotstuff_runner::app: Node 1 [produce_block] queue size: 2, attempting up to 2 transactions this block    
2026-08-10T05:53:02.162366Z  WARN ThreadId(20) hotstuff_runner::app: Node 1 view(3492) far exceeds block count (872); potential sync issue    
2026-08-10T05:53:02.260075Z  WARN ThreadId(20) hotstuff_runner::app: Node 1 [produce_block] queue size: 0, attempting up to 0 transactions this block    
2026-08-10T05:53:02.266159Z  WARN ThreadId(20) hotstuff_runner::app: Node 1 view(3496) far exceeds block count (873); potential sync issue    
2026-08-10T05:53:02.343239Z  WARN ThreadId(20) hotstuff_runner::app: Node 1 [produce_block] queue size: 0, attempting up to 0 transactions this block    
2026-08-10T05:53:02.343664Z  WARN ThreadId(20) hotstuff_runner::app: Node 1 view(3500) far exceeds block count (874); potential sync issue    
2026-08-10T05:53:02.433591Z  WARN ThreadId(20) hotstuff_runner::app: Node 1 [produce_block] queue size: 2, attempting up to 2 transactions this block    
2026-08-10T05:53:02.434786Z  WARN ThreadId(20) hotstuff_runner::app: Node 1 view(3504) far exceeds block count (875); potential sync issue    
2026-08-10T05:53:02.526612Z  WARN ThreadId(20) hotstuff_runner::app: Node 1 [produce_block] queue size: 0, attempting up to 0 transactions this block    
2026-08-10T05:53:02.529220Z  WARN ThreadId(20) hotstuff_runner::app: Node 1 view(3508) far exceeds block count (876); potential sync issue    
2026-08-10T05:53:02.616534Z  WARN ThreadId(20) hotstuff_runner::app: Node 1 [produce_block] queue size: 2, attempting up to 2 transactions this block    
2026-08-10T05:53:02.618352Z  WARN ThreadId(20) hotstuff_runner::app: Node 1 view(3512) far exceeds block count (877); potential sync issue    
2026-08-10T05:53:02.714528Z  WARN ThreadId(20) hotstuff_runner::app: Node 1 [produce_block] queue size: 0, attempting up to 0 transactions this block    
2026-08-10T05:53:02.715101Z  WARN ThreadId(20) hotstuff_runner::app: Node 1 view(3516) far exceeds block count (878); potential sync issue    
2026-08-10T05:53:02.788994Z  WARN ThreadId(20) hotstuff_runner::app: Node 1 [produce_block] queue size: 2, attempting up to 2 transactions this block    
2026-08-10T05:53:02.789431Z  WARN ThreadId(20) hotstuff_runner::app: Node 1 view(3520) far exceeds block count (879); potential sync issue    
2026-08-10T05:53:02.858414Z  WARN ThreadId(20) hotstuff_runner::app: Node 1 [produce_block] queue size: 0, attempting up to 0 transactions this block    
2026-08-10T05:53:02.860652Z  WARN ThreadId(20) hotstuff_runner::app: Node 1 view(3524) far exceeds block count (880); potential sync issue    
2026-08-10T05:53:02.952920Z  WARN ThreadId(20) hotstuff_runner::app: Node 1 [produce_block] queue size: 2, attempting up to 2 transactions this block    
2026-08-10T05:53:02.953325Z  WARN ThreadId(20) hotstuff_runner::app: Node 1 view(3528) far exceeds block count (881); potential sync issue    
2026-08-10T05:53:03.015904Z  WARN ThreadId(20) hotstuff_runner::app: Node 1 [produce_block] queue size: 0, attempting up to 0 transactions this block    
2026-08-10T05:53:03.016779Z  WARN ThreadId(20) hotstuff_runner::app: Node 1 view(3532) far exceeds block count (882); potential sync issue    
2026-08-10T05:53:03.083880Z  WARN ThreadId(20) hotstuff_runner::app: Node 1 [produce_block] queue size: 2, attempting up to 2 transactions this block    
2026-08-10T05:53:03.084434Z  WARN ThreadId(20) hotstuff_runner::app: Node 1 view(3536) far exceeds block count (883); potential sync issue    
2026-08-10T05:53:03.177752Z  WARN ThreadId(20) hotstuff_runner::app: Node 1 [produce_block] queue size: 0, attempting up to 0 transactions this block    
2026-08-10T05:53:03.178793Z  WARN ThreadId(20) hotstuff_runner::app: Node 1 view(3540) far exceeds block count (884); potential sync issue    
2026-08-10T05:53:03.308302Z  WARN ThreadId(20) hotstuff_runner::app: Node 1 [produce_block] queue size: 0, attempting up to 0 transactions this block    
2026-08-10T05:53:03.308594Z  WARN ThreadId(20) hotstuff_runner::app: Node 1 view(3544) far exceeds block count (885); potential sync issue    
2026-08-10T05:53:03.415800Z  WARN ThreadId(20) hotstuff_runner::app: Node 1 [produce_block] queue size: 2, attempting up to 2 transactions this block    
2026-08-10T05:53:03.417175Z  WARN ThreadId(20) hotstuff_runner::app: Node 1 view(3548) far exceeds block count (886); potential sync issue    
2026-08-10T05:53:03.485193Z  WARN ThreadId(20) hotstuff_runner::app: Node 1 [produce_block] queue size: 0, attempting up to 0 transactions this block    
2026-08-10T05:53:03.485548Z  WARN ThreadId(20) hotstuff_runner::app: Node 1 view(3552) far exceeds block count (887); potential sync issue    
2026-08-10T05:53:03.562669Z  WARN ThreadId(20) hotstuff_runner::app: Node 1 [produce_block] queue size: 2, attempting up to 2 transactions this block    
2026-08-10T05:53:03.563018Z  WARN ThreadId(20) hotstuff_runner::app: Node 1 view(3556) far exceeds block count (888); potential sync issue    
2026-08-10T05:53:03.682675Z  WARN ThreadId(20) hotstuff_runner::app: Node 1 [produce_block] queue size: 2, attempting up to 2 transactions this block    
2026-08-10T05:53:03.683338Z  WARN ThreadId(20) hotstuff_runner::app: Node 1 view(3560) far exceeds block count (889); potential sync issue    
2026-08-10T05:53:03.827760Z  WARN ThreadId(20) hotstuff_runner::app: Node 1 [produce_block] queue size: 0, attempting up to 0 transactions this block    
2026-08-10T05:53:03.829139Z  WARN ThreadId(20) hotstuff_runner::app: Node 1 view(3564) far exceeds block count (890); potential sync issue    
2026-08-10T05:53:03.895873Z  WARN ThreadId(20) hotstuff_runner::app: Node 1 [produce_block] queue size: 2, attempting up to 2 transactions this block    
2026-08-10T05:53:03.897735Z  WARN ThreadId(20) hotstuff_runner::app: Node 1 view(3568) far exceeds block count (891); potential sync issue    
2026-08-10T05:53:03.971786Z  WARN ThreadId(20) hotstuff_runner::app: Node 1 [produce_block] queue size: 0, attempting up to 0 transactions this block    
2026-08-10T05:53:03.978743Z  WARN ThreadId(20) hotstuff_runner::app: Node 1 view(3572) far exceeds block count (892); potential sync issue    
2026-08-10T05:53:04.154909Z  WARN ThreadId(20) hotstuff_runner::app: Node 1 [produce_block] queue size: 2, attempting up to 2 transactions this block    
2026-08-10T05:53:04.155096Z  WARN ThreadId(20) hotstuff_runner::app: Node 1 view(3576) far exceeds block count (893); potential sync issue    
2026-08-10T05:53:04.248450Z  WARN ThreadId(20) hotstuff_runner::app: Node 1 [produce_block] queue size: 0, attempting up to 0 transactions this block    
2026-08-10T05:53:04.250013Z  WARN ThreadId(20) hotstuff_runner::app: Node 1 view(3580) far exceeds block count (894); potential sync issue    
2026-08-10T05:53:04.339046Z  WARN ThreadId(20) hotstuff_runner::app: Node 1 [produce_block] queue size: 2, attempting up to 2 transactions this block    
2026-08-10T05:53:04.340655Z  WARN ThreadId(20) hotstuff_runner::app: Node 1 view(3584) far exceeds block count (895); potential sync issue    
2026-08-10T05:53:04.457229Z  WARN ThreadId(20) hotstuff_runner::app: Node 1 [produce_block] queue size: 0, attempting up to 0 transactions this block    
2026-08-10T05:53:04.457740Z  WARN ThreadId(20) hotstuff_runner::app: Node 1 view(3588) far exceeds block count (896); potential sync issue    
2026-08-10T05:53:04.532959Z  WARN ThreadId(20) hotstuff_runner::app: Node 1 [produce_block] queue size: 2, attempting up to 2 transactions this block    
2026-08-10T05:53:04.536782Z  WARN ThreadId(20) hotstuff_runner::app: Node 1 view(3592) far exceeds block count (897); potential sync issue    
2026-08-10T05:53:04.621018Z  WARN ThreadId(20) hotstuff_runner::app: Node 1 [produce_block] queue size: 0, attempting up to 0 transactions this block    
2026-08-10T05:53:04.621628Z  WARN ThreadId(20) hotstuff_runner::app: Node 1 view(3596) far exceeds block count (898); potential sync issue    
2026-08-10T05:53:04.738844Z  WARN ThreadId(20) hotstuff_runner::app: Node 1 [produce_block] queue size: 2, attempting up to 2 transactions this block    
2026-08-10T05:53:04.742690Z  WARN ThreadId(20) hotstuff_runner::app: Node 1 view(3600) far exceeds block count (899); potential sync issue    
2026-08-10T05:53:04.842514Z  WARN ThreadId(20) hotstuff_runner::app: Node 1 [produce_block] queue size: 0, attempting up to 0 transactions this block    
2026-08-10T05:53:04.842636Z  WARN ThreadId(20) hotstuff_runner::app: Node 1 view(3604) far exceeds block count (900); potential sync issue    
2026-08-10T05:53:04.941261Z  WARN ThreadId(20) hotstuff_runner::app: Node 1 [produce_block] queue size: 0, attempting up to 0 transactions this block    
2026-08-10T05:53:04.942001Z  WARN ThreadId(20) hotstuff_runner::app: Node 1 view(3608) far exceeds block count (901); potential sync issue    
2026-08-10T05:53:05.058902Z  WARN ThreadId(20) hotstuff_runner::app: Node 1 [produce_block] queue size: 2, attempting up to 2 transactions this block    
2026-08-10T05:53:05.060316Z  WARN ThreadId(20) hotstuff_runner::app: Node 1 view(3612) far exceeds block count (902); potential sync issue    
2026-08-10T05:53:05.166604Z  WARN ThreadId(20) hotstuff_runner::app: Node 1 [produce_block] queue size: 2, attempting up to 2 transactions this block    
2026-08-10T05:53:05.166964Z  WARN ThreadId(20) hotstuff_runner::app: Node 1 view(3616) far exceeds block count (903); potential sync issue    
2026-08-10T05:53:05.258096Z  WARN ThreadId(20) hotstuff_runner::app: Node 1 [produce_block] queue size: 0, attempting up to 0 transactions this block    
2026-08-10T05:53:05.259634Z  WARN ThreadId(20) hotstuff_runner::app: Node 1 view(3620) far exceeds block count (904); potential sync issue    
2026-08-10T05:53:05.353305Z  WARN ThreadId(20) hotstuff_runner::app: Node 1 [produce_block] queue size: 2, attempting up to 2 transactions this block    
2026-08-10T05:53:05.353834Z  WARN ThreadId(20) hotstuff_runner::app: Node 1 view(3624) far exceeds block count (905); potential sync issue    
2026-08-10T05:53:05.424659Z  WARN ThreadId(20) hotstuff_runner::app: Node 1 [produce_block] queue size: 0, attempting up to 0 transactions this block    
2026-08-10T05:53:05.425360Z  WARN ThreadId(20) hotstuff_runner::app: Node 1 view(3628) far exceeds block count (906); potential sync issue    
2026-08-10T05:53:05.495850Z  WARN ThreadId(20) hotstuff_runner::app: Node 1 [produce_block] queue size: 0, attempting up to 0 transactions this block    
2026-08-10T05:53:05.496181Z  WARN ThreadId(20) hotstuff_runner::app: Node 1 view(3632) far exceeds block count (907); potential sync issue    
2026-08-10T05:53:05.576291Z  WARN ThreadId(20) hotstuff_runner::app: Node 1 [produce_block] queue size: 2, attempting up to 2 transactions this block    
2026-08-10T05:53:05.580955Z  WARN ThreadId(20) hotstuff_runner::app: Node 1 view(3636) far exceeds block count (908); potential sync issue    
2026-08-10T05:53:05.695975Z  WARN ThreadId(20) hotstuff_runner::app: Node 1 [produce_block] queue size: 0, attempting up to 0 transactions this block    
2026-08-10T05:53:05.707192Z  WARN ThreadId(20) hotstuff_runner::app: Node 1 view(3640) far exceeds block count (909); potential sync issue    
2026-08-10T05:53:05.837361Z  WARN ThreadId(20) hotstuff_runner::app: Node 1 [produce_block] queue size: 2, attempting up to 2 transactions this block    
2026-08-10T05:53:05.837924Z  WARN ThreadId(20) hotstuff_runner::app: Node 1 view(3644) far exceeds block count (910); potential sync issue    
2026-08-10T05:53:05.913327Z  WARN ThreadId(20) hotstuff_runner::app: Node 1 [produce_block] queue size: 0, attempting up to 0 transactions this block    
2026-08-10T05:53:05.928297Z  WARN ThreadId(20) hotstuff_runner::app: Node 1 view(3648) far exceeds block count (911); potential sync issue    
2026-08-10T05:53:06.073938Z  WARN ThreadId(20) hotstuff_runner::app: Node 1 [produce_block] queue size: 2, attempting up to 2 transactions this block    
2026-08-10T05:53:06.074126Z  WARN ThreadId(20) hotstuff_runner::app: Node 1 view(3652) far exceeds block count (912); potential sync issue    
2026-08-10T05:53:06.278107Z  WARN ThreadId(20) hotstuff_runner::app: Node 1 [produce_block] queue size: 2, attempting up to 2 transactions this block    
2026-08-10T05:53:06.278206Z  WARN ThreadId(20) hotstuff_runner::app: Node 1 view(3656) far exceeds block count (913); potential sync issue    
2026-08-10T05:53:06.421620Z  WARN ThreadId(20) hotstuff_runner::app: Node 1 [produce_block] queue size: 2, attempting up to 2 transactions this block    
2026-08-10T05:53:06.422003Z  WARN ThreadId(20) hotstuff_runner::app: Node 1 view(3660) far exceeds block count (914); potential sync issue    
2026-08-10T05:53:06.517532Z  WARN ThreadId(20) hotstuff_runner::app: Node 1 [produce_block] queue size: 0, attempting up to 0 transactions this block    
2026-08-10T05:53:06.518525Z  WARN ThreadId(20) hotstuff_runner::app: Node 1 view(3664) far exceeds block count (915); potential sync issue    
2026-08-10T05:53:06.631157Z  WARN ThreadId(20) hotstuff_runner::app: Node 1 [produce_block] queue size: 2, attempting up to 2 transactions this block    
2026-08-10T05:53:06.631350Z  WARN ThreadId(20) hotstuff_runner::app: Node 1 view(3668) far exceeds block count (916); potential sync issue    
2026-08-10T05:53:06.742579Z  WARN ThreadId(20) hotstuff_runner::app: Node 1 [produce_block] queue size: 0, attempting up to 0 transactions this block    
2026-08-10T05:53:06.742933Z  WARN ThreadId(20) hotstuff_runner::app: Node 1 view(3672) far exceeds block count (917); potential sync issue    
2026-08-10T05:53:06.818480Z  WARN ThreadId(20) hotstuff_runner::app: Node 1 [produce_block] queue size: 2, attempting up to 2 transactions this block    
2026-08-10T05:53:06.819244Z  WARN ThreadId(20) hotstuff_runner::app: Node 1 view(3676) far exceeds block count (918); potential sync issue    
2026-08-10T05:53:06.876013Z  WARN ThreadId(20) hotstuff_runner::app: Node 1 [produce_block] queue size: 0, attempting up to 0 transactions this block    
2026-08-10T05:53:06.877002Z  WARN ThreadId(20) hotstuff_runner::app: Node 1 view(3680) far exceeds block count (919); potential sync issue    
2026-08-10T05:53:06.939950Z  WARN ThreadId(20) hotstuff_runner::app: Node 1 [produce_block] queue size: 0, attempting up to 0 transactions this block    
2026-08-10T05:53:06.942505Z  WARN ThreadId(20) hotstuff_runner::app: Node 1 view(3684) far exceeds block count (920); potential sync issue    
2026-08-10T05:53:07.008341Z  WARN ThreadId(20) hotstuff_runner::app: Node 1 [produce_block] queue size: 2, attempting up to 2 transactions this block    
2026-08-10T05:53:07.009169Z  WARN ThreadId(20) hotstuff_runner::app: Node 1 view(3688) far exceeds block count (921); potential sync issue    
2026-08-10T05:53:07.090593Z  WARN ThreadId(20) hotstuff_runner::app: Node 1 [produce_block] queue size: 0, attempting up to 0 transactions this block    
2026-08-10T05:53:07.090813Z  WARN ThreadId(20) hotstuff_runner::app: Node 1 view(3692) far exceeds block count (922); potential sync issue    
2026-08-10T05:53:07.176908Z  WARN ThreadId(20) hotstuff_runner::app: Node 1 [produce_block] queue size: 0, attempting up to 0 transactions this block    
2026-08-10T05:53:07.177733Z  WARN ThreadId(20) hotstuff_runner::app: Node 1 view(3696) far exceeds block count (923); potential sync issue    
2026-08-10T05:53:07.277012Z  WARN ThreadId(20) hotstuff_runner::app: Node 1 [produce_block] queue size: 2, attempting up to 2 transactions this block    
2026-08-10T05:53:07.277197Z  WARN ThreadId(20) hotstuff_runner::app: Node 1 view(3700) far exceeds block count (924); potential sync issue    
2026-08-10T05:53:07.369171Z  WARN ThreadId(20) hotstuff_runner::app: Node 1 [produce_block] queue size: 0, attempting up to 0 transactions this block    
2026-08-10T05:53:07.370470Z  WARN ThreadId(20) hotstuff_runner::app: Node 1 view(3704) far exceeds block count (925); potential sync issue    
2026-08-10T05:53:07.491963Z  WARN ThreadId(20) hotstuff_runner::app: Node 1 [produce_block] queue size: 2, attempting up to 2 transactions this block    
2026-08-10T05:53:07.493646Z  WARN ThreadId(20) hotstuff_runner::app: Node 1 view(3708) far exceeds block count (926); potential sync issue    
2026-08-10T05:53:07.561907Z  WARN ThreadId(20) hotstuff_runner::app: Node 1 [produce_block] queue size: 0, attempting up to 0 transactions this block    
2026-08-10T05:53:07.562089Z  WARN ThreadId(20) hotstuff_runner::app: Node 1 view(3712) far exceeds block count (927); potential sync issue    
2026-08-10T05:53:07.649162Z  WARN ThreadId(20) hotstuff_runner::app: Node 1 [produce_block] queue size: 0, attempting up to 0 transactions this block    
2026-08-10T05:53:07.649330Z  WARN ThreadId(20) hotstuff_runner::app: Node 1 view(3716) far exceeds block count (928); potential sync issue    
2026-08-10T05:53:07.729654Z  WARN ThreadId(20) hotstuff_runner::app: Node 1 [produce_block] queue size: 2, attempting up to 2 transactions this block    
2026-08-10T05:53:07.729808Z  WARN ThreadId(20) hotstuff_runner::app: Node 1 view(3720) far exceeds block count (929); potential sync issue    
2026-08-10T05:53:07.796681Z  WARN ThreadId(20) hotstuff_runner::app: Node 1 [produce_block] queue size: 0, attempting up to 0 transactions this block    
2026-08-10T05:53:07.799918Z  WARN ThreadId(20) hotstuff_runner::app: Node 1 view(3724) far exceeds block count (930); potential sync issue    
2026-08-10T05:53:07.885547Z  WARN ThreadId(20) hotstuff_runner::app: Node 1 [produce_block] queue size: 2, attempting up to 2 transactions this block    
2026-08-10T05:53:07.885675Z  WARN ThreadId(20) hotstuff_runner::app: Node 1 view(3728) far exceeds block count (931); potential sync issue    
2026-08-10T05:53:07.935905Z  WARN ThreadId(20) hotstuff_runner::app: Node 1 [produce_block] queue size: 0, attempting up to 0 transactions this block    
2026-08-10T05:53:07.936552Z  WARN ThreadId(20) hotstuff_runner::app: Node 1 view(3732) far exceeds block count (932); potential sync issue    
2026-08-10T05:53:07.968648Z  WARN ThreadId(20) hotstuff_runner::app: Node 1 [produce_block] queue size: 0, attempting up to 0 transactions this block    
2026-08-10T05:53:07.969053Z  WARN ThreadId(20) hotstuff_runner::app: Node 1 view(3736) far exceeds block count (933); potential sync issue    
2026-08-10T05:53:08.044075Z  WARN ThreadId(20) hotstuff_runner::app: Node 1 [produce_block] queue size: 0, attempting up to 0 transactions this block    
2026-08-10T05:53:08.044621Z  WARN ThreadId(20) hotstuff_runner::app: Node 1 view(3740) far exceeds block count (934); potential sync issue    
2026-08-10T05:53:08.098997Z  WARN ThreadId(20) hotstuff_runner::app: Node 1 [produce_block] queue size: 2, attempting up to 2 transactions this block    
2026-08-10T05:53:08.099631Z  WARN ThreadId(20) hotstuff_runner::app: Node 1 view(3744) far exceeds block count (935); potential sync issue    
2026-08-10T05:53:08.167527Z  WARN ThreadId(20) hotstuff_runner::app: Node 1 [produce_block] queue size: 0, attempting up to 0 transactions this block    
2026-08-10T05:53:08.167691Z  WARN ThreadId(20) hotstuff_runner::app: Node 1 view(3748) far exceeds block count (936); potential sync issue    
2026-08-10T05:53:08.245513Z  WARN ThreadId(20) hotstuff_runner::app: Node 1 [produce_block] queue size: 0, attempting up to 0 transactions this block    
2026-08-10T05:53:08.246215Z  WARN ThreadId(20) hotstuff_runner::app: Node 1 view(3752) far exceeds block count (937); potential sync issue    
2026-08-10T05:53:08.344357Z  WARN ThreadId(20) hotstuff_runner::app: Node 1 [produce_block] queue size: 2, attempting up to 2 transactions this block    
2026-08-10T05:53:08.345045Z  WARN ThreadId(20) hotstuff_runner::app: Node 1 view(3756) far exceeds block count (938); potential sync issue    
2026-08-10T05:53:08.409382Z  WARN ThreadId(20) hotstuff_runner::app: Node 1 [produce_block] queue size: 0, attempting up to 0 transactions this block    
2026-08-10T05:53:08.410398Z  WARN ThreadId(20) hotstuff_runner::app: Node 1 view(3760) far exceeds block count (939); potential sync issue    
2026-08-10T05:53:08.507899Z  WARN ThreadId(20) hotstuff_runner::app: Node 1 [produce_block] queue size: 2, attempting up to 2 transactions this block    
2026-08-10T05:53:08.508576Z  WARN ThreadId(20) hotstuff_runner::app: Node 1 view(3764) far exceeds block count (940); potential sync issue    
2026-08-10T05:53:08.613740Z  WARN ThreadId(20) hotstuff_runner::app: Node 1 [produce_block] queue size: 0, attempting up to 0 transactions this block    
2026-08-10T05:53:08.622854Z  WARN ThreadId(20) hotstuff_runner::app: Node 1 view(3768) far exceeds block count (941); potential sync issue    
2026-08-10T05:53:08.765770Z  WARN ThreadId(20) hotstuff_runner::app: Node 1 [produce_block] queue size: 2, attempting up to 2 transactions this block    
2026-08-10T05:53:08.766029Z  WARN ThreadId(20) hotstuff_runner::app: Node 1 view(3772) far exceeds block count (942); potential sync issue    
2026-08-10T05:53:08.857338Z  WARN ThreadId(20) hotstuff_runner::app: Node 1 [produce_block] queue size: 0, attempting up to 0 transactions this block    
2026-08-10T05:53:08.857953Z  WARN ThreadId(20) hotstuff_runner::app: Node 1 view(3776) far exceeds block count (943); potential sync issue    
2026-08-10T05:53:08.985303Z  WARN ThreadId(20) hotstuff_runner::app: Node 1 [produce_block] queue size: 2, attempting up to 2 transactions this block    
2026-08-10T05:53:08.985574Z  WARN ThreadId(20) hotstuff_runner::app: Node 1 view(3780) far exceeds block count (944); potential sync issue    
2026-08-10T05:53:09.070459Z  WARN ThreadId(20) hotstuff_runner::app: Node 1 [produce_block] queue size: 2, attempting up to 2 transactions this block    
2026-08-10T05:53:09.070688Z  WARN ThreadId(20) hotstuff_runner::app: Node 1 view(3784) far exceeds block count (945); potential sync issue    
2026-08-10T05:53:09.141927Z  WARN ThreadId(20) hotstuff_runner::app: Node 1 [produce_block] queue size: 0, attempting up to 0 transactions this block    
2026-08-10T05:53:09.142282Z  WARN ThreadId(20) hotstuff_runner::app: Node 1 view(3788) far exceeds block count (946); potential sync issue    
2026-08-10T05:53:09.223216Z  WARN ThreadId(20) hotstuff_runner::app: Node 1 [produce_block] queue size: 2, attempting up to 2 transactions this block    
2026-08-10T05:53:09.223763Z  WARN ThreadId(20) hotstuff_runner::app: Node 1 view(3792) far exceeds block count (947); potential sync issue    
2026-08-10T05:53:09.288971Z  WARN ThreadId(20) hotstuff_runner::app: Node 1 [produce_block] queue size: 0, attempting up to 0 transactions this block    
2026-08-10T05:53:09.289918Z  WARN ThreadId(20) hotstuff_runner::app: Node 1 view(3796) far exceeds block count (948); potential sync issue    
2026-08-10T05:53:09.364589Z  WARN ThreadId(20) hotstuff_runner::app: Node 1 [produce_block] queue size: 0, attempting up to 0 transactions this block    
2026-08-10T05:53:09.365086Z  WARN ThreadId(20) hotstuff_runner::app: Node 1 view(3800) far exceeds block count (949); potential sync issue    
2026-08-10T05:53:09.443934Z  WARN ThreadId(20) hotstuff_runner::app: Node 1 [produce_block] queue size: 0, attempting up to 0 transactions this block    
2026-08-10T05:53:09.444198Z  WARN ThreadId(20) hotstuff_runner::app: Node 1 view(3804) far exceeds block count (950); potential sync issue    
2026-08-10T05:53:09.554274Z  WARN ThreadId(20) hotstuff_runner::app: Node 1 [produce_block] queue size: 2, attempting up to 2 transactions this block    
2026-08-10T05:53:09.563009Z  WARN ThreadId(20) hotstuff_runner::app: Node 1 view(3808) far exceeds block count (951); potential sync issue    
2026-08-10T05:53:09.667236Z  WARN ThreadId(20) hotstuff_runner::app: Node 1 [produce_block] queue size: 2, attempting up to 2 transactions this block    
2026-08-10T05:53:09.667576Z  WARN ThreadId(20) hotstuff_runner::app: Node 1 view(3812) far exceeds block count (952); potential sync issue    
2026-08-10T05:53:09.782900Z  WARN ThreadId(20) hotstuff_runner::app: Node 1 [produce_block] queue size: 0, attempting up to 0 transactions this block    
2026-08-10T05:53:09.789604Z  WARN ThreadId(20) hotstuff_runner::app: Node 1 view(3816) far exceeds block count (953); potential sync issue    
2026-08-10T05:53:09.917710Z  WARN ThreadId(20) hotstuff_runner::app: Node 1 [produce_block] queue size: 2, attempting up to 2 transactions this block    
2026-08-10T05:53:09.921308Z  WARN ThreadId(20) hotstuff_runner::app: Node 1 view(3820) far exceeds block count (954); potential sync issue    
2026-08-10T05:53:10.044846Z  WARN ThreadId(20) hotstuff_runner::app: Node 1 [produce_block] queue size: 0, attempting up to 0 transactions this block    
2026-08-10T05:53:10.045173Z  WARN ThreadId(20) hotstuff_runner::app: Node 1 view(3824) far exceeds block count (955); potential sync issue    
2026-08-10T05:53:10.129544Z  WARN ThreadId(20) hotstuff_runner::app: Node 1 [produce_block] queue size: 2, attempting up to 2 transactions this block    
2026-08-10T05:53:10.130075Z  WARN ThreadId(20) hotstuff_runner::app: Node 1 view(3828) far exceeds block count (956); potential sync issue    
2026-08-10T05:53:10.222884Z  WARN ThreadId(20) hotstuff_runner::app: Node 1 [produce_block] queue size: 0, attempting up to 0 transactions this block    
2026-08-10T05:53:10.224366Z  WARN ThreadId(20) hotstuff_runner::app: Node 1 view(3832) far exceeds block count (957); potential sync issue    
2026-08-10T05:53:10.352707Z  WARN ThreadId(20) hotstuff_runner::app: Node 1 [produce_block] queue size: 2, attempting up to 2 transactions this block    
2026-08-10T05:53:10.352998Z  WARN ThreadId(20) hotstuff_runner::app: Node 1 view(3836) far exceeds block count (958); potential sync issue    
2026-08-10T05:53:10.452377Z  WARN ThreadId(20) hotstuff_runner::app: Node 1 [produce_block] queue size: 0, attempting up to 0 transactions this block    
2026-08-10T05:53:10.455345Z  WARN ThreadId(20) hotstuff_runner::app: Node 1 view(3840) far exceeds block count (959); potential sync issue    
2026-08-10T05:53:10.564152Z  WARN ThreadId(20) hotstuff_runner::app: Node 1 [produce_block] queue size: 0, attempting up to 0 transactions this block    
2026-08-10T05:53:10.569044Z  WARN ThreadId(20) hotstuff_runner::app: Node 1 view(3844) far exceeds block count (960); potential sync issue    
2026-08-10T05:53:10.632662Z  WARN ThreadId(20) hotstuff_runner::app: Node 1 [produce_block] queue size: 0, attempting up to 0 transactions this block    
2026-08-10T05:53:10.633292Z  WARN ThreadId(20) hotstuff_runner::app: Node 1 view(3848) far exceeds block count (961); potential sync issue    
2026-08-10T05:53:10.732208Z  WARN ThreadId(20) hotstuff_runner::app: Node 1 [produce_block] queue size: 2, attempting up to 2 transactions this block    
2026-08-10T05:53:10.732359Z  WARN ThreadId(20) hotstuff_runner::app: Node 1 view(3852) far exceeds block count (962); potential sync issue    
2026-08-10T05:53:10.828901Z  WARN ThreadId(20) hotstuff_runner::app: Node 1 [produce_block] queue size: 0, attempting up to 0 transactions this block    
2026-08-10T05:53:10.830240Z  WARN ThreadId(20) hotstuff_runner::app: Node 1 view(3856) far exceeds block count (963); potential sync issue    
2026-08-10T05:53:10.883875Z  WARN ThreadId(20) hotstuff_runner::app: Node 1 [produce_block] queue size: 2, attempting up to 2 transactions this block    
2026-08-10T05:53:10.884074Z  WARN ThreadId(20) hotstuff_runner::app: Node 1 view(3860) far exceeds block count (964); potential sync issue    
2026-08-10T05:53:10.968904Z  WARN ThreadId(20) hotstuff_runner::app: Node 1 [produce_block] queue size: 0, attempting up to 0 transactions this block    
2026-08-10T05:53:10.969046Z  WARN ThreadId(20) hotstuff_runner::app: Node 1 view(3864) far exceeds block count (965); potential sync issue    
2026-08-10T05:53:11.028504Z  WARN ThreadId(20) hotstuff_runner::app: Node 1 [produce_block] queue size: 0, attempting up to 0 transactions this block    
2026-08-10T05:53:11.032331Z  WARN ThreadId(20) hotstuff_runner::app: Node 1 view(3868) far exceeds block count (966); potential sync issue    
2026-08-10T05:53:11.143996Z  WARN ThreadId(20) hotstuff_runner::app: Node 1 [produce_block] queue size: 2, attempting up to 2 transactions this block    
2026-08-10T05:53:11.144545Z  WARN ThreadId(20) hotstuff_runner::app: Node 1 view(3872) far exceeds block count (967); potential sync issue    
2026-08-10T05:53:11.250578Z  WARN ThreadId(20) hotstuff_runner::app: Node 1 [produce_block] queue size: 0, attempting up to 0 transactions this block    
2026-08-10T05:53:11.250797Z  WARN ThreadId(20) hotstuff_runner::app: Node 1 view(3876) far exceeds block count (968); potential sync issue    
2026-08-10T05:53:11.398883Z  WARN ThreadId(20) hotstuff_runner::app: Node 1 [produce_block] queue size: 2, attempting up to 2 transactions this block    
2026-08-10T05:53:11.403167Z  WARN ThreadId(20) hotstuff_runner::app: Node 1 view(3880) far exceeds block count (969); potential sync issue    
2026-08-10T05:53:11.482728Z  WARN ThreadId(20) hotstuff_runner::app: Node 1 [produce_block] queue size: 0, attempting up to 0 transactions this block    
2026-08-10T05:53:11.483824Z  WARN ThreadId(20) hotstuff_runner::app: Node 1 view(3884) far exceeds block count (970); potential sync issue    
2026-08-10T05:53:11.576191Z  WARN ThreadId(20) hotstuff_runner::app: Node 1 [produce_block] queue size: 2, attempting up to 2 transactions this block    
2026-08-10T05:53:11.576520Z  WARN ThreadId(20) hotstuff_runner::app: Node 1 view(3888) far exceeds block count (971); potential sync issue    
2026-08-10T05:53:11.722796Z  WARN ThreadId(20) hotstuff_runner::app: Node 1 [produce_block] queue size: 2, attempting up to 2 transactions this block    
2026-08-10T05:53:11.723278Z  WARN ThreadId(20) hotstuff_runner::app: Node 1 view(3892) far exceeds block count (972); potential sync issue    
2026-08-10T05:53:11.794448Z  WARN ThreadId(20) hotstuff_runner::app: Node 1 [produce_block] queue size: 0, attempting up to 0 transactions this block    
2026-08-10T05:53:11.796804Z  WARN ThreadId(20) hotstuff_runner::app: Node 1 view(3896) far exceeds block count (973); potential sync issue    
2026-08-10T05:53:11.879404Z  WARN ThreadId(20) hotstuff_runner::app: Node 1 [produce_block] queue size: 0, attempting up to 0 transactions this block    
2026-08-10T05:53:11.879757Z  WARN ThreadId(20) hotstuff_runner::app: Node 1 view(3900) far exceeds block count (974); potential sync issue    
2026-08-10T05:53:11.936223Z  WARN ThreadId(20) hotstuff_runner::app: Node 1 [produce_block] queue size: 2, attempting up to 2 transactions this block    
2026-08-10T05:53:11.937048Z  WARN ThreadId(20) hotstuff_runner::app: Node 1 view(3904) far exceeds block count (975); potential sync issue    
2026-08-10T05:53:11.996522Z  WARN ThreadId(20) hotstuff_runner::app: Node 1 [produce_block] queue size: 0, attempting up to 0 transactions this block    
2026-08-10T05:53:11.997458Z  WARN ThreadId(20) hotstuff_runner::app: Node 1 view(3908) far exceeds block count (976); potential sync issue    
2026-08-10T05:53:12.071467Z  WARN ThreadId(20) hotstuff_runner::app: Node 1 [produce_block] queue size: 0, attempting up to 0 transactions this block    
2026-08-10T05:53:12.072166Z  WARN ThreadId(20) hotstuff_runner::app: Node 1 view(3912) far exceeds block count (977); potential sync issue    
2026-08-10T05:53:12.174556Z  WARN ThreadId(20) hotstuff_runner::app: Node 1 [produce_block] queue size: 0, attempting up to 0 transactions this block    
2026-08-10T05:53:12.175179Z  WARN ThreadId(20) hotstuff_runner::app: Node 1 view(3916) far exceeds block count (978); potential sync issue    
2026-08-10T05:53:12.253906Z  WARN ThreadId(20) hotstuff_runner::app: Node 1 [produce_block] queue size: 0, attempting up to 0 transactions this block    
2026-08-10T05:53:12.254370Z  WARN ThreadId(20) hotstuff_runner::app: Node 1 view(3920) far exceeds block count (979); potential sync issue    
2026-08-10T05:53:12.341081Z  WARN ThreadId(20) hotstuff_runner::app: Node 1 [produce_block] queue size: 0, attempting up to 0 transactions this block    
2026-08-10T05:53:12.341675Z  WARN ThreadId(20) hotstuff_runner::app: Node 1 view(3924) far exceeds block count (980); potential sync issue    
2026-08-10T05:53:12.421853Z  WARN ThreadId(20) hotstuff_runner::app: Node 1 [produce_block] queue size: 2, attempting up to 2 transactions this block    
2026-08-10T05:53:12.425982Z  WARN ThreadId(20) hotstuff_runner::app: Node 1 view(3928) far exceeds block count (981); potential sync issue    
2026-08-10T05:53:12.524720Z  WARN ThreadId(20) hotstuff_runner::app: Node 1 [produce_block] queue size: 0, attempting up to 0 transactions this block    
2026-08-10T05:53:12.524835Z  WARN ThreadId(20) hotstuff_runner::app: Node 1 view(3932) far exceeds block count (982); potential sync issue    
2026-08-10T05:53:12.631176Z  WARN ThreadId(20) hotstuff_runner::app: Node 1 [produce_block] queue size: 2, attempting up to 2 transactions this block    
2026-08-10T05:53:12.631836Z  WARN ThreadId(20) hotstuff_runner::app: Node 1 view(3936) far exceeds block count (983); potential sync issue    
2026-08-10T05:53:12.727075Z  WARN ThreadId(20) hotstuff_runner::app: Node 1 [produce_block] queue size: 0, attempting up to 0 transactions this block    
2026-08-10T05:53:12.728070Z  WARN ThreadId(20) hotstuff_runner::app: Node 1 view(3940) far exceeds block count (984); potential sync issue    
2026-08-10T05:53:12.795929Z  WARN ThreadId(20) hotstuff_runner::app: Node 1 [produce_block] queue size: 2, attempting up to 2 transactions this block    
2026-08-10T05:53:12.796208Z  WARN ThreadId(20) hotstuff_runner::app: Node 1 view(3944) far exceeds block count (985); potential sync issue    
2026-08-10T05:53:12.886454Z  WARN ThreadId(20) hotstuff_runner::app: Node 1 [produce_block] queue size: 0, attempting up to 0 transactions this block    
2026-08-10T05:53:12.888740Z  WARN ThreadId(20) hotstuff_runner::app: Node 1 view(3948) far exceeds block count (986); potential sync issue    
2026-08-10T05:53:13.032913Z  WARN ThreadId(20) hotstuff_runner::app: Node 1 [produce_block] queue size: 2, attempting up to 2 transactions this block    
2026-08-10T05:53:13.036061Z  WARN ThreadId(20) hotstuff_runner::app: Node 1 view(3952) far exceeds block count (987); potential sync issue    
2026-08-10T05:53:13.110508Z  WARN ThreadId(20) hotstuff_runner::app: Node 1 [produce_block] queue size: 0, attempting up to 0 transactions this block    
2026-08-10T05:53:13.110662Z  WARN ThreadId(20) hotstuff_runner::app: Node 1 view(3956) far exceeds block count (988); potential sync issue    
2026-08-10T05:53:13.208865Z  WARN ThreadId(20) hotstuff_runner::app: Node 1 [produce_block] queue size: 2, attempting up to 2 transactions this block    
2026-08-10T05:53:13.209073Z  WARN ThreadId(20) hotstuff_runner::app: Node 1 view(3960) far exceeds block count (989); potential sync issue    
2026-08-10T05:53:13.313322Z  WARN ThreadId(20) hotstuff_runner::app: Node 1 [produce_block] queue size: 0, attempting up to 0 transactions this block    
2026-08-10T05:53:13.320270Z  WARN ThreadId(20) hotstuff_runner::app: Node 1 view(3964) far exceeds block count (990); potential sync issue    
2026-08-10T05:53:13.406120Z  WARN ThreadId(20) hotstuff_runner::app: Node 1 [produce_block] queue size: 2, attempting up to 2 transactions this block    
2026-08-10T05:53:13.406452Z  WARN ThreadId(20) hotstuff_runner::app: Node 1 view(3968) far exceeds block count (991); potential sync issue    
2026-08-10T05:53:13.505794Z  WARN ThreadId(20) hotstuff_runner::app: Node 1 [produce_block] queue size: 0, attempting up to 0 transactions this block    
2026-08-10T05:53:13.506106Z  WARN ThreadId(20) hotstuff_runner::app: Node 1 view(3972) far exceeds block count (992); potential sync issue    
2026-08-10T05:53:13.594244Z  WARN ThreadId(20) hotstuff_runner::app: Node 1 [produce_block] queue size: 2, attempting up to 2 transactions this block    
2026-08-10T05:53:13.595233Z  WARN ThreadId(20) hotstuff_runner::app: Node 1 view(3976) far exceeds block count (993); potential sync issue    
2026-08-10T05:53:13.731956Z  WARN ThreadId(20) hotstuff_runner::app: Node 1 [produce_block] queue size: 2, attempting up to 2 transactions this block    
2026-08-10T05:53:13.735112Z  WARN ThreadId(20) hotstuff_runner::app: Node 1 view(3980) far exceeds block count (994); potential sync issue    
2026-08-10T05:53:13.813018Z  WARN ThreadId(20) hotstuff_runner::app: Node 1 [produce_block] queue size: 0, attempting up to 0 transactions this block    
2026-08-10T05:53:13.813406Z  WARN ThreadId(20) hotstuff_runner::app: Node 1 view(3984) far exceeds block count (995); potential sync issue    
2026-08-10T05:53:14.062210Z  WARN ThreadId(20) hotstuff_runner::app: Node 1 [produce_block] queue size: 2, attempting up to 2 transactions this block    
2026-08-10T05:53:14.086659Z  WARN ThreadId(20) hotstuff_runner::app: Node 1 view(3988) far exceeds block count (996); potential sync issue    
2026-08-10T05:53:14.166209Z  WARN ThreadId(20) hotstuff_runner::app: Node 1 [produce_block] queue size: 0, attempting up to 0 transactions this block    
2026-08-10T05:53:14.166874Z  WARN ThreadId(20) hotstuff_runner::app: Node 1 view(3992) far exceeds block count (997); potential sync issue    
2026-08-10T05:53:14.294115Z  WARN ThreadId(20) hotstuff_runner::app: Node 1 [produce_block] queue size: 2, attempting up to 2 transactions this block    
2026-08-10T05:53:14.294404Z  WARN ThreadId(20) hotstuff_runner::app: Node 1 view(3996) far exceeds block count (998); potential sync issue    
2026-08-10T05:53:14.380492Z  WARN ThreadId(20) hotstuff_runner::app: Node 1 [produce_block] queue size: 0, attempting up to 0 transactions this block    
2026-08-10T05:53:14.381047Z  WARN ThreadId(20) hotstuff_runner::app: Node 1 view(4000) far exceeds block count (999); potential sync issue    
2026-08-10T05:53:14.493144Z  WARN ThreadId(20) hotstuff_runner::app: Node 1 [produce_block] queue size: 2, attempting up to 2 transactions this block    
2026-08-10T05:53:14.503363Z  WARN ThreadId(20) hotstuff_runner::app: Node 1 view(4004) far exceeds block count (1000); potential sync issue    
2026-08-10T05:53:14.601074Z  WARN ThreadId(20) hotstuff_runner::app: Node 1 [produce_block] queue size: 0, attempting up to 0 transactions this block    
2026-08-10T05:53:14.601464Z  WARN ThreadId(20) hotstuff_runner::app: Node 1 view(4008) far exceeds block count (1001); potential sync issue    
2026-08-10T05:53:14.873826Z  WARN ThreadId(20) hotstuff_runner::app: Node 1 [produce_block] queue size: 4, attempting up to 4 transactions this block    
2026-08-10T05:53:14.879746Z  WARN ThreadId(20) hotstuff_runner::app: Node 1 view(4012) far exceeds block count (1002); potential sync issue    
2026-08-10T05:53:15.041614Z  WARN ThreadId(20) hotstuff_runner::app: Node 1 [produce_block] queue size: 0, attempting up to 0 transactions this block    
2026-08-10T05:53:15.046490Z  WARN ThreadId(20) hotstuff_runner::app: Node 1 view(4016) far exceeds block count (1003); potential sync issue    
2026-08-10T05:53:15.180963Z  WARN ThreadId(20) hotstuff_runner::app: Node 1 [produce_block] queue size: 2, attempting up to 2 transactions this block    
2026-08-10T05:53:15.181195Z  WARN ThreadId(20) hotstuff_runner::app: Node 1 view(4020) far exceeds block count (1004); potential sync issue    
2026-08-10T05:53:15.287456Z  WARN ThreadId(20) hotstuff_runner::app: Node 1 [produce_block] queue size: 2, attempting up to 2 transactions this block    
2026-08-10T05:53:15.288260Z  WARN ThreadId(20) hotstuff_runner::app: Node 1 view(4024) far exceeds block count (1005); potential sync issue    
2026-08-10T05:53:15.361544Z  WARN ThreadId(20) hotstuff_runner::app: Node 1 [produce_block] queue size: 0, attempting up to 0 transactions this block    
2026-08-10T05:53:15.362015Z  WARN ThreadId(20) hotstuff_runner::app: Node 1 view(4028) far exceeds block count (1006); potential sync issue    
2026-08-10T05:53:15.432870Z  WARN ThreadId(20) hotstuff_runner::app: Node 1 [produce_block] queue size: 0, attempting up to 0 transactions this block    
2026-08-10T05:53:15.436568Z  WARN ThreadId(20) hotstuff_runner::app: Node 1 view(4032) far exceeds block count (1007); potential sync issue    
2026-08-10T05:53:15.517067Z  WARN ThreadId(20) hotstuff_runner::app: Node 1 [produce_block] queue size: 2, attempting up to 2 transactions this block    
2026-08-10T05:53:15.521764Z  WARN ThreadId(20) hotstuff_runner::app: Node 1 view(4036) far exceeds block count (1008); potential sync issue    
2026-08-10T05:53:15.599251Z  WARN ThreadId(20) hotstuff_runner::app: Node 1 [produce_block] queue size: 0, attempting up to 0 transactions this block    
2026-08-10T05:53:15.602731Z  WARN ThreadId(20) hotstuff_runner::app: Node 1 view(4040) far exceeds block count (1009); potential sync issue    
2026-08-10T05:53:15.697106Z  WARN ThreadId(20) hotstuff_runner::app: Node 1 [produce_block] queue size: 2, attempting up to 2 transactions this block    
2026-08-10T05:53:15.697270Z  WARN ThreadId(20) hotstuff_runner::app: Node 1 view(4044) far exceeds block count (1010); potential sync issue    
2026-08-10T05:53:15.752960Z  WARN ThreadId(20) hotstuff_runner::app: Node 1 [produce_block] queue size: 0, attempting up to 0 transactions this block    
2026-08-10T05:53:15.754336Z  WARN ThreadId(20) hotstuff_runner::app: Node 1 view(4048) far exceeds block count (1011); potential sync issue    
2026-08-10T05:53:15.806299Z  WARN ThreadId(20) hotstuff_runner::app: Node 1 [produce_block] queue size: 0, attempting up to 0 transactions this block    
2026-08-10T05:53:15.812970Z  WARN ThreadId(20) hotstuff_runner::app: Node 1 view(4052) far exceeds block count (1012); potential sync issue    
2026-08-10T05:53:15.956479Z  WARN ThreadId(20) hotstuff_runner::app: Node 1 [produce_block] queue size: 2, attempting up to 2 transactions this block    
2026-08-10T05:53:15.957070Z  WARN ThreadId(20) hotstuff_runner::app: Node 1 view(4056) far exceeds block count (1013); potential sync issue    
2026-08-10T05:53:16.047827Z  WARN ThreadId(20) hotstuff_runner::app: Node 1 [produce_block] queue size: 0, attempting up to 0 transactions this block    
2026-08-10T05:53:16.048466Z  WARN ThreadId(20) hotstuff_runner::app: Node 1 view(4060) far exceeds block count (1014); potential sync issue    
2026-08-10T05:53:16.209586Z  WARN ThreadId(20) hotstuff_runner::app: Node 1 [produce_block] queue size: 2, attempting up to 2 transactions this block    
2026-08-10T05:53:16.209817Z  WARN ThreadId(20) hotstuff_runner::app: Node 1 view(4064) far exceeds block count (1015); potential sync issue    
2026-08-10T05:53:16.325526Z  WARN ThreadId(20) hotstuff_runner::app: Node 1 [produce_block] queue size: 2, attempting up to 2 transactions this block    
2026-08-10T05:53:16.325705Z  WARN ThreadId(20) hotstuff_runner::app: Node 1 view(4068) far exceeds block count (1016); potential sync issue    
2026-08-10T05:53:16.389940Z  WARN ThreadId(20) hotstuff_runner::app: Node 1 [produce_block] queue size: 0, attempting up to 0 transactions this block    
2026-08-10T05:53:16.390520Z  WARN ThreadId(20) hotstuff_runner::app: Node 1 view(4072) far exceeds block count (1017); potential sync issue    
2026-08-10T05:53:16.483251Z  WARN ThreadId(20) hotstuff_runner::app: Node 1 [produce_block] queue size: 0, attempting up to 0 transactions this block    
2026-08-10T05:53:16.483730Z  WARN ThreadId(20) hotstuff_runner::app: Node 1 view(4076) far exceeds block count (1018); potential sync issue    
2026-08-10T05:53:16.657151Z  WARN ThreadId(20) hotstuff_runner::app: Node 1 [produce_block] queue size: 2, attempting up to 2 transactions this block    
2026-08-10T05:53:16.660265Z  WARN ThreadId(20) hotstuff_runner::app: Node 1 view(4080) far exceeds block count (1019); potential sync issue    
2026-08-10T05:53:16.829411Z  WARN ThreadId(20) hotstuff_runner::app: Node 1 [produce_block] queue size: 2, attempting up to 2 transactions this block    
2026-08-10T05:53:16.829817Z  WARN ThreadId(20) hotstuff_runner::app: Node 1 view(4084) far exceeds block count (1020); potential sync issue    
2026-08-10T05:53:16.885986Z  WARN ThreadId(20) hotstuff_runner::app: Node 1 [produce_block] queue size: 2, attempting up to 2 transactions this block    
2026-08-10T05:53:16.886225Z  WARN ThreadId(20) hotstuff_runner::app: Node 1 view(4088) far exceeds block count (1021); potential sync issue    
2026-08-10T05:53:16.974193Z  WARN ThreadId(20) hotstuff_runner::app: Node 1 [produce_block] queue size: 0, attempting up to 0 transactions this block    
2026-08-10T05:53:16.974633Z  WARN ThreadId(20) hotstuff_runner::app: Node 1 view(4092) far exceeds block count (1022); potential sync issue    
2026-08-10T05:53:17.049286Z  WARN ThreadId(20) hotstuff_runner::app: Node 1 [produce_block] queue size: 0, attempting up to 0 transactions this block    
2026-08-10T05:53:17.051519Z  WARN ThreadId(20) hotstuff_runner::app: Node 1 view(4096) far exceeds block count (1023); potential sync issue    
2026-08-10T05:53:17.147477Z  WARN ThreadId(20) hotstuff_runner::app: Node 1 [produce_block] queue size: 2, attempting up to 2 transactions this block    
2026-08-10T05:53:17.148406Z  WARN ThreadId(20) hotstuff_runner::app: Node 1 view(4100) far exceeds block count (1024); potential sync issue    
2026-08-10T05:53:17.289825Z  WARN ThreadId(20) hotstuff_runner::app: Node 1 [produce_block] queue size: 0, attempting up to 0 transactions this block    
2026-08-10T05:53:17.291317Z  WARN ThreadId(20) hotstuff_runner::app: Node 1 view(4104) far exceeds block count (1025); potential sync issue    
2026-08-10T05:53:17.407572Z  WARN ThreadId(20) hotstuff_runner::app: Node 1 [produce_block] queue size: 2, attempting up to 2 transactions this block    
2026-08-10T05:53:17.407802Z  WARN ThreadId(20) hotstuff_runner::app: Node 1 view(4108) far exceeds block count (1026); potential sync issue    
2026-08-10T05:53:17.642410Z  WARN ThreadId(20) hotstuff_runner::app: Node 1 [produce_block] queue size: 2, attempting up to 2 transactions this block    
2026-08-10T05:53:17.647683Z  WARN ThreadId(20) hotstuff_runner::app: Node 1 view(4112) far exceeds block count (1027); potential sync issue    
2026-08-10T05:53:17.735792Z  WARN ThreadId(20) hotstuff_runner::app: Node 1 [produce_block] queue size: 2, attempting up to 2 transactions this block    
2026-08-10T05:53:17.735997Z  WARN ThreadId(20) hotstuff_runner::app: Node 1 view(4116) far exceeds block count (1028); potential sync issue    
2026-08-10T05:53:17.813622Z  WARN ThreadId(20) hotstuff_runner::app: Node 1 [produce_block] queue size: 0, attempting up to 0 transactions this block    
2026-08-10T05:53:17.813826Z  WARN ThreadId(20) hotstuff_runner::app: Node 1 view(4120) far exceeds block count (1029); potential sync issue    
2026-08-10T05:53:17.907417Z  WARN ThreadId(20) hotstuff_runner::app: Node 1 [produce_block] queue size: 2, attempting up to 2 transactions this block    
2026-08-10T05:53:17.908034Z  WARN ThreadId(20) hotstuff_runner::app: Node 1 view(4124) far exceeds block count (1030); potential sync issue    
2026-08-10T05:53:17.971686Z  WARN ThreadId(20) hotstuff_runner::app: Node 1 [produce_block] queue size: 0, attempting up to 0 transactions this block    
2026-08-10T05:53:17.971902Z  WARN ThreadId(20) hotstuff_runner::app: Node 1 view(4128) far exceeds block count (1031); potential sync issue    
2026-08-10T05:53:18.063773Z  WARN ThreadId(20) hotstuff_runner::app: Node 1 [produce_block] queue size: 2, attempting up to 2 transactions this block    
2026-08-10T05:53:18.064731Z  WARN ThreadId(20) hotstuff_runner::app: Node 1 view(4132) far exceeds block count (1032); potential sync issue    
2026-08-10T05:53:18.109650Z  WARN ThreadId(20) hotstuff_runner::app: Node 1 [produce_block] queue size: 0, attempting up to 0 transactions this block    
2026-08-10T05:53:18.115789Z  WARN ThreadId(20) hotstuff_runner::app: Node 1 view(4136) far exceeds block count (1033); potential sync issue    
2026-08-10T05:53:18.170533Z  WARN ThreadId(20) hotstuff_runner::app: Node 1 [produce_block] queue size: 0, attempting up to 0 transactions this block    
2026-08-10T05:53:18.174016Z  WARN ThreadId(20) hotstuff_runner::app: Node 1 view(4140) far exceeds block count (1034); potential sync issue    
2026-08-10T05:53:18.282478Z  WARN ThreadId(20) hotstuff_runner::app: Node 1 [produce_block] queue size: 2, attempting up to 2 transactions this block    
2026-08-10T05:53:18.282625Z  WARN ThreadId(20) hotstuff_runner::app: Node 1 view(4144) far exceeds block count (1035); potential sync issue    
2026-08-10T05:53:18.379768Z  WARN ThreadId(20) hotstuff_runner::app: Node 1 [produce_block] queue size: 0, attempting up to 0 transactions this block    
2026-08-10T05:53:18.382518Z  WARN ThreadId(20) hotstuff_runner::app: Node 1 view(4148) far exceeds block count (1036); potential sync issue    
2026-08-10T05:53:18.536155Z  WARN ThreadId(20) hotstuff_runner::app: Node 1 [produce_block] queue size: 2, attempting up to 2 transactions this block    
2026-08-10T05:53:18.538370Z  WARN ThreadId(20) hotstuff_runner::app: Node 1 view(4152) far exceeds block count (1037); potential sync issue    
2026-08-10T05:53:18.619692Z  WARN ThreadId(20) hotstuff_runner::app: Node 1 [produce_block] queue size: 0, attempting up to 0 transactions this block    
2026-08-10T05:53:18.622544Z  WARN ThreadId(20) hotstuff_runner::app: Node 1 view(4156) far exceeds block count (1038); potential sync issue    
2026-08-10T05:53:18.782364Z  WARN ThreadId(20) hotstuff_runner::app: Node 1 [produce_block] queue size: 2, attempting up to 2 transactions this block    
2026-08-10T05:53:18.790619Z  WARN ThreadId(20) hotstuff_runner::app: Node 1 view(4160) far exceeds block count (1039); potential sync issue    
2026-08-10T05:53:18.857048Z  WARN ThreadId(20) hotstuff_runner::app: Node 1 [produce_block] queue size: 0, attempting up to 0 transactions this block    
2026-08-10T05:53:18.857388Z  WARN ThreadId(20) hotstuff_runner::app: Node 1 view(4164) far exceeds block count (1040); potential sync issue    
2026-08-10T05:53:18.938503Z  WARN ThreadId(20) hotstuff_runner::app: Node 1 [produce_block] queue size: 2, attempting up to 2 transactions this block    
2026-08-10T05:53:18.940391Z  WARN ThreadId(20) hotstuff_runner::app: Node 1 view(4168) far exceeds block count (1041); potential sync issue    
2026-08-10T05:53:19.063042Z  WARN ThreadId(20) hotstuff_runner::app: Node 1 [produce_block] queue size: 0, attempting up to 0 transactions this block    
2026-08-10T05:53:19.063847Z  WARN ThreadId(20) hotstuff_runner::app: Node 1 view(4172) far exceeds block count (1042); potential sync issue    
2026-08-10T05:53:19.218459Z  WARN ThreadId(20) hotstuff_runner::app: Node 1 [produce_block] queue size: 2, attempting up to 2 transactions this block    
2026-08-10T05:53:19.224923Z  WARN ThreadId(20) hotstuff_runner::app: Node 1 view(4176) far exceeds block count (1043); potential sync issue    
2026-08-10T05:53:19.363970Z  WARN ThreadId(20) hotstuff_runner::app: Node 1 [produce_block] queue size: 2, attempting up to 2 transactions this block    
2026-08-10T05:53:19.364283Z  WARN ThreadId(20) hotstuff_runner::app: Node 1 view(4180) far exceeds block count (1044); potential sync issue    
2026-08-10T05:53:19.528794Z  WARN ThreadId(20) hotstuff_runner::app: Node 1 [produce_block] queue size: 2, attempting up to 2 transactions this block    
2026-08-10T05:53:19.530121Z  WARN ThreadId(20) hotstuff_runner::app: Node 1 view(4184) far exceeds block count (1045); potential sync issue    
2026-08-10T05:53:19.632744Z  WARN ThreadId(20) hotstuff_runner::app: Node 1 [produce_block] queue size: 0, attempting up to 0 transactions this block    
2026-08-10T05:53:19.633473Z  WARN ThreadId(20) hotstuff_runner::app: Node 1 view(4188) far exceeds block count (1046); potential sync issue    
2026-08-10T05:53:19.704587Z  WARN ThreadId(20) hotstuff_runner::app: Node 1 [produce_block] queue size: 2, attempting up to 2 transactions this block    
2026-08-10T05:53:19.709952Z  WARN ThreadId(20) hotstuff_runner::app: Node 1 view(4192) far exceeds block count (1047); potential sync issue    
2026-08-10T05:53:19.886597Z  WARN ThreadId(20) hotstuff_runner::app: Node 1 [produce_block] queue size: 2, attempting up to 2 transactions this block    
2026-08-10T05:53:19.891379Z  WARN ThreadId(20) hotstuff_runner::app: Node 1 view(4196) far exceeds block count (1048); potential sync issue    
2026-08-10T05:53:19.967902Z  WARN ThreadId(20) hotstuff_runner::app: Node 1 [produce_block] queue size: 0, attempting up to 0 transactions this block    
2026-08-10T05:53:19.977720Z  WARN ThreadId(20) hotstuff_runner::app: Node 1 view(4200) far exceeds block count (1049); potential sync issue    
2026-08-10T05:53:20.065193Z  WARN ThreadId(20) hotstuff_runner::app: Node 1 [produce_block] queue size: 0, attempting up to 0 transactions this block    
2026-08-10T05:53:20.075266Z  WARN ThreadId(20) hotstuff_runner::app: Node 1 view(4204) far exceeds block count (1050); potential sync issue    
2026-08-10T05:53:20.159747Z  WARN ThreadId(20) hotstuff_runner::app: Node 1 [produce_block] queue size: 2, attempting up to 2 transactions this block    
2026-08-10T05:53:20.160058Z  WARN ThreadId(20) hotstuff_runner::app: Node 1 view(4208) far exceeds block count (1051); potential sync issue    
2026-08-10T05:53:20.245521Z  WARN ThreadId(20) hotstuff_runner::app: Node 1 [produce_block] queue size: 0, attempting up to 0 transactions this block    
2026-08-10T05:53:20.246544Z  WARN ThreadId(20) hotstuff_runner::app: Node 1 view(4212) far exceeds block count (1052); potential sync issue    
2026-08-10T05:53:20.336867Z  WARN ThreadId(20) hotstuff_runner::app: Node 1 [produce_block] queue size: 2, attempting up to 2 transactions this block    
2026-08-10T05:53:20.337903Z  WARN ThreadId(20) hotstuff_runner::app: Node 1 view(4216) far exceeds block count (1053); potential sync issue    
2026-08-10T05:53:20.419627Z  WARN ThreadId(20) hotstuff_runner::app: Node 1 [produce_block] queue size: 0, attempting up to 0 transactions this block    
2026-08-10T05:53:20.420548Z  WARN ThreadId(20) hotstuff_runner::app: Node 1 view(4220) far exceeds block count (1054); potential sync issue    
2026-08-10T05:53:20.487201Z  WARN ThreadId(20) hotstuff_runner::app: Node 1 [produce_block] queue size: 0, attempting up to 0 transactions this block    
2026-08-10T05:53:20.487400Z  WARN ThreadId(20) hotstuff_runner::app: Node 1 view(4224) far exceeds block count (1055); potential sync issue    
2026-08-10T05:53:20.571872Z  WARN ThreadId(20) hotstuff_runner::app: Node 1 [produce_block] queue size: 2, attempting up to 2 transactions this block    
2026-08-10T05:53:20.572622Z  WARN ThreadId(20) hotstuff_runner::app: Node 1 view(4228) far exceeds block count (1056); potential sync issue    
2026-08-10T05:53:20.645939Z  WARN ThreadId(20) hotstuff_runner::app: Node 1 [produce_block] queue size: 0, attempting up to 0 transactions this block    
2026-08-10T05:53:20.647227Z  WARN ThreadId(20) hotstuff_runner::app: Node 1 view(4232) far exceeds block count (1057); potential sync issue    
2026-08-10T05:53:20.737237Z  WARN ThreadId(20) hotstuff_runner::app: Node 1 [produce_block] queue size: 0, attempting up to 0 transactions this block    
2026-08-10T05:53:20.739096Z  WARN ThreadId(20) hotstuff_runner::app: Node 1 view(4236) far exceeds block count (1058); potential sync issue    
2026-08-10T05:53:20.794657Z  WARN ThreadId(20) hotstuff_runner::app: Node 1 [produce_block] queue size: 2, attempting up to 2 transactions this block    
2026-08-10T05:53:20.794858Z  WARN ThreadId(20) hotstuff_runner::app: Node 1 view(4240) far exceeds block count (1059); potential sync issue    
2026-08-10T05:53:20.843438Z  WARN ThreadId(20) hotstuff_runner::app: Node 1 [produce_block] queue size: 0, attempting up to 0 transactions this block    
2026-08-10T05:53:20.843769Z  WARN ThreadId(20) hotstuff_runner::app: Node 1 view(4244) far exceeds block count (1060); potential sync issue    
2026-08-10T05:53:20.935783Z  WARN ThreadId(20) hotstuff_runner::app: Node 1 [produce_block] queue size: 0, attempting up to 0 transactions this block    
2026-08-10T05:53:20.937881Z  WARN ThreadId(20) hotstuff_runner::app: Node 1 view(4248) far exceeds block count (1061); potential sync issue    
2026-08-10T05:53:21.015585Z  WARN ThreadId(20) hotstuff_runner::app: Node 1 [produce_block] queue size: 2, attempting up to 2 transactions this block    
2026-08-10T05:53:21.015723Z  WARN ThreadId(20) hotstuff_runner::app: Node 1 view(4252) far exceeds block count (1062); potential sync issue    
2026-08-10T05:53:21.127375Z  WARN ThreadId(20) hotstuff_runner::app: Node 1 [produce_block] queue size: 0, attempting up to 0 transactions this block    
2026-08-10T05:53:21.247019Z  WARN ThreadId(20) hotstuff_runner::app: Node 1 view(4256) far exceeds block count (1063); potential sync issue    
2026-08-10T05:53:21.334907Z  WARN ThreadId(20) hotstuff_runner::app: Node 1 [produce_block] queue size: 2, attempting up to 2 transactions this block    
2026-08-10T05:53:21.339738Z  WARN ThreadId(20) hotstuff_runner::app: Node 1 view(4260) far exceeds block count (1064); potential sync issue    
2026-08-10T05:53:21.404025Z  WARN ThreadId(20) hotstuff_runner::app: Node 1 [produce_block] queue size: 2, attempting up to 2 transactions this block    
2026-08-10T05:53:21.404709Z  WARN ThreadId(20) hotstuff_runner::app: Node 1 view(4264) far exceeds block count (1065); potential sync issue    
2026-08-10T05:53:21.500185Z  WARN ThreadId(20) hotstuff_runner::app: Node 1 [produce_block] queue size: 0, attempting up to 0 transactions this block    
2026-08-10T05:53:21.512719Z  WARN ThreadId(20) hotstuff_runner::app: Node 1 view(4268) far exceeds block count (1066); potential sync issue    
2026-08-10T05:53:21.618625Z  WARN ThreadId(20) hotstuff_runner::app: Node 1 [produce_block] queue size: 2, attempting up to 2 transactions this block    
2026-08-10T05:53:21.619159Z  WARN ThreadId(20) hotstuff_runner::app: Node 1 view(4272) far exceeds block count (1067); potential sync issue    
2026-08-10T05:53:21.715409Z  WARN ThreadId(20) hotstuff_runner::app: Node 1 [produce_block] queue size: 0, attempting up to 0 transactions this block    
2026-08-10T05:53:21.716846Z  WARN ThreadId(20) hotstuff_runner::app: Node 1 view(4276) far exceeds block count (1068); potential sync issue    
2026-08-10T05:53:21.818906Z  WARN ThreadId(20) hotstuff_runner::app: Node 1 [produce_block] queue size: 2, attempting up to 2 transactions this block    
2026-08-10T05:53:21.819506Z  WARN ThreadId(20) hotstuff_runner::app: Node 1 view(4280) far exceeds block count (1069); potential sync issue    
2026-08-10T05:53:21.898566Z  WARN ThreadId(20) hotstuff_runner::app: Node 1 [produce_block] queue size: 0, attempting up to 0 transactions this block    
2026-08-10T05:53:21.899048Z  WARN ThreadId(20) hotstuff_runner::app: Node 1 view(4284) far exceeds block count (1070); potential sync issue    
2026-08-10T05:53:21.961456Z  WARN ThreadId(20) hotstuff_runner::app: Node 1 [produce_block] queue size: 2, attempting up to 2 transactions this block    
2026-08-10T05:53:21.962266Z  WARN ThreadId(20) hotstuff_runner::app: Node 1 view(4288) far exceeds block count (1071); potential sync issue    
2026-08-10T05:53:22.027538Z  WARN ThreadId(20) hotstuff_runner::app: Node 1 [produce_block] queue size: 0, attempting up to 0 transactions this block    
2026-08-10T05:53:22.027798Z  WARN ThreadId(20) hotstuff_runner::app: Node 1 view(4292) far exceeds block count (1072); potential sync issue    
2026-08-10T05:53:22.092977Z  WARN ThreadId(20) hotstuff_runner::app: Node 1 [produce_block] queue size: 0, attempting up to 0 transactions this block    
2026-08-10T05:53:22.093575Z  WARN ThreadId(20) hotstuff_runner::app: Node 1 view(4296) far exceeds block count (1073); potential sync issue    
2026-08-10T05:53:22.159030Z  WARN ThreadId(20) hotstuff_runner::app: Node 1 [produce_block] queue size: 2, attempting up to 2 transactions this block    
2026-08-10T05:53:22.159247Z  WARN ThreadId(20) hotstuff_runner::app: Node 1 view(4300) far exceeds block count (1074); potential sync issue    
2026-08-10T05:53:22.215688Z  WARN ThreadId(20) hotstuff_runner::app: Node 1 [produce_block] queue size: 0, attempting up to 0 transactions this block    
2026-08-10T05:53:22.219741Z  WARN ThreadId(20) hotstuff_runner::app: Node 1 view(4304) far exceeds block count (1075); potential sync issue    
2026-08-10T05:53:22.297998Z  WARN ThreadId(20) hotstuff_runner::app: Node 1 [produce_block] queue size: 0, attempting up to 0 transactions this block    
2026-08-10T05:53:22.298261Z  WARN ThreadId(20) hotstuff_runner::app: Node 1 view(4308) far exceeds block count (1076); potential sync issue    
2026-08-10T05:53:22.407713Z  WARN ThreadId(20) hotstuff_runner::app: Node 1 [produce_block] queue size: 2, attempting up to 2 transactions this block    
2026-08-10T05:53:22.410627Z  WARN ThreadId(20) hotstuff_runner::app: Node 1 view(4312) far exceeds block count (1077); potential sync issue    
2026-08-10T05:53:22.506430Z  WARN ThreadId(20) hotstuff_runner::app: Node 1 [produce_block] queue size: 2, attempting up to 2 transactions this block    
2026-08-10T05:53:22.513094Z  WARN ThreadId(20) hotstuff_runner::app: Node 1 view(4316) far exceeds block count (1078); potential sync issue    
2026-08-10T05:53:22.588471Z  WARN ThreadId(20) hotstuff_runner::app: Node 1 [produce_block] queue size: 0, attempting up to 0 transactions this block    
2026-08-10T05:53:22.588910Z  WARN ThreadId(20) hotstuff_runner::app: Node 1 view(4320) far exceeds block count (1079); potential sync issue    
2026-08-10T05:53:22.655695Z  WARN ThreadId(20) hotstuff_runner::app: Node 1 [produce_block] queue size: 0, attempting up to 0 transactions this block    
2026-08-10T05:53:22.659398Z  WARN ThreadId(20) hotstuff_runner::app: Node 1 view(4324) far exceeds block count (1080); potential sync issue    
2026-08-10T05:53:22.755133Z  WARN ThreadId(20) hotstuff_runner::app: Node 1 [produce_block] queue size: 2, attempting up to 2 transactions this block    
2026-08-10T05:53:22.755434Z  WARN ThreadId(20) hotstuff_runner::app: Node 1 view(4328) far exceeds block count (1081); potential sync issue    
2026-08-10T05:53:22.815199Z  WARN ThreadId(20) hotstuff_runner::app: Node 1 [produce_block] queue size: 0, attempting up to 0 transactions this block    
2026-08-10T05:53:22.815396Z  WARN ThreadId(20) hotstuff_runner::app: Node 1 view(4332) far exceeds block count (1082); potential sync issue    
2026-08-10T05:53:22.887377Z  WARN ThreadId(20) hotstuff_runner::app: Node 1 [produce_block] queue size: 2, attempting up to 2 transactions this block    
2026-08-10T05:53:22.891072Z  WARN ThreadId(20) hotstuff_runner::app: Node 1 view(4336) far exceeds block count (1083); potential sync issue    
2026-08-10T05:53:22.966033Z  WARN ThreadId(20) hotstuff_runner::app: Node 1 [produce_block] queue size: 0, attempting up to 0 transactions this block    
2026-08-10T05:53:22.966344Z  WARN ThreadId(20) hotstuff_runner::app: Node 1 view(4340) far exceeds block count (1084); potential sync issue    
2026-08-10T05:53:23.080994Z  WARN ThreadId(20) hotstuff_runner::app: Node 1 [produce_block] queue size: 2, attempting up to 2 transactions this block    
2026-08-10T05:53:23.081183Z  WARN ThreadId(20) hotstuff_runner::app: Node 1 view(4344) far exceeds block count (1085); potential sync issue    
2026-08-10T05:53:23.157872Z  WARN ThreadId(20) hotstuff_runner::app: Node 1 [produce_block] queue size: 0, attempting up to 0 transactions this block    
2026-08-10T05:53:23.164374Z  WARN ThreadId(20) hotstuff_runner::app: Node 1 view(4348) far exceeds block count (1086); potential sync issue    
2026-08-10T05:53:23.270344Z  WARN ThreadId(20) hotstuff_runner::app: Node 1 [produce_block] queue size: 2, attempting up to 2 transactions this block    
2026-08-10T05:53:23.271491Z  WARN ThreadId(20) hotstuff_runner::app: Node 1 view(4352) far exceeds block count (1087); potential sync issue    
2026-08-10T05:53:23.353097Z  WARN ThreadId(20) hotstuff_runner::app: Node 1 [produce_block] queue size: 0, attempting up to 0 transactions this block    
2026-08-10T05:53:23.353698Z  WARN ThreadId(20) hotstuff_runner::app: Node 1 view(4356) far exceeds block count (1088); potential sync issue    
2026-08-10T05:53:23.435457Z  WARN ThreadId(20) hotstuff_runner::app: Node 1 [produce_block] queue size: 0, attempting up to 0 transactions this block    
2026-08-10T05:53:23.440306Z  WARN ThreadId(20) hotstuff_runner::app: Node 1 view(4360) far exceeds block count (1089); potential sync issue    
2026-08-10T05:53:23.507269Z  WARN ThreadId(20) hotstuff_runner::app: Node 1 [produce_block] queue size: 2, attempting up to 2 transactions this block    
2026-08-10T05:53:23.507974Z  WARN ThreadId(20) hotstuff_runner::app: Node 1 view(4364) far exceeds block count (1090); potential sync issue    
2026-08-10T05:53:23.612723Z  WARN ThreadId(20) hotstuff_runner::app: Node 1 [produce_block] queue size: 0, attempting up to 0 transactions this block    
2026-08-10T05:53:23.617080Z  WARN ThreadId(20) hotstuff_runner::app: Node 1 view(4368) far exceeds block count (1091); potential sync issue    
2026-08-10T05:53:23.755411Z  WARN ThreadId(20) hotstuff_runner::app: Node 1 [produce_block] queue size: 2, attempting up to 2 transactions this block    
2026-08-10T05:53:23.755854Z  WARN ThreadId(20) hotstuff_runner::app: Node 1 view(4372) far exceeds block count (1092); potential sync issue    
2026-08-10T05:53:23.853656Z  WARN ThreadId(20) hotstuff_runner::app: Node 1 [produce_block] queue size: 2, attempting up to 2 transactions this block    
2026-08-10T05:53:23.862226Z  WARN ThreadId(20) hotstuff_runner::app: Node 1 view(4376) far exceeds block count (1093); potential sync issue    
2026-08-10T05:53:23.949131Z  WARN ThreadId(20) hotstuff_runner::app: Node 1 [produce_block] queue size: 0, attempting up to 0 transactions this block    
2026-08-10T05:53:23.954221Z  WARN ThreadId(20) hotstuff_runner::app: Node 1 view(4380) far exceeds block count (1094); potential sync issue    
2026-08-10T05:53:24.059029Z  WARN ThreadId(20) hotstuff_runner::app: Node 1 [produce_block] queue size: 0, attempting up to 0 transactions this block    
2026-08-10T05:53:24.059222Z  WARN ThreadId(20) hotstuff_runner::app: Node 1 view(4384) far exceeds block count (1095); potential sync issue    
2026-08-10T05:53:24.130934Z  WARN ThreadId(20) hotstuff_runner::app: Node 1 [produce_block] queue size: 2, attempting up to 2 transactions this block    
2026-08-10T05:53:24.131130Z  WARN ThreadId(20) hotstuff_runner::app: Node 1 view(4388) far exceeds block count (1096); potential sync issue    
2026-08-10T05:53:24.205624Z  WARN ThreadId(20) hotstuff_runner::app: Node 1 [produce_block] queue size: 0, attempting up to 0 transactions this block    
2026-08-10T05:53:24.206934Z  WARN ThreadId(20) hotstuff_runner::app: Node 1 view(4392) far exceeds block count (1097); potential sync issue    
2026-08-10T05:53:24.291296Z  WARN ThreadId(20) hotstuff_runner::app: Node 1 [produce_block] queue size: 2, attempting up to 2 transactions this block    
2026-08-10T05:53:24.291862Z  WARN ThreadId(20) hotstuff_runner::app: Node 1 view(4396) far exceeds block count (1098); potential sync issue    
2026-08-10T05:53:24.349316Z  WARN ThreadId(20) hotstuff_runner::app: Node 1 [produce_block] queue size: 0, attempting up to 0 transactions this block    
2026-08-10T05:53:24.349448Z  WARN ThreadId(20) hotstuff_runner::app: Node 1 view(4400) far exceeds block count (1099); potential sync issue    
2026-08-10T05:53:24.594420Z  WARN ThreadId(20) hotstuff_runner::app: Node 1 [produce_block] queue size: 2, attempting up to 2 transactions this block    
2026-08-10T05:53:24.595939Z  WARN ThreadId(20) hotstuff_runner::app: Node 1 view(4404) far exceeds block count (1100); potential sync issue    
2026-08-10T05:53:24.671194Z  WARN ThreadId(20) hotstuff_runner::app: Node 1 [produce_block] queue size: 0, attempting up to 0 transactions this block    
2026-08-10T05:53:24.672352Z  WARN ThreadId(20) hotstuff_runner::app: Node 1 view(4408) far exceeds block count (1101); potential sync issue    
2026-08-10T05:53:24.713655Z  WARN ThreadId(20) hotstuff_runner::app: Node 1 [produce_block] queue size: 0, attempting up to 0 transactions this block    
2026-08-10T05:53:24.721775Z  WARN ThreadId(20) hotstuff_runner::app: Node 1 view(4412) far exceeds block count (1102); potential sync issue    
2026-08-10T05:53:24.775854Z  WARN ThreadId(20) hotstuff_runner::app: Node 1 [produce_block] queue size: 2, attempting up to 2 transactions this block    
2026-08-10T05:53:24.776036Z  WARN ThreadId(20) hotstuff_runner::app: Node 1 view(4416) far exceeds block count (1103); potential sync issue    
2026-08-10T05:53:24.855310Z  WARN ThreadId(20) hotstuff_runner::app: Node 1 [produce_block] queue size: 0, attempting up to 0 transactions this block    
2026-08-10T05:53:24.855967Z  WARN ThreadId(20) hotstuff_runner::app: Node 1 view(4420) far exceeds block count (1104); potential sync issue    
2026-08-10T05:53:24.939331Z  WARN ThreadId(20) hotstuff_runner::app: Node 1 [produce_block] queue size: 2, attempting up to 2 transactions this block    
2026-08-10T05:53:24.950938Z  WARN ThreadId(20) hotstuff_runner::app: Node 1 view(4424) far exceeds block count (1105); potential sync issue    
2026-08-10T05:53:24.991884Z  WARN ThreadId(20) hotstuff_runner::app: Node 1 [produce_block] queue size: 0, attempting up to 0 transactions this block    
2026-08-10T05:53:24.992428Z  WARN ThreadId(20) hotstuff_runner::app: Node 1 view(4428) far exceeds block count (1106); potential sync issue    
2026-08-10T05:53:25.048812Z  WARN ThreadId(20) hotstuff_runner::app: Node 1 [produce_block] queue size: 0, attempting up to 0 transactions this block    
2026-08-10T05:53:25.051094Z  WARN ThreadId(20) hotstuff_runner::app: Node 1 view(4432) far exceeds block count (1107); potential sync issue    
2026-08-10T05:53:25.147426Z  WARN ThreadId(20) hotstuff_runner::app: Node 1 [produce_block] queue size: 0, attempting up to 0 transactions this block    
2026-08-10T05:53:25.147557Z  WARN ThreadId(20) hotstuff_runner::app: Node 1 view(4436) far exceeds block count (1108); potential sync issue    
2026-08-10T05:53:25.205712Z  WARN ThreadId(20) hotstuff_runner::app: Node 1 [produce_block] queue size: 2, attempting up to 2 transactions this block    
2026-08-10T05:53:25.205904Z  WARN ThreadId(20) hotstuff_runner::app: Node 1 view(4440) far exceeds block count (1109); potential sync issue    
2026-08-10T05:53:25.262082Z  WARN ThreadId(20) hotstuff_runner::app: Node 1 [produce_block] queue size: 0, attempting up to 0 transactions this block    
2026-08-10T05:53:25.263490Z  WARN ThreadId(20) hotstuff_runner::app: Node 1 view(4444) far exceeds block count (1110); potential sync issue    
2026-08-10T05:53:25.375262Z  WARN ThreadId(20) hotstuff_runner::app: Node 1 [produce_block] queue size: 2, attempting up to 2 transactions this block    
2026-08-10T05:53:25.377017Z  WARN ThreadId(20) hotstuff_runner::app: Node 1 view(4448) far exceeds block count (1111); potential sync issue    
2026-08-10T05:53:25.483846Z  WARN ThreadId(20) hotstuff_runner::app: Node 1 [produce_block] queue size: 0, attempting up to 0 transactions this block    
2026-08-10T05:53:25.484535Z  WARN ThreadId(20) hotstuff_runner::app: Node 1 view(4452) far exceeds block count (1112); potential sync issue    
2026-08-10T05:53:25.559258Z  WARN ThreadId(20) hotstuff_runner::app: Node 1 [produce_block] queue size: 0, attempting up to 0 transactions this block    
2026-08-10T05:53:25.560354Z  WARN ThreadId(20) hotstuff_runner::app: Node 1 view(4456) far exceeds block count (1113); potential sync issue    
2026-08-10T05:53:25.659150Z  WARN ThreadId(20) hotstuff_runner::app: Node 1 [produce_block] queue size: 2, attempting up to 2 transactions this block    
2026-08-10T05:53:25.659366Z  WARN ThreadId(20) hotstuff_runner::app: Node 1 view(4460) far exceeds block count (1114); potential sync issue    
2026-08-10T05:53:25.746433Z  WARN ThreadId(20) hotstuff_runner::app: Node 1 [produce_block] queue size: 0, attempting up to 0 transactions this block    
2026-08-10T05:53:25.747828Z  WARN ThreadId(20) hotstuff_runner::app: Node 1 view(4464) far exceeds block count (1115); potential sync issue    
2026-08-10T05:53:25.792116Z  WARN ThreadId(20) hotstuff_runner::app: Node 1 [produce_block] queue size: 2, attempting up to 2 transactions this block    
2026-08-10T05:53:25.793828Z  WARN ThreadId(20) hotstuff_runner::app: Node 1 view(4468) far exceeds block count (1116); potential sync issue    
2026-08-10T05:53:25.850231Z  WARN ThreadId(20) hotstuff_runner::app: Node 1 [produce_block] queue size: 0, attempting up to 0 transactions this block    
2026-08-10T05:53:25.850498Z  WARN ThreadId(20) hotstuff_runner::app: Node 1 view(4472) far exceeds block count (1117); potential sync issue    
2026-08-10T05:53:25.920962Z  WARN ThreadId(20) hotstuff_runner::app: Node 1 [produce_block] queue size: 0, attempting up to 0 transactions this block    
2026-08-10T05:53:25.921124Z  WARN ThreadId(20) hotstuff_runner::app: Node 1 view(4476) far exceeds block count (1118); potential sync issue    
2026-08-10T05:53:25.972515Z  WARN ThreadId(20) hotstuff_runner::app: Node 1 [produce_block] queue size: 0, attempting up to 0 transactions this block    
2026-08-10T05:53:25.972911Z  WARN ThreadId(20) hotstuff_runner::app: Node 1 view(4480) far exceeds block count (1119); potential sync issue    
2026-08-10T05:53:26.006538Z  WARN ThreadId(20) hotstuff_runner::app: Node 1 [produce_block] queue size: 0, attempting up to 0 transactions this block    
2026-08-10T05:53:26.006627Z  WARN ThreadId(20) hotstuff_runner::app: Node 1 view(4484) far exceeds block count (1120); potential sync issue    
2026-08-10T05:53:26.080772Z  WARN ThreadId(20) hotstuff_runner::app: Node 1 [produce_block] queue size: 2, attempting up to 2 transactions this block    
2026-08-10T05:53:26.081147Z  WARN ThreadId(20) hotstuff_runner::app: Node 1 view(4488) far exceeds block count (1121); potential sync issue    
2026-08-10T05:53:26.152019Z  WARN ThreadId(20) hotstuff_runner::app: Node 1 [produce_block] queue size: 0, attempting up to 0 transactions this block    
2026-08-10T05:53:26.153722Z  WARN ThreadId(20) hotstuff_runner::app: Node 1 view(4492) far exceeds block count (1122); potential sync issue    
2026-08-10T05:53:26.231262Z  WARN ThreadId(20) hotstuff_runner::app: Node 1 [produce_block] queue size: 0, attempting up to 0 transactions this block    
2026-08-10T05:53:26.231436Z  WARN ThreadId(20) hotstuff_runner::app: Node 1 view(4496) far exceeds block count (1123); potential sync issue    
2026-08-10T05:53:26.356113Z  WARN ThreadId(20) hotstuff_runner::app: Node 1 [produce_block] queue size: 2, attempting up to 2 transactions this block    
2026-08-10T05:53:26.357169Z  WARN ThreadId(20) hotstuff_runner::app: Node 1 view(4500) far exceeds block count (1124); potential sync issue    
2026-08-10T05:53:26.418583Z  WARN ThreadId(20) hotstuff_runner::app: Node 1 [produce_block] queue size: 0, attempting up to 0 transactions this block    
2026-08-10T05:53:26.419709Z  WARN ThreadId(20) hotstuff_runner::app: Node 1 view(4504) far exceeds block count (1125); potential sync issue    
2026-08-10T05:53:26.537476Z  WARN ThreadId(20) hotstuff_runner::app: Node 1 [produce_block] queue size: 2, attempting up to 2 transactions this block    
2026-08-10T05:53:26.537559Z  WARN ThreadId(20) hotstuff_runner::app: Node 1 view(4508) far exceeds block count (1126); potential sync issue    
2026-08-10T05:53:26.612644Z  WARN ThreadId(20) hotstuff_runner::app: Node 1 [produce_block] queue size: 0, attempting up to 0 transactions this block    
2026-08-10T05:53:26.614615Z  WARN ThreadId(20) hotstuff_runner::app: Node 1 view(4512) far exceeds block count (1127); potential sync issue    
2026-08-10T05:53:26.657877Z  WARN ThreadId(20) hotstuff_runner::app: Node 1 [produce_block] queue size: 2, attempting up to 2 transactions this block    
2026-08-10T05:53:26.658131Z  WARN ThreadId(20) hotstuff_runner::app: Node 1 view(4516) far exceeds block count (1128); potential sync issue    
2026-08-10T05:53:26.728959Z  WARN ThreadId(20) hotstuff_runner::app: Node 1 [produce_block] queue size: 0, attempting up to 0 transactions this block    
2026-08-10T05:53:26.729286Z  WARN ThreadId(20) hotstuff_runner::app: Node 1 view(4520) far exceeds block count (1129); potential sync issue    
2026-08-10T05:53:26.839098Z  WARN ThreadId(20) hotstuff_rs::block_tree::invariants: SAFE_PC_FAIL: pc.block=[139, 113, 35, 53, 252, 147, 114, 98, 249, 38, 44, 85, 75, 43, 169, 22, 223, 199, 221, 206, 127, 45, 162, 110, 7, 234, 146, 173, 119, 66, 200, 233] view=4522 phase=Generic | cond1(chain_id/genesis)=true (pc.chain_id=0, my.chain_id=0) | cond2(block_exists/genesis)=false (exists=false) | cond3(view>locked || extends)=true (pc.view=4522, locked.view=4519, extends=false) | cond4(phase/updates)=true (phase_special=false, has_updates=false) | highest_pc.block=[212, 205, 250, 204, 89, 107, 254, 11, 133, 54, 2, 96, 147, 7, 204, 83, 64, 144, 98, 177, 195, 87, 136, 13, 98, 158, 20, 105, 223, 206, 72, 41] highest_pc.view=4520 locked.block=[2, 156, 184, 152, 72, 208, 69, 224, 234, 138, 148, 248, 45, 101, 88, 191, 168, 62, 202, 103, 213, 119, 33, 29, 229, 222, 80, 225, 205, 185, 235, 4] locked.view=4519    
2026-08-10T05:53:26.839403Z  WARN ThreadId(20) hotstuff_rs::block_tree::invariants: SAFE_BLOCK_FAIL: block=[253, 238, 160, 124, 17, 78, 94, 3, 55, 62, 152, 197, 36, 65, 184, 168, 15, 114, 100, 21, 56, 195, 78, 179, 108, 245, 172, 19, 220, 46, 52, 146] height=None | cond1(safe_pc)=false | cond2(is_block_justify)=true (justify.phase=Generic) | justify.block=[139, 113, 35, 53, 252, 147, 114, 98, 249, 38, 44, 85, 75, 43, 169, 22, 223, 199, 221, 206, 127, 45, 162, 110, 7, 234, 146, 173, 119, 66, 200, 233] justify.view=4522 | highest_pc.block=[212, 205, 250, 204, 89, 107, 254, 11, 133, 54, 2, 96, 147, 7, 204, 83, 64, 144, 98, 177, 195, 87, 136, 13, 98, 158, 20, 105, 223, 206, 72, 41] highest_pc.view=4520 | locked.block=[2, 156, 184, 152, 72, 208, 69, 224, 234, 138, 148, 248, 45, 101, 88, 191, 168, 62, 202, 103, 213, 119, 33, 29, 229, 222, 80, 225, 205, 185, 235, 4] locked.view=4519    
2026-08-10T05:53:26.851072Z  WARN ThreadId(20) hotstuff_rs::block_tree::invariants: SAFE_PC_FAIL: pc.block=[253, 238, 160, 124, 17, 78, 94, 3, 55, 62, 152, 197, 36, 65, 184, 168, 15, 114, 100, 21, 56, 195, 78, 179, 108, 245, 172, 19, 220, 46, 52, 146] view=4523 phase=Generic | cond1(chain_id/genesis)=true (pc.chain_id=0, my.chain_id=0) | cond2(block_exists/genesis)=false (exists=false) | cond3(view>locked || extends)=true (pc.view=4523, locked.view=4519, extends=false) | cond4(phase/updates)=true (phase_special=false, has_updates=false) | highest_pc.block=[212, 205, 250, 204, 89, 107, 254, 11, 133, 54, 2, 96, 147, 7, 204, 83, 64, 144, 98, 177, 195, 87, 136, 13, 98, 158, 20, 105, 223, 206, 72, 41] highest_pc.view=4520 locked.block=[2, 156, 184, 152, 72, 208, 69, 224, 234, 138, 148, 248, 45, 101, 88, 191, 168, 62, 202, 103, 213, 119, 33, 29, 229, 222, 80, 225, 205, 185, 235, 4] locked.view=4519    
2026-08-10T05:53:27.331832Z  WARN ThreadId(20) hotstuff_rs::block_tree::invariants: SAFE_PC_FAIL: pc.block=[139, 113, 35, 53, 252, 147, 114, 98, 249, 38, 44, 85, 75, 43, 169, 22, 223, 199, 221, 206, 127, 45, 162, 110, 7, 234, 146, 173, 119, 66, 200, 233] view=4522 phase=Generic | cond1(chain_id/genesis)=true (pc.chain_id=0, my.chain_id=0) | cond2(block_exists/genesis)=false (exists=false) | cond3(view>locked || extends)=true (pc.view=4522, locked.view=4519, extends=false) | cond4(phase/updates)=true (phase_special=false, has_updates=false) | highest_pc.block=[212, 205, 250, 204, 89, 107, 254, 11, 133, 54, 2, 96, 147, 7, 204, 83, 64, 144, 98, 177, 195, 87, 136, 13, 98, 158, 20, 105, 223, 206, 72, 41] highest_pc.view=4520 locked.block=[2, 156, 184, 152, 72, 208, 69, 224, 234, 138, 148, 248, 45, 101, 88, 191, 168, 62, 202, 103, 213, 119, 33, 29, 229, 222, 80, 225, 205, 185, 235, 4] locked.view=4519    
2026-08-10T05:53:27.337683Z  WARN ThreadId(21) hotstuff_runner::tcp_node: Node 1 view 4523 timed out; latency may accumulate
2026-08-10T05:53:27.343651Z  WARN ThreadId(20) hotstuff_runner::app: Node 1 [produce_block] queue size: 6, attempting up to 6 transactions this block    
2026-08-10T05:53:27.344164Z  WARN ThreadId(20) hotstuff_runner::app: Node 1 view(4524) far exceeds block count (1130); potential sync issue    
2026-08-10T05:53:27.845130Z  WARN ThreadId(21) hotstuff_runner::tcp_node: Node 1 view 4524 timed out; latency may accumulate
2026-08-10T05:53:27.849660Z  WARN ThreadId(20) hotstuff_rs::block_tree::invariants: SAFE_PC_FAIL: pc.block=[139, 113, 35, 53, 252, 147, 114, 98, 249, 38, 44, 85, 75, 43, 169, 22, 223, 199, 221, 206, 127, 45, 162, 110, 7, 234, 146, 173, 119, 66, 200, 233] view=4522 phase=Generic | cond1(chain_id/genesis)=true (pc.chain_id=0, my.chain_id=0) | cond2(block_exists/genesis)=false (exists=false) | cond3(view>locked || extends)=true (pc.view=4522, locked.view=4519, extends=false) | cond4(phase/updates)=true (phase_special=false, has_updates=false) | highest_pc.block=[212, 205, 250, 204, 89, 107, 254, 11, 133, 54, 2, 96, 147, 7, 204, 83, 64, 144, 98, 177, 195, 87, 136, 13, 98, 158, 20, 105, 223, 206, 72, 41] highest_pc.view=4520 locked.block=[2, 156, 184, 152, 72, 208, 69, 224, 234, 138, 148, 248, 45, 101, 88, 191, 168, 62, 202, 103, 213, 119, 33, 29, 229, 222, 80, 225, 205, 185, 235, 4] locked.view=4519    
2026-08-10T05:53:27.849772Z  WARN ThreadId(20) hotstuff_rs::block_tree::invariants: SAFE_BLOCK_FAIL: block=[105, 2, 80, 105, 139, 252, 232, 43, 215, 97, 220, 127, 231, 11, 155, 129, 20, 129, 67, 202, 174, 30, 38, 211, 51, 14, 247, 156, 176, 206, 144, 34] height=None | cond1(safe_pc)=false | cond2(is_block_justify)=true (justify.phase=Generic) | justify.block=[139, 113, 35, 53, 252, 147, 114, 98, 249, 38, 44, 85, 75, 43, 169, 22, 223, 199, 221, 206, 127, 45, 162, 110, 7, 234, 146, 173, 119, 66, 200, 233] justify.view=4522 | highest_pc.block=[212, 205, 250, 204, 89, 107, 254, 11, 133, 54, 2, 96, 147, 7, 204, 83, 64, 144, 98, 177, 195, 87, 136, 13, 98, 158, 20, 105, 223, 206, 72, 41] highest_pc.view=4520 | locked.block=[2, 156, 184, 152, 72, 208, 69, 224, 234, 138, 148, 248, 45, 101, 88, 191, 168, 62, 202, 103, 213, 119, 33, 29, 229, 222, 80, 225, 205, 185, 235, 4] locked.view=4519    
2026-08-10T05:53:27.869955Z  WARN ThreadId(20) hotstuff_rs::block_tree::invariants: SAFE_PC_FAIL: pc.block=[105, 2, 80, 105, 139, 252, 232, 43, 215, 97, 220, 127, 231, 11, 155, 129, 20, 129, 67, 202, 174, 30, 38, 211, 51, 14, 247, 156, 176, 206, 144, 34] view=4525 phase=Generic | cond1(chain_id/genesis)=true (pc.chain_id=0, my.chain_id=0) | cond2(block_exists/genesis)=false (exists=false) | cond3(view>locked || extends)=true (pc.view=4525, locked.view=4519, extends=false) | cond4(phase/updates)=true (phase_special=false, has_updates=false) | highest_pc.block=[212, 205, 250, 204, 89, 107, 254, 11, 133, 54, 2, 96, 147, 7, 204, 83, 64, 144, 98, 177, 195, 87, 136, 13, 98, 158, 20, 105, 223, 206, 72, 41] highest_pc.view=4520 locked.block=[2, 156, 184, 152, 72, 208, 69, 224, 234, 138, 148, 248, 45, 101, 88, 191, 168, 62, 202, 103, 213, 119, 33, 29, 229, 222, 80, 225, 205, 185, 235, 4] locked.view=4519    
2026-08-10T05:53:27.874949Z  WARN ThreadId(20) hotstuff_rs::block_tree::invariants: SAFE_BLOCK_FAIL: block=[87, 196, 142, 39, 35, 178, 201, 101, 112, 59, 46, 38, 49, 120, 248, 248, 187, 68, 104, 109, 38, 193, 250, 161, 207, 124, 116, 205, 165, 149, 223, 59] height=None | cond1(safe_pc)=false | cond2(is_block_justify)=true (justify.phase=Generic) | justify.block=[105, 2, 80, 105, 139, 252, 232, 43, 215, 97, 220, 127, 231, 11, 155, 129, 20, 129, 67, 202, 174, 30, 38, 211, 51, 14, 247, 156, 176, 206, 144, 34] justify.view=4525 | highest_pc.block=[212, 205, 250, 204, 89, 107, 254, 11, 133, 54, 2, 96, 147, 7, 204, 83, 64, 144, 98, 177, 195, 87, 136, 13, 98, 158, 20, 105, 223, 206, 72, 41] highest_pc.view=4520 | locked.block=[2, 156, 184, 152, 72, 208, 69, 224, 234, 138, 148, 248, 45, 101, 88, 191, 168, 62, 202, 103, 213, 119, 33, 29, 229, 222, 80, 225, 205, 185, 235, 4] locked.view=4519    
2026-08-10T05:53:27.899005Z  WARN ThreadId(20) hotstuff_rs::block_tree::invariants: SAFE_PC_FAIL: pc.block=[87, 196, 142, 39, 35, 178, 201, 101, 112, 59, 46, 38, 49, 120, 248, 248, 187, 68, 104, 109, 38, 193, 250, 161, 207, 124, 116, 205, 165, 149, 223, 59] view=4526 phase=Generic | cond1(chain_id/genesis)=true (pc.chain_id=0, my.chain_id=0) | cond2(block_exists/genesis)=false (exists=false) | cond3(view>locked || extends)=true (pc.view=4526, locked.view=4519, extends=false) | cond4(phase/updates)=true (phase_special=false, has_updates=false) | highest_pc.block=[212, 205, 250, 204, 89, 107, 254, 11, 133, 54, 2, 96, 147, 7, 204, 83, 64, 144, 98, 177, 195, 87, 136, 13, 98, 158, 20, 105, 223, 206, 72, 41] highest_pc.view=4520 locked.block=[2, 156, 184, 152, 72, 208, 69, 224, 234, 138, 148, 248, 45, 101, 88, 191, 168, 62, 202, 103, 213, 119, 33, 29, 229, 222, 80, 225, 205, 185, 235, 4] locked.view=4519    
2026-08-10T05:53:27.902803Z  WARN ThreadId(20) hotstuff_rs::block_tree::invariants: SAFE_BLOCK_FAIL: block=[38, 197, 52, 223, 170, 252, 47, 76, 102, 192, 146, 224, 22, 139, 153, 122, 7, 163, 34, 41, 90, 51, 30, 207, 43, 43, 81, 48, 69, 19, 93, 64] height=None | cond1(safe_pc)=false | cond2(is_block_justify)=true (justify.phase=Generic) | justify.block=[87, 196, 142, 39, 35, 178, 201, 101, 112, 59, 46, 38, 49, 120, 248, 248, 187, 68, 104, 109, 38, 193, 250, 161, 207, 124, 116, 205, 165, 149, 223, 59] justify.view=4526 | highest_pc.block=[212, 205, 250, 204, 89, 107, 254, 11, 133, 54, 2, 96, 147, 7, 204, 83, 64, 144, 98, 177, 195, 87, 136, 13, 98, 158, 20, 105, 223, 206, 72, 41] highest_pc.view=4520 | locked.block=[2, 156, 184, 152, 72, 208, 69, 224, 234, 138, 148, 248, 45, 101, 88, 191, 168, 62, 202, 103, 213, 119, 33, 29, 229, 222, 80, 225, 205, 185, 235, 4] locked.view=4519    
2026-08-10T05:53:27.906420Z  WARN ThreadId(20) hotstuff_rs::block_tree::invariants: SAFE_PC_FAIL: pc.block=[38, 197, 52, 223, 170, 252, 47, 76, 102, 192, 146, 224, 22, 139, 153, 122, 7, 163, 34, 41, 90, 51, 30, 207, 43, 43, 81, 48, 69, 19, 93, 64] view=4527 phase=Generic | cond1(chain_id/genesis)=true (pc.chain_id=0, my.chain_id=0) | cond2(block_exists/genesis)=false (exists=false) | cond3(view>locked || extends)=true (pc.view=4527, locked.view=4519, extends=false) | cond4(phase/updates)=true (phase_special=false, has_updates=false) | highest_pc.block=[212, 205, 250, 204, 89, 107, 254, 11, 133, 54, 2, 96, 147, 7, 204, 83, 64, 144, 98, 177, 195, 87, 136, 13, 98, 158, 20, 105, 223, 206, 72, 41] highest_pc.view=4520 locked.block=[2, 156, 184, 152, 72, 208, 69, 224, 234, 138, 148, 248, 45, 101, 88, 191, 168, 62, 202, 103, 213, 119, 33, 29, 229, 222, 80, 225, 205, 185, 235, 4] locked.view=4519    
2026-08-10T05:53:28.373849Z  WARN ThreadId(20) hotstuff_rs::block_tree::invariants: SAFE_PC_FAIL: pc.block=[87, 196, 142, 39, 35, 178, 201, 101, 112, 59, 46, 38, 49, 120, 248, 248, 187, 68, 104, 109, 38, 193, 250, 161, 207, 124, 116, 205, 165, 149, 223, 59] view=4526 phase=Generic | cond1(chain_id/genesis)=true (pc.chain_id=0, my.chain_id=0) | cond2(block_exists/genesis)=false (exists=false) | cond3(view>locked || extends)=true (pc.view=4526, locked.view=4519, extends=false) | cond4(phase/updates)=true (phase_special=false, has_updates=false) | highest_pc.block=[212, 205, 250, 204, 89, 107, 254, 11, 133, 54, 2, 96, 147, 7, 204, 83, 64, 144, 98, 177, 195, 87, 136, 13, 98, 158, 20, 105, 223, 206, 72, 41] highest_pc.view=4520 locked.block=[2, 156, 184, 152, 72, 208, 69, 224, 234, 138, 148, 248, 45, 101, 88, 191, 168, 62, 202, 103, 213, 119, 33, 29, 229, 222, 80, 225, 205, 185, 235, 4] locked.view=4519    
2026-08-10T05:53:28.396636Z  WARN ThreadId(20) hotstuff_rs::block_tree::invariants: SAFE_PC_FAIL: pc.block=[87, 196, 142, 39, 35, 178, 201, 101, 112, 59, 46, 38, 49, 120, 248, 248, 187, 68, 104, 109, 38, 193, 250, 161, 207, 124, 116, 205, 165, 149, 223, 59] view=4526 phase=Generic | cond1(chain_id/genesis)=true (pc.chain_id=0, my.chain_id=0) | cond2(block_exists/genesis)=false (exists=false) | cond3(view>locked || extends)=true (pc.view=4526, locked.view=4520, extends=false) | cond4(phase/updates)=true (phase_special=false, has_updates=false) | highest_pc.block=[195, 99, 168, 47, 233, 87, 127, 49, 57, 22, 199, 43, 249, 251, 141, 45, 133, 178, 86, 185, 56, 131, 0, 84, 51, 81, 4, 214, 77, 194, 204, 88] highest_pc.view=4521 locked.block=[212, 205, 250, 204, 89, 107, 254, 11, 133, 54, 2, 96, 147, 7, 204, 83, 64, 144, 98, 177, 195, 87, 136, 13, 98, 158, 20, 105, 223, 206, 72, 41] locked.view=4520    
2026-08-10T05:53:28.408325Z  WARN ThreadId(20) hotstuff_rs::block_tree::invariants: SAFE_PC_FAIL: pc.block=[87, 196, 142, 39, 35, 178, 201, 101, 112, 59, 46, 38, 49, 120, 248, 248, 187, 68, 104, 109, 38, 193, 250, 161, 207, 124, 116, 205, 165, 149, 223, 59] view=4526 phase=Generic | cond1(chain_id/genesis)=true (pc.chain_id=0, my.chain_id=0) | cond2(block_exists/genesis)=false (exists=false) | cond3(view>locked || extends)=true (pc.view=4526, locked.view=4521, extends=false) | cond4(phase/updates)=true (phase_special=false, has_updates=false) | highest_pc.block=[139, 113, 35, 53, 252, 147, 114, 98, 249, 38, 44, 85, 75, 43, 169, 22, 223, 199, 221, 206, 127, 45, 162, 110, 7, 234, 146, 173, 119, 66, 200, 233] highest_pc.view=4522 locked.block=[195, 99, 168, 47, 233, 87, 127, 49, 57, 22, 199, 43, 249, 251, 141, 45, 133, 178, 86, 185, 56, 131, 0, 84, 51, 81, 4, 214, 77, 194, 204, 88] locked.view=4521    
2026-08-10T05:53:28.443393Z  WARN ThreadId(20) hotstuff_runner::app: Node 1 [produce_block] queue size: 10, attempting up to 10 transactions this block    
2026-08-10T05:53:28.463539Z  WARN ThreadId(20) hotstuff_runner::app: Node 1 view(4528) far exceeds block count (1131); potential sync issue    
2026-08-10T05:53:28.510879Z  WARN ThreadId(21) hotstuff_runner::tcp_node: Node 1 view 4527 timed out; latency may accumulate
2026-08-10T05:53:28.539642Z  WARN ThreadId(20) hotstuff_runner::app: Node 1 [produce_block] queue size: 0, attempting up to 0 transactions this block    
2026-08-10T05:53:28.539819Z  WARN ThreadId(20) hotstuff_runner::app: Node 1 view(4532) far exceeds block count (1132); potential sync issue    
2026-08-10T05:53:28.621538Z  WARN ThreadId(20) hotstuff_runner::app: Node 1 [produce_block] queue size: 0, attempting up to 0 transactions this block    
2026-08-10T05:53:28.621872Z  WARN ThreadId(20) hotstuff_runner::app: Node 1 view(4536) far exceeds block count (1133); potential sync issue    
2026-08-10T05:53:28.690842Z  WARN ThreadId(20) hotstuff_runner::app: Node 1 [produce_block] queue size: 2, attempting up to 2 transactions this block    
2026-08-10T05:53:28.691287Z  WARN ThreadId(20) hotstuff_runner::app: Node 1 view(4540) far exceeds block count (1134); potential sync issue    
2026-08-10T05:53:28.775944Z  WARN ThreadId(20) hotstuff_runner::app: Node 1 [produce_block] queue size: 0, attempting up to 0 transactions this block    
2026-08-10T05:53:28.778468Z  WARN ThreadId(20) hotstuff_runner::app: Node 1 view(4544) far exceeds block count (1135); potential sync issue    
2026-08-10T05:53:28.896318Z  WARN ThreadId(20) hotstuff_runner::app: Node 1 [produce_block] queue size: 2, attempting up to 2 transactions this block    
2026-08-10T05:53:28.944667Z  WARN ThreadId(20) hotstuff_runner::app: Node 1 view(4548) far exceeds block count (1136); potential sync issue    
2026-08-10T05:53:29.041162Z  WARN ThreadId(20) hotstuff_runner::app: Node 1 [produce_block] queue size: 2, attempting up to 2 transactions this block    
2026-08-10T05:53:29.043125Z  WARN ThreadId(20) hotstuff_runner::app: Node 1 view(4552) far exceeds block count (1137); potential sync issue    
2026-08-10T05:53:29.130917Z  WARN ThreadId(20) hotstuff_runner::app: Node 1 [produce_block] queue size: 0, attempting up to 0 transactions this block    
2026-08-10T05:53:29.131184Z  WARN ThreadId(20) hotstuff_runner::app: Node 1 view(4556) far exceeds block count (1138); potential sync issue    
2026-08-10T05:53:29.193097Z  WARN ThreadId(20) hotstuff_runner::app: Node 1 [produce_block] queue size: 0, attempting up to 0 transactions this block    
2026-08-10T05:53:29.193754Z  WARN ThreadId(20) hotstuff_runner::app: Node 1 view(4560) far exceeds block count (1139); potential sync issue    
2026-08-10T05:53:29.311830Z  WARN ThreadId(20) hotstuff_runner::app: Node 1 [produce_block] queue size: 2, attempting up to 2 transactions this block    
2026-08-10T05:53:29.323433Z  WARN ThreadId(20) hotstuff_runner::app: Node 1 view(4564) far exceeds block count (1140); potential sync issue    
2026-08-10T05:53:29.413722Z  WARN ThreadId(20) hotstuff_runner::app: Node 1 [produce_block] queue size: 0, attempting up to 0 transactions this block    
2026-08-10T05:53:29.413942Z  WARN ThreadId(20) hotstuff_runner::app: Node 1 view(4568) far exceeds block count (1141); potential sync issue    
2026-08-10T05:53:29.486043Z  WARN ThreadId(20) hotstuff_runner::app: Node 1 [produce_block] queue size: 2, attempting up to 2 transactions this block    
2026-08-10T05:53:29.486528Z  WARN ThreadId(20) hotstuff_runner::app: Node 1 view(4572) far exceeds block count (1142); potential sync issue    
2026-08-10T05:53:29.606484Z  WARN ThreadId(20) hotstuff_runner::app: Node 1 [produce_block] queue size: 0, attempting up to 0 transactions this block    
2026-08-10T05:53:29.606672Z  WARN ThreadId(20) hotstuff_runner::app: Node 1 view(4576) far exceeds block count (1143); potential sync issue    
2026-08-10T05:53:29.688273Z  WARN ThreadId(20) hotstuff_runner::app: Node 1 [produce_block] queue size: 2, attempting up to 2 transactions this block    
2026-08-10T05:53:29.688546Z  WARN ThreadId(20) hotstuff_runner::app: Node 1 view(4580) far exceeds block count (1144); potential sync issue    
2026-08-10T05:53:29.807417Z  WARN ThreadId(20) hotstuff_runner::app: Node 1 [produce_block] queue size: 0, attempting up to 0 transactions this block    
2026-08-10T05:53:29.812286Z  WARN ThreadId(20) hotstuff_runner::app: Node 1 view(4584) far exceeds block count (1145); potential sync issue    
2026-08-10T05:53:29.915320Z  WARN ThreadId(20) hotstuff_runner::app: Node 1 [produce_block] queue size: 2, attempting up to 2 transactions this block    
2026-08-10T05:53:29.917159Z  WARN ThreadId(20) hotstuff_runner::app: Node 1 view(4588) far exceeds block count (1146); potential sync issue    
2026-08-10T05:53:29.976965Z  WARN ThreadId(20) hotstuff_runner::app: Node 1 [produce_block] queue size: 0, attempting up to 0 transactions this block    
2026-08-10T05:53:29.977105Z  WARN ThreadId(20) hotstuff_runner::app: Node 1 view(4592) far exceeds block count (1147); potential sync issue    
2026-08-10T05:53:30.036357Z  WARN ThreadId(20) hotstuff_runner::app: Node 1 [produce_block] queue size: 2, attempting up to 2 transactions this block    
2026-08-10T05:53:30.044260Z  WARN ThreadId(20) hotstuff_runner::app: Node 1 view(4596) far exceeds block count (1148); potential sync issue    
2026-08-10T05:53:30.147927Z  WARN ThreadId(20) hotstuff_runner::app: Node 1 [produce_block] queue size: 0, attempting up to 0 transactions this block    
2026-08-10T05:53:30.148057Z  WARN ThreadId(20) hotstuff_runner::app: Node 1 view(4600) far exceeds block count (1149); potential sync issue    
2026-08-10T05:53:30.211878Z  WARN ThreadId(20) hotstuff_runner::app: Node 1 [produce_block] queue size: 2, attempting up to 2 transactions this block    
2026-08-10T05:53:30.222952Z  WARN ThreadId(20) hotstuff_runner::app: Node 1 view(4604) far exceeds block count (1150); potential sync issue    
2026-08-10T05:53:30.297561Z  WARN ThreadId(20) hotstuff_runner::app: Node 1 [produce_block] queue size: 0, attempting up to 0 transactions this block    
2026-08-10T05:53:30.298912Z  WARN ThreadId(20) hotstuff_runner::app: Node 1 view(4608) far exceeds block count (1151); potential sync issue    
2026-08-10T05:53:30.411670Z  WARN ThreadId(20) hotstuff_runner::app: Node 1 [produce_block] queue size: 0, attempting up to 0 transactions this block    
2026-08-10T05:53:30.412431Z  WARN ThreadId(20) hotstuff_runner::app: Node 1 view(4612) far exceeds block count (1152); potential sync issue    
2026-08-10T05:53:30.478150Z  WARN ThreadId(20) hotstuff_runner::app: Node 1 [produce_block] queue size: 2, attempting up to 2 transactions this block    
2026-08-10T05:53:30.478994Z  WARN ThreadId(20) hotstuff_runner::app: Node 1 view(4616) far exceeds block count (1153); potential sync issue    
2026-08-10T05:53:30.545022Z  WARN ThreadId(20) hotstuff_runner::app: Node 1 [produce_block] queue size: 0, attempting up to 0 transactions this block    
2026-08-10T05:53:30.545445Z  WARN ThreadId(20) hotstuff_runner::app: Node 1 view(4620) far exceeds block count (1154); potential sync issue    
2026-08-10T05:53:30.610681Z  WARN ThreadId(20) hotstuff_runner::app: Node 1 [produce_block] queue size: 0, attempting up to 0 transactions this block    
2026-08-10T05:53:30.610948Z  WARN ThreadId(20) hotstuff_runner::app: Node 1 view(4624) far exceeds block count (1155); potential sync issue    
2026-08-10T05:53:30.717243Z  WARN ThreadId(20) hotstuff_runner::app: Node 1 [produce_block] queue size: 2, attempting up to 2 transactions this block    
2026-08-10T05:53:30.717535Z  WARN ThreadId(20) hotstuff_runner::app: Node 1 view(4628) far exceeds block count (1156); potential sync issue    
2026-08-10T05:53:30.861953Z  WARN ThreadId(20) hotstuff_runner::app: Node 1 [produce_block] queue size: 0, attempting up to 0 transactions this block    
2026-08-10T05:53:30.872920Z  WARN ThreadId(20) hotstuff_runner::app: Node 1 view(4632) far exceeds block count (1157); potential sync issue    
2026-08-10T05:53:31.397263Z  WARN ThreadId(21) hotstuff_runner::tcp_node: Node 1 view 4634 timed out; latency may accumulate
2026-08-10T05:53:31.426269Z  WARN ThreadId(20) hotstuff_runner::app: Node 1 [produce_block] queue size: 6, attempting up to 6 transactions this block    
2026-08-10T05:53:31.428633Z  WARN ThreadId(20) hotstuff_runner::app: Node 1 view(4636) far exceeds block count (1158); potential sync issue    
2026-08-10T05:53:31.474951Z  WARN ThreadId(20) hotstuff_runner::app: Node 1 [produce_block] queue size: 0, attempting up to 0 transactions this block    
2026-08-10T05:53:31.476940Z  WARN ThreadId(20) hotstuff_runner::app: Node 1 view(4640) far exceeds block count (1159); potential sync issue    
2026-08-10T05:53:31.554643Z  WARN ThreadId(20) hotstuff_runner::app: Node 1 [produce_block] queue size: 2, attempting up to 2 transactions this block    
2026-08-10T05:53:31.554813Z  WARN ThreadId(20) hotstuff_runner::app: Node 1 view(4644) far exceeds block count (1160); potential sync issue    
2026-08-10T05:53:31.633439Z  WARN ThreadId(20) hotstuff_runner::app: Node 1 [produce_block] queue size: 0, attempting up to 0 transactions this block    
2026-08-10T05:53:31.633963Z  WARN ThreadId(20) hotstuff_runner::app: Node 1 view(4648) far exceeds block count (1161); potential sync issue    
2026-08-10T05:53:31.737292Z  WARN ThreadId(20) hotstuff_runner::app: Node 1 [produce_block] queue size: 0, attempting up to 0 transactions this block    
2026-08-10T05:53:31.737492Z  WARN ThreadId(20) hotstuff_runner::app: Node 1 view(4652) far exceeds block count (1162); potential sync issue    
2026-08-10T05:53:31.843410Z  WARN ThreadId(20) hotstuff_runner::app: Node 1 [produce_block] queue size: 2, attempting up to 2 transactions this block    
2026-08-10T05:53:31.851766Z  WARN ThreadId(20) hotstuff_runner::app: Node 1 view(4656) far exceeds block count (1163); potential sync issue    
2026-08-10T05:53:31.960336Z  WARN ThreadId(20) hotstuff_runner::app: Node 1 [produce_block] queue size: 0, attempting up to 0 transactions this block    
2026-08-10T05:53:31.960493Z  WARN ThreadId(20) hotstuff_runner::app: Node 1 view(4660) far exceeds block count (1164); potential sync issue    
2026-08-10T05:53:32.055416Z  WARN ThreadId(20) hotstuff_runner::app: Node 1 [produce_block] queue size: 2, attempting up to 2 transactions this block    
2026-08-10T05:53:32.056474Z  WARN ThreadId(20) hotstuff_runner::app: Node 1 view(4664) far exceeds block count (1165); potential sync issue    
2026-08-10T05:53:32.127115Z  WARN ThreadId(20) hotstuff_runner::app: Node 1 [produce_block] queue size: 0, attempting up to 0 transactions this block    
2026-08-10T05:53:32.129009Z  WARN ThreadId(20) hotstuff_runner::app: Node 1 view(4668) far exceeds block count (1166); potential sync issue    
2026-08-10T05:53:32.205358Z  WARN ThreadId(20) hotstuff_runner::app: Node 1 [produce_block] queue size: 0, attempting up to 0 transactions this block    
2026-08-10T05:53:32.206437Z  WARN ThreadId(20) hotstuff_runner::app: Node 1 view(4672) far exceeds block count (1167); potential sync issue    
2026-08-10T05:53:32.356653Z  WARN ThreadId(20) hotstuff_runner::app: Node 1 [produce_block] queue size: 2, attempting up to 2 transactions this block    
2026-08-10T05:53:32.356919Z  WARN ThreadId(20) hotstuff_runner::app: Node 1 view(4676) far exceeds block count (1168); potential sync issue    
2026-08-10T05:53:32.460123Z  WARN ThreadId(20) hotstuff_runner::app: Node 1 [produce_block] queue size: 2, attempting up to 2 transactions this block    
2026-08-10T05:53:32.472757Z  WARN ThreadId(20) hotstuff_runner::app: Node 1 view(4680) far exceeds block count (1169); potential sync issue    
2026-08-10T05:53:32.556448Z  WARN ThreadId(20) hotstuff_runner::app: Node 1 [produce_block] queue size: 0, attempting up to 0 transactions this block    
2026-08-10T05:53:32.557600Z  WARN ThreadId(20) hotstuff_runner::app: Node 1 view(4684) far exceeds block count (1170); potential sync issue    
2026-08-10T05:53:32.658055Z  WARN ThreadId(20) hotstuff_runner::app: Node 1 [produce_block] queue size: 0, attempting up to 0 transactions this block    
2026-08-10T05:53:32.659506Z  WARN ThreadId(20) hotstuff_runner::app: Node 1 view(4688) far exceeds block count (1171); potential sync issue    
2026-08-10T05:53:32.775035Z  WARN ThreadId(20) hotstuff_runner::app: Node 1 [produce_block] queue size: 2, attempting up to 2 transactions this block    
2026-08-10T05:53:32.790922Z  WARN ThreadId(20) hotstuff_runner::app: Node 1 view(4692) far exceeds block count (1172); potential sync issue    
2026-08-10T05:53:32.882154Z  WARN ThreadId(20) hotstuff_runner::app: Node 1 [produce_block] queue size: 2, attempting up to 2 transactions this block    
2026-08-10T05:53:32.882385Z  WARN ThreadId(20) hotstuff_runner::app: Node 1 view(4696) far exceeds block count (1173); potential sync issue    
2026-08-10T05:53:33.040102Z  WARN ThreadId(20) hotstuff_runner::app: Node 1 [produce_block] queue size: 0, attempting up to 0 transactions this block    
2026-08-10T05:53:33.043558Z  WARN ThreadId(20) hotstuff_runner::app: Node 1 view(4700) far exceeds block count (1174); potential sync issue    
2026-08-10T05:53:33.122140Z  WARN ThreadId(20) hotstuff_runner::app: Node 1 [produce_block] queue size: 2, attempting up to 2 transactions this block    
2026-08-10T05:53:33.123500Z  WARN ThreadId(20) hotstuff_runner::app: Node 1 view(4704) far exceeds block count (1175); potential sync issue    
2026-08-10T05:53:33.247095Z  WARN ThreadId(20) hotstuff_runner::app: Node 1 [produce_block] queue size: 0, attempting up to 0 transactions this block    
2026-08-10T05:53:33.247216Z  WARN ThreadId(20) hotstuff_runner::app: Node 1 view(4708) far exceeds block count (1176); potential sync issue    
2026-08-10T05:53:33.329519Z  WARN ThreadId(20) hotstuff_runner::app: Node 1 [produce_block] queue size: 2, attempting up to 2 transactions this block    
2026-08-10T05:53:33.329843Z  WARN ThreadId(20) hotstuff_runner::app: Node 1 view(4712) far exceeds block count (1177); potential sync issue    
2026-08-10T05:53:33.407328Z  WARN ThreadId(20) hotstuff_runner::app: Node 1 [produce_block] queue size: 0, attempting up to 0 transactions this block    
2026-08-10T05:53:33.408290Z  WARN ThreadId(20) hotstuff_runner::app: Node 1 view(4716) far exceeds block count (1178); potential sync issue    
2026-08-10T05:53:33.526891Z  WARN ThreadId(20) hotstuff_runner::app: Node 1 [produce_block] queue size: 2, attempting up to 2 transactions this block    
2026-08-10T05:53:33.533109Z  WARN ThreadId(20) hotstuff_runner::app: Node 1 view(4720) far exceeds block count (1179); potential sync issue    
2026-08-10T05:53:33.635227Z  WARN ThreadId(20) hotstuff_runner::app: Node 1 [produce_block] queue size: 0, attempting up to 0 transactions this block    
2026-08-10T05:53:33.636381Z  WARN ThreadId(20) hotstuff_runner::app: Node 1 view(4724) far exceeds block count (1180); potential sync issue    
2026-08-10T05:53:33.796001Z  WARN ThreadId(20) hotstuff_runner::app: Node 1 [produce_block] queue size: 2, attempting up to 2 transactions this block    
2026-08-10T05:53:33.798919Z  WARN ThreadId(20) hotstuff_runner::app: Node 1 view(4728) far exceeds block count (1181); potential sync issue    
2026-08-10T05:53:33.840741Z  WARN ThreadId(08) docker_node: Low processing efficiency: 0.0% - system may need tuning
2026-08-10T05:53:33.918769Z  WARN ThreadId(20) hotstuff_runner::app: Node 1 [produce_block] queue size: 2, attempting up to 2 transactions this block    
2026-08-10T05:53:33.920693Z  WARN ThreadId(20) hotstuff_runner::app: Node 1 view(4732) far exceeds block count (1182); potential sync issue    
2026-08-10T05:53:34.015174Z  WARN ThreadId(20) hotstuff_runner::app: Node 1 [produce_block] queue size: 0, attempting up to 0 transactions this block    
2026-08-10T05:53:34.021995Z  WARN ThreadId(20) hotstuff_runner::app: Node 1 view(4736) far exceeds block count (1183); potential sync issue    
2026-08-10T05:53:34.159703Z  WARN ThreadId(20) hotstuff_runner::app: Node 1 [produce_block] queue size: 2, attempting up to 2 transactions this block    
2026-08-10T05:53:34.160225Z  WARN ThreadId(20) hotstuff_runner::app: Node 1 view(4740) far exceeds block count (1184); potential sync issue    
2026-08-10T05:53:34.235843Z  WARN ThreadId(20) hotstuff_runner::app: Node 1 [produce_block] queue size: 0, attempting up to 0 transactions this block    
2026-08-10T05:53:34.236089Z  WARN ThreadId(20) hotstuff_runner::app: Node 1 view(4744) far exceeds block count (1185); potential sync issue    
2026-08-10T05:53:34.321845Z  WARN ThreadId(20) hotstuff_runner::app: Node 1 [produce_block] queue size: 2, attempting up to 2 transactions this block    
2026-08-10T05:53:34.322224Z  WARN ThreadId(20) hotstuff_runner::app: Node 1 view(4748) far exceeds block count (1186); potential sync issue    
2026-08-10T05:53:34.449034Z  WARN ThreadId(20) hotstuff_runner::app: Node 1 [produce_block] queue size: 0, attempting up to 0 transactions this block    
2026-08-10T05:53:34.456293Z  WARN ThreadId(20) hotstuff_runner::app: Node 1 view(4752) far exceeds block count (1187); potential sync issue    
2026-08-10T05:53:34.624530Z  WARN ThreadId(20) hotstuff_runner::app: Node 1 [produce_block] queue size: 2, attempting up to 2 transactions this block    
2026-08-10T05:53:34.624980Z  WARN ThreadId(20) hotstuff_runner::app: Node 1 view(4756) far exceeds block count (1188); potential sync issue    
2026-08-10T05:53:34.739736Z  WARN ThreadId(20) hotstuff_runner::app: Node 1 [produce_block] queue size: 2, attempting up to 2 transactions this block    
2026-08-10T05:53:34.740209Z  WARN ThreadId(20) hotstuff_runner::app: Node 1 view(4760) far exceeds block count (1189); potential sync issue    
2026-08-10T05:53:34.848665Z  WARN ThreadId(20) hotstuff_runner::app: Node 1 [produce_block] queue size: 0, attempting up to 0 transactions this block    
2026-08-10T05:53:34.867713Z  WARN ThreadId(20) hotstuff_runner::app: Node 1 view(4764) far exceeds block count (1190); potential sync issue    
2026-08-10T05:53:34.960300Z  WARN ThreadId(20) hotstuff_runner::app: Node 1 [produce_block] queue size: 2, attempting up to 2 transactions this block    
2026-08-10T05:53:34.961306Z  WARN ThreadId(20) hotstuff_runner::app: Node 1 view(4768) far exceeds block count (1191); potential sync issue    
2026-08-10T05:53:35.043067Z  WARN ThreadId(20) hotstuff_runner::app: Node 1 [produce_block] queue size: 0, attempting up to 0 transactions this block    
2026-08-10T05:53:35.045098Z  WARN ThreadId(20) hotstuff_runner::app: Node 1 view(4772) far exceeds block count (1192); potential sync issue    
2026-08-10T05:53:35.163302Z  WARN ThreadId(20) hotstuff_runner::app: Node 1 [produce_block] queue size: 2, attempting up to 2 transactions this block    
2026-08-10T05:53:35.163761Z  WARN ThreadId(20) hotstuff_runner::app: Node 1 view(4776) far exceeds block count (1193); potential sync issue    
2026-08-10T05:53:35.272961Z  WARN ThreadId(20) hotstuff_runner::app: Node 1 [produce_block] queue size: 0, attempting up to 0 transactions this block    
2026-08-10T05:53:35.273078Z  WARN ThreadId(20) hotstuff_runner::app: Node 1 view(4780) far exceeds block count (1194); potential sync issue    
2026-08-10T05:53:35.371340Z  WARN ThreadId(20) hotstuff_runner::app: Node 1 [produce_block] queue size: 2, attempting up to 2 transactions this block    
2026-08-10T05:53:35.371562Z  WARN ThreadId(20) hotstuff_runner::app: Node 1 view(4784) far exceeds block count (1195); potential sync issue    
2026-08-10T05:53:35.493625Z  WARN ThreadId(20) hotstuff_runner::app: Node 1 [produce_block] queue size: 0, attempting up to 0 transactions this block    
2026-08-10T05:53:35.493865Z  WARN ThreadId(20) hotstuff_runner::app: Node 1 view(4788) far exceeds block count (1196); potential sync issue    
2026-08-10T05:53:35.622733Z  WARN ThreadId(20) hotstuff_runner::app: Node 1 [produce_block] queue size: 2, attempting up to 2 transactions this block    
2026-08-10T05:53:35.626476Z  WARN ThreadId(20) hotstuff_runner::app: Node 1 view(4792) far exceeds block count (1197); potential sync issue    
2026-08-10T05:53:35.813543Z  WARN ThreadId(20) hotstuff_runner::app: Node 1 [produce_block] queue size: 2, attempting up to 2 transactions this block    
2026-08-10T05:53:35.814479Z  WARN ThreadId(20) hotstuff_runner::app: Node 1 view(4796) far exceeds block count (1198); potential sync issue    
2026-08-10T05:53:35.902701Z  WARN ThreadId(20) hotstuff_runner::app: Node 1 [produce_block] queue size: 0, attempting up to 0 transactions this block    
2026-08-10T05:53:35.903050Z  WARN ThreadId(20) hotstuff_runner::app: Node 1 view(4800) far exceeds block count (1199); potential sync issue    
2026-08-10T05:53:36.058312Z  WARN ThreadId(20) hotstuff_runner::app: Node 1 [produce_block] queue size: 2, attempting up to 2 transactions this block    
2026-08-10T05:53:36.061320Z  WARN ThreadId(20) hotstuff_runner::app: Node 1 view(4804) far exceeds block count (1200); potential sync issue    
2026-08-10T05:53:36.203985Z  WARN ThreadId(20) hotstuff_runner::app: Node 1 [produce_block] queue size: 2, attempting up to 2 transactions this block    
2026-08-10T05:53:36.204330Z  WARN ThreadId(20) hotstuff_runner::app: Node 1 view(4808) far exceeds block count (1201); potential sync issue    
2026-08-10T05:53:36.291311Z  WARN ThreadId(20) hotstuff_runner::app: Node 1 [produce_block] queue size: 0, attempting up to 0 transactions this block    
2026-08-10T05:53:36.293696Z  WARN ThreadId(20) hotstuff_runner::app: Node 1 view(4812) far exceeds block count (1202); potential sync issue    
2026-08-10T05:53:36.418861Z  WARN ThreadId(20) hotstuff_runner::app: Node 1 [produce_block] queue size: 2, attempting up to 2 transactions this block    
2026-08-10T05:53:36.421485Z  WARN ThreadId(20) hotstuff_runner::app: Node 1 view(4816) far exceeds block count (1203); potential sync issue    
2026-08-10T05:53:36.542839Z  WARN ThreadId(20) hotstuff_runner::app: Node 1 [produce_block] queue size: 0, attempting up to 0 transactions this block    
2026-08-10T05:53:36.545466Z  WARN ThreadId(20) hotstuff_runner::app: Node 1 view(4820) far exceeds block count (1204); potential sync issue    
2026-08-10T05:53:36.713406Z  WARN ThreadId(20) hotstuff_runner::app: Node 1 [produce_block] queue size: 2, attempting up to 2 transactions this block    
2026-08-10T05:53:36.714054Z  WARN ThreadId(20) hotstuff_runner::app: Node 1 view(4824) far exceeds block count (1205); potential sync issue    
2026-08-10T05:53:36.849194Z  WARN ThreadId(20) hotstuff_runner::app: Node 1 [produce_block] queue size: 2, attempting up to 2 transactions this block    
2026-08-10T05:53:36.859911Z  WARN ThreadId(20) hotstuff_runner::app: Node 1 view(4828) far exceeds block count (1206); potential sync issue    
2026-08-10T05:53:36.987356Z  WARN ThreadId(20) hotstuff_runner::app: Node 1 [produce_block] queue size: 2, attempting up to 2 transactions this block    
2026-08-10T05:53:36.988864Z  WARN ThreadId(20) hotstuff_runner::app: Node 1 view(4832) far exceeds block count (1207); potential sync issue    
2026-08-10T05:53:37.235746Z  WARN ThreadId(20) hotstuff_runner::app: Node 1 [produce_block] queue size: 2, attempting up to 2 transactions this block    
2026-08-10T05:53:37.237854Z  WARN ThreadId(20) hotstuff_runner::app: Node 1 view(4836) far exceeds block count (1208); potential sync issue    
2026-08-10T05:53:37.322804Z  WARN ThreadId(20) hotstuff_runner::app: Node 1 [produce_block] queue size: 0, attempting up to 0 transactions this block    
2026-08-10T05:53:37.322962Z  WARN ThreadId(20) hotstuff_runner::app: Node 1 view(4840) far exceeds block count (1209); potential sync issue    
2026-08-10T05:53:37.573287Z  WARN ThreadId(20) hotstuff_runner::app: Node 1 [produce_block] queue size: 4, attempting up to 4 transactions this block    
2026-08-10T05:53:37.573915Z  WARN ThreadId(20) hotstuff_runner::app: Node 1 view(4844) far exceeds block count (1210); potential sync issue    
2026-08-10T05:53:37.650050Z  WARN ThreadId(20) hotstuff_runner::app: Node 1 [produce_block] queue size: 0, attempting up to 0 transactions this block    
2026-08-10T05:53:37.660528Z  WARN ThreadId(20) hotstuff_runner::app: Node 1 view(4848) far exceeds block count (1211); potential sync issue    
2026-08-10T05:53:37.845667Z  WARN ThreadId(20) hotstuff_runner::app: Node 1 [produce_block] queue size: 2, attempting up to 2 transactions this block    
2026-08-10T05:53:37.845800Z  WARN ThreadId(20) hotstuff_runner::app: Node 1 view(4852) far exceeds block count (1212); potential sync issue    
2026-08-10T05:53:37.956313Z  WARN ThreadId(20) hotstuff_runner::app: Node 1 [produce_block] queue size: 2, attempting up to 2 transactions this block    
2026-08-10T05:53:37.960181Z  WARN ThreadId(20) hotstuff_runner::app: Node 1 view(4856) far exceeds block count (1213); potential sync issue    
2026-08-10T05:53:38.078439Z  WARN ThreadId(20) hotstuff_runner::app: Node 1 [produce_block] queue size: 0, attempting up to 0 transactions this block    
2026-08-10T05:53:38.081103Z  WARN ThreadId(20) hotstuff_runner::app: Node 1 view(4860) far exceeds block count (1214); potential sync issue    
2026-08-10T05:53:38.253393Z  WARN ThreadId(20) hotstuff_runner::app: Node 1 [produce_block] queue size: 2, attempting up to 2 transactions this block    
2026-08-10T05:53:38.254487Z  WARN ThreadId(20) hotstuff_runner::app: Node 1 view(4864) far exceeds block count (1215); potential sync issue    
2026-08-10T05:53:38.462580Z  WARN ThreadId(20) hotstuff_runner::app: Node 1 [produce_block] queue size: 2, attempting up to 2 transactions this block    
2026-08-10T05:53:38.462767Z  WARN ThreadId(20) hotstuff_runner::app: Node 1 view(4868) far exceeds block count (1216); potential sync issue    
2026-08-10T05:53:38.618951Z  WARN ThreadId(20) hotstuff_runner::app: Node 1 [produce_block] queue size: 2, attempting up to 2 transactions this block    
2026-08-10T05:53:38.626837Z  WARN ThreadId(20) hotstuff_runner::app: Node 1 view(4872) far exceeds block count (1217); potential sync issue    
2026-08-10T05:53:38.782524Z  WARN ThreadId(20) hotstuff_runner::app: Node 1 [produce_block] queue size: 0, attempting up to 0 transactions this block    
2026-08-10T05:53:38.783102Z  WARN ThreadId(20) hotstuff_runner::app: Node 1 view(4876) far exceeds block count (1218); potential sync issue    
2026-08-10T05:53:38.841520Z  WARN ThreadId(03) docker_node: Low processing efficiency: 0.0% - system may need tuning
2026-08-10T05:53:38.870444Z  WARN ThreadId(20) hotstuff_runner::app: Node 1 [produce_block] queue size: 2, attempting up to 2 transactions this block    
2026-08-10T05:53:38.870754Z  WARN ThreadId(20) hotstuff_runner::app: Node 1 view(4880) far exceeds block count (1219); potential sync issue    
2026-08-10T05:53:38.940761Z  WARN ThreadId(20) hotstuff_runner::app: Node 1 [produce_block] queue size: 0, attempting up to 0 transactions this block    
2026-08-10T05:53:38.948324Z  WARN ThreadId(20) hotstuff_runner::app: Node 1 view(4884) far exceeds block count (1220); potential sync issue    
2026-08-10T05:53:39.022740Z  WARN ThreadId(20) hotstuff_runner::app: Node 1 [produce_block] queue size: 2, attempting up to 2 transactions this block    
2026-08-10T05:53:39.023277Z  WARN ThreadId(20) hotstuff_runner::app: Node 1 view(4888) far exceeds block count (1221); potential sync issue    
2026-08-10T05:53:39.108682Z  WARN ThreadId(20) hotstuff_runner::app: Node 1 [produce_block] queue size: 0, attempting up to 0 transactions this block    
2026-08-10T05:53:39.108914Z  WARN ThreadId(20) hotstuff_runner::app: Node 1 view(4892) far exceeds block count (1222); potential sync issue    
2026-08-10T05:53:39.174587Z  WARN ThreadId(20) hotstuff_runner::app: Node 1 [produce_block] queue size: 2, attempting up to 2 transactions this block    
2026-08-10T05:53:39.175055Z  WARN ThreadId(20) hotstuff_runner::app: Node 1 view(4896) far exceeds block count (1223); potential sync issue    
2026-08-10T05:53:39.288284Z  WARN ThreadId(20) hotstuff_runner::app: Node 1 [produce_block] queue size: 0, attempting up to 0 transactions this block    
2026-08-10T05:53:39.289212Z  WARN ThreadId(20) hotstuff_runner::app: Node 1 view(4900) far exceeds block count (1224); potential sync issue    
2026-08-10T05:53:39.377389Z  WARN ThreadId(20) hotstuff_runner::app: Node 1 [produce_block] queue size: 2, attempting up to 2 transactions this block    
2026-08-10T05:53:39.378500Z  WARN ThreadId(20) hotstuff_runner::app: Node 1 view(4904) far exceeds block count (1225); potential sync issue    
2026-08-10T05:53:39.469502Z  WARN ThreadId(20) hotstuff_runner::app: Node 1 [produce_block] queue size: 0, attempting up to 0 transactions this block    
2026-08-10T05:53:39.470055Z  WARN ThreadId(20) hotstuff_runner::app: Node 1 view(4908) far exceeds block count (1226); potential sync issue    
2026-08-10T05:53:39.523265Z  WARN ThreadId(20) hotstuff_runner::app: Node 1 [produce_block] queue size: 0, attempting up to 0 transactions this block    
2026-08-10T05:53:39.524040Z  WARN ThreadId(20) hotstuff_runner::app: Node 1 view(4912) far exceeds block count (1227); potential sync issue    
2026-08-10T05:53:39.608731Z  WARN ThreadId(20) hotstuff_runner::app: Node 1 [produce_block] queue size: 0, attempting up to 0 transactions this block    
2026-08-10T05:53:39.609369Z  WARN ThreadId(20) hotstuff_runner::app: Node 1 view(4916) far exceeds block count (1228); potential sync issue    
2026-08-10T05:53:39.693473Z  WARN ThreadId(20) hotstuff_runner::app: Node 1 [produce_block] queue size: 0, attempting up to 0 transactions this block    
2026-08-10T05:53:39.694137Z  WARN ThreadId(20) hotstuff_runner::app: Node 1 view(4920) far exceeds block count (1229); potential sync issue    
2026-08-10T05:53:39.763001Z  WARN ThreadId(20) hotstuff_runner::app: Node 1 [produce_block] queue size: 2, attempting up to 2 transactions this block    
2026-08-10T05:53:39.764988Z  WARN ThreadId(20) hotstuff_runner::app: Node 1 view(4924) far exceeds block count (1230); potential sync issue    
2026-08-10T05:53:39.855373Z  WARN ThreadId(20) hotstuff_runner::app: Node 1 [produce_block] queue size: 0, attempting up to 0 transactions this block    
2026-08-10T05:53:39.858224Z  WARN ThreadId(20) hotstuff_runner::app: Node 1 view(4928) far exceeds block count (1231); potential sync issue    
2026-08-10T05:53:39.918337Z  WARN ThreadId(20) hotstuff_runner::app: Node 1 [produce_block] queue size: 0, attempting up to 0 transactions this block    
2026-08-10T05:53:39.919514Z  WARN ThreadId(20) hotstuff_runner::app: Node 1 view(4932) far exceeds block count (1232); potential sync issue    
2026-08-10T05:53:39.995794Z  WARN ThreadId(20) hotstuff_runner::app: Node 1 [produce_block] queue size: 2, attempting up to 2 transactions this block    
2026-08-10T05:53:39.997104Z  WARN ThreadId(20) hotstuff_runner::app: Node 1 view(4936) far exceeds block count (1233); potential sync issue    
2026-08-10T05:53:40.086591Z  WARN ThreadId(20) hotstuff_runner::app: Node 1 [produce_block] queue size: 0, attempting up to 0 transactions this block    
2026-08-10T05:53:40.089637Z  WARN ThreadId(20) hotstuff_runner::app: Node 1 view(4940) far exceeds block count (1234); potential sync issue    
2026-08-10T05:53:40.183125Z  WARN ThreadId(20) hotstuff_runner::app: Node 1 [produce_block] queue size: 2, attempting up to 2 transactions this block    
2026-08-10T05:53:40.183886Z  WARN ThreadId(20) hotstuff_runner::app: Node 1 view(4944) far exceeds block count (1235); potential sync issue    
2026-08-10T05:53:40.254865Z  WARN ThreadId(20) hotstuff_runner::app: Node 1 [produce_block] queue size: 0, attempting up to 0 transactions this block    
2026-08-10T05:53:40.255208Z  WARN ThreadId(20) hotstuff_runner::app: Node 1 view(4948) far exceeds block count (1236); potential sync issue    
2026-08-10T05:53:40.350503Z  WARN ThreadId(20) hotstuff_runner::app: Node 1 [produce_block] queue size: 0, attempting up to 0 transactions this block    
2026-08-10T05:53:40.357328Z  WARN ThreadId(20) hotstuff_runner::app: Node 1 view(4952) far exceeds block count (1237); potential sync issue    
2026-08-10T05:53:40.502363Z  WARN ThreadId(20) hotstuff_runner::app: Node 1 [produce_block] queue size: 2, attempting up to 2 transactions this block    
2026-08-10T05:53:40.502515Z  WARN ThreadId(20) hotstuff_runner::app: Node 1 view(4956) far exceeds block count (1238); potential sync issue    
2026-08-10T05:53:40.582572Z  WARN ThreadId(20) hotstuff_runner::app: Node 1 [produce_block] queue size: 0, attempting up to 0 transactions this block    
2026-08-10T05:53:40.585876Z  WARN ThreadId(20) hotstuff_runner::app: Node 1 view(4960) far exceeds block count (1239); potential sync issue    
2026-08-10T05:53:40.709934Z  WARN ThreadId(20) hotstuff_runner::app: Node 1 [produce_block] queue size: 2, attempting up to 2 transactions this block    
2026-08-10T05:53:40.711054Z  WARN ThreadId(20) hotstuff_runner::app: Node 1 view(4964) far exceeds block count (1240); potential sync issue    
2026-08-10T05:53:40.785518Z  WARN ThreadId(20) hotstuff_runner::app: Node 1 [produce_block] queue size: 2, attempting up to 2 transactions this block    
2026-08-10T05:53:40.786198Z  WARN ThreadId(20) hotstuff_runner::app: Node 1 view(4968) far exceeds block count (1241); potential sync issue    
2026-08-10T05:53:40.890661Z  WARN ThreadId(20) hotstuff_runner::app: Node 1 [produce_block] queue size: 0, attempting up to 0 transactions this block    
2026-08-10T05:53:40.892624Z  WARN ThreadId(20) hotstuff_runner::app: Node 1 view(4972) far exceeds block count (1242); potential sync issue    
2026-08-10T05:53:41.005469Z  WARN ThreadId(20) hotstuff_runner::app: Node 1 [produce_block] queue size: 2, attempting up to 2 transactions this block    
2026-08-10T05:53:41.005788Z  WARN ThreadId(20) hotstuff_runner::app: Node 1 view(4976) far exceeds block count (1243); potential sync issue    
2026-08-10T05:53:41.086696Z  WARN ThreadId(20) hotstuff_runner::app: Node 1 [produce_block] queue size: 0, attempting up to 0 transactions this block    
2026-08-10T05:53:41.086881Z  WARN ThreadId(20) hotstuff_runner::app: Node 1 view(4980) far exceeds block count (1244); potential sync issue    
2026-08-10T05:53:41.187630Z  WARN ThreadId(20) hotstuff_runner::app: Node 1 [produce_block] queue size: 0, attempting up to 0 transactions this block    
2026-08-10T05:53:41.188223Z  WARN ThreadId(20) hotstuff_runner::app: Node 1 view(4984) far exceeds block count (1245); potential sync issue    
2026-08-10T05:53:41.304429Z  WARN ThreadId(20) hotstuff_runner::app: Node 1 [produce_block] queue size: 2, attempting up to 2 transactions this block    
2026-08-10T05:53:41.305318Z  WARN ThreadId(20) hotstuff_runner::app: Node 1 view(4988) far exceeds block count (1246); potential sync issue    
2026-08-10T05:53:41.387242Z  WARN ThreadId(20) hotstuff_runner::app: Node 1 [produce_block] queue size: 0, attempting up to 0 transactions this block    
2026-08-10T05:53:41.388310Z  WARN ThreadId(20) hotstuff_runner::app: Node 1 view(4992) far exceeds block count (1247); potential sync issue    
2026-08-10T05:53:41.449533Z  WARN ThreadId(20) hotstuff_runner::app: Node 1 [produce_block] queue size: 2, attempting up to 2 transactions this block    
2026-08-10T05:53:41.453033Z  WARN ThreadId(20) hotstuff_runner::app: Node 1 view(4996) far exceeds block count (1248); potential sync issue    
2026-08-10T05:53:41.610803Z  WARN ThreadId(20) hotstuff_runner::app: Node 1 [produce_block] queue size: 2, attempting up to 2 transactions this block    
2026-08-10T05:53:41.611001Z  WARN ThreadId(20) hotstuff_runner::app: Node 1 view(5000) far exceeds block count (1249); potential sync issue    
2026-08-10T05:53:41.690675Z  WARN ThreadId(20) hotstuff_runner::app: Node 1 [produce_block] queue size: 0, attempting up to 0 transactions this block    
2026-08-10T05:53:41.692398Z  WARN ThreadId(20) hotstuff_runner::app: Node 1 view(5004) far exceeds block count (1250); potential sync issue    
2026-08-10T05:53:41.770551Z  WARN ThreadId(20) hotstuff_runner::app: Node 1 [produce_block] queue size: 0, attempting up to 0 transactions this block    
2026-08-10T05:53:41.772173Z  WARN ThreadId(20) hotstuff_runner::app: Node 1 view(5008) far exceeds block count (1251); potential sync issue    
2026-08-10T05:53:41.864514Z  WARN ThreadId(20) hotstuff_runner::app: Node 1 [produce_block] queue size: 2, attempting up to 2 transactions this block    
2026-08-10T05:53:41.880305Z  WARN ThreadId(20) hotstuff_runner::app: Node 1 view(5012) far exceeds block count (1252); potential sync issue    
2026-08-10T05:53:41.983804Z  WARN ThreadId(20) hotstuff_runner::app: Node 1 [produce_block] queue size: 0, attempting up to 0 transactions this block    
2026-08-10T05:53:41.984856Z  WARN ThreadId(20) hotstuff_runner::app: Node 1 view(5016) far exceeds block count (1253); potential sync issue    
2026-08-10T05:53:42.081843Z  WARN ThreadId(20) hotstuff_runner::app: Node 1 [produce_block] queue size: 2, attempting up to 2 transactions this block    
2026-08-10T05:53:42.082136Z  WARN ThreadId(20) hotstuff_runner::app: Node 1 view(5020) far exceeds block count (1254); potential sync issue    
2026-08-10T05:53:42.164676Z  WARN ThreadId(20) hotstuff_runner::app: Node 1 [produce_block] queue size: 0, attempting up to 0 transactions this block    
2026-08-10T05:53:42.170022Z  WARN ThreadId(20) hotstuff_runner::app: Node 1 view(5024) far exceeds block count (1255); potential sync issue    
2026-08-10T05:53:42.270386Z  WARN ThreadId(20) hotstuff_runner::app: Node 1 [produce_block] queue size: 2, attempting up to 2 transactions this block    
2026-08-10T05:53:42.271735Z  WARN ThreadId(20) hotstuff_runner::app: Node 1 view(5028) far exceeds block count (1256); potential sync issue    
2026-08-10T05:53:42.410834Z  WARN ThreadId(20) hotstuff_runner::app: Node 1 [produce_block] queue size: 0, attempting up to 0 transactions this block    
2026-08-10T05:53:42.426122Z  WARN ThreadId(20) hotstuff_runner::app: Node 1 view(5032) far exceeds block count (1257); potential sync issue    
2026-08-10T05:53:42.587867Z  WARN ThreadId(20) hotstuff_runner::app: Node 1 [produce_block] queue size: 2, attempting up to 2 transactions this block    
2026-08-10T05:53:42.588490Z  WARN ThreadId(20) hotstuff_runner::app: Node 1 view(5036) far exceeds block count (1258); potential sync issue    
2026-08-10T05:53:42.625215Z  WARN ThreadId(20) hotstuff_runner::app: Node 1 [produce_block] queue size: 0, attempting up to 0 transactions this block    
2026-08-10T05:53:42.627920Z  WARN ThreadId(20) hotstuff_runner::app: Node 1 view(5040) far exceeds block count (1259); potential sync issue    
2026-08-10T05:53:42.715735Z  WARN ThreadId(20) hotstuff_runner::app: Node 1 [produce_block] queue size: 2, attempting up to 2 transactions this block    
2026-08-10T05:53:42.715986Z  WARN ThreadId(20) hotstuff_runner::app: Node 1 view(5044) far exceeds block count (1260); potential sync issue    
2026-08-10T05:53:42.820485Z  WARN ThreadId(20) hotstuff_runner::app: Node 1 [produce_block] queue size: 0, attempting up to 0 transactions this block    
2026-08-10T05:53:42.820954Z  WARN ThreadId(20) hotstuff_runner::app: Node 1 view(5048) far exceeds block count (1261); potential sync issue    
2026-08-10T05:53:42.859698Z  WARN ThreadId(20) hotstuff_runner::app: Node 1 [produce_block] queue size: 0, attempting up to 0 transactions this block    
2026-08-10T05:53:42.860007Z  WARN ThreadId(20) hotstuff_runner::app: Node 1 view(5052) far exceeds block count (1262); potential sync issue    
2026-08-10T05:53:42.942227Z  WARN ThreadId(20) hotstuff_runner::app: Node 1 [produce_block] queue size: 2, attempting up to 2 transactions this block    
2026-08-10T05:53:42.944359Z  WARN ThreadId(20) hotstuff_runner::app: Node 1 view(5056) far exceeds block count (1263); potential sync issue    
2026-08-10T05:53:43.074334Z  WARN ThreadId(20) hotstuff_runner::app: Node 1 [produce_block] queue size: 0, attempting up to 0 transactions this block    
2026-08-10T05:53:43.078750Z  WARN ThreadId(20) hotstuff_runner::app: Node 1 view(5060) far exceeds block count (1264); potential sync issue    
2026-08-10T05:53:43.175284Z  WARN ThreadId(20) hotstuff_runner::app: Node 1 [produce_block] queue size: 2, attempting up to 2 transactions this block    
2026-08-10T05:53:43.175468Z  WARN ThreadId(20) hotstuff_runner::app: Node 1 view(5064) far exceeds block count (1265); potential sync issue    
2026-08-10T05:53:43.262339Z  WARN ThreadId(20) hotstuff_runner::app: Node 1 [produce_block] queue size: 0, attempting up to 0 transactions this block    
2026-08-10T05:53:43.262566Z  WARN ThreadId(20) hotstuff_runner::app: Node 1 view(5068) far exceeds block count (1266); potential sync issue    
2026-08-10T05:53:43.380689Z  WARN ThreadId(20) hotstuff_runner::app: Node 1 [produce_block] queue size: 2, attempting up to 2 transactions this block    
2026-08-10T05:53:43.381887Z  WARN ThreadId(20) hotstuff_runner::app: Node 1 view(5072) far exceeds block count (1267); potential sync issue    
2026-08-10T05:53:43.512102Z  WARN ThreadId(20) hotstuff_runner::app: Node 1 [produce_block] queue size: 0, attempting up to 0 transactions this block    
2026-08-10T05:53:43.512751Z  WARN ThreadId(20) hotstuff_runner::app: Node 1 view(5076) far exceeds block count (1268); potential sync issue    
2026-08-10T05:53:43.621275Z  WARN ThreadId(20) hotstuff_runner::app: Node 1 [produce_block] queue size: 2, attempting up to 2 transactions this block    
2026-08-10T05:53:43.623276Z  WARN ThreadId(20) hotstuff_runner::app: Node 1 view(5080) far exceeds block count (1269); potential sync issue    
2026-08-10T05:53:43.779079Z  WARN ThreadId(20) hotstuff_runner::app: Node 1 [produce_block] queue size: 2, attempting up to 2 transactions this block    
2026-08-10T05:53:43.780328Z  WARN ThreadId(20) hotstuff_runner::app: Node 1 view(5084) far exceeds block count (1270); potential sync issue    
2026-08-10T05:53:43.840331Z  WARN ThreadId(08) docker_node: Low processing efficiency: 0.0% - system may need tuning
2026-08-10T05:53:43.945362Z  WARN ThreadId(20) hotstuff_runner::app: Node 1 [produce_block] queue size: 2, attempting up to 2 transactions this block    
2026-08-10T05:53:43.970312Z  WARN ThreadId(20) hotstuff_runner::app: Node 1 view(5088) far exceeds block count (1271); potential sync issue    
2026-08-10T05:53:44.119290Z  WARN ThreadId(20) hotstuff_runner::app: Node 1 [produce_block] queue size: 2, attempting up to 2 transactions this block    
2026-08-10T05:53:44.120596Z  WARN ThreadId(20) hotstuff_runner::app: Node 1 view(5092) far exceeds block count (1272); potential sync issue    
2026-08-10T05:53:44.200184Z  WARN ThreadId(20) hotstuff_runner::app: Node 1 [produce_block] queue size: 0, attempting up to 0 transactions this block    
2026-08-10T05:53:44.207786Z  WARN ThreadId(20) hotstuff_runner::app: Node 1 view(5096) far exceeds block count (1273); potential sync issue    
2026-08-10T05:53:44.308678Z  WARN ThreadId(20) hotstuff_runner::app: Node 1 [produce_block] queue size: 2, attempting up to 2 transactions this block    
2026-08-10T05:53:44.309822Z  WARN ThreadId(20) hotstuff_runner::app: Node 1 view(5100) far exceeds block count (1274); potential sync issue    
2026-08-10T05:53:44.454781Z  WARN ThreadId(20) hotstuff_runner::app: Node 1 [produce_block] queue size: 0, attempting up to 0 transactions this block    
2026-08-10T05:53:44.455823Z  WARN ThreadId(20) hotstuff_runner::app: Node 1 view(5104) far exceeds block count (1275); potential sync issue    
2026-08-10T05:53:44.538818Z  WARN ThreadId(20) hotstuff_runner::app: Node 1 [produce_block] queue size: 2, attempting up to 2 transactions this block    
2026-08-10T05:53:44.540103Z  WARN ThreadId(20) hotstuff_runner::app: Node 1 view(5108) far exceeds block count (1276); potential sync issue    
2026-08-10T05:53:44.647759Z  WARN ThreadId(20) hotstuff_runner::app: Node 1 [produce_block] queue size: 0, attempting up to 0 transactions this block    
2026-08-10T05:53:44.649513Z  WARN ThreadId(20) hotstuff_runner::app: Node 1 view(5112) far exceeds block count (1277); potential sync issue    
2026-08-10T05:53:44.732664Z  WARN ThreadId(20) hotstuff_runner::app: Node 1 [produce_block] queue size: 2, attempting up to 2 transactions this block    
2026-08-10T05:53:44.733011Z  WARN ThreadId(20) hotstuff_runner::app: Node 1 view(5116) far exceeds block count (1278); potential sync issue    
2026-08-10T05:53:44.838469Z  WARN ThreadId(20) hotstuff_runner::app: Node 1 [produce_block] queue size: 0, attempting up to 0 transactions this block    
2026-08-10T05:53:44.849692Z  WARN ThreadId(20) hotstuff_runner::app: Node 1 view(5120) far exceeds block count (1279); potential sync issue    
2026-08-10T05:53:44.961498Z  WARN ThreadId(20) hotstuff_runner::app: Node 1 [produce_block] queue size: 2, attempting up to 2 transactions this block    
2026-08-10T05:53:44.961864Z  WARN ThreadId(20) hotstuff_runner::app: Node 1 view(5124) far exceeds block count (1280); potential sync issue    
2026-08-10T05:53:45.092010Z  WARN ThreadId(20) hotstuff_runner::app: Node 1 [produce_block] queue size: 2, attempting up to 2 transactions this block    
2026-08-10T05:53:45.093168Z  WARN ThreadId(20) hotstuff_runner::app: Node 1 view(5128) far exceeds block count (1281); potential sync issue    
2026-08-10T05:53:45.198191Z  WARN ThreadId(20) hotstuff_runner::app: Node 1 [produce_block] queue size: 0, attempting up to 0 transactions this block    
2026-08-10T05:53:45.203980Z  WARN ThreadId(20) hotstuff_runner::app: Node 1 view(5132) far exceeds block count (1282); potential sync issue    
2026-08-10T05:53:45.277447Z  WARN ThreadId(20) hotstuff_runner::app: Node 1 [produce_block] queue size: 2, attempting up to 2 transactions this block    
2026-08-10T05:53:45.278357Z  WARN ThreadId(20) hotstuff_runner::app: Node 1 view(5136) far exceeds block count (1283); potential sync issue    
2026-08-10T05:53:45.390354Z  WARN ThreadId(20) hotstuff_runner::app: Node 1 [produce_block] queue size: 0, attempting up to 0 transactions this block    
2026-08-10T05:53:45.393276Z  WARN ThreadId(20) hotstuff_runner::app: Node 1 view(5140) far exceeds block count (1284); potential sync issue    
2026-08-10T05:53:45.506653Z  WARN ThreadId(20) hotstuff_runner::app: Node 1 [produce_block] queue size: 2, attempting up to 2 transactions this block    
2026-08-10T05:53:45.507327Z  WARN ThreadId(20) hotstuff_runner::app: Node 1 view(5144) far exceeds block count (1285); potential sync issue    
2026-08-10T05:53:45.609263Z  WARN ThreadId(20) hotstuff_runner::app: Node 1 [produce_block] queue size: 0, attempting up to 0 transactions this block    
2026-08-10T05:53:45.609610Z  WARN ThreadId(20) hotstuff_runner::app: Node 1 view(5148) far exceeds block count (1286); potential sync issue    
2026-08-10T05:53:45.688606Z  WARN ThreadId(20) hotstuff_runner::app: Node 1 [produce_block] queue size: 2, attempting up to 2 transactions this block    
2026-08-10T05:53:45.692347Z  WARN ThreadId(20) hotstuff_runner::app: Node 1 view(5152) far exceeds block count (1287); potential sync issue    
2026-08-10T05:53:45.850669Z  WARN ThreadId(20) hotstuff_runner::app: Node 1 [produce_block] queue size: 2, attempting up to 2 transactions this block    
2026-08-10T05:53:45.853854Z  WARN ThreadId(20) hotstuff_runner::app: Node 1 view(5156) far exceeds block count (1288); potential sync issue    
2026-08-10T05:53:45.966791Z  WARN ThreadId(20) hotstuff_runner::app: Node 1 [produce_block] queue size: 0, attempting up to 0 transactions this block    
2026-08-10T05:53:45.970293Z  WARN ThreadId(20) hotstuff_runner::app: Node 1 view(5160) far exceeds block count (1289); potential sync issue    
2026-08-10T05:53:46.082722Z  WARN ThreadId(20) hotstuff_runner::app: Node 1 [produce_block] queue size: 2, attempting up to 2 transactions this block    
2026-08-10T05:53:46.087861Z  WARN ThreadId(20) hotstuff_runner::app: Node 1 view(5164) far exceeds block count (1290); potential sync issue    
2026-08-10T05:53:46.174867Z  WARN ThreadId(20) hotstuff_runner::app: Node 1 [produce_block] queue size: 0, attempting up to 0 transactions this block    
2026-08-10T05:53:46.182225Z  WARN ThreadId(20) hotstuff_runner::app: Node 1 view(5168) far exceeds block count (1291); potential sync issue    
2026-08-10T05:53:46.259125Z  WARN ThreadId(20) hotstuff_runner::app: Node 1 [produce_block] queue size: 2, attempting up to 2 transactions this block    
2026-08-10T05:53:46.263518Z  WARN ThreadId(20) hotstuff_runner::app: Node 1 view(5172) far exceeds block count (1292); potential sync issue    
2026-08-10T05:53:46.478562Z  WARN ThreadId(20) hotstuff_runner::app: Node 1 [produce_block] queue size: 2, attempting up to 2 transactions this block    
2026-08-10T05:53:46.478768Z  WARN ThreadId(20) hotstuff_runner::app: Node 1 view(5176) far exceeds block count (1293); potential sync issue    
2026-08-10T05:53:46.610262Z  WARN ThreadId(20) hotstuff_runner::app: Node 1 [produce_block] queue size: 2, attempting up to 2 transactions this block    
2026-08-10T05:53:46.612433Z  WARN ThreadId(20) hotstuff_runner::app: Node 1 view(5180) far exceeds block count (1294); potential sync issue    
2026-08-10T05:53:46.684266Z  WARN ThreadId(20) hotstuff_runner::app: Node 1 [produce_block] queue size: 0, attempting up to 0 transactions this block    
2026-08-10T05:53:46.684428Z  WARN ThreadId(20) hotstuff_runner::app: Node 1 view(5184) far exceeds block count (1295); potential sync issue    
2026-08-10T05:53:46.774381Z  WARN ThreadId(20) hotstuff_runner::app: Node 1 [produce_block] queue size: 0, attempting up to 0 transactions this block    
2026-08-10T05:53:46.775696Z  WARN ThreadId(20) hotstuff_runner::app: Node 1 view(5188) far exceeds block count (1296); potential sync issue    
2026-08-10T05:53:46.840011Z  WARN ThreadId(20) hotstuff_runner::app: Node 1 [produce_block] queue size: 2, attempting up to 2 transactions this block    
2026-08-10T05:53:46.840956Z  WARN ThreadId(20) hotstuff_runner::app: Node 1 view(5192) far exceeds block count (1297); potential sync issue    
2026-08-10T05:53:46.938282Z  WARN ThreadId(20) hotstuff_runner::app: Node 1 [produce_block] queue size: 0, attempting up to 0 transactions this block    
2026-08-10T05:53:46.938439Z  WARN ThreadId(20) hotstuff_runner::app: Node 1 view(5196) far exceeds block count (1298); potential sync issue    
2026-08-10T05:53:46.996490Z  WARN ThreadId(20) hotstuff_runner::app: Node 1 [produce_block] queue size: 2, attempting up to 2 transactions this block    
2026-08-10T05:53:46.996987Z  WARN ThreadId(20) hotstuff_runner::app: Node 1 view(5200) far exceeds block count (1299); potential sync issue    
2026-08-10T05:53:47.097940Z  WARN ThreadId(20) hotstuff_runner::app: Node 1 [produce_block] queue size: 0, attempting up to 0 transactions this block    
2026-08-10T05:53:47.103322Z  WARN ThreadId(20) hotstuff_runner::app: Node 1 view(5204) far exceeds block count (1300); potential sync issue    
2026-08-10T05:53:47.226276Z  WARN ThreadId(20) hotstuff_runner::app: Node 1 [produce_block] queue size: 2, attempting up to 2 transactions this block    
2026-08-10T05:53:47.229755Z  WARN ThreadId(20) hotstuff_runner::app: Node 1 view(5208) far exceeds block count (1301); potential sync issue    
2026-08-10T05:53:47.356519Z  WARN ThreadId(20) hotstuff_runner::app: Node 1 [produce_block] queue size: 0, attempting up to 0 transactions this block    
2026-08-10T05:53:47.356909Z  WARN ThreadId(20) hotstuff_runner::app: Node 1 view(5212) far exceeds block count (1302); potential sync issue    
2026-08-10T05:53:47.413123Z  WARN ThreadId(20) hotstuff_runner::app: Node 1 [produce_block] queue size: 2, attempting up to 2 transactions this block    
2026-08-10T05:53:47.415070Z  WARN ThreadId(20) hotstuff_runner::app: Node 1 view(5216) far exceeds block count (1303); potential sync issue    
2026-08-10T05:53:47.493154Z  WARN ThreadId(20) hotstuff_runner::app: Node 1 [produce_block] queue size: 0, attempting up to 0 transactions this block    
2026-08-10T05:53:47.497730Z  WARN ThreadId(20) hotstuff_runner::app: Node 1 view(5220) far exceeds block count (1304); potential sync issue    
2026-08-10T05:53:47.591892Z  WARN ThreadId(20) hotstuff_runner::app: Node 1 [produce_block] queue size: 2, attempting up to 2 transactions this block    
2026-08-10T05:53:47.592124Z  WARN ThreadId(20) hotstuff_runner::app: Node 1 view(5224) far exceeds block count (1305); potential sync issue    
2026-08-10T05:53:47.740450Z  WARN ThreadId(20) hotstuff_runner::app: Node 1 [produce_block] queue size: 2, attempting up to 2 transactions this block    
2026-08-10T05:53:47.741128Z  WARN ThreadId(20) hotstuff_runner::app: Node 1 view(5228) far exceeds block count (1306); potential sync issue    
2026-08-10T05:53:47.847976Z  WARN ThreadId(20) hotstuff_runner::app: Node 1 [produce_block] queue size: 0, attempting up to 0 transactions this block    
2026-08-10T05:53:47.851299Z  WARN ThreadId(20) hotstuff_runner::app: Node 1 view(5232) far exceeds block count (1307); potential sync issue    
2026-08-10T05:53:47.996542Z  WARN ThreadId(20) hotstuff_runner::app: Node 1 [produce_block] queue size: 2, attempting up to 2 transactions this block    
2026-08-10T05:53:47.997296Z  WARN ThreadId(20) hotstuff_runner::app: Node 1 view(5236) far exceeds block count (1308); potential sync issue    
2026-08-10T05:53:48.088545Z  WARN ThreadId(20) hotstuff_runner::app: Node 1 [produce_block] queue size: 0, attempting up to 0 transactions this block    
2026-08-10T05:53:48.091216Z  WARN ThreadId(20) hotstuff_runner::app: Node 1 view(5240) far exceeds block count (1309); potential sync issue    
2026-08-10T05:53:48.166324Z  WARN ThreadId(20) hotstuff_runner::app: Node 1 [produce_block] queue size: 2, attempting up to 2 transactions this block    
2026-08-10T05:53:48.166775Z  WARN ThreadId(20) hotstuff_runner::app: Node 1 view(5244) far exceeds block count (1310); potential sync issue    
2026-08-10T05:53:48.242852Z  WARN ThreadId(20) hotstuff_runner::app: Node 1 [produce_block] queue size: 0, attempting up to 0 transactions this block    
2026-08-10T05:53:48.243864Z  WARN ThreadId(20) hotstuff_runner::app: Node 1 view(5248) far exceeds block count (1311); potential sync issue    
2026-08-10T05:53:48.338210Z  WARN ThreadId(20) hotstuff_runner::app: Node 1 [produce_block] queue size: 0, attempting up to 0 transactions this block    
2026-08-10T05:53:48.338629Z  WARN ThreadId(20) hotstuff_runner::app: Node 1 view(5252) far exceeds block count (1312); potential sync issue    
2026-08-10T05:53:48.408672Z  WARN ThreadId(20) hotstuff_runner::app: Node 1 [produce_block] queue size: 2, attempting up to 2 transactions this block    
2026-08-10T05:53:48.411319Z  WARN ThreadId(20) hotstuff_runner::app: Node 1 view(5256) far exceeds block count (1313); potential sync issue    
2026-08-10T05:53:48.545083Z  WARN ThreadId(20) hotstuff_runner::app: Node 1 [produce_block] queue size: 0, attempting up to 0 transactions this block    
2026-08-10T05:53:48.545426Z  WARN ThreadId(20) hotstuff_runner::app: Node 1 view(5260) far exceeds block count (1314); potential sync issue    
2026-08-10T05:53:48.606274Z  WARN ThreadId(20) hotstuff_runner::app: Node 1 [produce_block] queue size: 2, attempting up to 2 transactions this block    
2026-08-10T05:53:48.606642Z  WARN ThreadId(20) hotstuff_runner::app: Node 1 view(5264) far exceeds block count (1315); potential sync issue    
2026-08-10T05:53:48.693429Z  WARN ThreadId(20) hotstuff_runner::app: Node 1 [produce_block] queue size: 0, attempting up to 0 transactions this block    
2026-08-10T05:53:48.693684Z  WARN ThreadId(20) hotstuff_runner::app: Node 1 view(5268) far exceeds block count (1316); potential sync issue    
2026-08-10T05:53:48.829408Z  WARN ThreadId(20) hotstuff_runner::app: Node 1 [produce_block] queue size: 2, attempting up to 2 transactions this block    
2026-08-10T05:53:48.829500Z  WARN ThreadId(20) hotstuff_runner::app: Node 1 view(5272) far exceeds block count (1317); potential sync issue    
2026-08-10T05:53:48.841796Z  WARN ThreadId(06) docker_node: Low processing efficiency: 0.0% - system may need tuning
2026-08-10T05:53:48.884482Z  WARN ThreadId(20) hotstuff_runner::app: Node 1 [produce_block] queue size: 0, attempting up to 0 transactions this block    
2026-08-10T05:53:48.884571Z  WARN ThreadId(20) hotstuff_runner::app: Node 1 view(5276) far exceeds block count (1318); potential sync issue    
2026-08-10T05:53:49.055365Z  WARN ThreadId(20) hotstuff_runner::app: Node 1 [produce_block] queue size: 2, attempting up to 2 transactions this block    
2026-08-10T05:53:49.056960Z  WARN ThreadId(20) hotstuff_runner::app: Node 1 view(5280) far exceeds block count (1319); potential sync issue    
2026-08-10T05:53:49.148792Z  WARN ThreadId(20) hotstuff_runner::app: Node 1 [produce_block] queue size: 0, attempting up to 0 transactions this block    
2026-08-10T05:53:49.153021Z  WARN ThreadId(20) hotstuff_runner::app: Node 1 view(5284) far exceeds block count (1320); potential sync issue    
2026-08-10T05:53:49.244896Z  WARN ThreadId(20) hotstuff_runner::app: Node 1 [produce_block] queue size: 2, attempting up to 2 transactions this block    
2026-08-10T05:53:49.245225Z  WARN ThreadId(20) hotstuff_runner::app: Node 1 view(5288) far exceeds block count (1321); potential sync issue    
2026-08-10T05:53:49.321037Z  WARN ThreadId(20) hotstuff_runner::app: Node 1 [produce_block] queue size: 0, attempting up to 0 transactions this block    
2026-08-10T05:53:49.321586Z  WARN ThreadId(20) hotstuff_runner::app: Node 1 view(5292) far exceeds block count (1322); potential sync issue    
2026-08-10T05:53:49.403462Z  WARN ThreadId(20) hotstuff_runner::app: Node 1 [produce_block] queue size: 0, attempting up to 0 transactions this block    
2026-08-10T05:53:49.412801Z  WARN ThreadId(20) hotstuff_runner::app: Node 1 view(5296) far exceeds block count (1323); potential sync issue    
2026-08-10T05:53:49.478842Z  WARN ThreadId(20) hotstuff_runner::app: Node 1 [produce_block] queue size: 2, attempting up to 2 transactions this block    
2026-08-10T05:53:49.479119Z  WARN ThreadId(20) hotstuff_runner::app: Node 1 view(5300) far exceeds block count (1324); potential sync issue    
2026-08-10T05:53:49.563159Z  WARN ThreadId(20) hotstuff_runner::app: Node 1 [produce_block] queue size: 0, attempting up to 0 transactions this block    
2026-08-10T05:53:49.563342Z  WARN ThreadId(20) hotstuff_runner::app: Node 1 view(5304) far exceeds block count (1325); potential sync issue    
2026-08-10T05:53:49.664036Z  WARN ThreadId(20) hotstuff_runner::app: Node 1 [produce_block] queue size: 2, attempting up to 2 transactions this block    
2026-08-10T05:53:49.664464Z  WARN ThreadId(20) hotstuff_runner::app: Node 1 view(5308) far exceeds block count (1326); potential sync issue    
2026-08-10T05:53:49.735910Z  WARN ThreadId(20) hotstuff_runner::app: Node 1 [produce_block] queue size: 0, attempting up to 0 transactions this block    
2026-08-10T05:53:49.736372Z  WARN ThreadId(20) hotstuff_runner::app: Node 1 view(5312) far exceeds block count (1327); potential sync issue    
2026-08-10T05:53:49.837069Z  WARN ThreadId(20) hotstuff_runner::app: Node 1 [produce_block] queue size: 2, attempting up to 2 transactions this block    
2026-08-10T05:53:49.837209Z  WARN ThreadId(20) hotstuff_runner::app: Node 1 view(5316) far exceeds block count (1328); potential sync issue    
2026-08-10T05:53:49.938172Z  WARN ThreadId(20) hotstuff_runner::app: Node 1 [produce_block] queue size: 0, attempting up to 0 transactions this block    
2026-08-10T05:53:49.938386Z  WARN ThreadId(20) hotstuff_runner::app: Node 1 view(5320) far exceeds block count (1329); potential sync issue    
2026-08-10T05:53:50.053897Z  WARN ThreadId(20) hotstuff_runner::app: Node 1 [produce_block] queue size: 0, attempting up to 0 transactions this block    
2026-08-10T05:53:50.055022Z  WARN ThreadId(20) hotstuff_runner::app: Node 1 view(5324) far exceeds block count (1330); potential sync issue    
2026-08-10T05:53:50.210998Z  WARN ThreadId(20) hotstuff_runner::app: Node 1 [produce_block] queue size: 2, attempting up to 2 transactions this block    
2026-08-10T05:53:50.216618Z  WARN ThreadId(20) hotstuff_runner::app: Node 1 view(5328) far exceeds block count (1331); potential sync issue    
2026-08-10T05:53:50.326566Z  WARN ThreadId(20) hotstuff_runner::app: Node 1 [produce_block] queue size: 2, attempting up to 2 transactions this block    
2026-08-10T05:53:50.327213Z  WARN ThreadId(20) hotstuff_runner::app: Node 1 view(5332) far exceeds block count (1332); potential sync issue    
2026-08-10T05:53:50.419983Z  WARN ThreadId(20) hotstuff_runner::app: Node 1 [produce_block] queue size: 0, attempting up to 0 transactions this block    
2026-08-10T05:53:50.420075Z  WARN ThreadId(20) hotstuff_runner::app: Node 1 view(5336) far exceeds block count (1333); potential sync issue    
2026-08-10T05:53:50.490574Z  WARN ThreadId(20) hotstuff_runner::app: Node 1 [produce_block] queue size: 2, attempting up to 2 transactions this block    
2026-08-10T05:53:50.491231Z  WARN ThreadId(20) hotstuff_runner::app: Node 1 view(5340) far exceeds block count (1334); potential sync issue    
2026-08-10T05:53:50.600298Z  WARN ThreadId(20) hotstuff_runner::app: Node 1 [produce_block] queue size: 0, attempting up to 0 transactions this block    
2026-08-10T05:53:50.612993Z  WARN ThreadId(20) hotstuff_runner::app: Node 1 view(5344) far exceeds block count (1335); potential sync issue    
2026-08-10T05:53:50.703287Z  WARN ThreadId(20) hotstuff_runner::app: Node 1 [produce_block] queue size: 2, attempting up to 2 transactions this block    
2026-08-10T05:53:50.703942Z  WARN ThreadId(20) hotstuff_runner::app: Node 1 view(5348) far exceeds block count (1336); potential sync issue    
2026-08-10T05:53:50.786725Z  WARN ThreadId(20) hotstuff_runner::app: Node 1 [produce_block] queue size: 0, attempting up to 0 transactions this block    
2026-08-10T05:53:50.789376Z  WARN ThreadId(20) hotstuff_runner::app: Node 1 view(5352) far exceeds block count (1337); potential sync issue    
2026-08-10T05:53:50.883911Z  WARN ThreadId(20) hotstuff_runner::app: Node 1 [produce_block] queue size: 0, attempting up to 0 transactions this block    
2026-08-10T05:53:50.884094Z  WARN ThreadId(20) hotstuff_runner::app: Node 1 view(5356) far exceeds block count (1338); potential sync issue    
2026-08-10T05:53:50.944849Z  WARN ThreadId(20) hotstuff_runner::app: Node 1 [produce_block] queue size: 2, attempting up to 2 transactions this block    
2026-08-10T05:53:50.946456Z  WARN ThreadId(20) hotstuff_runner::app: Node 1 view(5360) far exceeds block count (1339); potential sync issue    
2026-08-10T05:53:51.014321Z  WARN ThreadId(20) hotstuff_runner::app: Node 1 [produce_block] queue size: 0, attempting up to 0 transactions this block    
2026-08-10T05:53:51.014480Z  WARN ThreadId(20) hotstuff_runner::app: Node 1 view(5364) far exceeds block count (1340); potential sync issue    
2026-08-10T05:53:51.104735Z  WARN ThreadId(20) hotstuff_runner::app: Node 1 [produce_block] queue size: 0, attempting up to 0 transactions this block    
2026-08-10T05:53:51.105370Z  WARN ThreadId(20) hotstuff_runner::app: Node 1 view(5368) far exceeds block count (1341); potential sync issue    
2026-08-10T05:53:51.171303Z  WARN ThreadId(20) hotstuff_runner::app: Node 1 [produce_block] queue size: 2, attempting up to 2 transactions this block    
2026-08-10T05:53:51.172121Z  WARN ThreadId(20) hotstuff_runner::app: Node 1 view(5372) far exceeds block count (1342); potential sync issue    
2026-08-10T05:53:51.251265Z  WARN ThreadId(20) hotstuff_runner::app: Node 1 [produce_block] queue size: 0, attempting up to 0 transactions this block    
2026-08-10T05:53:51.251611Z  WARN ThreadId(20) hotstuff_runner::app: Node 1 view(5376) far exceeds block count (1343); potential sync issue    
2026-08-10T05:53:51.311505Z  WARN ThreadId(20) hotstuff_runner::app: Node 1 [produce_block] queue size: 0, attempting up to 0 transactions this block    
2026-08-10T05:53:51.311840Z  WARN ThreadId(20) hotstuff_runner::app: Node 1 view(5380) far exceeds block count (1344); potential sync issue    
2026-08-10T05:53:51.408571Z  WARN ThreadId(20) hotstuff_runner::app: Node 1 [produce_block] queue size: 2, attempting up to 2 transactions this block    
2026-08-10T05:53:51.415323Z  WARN ThreadId(20) hotstuff_runner::app: Node 1 view(5384) far exceeds block count (1345); potential sync issue    
2026-08-10T05:53:51.504272Z  WARN ThreadId(20) hotstuff_runner::app: Node 1 [produce_block] queue size: 0, attempting up to 0 transactions this block    
2026-08-10T05:53:51.504637Z  WARN ThreadId(20) hotstuff_runner::app: Node 1 view(5388) far exceeds block count (1346); potential sync issue    
2026-08-10T05:53:51.553147Z  WARN ThreadId(20) hotstuff_runner::app: Node 1 [produce_block] queue size: 2, attempting up to 2 transactions this block    
2026-08-10T05:53:51.553314Z  WARN ThreadId(20) hotstuff_runner::app: Node 1 view(5392) far exceeds block count (1347); potential sync issue    
2026-08-10T05:53:51.703297Z  WARN ThreadId(20) hotstuff_runner::app: Node 1 [produce_block] queue size: 0, attempting up to 0 transactions this block    
2026-08-10T05:53:51.703495Z  WARN ThreadId(20) hotstuff_runner::app: Node 1 view(5396) far exceeds block count (1348); potential sync issue    
2026-08-10T05:53:51.779087Z  WARN ThreadId(20) hotstuff_runner::app: Node 1 [produce_block] queue size: 2, attempting up to 2 transactions this block    
2026-08-10T05:53:51.780758Z  WARN ThreadId(20) hotstuff_runner::app: Node 1 view(5400) far exceeds block count (1349); potential sync issue    
2026-08-10T05:53:51.937224Z  WARN ThreadId(20) hotstuff_runner::app: Node 1 [produce_block] queue size: 0, attempting up to 0 transactions this block    
2026-08-10T05:53:51.937746Z  WARN ThreadId(20) hotstuff_runner::app: Node 1 view(5404) far exceeds block count (1350); potential sync issue    
2026-08-10T05:53:51.988781Z  WARN ThreadId(20) hotstuff_runner::app: Node 1 [produce_block] queue size: 2, attempting up to 2 transactions this block    
2026-08-10T05:53:51.988961Z  WARN ThreadId(20) hotstuff_runner::app: Node 1 view(5408) far exceeds block count (1351); potential sync issue    
2026-08-10T05:53:52.095363Z  WARN ThreadId(20) hotstuff_runner::app: Node 1 [produce_block] queue size: 0, attempting up to 0 transactions this block    
2026-08-10T05:53:52.095732Z  WARN ThreadId(20) hotstuff_runner::app: Node 1 view(5412) far exceeds block count (1352); potential sync issue    
2026-08-10T05:53:52.241273Z  WARN ThreadId(20) hotstuff_runner::app: Node 1 [produce_block] queue size: 2, attempting up to 2 transactions this block    
2026-08-10T05:53:52.241459Z  WARN ThreadId(20) hotstuff_runner::app: Node 1 view(5416) far exceeds block count (1353); potential sync issue    
2026-08-10T05:53:52.337191Z  WARN ThreadId(20) hotstuff_runner::app: Node 1 [produce_block] queue size: 0, attempting up to 0 transactions this block    
2026-08-10T05:53:52.337612Z  WARN ThreadId(20) hotstuff_runner::app: Node 1 view(5420) far exceeds block count (1354); potential sync issue    
2026-08-10T05:53:52.459493Z  WARN ThreadId(20) hotstuff_runner::app: Node 1 [produce_block] queue size: 2, attempting up to 2 transactions this block    
2026-08-10T05:53:52.460040Z  WARN ThreadId(20) hotstuff_runner::app: Node 1 view(5424) far exceeds block count (1355); potential sync issue    
2026-08-10T05:53:52.525203Z  WARN ThreadId(20) hotstuff_runner::app: Node 1 [produce_block] queue size: 0, attempting up to 0 transactions this block    
2026-08-10T05:53:52.526741Z  WARN ThreadId(20) hotstuff_runner::app: Node 1 view(5428) far exceeds block count (1356); potential sync issue    
2026-08-10T05:53:52.593908Z  WARN ThreadId(20) hotstuff_runner::app: Node 1 [produce_block] queue size: 2, attempting up to 2 transactions this block    
2026-08-10T05:53:52.594473Z  WARN ThreadId(20) hotstuff_runner::app: Node 1 view(5432) far exceeds block count (1357); potential sync issue    
2026-08-10T05:53:52.695012Z  WARN ThreadId(20) hotstuff_runner::app: Node 1 [produce_block] queue size: 0, attempting up to 0 transactions this block    
2026-08-10T05:53:52.695809Z  WARN ThreadId(20) hotstuff_runner::app: Node 1 view(5436) far exceeds block count (1358); potential sync issue    
2026-08-10T05:53:52.792189Z  WARN ThreadId(20) hotstuff_runner::app: Node 1 [produce_block] queue size: 2, attempting up to 2 transactions this block    
2026-08-10T05:53:52.792443Z  WARN ThreadId(20) hotstuff_runner::app: Node 1 view(5440) far exceeds block count (1359); potential sync issue    
2026-08-10T05:53:52.903805Z  WARN ThreadId(20) hotstuff_runner::app: Node 1 [produce_block] queue size: 0, attempting up to 0 transactions this block    
2026-08-10T05:53:52.904048Z  WARN ThreadId(20) hotstuff_runner::app: Node 1 view(5444) far exceeds block count (1360); potential sync issue    
2026-08-10T05:53:53.023555Z  WARN ThreadId(20) hotstuff_runner::app: Node 1 [produce_block] queue size: 2, attempting up to 2 transactions this block    
2026-08-10T05:53:53.024288Z  WARN ThreadId(20) hotstuff_runner::app: Node 1 view(5448) far exceeds block count (1361); potential sync issue    
2026-08-10T05:53:53.184295Z  WARN ThreadId(20) hotstuff_runner::app: Node 1 [produce_block] queue size: 0, attempting up to 0 transactions this block    
2026-08-10T05:53:53.184513Z  WARN ThreadId(20) hotstuff_runner::app: Node 1 view(5452) far exceeds block count (1362); potential sync issue    
2026-08-10T05:53:53.290443Z  WARN ThreadId(20) hotstuff_runner::app: Node 1 [produce_block] queue size: 2, attempting up to 2 transactions this block    
2026-08-10T05:53:53.294098Z  WARN ThreadId(20) hotstuff_runner::app: Node 1 view(5456) far exceeds block count (1363); potential sync issue    
2026-08-10T05:53:53.404469Z  WARN ThreadId(20) hotstuff_runner::app: Node 1 [produce_block] queue size: 0, attempting up to 0 transactions this block    
2026-08-10T05:53:53.440291Z  WARN ThreadId(20) hotstuff_runner::app: Node 1 view(5460) far exceeds block count (1364); potential sync issue    
2026-08-10T05:53:53.624370Z  WARN ThreadId(20) hotstuff_runner::app: Node 1 [produce_block] queue size: 2, attempting up to 2 transactions this block    
2026-08-10T05:53:53.625860Z  WARN ThreadId(20) hotstuff_runner::app: Node 1 view(5464) far exceeds block count (1365); potential sync issue    
2026-08-10T05:53:53.786519Z  WARN ThreadId(20) hotstuff_runner::app: Node 1 [produce_block] queue size: 2, attempting up to 2 transactions this block    
2026-08-10T05:53:53.791523Z  WARN ThreadId(20) hotstuff_runner::app: Node 1 view(5468) far exceeds block count (1366); potential sync issue    
2026-08-10T05:53:53.840323Z  WARN ThreadId(07) docker_node: Low processing efficiency: 0.0% - system may need tuning
2026-08-10T05:53:53.876288Z  WARN ThreadId(20) hotstuff_runner::app: Node 1 [produce_block] queue size: 2, attempting up to 2 transactions this block    
2026-08-10T05:53:53.877067Z  WARN ThreadId(20) hotstuff_runner::app: Node 1 view(5472) far exceeds block count (1367); potential sync issue    
2026-08-10T05:53:54.002085Z  WARN ThreadId(20) hotstuff_runner::app: Node 1 [produce_block] queue size: 0, attempting up to 0 transactions this block    
2026-08-10T05:53:54.002248Z  WARN ThreadId(20) hotstuff_runner::app: Node 1 view(5476) far exceeds block count (1368); potential sync issue    
2026-08-10T05:53:54.099101Z  WARN ThreadId(20) hotstuff_runner::app: Node 1 [produce_block] queue size: 2, attempting up to 2 transactions this block    
2026-08-10T05:53:54.099392Z  WARN ThreadId(20) hotstuff_runner::app: Node 1 view(5480) far exceeds block count (1369); potential sync issue    
2026-08-10T05:53:54.190336Z  WARN ThreadId(20) hotstuff_runner::app: Node 1 [produce_block] queue size: 2, attempting up to 2 transactions this block    
2026-08-10T05:53:54.190896Z  WARN ThreadId(20) hotstuff_runner::app: Node 1 view(5484) far exceeds block count (1370); potential sync issue    
2026-08-10T05:53:54.288262Z  WARN ThreadId(20) hotstuff_runner::app: Node 1 [produce_block] queue size: 0, attempting up to 0 transactions this block    
2026-08-10T05:53:54.288749Z  WARN ThreadId(20) hotstuff_runner::app: Node 1 view(5488) far exceeds block count (1371); potential sync issue    
2026-08-10T05:53:54.425148Z  WARN ThreadId(20) hotstuff_runner::app: Node 1 [produce_block] queue size: 2, attempting up to 2 transactions this block    
2026-08-10T05:53:54.427094Z  WARN ThreadId(20) hotstuff_runner::app: Node 1 view(5492) far exceeds block count (1372); potential sync issue    
2026-08-10T05:53:54.508844Z  WARN ThreadId(20) hotstuff_runner::app: Node 1 [produce_block] queue size: 0, attempting up to 0 transactions this block    
2026-08-10T05:53:54.511731Z  WARN ThreadId(20) hotstuff_runner::app: Node 1 view(5496) far exceeds block count (1373); potential sync issue    
2026-08-10T05:53:54.628921Z  WARN ThreadId(20) hotstuff_runner::app: Node 1 [produce_block] queue size: 2, attempting up to 2 transactions this block    
2026-08-10T05:53:54.629279Z  WARN ThreadId(20) hotstuff_runner::app: Node 1 view(5500) far exceeds block count (1374); potential sync issue    
2026-08-10T05:53:54.730220Z  WARN ThreadId(20) hotstuff_runner::app: Node 1 [produce_block] queue size: 0, attempting up to 0 transactions this block    
2026-08-10T05:53:54.730408Z  WARN ThreadId(20) hotstuff_runner::app: Node 1 view(5504) far exceeds block count (1375); potential sync issue    
2026-08-10T05:53:54.869265Z  WARN ThreadId(20) hotstuff_runner::app: Node 1 [produce_block] queue size: 2, attempting up to 2 transactions this block    
2026-08-10T05:53:54.870034Z  WARN ThreadId(20) hotstuff_runner::app: Node 1 view(5508) far exceeds block count (1376); potential sync issue    
2026-08-10T05:53:55.010278Z  WARN ThreadId(20) hotstuff_runner::app: Node 1 [produce_block] queue size: 2, attempting up to 2 transactions this block    
2026-08-10T05:53:55.011223Z  WARN ThreadId(20) hotstuff_runner::app: Node 1 view(5512) far exceeds block count (1377); potential sync issue    
2026-08-10T05:53:55.135198Z  WARN ThreadId(20) hotstuff_runner::app: Node 1 [produce_block] queue size: 0, attempting up to 0 transactions this block    
2026-08-10T05:53:55.138642Z  WARN ThreadId(20) hotstuff_runner::app: Node 1 view(5516) far exceeds block count (1378); potential sync issue    
2026-08-10T05:53:55.233660Z  WARN ThreadId(20) hotstuff_runner::app: Node 1 [produce_block] queue size: 2, attempting up to 2 transactions this block    
2026-08-10T05:53:55.234589Z  WARN ThreadId(20) hotstuff_runner::app: Node 1 view(5520) far exceeds block count (1379); potential sync issue    
2026-08-10T05:53:55.372744Z  WARN ThreadId(20) hotstuff_runner::app: Node 1 [produce_block] queue size: 2, attempting up to 2 transactions this block    
2026-08-10T05:53:55.375334Z  WARN ThreadId(20) hotstuff_runner::app: Node 1 view(5524) far exceeds block count (1380); potential sync issue    
2026-08-10T05:53:55.470337Z  WARN ThreadId(20) hotstuff_runner::app: Node 1 [produce_block] queue size: 0, attempting up to 0 transactions this block    
2026-08-10T05:53:55.478728Z  WARN ThreadId(20) hotstuff_runner::app: Node 1 view(5528) far exceeds block count (1381); potential sync issue    
2026-08-10T05:53:55.629114Z  WARN ThreadId(20) hotstuff_runner::app: Node 1 [produce_block] queue size: 2, attempting up to 2 transactions this block    
2026-08-10T05:53:55.632310Z  WARN ThreadId(20) hotstuff_runner::app: Node 1 view(5532) far exceeds block count (1382); potential sync issue    
2026-08-10T05:53:55.793270Z  WARN ThreadId(20) hotstuff_runner::app: Node 1 [produce_block] queue size: 2, attempting up to 2 transactions this block    
2026-08-10T05:53:55.793414Z  WARN ThreadId(20) hotstuff_runner::app: Node 1 view(5536) far exceeds block count (1383); potential sync issue    
2026-08-10T05:53:55.882275Z  WARN ThreadId(20) hotstuff_runner::app: Node 1 [produce_block] queue size: 0, attempting up to 0 transactions this block    
2026-08-10T05:53:55.882874Z  WARN ThreadId(20) hotstuff_runner::app: Node 1 view(5540) far exceeds block count (1384); potential sync issue    
2026-08-10T05:53:55.976123Z  WARN ThreadId(20) hotstuff_runner::app: Node 1 [produce_block] queue size: 0, attempting up to 0 transactions this block    
2026-08-10T05:53:55.976403Z  WARN ThreadId(20) hotstuff_runner::app: Node 1 view(5544) far exceeds block count (1385); potential sync issue    
2026-08-10T05:53:56.052981Z  WARN ThreadId(20) hotstuff_runner::app: Node 1 [produce_block] queue size: 2, attempting up to 2 transactions this block    
2026-08-10T05:53:56.053305Z  WARN ThreadId(20) hotstuff_runner::app: Node 1 view(5548) far exceeds block count (1386); potential sync issue    
2026-08-10T05:53:56.121430Z  WARN ThreadId(20) hotstuff_runner::app: Node 1 [produce_block] queue size: 0, attempting up to 0 transactions this block    
2026-08-10T05:53:56.121582Z  WARN ThreadId(20) hotstuff_runner::app: Node 1 view(5552) far exceeds block count (1387); potential sync issue    
2026-08-10T05:53:56.201270Z  WARN ThreadId(20) hotstuff_runner::app: Node 1 [produce_block] queue size: 0, attempting up to 0 transactions this block    
2026-08-10T05:53:56.203350Z  WARN ThreadId(20) hotstuff_runner::app: Node 1 view(5556) far exceeds block count (1388); potential sync issue    
2026-08-10T05:53:56.276271Z  WARN ThreadId(20) hotstuff_runner::app: Node 1 [produce_block] queue size: 2, attempting up to 2 transactions this block    
2026-08-10T05:53:56.281579Z  WARN ThreadId(20) hotstuff_runner::app: Node 1 view(5560) far exceeds block count (1389); potential sync issue    
2026-08-10T05:53:56.356276Z  WARN ThreadId(20) hotstuff_runner::app: Node 1 [produce_block] queue size: 0, attempting up to 0 transactions this block    
2026-08-10T05:53:56.356526Z  WARN ThreadId(20) hotstuff_runner::app: Node 1 view(5564) far exceeds block count (1390); potential sync issue    
2026-08-10T05:53:56.474176Z  WARN ThreadId(20) hotstuff_runner::app: Node 1 [produce_block] queue size: 2, attempting up to 2 transactions this block    
2026-08-10T05:53:56.474496Z  WARN ThreadId(20) hotstuff_runner::app: Node 1 view(5568) far exceeds block count (1391); potential sync issue    
2026-08-10T05:53:56.583355Z  WARN ThreadId(20) hotstuff_runner::app: Node 1 [produce_block] queue size: 2, attempting up to 2 transactions this block    
2026-08-10T05:53:56.586570Z  WARN ThreadId(20) hotstuff_runner::app: Node 1 view(5572) far exceeds block count (1392); potential sync issue    
2026-08-10T05:53:56.679727Z  WARN ThreadId(20) hotstuff_runner::app: Node 1 [produce_block] queue size: 0, attempting up to 0 transactions this block    
2026-08-10T05:53:56.680105Z  WARN ThreadId(20) hotstuff_runner::app: Node 1 view(5576) far exceeds block count (1393); potential sync issue    
2026-08-10T05:53:56.783267Z  WARN ThreadId(20) hotstuff_runner::app: Node 1 [produce_block] queue size: 2, attempting up to 2 transactions this block    
2026-08-10T05:53:56.783587Z  WARN ThreadId(20) hotstuff_runner::app: Node 1 view(5580) far exceeds block count (1394); potential sync issue    
2026-08-10T05:53:56.888393Z  WARN ThreadId(20) hotstuff_runner::app: Node 1 [produce_block] queue size: 0, attempting up to 0 transactions this block    
2026-08-10T05:53:56.888661Z  WARN ThreadId(20) hotstuff_runner::app: Node 1 view(5584) far exceeds block count (1395); potential sync issue    
2026-08-10T05:53:56.973430Z  WARN ThreadId(20) hotstuff_runner::app: Node 1 [produce_block] queue size: 2, attempting up to 2 transactions this block    
2026-08-10T05:53:56.986542Z  WARN ThreadId(20) hotstuff_runner::app: Node 1 view(5588) far exceeds block count (1396); potential sync issue    
2026-08-10T05:53:57.053516Z  WARN ThreadId(20) hotstuff_runner::app: Node 1 [produce_block] queue size: 0, attempting up to 0 transactions this block    
2026-08-10T05:53:57.054323Z  WARN ThreadId(20) hotstuff_runner::app: Node 1 view(5592) far exceeds block count (1397); potential sync issue    
2026-08-10T05:53:57.130482Z  WARN ThreadId(20) hotstuff_runner::app: Node 1 [produce_block] queue size: 0, attempting up to 0 transactions this block    
2026-08-10T05:53:57.131585Z  WARN ThreadId(20) hotstuff_runner::app: Node 1 view(5596) far exceeds block count (1398); potential sync issue    
2026-08-10T05:53:57.218489Z  WARN ThreadId(20) hotstuff_runner::app: Node 1 [produce_block] queue size: 2, attempting up to 2 transactions this block    
2026-08-10T05:53:57.220307Z  WARN ThreadId(20) hotstuff_runner::app: Node 1 view(5600) far exceeds block count (1399); potential sync issue    
2026-08-10T05:53:57.283804Z  WARN ThreadId(20) hotstuff_runner::app: Node 1 [produce_block] queue size: 0, attempting up to 0 transactions this block    
2026-08-10T05:53:57.284028Z  WARN ThreadId(20) hotstuff_runner::app: Node 1 view(5604) far exceeds block count (1400); potential sync issue    
2026-08-10T05:53:57.395316Z  WARN ThreadId(20) hotstuff_runner::app: Node 1 [produce_block] queue size: 2, attempting up to 2 transactions this block    
2026-08-10T05:53:57.396733Z  WARN ThreadId(20) hotstuff_runner::app: Node 1 view(5608) far exceeds block count (1401); potential sync issue    
2026-08-10T05:53:57.504291Z  WARN ThreadId(20) hotstuff_runner::app: Node 1 [produce_block] queue size: 0, attempting up to 0 transactions this block    
2026-08-10T05:53:57.505158Z  WARN ThreadId(20) hotstuff_runner::app: Node 1 view(5612) far exceeds block count (1402); potential sync issue    
2026-08-10T05:53:57.600088Z  WARN ThreadId(20) hotstuff_runner::app: Node 1 [produce_block] queue size: 2, attempting up to 2 transactions this block    
2026-08-10T05:53:57.602692Z  WARN ThreadId(20) hotstuff_runner::app: Node 1 view(5616) far exceeds block count (1403); potential sync issue    
2026-08-10T05:53:57.672290Z  WARN ThreadId(20) hotstuff_runner::app: Node 1 [produce_block] queue size: 0, attempting up to 0 transactions this block    
2026-08-10T05:53:57.672482Z  WARN ThreadId(20) hotstuff_runner::app: Node 1 view(5620) far exceeds block count (1404); potential sync issue    
2026-08-10T05:53:57.769372Z  WARN ThreadId(20) hotstuff_runner::app: Node 1 [produce_block] queue size: 2, attempting up to 2 transactions this block    
2026-08-10T05:53:57.771926Z  WARN ThreadId(20) hotstuff_runner::app: Node 1 view(5624) far exceeds block count (1405); potential sync issue    
2026-08-10T05:53:57.894389Z  WARN ThreadId(20) hotstuff_runner::app: Node 1 [produce_block] queue size: 0, attempting up to 0 transactions this block    
2026-08-10T05:53:57.894696Z  WARN ThreadId(20) hotstuff_runner::app: Node 1 view(5628) far exceeds block count (1406); potential sync issue    
2026-08-10T05:53:57.997265Z  WARN ThreadId(20) hotstuff_runner::app: Node 1 [produce_block] queue size: 2, attempting up to 2 transactions this block    
2026-08-10T05:53:57.997602Z  WARN ThreadId(20) hotstuff_runner::app: Node 1 view(5632) far exceeds block count (1407); potential sync issue    
2026-08-10T05:53:58.094912Z  WARN ThreadId(20) hotstuff_runner::app: Node 1 [produce_block] queue size: 2, attempting up to 2 transactions this block    
2026-08-10T05:53:58.095383Z  WARN ThreadId(20) hotstuff_runner::app: Node 1 view(5636) far exceeds block count (1408); potential sync issue    
2026-08-10T05:53:58.325984Z  WARN ThreadId(20) hotstuff_runner::app: Node 1 [produce_block] queue size: 2, attempting up to 2 transactions this block    
2026-08-10T05:53:58.329508Z  WARN ThreadId(20) hotstuff_runner::app: Node 1 view(5640) far exceeds block count (1409); potential sync issue    
2026-08-10T05:53:58.422319Z  WARN ThreadId(20) hotstuff_runner::app: Node 1 [produce_block] queue size: 0, attempting up to 0 transactions this block    
2026-08-10T05:53:58.423091Z  WARN ThreadId(20) hotstuff_runner::app: Node 1 view(5644) far exceeds block count (1410); potential sync issue    
2026-08-10T05:53:58.538313Z  WARN ThreadId(20) hotstuff_runner::app: Node 1 [produce_block] queue size: 2, attempting up to 2 transactions this block    
2026-08-10T05:53:58.538822Z  WARN ThreadId(20) hotstuff_runner::app: Node 1 view(5648) far exceeds block count (1411); potential sync issue    
2026-08-10T05:53:58.625369Z  WARN ThreadId(20) hotstuff_runner::app: Node 1 [produce_block] queue size: 0, attempting up to 0 transactions this block    
2026-08-10T05:53:58.625529Z  WARN ThreadId(20) hotstuff_runner::app: Node 1 view(5652) far exceeds block count (1412); potential sync issue    
2026-08-10T05:53:58.760961Z  WARN ThreadId(20) hotstuff_runner::app: Node 1 [produce_block] queue size: 2, attempting up to 2 transactions this block    
2026-08-10T05:53:58.764984Z  WARN ThreadId(20) hotstuff_runner::app: Node 1 view(5656) far exceeds block count (1413); potential sync issue    
2026-08-10T05:53:58.840426Z  WARN ThreadId(06) docker_node: Low processing efficiency: 0.0% - system may need tuning
2026-08-10T05:53:58.894481Z  WARN ThreadId(20) hotstuff_runner::app: Node 1 [produce_block] queue size: 2, attempting up to 2 transactions this block    
2026-08-10T05:53:58.894698Z  WARN ThreadId(20) hotstuff_runner::app: Node 1 view(5660) far exceeds block count (1414); potential sync issue    
2026-08-10T05:53:58.980470Z  WARN ThreadId(20) hotstuff_runner::app: Node 1 [produce_block] queue size: 0, attempting up to 0 transactions this block    
2026-08-10T05:53:58.988309Z  WARN ThreadId(20) hotstuff_runner::app: Node 1 view(5664) far exceeds block count (1415); potential sync issue    
2026-08-10T05:53:59.064012Z  WARN ThreadId(20) hotstuff_runner::app: Node 1 [produce_block] queue size: 0, attempting up to 0 transactions this block    
2026-08-10T05:53:59.064864Z  WARN ThreadId(20) hotstuff_runner::app: Node 1 view(5668) far exceeds block count (1416); potential sync issue    
2026-08-10T05:53:59.177271Z  WARN ThreadId(20) hotstuff_runner::app: Node 1 [produce_block] queue size: 2, attempting up to 2 transactions this block    
2026-08-10T05:53:59.180286Z  WARN ThreadId(20) hotstuff_runner::app: Node 1 view(5672) far exceeds block count (1417); potential sync issue    
2026-08-10T05:53:59.273723Z  WARN ThreadId(20) hotstuff_runner::app: Node 1 [produce_block] queue size: 0, attempting up to 0 transactions this block    
2026-08-10T05:53:59.275182Z  WARN ThreadId(20) hotstuff_runner::app: Node 1 view(5676) far exceeds block count (1418); potential sync issue    
2026-08-10T05:53:59.432858Z  WARN ThreadId(20) hotstuff_runner::app: Node 1 [produce_block] queue size: 2, attempting up to 2 transactions this block    
2026-08-10T05:53:59.433755Z  WARN ThreadId(20) hotstuff_runner::app: Node 1 view(5680) far exceeds block count (1419); potential sync issue    
2026-08-10T05:53:59.497139Z  WARN ThreadId(20) hotstuff_runner::app: Node 1 [produce_block] queue size: 0, attempting up to 0 transactions this block    
2026-08-10T05:53:59.499401Z  WARN ThreadId(20) hotstuff_runner::app: Node 1 view(5684) far exceeds block count (1420); potential sync issue    
2026-08-10T05:53:59.560137Z  WARN ThreadId(20) hotstuff_runner::app: Node 1 [produce_block] queue size: 2, attempting up to 2 transactions this block    
2026-08-10T05:53:59.560262Z  WARN ThreadId(20) hotstuff_runner::app: Node 1 view(5688) far exceeds block count (1421); potential sync issue    
2026-08-10T05:53:59.650673Z  WARN ThreadId(20) hotstuff_runner::app: Node 1 [produce_block] queue size: 0, attempting up to 0 transactions this block    
2026-08-10T05:53:59.653298Z  WARN ThreadId(20) hotstuff_runner::app: Node 1 view(5692) far exceeds block count (1422); potential sync issue    
2026-08-10T05:53:59.708614Z  WARN ThreadId(20) hotstuff_runner::app: Node 1 [produce_block] queue size: 2, attempting up to 2 transactions this block    
2026-08-10T05:53:59.708987Z  WARN ThreadId(20) hotstuff_runner::app: Node 1 view(5696) far exceeds block count (1423); potential sync issue    
2026-08-10T05:53:59.781139Z  WARN ThreadId(20) hotstuff_runner::app: Node 1 [produce_block] queue size: 0, attempting up to 0 transactions this block    
2026-08-10T05:53:59.781261Z  WARN ThreadId(20) hotstuff_runner::app: Node 1 view(5700) far exceeds block count (1424); potential sync issue    
2026-08-10T05:53:59.889371Z  WARN ThreadId(20) hotstuff_runner::app: Node 1 [produce_block] queue size: 2, attempting up to 2 transactions this block    
2026-08-10T05:53:59.889519Z  WARN ThreadId(20) hotstuff_runner::app: Node 1 view(5704) far exceeds block count (1425); potential sync issue    
2026-08-10T05:53:59.978311Z  WARN ThreadId(20) hotstuff_runner::app: Node 1 [produce_block] queue size: 0, attempting up to 0 transactions this block    
2026-08-10T05:53:59.982776Z  WARN ThreadId(20) hotstuff_runner::app: Node 1 view(5708) far exceeds block count (1426); potential sync issue    
2026-08-10T05:54:00.138386Z  WARN ThreadId(20) hotstuff_runner::app: Node 1 [produce_block] queue size: 2, attempting up to 2 transactions this block    
2026-08-10T05:54:00.138562Z  WARN ThreadId(20) hotstuff_runner::app: Node 1 view(5712) far exceeds block count (1427); potential sync issue    
2026-08-10T05:54:00.299730Z  WARN ThreadId(20) hotstuff_runner::app: Node 1 [produce_block] queue size: 2, attempting up to 2 transactions this block    
2026-08-10T05:54:00.300634Z  WARN ThreadId(20) hotstuff_runner::app: Node 1 view(5716) far exceeds block count (1428); potential sync issue    
2026-08-10T05:54:00.399939Z  WARN ThreadId(20) hotstuff_runner::app: Node 1 [produce_block] queue size: 0, attempting up to 0 transactions this block    
2026-08-10T05:54:00.408096Z  WARN ThreadId(20) hotstuff_runner::app: Node 1 view(5720) far exceeds block count (1429); potential sync issue    
2026-08-10T05:54:00.535582Z  WARN ThreadId(20) hotstuff_runner::app: Node 1 [produce_block] queue size: 2, attempting up to 2 transactions this block    
2026-08-10T05:54:00.537296Z  WARN ThreadId(20) hotstuff_runner::app: Node 1 view(5724) far exceeds block count (1430); potential sync issue    
2026-08-10T05:54:00.665343Z  WARN ThreadId(20) hotstuff_runner::app: Node 1 [produce_block] queue size: 0, attempting up to 0 transactions this block    
2026-08-10T05:54:00.667930Z  WARN ThreadId(20) hotstuff_runner::app: Node 1 view(5728) far exceeds block count (1431); potential sync issue    
2026-08-10T05:54:00.772538Z  WARN ThreadId(20) hotstuff_runner::app: Node 1 [produce_block] queue size: 2, attempting up to 2 transactions this block    
2026-08-10T05:54:00.774806Z  WARN ThreadId(20) hotstuff_runner::app: Node 1 view(5732) far exceeds block count (1432); potential sync issue    
2026-08-10T05:54:00.904458Z  WARN ThreadId(20) hotstuff_runner::app: Node 1 [produce_block] queue size: 0, attempting up to 0 transactions this block    
2026-08-10T05:54:00.908616Z  WARN ThreadId(20) hotstuff_runner::app: Node 1 view(5736) far exceeds block count (1433); potential sync issue    
2026-08-10T05:54:01.023492Z  WARN ThreadId(20) hotstuff_runner::app: Node 1 [produce_block] queue size: 0, attempting up to 0 transactions this block    
2026-08-10T05:54:01.024282Z  WARN ThreadId(20) hotstuff_runner::app: Node 1 view(5740) far exceeds block count (1434); potential sync issue    
2026-08-10T05:54:01.213822Z  WARN ThreadId(20) hotstuff_runner::app: Node 1 [produce_block] queue size: 2, attempting up to 2 transactions this block    
2026-08-10T05:54:01.214135Z  WARN ThreadId(20) hotstuff_runner::app: Node 1 view(5744) far exceeds block count (1435); potential sync issue    
2026-08-10T05:54:01.376239Z  WARN ThreadId(20) hotstuff_runner::app: Node 1 [produce_block] queue size: 2, attempting up to 2 transactions this block    
2026-08-10T05:54:01.377755Z  WARN ThreadId(20) hotstuff_runner::app: Node 1 view(5748) far exceeds block count (1436); potential sync issue    
2026-08-10T05:54:01.511219Z  WARN ThreadId(20) hotstuff_runner::app: Node 1 [produce_block] queue size: 0, attempting up to 0 transactions this block    
2026-08-10T05:54:01.511669Z  WARN ThreadId(20) hotstuff_runner::app: Node 1 view(5752) far exceeds block count (1437); potential sync issue    
2026-08-10T05:54:01.677101Z  WARN ThreadId(20) hotstuff_runner::app: Node 1 [produce_block] queue size: 2, attempting up to 2 transactions this block    
2026-08-10T05:54:01.678794Z  WARN ThreadId(20) hotstuff_runner::app: Node 1 view(5756) far exceeds block count (1438); potential sync issue    
2026-08-10T05:54:01.863356Z  WARN ThreadId(20) hotstuff_runner::app: Node 1 [produce_block] queue size: 2, attempting up to 2 transactions this block    
2026-08-10T05:54:01.868294Z  WARN ThreadId(20) hotstuff_runner::app: Node 1 view(5760) far exceeds block count (1439); potential sync issue    
2026-08-10T05:54:01.955596Z  WARN ThreadId(20) hotstuff_runner::app: Node 1 [produce_block] queue size: 0, attempting up to 0 transactions this block    
2026-08-10T05:54:01.955797Z  WARN ThreadId(20) hotstuff_runner::app: Node 1 view(5764) far exceeds block count (1440); potential sync issue    
2026-08-10T05:54:02.037407Z  WARN ThreadId(20) hotstuff_runner::app: Node 1 [produce_block] queue size: 2, attempting up to 2 transactions this block    
2026-08-10T05:54:02.037513Z  WARN ThreadId(20) hotstuff_runner::app: Node 1 view(5768) far exceeds block count (1441); potential sync issue    
2026-08-10T05:54:02.114582Z  WARN ThreadId(20) hotstuff_runner::app: Node 1 [produce_block] queue size: 0, attempting up to 0 transactions this block    
2026-08-10T05:54:02.130288Z  WARN ThreadId(20) hotstuff_runner::app: Node 1 view(5772) far exceeds block count (1442); potential sync issue    
2026-08-10T05:54:02.262212Z  WARN ThreadId(20) hotstuff_runner::app: Node 1 [produce_block] queue size: 2, attempting up to 2 transactions this block    
2026-08-10T05:54:02.262522Z  WARN ThreadId(20) hotstuff_runner::app: Node 1 view(5776) far exceeds block count (1443); potential sync issue    
2026-08-10T05:54:02.352053Z  WARN ThreadId(20) hotstuff_runner::app: Node 1 [produce_block] queue size: 0, attempting up to 0 transactions this block    
2026-08-10T05:54:02.354594Z  WARN ThreadId(20) hotstuff_runner::app: Node 1 view(5780) far exceeds block count (1444); potential sync issue    
2026-08-10T05:54:02.431444Z  WARN ThreadId(20) hotstuff_runner::app: Node 1 [produce_block] queue size: 2, attempting up to 2 transactions this block    
2026-08-10T05:54:02.431889Z  WARN ThreadId(20) hotstuff_runner::app: Node 1 view(5784) far exceeds block count (1445); potential sync issue    
2026-08-10T05:54:02.504870Z  WARN ThreadId(20) hotstuff_runner::app: Node 1 [produce_block] queue size: 0, attempting up to 0 transactions this block    
2026-08-10T05:54:02.508597Z  WARN ThreadId(20) hotstuff_runner::app: Node 1 view(5788) far exceeds block count (1446); potential sync issue    
2026-08-10T05:54:02.596452Z  WARN ThreadId(20) hotstuff_runner::app: Node 1 [produce_block] queue size: 2, attempting up to 2 transactions this block    
2026-08-10T05:54:02.596877Z  WARN ThreadId(20) hotstuff_runner::app: Node 1 view(5792) far exceeds block count (1447); potential sync issue    
2026-08-10T05:54:02.680118Z  WARN ThreadId(20) hotstuff_runner::app: Node 1 [produce_block] queue size: 0, attempting up to 0 transactions this block    
2026-08-10T05:54:02.680383Z  WARN ThreadId(20) hotstuff_runner::app: Node 1 view(5796) far exceeds block count (1448); potential sync issue    
2026-08-10T05:54:02.749535Z  WARN ThreadId(20) hotstuff_runner::app: Node 1 [produce_block] queue size: 0, attempting up to 0 transactions this block    
2026-08-10T05:54:02.751379Z  WARN ThreadId(20) hotstuff_runner::app: Node 1 view(5800) far exceeds block count (1449); potential sync issue    
2026-08-10T05:54:02.835536Z  WARN ThreadId(20) hotstuff_runner::app: Node 1 [produce_block] queue size: 2, attempting up to 2 transactions this block    
2026-08-10T05:54:02.835772Z  WARN ThreadId(20) hotstuff_runner::app: Node 1 view(5804) far exceeds block count (1450); potential sync issue    
2026-08-10T05:54:02.931155Z  WARN ThreadId(20) hotstuff_runner::app: Node 1 [produce_block] queue size: 0, attempting up to 0 transactions this block    
2026-08-10T05:54:02.934754Z  WARN ThreadId(20) hotstuff_runner::app: Node 1 view(5808) far exceeds block count (1451); potential sync issue    
2026-08-10T05:54:03.007396Z  WARN ThreadId(20) hotstuff_runner::app: Node 1 [produce_block] queue size: 0, attempting up to 0 transactions this block    
2026-08-10T05:54:03.007914Z  WARN ThreadId(20) hotstuff_runner::app: Node 1 view(5812) far exceeds block count (1452); potential sync issue    
2026-08-10T05:54:03.067639Z  WARN ThreadId(20) hotstuff_runner::app: Node 1 [produce_block] queue size: 0, attempting up to 0 transactions this block    
2026-08-10T05:54:03.068797Z  WARN ThreadId(20) hotstuff_runner::app: Node 1 view(5816) far exceeds block count (1453); potential sync issue    
2026-08-10T05:54:03.119863Z  WARN ThreadId(20) hotstuff_runner::app: Node 1 [produce_block] queue size: 0, attempting up to 0 transactions this block    
2026-08-10T05:54:03.120060Z  WARN ThreadId(20) hotstuff_runner::app: Node 1 view(5820) far exceeds block count (1454); potential sync issue    
2026-08-10T05:54:03.226349Z  WARN ThreadId(20) hotstuff_runner::app: Node 1 [produce_block] queue size: 2, attempting up to 2 transactions this block    
2026-08-10T05:54:03.227145Z  WARN ThreadId(20) hotstuff_runner::app: Node 1 view(5824) far exceeds block count (1455); potential sync issue    
2026-08-10T05:54:03.347522Z  WARN ThreadId(20) hotstuff_runner::app: Node 1 [produce_block] queue size: 0, attempting up to 0 transactions this block    
2026-08-10T05:54:03.347899Z  WARN ThreadId(20) hotstuff_runner::app: Node 1 view(5828) far exceeds block count (1456); potential sync issue    
2026-08-10T05:54:03.454162Z  WARN ThreadId(20) hotstuff_runner::app: Node 1 [produce_block] queue size: 2, attempting up to 2 transactions this block    
2026-08-10T05:54:03.457711Z  WARN ThreadId(20) hotstuff_runner::app: Node 1 view(5832) far exceeds block count (1457); potential sync issue    
2026-08-10T05:54:03.588168Z  WARN ThreadId(20) hotstuff_runner::app: Node 1 [produce_block] queue size: 2, attempting up to 2 transactions this block    
2026-08-10T05:54:03.591847Z  WARN ThreadId(20) hotstuff_runner::app: Node 1 view(5836) far exceeds block count (1458); potential sync issue    
2026-08-10T05:54:03.691111Z  WARN ThreadId(20) hotstuff_runner::app: Node 1 [produce_block] queue size: 0, attempting up to 0 transactions this block    
2026-08-10T05:54:03.691223Z  WARN ThreadId(20) hotstuff_runner::app: Node 1 view(5840) far exceeds block count (1459); potential sync issue    
2026-08-10T05:54:03.753129Z  WARN ThreadId(20) hotstuff_runner::app: Node 1 [produce_block] queue size: 0, attempting up to 0 transactions this block    
2026-08-10T05:54:03.756708Z  WARN ThreadId(20) hotstuff_runner::app: Node 1 view(5844) far exceeds block count (1460); potential sync issue    
2026-08-10T05:54:03.837799Z  WARN ThreadId(06) hotstuff_runner::pompe: 🧹 [Cleanup] Node 1 cleared 563 orphaned ordering1 states
2026-08-10T05:54:03.839515Z  WARN ThreadId(03) docker_node: Low processing efficiency: 0.0% - system may need tuning
2026-08-10T05:54:03.853937Z  WARN ThreadId(20) hotstuff_runner::app: Node 1 [produce_block] queue size: 2, attempting up to 2 transactions this block    
2026-08-10T05:54:03.854258Z  WARN ThreadId(20) hotstuff_runner::app: Node 1 view(5848) far exceeds block count (1461); potential sync issue    
2026-08-10T05:54:03.969985Z  WARN ThreadId(20) hotstuff_runner::app: Node 1 [produce_block] queue size: 2, attempting up to 2 transactions this block    
2026-08-10T05:54:03.973801Z  WARN ThreadId(20) hotstuff_runner::app: Node 1 view(5852) far exceeds block count (1462); potential sync issue    
2026-08-10T05:54:04.069028Z  WARN ThreadId(20) hotstuff_runner::app: Node 1 [produce_block] queue size: 0, attempting up to 0 transactions this block    
2026-08-10T05:54:04.072361Z  WARN ThreadId(20) hotstuff_runner::app: Node 1 view(5856) far exceeds block count (1463); potential sync issue    
2026-08-10T05:54:04.149536Z  WARN ThreadId(20) hotstuff_runner::app: Node 1 [produce_block] queue size: 2, attempting up to 2 transactions this block    
2026-08-10T05:54:04.159390Z  WARN ThreadId(20) hotstuff_runner::app: Node 1 view(5860) far exceeds block count (1464); potential sync issue    
2026-08-10T05:54:04.260590Z  WARN ThreadId(20) hotstuff_runner::app: Node 1 [produce_block] queue size: 0, attempting up to 0 transactions this block    
2026-08-10T05:54:04.262005Z  WARN ThreadId(20) hotstuff_runner::app: Node 1 view(5864) far exceeds block count (1465); potential sync issue    
2026-08-10T05:54:04.379378Z  WARN ThreadId(20) hotstuff_runner::app: Node 1 [produce_block] queue size: 2, attempting up to 2 transactions this block    
2026-08-10T05:54:04.385161Z  WARN ThreadId(20) hotstuff_runner::app: Node 1 view(5868) far exceeds block count (1466); potential sync issue    
2026-08-10T05:54:04.523818Z  WARN ThreadId(20) hotstuff_runner::app: Node 1 [produce_block] queue size: 2, attempting up to 2 transactions this block    
2026-08-10T05:54:04.524022Z  WARN ThreadId(20) hotstuff_runner::app: Node 1 view(5872) far exceeds block count (1467); potential sync issue    
2026-08-10T05:54:04.634243Z  WARN ThreadId(20) hotstuff_runner::app: Node 1 [produce_block] queue size: 0, attempting up to 0 transactions this block    
2026-08-10T05:54:04.635476Z  WARN ThreadId(20) hotstuff_runner::app: Node 1 view(5876) far exceeds block count (1468); potential sync issue    
2026-08-10T05:54:04.752461Z  WARN ThreadId(20) hotstuff_runner::app: Node 1 [produce_block] queue size: 2, attempting up to 2 transactions this block    
2026-08-10T05:54:04.753708Z  WARN ThreadId(20) hotstuff_runner::app: Node 1 view(5880) far exceeds block count (1469); potential sync issue    
2026-08-10T05:54:04.848511Z  WARN ThreadId(20) hotstuff_runner::app: Node 1 [produce_block] queue size: 0, attempting up to 0 transactions this block    
2026-08-10T05:54:04.848769Z  WARN ThreadId(20) hotstuff_runner::app: Node 1 view(5884) far exceeds block count (1470); potential sync issue    
2026-08-10T05:54:04.946593Z  WARN ThreadId(20) hotstuff_runner::app: Node 1 [produce_block] queue size: 2, attempting up to 2 transactions this block    
2026-08-10T05:54:04.950543Z  WARN ThreadId(20) hotstuff_runner::app: Node 1 view(5888) far exceeds block count (1471); potential sync issue    
2026-08-10T05:54:05.028961Z  WARN ThreadId(20) hotstuff_runner::app: Node 1 [produce_block] queue size: 0, attempting up to 0 transactions this block    
2026-08-10T05:54:05.029506Z  WARN ThreadId(20) hotstuff_runner::app: Node 1 view(5892) far exceeds block count (1472); potential sync issue    
2026-08-10T05:54:05.107653Z  WARN ThreadId(20) hotstuff_runner::app: Node 1 [produce_block] queue size: 0, attempting up to 0 transactions this block    
2026-08-10T05:54:05.107950Z  WARN ThreadId(20) hotstuff_runner::app: Node 1 view(5896) far exceeds block count (1473); potential sync issue    
2026-08-10T05:54:05.215798Z  WARN ThreadId(20) hotstuff_runner::app: Node 1 [produce_block] queue size: 2, attempting up to 2 transactions this block    
2026-08-10T05:54:05.216484Z  WARN ThreadId(20) hotstuff_runner::app: Node 1 view(5900) far exceeds block count (1474); potential sync issue    
2026-08-10T05:54:05.297569Z  WARN ThreadId(20) hotstuff_runner::app: Node 1 [produce_block] queue size: 2, attempting up to 2 transactions this block    
2026-08-10T05:54:05.298360Z  WARN ThreadId(20) hotstuff_runner::app: Node 1 view(5904) far exceeds block count (1475); potential sync issue    
2026-08-10T05:54:05.357444Z  WARN ThreadId(20) hotstuff_runner::app: Node 1 [produce_block] queue size: 0, attempting up to 0 transactions this block    
2026-08-10T05:54:05.357918Z  WARN ThreadId(20) hotstuff_runner::app: Node 1 view(5908) far exceeds block count (1476); potential sync issue    
2026-08-10T05:54:05.439450Z  WARN ThreadId(20) hotstuff_runner::app: Node 1 [produce_block] queue size: 0, attempting up to 0 transactions this block    
2026-08-10T05:54:05.439710Z  WARN ThreadId(20) hotstuff_runner::app: Node 1 view(5912) far exceeds block count (1477); potential sync issue    
2026-08-10T05:54:05.544025Z  WARN ThreadId(20) hotstuff_runner::app: Node 1 [produce_block] queue size: 2, attempting up to 2 transactions this block    
2026-08-10T05:54:05.544149Z  WARN ThreadId(20) hotstuff_runner::app: Node 1 view(5916) far exceeds block count (1478); potential sync issue    
2026-08-10T05:54:05.651466Z  WARN ThreadId(20) hotstuff_runner::app: Node 1 [produce_block] queue size: 0, attempting up to 0 transactions this block    
2026-08-10T05:54:05.652586Z  WARN ThreadId(20) hotstuff_runner::app: Node 1 view(5920) far exceeds block count (1479); potential sync issue    
2026-08-10T05:54:05.759443Z  WARN ThreadId(20) hotstuff_runner::app: Node 1 [produce_block] queue size: 2, attempting up to 2 transactions this block    
2026-08-10T05:54:05.763142Z  WARN ThreadId(20) hotstuff_runner::app: Node 1 view(5924) far exceeds block count (1480); potential sync issue    
2026-08-10T05:54:05.881216Z  WARN ThreadId(20) hotstuff_runner::app: Node 1 [produce_block] queue size: 2, attempting up to 2 transactions this block    
2026-08-10T05:54:05.881844Z  WARN ThreadId(20) hotstuff_runner::app: Node 1 view(5928) far exceeds block count (1481); potential sync issue    
2026-08-10T05:54:05.974117Z  WARN ThreadId(20) hotstuff_runner::app: Node 1 [produce_block] queue size: 0, attempting up to 0 transactions this block    
2026-08-10T05:54:05.982616Z  WARN ThreadId(20) hotstuff_runner::app: Node 1 view(5932) far exceeds block count (1482); potential sync issue    
2026-08-10T05:54:06.064384Z  WARN ThreadId(20) hotstuff_runner::app: Node 1 [produce_block] queue size: 0, attempting up to 0 transactions this block    
2026-08-10T05:54:06.067351Z  WARN ThreadId(20) hotstuff_runner::app: Node 1 view(5936) far exceeds block count (1483); potential sync issue    
2026-08-10T05:54:06.135580Z  WARN ThreadId(20) hotstuff_runner::app: Node 1 [produce_block] queue size: 2, attempting up to 2 transactions this block    
2026-08-10T05:54:06.137694Z  WARN ThreadId(20) hotstuff_runner::app: Node 1 view(5940) far exceeds block count (1484); potential sync issue    
2026-08-10T05:54:06.241176Z  WARN ThreadId(20) hotstuff_runner::app: Node 1 [produce_block] queue size: 0, attempting up to 0 transactions this block    
2026-08-10T05:54:06.243867Z  WARN ThreadId(20) hotstuff_runner::app: Node 1 view(5944) far exceeds block count (1485); potential sync issue    
2026-08-10T05:54:06.335188Z  WARN ThreadId(20) hotstuff_runner::app: Node 1 [produce_block] queue size: 2, attempting up to 2 transactions this block    
2026-08-10T05:54:06.336320Z  WARN ThreadId(20) hotstuff_runner::app: Node 1 view(5948) far exceeds block count (1486); potential sync issue    
2026-08-10T05:54:06.440321Z  WARN ThreadId(20) hotstuff_runner::app: Node 1 [produce_block] queue size: 0, attempting up to 0 transactions this block    
2026-08-10T05:54:06.440424Z  WARN ThreadId(20) hotstuff_runner::app: Node 1 view(5952) far exceeds block count (1487); potential sync issue    
2026-08-10T05:54:06.516791Z  WARN ThreadId(20) hotstuff_runner::app: Node 1 [produce_block] queue size: 2, attempting up to 2 transactions this block    
2026-08-10T05:54:06.517794Z  WARN ThreadId(20) hotstuff_runner::app: Node 1 view(5956) far exceeds block count (1488); potential sync issue    
2026-08-10T05:54:06.604871Z  WARN ThreadId(20) hotstuff_runner::app: Node 1 [produce_block] queue size: 0, attempting up to 0 transactions this block    
2026-08-10T05:54:06.605094Z  WARN ThreadId(20) hotstuff_runner::app: Node 1 view(5960) far exceeds block count (1489); potential sync issue    
2026-08-10T05:54:06.693687Z  WARN ThreadId(20) hotstuff_runner::app: Node 1 [produce_block] queue size: 0, attempting up to 0 transactions this block    
2026-08-10T05:54:06.694768Z  WARN ThreadId(20) hotstuff_runner::app: Node 1 view(5964) far exceeds block count (1490); potential sync issue    
2026-08-10T05:54:06.794265Z  WARN ThreadId(20) hotstuff_runner::app: Node 1 [produce_block] queue size: 2, attempting up to 2 transactions this block    
2026-08-10T05:54:06.799369Z  WARN ThreadId(20) hotstuff_runner::app: Node 1 view(5968) far exceeds block count (1491); potential sync issue    
2026-08-10T05:54:06.896012Z  WARN ThreadId(20) hotstuff_runner::app: Node 1 [produce_block] queue size: 0, attempting up to 0 transactions this block    
2026-08-10T05:54:06.896929Z  WARN ThreadId(20) hotstuff_runner::app: Node 1 view(5972) far exceeds block count (1492); potential sync issue    
2026-08-10T05:54:06.996846Z  WARN ThreadId(20) hotstuff_runner::app: Node 1 [produce_block] queue size: 2, attempting up to 2 transactions this block    
2026-08-10T05:54:07.000890Z  WARN ThreadId(20) hotstuff_runner::app: Node 1 view(5976) far exceeds block count (1493); potential sync issue    
2026-08-10T05:54:07.126635Z  WARN ThreadId(20) hotstuff_runner::app: Node 1 [produce_block] queue size: 0, attempting up to 0 transactions this block    
2026-08-10T05:54:07.127004Z  WARN ThreadId(20) hotstuff_runner::app: Node 1 view(5980) far exceeds block count (1494); potential sync issue    
2026-08-10T05:54:07.267564Z  WARN ThreadId(20) hotstuff_runner::app: Node 1 [produce_block] queue size: 2, attempting up to 2 transactions this block    
2026-08-10T05:54:07.268476Z  WARN ThreadId(20) hotstuff_runner::app: Node 1 view(5984) far exceeds block count (1495); potential sync issue    
2026-08-10T05:54:07.360034Z  WARN ThreadId(20) hotstuff_runner::app: Node 1 [produce_block] queue size: 2, attempting up to 2 transactions this block    
2026-08-10T05:54:07.361858Z  WARN ThreadId(20) hotstuff_runner::app: Node 1 view(5988) far exceeds block count (1496); potential sync issue    
2026-08-10T05:54:07.491451Z  WARN ThreadId(20) hotstuff_runner::app: Node 1 [produce_block] queue size: 0, attempting up to 0 transactions this block    
2026-08-10T05:54:07.491991Z  WARN ThreadId(20) hotstuff_runner::app: Node 1 view(5992) far exceeds block count (1497); potential sync issue    
2026-08-10T05:54:07.572717Z  WARN ThreadId(20) hotstuff_runner::app: Node 1 [produce_block] queue size: 2, attempting up to 2 transactions this block    
2026-08-10T05:54:07.574525Z  WARN ThreadId(20) hotstuff_runner::app: Node 1 view(5996) far exceeds block count (1498); potential sync issue    
2026-08-10T05:54:07.680417Z  WARN ThreadId(20) hotstuff_runner::app: Node 1 [produce_block] queue size: 0, attempting up to 0 transactions this block    
2026-08-10T05:54:07.681711Z  WARN ThreadId(20) hotstuff_runner::app: Node 1 view(6000) far exceeds block count (1499); potential sync issue    
2026-08-10T05:54:07.751153Z  WARN ThreadId(20) hotstuff_runner::app: Node 1 [produce_block] queue size: 0, attempting up to 0 transactions this block    
2026-08-10T05:54:07.755121Z  WARN ThreadId(20) hotstuff_runner::app: Node 1 view(6004) far exceeds block count (1500); potential sync issue    
2026-08-10T05:54:07.916297Z  WARN ThreadId(20) hotstuff_runner::app: Node 1 [produce_block] queue size: 2, attempting up to 2 transactions this block    
2026-08-10T05:54:07.916820Z  WARN ThreadId(20) hotstuff_runner::app: Node 1 view(6008) far exceeds block count (1501); potential sync issue    
2026-08-10T05:54:08.025244Z  WARN ThreadId(20) hotstuff_runner::app: Node 1 [produce_block] queue size: 2, attempting up to 2 transactions this block    
2026-08-10T05:54:08.026608Z  WARN ThreadId(20) hotstuff_runner::app: Node 1 view(6012) far exceeds block count (1502); potential sync issue    
2026-08-10T05:54:08.090687Z  WARN ThreadId(20) hotstuff_runner::app: Node 1 [produce_block] queue size: 0, attempting up to 0 transactions this block    
2026-08-10T05:54:08.092052Z  WARN ThreadId(20) hotstuff_runner::app: Node 1 view(6016) far exceeds block count (1503); potential sync issue    
2026-08-10T05:54:08.172648Z  WARN ThreadId(20) hotstuff_runner::app: Node 1 [produce_block] queue size: 2, attempting up to 2 transactions this block    
2026-08-10T05:54:08.175467Z  WARN ThreadId(20) hotstuff_runner::app: Node 1 view(6020) far exceeds block count (1504); potential sync issue    
2026-08-10T05:54:08.307941Z  WARN ThreadId(20) hotstuff_runner::app: Node 1 [produce_block] queue size: 0, attempting up to 0 transactions this block    
2026-08-10T05:54:08.308075Z  WARN ThreadId(20) hotstuff_runner::app: Node 1 view(6024) far exceeds block count (1505); potential sync issue    
2026-08-10T05:54:08.455997Z  WARN ThreadId(20) hotstuff_runner::app: Node 1 [produce_block] queue size: 2, attempting up to 2 transactions this block    
2026-08-10T05:54:08.462495Z  WARN ThreadId(20) hotstuff_runner::app: Node 1 view(6028) far exceeds block count (1506); potential sync issue    
2026-08-10T05:54:08.583534Z  WARN ThreadId(20) hotstuff_runner::app: Node 1 [produce_block] queue size: 0, attempting up to 0 transactions this block    
2026-08-10T05:54:08.584226Z  WARN ThreadId(20) hotstuff_runner::app: Node 1 view(6032) far exceeds block count (1507); potential sync issue    
2026-08-10T05:54:08.703773Z  WARN ThreadId(20) hotstuff_runner::app: Node 1 [produce_block] queue size: 2, attempting up to 2 transactions this block    
2026-08-10T05:54:08.703884Z  WARN ThreadId(20) hotstuff_runner::app: Node 1 view(6036) far exceeds block count (1508); potential sync issue    
2026-08-10T05:54:08.790446Z  WARN ThreadId(20) hotstuff_runner::app: Node 1 [produce_block] queue size: 2, attempting up to 2 transactions this block    
2026-08-10T05:54:08.790703Z  WARN ThreadId(20) hotstuff_runner::app: Node 1 view(6040) far exceeds block count (1509); potential sync issue    
2026-08-10T05:54:08.839513Z  WARN ThreadId(03) docker_node: Low processing efficiency: 0.0% - system may need tuning
2026-08-10T05:54:08.859445Z  WARN ThreadId(20) hotstuff_runner::app: Node 1 [produce_block] queue size: 0, attempting up to 0 transactions this block    
2026-08-10T05:54:08.859835Z  WARN ThreadId(20) hotstuff_runner::app: Node 1 view(6044) far exceeds block count (1510); potential sync issue    
2026-08-10T05:54:08.975460Z  WARN ThreadId(20) hotstuff_runner::app: Node 1 [produce_block] queue size: 2, attempting up to 2 transactions this block    
2026-08-10T05:54:08.975620Z  WARN ThreadId(20) hotstuff_runner::app: Node 1 view(6048) far exceeds block count (1511); potential sync issue    
2026-08-10T05:54:09.075462Z  WARN ThreadId(20) hotstuff_runner::app: Node 1 [produce_block] queue size: 0, attempting up to 0 transactions this block    
2026-08-10T05:54:09.080853Z  WARN ThreadId(20) hotstuff_runner::app: Node 1 view(6052) far exceeds block count (1512); potential sync issue    
2026-08-10T05:54:09.247600Z  WARN ThreadId(20) hotstuff_runner::app: Node 1 [produce_block] queue size: 2, attempting up to 2 transactions this block    
2026-08-10T05:54:09.248734Z  WARN ThreadId(20) hotstuff_runner::app: Node 1 view(6056) far exceeds block count (1513); potential sync issue    
2026-08-10T05:54:09.327447Z  WARN ThreadId(20) hotstuff_runner::app: Node 1 [produce_block] queue size: 0, attempting up to 0 transactions this block    
2026-08-10T05:54:09.335065Z  WARN ThreadId(20) hotstuff_runner::app: Node 1 view(6060) far exceeds block count (1514); potential sync issue    
2026-08-10T05:54:09.417602Z  WARN ThreadId(20) hotstuff_runner::app: Node 1 [produce_block] queue size: 2, attempting up to 2 transactions this block    
2026-08-10T05:54:09.420865Z  WARN ThreadId(20) hotstuff_runner::app: Node 1 view(6064) far exceeds block count (1515); potential sync issue    
2026-08-10T05:54:09.537048Z  WARN ThreadId(20) hotstuff_runner::app: Node 1 [produce_block] queue size: 0, attempting up to 0 transactions this block    
2026-08-10T05:54:09.537403Z  WARN ThreadId(20) hotstuff_runner::app: Node 1 view(6068) far exceeds block count (1516); potential sync issue    
2026-08-10T05:54:09.629567Z  WARN ThreadId(20) hotstuff_runner::app: Node 1 [produce_block] queue size: 2, attempting up to 2 transactions this block    
2026-08-10T05:54:09.632331Z  WARN ThreadId(20) hotstuff_runner::app: Node 1 view(6072) far exceeds block count (1517); potential sync issue    
2026-08-10T05:54:09.818536Z  WARN ThreadId(20) hotstuff_runner::app: Node 1 [produce_block] queue size: 2, attempting up to 2 transactions this block    
2026-08-10T05:54:09.819543Z  WARN ThreadId(20) hotstuff_runner::app: Node 1 view(6076) far exceeds block count (1518); potential sync issue    
2026-08-10T05:54:09.951223Z  WARN ThreadId(20) hotstuff_runner::app: Node 1 [produce_block] queue size: 0, attempting up to 0 transactions this block    
2026-08-10T05:54:09.951583Z  WARN ThreadId(20) hotstuff_runner::app: Node 1 view(6080) far exceeds block count (1519); potential sync issue    
2026-08-10T05:54:10.055840Z  WARN ThreadId(20) hotstuff_runner::app: Node 1 [produce_block] queue size: 2, attempting up to 2 transactions this block    
2026-08-10T05:54:10.059663Z  WARN ThreadId(20) hotstuff_runner::app: Node 1 view(6084) far exceeds block count (1520); potential sync issue    
2026-08-10T05:54:10.277743Z  WARN ThreadId(20) hotstuff_runner::app: Node 1 [produce_block] queue size: 2, attempting up to 2 transactions this block    
2026-08-10T05:54:10.280565Z  WARN ThreadId(20) hotstuff_runner::app: Node 1 view(6088) far exceeds block count (1521); potential sync issue    
2026-08-10T05:54:10.464494Z  WARN ThreadId(20) hotstuff_runner::app: Node 1 [produce_block] queue size: 2, attempting up to 2 transactions this block    
2026-08-10T05:54:10.470881Z  WARN ThreadId(20) hotstuff_runner::app: Node 1 view(6092) far exceeds block count (1522); potential sync issue    
2026-08-10T05:54:10.579684Z  WARN ThreadId(20) hotstuff_runner::app: Node 1 [produce_block] queue size: 2, attempting up to 2 transactions this block    
2026-08-10T05:54:10.580463Z  WARN ThreadId(20) hotstuff_runner::app: Node 1 view(6096) far exceeds block count (1523); potential sync issue    
2026-08-10T05:54:10.712021Z  WARN ThreadId(20) hotstuff_runner::app: Node 1 [produce_block] queue size: 0, attempting up to 0 transactions this block    
2026-08-10T05:54:10.712145Z  WARN ThreadId(20) hotstuff_runner::app: Node 1 view(6100) far exceeds block count (1524); potential sync issue    
2026-08-10T05:54:10.839628Z  WARN ThreadId(20) hotstuff_runner::app: Node 1 [produce_block] queue size: 2, attempting up to 2 transactions this block    
2026-08-10T05:54:10.839771Z  WARN ThreadId(20) hotstuff_runner::app: Node 1 view(6104) far exceeds block count (1525); potential sync issue    
2026-08-10T05:54:11.026262Z  WARN ThreadId(20) hotstuff_runner::app: Node 1 [produce_block] queue size: 2, attempting up to 2 transactions this block    
2026-08-10T05:54:11.026854Z  WARN ThreadId(20) hotstuff_runner::app: Node 1 view(6108) far exceeds block count (1526); potential sync issue    
2026-08-10T05:54:11.146055Z  WARN ThreadId(20) hotstuff_runner::app: Node 1 [produce_block] queue size: 0, attempting up to 0 transactions this block    
2026-08-10T05:54:11.148116Z  WARN ThreadId(20) hotstuff_runner::app: Node 1 view(6112) far exceeds block count (1527); potential sync issue    
2026-08-10T05:54:11.259788Z  WARN ThreadId(20) hotstuff_runner::app: Node 1 [produce_block] queue size: 2, attempting up to 2 transactions this block    
2026-08-10T05:54:11.271154Z  WARN ThreadId(20) hotstuff_runner::app: Node 1 view(6116) far exceeds block count (1528); potential sync issue    
2026-08-10T05:54:11.423178Z  WARN ThreadId(20) hotstuff_runner::app: Node 1 [produce_block] queue size: 2, attempting up to 2 transactions this block    
2026-08-10T05:54:11.423783Z  WARN ThreadId(20) hotstuff_runner::app: Node 1 view(6120) far exceeds block count (1529); potential sync issue    
2026-08-10T05:54:11.554711Z  WARN ThreadId(20) hotstuff_runner::app: Node 1 [produce_block] queue size: 0, attempting up to 0 transactions this block    
2026-08-10T05:54:11.556508Z  WARN ThreadId(20) hotstuff_runner::app: Node 1 view(6124) far exceeds block count (1530); potential sync issue    
2026-08-10T05:54:11.740648Z  WARN ThreadId(20) hotstuff_runner::app: Node 1 [produce_block] queue size: 2, attempting up to 2 transactions this block    
2026-08-10T05:54:11.744313Z  WARN ThreadId(20) hotstuff_runner::app: Node 1 view(6128) far exceeds block count (1531); potential sync issue    
2026-08-10T05:54:11.880149Z  WARN ThreadId(20) hotstuff_runner::app: Node 1 [produce_block] queue size: 2, attempting up to 2 transactions this block    
2026-08-10T05:54:11.880592Z  WARN ThreadId(20) hotstuff_runner::app: Node 1 view(6132) far exceeds block count (1532); potential sync issue    
2026-08-10T05:54:11.974790Z  WARN ThreadId(20) hotstuff_runner::app: Node 1 [produce_block] queue size: 0, attempting up to 0 transactions this block    
2026-08-10T05:54:11.975198Z  WARN ThreadId(20) hotstuff_runner::app: Node 1 view(6136) far exceeds block count (1533); potential sync issue    
2026-08-10T05:54:12.227789Z  WARN ThreadId(20) hotstuff_runner::app: Node 1 [produce_block] queue size: 4, attempting up to 4 transactions this block    
2026-08-10T05:54:12.228263Z  WARN ThreadId(20) hotstuff_runner::app: Node 1 view(6140) far exceeds block count (1534); potential sync issue    
2026-08-10T05:54:12.427391Z  WARN ThreadId(20) hotstuff_runner::app: Node 1 [produce_block] queue size: 2, attempting up to 2 transactions this block    
2026-08-10T05:54:12.427582Z  WARN ThreadId(20) hotstuff_runner::app: Node 1 view(6144) far exceeds block count (1535); potential sync issue    
2026-08-10T05:54:12.513571Z  WARN ThreadId(20) hotstuff_runner::app: Node 1 [produce_block] queue size: 0, attempting up to 0 transactions this block    
2026-08-10T05:54:12.518975Z  WARN ThreadId(20) hotstuff_runner::app: Node 1 view(6148) far exceeds block count (1536); potential sync issue    
2026-08-10T05:54:12.668082Z  WARN ThreadId(20) hotstuff_runner::app: Node 1 [produce_block] queue size: 2, attempting up to 2 transactions this block    
2026-08-10T05:54:12.670130Z  WARN ThreadId(20) hotstuff_runner::app: Node 1 view(6152) far exceeds block count (1537); potential sync issue    
2026-08-10T05:54:12.856339Z  WARN ThreadId(20) hotstuff_runner::app: Node 1 [produce_block] queue size: 2, attempting up to 2 transactions this block    
2026-08-10T05:54:12.856557Z  WARN ThreadId(20) hotstuff_runner::app: Node 1 view(6156) far exceeds block count (1538); potential sync issue    
2026-08-10T05:54:12.952313Z  WARN ThreadId(20) hotstuff_runner::app: Node 1 [produce_block] queue size: 0, attempting up to 0 transactions this block    
2026-08-10T05:54:12.959869Z  WARN ThreadId(20) hotstuff_runner::app: Node 1 view(6160) far exceeds block count (1539); potential sync issue    
2026-08-10T05:54:13.057050Z  WARN ThreadId(20) hotstuff_runner::app: Node 1 [produce_block] queue size: 2, attempting up to 2 transactions this block    
2026-08-10T05:54:13.060868Z  WARN ThreadId(20) hotstuff_runner::app: Node 1 view(6164) far exceeds block count (1540); potential sync issue    
2026-08-10T05:54:13.165561Z  WARN ThreadId(20) hotstuff_runner::app: Node 1 [produce_block] queue size: 0, attempting up to 0 transactions this block    
2026-08-10T05:54:13.166364Z  WARN ThreadId(20) hotstuff_runner::app: Node 1 view(6168) far exceeds block count (1541); potential sync issue    
2026-08-10T05:54:13.337524Z  WARN ThreadId(20) hotstuff_runner::app: Node 1 [produce_block] queue size: 2, attempting up to 2 transactions this block    
2026-08-10T05:54:13.337638Z  WARN ThreadId(20) hotstuff_runner::app: Node 1 view(6172) far exceeds block count (1542); potential sync issue    
2026-08-10T05:54:13.525784Z  WARN ThreadId(20) hotstuff_runner::app: Node 1 [produce_block] queue size: 2, attempting up to 2 transactions this block    
2026-08-10T05:54:13.526034Z  WARN ThreadId(20) hotstuff_runner::app: Node 1 view(6176) far exceeds block count (1543); potential sync issue    
2026-08-10T05:54:13.646600Z  WARN ThreadId(20) hotstuff_runner::app: Node 1 [produce_block] queue size: 0, attempting up to 0 transactions this block    
2026-08-10T05:54:13.655787Z  WARN ThreadId(20) hotstuff_runner::app: Node 1 view(6180) far exceeds block count (1544); potential sync issue    
2026-08-10T05:54:13.796319Z  WARN ThreadId(20) hotstuff_runner::app: Node 1 [produce_block] queue size: 2, attempting up to 2 transactions this block    
2026-08-10T05:54:13.797523Z  WARN ThreadId(20) hotstuff_runner::app: Node 1 view(6184) far exceeds block count (1545); potential sync issue    
2026-08-10T05:54:13.840466Z  WARN ThreadId(08) docker_node: Low processing efficiency: 0.0% - system may need tuning
2026-08-10T05:54:13.908201Z  WARN ThreadId(20) hotstuff_runner::app: Node 1 [produce_block] queue size: 2, attempting up to 2 transactions this block    
2026-08-10T05:54:13.908425Z  WARN ThreadId(20) hotstuff_runner::app: Node 1 view(6188) far exceeds block count (1546); potential sync issue    
2026-08-10T05:54:14.137515Z  WARN ThreadId(20) hotstuff_runner::app: Node 1 [produce_block] queue size: 2, attempting up to 2 transactions this block    
2026-08-10T05:54:14.146466Z  WARN ThreadId(20) hotstuff_runner::app: Node 1 view(6192) far exceeds block count (1547); potential sync issue    
2026-08-10T05:54:14.242792Z  WARN ThreadId(20) hotstuff_runner::app: Node 1 [produce_block] queue size: 0, attempting up to 0 transactions this block    
2026-08-10T05:54:14.243514Z  WARN ThreadId(20) hotstuff_runner::app: Node 1 view(6196) far exceeds block count (1548); potential sync issue    
2026-08-10T05:54:14.342448Z  WARN ThreadId(20) hotstuff_runner::app: Node 1 [produce_block] queue size: 2, attempting up to 2 transactions this block    
2026-08-10T05:54:14.345884Z  WARN ThreadId(20) hotstuff_runner::app: Node 1 view(6200) far exceeds block count (1549); potential sync issue    
2026-08-10T05:54:14.546661Z  WARN ThreadId(20) hotstuff_runner::app: Node 1 [produce_block] queue size: 2, attempting up to 2 transactions this block    
2026-08-10T05:54:14.557284Z  WARN ThreadId(20) hotstuff_runner::app: Node 1 view(6204) far exceeds block count (1550); potential sync issue    
2026-08-10T05:54:14.673061Z  WARN ThreadId(20) hotstuff_runner::app: Node 1 [produce_block] queue size: 2, attempting up to 2 transactions this block    
2026-08-10T05:54:14.673820Z  WARN ThreadId(20) hotstuff_runner::app: Node 1 view(6208) far exceeds block count (1551); potential sync issue    
2026-08-10T05:54:14.797014Z  WARN ThreadId(20) hotstuff_runner::app: Node 1 [produce_block] queue size: 0, attempting up to 0 transactions this block    
2026-08-10T05:54:14.802275Z  WARN ThreadId(20) hotstuff_runner::app: Node 1 view(6212) far exceeds block count (1552); potential sync issue    
2026-08-10T05:54:15.007466Z  WARN ThreadId(20) hotstuff_runner::app: Node 1 [produce_block] queue size: 2, attempting up to 2 transactions this block    
2026-08-10T05:54:15.012889Z  WARN ThreadId(20) hotstuff_runner::app: Node 1 view(6216) far exceeds block count (1553); potential sync issue    
2026-08-10T05:54:15.140224Z  WARN ThreadId(20) hotstuff_runner::app: Node 1 [produce_block] queue size: 2, attempting up to 2 transactions this block    
2026-08-10T05:54:15.140941Z  WARN ThreadId(20) hotstuff_runner::app: Node 1 view(6220) far exceeds block count (1554); potential sync issue    
2026-08-10T05:54:15.220456Z  WARN ThreadId(20) hotstuff_runner::app: Node 1 [produce_block] queue size: 0, attempting up to 0 transactions this block    
2026-08-10T05:54:15.221476Z  WARN ThreadId(20) hotstuff_runner::app: Node 1 view(6224) far exceeds block count (1555); potential sync issue    
2026-08-10T05:54:15.343611Z  WARN ThreadId(20) hotstuff_runner::app: Node 1 [produce_block] queue size: 2, attempting up to 2 transactions this block    
2026-08-10T05:54:15.345064Z  WARN ThreadId(20) hotstuff_runner::app: Node 1 view(6228) far exceeds block count (1556); potential sync issue    
2026-08-10T05:54:15.502871Z  WARN ThreadId(20) hotstuff_runner::app: Node 1 [produce_block] queue size: 2, attempting up to 2 transactions this block    
2026-08-10T05:54:15.509416Z  WARN ThreadId(20) hotstuff_runner::app: Node 1 view(6232) far exceeds block count (1557); potential sync issue    
2026-08-10T05:54:15.613770Z  WARN ThreadId(20) hotstuff_runner::app: Node 1 [produce_block] queue size: 0, attempting up to 0 transactions this block    
2026-08-10T05:54:15.615359Z  WARN ThreadId(20) hotstuff_runner::app: Node 1 view(6236) far exceeds block count (1558); potential sync issue    
2026-08-10T05:54:15.761657Z  WARN ThreadId(20) hotstuff_runner::app: Node 1 [produce_block] queue size: 2, attempting up to 2 transactions this block    
2026-08-10T05:54:15.765083Z  WARN ThreadId(20) hotstuff_runner::app: Node 1 view(6240) far exceeds block count (1559); potential sync issue    
2026-08-10T05:54:15.883293Z  WARN ThreadId(20) hotstuff_runner::app: Node 1 [produce_block] queue size: 2, attempting up to 2 transactions this block    
2026-08-10T05:54:15.884310Z  WARN ThreadId(20) hotstuff_runner::app: Node 1 view(6244) far exceeds block count (1560); potential sync issue    
2026-08-10T05:54:16.025793Z  WARN ThreadId(20) hotstuff_runner::app: Node 1 [produce_block] queue size: 0, attempting up to 0 transactions this block    
2026-08-10T05:54:16.026004Z  WARN ThreadId(20) hotstuff_runner::app: Node 1 view(6248) far exceeds block count (1561); potential sync issue    
2026-08-10T05:54:16.172497Z  WARN ThreadId(20) hotstuff_runner::app: Node 1 [produce_block] queue size: 2, attempting up to 2 transactions this block    
2026-08-10T05:54:16.173782Z  WARN ThreadId(20) hotstuff_runner::app: Node 1 view(6252) far exceeds block count (1562); potential sync issue    
2026-08-10T05:54:16.316906Z  WARN ThreadId(20) hotstuff_runner::app: Node 1 [produce_block] queue size: 2, attempting up to 2 transactions this block    
2026-08-10T05:54:16.317282Z  WARN ThreadId(20) hotstuff_runner::app: Node 1 view(6256) far exceeds block count (1563); potential sync issue    
2026-08-10T05:54:16.428046Z  WARN ThreadId(20) hotstuff_runner::app: Node 1 [produce_block] queue size: 2, attempting up to 2 transactions this block    
2026-08-10T05:54:16.431594Z  WARN ThreadId(20) hotstuff_runner::app: Node 1 view(6260) far exceeds block count (1564); potential sync issue    
2026-08-10T05:54:16.543688Z  WARN ThreadId(20) hotstuff_runner::app: Node 1 [produce_block] queue size: 0, attempting up to 0 transactions this block    
2026-08-10T05:54:16.544194Z  WARN ThreadId(20) hotstuff_runner::app: Node 1 view(6264) far exceeds block count (1565); potential sync issue    
2026-08-10T05:54:16.665163Z  WARN ThreadId(20) hotstuff_runner::app: Node 1 [produce_block] queue size: 2, attempting up to 2 transactions this block    
2026-08-10T05:54:16.665402Z  WARN ThreadId(20) hotstuff_runner::app: Node 1 view(6268) far exceeds block count (1566); potential sync issue    
2026-08-10T05:54:16.780130Z  WARN ThreadId(20) hotstuff_runner::app: Node 1 [produce_block] queue size: 0, attempting up to 0 transactions this block    
2026-08-10T05:54:16.781258Z  WARN ThreadId(20) hotstuff_runner::app: Node 1 view(6272) far exceeds block count (1567); potential sync issue    
2026-08-10T05:54:16.869759Z  WARN ThreadId(20) hotstuff_runner::app: Node 1 [produce_block] queue size: 0, attempting up to 0 transactions this block    
2026-08-10T05:54:16.870555Z  WARN ThreadId(20) hotstuff_runner::app: Node 1 view(6276) far exceeds block count (1568); potential sync issue    
2026-08-10T05:54:16.985590Z  WARN ThreadId(20) hotstuff_runner::app: Node 1 [produce_block] queue size: 2, attempting up to 2 transactions this block    
2026-08-10T05:54:16.985860Z  WARN ThreadId(20) hotstuff_runner::app: Node 1 view(6280) far exceeds block count (1569); potential sync issue    
2026-08-10T05:54:17.090988Z  WARN ThreadId(20) hotstuff_runner::app: Node 1 [produce_block] queue size: 0, attempting up to 0 transactions this block    
2026-08-10T05:54:17.092286Z  WARN ThreadId(20) hotstuff_runner::app: Node 1 view(6284) far exceeds block count (1570); potential sync issue    
2026-08-10T05:54:17.198328Z  WARN ThreadId(20) hotstuff_runner::app: Node 1 [produce_block] queue size: 2, attempting up to 2 transactions this block    
2026-08-10T05:54:17.198619Z  WARN ThreadId(20) hotstuff_runner::app: Node 1 view(6288) far exceeds block count (1571); potential sync issue    
2026-08-10T05:54:17.322272Z  WARN ThreadId(20) hotstuff_runner::app: Node 1 [produce_block] queue size: 2, attempting up to 2 transactions this block    
2026-08-10T05:54:17.322921Z  WARN ThreadId(20) hotstuff_runner::app: Node 1 view(6292) far exceeds block count (1572); potential sync issue    
2026-08-10T05:54:17.393492Z  WARN ThreadId(20) hotstuff_runner::app: Node 1 [produce_block] queue size: 0, attempting up to 0 transactions this block    
2026-08-10T05:54:17.394203Z  WARN ThreadId(20) hotstuff_runner::app: Node 1 view(6296) far exceeds block count (1573); potential sync issue    
2026-08-10T05:54:17.557302Z  WARN ThreadId(20) hotstuff_runner::app: Node 1 [produce_block] queue size: 2, attempting up to 2 transactions this block    
2026-08-10T05:54:17.557588Z  WARN ThreadId(20) hotstuff_runner::app: Node 1 view(6300) far exceeds block count (1574); potential sync issue    
2026-08-10T05:54:17.641325Z  WARN ThreadId(20) hotstuff_runner::app: Node 1 [produce_block] queue size: 0, attempting up to 0 transactions this block    
2026-08-10T05:54:17.641670Z  WARN ThreadId(20) hotstuff_runner::app: Node 1 view(6304) far exceeds block count (1575); potential sync issue    
2026-08-10T05:54:17.722291Z  WARN ThreadId(20) hotstuff_runner::app: Node 1 [produce_block] queue size: 2, attempting up to 2 transactions this block    
2026-08-10T05:54:17.722405Z  WARN ThreadId(20) hotstuff_runner::app: Node 1 view(6308) far exceeds block count (1576); potential sync issue    
2026-08-10T05:54:17.883957Z  WARN ThreadId(20) hotstuff_runner::app: Node 1 [produce_block] queue size: 0, attempting up to 0 transactions this block    
2026-08-10T05:54:17.884462Z  WARN ThreadId(20) hotstuff_runner::app: Node 1 view(6312) far exceeds block count (1577); potential sync issue    
2026-08-10T05:54:17.994679Z  WARN ThreadId(20) hotstuff_runner::app: Node 1 [produce_block] queue size: 2, attempting up to 2 transactions this block    
2026-08-10T05:54:17.997480Z  WARN ThreadId(20) hotstuff_runner::app: Node 1 view(6316) far exceeds block count (1578); potential sync issue    
2026-08-10T05:54:18.129188Z  WARN ThreadId(20) hotstuff_runner::app: Node 1 [produce_block] queue size: 2, attempting up to 2 transactions this block    
2026-08-10T05:54:18.129385Z  WARN ThreadId(20) hotstuff_runner::app: Node 1 view(6320) far exceeds block count (1579); potential sync issue    
2026-08-10T05:54:18.255987Z  WARN ThreadId(20) hotstuff_runner::app: Node 1 [produce_block] queue size: 0, attempting up to 0 transactions this block    
2026-08-10T05:54:18.256756Z  WARN ThreadId(20) hotstuff_runner::app: Node 1 view(6324) far exceeds block count (1580); potential sync issue    
2026-08-10T05:54:18.391637Z  WARN ThreadId(20) hotstuff_runner::app: Node 1 [produce_block] queue size: 2, attempting up to 2 transactions this block    
2026-08-10T05:54:18.401494Z  WARN ThreadId(20) hotstuff_runner::app: Node 1 view(6328) far exceeds block count (1581); potential sync issue    
2026-08-10T05:54:18.839676Z  WARN ThreadId(06) docker_node: Low processing efficiency: 0.0% - system may need tuning
2026-08-10T05:54:18.944706Z  WARN ThreadId(20) hotstuff_runner::app: Node 1 [produce_block] queue size: 6, attempting up to 6 transactions this block    
2026-08-10T05:54:18.945861Z  WARN ThreadId(20) hotstuff_runner::app: Node 1 view(6332) far exceeds block count (1582); potential sync issue    
2026-08-10T05:54:19.076417Z  WARN ThreadId(20) hotstuff_runner::app: Node 1 [produce_block] queue size: 0, attempting up to 0 transactions this block    
2026-08-10T05:54:19.076649Z  WARN ThreadId(20) hotstuff_runner::app: Node 1 view(6336) far exceeds block count (1583); potential sync issue    
2026-08-10T05:54:19.216653Z  WARN ThreadId(20) hotstuff_runner::app: Node 1 [produce_block] queue size: 2, attempting up to 2 transactions this block    
2026-08-10T05:54:19.217855Z  WARN ThreadId(20) hotstuff_runner::app: Node 1 view(6340) far exceeds block count (1584); potential sync issue    
2026-08-10T05:54:19.434525Z  WARN ThreadId(20) hotstuff_runner::app: Node 1 [produce_block] queue size: 2, attempting up to 2 transactions this block    
2026-08-10T05:54:19.434684Z  WARN ThreadId(20) hotstuff_runner::app: Node 1 view(6344) far exceeds block count (1585); potential sync issue    
2026-08-10T05:54:19.643250Z  WARN ThreadId(20) hotstuff_runner::app: Node 1 [produce_block] queue size: 2, attempting up to 2 transactions this block    
2026-08-10T05:54:19.646046Z  WARN ThreadId(20) hotstuff_runner::app: Node 1 view(6348) far exceeds block count (1586); potential sync issue    
2026-08-10T05:54:19.955946Z  WARN ThreadId(20) hotstuff_runner::app: Node 1 [produce_block] queue size: 2, attempting up to 2 transactions this block    
2026-08-10T05:54:19.956405Z  WARN ThreadId(20) hotstuff_runner::app: Node 1 view(6352) far exceeds block count (1587); potential sync issue    
2026-08-10T05:54:20.144739Z  WARN ThreadId(20) hotstuff_runner::app: Node 1 [produce_block] queue size: 2, attempting up to 2 transactions this block    
2026-08-10T05:54:20.153639Z  WARN ThreadId(20) hotstuff_runner::app: Node 1 view(6356) far exceeds block count (1588); potential sync issue    
2026-08-10T05:54:20.306348Z  WARN ThreadId(20) hotstuff_runner::app: Node 1 [produce_block] queue size: 2, attempting up to 2 transactions this block    
2026-08-10T05:54:20.307427Z  WARN ThreadId(20) hotstuff_runner::app: Node 1 view(6360) far exceeds block count (1589); potential sync issue    
2026-08-10T05:54:20.522826Z  WARN ThreadId(20) hotstuff_runner::app: Node 1 [produce_block] queue size: 2, attempting up to 2 transactions this block    
2026-08-10T05:54:20.525913Z  WARN ThreadId(20) hotstuff_runner::app: Node 1 view(6364) far exceeds block count (1590); potential sync issue    
2026-08-10T05:54:20.844885Z  WARN ThreadId(20) hotstuff_runner::app: Node 1 [produce_block] queue size: 2, attempting up to 2 transactions this block    
2026-08-10T05:54:20.847050Z  WARN ThreadId(20) hotstuff_runner::app: Node 1 view(6368) far exceeds block count (1591); potential sync issue    
2026-08-10T05:54:21.024124Z  WARN ThreadId(20) hotstuff_runner::app: Node 1 [produce_block] queue size: 2, attempting up to 2 transactions this block    
2026-08-10T05:54:21.025908Z  WARN ThreadId(20) hotstuff_runner::app: Node 1 view(6372) far exceeds block count (1592); potential sync issue    
2026-08-10T05:54:21.172966Z  WARN ThreadId(20) hotstuff_runner::app: Node 1 [produce_block] queue size: 0, attempting up to 0 transactions this block    
2026-08-10T05:54:21.173154Z  WARN ThreadId(20) hotstuff_runner::app: Node 1 view(6376) far exceeds block count (1593); potential sync issue    
2026-08-10T05:54:21.283460Z  WARN ThreadId(20) hotstuff_runner::app: Node 1 [produce_block] queue size: 2, attempting up to 2 transactions this block    
2026-08-10T05:54:21.285488Z  WARN ThreadId(20) hotstuff_runner::app: Node 1 view(6380) far exceeds block count (1594); potential sync issue    
2026-08-10T05:54:21.391870Z  WARN ThreadId(20) hotstuff_runner::app: Node 1 [produce_block] queue size: 2, attempting up to 2 transactions this block    
2026-08-10T05:54:21.392256Z  WARN ThreadId(20) hotstuff_runner::app: Node 1 view(6384) far exceeds block count (1595); potential sync issue    
2026-08-10T05:54:21.656996Z  WARN ThreadId(20) hotstuff_runner::app: Node 1 [produce_block] queue size: 2, attempting up to 2 transactions this block    
2026-08-10T05:54:21.658281Z  WARN ThreadId(20) hotstuff_runner::app: Node 1 view(6388) far exceeds block count (1596); potential sync issue    
2026-08-10T05:54:21.795607Z  WARN ThreadId(20) hotstuff_runner::app: Node 1 [produce_block] queue size: 2, attempting up to 2 transactions this block    
2026-08-10T05:54:21.800600Z  WARN ThreadId(20) hotstuff_runner::app: Node 1 view(6392) far exceeds block count (1597); potential sync issue    
2026-08-10T05:54:21.973100Z  WARN ThreadId(20) hotstuff_runner::app: Node 1 [produce_block] queue size: 0, attempting up to 0 transactions this block    
2026-08-10T05:54:21.978306Z  WARN ThreadId(20) hotstuff_runner::app: Node 1 view(6396) far exceeds block count (1598); potential sync issue    
2026-08-10T05:54:22.128046Z  WARN ThreadId(20) hotstuff_runner::app: Node 1 [produce_block] queue size: 2, attempting up to 2 transactions this block    
2026-08-10T05:54:22.133512Z  WARN ThreadId(20) hotstuff_runner::app: Node 1 view(6400) far exceeds block count (1599); potential sync issue    
2026-08-10T05:54:22.228851Z  WARN ThreadId(20) hotstuff_runner::app: Node 1 [produce_block] queue size: 2, attempting up to 2 transactions this block    
2026-08-10T05:54:22.230397Z  WARN ThreadId(20) hotstuff_runner::app: Node 1 view(6404) far exceeds block count (1600); potential sync issue    
2026-08-10T05:54:22.334522Z  WARN ThreadId(20) hotstuff_runner::app: Node 1 [produce_block] queue size: 0, attempting up to 0 transactions this block    
2026-08-10T05:54:22.337560Z  WARN ThreadId(20) hotstuff_runner::app: Node 1 view(6408) far exceeds block count (1601); potential sync issue    
2026-08-10T05:54:22.469726Z  WARN ThreadId(20) hotstuff_runner::app: Node 1 [produce_block] queue size: 2, attempting up to 2 transactions this block    
2026-08-10T05:54:22.473007Z  WARN ThreadId(20) hotstuff_runner::app: Node 1 view(6412) far exceeds block count (1602); potential sync issue    
2026-08-10T05:54:22.586866Z  WARN ThreadId(20) hotstuff_runner::app: Node 1 [produce_block] queue size: 0, attempting up to 0 transactions this block    
2026-08-10T05:54:22.588038Z  WARN ThreadId(20) hotstuff_runner::app: Node 1 view(6416) far exceeds block count (1603); potential sync issue    
2026-08-10T05:54:22.749541Z  WARN ThreadId(20) hotstuff_runner::app: Node 1 [produce_block] queue size: 2, attempting up to 2 transactions this block    
2026-08-10T05:54:22.749862Z  WARN ThreadId(20) hotstuff_runner::app: Node 1 view(6420) far exceeds block count (1604); potential sync issue    
2026-08-10T05:54:22.829206Z  WARN ThreadId(20) hotstuff_runner::app: Node 1 [produce_block] queue size: 0, attempting up to 0 transactions this block    
2026-08-10T05:54:22.830799Z  WARN ThreadId(20) hotstuff_runner::app: Node 1 view(6424) far exceeds block count (1605); potential sync issue    
2026-08-10T05:54:22.958916Z  WARN ThreadId(20) hotstuff_runner::app: Node 1 [produce_block] queue size: 2, attempting up to 2 transactions this block    
2026-08-10T05:54:22.961387Z  WARN ThreadId(20) hotstuff_runner::app: Node 1 view(6428) far exceeds block count (1606); potential sync issue    
2026-08-10T05:54:23.109892Z  WARN ThreadId(20) hotstuff_runner::app: Node 1 [produce_block] queue size: 2, attempting up to 2 transactions this block    
2026-08-10T05:54:23.110357Z  WARN ThreadId(20) hotstuff_runner::app: Node 1 view(6432) far exceeds block count (1607); potential sync issue    
2026-08-10T05:54:23.245416Z  WARN ThreadId(20) hotstuff_runner::app: Node 1 [produce_block] queue size: 0, attempting up to 0 transactions this block    
2026-08-10T05:54:23.248780Z  WARN ThreadId(20) hotstuff_runner::app: Node 1 view(6436) far exceeds block count (1608); potential sync issue    
2026-08-10T05:54:23.356883Z  WARN ThreadId(20) hotstuff_runner::app: Node 1 [produce_block] queue size: 2, attempting up to 2 transactions this block    
2026-08-10T05:54:23.357198Z  WARN ThreadId(20) hotstuff_runner::app: Node 1 view(6440) far exceeds block count (1609); potential sync issue    
2026-08-10T05:54:23.447998Z  WARN ThreadId(20) hotstuff_runner::app: Node 1 [produce_block] queue size: 0, attempting up to 0 transactions this block    
2026-08-10T05:54:23.448275Z  WARN ThreadId(20) hotstuff_runner::app: Node 1 view(6444) far exceeds block count (1610); potential sync issue    
2026-08-10T05:54:23.552930Z  WARN ThreadId(20) hotstuff_runner::app: Node 1 [produce_block] queue size: 2, attempting up to 2 transactions this block    
2026-08-10T05:54:23.556898Z  WARN ThreadId(20) hotstuff_runner::app: Node 1 view(6448) far exceeds block count (1611); potential sync issue    
2026-08-10T05:54:23.682967Z  WARN ThreadId(20) hotstuff_runner::app: Node 1 [produce_block] queue size: 2, attempting up to 2 transactions this block    
2026-08-10T05:54:23.683968Z  WARN ThreadId(20) hotstuff_runner::app: Node 1 view(6452) far exceeds block count (1612); potential sync issue    
2026-08-10T05:54:23.828694Z  WARN ThreadId(20) hotstuff_runner::app: Node 1 [produce_block] queue size: 0, attempting up to 0 transactions this block    
2026-08-10T05:54:23.829893Z  WARN ThreadId(20) hotstuff_runner::app: Node 1 view(6456) far exceeds block count (1613); potential sync issue    
2026-08-10T05:54:23.838790Z  WARN ThreadId(06) docker_node: Low processing efficiency: 0.0% - system may need tuning
2026-08-10T05:54:23.964423Z  WARN ThreadId(20) hotstuff_runner::app: Node 1 [produce_block] queue size: 2, attempting up to 2 transactions this block    
2026-08-10T05:54:23.964748Z  WARN ThreadId(20) hotstuff_runner::app: Node 1 view(6460) far exceeds block count (1614); potential sync issue    
2026-08-10T05:54:24.222581Z  WARN ThreadId(20) hotstuff_runner::app: Node 1 [produce_block] queue size: 2, attempting up to 2 transactions this block    
2026-08-10T05:54:24.233542Z  WARN ThreadId(20) hotstuff_runner::app: Node 1 view(6464) far exceeds block count (1615); potential sync issue    
2026-08-10T05:54:24.446391Z  WARN ThreadId(20) hotstuff_runner::app: Node 1 [produce_block] queue size: 2, attempting up to 2 transactions this block    
2026-08-10T05:54:24.446878Z  WARN ThreadId(20) hotstuff_runner::app: Node 1 view(6468) far exceeds block count (1616); potential sync issue    
2026-08-10T05:54:24.662641Z  WARN ThreadId(20) hotstuff_runner::app: Node 1 [produce_block] queue size: 2, attempting up to 2 transactions this block    
2026-08-10T05:54:24.678456Z  WARN ThreadId(20) hotstuff_runner::app: Node 1 view(6472) far exceeds block count (1617); potential sync issue    
2026-08-10T05:54:24.758805Z  WARN ThreadId(20) hotstuff_runner::app: Node 1 [produce_block] queue size: 2, attempting up to 2 transactions this block    
2026-08-10T05:54:24.759830Z  WARN ThreadId(20) hotstuff_runner::app: Node 1 view(6476) far exceeds block count (1618); potential sync issue    
2026-08-10T05:54:25.002038Z  WARN ThreadId(20) hotstuff_runner::app: Node 1 [produce_block] queue size: 2, attempting up to 2 transactions this block    
2026-08-10T05:54:25.009464Z  WARN ThreadId(20) hotstuff_runner::app: Node 1 view(6480) far exceeds block count (1619); potential sync issue    
2026-08-10T05:54:25.177103Z  WARN ThreadId(20) hotstuff_runner::app: Node 1 [produce_block] queue size: 2, attempting up to 2 transactions this block    
2026-08-10T05:54:25.177912Z  WARN ThreadId(20) hotstuff_runner::app: Node 1 view(6484) far exceeds block count (1620); potential sync issue    
2026-08-10T05:54:25.354342Z  WARN ThreadId(20) hotstuff_runner::app: Node 1 [produce_block] queue size: 2, attempting up to 2 transactions this block    
2026-08-10T05:54:25.357787Z  WARN ThreadId(20) hotstuff_runner::app: Node 1 view(6488) far exceeds block count (1621); potential sync issue    
2026-08-10T05:54:25.511377Z  WARN ThreadId(20) hotstuff_runner::app: Node 1 [produce_block] queue size: 2, attempting up to 2 transactions this block    
2026-08-10T05:54:25.518760Z  WARN ThreadId(20) hotstuff_runner::app: Node 1 view(6492) far exceeds block count (1622); potential sync issue    
2026-08-10T05:54:25.607051Z  WARN ThreadId(20) hotstuff_runner::app: Node 1 [produce_block] queue size: 0, attempting up to 0 transactions this block    
2026-08-10T05:54:25.607182Z  WARN ThreadId(20) hotstuff_runner::app: Node 1 view(6496) far exceeds block count (1623); potential sync issue    
2026-08-10T05:54:25.697039Z  WARN ThreadId(20) hotstuff_runner::app: Node 1 [produce_block] queue size: 2, attempting up to 2 transactions this block    
2026-08-10T05:54:25.697882Z  WARN ThreadId(20) hotstuff_runner::app: Node 1 view(6500) far exceeds block count (1624); potential sync issue    
2026-08-10T05:54:25.798841Z  WARN ThreadId(20) hotstuff_runner::app: Node 1 [produce_block] queue size: 0, attempting up to 0 transactions this block    
2026-08-10T05:54:25.801676Z  WARN ThreadId(20) hotstuff_runner::app: Node 1 view(6504) far exceeds block count (1625); potential sync issue    
2026-08-10T05:54:25.968471Z  WARN ThreadId(20) hotstuff_runner::app: Node 1 [produce_block] queue size: 2, attempting up to 2 transactions this block    
2026-08-10T05:54:25.968641Z  WARN ThreadId(20) hotstuff_runner::app: Node 1 view(6508) far exceeds block count (1626); potential sync issue    
2026-08-10T05:54:26.207886Z  WARN ThreadId(20) hotstuff_runner::app: Node 1 [produce_block] queue size: 4, attempting up to 4 transactions this block    
2026-08-10T05:54:26.208164Z  WARN ThreadId(20) hotstuff_runner::app: Node 1 view(6512) far exceeds block count (1627); potential sync issue    
2026-08-10T05:54:26.361329Z  WARN ThreadId(20) hotstuff_runner::app: Node 1 [produce_block] queue size: 0, attempting up to 0 transactions this block    
2026-08-10T05:54:26.361504Z  WARN ThreadId(20) hotstuff_runner::app: Node 1 view(6516) far exceeds block count (1628); potential sync issue    
2026-08-10T05:54:26.526191Z  WARN ThreadId(20) hotstuff_runner::app: Node 1 [produce_block] queue size: 2, attempting up to 2 transactions this block    
2026-08-10T05:54:26.534554Z  WARN ThreadId(20) hotstuff_runner::app: Node 1 view(6520) far exceeds block count (1629); potential sync issue    
2026-08-10T05:54:26.673790Z  WARN ThreadId(20) hotstuff_runner::app: Node 1 [produce_block] queue size: 2, attempting up to 2 transactions this block    
2026-08-10T05:54:26.678245Z  WARN ThreadId(20) hotstuff_runner::app: Node 1 view(6524) far exceeds block count (1630); potential sync issue    
2026-08-10T05:54:26.796745Z  WARN ThreadId(20) hotstuff_runner::app: Node 1 [produce_block] queue size: 0, attempting up to 0 transactions this block    
2026-08-10T05:54:26.797054Z  WARN ThreadId(20) hotstuff_runner::app: Node 1 view(6528) far exceeds block count (1631); potential sync issue    
2026-08-10T05:54:26.932016Z  WARN ThreadId(20) hotstuff_runner::app: Node 1 [produce_block] queue size: 2, attempting up to 2 transactions this block    
2026-08-10T05:54:26.943161Z  WARN ThreadId(20) hotstuff_runner::app: Node 1 view(6532) far exceeds block count (1632); potential sync issue    
2026-08-10T05:54:27.116826Z  WARN ThreadId(20) hotstuff_runner::app: Node 1 [produce_block] queue size: 2, attempting up to 2 transactions this block    
2026-08-10T05:54:27.117531Z  WARN ThreadId(20) hotstuff_runner::app: Node 1 view(6536) far exceeds block count (1633); potential sync issue    
2026-08-10T05:54:27.237561Z  WARN ThreadId(20) hotstuff_runner::app: Node 1 [produce_block] queue size: 0, attempting up to 0 transactions this block    
2026-08-10T05:54:27.237743Z  WARN ThreadId(20) hotstuff_runner::app: Node 1 view(6540) far exceeds block count (1634); potential sync issue    
2026-08-10T05:54:27.333873Z  WARN ThreadId(20) hotstuff_runner::app: Node 1 [produce_block] queue size: 2, attempting up to 2 transactions this block    
2026-08-10T05:54:27.334321Z  WARN ThreadId(20) hotstuff_runner::app: Node 1 view(6544) far exceeds block count (1635); potential sync issue    
2026-08-10T05:54:27.421080Z  WARN ThreadId(20) hotstuff_runner::app: Node 1 [produce_block] queue size: 0, attempting up to 0 transactions this block    
2026-08-10T05:54:27.422636Z  WARN ThreadId(20) hotstuff_runner::app: Node 1 view(6548) far exceeds block count (1636); potential sync issue    
2026-08-10T05:54:27.563406Z  WARN ThreadId(20) hotstuff_runner::app: Node 1 [produce_block] queue size: 2, attempting up to 2 transactions this block    
2026-08-10T05:54:27.569594Z  WARN ThreadId(20) hotstuff_runner::app: Node 1 view(6552) far exceeds block count (1637); potential sync issue    
2026-08-10T05:54:27.679310Z  WARN ThreadId(20) hotstuff_runner::app: Node 1 [produce_block] queue size: 0, attempting up to 0 transactions this block    
2026-08-10T05:54:27.686484Z  WARN ThreadId(20) hotstuff_runner::app: Node 1 view(6556) far exceeds block count (1638); potential sync issue    
2026-08-10T05:54:27.813374Z  WARN ThreadId(20) hotstuff_runner::app: Node 1 [produce_block] queue size: 2, attempting up to 2 transactions this block    
2026-08-10T05:54:27.817257Z  WARN ThreadId(20) hotstuff_runner::app: Node 1 view(6560) far exceeds block count (1639); potential sync issue    
2026-08-10T05:54:28.098464Z  WARN ThreadId(20) hotstuff_runner::app: Node 1 [produce_block] queue size: 4, attempting up to 4 transactions this block    
2026-08-10T05:54:28.103603Z  WARN ThreadId(20) hotstuff_runner::app: Node 1 view(6564) far exceeds block count (1640); potential sync issue    
2026-08-10T05:54:28.317946Z  WARN ThreadId(20) hotstuff_runner::app: Node 1 [produce_block] queue size: 2, attempting up to 2 transactions this block    
2026-08-10T05:54:28.319152Z  WARN ThreadId(20) hotstuff_runner::app: Node 1 view(6568) far exceeds block count (1641); potential sync issue    
2026-08-10T05:54:28.437059Z  WARN ThreadId(20) hotstuff_runner::app: Node 1 [produce_block] queue size: 0, attempting up to 0 transactions this block    
2026-08-10T05:54:28.437404Z  WARN ThreadId(20) hotstuff_runner::app: Node 1 view(6572) far exceeds block count (1642); potential sync issue    
2026-08-10T05:54:28.712075Z  WARN ThreadId(20) hotstuff_runner::app: Node 1 [produce_block] queue size: 2, attempting up to 2 transactions this block    
2026-08-10T05:54:28.712603Z  WARN ThreadId(20) hotstuff_runner::app: Node 1 view(6576) far exceeds block count (1643); potential sync issue    
2026-08-10T05:54:28.839638Z  WARN ThreadId(03) docker_node: Low processing efficiency: 0.0% - system may need tuning
2026-08-10T05:54:28.849486Z  WARN ThreadId(20) hotstuff_runner::app: Node 1 [produce_block] queue size: 2, attempting up to 2 transactions this block    
2026-08-10T05:54:28.850582Z  WARN ThreadId(20) hotstuff_runner::app: Node 1 view(6580) far exceeds block count (1644); potential sync issue    
2026-08-10T05:54:29.036262Z  WARN ThreadId(20) hotstuff_runner::app: Node 1 [produce_block] queue size: 2, attempting up to 2 transactions this block    
2026-08-10T05:54:29.036539Z  WARN ThreadId(20) hotstuff_runner::app: Node 1 view(6584) far exceeds block count (1645); potential sync issue    
2026-08-10T05:54:29.137256Z  WARN ThreadId(20) hotstuff_runner::app: Node 1 [produce_block] queue size: 0, attempting up to 0 transactions this block    
2026-08-10T05:54:29.153732Z  WARN ThreadId(20) hotstuff_runner::app: Node 1 view(6588) far exceeds block count (1646); potential sync issue    
2026-08-10T05:54:29.256240Z  WARN ThreadId(20) hotstuff_runner::app: Node 1 [produce_block] queue size: 2, attempting up to 2 transactions this block    
2026-08-10T05:54:29.256577Z  WARN ThreadId(20) hotstuff_runner::app: Node 1 view(6592) far exceeds block count (1647); potential sync issue    
2026-08-10T05:54:29.402481Z  WARN ThreadId(20) hotstuff_runner::app: Node 1 [produce_block] queue size: 2, attempting up to 2 transactions this block    
2026-08-10T05:54:29.402690Z  WARN ThreadId(20) hotstuff_runner::app: Node 1 view(6596) far exceeds block count (1648); potential sync issue    
2026-08-10T05:54:29.545974Z  WARN ThreadId(20) hotstuff_runner::app: Node 1 [produce_block] queue size: 2, attempting up to 2 transactions this block    
2026-08-10T05:54:29.547048Z  WARN ThreadId(20) hotstuff_runner::app: Node 1 view(6600) far exceeds block count (1649); potential sync issue    
2026-08-10T05:54:29.747613Z  WARN ThreadId(20) hotstuff_runner::app: Node 1 [produce_block] queue size: 2, attempting up to 2 transactions this block    
2026-08-10T05:54:29.747771Z  WARN ThreadId(20) hotstuff_runner::app: Node 1 view(6604) far exceeds block count (1650); potential sync issue    
2026-08-10T05:54:29.965163Z  WARN ThreadId(20) hotstuff_runner::app: Node 1 [produce_block] queue size: 2, attempting up to 2 transactions this block    
2026-08-10T05:54:29.967260Z  WARN ThreadId(20) hotstuff_runner::app: Node 1 view(6608) far exceeds block count (1651); potential sync issue    
2026-08-10T05:54:30.173925Z  WARN ThreadId(20) hotstuff_runner::app: Node 1 [produce_block] queue size: 2, attempting up to 2 transactions this block    
2026-08-10T05:54:30.176289Z  WARN ThreadId(20) hotstuff_runner::app: Node 1 view(6612) far exceeds block count (1652); potential sync issue    
2026-08-10T05:54:30.364052Z  WARN ThreadId(20) hotstuff_runner::app: Node 1 [produce_block] queue size: 2, attempting up to 2 transactions this block    
2026-08-10T05:54:30.364315Z  WARN ThreadId(20) hotstuff_runner::app: Node 1 view(6616) far exceeds block count (1653); potential sync issue    
2026-08-10T05:54:30.476353Z  WARN ThreadId(20) hotstuff_runner::app: Node 1 [produce_block] queue size: 2, attempting up to 2 transactions this block    
2026-08-10T05:54:30.476584Z  WARN ThreadId(20) hotstuff_runner::app: Node 1 view(6620) far exceeds block count (1654); potential sync issue    
2026-08-10T05:54:30.578291Z  WARN ThreadId(20) hotstuff_runner::app: Node 1 [produce_block] queue size: 0, attempting up to 0 transactions this block    
2026-08-10T05:54:30.578531Z  WARN ThreadId(20) hotstuff_runner::app: Node 1 view(6624) far exceeds block count (1655); potential sync issue    
2026-08-10T05:54:30.712125Z  WARN ThreadId(20) hotstuff_runner::app: Node 1 [produce_block] queue size: 2, attempting up to 2 transactions this block    
2026-08-10T05:54:30.713744Z  WARN ThreadId(20) hotstuff_runner::app: Node 1 view(6628) far exceeds block count (1656); potential sync issue    
2026-08-10T05:54:30.828808Z  WARN ThreadId(20) hotstuff_runner::app: Node 1 [produce_block] queue size: 0, attempting up to 0 transactions this block    
2026-08-10T05:54:30.829276Z  WARN ThreadId(20) hotstuff_runner::app: Node 1 view(6632) far exceeds block count (1657); potential sync issue    
2026-08-10T05:54:31.018289Z  WARN ThreadId(20) hotstuff_runner::app: Node 1 [produce_block] queue size: 2, attempting up to 2 transactions this block    
2026-08-10T05:54:31.018736Z  WARN ThreadId(20) hotstuff_runner::app: Node 1 view(6636) far exceeds block count (1658); potential sync issue    
2026-08-10T05:54:31.087068Z  WARN ThreadId(20) hotstuff_runner::app: Node 1 [produce_block] queue size: 0, attempting up to 0 transactions this block    
2026-08-10T05:54:31.089494Z  WARN ThreadId(20) hotstuff_runner::app: Node 1 view(6640) far exceeds block count (1659); potential sync issue    
2026-08-10T05:54:31.179112Z  WARN ThreadId(20) hotstuff_runner::app: Node 1 [produce_block] queue size: 2, attempting up to 2 transactions this block    
2026-08-10T05:54:31.180171Z  WARN ThreadId(20) hotstuff_runner::app: Node 1 view(6644) far exceeds block count (1660); potential sync issue    
2026-08-10T05:54:31.274284Z  WARN ThreadId(20) hotstuff_runner::app: Node 1 [produce_block] queue size: 0, attempting up to 0 transactions this block    
2026-08-10T05:54:31.274415Z  WARN ThreadId(20) hotstuff_runner::app: Node 1 view(6648) far exceeds block count (1661); potential sync issue    
2026-08-10T05:54:31.411741Z  WARN ThreadId(20) hotstuff_runner::app: Node 1 [produce_block] queue size: 2, attempting up to 2 transactions this block    
2026-08-10T05:54:31.411918Z  WARN ThreadId(20) hotstuff_runner::app: Node 1 view(6652) far exceeds block count (1662); potential sync issue    
2026-08-10T05:54:31.559902Z  WARN ThreadId(20) hotstuff_runner::app: Node 1 [produce_block] queue size: 2, attempting up to 2 transactions this block    
2026-08-10T05:54:31.564062Z  WARN ThreadId(20) hotstuff_runner::app: Node 1 view(6656) far exceeds block count (1663); potential sync issue    
2026-08-10T05:54:31.702478Z  WARN ThreadId(20) hotstuff_runner::app: Node 1 [produce_block] queue size: 0, attempting up to 0 transactions this block    
2026-08-10T05:54:31.704812Z  WARN ThreadId(20) hotstuff_runner::app: Node 1 view(6660) far exceeds block count (1664); potential sync issue    
2026-08-10T05:54:31.874748Z  WARN ThreadId(20) hotstuff_runner::app: Node 1 [produce_block] queue size: 2, attempting up to 2 transactions this block    
2026-08-10T05:54:31.875545Z  WARN ThreadId(20) hotstuff_runner::app: Node 1 view(6664) far exceeds block count (1665); potential sync issue    
2026-08-10T05:54:32.033601Z  WARN ThreadId(20) hotstuff_runner::app: Node 1 [produce_block] queue size: 2, attempting up to 2 transactions this block    
2026-08-10T05:54:32.036826Z  WARN ThreadId(20) hotstuff_runner::app: Node 1 view(6668) far exceeds block count (1666); potential sync issue    
2026-08-10T05:54:32.164487Z  WARN ThreadId(20) hotstuff_runner::app: Node 1 [produce_block] queue size: 2, attempting up to 2 transactions this block    
2026-08-10T05:54:32.168304Z  WARN ThreadId(20) hotstuff_runner::app: Node 1 view(6672) far exceeds block count (1667); potential sync issue    
2026-08-10T05:54:32.346032Z  WARN ThreadId(20) hotstuff_runner::app: Node 1 [produce_block] queue size: 0, attempting up to 0 transactions this block    
2026-08-10T05:54:32.346383Z  WARN ThreadId(20) hotstuff_runner::app: Node 1 view(6676) far exceeds block count (1668); potential sync issue    
2026-08-10T05:54:32.475909Z  WARN ThreadId(20) hotstuff_runner::app: Node 1 [produce_block] queue size: 2, attempting up to 2 transactions this block    
2026-08-10T05:54:32.476076Z  WARN ThreadId(20) hotstuff_runner::app: Node 1 view(6680) far exceeds block count (1669); potential sync issue    
2026-08-10T05:54:32.672769Z  WARN ThreadId(20) hotstuff_runner::app: Node 1 [produce_block] queue size: 2, attempting up to 2 transactions this block    
2026-08-10T05:54:32.673084Z  WARN ThreadId(20) hotstuff_runner::app: Node 1 view(6684) far exceeds block count (1670); potential sync issue    
2026-08-10T05:54:32.791279Z  WARN ThreadId(20) hotstuff_runner::app: Node 1 [produce_block] queue size: 0, attempting up to 0 transactions this block    
2026-08-10T05:54:32.793869Z  WARN ThreadId(20) hotstuff_runner::app: Node 1 view(6688) far exceeds block count (1671); potential sync issue    
2026-08-10T05:54:32.888015Z  WARN ThreadId(20) hotstuff_runner::app: Node 1 [produce_block] queue size: 2, attempting up to 2 transactions this block    
2026-08-10T05:54:32.888248Z  WARN ThreadId(20) hotstuff_runner::app: Node 1 view(6692) far exceeds block count (1672); potential sync issue    
2026-08-10T05:54:33.015276Z  WARN ThreadId(20) hotstuff_runner::app: Node 1 [produce_block] queue size: 2, attempting up to 2 transactions this block    
2026-08-10T05:54:33.015524Z  WARN ThreadId(20) hotstuff_runner::app: Node 1 view(6696) far exceeds block count (1673); potential sync issue    
2026-08-10T05:54:33.178774Z  WARN ThreadId(20) hotstuff_runner::app: Node 1 [produce_block] queue size: 0, attempting up to 0 transactions this block    
2026-08-10T05:54:33.182106Z  WARN ThreadId(20) hotstuff_runner::app: Node 1 view(6700) far exceeds block count (1674); potential sync issue    
2026-08-10T05:54:33.327517Z  WARN ThreadId(20) hotstuff_runner::app: Node 1 [produce_block] queue size: 2, attempting up to 2 transactions this block    
2026-08-10T05:54:33.327735Z  WARN ThreadId(20) hotstuff_runner::app: Node 1 view(6704) far exceeds block count (1675); potential sync issue    
2026-08-10T05:54:33.420992Z  WARN ThreadId(20) hotstuff_runner::app: Node 1 [produce_block] queue size: 2, attempting up to 2 transactions this block    
2026-08-10T05:54:33.423426Z  WARN ThreadId(20) hotstuff_runner::app: Node 1 view(6708) far exceeds block count (1676); potential sync issue    
2026-08-10T05:54:33.549477Z  WARN ThreadId(20) hotstuff_runner::app: Node 1 [produce_block] queue size: 0, attempting up to 0 transactions this block    
2026-08-10T05:54:33.549942Z  WARN ThreadId(20) hotstuff_runner::app: Node 1 view(6712) far exceeds block count (1677); potential sync issue    
2026-08-10T05:54:33.711051Z  WARN ThreadId(20) hotstuff_runner::app: Node 1 [produce_block] queue size: 2, attempting up to 2 transactions this block    
2026-08-10T05:54:33.711880Z  WARN ThreadId(20) hotstuff_runner::app: Node 1 view(6716) far exceeds block count (1678); potential sync issue    
2026-08-10T05:54:33.841379Z  WARN ThreadId(06) docker_node: Low processing efficiency: 0.0% - system may need tuning
2026-08-10T05:54:33.956701Z  WARN ThreadId(20) hotstuff_runner::app: Node 1 [produce_block] queue size: 2, attempting up to 2 transactions this block    
2026-08-10T05:54:33.961703Z  WARN ThreadId(20) hotstuff_runner::app: Node 1 view(6720) far exceeds block count (1679); potential sync issue    
2026-08-10T05:54:34.113801Z  WARN ThreadId(20) hotstuff_runner::app: Node 1 [produce_block] queue size: 2, attempting up to 2 transactions this block    
2026-08-10T05:54:34.117968Z  WARN ThreadId(20) hotstuff_runner::app: Node 1 view(6724) far exceeds block count (1680); potential sync issue    
2026-08-10T05:54:34.299393Z  WARN ThreadId(20) hotstuff_runner::app: Node 1 [produce_block] queue size: 2, attempting up to 2 transactions this block    
2026-08-10T05:54:34.304676Z  WARN ThreadId(20) hotstuff_runner::app: Node 1 view(6728) far exceeds block count (1681); potential sync issue    
2026-08-10T05:54:34.432713Z  WARN ThreadId(20) hotstuff_runner::app: Node 1 [produce_block] queue size: 2, attempting up to 2 transactions this block    
2026-08-10T05:54:34.437086Z  WARN ThreadId(20) hotstuff_runner::app: Node 1 view(6732) far exceeds block count (1682); potential sync issue    
2026-08-10T05:54:34.681604Z  WARN ThreadId(20) hotstuff_runner::app: Node 1 [produce_block] queue size: 2, attempting up to 2 transactions this block    
2026-08-10T05:54:34.682722Z  WARN ThreadId(20) hotstuff_runner::app: Node 1 view(6736) far exceeds block count (1683); potential sync issue    
2026-08-10T05:54:34.805539Z  WARN ThreadId(20) hotstuff_runner::app: Node 1 [produce_block] queue size: 0, attempting up to 0 transactions this block    
2026-08-10T05:54:34.806156Z  WARN ThreadId(20) hotstuff_runner::app: Node 1 view(6740) far exceeds block count (1684); potential sync issue    
2026-08-10T05:54:34.956108Z  WARN ThreadId(20) hotstuff_runner::app: Node 1 [produce_block] queue size: 2, attempting up to 2 transactions this block    
2026-08-10T05:54:34.959160Z  WARN ThreadId(20) hotstuff_runner::app: Node 1 view(6744) far exceeds block count (1685); potential sync issue    
2026-08-10T05:54:35.126198Z  WARN ThreadId(20) hotstuff_runner::app: Node 1 [produce_block] queue size: 2, attempting up to 2 transactions this block    
2026-08-10T05:54:35.128353Z  WARN ThreadId(20) hotstuff_runner::app: Node 1 view(6748) far exceeds block count (1686); potential sync issue    
2026-08-10T05:54:35.295931Z  WARN ThreadId(20) hotstuff_runner::app: Node 1 [produce_block] queue size: 0, attempting up to 0 transactions this block    
2026-08-10T05:54:35.299586Z  WARN ThreadId(20) hotstuff_runner::app: Node 1 view(6752) far exceeds block count (1687); potential sync issue    
2026-08-10T05:54:35.394155Z  WARN ThreadId(20) hotstuff_runner::app: Node 1 [produce_block] queue size: 0, attempting up to 0 transactions this block    
2026-08-10T05:54:35.398327Z  WARN ThreadId(20) hotstuff_runner::app: Node 1 view(6756) far exceeds block count (1688); potential sync issue    
2026-08-10T05:54:35.571511Z  WARN ThreadId(20) hotstuff_runner::app: Node 1 [produce_block] queue size: 2, attempting up to 2 transactions this block    
2026-08-10T05:54:35.572197Z  WARN ThreadId(20) hotstuff_runner::app: Node 1 view(6760) far exceeds block count (1689); potential sync issue    
2026-08-10T05:54:35.738050Z  WARN ThreadId(20) hotstuff_runner::app: Node 1 [produce_block] queue size: 2, attempting up to 2 transactions this block    
2026-08-10T05:54:35.738834Z  WARN ThreadId(20) hotstuff_runner::app: Node 1 view(6764) far exceeds block count (1690); potential sync issue    
2026-08-10T05:54:35.909624Z  WARN ThreadId(20) hotstuff_runner::app: Node 1 [produce_block] queue size: 2, attempting up to 2 transactions this block    
2026-08-10T05:54:35.924335Z  WARN ThreadId(20) hotstuff_runner::app: Node 1 view(6768) far exceeds block count (1691); potential sync issue    
2026-08-10T05:54:36.067928Z  WARN ThreadId(20) hotstuff_runner::app: Node 1 [produce_block] queue size: 0, attempting up to 0 transactions this block    
2026-08-10T05:54:36.068143Z  WARN ThreadId(20) hotstuff_runner::app: Node 1 view(6772) far exceeds block count (1692); potential sync issue    
2026-08-10T05:54:36.272308Z  WARN ThreadId(20) hotstuff_runner::app: Node 1 [produce_block] queue size: 2, attempting up to 2 transactions this block    
2026-08-10T05:54:36.272549Z  WARN ThreadId(20) hotstuff_runner::app: Node 1 view(6776) far exceeds block count (1693); potential sync issue    
2026-08-10T05:54:36.414767Z  WARN ThreadId(20) hotstuff_runner::app: Node 1 [produce_block] queue size: 2, attempting up to 2 transactions this block    
2026-08-10T05:54:36.422878Z  WARN ThreadId(20) hotstuff_runner::app: Node 1 view(6780) far exceeds block count (1694); potential sync issue    
2026-08-10T05:54:36.693273Z  WARN ThreadId(20) hotstuff_runner::app: Node 1 [produce_block] queue size: 2, attempting up to 2 transactions this block    
2026-08-10T05:54:36.693438Z  WARN ThreadId(20) hotstuff_runner::app: Node 1 view(6784) far exceeds block count (1695); potential sync issue    
2026-08-10T05:54:36.863349Z  WARN ThreadId(20) hotstuff_runner::app: Node 1 [produce_block] queue size: 2, attempting up to 2 transactions this block    
2026-08-10T05:54:36.863879Z  WARN ThreadId(20) hotstuff_runner::app: Node 1 view(6788) far exceeds block count (1696); potential sync issue    
2026-08-10T05:54:36.993777Z  WARN ThreadId(20) hotstuff_runner::app: Node 1 [produce_block] queue size: 2, attempting up to 2 transactions this block    
2026-08-10T05:54:36.994010Z  WARN ThreadId(20) hotstuff_runner::app: Node 1 view(6792) far exceeds block count (1697); potential sync issue    
2026-08-10T05:54:37.148469Z  WARN ThreadId(20) hotstuff_runner::app: Node 1 [produce_block] queue size: 2, attempting up to 2 transactions this block    
2026-08-10T05:54:37.150966Z  WARN ThreadId(20) hotstuff_runner::app: Node 1 view(6796) far exceeds block count (1698); potential sync issue    
2026-08-10T05:54:37.356855Z  WARN ThreadId(20) hotstuff_runner::app: Node 1 [produce_block] queue size: 2, attempting up to 2 transactions this block    
2026-08-10T05:54:37.357083Z  WARN ThreadId(20) hotstuff_runner::app: Node 1 view(6800) far exceeds block count (1699); potential sync issue    
2026-08-10T05:54:37.509272Z  WARN ThreadId(20) hotstuff_runner::app: Node 1 [produce_block] queue size: 2, attempting up to 2 transactions this block    
2026-08-10T05:54:37.515519Z  WARN ThreadId(20) hotstuff_runner::app: Node 1 view(6804) far exceeds block count (1700); potential sync issue    
2026-08-10T05:54:37.596267Z  WARN ThreadId(20) hotstuff_runner::app: Node 1 [produce_block] queue size: 0, attempting up to 0 transactions this block    
2026-08-10T05:54:37.599959Z  WARN ThreadId(20) hotstuff_runner::app: Node 1 view(6808) far exceeds block count (1701); potential sync issue    
2026-08-10T05:54:37.748396Z  WARN ThreadId(20) hotstuff_runner::app: Node 1 [produce_block] queue size: 2, attempting up to 2 transactions this block    
2026-08-10T05:54:37.749036Z  WARN ThreadId(20) hotstuff_runner::app: Node 1 view(6812) far exceeds block count (1702); potential sync issue    
2026-08-10T05:54:37.894520Z  WARN ThreadId(20) hotstuff_runner::app: Node 1 [produce_block] queue size: 2, attempting up to 2 transactions this block    
2026-08-10T05:54:37.895301Z  WARN ThreadId(20) hotstuff_runner::app: Node 1 view(6816) far exceeds block count (1703); potential sync issue    
2026-08-10T05:54:38.026125Z  WARN ThreadId(20) hotstuff_runner::app: Node 1 [produce_block] queue size: 0, attempting up to 0 transactions this block    
2026-08-10T05:54:38.026487Z  WARN ThreadId(20) hotstuff_runner::app: Node 1 view(6820) far exceeds block count (1704); potential sync issue    
2026-08-10T05:54:38.164723Z  WARN ThreadId(20) hotstuff_runner::app: Node 1 [produce_block] queue size: 2, attempting up to 2 transactions this block    
2026-08-10T05:54:38.165642Z  WARN ThreadId(20) hotstuff_runner::app: Node 1 view(6824) far exceeds block count (1705); potential sync issue    
2026-08-10T05:54:38.317889Z  WARN ThreadId(20) hotstuff_runner::app: Node 1 [produce_block] queue size: 2, attempting up to 2 transactions this block    
2026-08-10T05:54:38.318149Z  WARN ThreadId(20) hotstuff_runner::app: Node 1 view(6828) far exceeds block count (1706); potential sync issue    
2026-08-10T05:54:38.500205Z  WARN ThreadId(20) hotstuff_runner::app: Node 1 [produce_block] queue size: 0, attempting up to 0 transactions this block    
2026-08-10T05:54:38.500625Z  WARN ThreadId(20) hotstuff_runner::app: Node 1 view(6832) far exceeds block count (1707); potential sync issue    
2026-08-10T05:54:38.623267Z  WARN ThreadId(20) hotstuff_runner::app: Node 1 [produce_block] queue size: 2, attempting up to 2 transactions this block    
2026-08-10T05:54:38.623592Z  WARN ThreadId(20) hotstuff_runner::app: Node 1 view(6836) far exceeds block count (1708); potential sync issue    
2026-08-10T05:54:38.788983Z  WARN ThreadId(20) hotstuff_runner::app: Node 1 [produce_block] queue size: 2, attempting up to 2 transactions this block    
2026-08-10T05:54:38.794785Z  WARN ThreadId(20) hotstuff_runner::app: Node 1 view(6840) far exceeds block count (1709); potential sync issue    
2026-08-10T05:54:38.842317Z  WARN ThreadId(07) docker_node: Low processing efficiency: 0.0% - system may need tuning
2026-08-10T05:54:38.968046Z  WARN ThreadId(20) hotstuff_runner::app: Node 1 [produce_block] queue size: 2, attempting up to 2 transactions this block    
2026-08-10T05:54:38.968194Z  WARN ThreadId(20) hotstuff_runner::app: Node 1 view(6844) far exceeds block count (1710); potential sync issue    
2026-08-10T05:54:39.177811Z  WARN ThreadId(20) hotstuff_runner::app: Node 1 [produce_block] queue size: 2, attempting up to 2 transactions this block    
2026-08-10T05:54:39.178274Z  WARN ThreadId(20) hotstuff_runner::app: Node 1 view(6848) far exceeds block count (1711); potential sync issue    
2026-08-10T05:54:39.376271Z  WARN ThreadId(20) hotstuff_runner::app: Node 1 [produce_block] queue size: 2, attempting up to 2 transactions this block    
2026-08-10T05:54:39.378054Z  WARN ThreadId(20) hotstuff_runner::app: Node 1 view(6852) far exceeds block count (1712); potential sync issue    
2026-08-10T05:54:39.579868Z  WARN ThreadId(20) hotstuff_runner::app: Node 1 [produce_block] queue size: 2, attempting up to 2 transactions this block    
2026-08-10T05:54:39.580083Z  WARN ThreadId(20) hotstuff_runner::app: Node 1 view(6856) far exceeds block count (1713); potential sync issue    
2026-08-10T05:54:39.732493Z  WARN ThreadId(20) hotstuff_runner::app: Node 1 [produce_block] queue size: 0, attempting up to 0 transactions this block    
2026-08-10T05:54:39.736695Z  WARN ThreadId(20) hotstuff_runner::app: Node 1 view(6860) far exceeds block count (1714); potential sync issue    
2026-08-10T05:54:39.957783Z  WARN ThreadId(20) hotstuff_runner::app: Node 1 [produce_block] queue size: 4, attempting up to 4 transactions this block    
2026-08-10T05:54:39.962389Z  WARN ThreadId(20) hotstuff_runner::app: Node 1 view(6864) far exceeds block count (1715); potential sync issue    
2026-08-10T05:54:40.129965Z  WARN ThreadId(20) hotstuff_runner::app: Node 1 [produce_block] queue size: 0, attempting up to 0 transactions this block    
2026-08-10T05:54:40.135189Z  WARN ThreadId(20) hotstuff_runner::app: Node 1 view(6868) far exceeds block count (1716); potential sync issue    
2026-08-10T05:54:40.328555Z  WARN ThreadId(20) hotstuff_runner::app: Node 1 [produce_block] queue size: 4, attempting up to 4 transactions this block    
2026-08-10T05:54:40.339825Z  WARN ThreadId(20) hotstuff_runner::app: Node 1 view(6872) far exceeds block count (1717); potential sync issue    
2026-08-10T05:54:40.462250Z  WARN ThreadId(20) hotstuff_runner::app: Node 1 [produce_block] queue size: 0, attempting up to 0 transactions this block    
2026-08-10T05:54:40.462673Z  WARN ThreadId(20) hotstuff_runner::app: Node 1 view(6876) far exceeds block count (1718); potential sync issue    
2026-08-10T05:54:40.644746Z  WARN ThreadId(20) hotstuff_runner::app: Node 1 [produce_block] queue size: 2, attempting up to 2 transactions this block    
2026-08-10T05:54:40.650003Z  WARN ThreadId(20) hotstuff_runner::app: Node 1 view(6880) far exceeds block count (1719); potential sync issue    
2026-08-10T05:54:40.750426Z  WARN ThreadId(20) hotstuff_runner::app: Node 1 [produce_block] queue size: 2, attempting up to 2 transactions this block    
2026-08-10T05:54:40.750602Z  WARN ThreadId(20) hotstuff_runner::app: Node 1 view(6884) far exceeds block count (1720); potential sync issue    
2026-08-10T05:54:40.866240Z  WARN ThreadId(20) hotstuff_runner::app: Node 1 [produce_block] queue size: 0, attempting up to 0 transactions this block    
2026-08-10T05:54:40.866561Z  WARN ThreadId(20) hotstuff_runner::app: Node 1 view(6888) far exceeds block count (1721); potential sync issue    
2026-08-10T05:54:40.970695Z  WARN ThreadId(20) hotstuff_runner::app: Node 1 [produce_block] queue size: 2, attempting up to 2 transactions this block    
2026-08-10T05:54:40.972064Z  WARN ThreadId(20) hotstuff_runner::app: Node 1 view(6892) far exceeds block count (1722); potential sync issue    
2026-08-10T05:54:41.082001Z  WARN ThreadId(20) hotstuff_runner::app: Node 1 [produce_block] queue size: 0, attempting up to 0 transactions this block    
2026-08-10T05:54:41.084922Z  WARN ThreadId(20) hotstuff_runner::app: Node 1 view(6896) far exceeds block count (1723); potential sync issue    
2026-08-10T05:54:41.219247Z  WARN ThreadId(20) hotstuff_runner::app: Node 1 [produce_block] queue size: 2, attempting up to 2 transactions this block    
2026-08-10T05:54:41.220020Z  WARN ThreadId(20) hotstuff_runner::app: Node 1 view(6900) far exceeds block count (1724); potential sync issue    
2026-08-10T05:54:41.355580Z  WARN ThreadId(20) hotstuff_runner::app: Node 1 [produce_block] queue size: 2, attempting up to 2 transactions this block    
2026-08-10T05:54:41.362311Z  WARN ThreadId(20) hotstuff_runner::app: Node 1 view(6904) far exceeds block count (1725); potential sync issue    
2026-08-10T05:54:41.632861Z  WARN ThreadId(20) hotstuff_runner::app: Node 1 [produce_block] queue size: 2, attempting up to 2 transactions this block    
2026-08-10T05:54:41.633035Z  WARN ThreadId(20) hotstuff_runner::app: Node 1 view(6908) far exceeds block count (1726); potential sync issue    
2026-08-10T05:54:41.805429Z  WARN ThreadId(20) hotstuff_runner::app: Node 1 [produce_block] queue size: 2, attempting up to 2 transactions this block    
2026-08-10T05:54:41.808053Z  WARN ThreadId(20) hotstuff_runner::app: Node 1 view(6912) far exceeds block count (1727); potential sync issue    
2026-08-10T05:54:42.045198Z  WARN ThreadId(20) hotstuff_runner::app: Node 1 [produce_block] queue size: 2, attempting up to 2 transactions this block    
2026-08-10T05:54:42.046175Z  WARN ThreadId(20) hotstuff_runner::app: Node 1 view(6916) far exceeds block count (1728); potential sync issue    
2026-08-10T05:54:42.229287Z  WARN ThreadId(20) hotstuff_runner::app: Node 1 [produce_block] queue size: 2, attempting up to 2 transactions this block    
2026-08-10T05:54:42.229667Z  WARN ThreadId(20) hotstuff_runner::app: Node 1 view(6920) far exceeds block count (1729); potential sync issue    
2026-08-10T05:54:42.358057Z  WARN ThreadId(20) hotstuff_runner::app: Node 1 [produce_block] queue size: 2, attempting up to 2 transactions this block    
2026-08-10T05:54:42.358599Z  WARN ThreadId(20) hotstuff_runner::app: Node 1 view(6924) far exceeds block count (1730); potential sync issue    
2026-08-10T05:54:42.469407Z  WARN ThreadId(20) hotstuff_runner::app: Node 1 [produce_block] queue size: 0, attempting up to 0 transactions this block    
2026-08-10T05:54:42.479940Z  WARN ThreadId(20) hotstuff_runner::app: Node 1 view(6928) far exceeds block count (1731); potential sync issue    
2026-08-10T05:54:42.696871Z  WARN ThreadId(20) hotstuff_runner::app: Node 1 [produce_block] queue size: 2, attempting up to 2 transactions this block    
2026-08-10T05:54:42.699339Z  WARN ThreadId(20) hotstuff_runner::app: Node 1 view(6932) far exceeds block count (1732); potential sync issue    
2026-08-10T05:54:42.774765Z  WARN ThreadId(20) hotstuff_runner::app: Node 1 [produce_block] queue size: 0, attempting up to 0 transactions this block    
2026-08-10T05:54:42.774945Z  WARN ThreadId(20) hotstuff_runner::app: Node 1 view(6936) far exceeds block count (1733); potential sync issue    
2026-08-10T05:54:42.895381Z  WARN ThreadId(20) hotstuff_runner::app: Node 1 [produce_block] queue size: 2, attempting up to 2 transactions this block    
2026-08-10T05:54:42.901097Z  WARN ThreadId(20) hotstuff_runner::app: Node 1 view(6940) far exceeds block count (1734); potential sync issue    
2026-08-10T05:54:42.997165Z  WARN ThreadId(20) hotstuff_runner::app: Node 1 [produce_block] queue size: 2, attempting up to 2 transactions this block    
2026-08-10T05:54:42.997384Z  WARN ThreadId(20) hotstuff_runner::app: Node 1 view(6944) far exceeds block count (1735); potential sync issue    
2026-08-10T05:54:43.126727Z  WARN ThreadId(20) hotstuff_runner::app: Node 1 [produce_block] queue size: 0, attempting up to 0 transactions this block    
2026-08-10T05:54:43.128537Z  WARN ThreadId(20) hotstuff_runner::app: Node 1 view(6948) far exceeds block count (1736); potential sync issue    
2026-08-10T05:54:43.275778Z  WARN ThreadId(20) hotstuff_runner::app: Node 1 [produce_block] queue size: 2, attempting up to 2 transactions this block    
2026-08-10T05:54:43.278565Z  WARN ThreadId(20) hotstuff_runner::app: Node 1 view(6952) far exceeds block count (1737); potential sync issue    
2026-08-10T05:54:43.369112Z  WARN ThreadId(20) hotstuff_runner::app: Node 1 [produce_block] queue size: 0, attempting up to 0 transactions this block    
2026-08-10T05:54:43.369796Z  WARN ThreadId(20) hotstuff_runner::app: Node 1 view(6956) far exceeds block count (1738); potential sync issue    
2026-08-10T05:54:43.491080Z  WARN ThreadId(20) hotstuff_runner::app: Node 1 [produce_block] queue size: 2, attempting up to 2 transactions this block    
2026-08-10T05:54:43.494571Z  WARN ThreadId(20) hotstuff_runner::app: Node 1 view(6960) far exceeds block count (1739); potential sync issue    
2026-08-10T05:54:43.650784Z  WARN ThreadId(20) hotstuff_runner::app: Node 1 [produce_block] queue size: 2, attempting up to 2 transactions this block    
2026-08-10T05:54:43.651930Z  WARN ThreadId(20) hotstuff_runner::app: Node 1 view(6964) far exceeds block count (1740); potential sync issue    
2026-08-10T05:54:43.736000Z  WARN ThreadId(20) hotstuff_runner::app: Node 1 [produce_block] queue size: 0, attempting up to 0 transactions this block    
2026-08-10T05:54:43.736304Z  WARN ThreadId(20) hotstuff_runner::app: Node 1 view(6968) far exceeds block count (1741); potential sync issue    
2026-08-10T05:54:43.841898Z  WARN ThreadId(03) docker_node: Low processing efficiency: 0.0% - system may need tuning
2026-08-10T05:54:43.942623Z  WARN ThreadId(20) hotstuff_runner::app: Node 1 [produce_block] queue size: 2, attempting up to 2 transactions this block    
2026-08-10T05:54:43.947871Z  WARN ThreadId(20) hotstuff_runner::app: Node 1 view(6972) far exceeds block count (1742); potential sync issue    
2026-08-10T05:54:44.244907Z  WARN ThreadId(20) hotstuff_runner::app: Node 1 [produce_block] queue size: 4, attempting up to 4 transactions this block    
2026-08-10T05:54:44.247615Z  WARN ThreadId(20) hotstuff_runner::app: Node 1 view(6976) far exceeds block count (1743); potential sync issue    
2026-08-10T05:54:44.450831Z  WARN ThreadId(20) hotstuff_runner::app: Node 1 [produce_block] queue size: 0, attempting up to 0 transactions this block    
2026-08-10T05:54:44.452211Z  WARN ThreadId(20) hotstuff_runner::app: Node 1 view(6980) far exceeds block count (1744); potential sync issue    
2026-08-10T05:54:44.670695Z  WARN ThreadId(20) hotstuff_runner::app: Node 1 [produce_block] queue size: 4, attempting up to 4 transactions this block    
2026-08-10T05:54:44.670865Z  WARN ThreadId(20) hotstuff_runner::app: Node 1 view(6984) far exceeds block count (1745); potential sync issue    
2026-08-10T05:54:44.754698Z  WARN ThreadId(20) hotstuff_runner::app: Node 1 [produce_block] queue size: 0, attempting up to 0 transactions this block    
2026-08-10T05:54:44.756616Z  WARN ThreadId(20) hotstuff_runner::app: Node 1 view(6988) far exceeds block count (1746); potential sync issue    
2026-08-10T05:54:44.914144Z  WARN ThreadId(20) hotstuff_runner::app: Node 1 [produce_block] queue size: 2, attempting up to 2 transactions this block    
2026-08-10T05:54:44.914471Z  WARN ThreadId(20) hotstuff_runner::app: Node 1 view(6992) far exceeds block count (1747); potential sync issue    
2026-08-10T05:54:45.054483Z  WARN ThreadId(20) hotstuff_runner::app: Node 1 [produce_block] queue size: 0, attempting up to 0 transactions this block    
2026-08-10T05:54:45.055058Z  WARN ThreadId(20) hotstuff_runner::app: Node 1 view(6996) far exceeds block count (1748); potential sync issue    
2026-08-10T05:54:45.184149Z  WARN ThreadId(20) hotstuff_runner::app: Node 1 [produce_block] queue size: 2, attempting up to 2 transactions this block    
2026-08-10T05:54:45.188371Z  WARN ThreadId(20) hotstuff_runner::app: Node 1 view(7000) far exceeds block count (1749); potential sync issue    
2026-08-10T05:54:45.357599Z  WARN ThreadId(20) hotstuff_runner::app: Node 1 [produce_block] queue size: 2, attempting up to 2 transactions this block    
2026-08-10T05:54:45.358398Z  WARN ThreadId(20) hotstuff_runner::app: Node 1 view(7004) far exceeds block count (1750); potential sync issue    
2026-08-10T05:54:45.503279Z  WARN ThreadId(20) hotstuff_runner::app: Node 1 [produce_block] queue size: 0, attempting up to 0 transactions this block    
2026-08-10T05:54:45.504772Z  WARN ThreadId(20) hotstuff_runner::app: Node 1 view(7008) far exceeds block count (1751); potential sync issue    
2026-08-10T05:54:45.667047Z  WARN ThreadId(20) hotstuff_runner::app: Node 1 [produce_block] queue size: 2, attempting up to 2 transactions this block    
2026-08-10T05:54:45.673854Z  WARN ThreadId(20) hotstuff_runner::app: Node 1 view(7012) far exceeds block count (1752); potential sync issue    
2026-08-10T05:54:45.883137Z  WARN ThreadId(20) hotstuff_runner::app: Node 1 [produce_block] queue size: 2, attempting up to 2 transactions this block    
2026-08-10T05:54:45.886105Z  WARN ThreadId(20) hotstuff_runner::app: Node 1 view(7016) far exceeds block count (1753); potential sync issue    
2026-08-10T05:54:46.047859Z  WARN ThreadId(20) hotstuff_runner::app: Node 1 [produce_block] queue size: 2, attempting up to 2 transactions this block    
2026-08-10T05:54:46.048128Z  WARN ThreadId(20) hotstuff_runner::app: Node 1 view(7020) far exceeds block count (1754); potential sync issue    
2026-08-10T05:54:46.195070Z  WARN ThreadId(20) hotstuff_runner::app: Node 1 [produce_block] queue size: 2, attempting up to 2 transactions this block    
2026-08-10T05:54:46.200552Z  WARN ThreadId(20) hotstuff_runner::app: Node 1 view(7024) far exceeds block count (1755); potential sync issue    
2026-08-10T05:54:46.357433Z  WARN ThreadId(20) hotstuff_runner::app: Node 1 [produce_block] queue size: 0, attempting up to 0 transactions this block    
2026-08-10T05:54:46.357566Z  WARN ThreadId(20) hotstuff_runner::app: Node 1 view(7028) far exceeds block count (1756); potential sync issue    
2026-08-10T05:54:46.515035Z  WARN ThreadId(20) hotstuff_runner::app: Node 1 [produce_block] queue size: 2, attempting up to 2 transactions this block    
2026-08-10T05:54:46.523216Z  WARN ThreadId(20) hotstuff_runner::app: Node 1 view(7032) far exceeds block count (1757); potential sync issue    
2026-08-10T05:54:46.710181Z  WARN ThreadId(20) hotstuff_runner::app: Node 1 [produce_block] queue size: 2, attempting up to 2 transactions this block    
2026-08-10T05:54:46.724144Z  WARN ThreadId(20) hotstuff_runner::app: Node 1 view(7036) far exceeds block count (1758); potential sync issue    
2026-08-10T05:54:46.942468Z  WARN ThreadId(20) hotstuff_runner::app: Node 1 [produce_block] queue size: 2, attempting up to 2 transactions this block    
2026-08-10T05:54:46.945943Z  WARN ThreadId(20) hotstuff_runner::app: Node 1 view(7040) far exceeds block count (1759); potential sync issue    
2026-08-10T05:54:47.170794Z  WARN ThreadId(20) hotstuff_runner::app: Node 1 [produce_block] queue size: 2, attempting up to 2 transactions this block    
2026-08-10T05:54:47.171045Z  WARN ThreadId(20) hotstuff_runner::app: Node 1 view(7044) far exceeds block count (1760); potential sync issue    
2026-08-10T05:54:47.313992Z  WARN ThreadId(20) hotstuff_runner::app: Node 1 [produce_block] queue size: 2, attempting up to 2 transactions this block    
2026-08-10T05:54:47.314123Z  WARN ThreadId(20) hotstuff_runner::app: Node 1 view(7048) far exceeds block count (1761); potential sync issue    
2026-08-10T05:54:47.429263Z  WARN ThreadId(20) hotstuff_runner::app: Node 1 [produce_block] queue size: 2, attempting up to 2 transactions this block    
2026-08-10T05:54:47.430614Z  WARN ThreadId(20) hotstuff_runner::app: Node 1 view(7052) far exceeds block count (1762); potential sync issue    
2026-08-10T05:54:47.540554Z  WARN ThreadId(20) hotstuff_runner::app: Node 1 [produce_block] queue size: 0, attempting up to 0 transactions this block    
2026-08-10T05:54:47.540659Z  WARN ThreadId(20) hotstuff_runner::app: Node 1 view(7056) far exceeds block count (1763); potential sync issue    
2026-08-10T05:54:47.663967Z  WARN ThreadId(20) hotstuff_runner::app: Node 1 [produce_block] queue size: 2, attempting up to 2 transactions this block    
2026-08-10T05:54:47.664156Z  WARN ThreadId(20) hotstuff_runner::app: Node 1 view(7060) far exceeds block count (1764); potential sync issue    
2026-08-10T05:54:47.796466Z  WARN ThreadId(20) hotstuff_runner::app: Node 1 [produce_block] queue size: 0, attempting up to 0 transactions this block    
2026-08-10T05:54:47.796625Z  WARN ThreadId(20) hotstuff_runner::app: Node 1 view(7064) far exceeds block count (1765); potential sync issue    
2026-08-10T05:54:47.940632Z  WARN ThreadId(20) hotstuff_runner::app: Node 1 [produce_block] queue size: 2, attempting up to 2 transactions this block    
2026-08-10T05:54:47.941050Z  WARN ThreadId(20) hotstuff_runner::app: Node 1 view(7068) far exceeds block count (1766); potential sync issue    
2026-08-10T05:54:48.085305Z  WARN ThreadId(20) hotstuff_runner::app: Node 1 [produce_block] queue size: 2, attempting up to 2 transactions this block    
2026-08-10T05:54:48.087720Z  WARN ThreadId(20) hotstuff_runner::app: Node 1 view(7072) far exceeds block count (1767); potential sync issue    
2026-08-10T05:54:48.231557Z  WARN ThreadId(20) hotstuff_runner::app: Node 1 [produce_block] queue size: 2, attempting up to 2 transactions this block    
2026-08-10T05:54:48.231892Z  WARN ThreadId(20) hotstuff_runner::app: Node 1 view(7076) far exceeds block count (1768); potential sync issue    
2026-08-10T05:54:48.447195Z  WARN ThreadId(20) hotstuff_runner::app: Node 1 [produce_block] queue size: 2, attempting up to 2 transactions this block    
2026-08-10T05:54:48.447648Z  WARN ThreadId(20) hotstuff_runner::app: Node 1 view(7080) far exceeds block count (1769); potential sync issue    
2026-08-10T05:54:48.612804Z  WARN ThreadId(20) hotstuff_runner::app: Node 1 [produce_block] queue size: 2, attempting up to 2 transactions this block    
2026-08-10T05:54:48.613022Z  WARN ThreadId(20) hotstuff_runner::app: Node 1 view(7084) far exceeds block count (1770); potential sync issue    
2026-08-10T05:54:48.842595Z  WARN ThreadId(06) docker_node: Low processing efficiency: 0.0% - system may need tuning
2026-08-10T05:54:48.843770Z  WARN ThreadId(20) hotstuff_runner::app: Node 1 [produce_block] queue size: 2, attempting up to 2 transactions this block    
2026-08-10T05:54:48.844328Z  WARN ThreadId(20) hotstuff_runner::app: Node 1 view(7088) far exceeds block count (1771); potential sync issue    
2026-08-10T05:54:48.967053Z  WARN ThreadId(20) hotstuff_runner::app: Node 1 [produce_block] queue size: 0, attempting up to 0 transactions this block    
2026-08-10T05:54:48.968151Z  WARN ThreadId(20) hotstuff_runner::app: Node 1 view(7092) far exceeds block count (1772); potential sync issue    
2026-08-10T05:54:49.103196Z  WARN ThreadId(20) hotstuff_runner::app: Node 1 [produce_block] queue size: 2, attempting up to 2 transactions this block    
2026-08-10T05:54:49.103676Z  WARN ThreadId(20) hotstuff_runner::app: Node 1 view(7096) far exceeds block count (1773); potential sync issue    
2026-08-10T05:54:49.205966Z  WARN ThreadId(20) hotstuff_runner::app: Node 1 [produce_block] queue size: 0, attempting up to 0 transactions this block    
2026-08-10T05:54:49.206771Z  WARN ThreadId(20) hotstuff_runner::app: Node 1 view(7100) far exceeds block count (1774); potential sync issue    
2026-08-10T05:54:49.367760Z  WARN ThreadId(20) hotstuff_runner::app: Node 1 [produce_block] queue size: 2, attempting up to 2 transactions this block    
2026-08-10T05:54:49.368448Z  WARN ThreadId(20) hotstuff_runner::app: Node 1 view(7104) far exceeds block count (1775); potential sync issue    
2026-08-10T05:54:49.533561Z  WARN ThreadId(20) hotstuff_runner::app: Node 1 [produce_block] queue size: 2, attempting up to 2 transactions this block    
2026-08-10T05:54:49.533849Z  WARN ThreadId(20) hotstuff_runner::app: Node 1 view(7108) far exceeds block count (1776); potential sync issue    
2026-08-10T05:54:49.729048Z  WARN ThreadId(20) hotstuff_runner::app: Node 1 [produce_block] queue size: 2, attempting up to 2 transactions this block    
2026-08-10T05:54:49.729199Z  WARN ThreadId(20) hotstuff_runner::app: Node 1 view(7112) far exceeds block count (1777); potential sync issue    
2026-08-10T05:54:49.826630Z  WARN ThreadId(20) hotstuff_runner::app: Node 1 [produce_block] queue size: 0, attempting up to 0 transactions this block    
2026-08-10T05:54:49.827789Z  WARN ThreadId(20) hotstuff_runner::app: Node 1 view(7116) far exceeds block count (1778); potential sync issue    
2026-08-10T05:54:49.976118Z  WARN ThreadId(20) hotstuff_runner::app: Node 1 [produce_block] queue size: 2, attempting up to 2 transactions this block    
2026-08-10T05:54:49.976423Z  WARN ThreadId(20) hotstuff_runner::app: Node 1 view(7120) far exceeds block count (1779); potential sync issue    
2026-08-10T05:54:50.103547Z  WARN ThreadId(20) hotstuff_runner::app: Node 1 [produce_block] queue size: 2, attempting up to 2 transactions this block    
2026-08-10T05:54:50.108816Z  WARN ThreadId(20) hotstuff_runner::app: Node 1 view(7124) far exceeds block count (1780); potential sync issue    
2026-08-10T05:54:50.168194Z  WARN ThreadId(20) hotstuff_runner::app: Node 1 [produce_block] queue size: 0, attempting up to 0 transactions this block    
2026-08-10T05:54:50.168894Z  WARN ThreadId(20) hotstuff_runner::app: Node 1 view(7128) far exceeds block count (1781); potential sync issue    
2026-08-10T05:54:50.318086Z  WARN ThreadId(20) hotstuff_runner::app: Node 1 [produce_block] queue size: 2, attempting up to 2 transactions this block    
2026-08-10T05:54:50.318365Z  WARN ThreadId(20) hotstuff_runner::app: Node 1 view(7132) far exceeds block count (1782); potential sync issue    
2026-08-10T05:54:50.464707Z  WARN ThreadId(20) hotstuff_runner::app: Node 1 [produce_block] queue size: 2, attempting up to 2 transactions this block    
2026-08-10T05:54:50.465163Z  WARN ThreadId(20) hotstuff_runner::app: Node 1 view(7136) far exceeds block count (1783); potential sync issue    
2026-08-10T05:54:50.610299Z  WARN ThreadId(20) hotstuff_runner::app: Node 1 [produce_block] queue size: 0, attempting up to 0 transactions this block    
2026-08-10T05:54:50.610486Z  WARN ThreadId(20) hotstuff_runner::app: Node 1 view(7140) far exceeds block count (1784); potential sync issue    
2026-08-10T05:54:50.744799Z  WARN ThreadId(20) hotstuff_runner::app: Node 1 [produce_block] queue size: 2, attempting up to 2 transactions this block    
2026-08-10T05:54:50.748909Z  WARN ThreadId(20) hotstuff_runner::app: Node 1 view(7144) far exceeds block count (1785); potential sync issue    
2026-08-10T05:54:50.845644Z  WARN ThreadId(20) hotstuff_runner::app: Node 1 [produce_block] queue size: 2, attempting up to 2 transactions this block    
2026-08-10T05:54:50.847778Z  WARN ThreadId(20) hotstuff_runner::app: Node 1 view(7148) far exceeds block count (1786); potential sync issue    
2026-08-10T05:54:50.977203Z  WARN ThreadId(20) hotstuff_runner::app: Node 1 [produce_block] queue size: 0, attempting up to 0 transactions this block    
2026-08-10T05:54:50.981416Z  WARN ThreadId(20) hotstuff_runner::app: Node 1 view(7152) far exceeds block count (1787); potential sync issue    
2026-08-10T05:54:51.125845Z  WARN ThreadId(20) hotstuff_runner::app: Node 1 [produce_block] queue size: 2, attempting up to 2 transactions this block    
2026-08-10T05:54:51.126497Z  WARN ThreadId(20) hotstuff_runner::app: Node 1 view(7156) far exceeds block count (1788); potential sync issue    
2026-08-10T05:54:51.260126Z  WARN ThreadId(20) hotstuff_runner::app: Node 1 [produce_block] queue size: 2, attempting up to 2 transactions this block    
2026-08-10T05:54:51.260373Z  WARN ThreadId(20) hotstuff_runner::app: Node 1 view(7160) far exceeds block count (1789); potential sync issue    
2026-08-10T05:54:51.392411Z  WARN ThreadId(20) hotstuff_runner::app: Node 1 [produce_block] queue size: 0, attempting up to 0 transactions this block    
2026-08-10T05:54:51.394288Z  WARN ThreadId(20) hotstuff_runner::app: Node 1 view(7164) far exceeds block count (1790); potential sync issue    
2026-08-10T05:54:51.513272Z  WARN ThreadId(20) hotstuff_runner::app: Node 1 [produce_block] queue size: 2, attempting up to 2 transactions this block    
2026-08-10T05:54:51.514474Z  WARN ThreadId(20) hotstuff_runner::app: Node 1 view(7168) far exceeds block count (1791); potential sync issue    
2026-08-10T05:54:51.665403Z  WARN ThreadId(20) hotstuff_runner::app: Node 1 [produce_block] queue size: 2, attempting up to 2 transactions this block    
2026-08-10T05:54:51.668162Z  WARN ThreadId(20) hotstuff_runner::app: Node 1 view(7172) far exceeds block count (1792); potential sync issue    
2026-08-10T05:54:51.829136Z  WARN ThreadId(20) hotstuff_runner::app: Node 1 [produce_block] queue size: 0, attempting up to 0 transactions this block    
2026-08-10T05:54:51.829411Z  WARN ThreadId(20) hotstuff_runner::app: Node 1 view(7176) far exceeds block count (1793); potential sync issue    
2026-08-10T05:54:51.959621Z  WARN ThreadId(20) hotstuff_runner::app: Node 1 [produce_block] queue size: 2, attempting up to 2 transactions this block    
2026-08-10T05:54:51.959884Z  WARN ThreadId(20) hotstuff_runner::app: Node 1 view(7180) far exceeds block count (1794); potential sync issue    
2026-08-10T05:54:52.097358Z  WARN ThreadId(20) hotstuff_runner::app: Node 1 [produce_block] queue size: 2, attempting up to 2 transactions this block    
2026-08-10T05:54:52.097591Z  WARN ThreadId(20) hotstuff_runner::app: Node 1 view(7184) far exceeds block count (1795); potential sync issue    
2026-08-10T05:54:52.265758Z  WARN ThreadId(20) hotstuff_runner::app: Node 1 [produce_block] queue size: 2, attempting up to 2 transactions this block    
2026-08-10T05:54:52.268176Z  WARN ThreadId(20) hotstuff_runner::app: Node 1 view(7188) far exceeds block count (1796); potential sync issue    
2026-08-10T05:54:52.383308Z  WARN ThreadId(20) hotstuff_runner::app: Node 1 [produce_block] queue size: 0, attempting up to 0 transactions this block    
2026-08-10T05:54:52.383467Z  WARN ThreadId(20) hotstuff_runner::app: Node 1 view(7192) far exceeds block count (1797); potential sync issue    
2026-08-10T05:54:52.535798Z  WARN ThreadId(20) hotstuff_runner::app: Node 1 [produce_block] queue size: 2, attempting up to 2 transactions this block    
2026-08-10T05:54:52.536653Z  WARN ThreadId(20) hotstuff_runner::app: Node 1 view(7196) far exceeds block count (1798); potential sync issue    
2026-08-10T05:54:52.656461Z  WARN ThreadId(20) hotstuff_runner::app: Node 1 [produce_block] queue size: 2, attempting up to 2 transactions this block    
2026-08-10T05:54:52.657836Z  WARN ThreadId(20) hotstuff_runner::app: Node 1 view(7200) far exceeds block count (1799); potential sync issue    
2026-08-10T05:54:52.776774Z  WARN ThreadId(20) hotstuff_runner::app: Node 1 [produce_block] queue size: 0, attempting up to 0 transactions this block    
2026-08-10T05:54:52.778336Z  WARN ThreadId(20) hotstuff_runner::app: Node 1 view(7204) far exceeds block count (1800); potential sync issue    
2026-08-10T05:54:53.003647Z  WARN ThreadId(20) hotstuff_runner::app: Node 1 [produce_block] queue size: 4, attempting up to 4 transactions this block    
2026-08-10T05:54:53.004023Z  WARN ThreadId(20) hotstuff_runner::app: Node 1 view(7208) far exceeds block count (1801); potential sync issue    
2026-08-10T05:54:53.188582Z  WARN ThreadId(20) hotstuff_runner::app: Node 1 [produce_block] queue size: 2, attempting up to 2 transactions this block    
2026-08-10T05:54:53.188810Z  WARN ThreadId(20) hotstuff_runner::app: Node 1 view(7212) far exceeds block count (1802); potential sync issue    
2026-08-10T05:54:53.362664Z  WARN ThreadId(20) hotstuff_runner::app: Node 1 [produce_block] queue size: 2, attempting up to 2 transactions this block    
2026-08-10T05:54:53.366689Z  WARN ThreadId(20) hotstuff_runner::app: Node 1 view(7216) far exceeds block count (1803); potential sync issue    
2026-08-10T05:54:53.500977Z  WARN ThreadId(20) hotstuff_runner::app: Node 1 [produce_block] queue size: 0, attempting up to 0 transactions this block    
2026-08-10T05:54:53.503121Z  WARN ThreadId(20) hotstuff_runner::app: Node 1 view(7220) far exceeds block count (1804); potential sync issue    
2026-08-10T05:54:53.615742Z  WARN ThreadId(20) hotstuff_runner::app: Node 1 [produce_block] queue size: 2, attempting up to 2 transactions this block    
2026-08-10T05:54:53.618779Z  WARN ThreadId(20) hotstuff_runner::app: Node 1 view(7224) far exceeds block count (1805); potential sync issue    
2026-08-10T05:54:53.721383Z  WARN ThreadId(20) hotstuff_runner::app: Node 1 [produce_block] queue size: 0, attempting up to 0 transactions this block    
2026-08-10T05:54:53.721651Z  WARN ThreadId(20) hotstuff_runner::app: Node 1 view(7228) far exceeds block count (1806); potential sync issue    
2026-08-10T05:54:53.844299Z  WARN ThreadId(06) docker_node: Low processing efficiency: 0.0% - system may need tuning
2026-08-10T05:54:53.859719Z  WARN ThreadId(20) hotstuff_runner::app: Node 1 [produce_block] queue size: 2, attempting up to 2 transactions this block    
2026-08-10T05:54:53.860222Z  WARN ThreadId(20) hotstuff_runner::app: Node 1 view(7232) far exceeds block count (1807); potential sync issue    
2026-08-10T05:54:54.022467Z  WARN ThreadId(20) hotstuff_runner::app: Node 1 [produce_block] queue size: 2, attempting up to 2 transactions this block    
2026-08-10T05:54:54.022884Z  WARN ThreadId(20) hotstuff_runner::app: Node 1 view(7236) far exceeds block count (1808); potential sync issue    
2026-08-10T05:54:54.260098Z  WARN ThreadId(20) hotstuff_runner::app: Node 1 [produce_block] queue size: 2, attempting up to 2 transactions this block    
2026-08-10T05:54:54.260273Z  WARN ThreadId(20) hotstuff_runner::app: Node 1 view(7240) far exceeds block count (1809); potential sync issue    
2026-08-10T05:54:54.375202Z  WARN ThreadId(20) hotstuff_runner::app: Node 1 [produce_block] queue size: 0, attempting up to 0 transactions this block    
2026-08-10T05:54:54.375846Z  WARN ThreadId(20) hotstuff_runner::app: Node 1 view(7244) far exceeds block count (1810); potential sync issue    
2026-08-10T05:54:54.514954Z  WARN ThreadId(20) hotstuff_runner::app: Node 1 [produce_block] queue size: 2, attempting up to 2 transactions this block    
2026-08-10T05:54:54.516450Z  WARN ThreadId(20) hotstuff_runner::app: Node 1 view(7248) far exceeds block count (1811); potential sync issue    
2026-08-10T05:54:54.757608Z  WARN ThreadId(20) hotstuff_runner::app: Node 1 [produce_block] queue size: 2, attempting up to 2 transactions this block    
2026-08-10T05:54:54.763897Z  WARN ThreadId(20) hotstuff_runner::app: Node 1 view(7252) far exceeds block count (1812); potential sync issue    
2026-08-10T05:54:54.929350Z  WARN ThreadId(20) hotstuff_runner::app: Node 1 [produce_block] queue size: 2, attempting up to 2 transactions this block    
2026-08-10T05:54:54.930128Z  WARN ThreadId(20) hotstuff_runner::app: Node 1 view(7256) far exceeds block count (1813); potential sync issue    
2026-08-10T05:54:55.175027Z  WARN ThreadId(20) hotstuff_runner::app: Node 1 [produce_block] queue size: 2, attempting up to 2 transactions this block    
2026-08-10T05:54:55.178624Z  WARN ThreadId(20) hotstuff_runner::app: Node 1 view(7260) far exceeds block count (1814); potential sync issue    
2026-08-10T05:54:55.327405Z  WARN ThreadId(20) hotstuff_runner::app: Node 1 [produce_block] queue size: 2, attempting up to 2 transactions this block    
2026-08-10T05:54:55.327528Z  WARN ThreadId(20) hotstuff_runner::app: Node 1 view(7264) far exceeds block count (1815); potential sync issue    
2026-08-10T05:54:55.493037Z  WARN ThreadId(20) hotstuff_runner::app: Node 1 [produce_block] queue size: 2, attempting up to 2 transactions this block    
2026-08-10T05:54:55.494741Z  WARN ThreadId(20) hotstuff_runner::app: Node 1 view(7268) far exceeds block count (1816); potential sync issue    
2026-08-10T05:54:55.625810Z  WARN ThreadId(20) hotstuff_runner::app: Node 1 [produce_block] queue size: 2, attempting up to 2 transactions this block    
2026-08-10T05:54:55.628171Z  WARN ThreadId(20) hotstuff_runner::app: Node 1 view(7272) far exceeds block count (1817); potential sync issue    
2026-08-10T05:54:55.892625Z  WARN ThreadId(20) hotstuff_runner::app: Node 1 [produce_block] queue size: 2, attempting up to 2 transactions this block    
2026-08-10T05:54:55.892850Z  WARN ThreadId(20) hotstuff_runner::app: Node 1 view(7276) far exceeds block count (1818); potential sync issue    
2026-08-10T05:54:56.051882Z  WARN ThreadId(20) hotstuff_runner::app: Node 1 [produce_block] queue size: 2, attempting up to 2 transactions this block    
2026-08-10T05:54:56.052203Z  WARN ThreadId(20) hotstuff_runner::app: Node 1 view(7280) far exceeds block count (1819); potential sync issue    
2026-08-10T05:54:56.263798Z  WARN ThreadId(20) hotstuff_runner::app: Node 1 [produce_block] queue size: 2, attempting up to 2 transactions this block    
2026-08-10T05:54:56.266329Z  WARN ThreadId(20) hotstuff_runner::app: Node 1 view(7284) far exceeds block count (1820); potential sync issue    
2026-08-10T05:54:56.436475Z  WARN ThreadId(20) hotstuff_runner::app: Node 1 [produce_block] queue size: 2, attempting up to 2 transactions this block    
2026-08-10T05:54:56.437077Z  WARN ThreadId(20) hotstuff_runner::app: Node 1 view(7288) far exceeds block count (1821); potential sync issue    
2026-08-10T05:54:56.537684Z  WARN ThreadId(20) hotstuff_runner::app: Node 1 [produce_block] queue size: 0, attempting up to 0 transactions this block    
2026-08-10T05:54:56.538075Z  WARN ThreadId(20) hotstuff_runner::app: Node 1 view(7292) far exceeds block count (1822); potential sync issue    
2026-08-10T05:54:56.669202Z  WARN ThreadId(20) hotstuff_runner::app: Node 1 [produce_block] queue size: 2, attempting up to 2 transactions this block    
2026-08-10T05:54:56.676970Z  WARN ThreadId(20) hotstuff_runner::app: Node 1 view(7296) far exceeds block count (1823); potential sync issue    
2026-08-10T05:54:56.853219Z  WARN ThreadId(20) hotstuff_runner::app: Node 1 [produce_block] queue size: 2, attempting up to 2 transactions this block    
2026-08-10T05:54:56.854413Z  WARN ThreadId(20) hotstuff_runner::app: Node 1 view(7300) far exceeds block count (1824); potential sync issue    
2026-08-10T05:54:56.952600Z  WARN ThreadId(20) hotstuff_runner::app: Node 1 [produce_block] queue size: 0, attempting up to 0 transactions this block    
2026-08-10T05:54:56.952843Z  WARN ThreadId(20) hotstuff_runner::app: Node 1 view(7304) far exceeds block count (1825); potential sync issue    
2026-08-10T05:54:57.116468Z  WARN ThreadId(20) hotstuff_runner::app: Node 1 [produce_block] queue size: 2, attempting up to 2 transactions this block    
2026-08-10T05:54:57.118229Z  WARN ThreadId(20) hotstuff_runner::app: Node 1 view(7308) far exceeds block count (1826); potential sync issue    
2026-08-10T05:54:57.290544Z  WARN ThreadId(20) hotstuff_runner::app: Node 1 [produce_block] queue size: 2, attempting up to 2 transactions this block    
2026-08-10T05:54:57.292762Z  WARN ThreadId(20) hotstuff_runner::app: Node 1 view(7312) far exceeds block count (1827); potential sync issue    
2026-08-10T05:54:57.564028Z  WARN ThreadId(20) hotstuff_runner::app: Node 1 [produce_block] queue size: 2, attempting up to 2 transactions this block    
2026-08-10T05:54:57.564353Z  WARN ThreadId(20) hotstuff_runner::app: Node 1 view(7316) far exceeds block count (1828); potential sync issue    
2026-08-10T05:54:57.666650Z  WARN ThreadId(20) hotstuff_runner::app: Node 1 [produce_block] queue size: 2, attempting up to 2 transactions this block    
2026-08-10T05:54:57.667468Z  WARN ThreadId(20) hotstuff_runner::app: Node 1 view(7320) far exceeds block count (1829); potential sync issue    
2026-08-10T05:54:57.877421Z  WARN ThreadId(20) hotstuff_runner::app: Node 1 [produce_block] queue size: 2, attempting up to 2 transactions this block    
2026-08-10T05:54:57.877641Z  WARN ThreadId(20) hotstuff_runner::app: Node 1 view(7324) far exceeds block count (1830); potential sync issue    
2026-08-10T05:54:58.012109Z  WARN ThreadId(20) hotstuff_runner::app: Node 1 [produce_block] queue size: 2, attempting up to 2 transactions this block    
2026-08-10T05:54:58.012878Z  WARN ThreadId(20) hotstuff_runner::app: Node 1 view(7328) far exceeds block count (1831); potential sync issue    
2026-08-10T05:54:58.189908Z  WARN ThreadId(20) hotstuff_runner::app: Node 1 [produce_block] queue size: 0, attempting up to 0 transactions this block    
2026-08-10T05:54:58.197392Z  WARN ThreadId(20) hotstuff_runner::app: Node 1 view(7332) far exceeds block count (1832); potential sync issue    
2026-08-10T05:54:58.375732Z  WARN ThreadId(20) hotstuff_runner::app: Node 1 [produce_block] queue size: 2, attempting up to 2 transactions this block    
2026-08-10T05:54:58.376605Z  WARN ThreadId(20) hotstuff_runner::app: Node 1 view(7336) far exceeds block count (1833); potential sync issue    
2026-08-10T05:54:58.592217Z  WARN ThreadId(20) hotstuff_runner::app: Node 1 [produce_block] queue size: 2, attempting up to 2 transactions this block    
2026-08-10T05:54:58.593044Z  WARN ThreadId(20) hotstuff_runner::app: Node 1 view(7340) far exceeds block count (1834); potential sync issue    
2026-08-10T05:54:58.714269Z  WARN ThreadId(20) hotstuff_runner::app: Node 1 [produce_block] queue size: 2, attempting up to 2 transactions this block    
2026-08-10T05:54:58.716437Z  WARN ThreadId(20) hotstuff_runner::app: Node 1 view(7344) far exceeds block count (1835); potential sync issue    
2026-08-10T05:54:58.799179Z  WARN ThreadId(20) hotstuff_runner::app: Node 1 [produce_block] queue size: 0, attempting up to 0 transactions this block    
2026-08-10T05:54:58.816350Z  WARN ThreadId(20) hotstuff_runner::app: Node 1 view(7348) far exceeds block count (1836); potential sync issue    
2026-08-10T05:54:58.842335Z  WARN ThreadId(08) docker_node: Low processing efficiency: 0.0% - system may need tuning
2026-08-10T05:54:58.972277Z  WARN ThreadId(20) hotstuff_runner::app: Node 1 [produce_block] queue size: 2, attempting up to 2 transactions this block    
2026-08-10T05:54:58.972601Z  WARN ThreadId(20) hotstuff_runner::app: Node 1 view(7352) far exceeds block count (1837); potential sync issue    
2026-08-10T05:54:59.116547Z  WARN ThreadId(20) hotstuff_runner::app: Node 1 [produce_block] queue size: 2, attempting up to 2 transactions this block    
2026-08-10T05:54:59.116981Z  WARN ThreadId(20) hotstuff_runner::app: Node 1 view(7356) far exceeds block count (1838); potential sync issue    
2026-08-10T05:54:59.417544Z  WARN ThreadId(20) hotstuff_runner::app: Node 1 [produce_block] queue size: 4, attempting up to 4 transactions this block    
2026-08-10T05:54:59.418399Z  WARN ThreadId(20) hotstuff_runner::app: Node 1 view(7360) far exceeds block count (1839); potential sync issue    
2026-08-10T05:54:59.601878Z  WARN ThreadId(20) hotstuff_runner::app: Node 1 [produce_block] queue size: 2, attempting up to 2 transactions this block    
2026-08-10T05:54:59.606603Z  WARN ThreadId(20) hotstuff_runner::app: Node 1 view(7364) far exceeds block count (1840); potential sync issue    
2026-08-10T05:54:59.822367Z  WARN ThreadId(20) hotstuff_runner::app: Node 1 [produce_block] queue size: 2, attempting up to 2 transactions this block    
2026-08-10T05:54:59.828916Z  WARN ThreadId(20) hotstuff_runner::app: Node 1 view(7368) far exceeds block count (1841); potential sync issue    
2026-08-10T05:54:59.981104Z  WARN ThreadId(20) hotstuff_runner::app: Node 1 [produce_block] queue size: 0, attempting up to 0 transactions this block    
2026-08-10T05:54:59.981718Z  WARN ThreadId(20) hotstuff_runner::app: Node 1 view(7372) far exceeds block count (1842); potential sync issue    
2026-08-10T05:55:00.124235Z  WARN ThreadId(20) hotstuff_runner::app: Node 1 [produce_block] queue size: 0, attempting up to 0 transactions this block    
2026-08-10T05:55:00.131790Z  WARN ThreadId(20) hotstuff_runner::app: Node 1 view(7376) far exceeds block count (1843); potential sync issue    
2026-08-10T05:55:00.299575Z  WARN ThreadId(20) hotstuff_runner::app: Node 1 [produce_block] queue size: 2, attempting up to 2 transactions this block    
2026-08-10T05:55:00.309657Z  WARN ThreadId(20) hotstuff_runner::app: Node 1 view(7380) far exceeds block count (1844); potential sync issue    
2026-08-10T05:55:00.592913Z  WARN ThreadId(20) hotstuff_runner::app: Node 1 [produce_block] queue size: 2, attempting up to 2 transactions this block    
2026-08-10T05:55:00.593067Z  WARN ThreadId(20) hotstuff_runner::app: Node 1 view(7384) far exceeds block count (1845); potential sync issue    
2026-08-10T05:55:00.746540Z  WARN ThreadId(20) hotstuff_runner::app: Node 1 [produce_block] queue size: 2, attempting up to 2 transactions this block    
2026-08-10T05:55:00.747352Z  WARN ThreadId(20) hotstuff_runner::app: Node 1 view(7388) far exceeds block count (1846); potential sync issue    
2026-08-10T05:55:01.019886Z  WARN ThreadId(20) hotstuff_runner::app: Node 1 [produce_block] queue size: 2, attempting up to 2 transactions this block    
2026-08-10T05:55:01.022413Z  WARN ThreadId(20) hotstuff_runner::app: Node 1 view(7392) far exceeds block count (1847); potential sync issue    
2026-08-10T05:55:01.168112Z  WARN ThreadId(20) hotstuff_runner::app: Node 1 [produce_block] queue size: 2, attempting up to 2 transactions this block    
2026-08-10T05:55:01.168857Z  WARN ThreadId(20) hotstuff_runner::app: Node 1 view(7396) far exceeds block count (1848); potential sync issue    
2026-08-10T05:55:01.318191Z  WARN ThreadId(20) hotstuff_runner::app: Node 1 [produce_block] queue size: 2, attempting up to 2 transactions this block    
2026-08-10T05:55:01.320392Z  WARN ThreadId(20) hotstuff_runner::app: Node 1 view(7400) far exceeds block count (1849); potential sync issue    
2026-08-10T05:55:01.514079Z  WARN ThreadId(20) hotstuff_runner::app: Node 1 [produce_block] queue size: 2, attempting up to 2 transactions this block    
2026-08-10T05:55:01.514240Z  WARN ThreadId(20) hotstuff_runner::app: Node 1 view(7404) far exceeds block count (1850); potential sync issue    
2026-08-10T05:55:01.710224Z  WARN ThreadId(20) hotstuff_runner::app: Node 1 [produce_block] queue size: 2, attempting up to 2 transactions this block    
2026-08-10T05:55:01.714367Z  WARN ThreadId(20) hotstuff_runner::app: Node 1 view(7408) far exceeds block count (1851); potential sync issue    
2026-08-10T05:55:01.839921Z  WARN ThreadId(20) hotstuff_runner::app: Node 1 [produce_block] queue size: 0, attempting up to 0 transactions this block    
2026-08-10T05:55:01.844631Z  WARN ThreadId(20) hotstuff_runner::app: Node 1 view(7412) far exceeds block count (1852); potential sync issue    
2026-08-10T05:55:01.965605Z  WARN ThreadId(20) hotstuff_runner::app: Node 1 [produce_block] queue size: 2, attempting up to 2 transactions this block    
2026-08-10T05:55:01.966449Z  WARN ThreadId(20) hotstuff_runner::app: Node 1 view(7416) far exceeds block count (1853); potential sync issue    
2026-08-10T05:55:02.097001Z  WARN ThreadId(20) hotstuff_runner::app: Node 1 [produce_block] queue size: 2, attempting up to 2 transactions this block    
2026-08-10T05:55:02.098718Z  WARN ThreadId(20) hotstuff_runner::app: Node 1 view(7420) far exceeds block count (1854); potential sync issue    
2026-08-10T05:55:02.223086Z  WARN ThreadId(20) hotstuff_runner::app: Node 1 [produce_block] queue size: 0, attempting up to 0 transactions this block    
2026-08-10T05:55:02.225250Z  WARN ThreadId(20) hotstuff_runner::app: Node 1 view(7424) far exceeds block count (1855); potential sync issue    
2026-08-10T05:55:02.358139Z  WARN ThreadId(20) hotstuff_runner::app: Node 1 [produce_block] queue size: 2, attempting up to 2 transactions this block    
2026-08-10T05:55:02.359495Z  WARN ThreadId(20) hotstuff_runner::app: Node 1 view(7428) far exceeds block count (1856); potential sync issue    
2026-08-10T05:55:02.520088Z  WARN ThreadId(20) hotstuff_runner::app: Node 1 [produce_block] queue size: 2, attempting up to 2 transactions this block    
2026-08-10T05:55:02.524121Z  WARN ThreadId(20) hotstuff_runner::app: Node 1 view(7432) far exceeds block count (1857); potential sync issue    
2026-08-10T05:55:02.685121Z  WARN ThreadId(20) hotstuff_runner::app: Node 1 [produce_block] queue size: 0, attempting up to 0 transactions this block    
2026-08-10T05:55:02.685267Z  WARN ThreadId(20) hotstuff_runner::app: Node 1 view(7436) far exceeds block count (1858); potential sync issue    
2026-08-10T05:55:02.853235Z  WARN ThreadId(20) hotstuff_runner::app: Node 1 [produce_block] queue size: 2, attempting up to 2 transactions this block    
2026-08-10T05:55:02.855113Z  WARN ThreadId(20) hotstuff_runner::app: Node 1 view(7440) far exceeds block count (1859); potential sync issue    
2026-08-10T05:55:02.968426Z  WARN ThreadId(20) hotstuff_runner::app: Node 1 [produce_block] queue size: 2, attempting up to 2 transactions this block    
2026-08-10T05:55:02.968552Z  WARN ThreadId(20) hotstuff_runner::app: Node 1 view(7444) far exceeds block count (1860); potential sync issue    
2026-08-10T05:55:03.106196Z  WARN ThreadId(20) hotstuff_runner::app: Node 1 [produce_block] queue size: 2, attempting up to 2 transactions this block    
2026-08-10T05:55:03.108748Z  WARN ThreadId(20) hotstuff_runner::app: Node 1 view(7448) far exceeds block count (1861); potential sync issue    
2026-08-10T05:55:03.197403Z  WARN ThreadId(20) hotstuff_runner::app: Node 1 [produce_block] queue size: 0, attempting up to 0 transactions this block    
2026-08-10T05:55:03.197545Z  WARN ThreadId(20) hotstuff_runner::app: Node 1 view(7452) far exceeds block count (1862); potential sync issue    
2026-08-10T05:55:03.335788Z  WARN ThreadId(20) hotstuff_runner::app: Node 1 [produce_block] queue size: 2, attempting up to 2 transactions this block    
2026-08-10T05:55:03.336621Z  WARN ThreadId(20) hotstuff_runner::app: Node 1 view(7456) far exceeds block count (1863); potential sync issue    
2026-08-10T05:55:03.441681Z  WARN ThreadId(20) hotstuff_runner::app: Node 1 [produce_block] queue size: 0, attempting up to 0 transactions this block    
2026-08-10T05:55:03.443128Z  WARN ThreadId(20) hotstuff_runner::app: Node 1 view(7460) far exceeds block count (1864); potential sync issue    
2026-08-10T05:55:03.580378Z  WARN ThreadId(20) hotstuff_runner::app: Node 1 [produce_block] queue size: 2, attempting up to 2 transactions this block    
2026-08-10T05:55:03.581005Z  WARN ThreadId(20) hotstuff_runner::app: Node 1 view(7464) far exceeds block count (1865); potential sync issue    
2026-08-10T05:55:03.841710Z  WARN ThreadId(07) docker_node: Low processing efficiency: 0.0% - system may need tuning
2026-08-10T05:55:03.852214Z  WARN ThreadId(20) hotstuff_runner::app: Node 1 [produce_block] queue size: 4, attempting up to 4 transactions this block    
2026-08-10T05:55:03.852588Z  WARN ThreadId(20) hotstuff_runner::app: Node 1 view(7468) far exceeds block count (1866); potential sync issue    
2026-08-10T05:55:03.921480Z  WARN ThreadId(20) hotstuff_runner::app: Node 1 [produce_block] queue size: 0, attempting up to 0 transactions this block    
2026-08-10T05:55:03.944314Z  WARN ThreadId(20) hotstuff_runner::app: Node 1 view(7472) far exceeds block count (1867); potential sync issue    
2026-08-10T05:55:04.148519Z  WARN ThreadId(20) hotstuff_runner::app: Node 1 [produce_block] queue size: 2, attempting up to 2 transactions this block    
2026-08-10T05:55:04.152341Z  WARN ThreadId(20) hotstuff_runner::app: Node 1 view(7476) far exceeds block count (1868); potential sync issue    
2026-08-10T05:55:04.274158Z  WARN ThreadId(20) hotstuff_runner::app: Node 1 [produce_block] queue size: 0, attempting up to 0 transactions this block    
2026-08-10T05:55:04.274376Z  WARN ThreadId(20) hotstuff_runner::app: Node 1 view(7480) far exceeds block count (1869); potential sync issue    
2026-08-10T05:55:04.395043Z  WARN ThreadId(20) hotstuff_runner::app: Node 1 [produce_block] queue size: 2, attempting up to 2 transactions this block    
2026-08-10T05:55:04.398196Z  WARN ThreadId(20) hotstuff_runner::app: Node 1 view(7484) far exceeds block count (1870); potential sync issue    
2026-08-10T05:55:04.499204Z  WARN ThreadId(20) hotstuff_runner::app: Node 1 [produce_block] queue size: 2, attempting up to 2 transactions this block    
2026-08-10T05:55:04.503161Z  WARN ThreadId(20) hotstuff_runner::app: Node 1 view(7488) far exceeds block count (1871); potential sync issue    
2026-08-10T05:55:04.615058Z  WARN ThreadId(20) hotstuff_runner::app: Node 1 [produce_block] queue size: 0, attempting up to 0 transactions this block    
2026-08-10T05:55:04.617818Z  WARN ThreadId(20) hotstuff_runner::app: Node 1 view(7492) far exceeds block count (1872); potential sync issue    
2026-08-10T05:55:04.690268Z  WARN ThreadId(20) hotstuff_runner::app: Node 1 [produce_block] queue size: 0, attempting up to 0 transactions this block    
2026-08-10T05:55:04.693950Z  WARN ThreadId(20) hotstuff_runner::app: Node 1 view(7496) far exceeds block count (1873); potential sync issue    
2026-08-10T05:55:04.842891Z  WARN ThreadId(20) hotstuff_runner::app: Node 1 [produce_block] queue size: 2, attempting up to 2 transactions this block    
2026-08-10T05:55:04.843752Z  WARN ThreadId(20) hotstuff_runner::app: Node 1 view(7500) far exceeds block count (1874); potential sync issue    
2026-08-10T05:55:05.023508Z  WARN ThreadId(20) hotstuff_runner::app: Node 1 [produce_block] queue size: 2, attempting up to 2 transactions this block    
2026-08-10T05:55:05.034449Z  WARN ThreadId(20) hotstuff_runner::app: Node 1 view(7504) far exceeds block count (1875); potential sync issue    
2026-08-10T05:55:05.225385Z  WARN ThreadId(20) hotstuff_runner::app: Node 1 [produce_block] queue size: 0, attempting up to 0 transactions this block    
2026-08-10T05:55:05.227147Z  WARN ThreadId(20) hotstuff_runner::app: Node 1 view(7508) far exceeds block count (1876); potential sync issue    
2026-08-10T05:55:05.504305Z  WARN ThreadId(20) hotstuff_runner::app: Node 1 [produce_block] queue size: 2, attempting up to 2 transactions this block    
2026-08-10T05:55:05.504581Z  WARN ThreadId(20) hotstuff_runner::app: Node 1 view(7512) far exceeds block count (1877); potential sync issue    
2026-08-10T05:55:05.611406Z  WARN ThreadId(20) hotstuff_runner::app: Node 1 [produce_block] queue size: 2, attempting up to 2 transactions this block    
2026-08-10T05:55:05.622619Z  WARN ThreadId(20) hotstuff_runner::app: Node 1 view(7516) far exceeds block count (1878); potential sync issue    
2026-08-10T05:55:05.716977Z  WARN ThreadId(20) hotstuff_runner::app: Node 1 [produce_block] queue size: 0, attempting up to 0 transactions this block    
2026-08-10T05:55:05.717670Z  WARN ThreadId(20) hotstuff_runner::app: Node 1 view(7520) far exceeds block count (1879); potential sync issue    
2026-08-10T05:55:05.927534Z  WARN ThreadId(20) hotstuff_runner::app: Node 1 [produce_block] queue size: 2, attempting up to 2 transactions this block    
2026-08-10T05:55:05.927957Z  WARN ThreadId(20) hotstuff_runner::app: Node 1 view(7524) far exceeds block count (1880); potential sync issue    
2026-08-10T05:55:06.101217Z  WARN ThreadId(20) hotstuff_runner::app: Node 1 [produce_block] queue size: 2, attempting up to 2 transactions this block    
2026-08-10T05:55:06.102114Z  WARN ThreadId(20) hotstuff_runner::app: Node 1 view(7528) far exceeds block count (1881); potential sync issue    
2026-08-10T05:55:06.229701Z  WARN ThreadId(20) hotstuff_runner::app: Node 1 [produce_block] queue size: 2, attempting up to 2 transactions this block    
2026-08-10T05:55:06.235605Z  WARN ThreadId(20) hotstuff_runner::app: Node 1 view(7532) far exceeds block count (1882); potential sync issue    
2026-08-10T05:55:06.446660Z  WARN ThreadId(20) hotstuff_runner::app: Node 1 [produce_block] queue size: 2, attempting up to 2 transactions this block    
2026-08-10T05:55:06.448282Z  WARN ThreadId(20) hotstuff_runner::app: Node 1 view(7536) far exceeds block count (1883); potential sync issue    
2026-08-10T05:55:06.672820Z  WARN ThreadId(20) hotstuff_runner::app: Node 1 [produce_block] queue size: 2, attempting up to 2 transactions this block    
2026-08-10T05:55:06.680922Z  WARN ThreadId(20) hotstuff_runner::app: Node 1 view(7540) far exceeds block count (1884); potential sync issue    
2026-08-10T05:55:06.809682Z  WARN ThreadId(20) hotstuff_runner::app: Node 1 [produce_block] queue size: 0, attempting up to 0 transactions this block    
2026-08-10T05:55:06.809918Z  WARN ThreadId(20) hotstuff_runner::app: Node 1 view(7544) far exceeds block count (1885); potential sync issue    
2026-08-10T05:55:07.147300Z  WARN ThreadId(20) hotstuff_runner::app: Node 1 [produce_block] queue size: 4, attempting up to 4 transactions this block    
2026-08-10T05:55:07.158279Z  WARN ThreadId(20) hotstuff_runner::app: Node 1 view(7548) far exceeds block count (1886); potential sync issue    
2026-08-10T05:55:07.417247Z  WARN ThreadId(20) hotstuff_runner::app: Node 1 [produce_block] queue size: 2, attempting up to 2 transactions this block    
2026-08-10T05:55:07.423593Z  WARN ThreadId(20) hotstuff_runner::app: Node 1 view(7552) far exceeds block count (1887); potential sync issue    
2026-08-10T05:55:07.563890Z  WARN ThreadId(20) hotstuff_runner::app: Node 1 [produce_block] queue size: 2, attempting up to 2 transactions this block    
2026-08-10T05:55:07.567745Z  WARN ThreadId(20) hotstuff_runner::app: Node 1 view(7556) far exceeds block count (1888); potential sync issue    
2026-08-10T05:55:07.868637Z  WARN ThreadId(20) hotstuff_runner::app: Node 1 [produce_block] queue size: 4, attempting up to 4 transactions this block    
2026-08-10T05:55:07.869722Z  WARN ThreadId(20) hotstuff_runner::app: Node 1 view(7560) far exceeds block count (1889); potential sync issue    
2026-08-10T05:55:08.110237Z  WARN ThreadId(20) hotstuff_runner::app: Node 1 [produce_block] queue size: 2, attempting up to 2 transactions this block    
2026-08-10T05:55:08.110543Z  WARN ThreadId(20) hotstuff_runner::app: Node 1 view(7564) far exceeds block count (1890); potential sync issue    
2026-08-10T05:55:08.272865Z  WARN ThreadId(20) hotstuff_runner::app: Node 1 [produce_block] queue size: 2, attempting up to 2 transactions this block    
2026-08-10T05:55:08.273171Z  WARN ThreadId(20) hotstuff_runner::app: Node 1 view(7568) far exceeds block count (1891); potential sync issue    
2026-08-10T05:55:08.491268Z  WARN ThreadId(20) hotstuff_runner::app: Node 1 [produce_block] queue size: 2, attempting up to 2 transactions this block    
2026-08-10T05:55:08.494362Z  WARN ThreadId(20) hotstuff_runner::app: Node 1 view(7572) far exceeds block count (1892); potential sync issue    
2026-08-10T05:55:08.675759Z  WARN ThreadId(20) hotstuff_runner::app: Node 1 [produce_block] queue size: 2, attempting up to 2 transactions this block    
2026-08-10T05:55:08.676490Z  WARN ThreadId(20) hotstuff_runner::app: Node 1 view(7576) far exceeds block count (1893); potential sync issue    
2026-08-10T05:55:08.843129Z  WARN ThreadId(06) docker_node: Low processing efficiency: 0.0% - system may need tuning
2026-08-10T05:55:08.877284Z  WARN ThreadId(20) hotstuff_runner::app: Node 1 [produce_block] queue size: 2, attempting up to 2 transactions this block    
2026-08-10T05:55:08.877584Z  WARN ThreadId(20) hotstuff_runner::app: Node 1 view(7580) far exceeds block count (1894); potential sync issue    
2026-08-10T05:55:09.056024Z  WARN ThreadId(20) hotstuff_runner::app: Node 1 [produce_block] queue size: 2, attempting up to 2 transactions this block    
2026-08-10T05:55:09.056691Z  WARN ThreadId(20) hotstuff_runner::app: Node 1 view(7584) far exceeds block count (1895); potential sync issue    
2026-08-10T05:55:09.225092Z  WARN ThreadId(20) hotstuff_runner::app: Node 1 [produce_block] queue size: 0, attempting up to 0 transactions this block    
2026-08-10T05:55:09.225543Z  WARN ThreadId(20) hotstuff_runner::app: Node 1 view(7588) far exceeds block count (1896); potential sync issue    
2026-08-10T05:55:09.616025Z  WARN ThreadId(20) hotstuff_runner::app: Node 1 [produce_block] queue size: 4, attempting up to 4 transactions this block    
2026-08-10T05:55:09.623865Z  WARN ThreadId(20) hotstuff_runner::app: Node 1 view(7592) far exceeds block count (1897); potential sync issue    
2026-08-10T05:55:09.762307Z  WARN ThreadId(20) hotstuff_runner::app: Node 1 [produce_block] queue size: 2, attempting up to 2 transactions this block    
2026-08-10T05:55:09.762572Z  WARN ThreadId(20) hotstuff_runner::app: Node 1 view(7596) far exceeds block count (1898); potential sync issue    
2026-08-10T05:55:10.011492Z  WARN ThreadId(20) hotstuff_runner::app: Node 1 [produce_block] queue size: 2, attempting up to 2 transactions this block    
2026-08-10T05:55:10.023737Z  WARN ThreadId(20) hotstuff_runner::app: Node 1 view(7600) far exceeds block count (1899); potential sync issue    
2026-08-10T05:55:10.274227Z  WARN ThreadId(20) hotstuff_runner::app: Node 1 [produce_block] queue size: 2, attempting up to 2 transactions this block    
2026-08-10T05:55:10.275368Z  WARN ThreadId(20) hotstuff_runner::app: Node 1 view(7604) far exceeds block count (1900); potential sync issue    
2026-08-10T05:55:10.417437Z  WARN ThreadId(20) hotstuff_runner::app: Node 1 [produce_block] queue size: 2, attempting up to 2 transactions this block    
2026-08-10T05:55:10.417854Z  WARN ThreadId(20) hotstuff_runner::app: Node 1 view(7608) far exceeds block count (1901); potential sync issue    
2026-08-10T05:55:10.676330Z  WARN ThreadId(20) hotstuff_runner::app: Node 1 [produce_block] queue size: 4, attempting up to 4 transactions this block    
2026-08-10T05:55:10.676865Z  WARN ThreadId(20) hotstuff_runner::app: Node 1 view(7612) far exceeds block count (1902); potential sync issue    
2026-08-10T05:55:10.813243Z  WARN ThreadId(20) hotstuff_runner::app: Node 1 [produce_block] queue size: 2, attempting up to 2 transactions this block    
2026-08-10T05:55:10.813522Z  WARN ThreadId(20) hotstuff_runner::app: Node 1 view(7616) far exceeds block count (1903); potential sync issue    
2026-08-10T05:55:10.958896Z  WARN ThreadId(20) hotstuff_runner::app: Node 1 [produce_block] queue size: 0, attempting up to 0 transactions this block    
2026-08-10T05:55:10.959865Z  WARN ThreadId(20) hotstuff_runner::app: Node 1 view(7620) far exceeds block count (1904); potential sync issue    
2026-08-10T05:55:11.096738Z  WARN ThreadId(20) hotstuff_runner::app: Node 1 [produce_block] queue size: 2, attempting up to 2 transactions this block    
2026-08-10T05:55:11.100109Z  WARN ThreadId(20) hotstuff_runner::app: Node 1 view(7624) far exceeds block count (1905); potential sync issue    
2026-08-10T05:55:11.251057Z  WARN ThreadId(20) hotstuff_runner::app: Node 1 [produce_block] queue size: 2, attempting up to 2 transactions this block    
2026-08-10T05:55:11.251248Z  WARN ThreadId(20) hotstuff_runner::app: Node 1 view(7628) far exceeds block count (1906); potential sync issue    
2026-08-10T05:55:11.382523Z  WARN ThreadId(20) hotstuff_runner::app: Node 1 [produce_block] queue size: 0, attempting up to 0 transactions this block    
2026-08-10T05:55:11.404075Z  WARN ThreadId(20) hotstuff_runner::app: Node 1 view(7632) far exceeds block count (1907); potential sync issue    
2026-08-10T05:55:11.549748Z  WARN ThreadId(20) hotstuff_runner::app: Node 1 [produce_block] queue size: 2, attempting up to 2 transactions this block    
2026-08-10T05:55:11.550037Z  WARN ThreadId(20) hotstuff_runner::app: Node 1 view(7636) far exceeds block count (1908); potential sync issue    
2026-08-10T05:55:11.700898Z  WARN ThreadId(20) hotstuff_runner::app: Node 1 [produce_block] queue size: 2, attempting up to 2 transactions this block    
2026-08-10T05:55:11.702158Z  WARN ThreadId(20) hotstuff_runner::app: Node 1 view(7640) far exceeds block count (1909); potential sync issue    
2026-08-10T05:55:11.876042Z  WARN ThreadId(20) hotstuff_runner::app: Node 1 [produce_block] queue size: 2, attempting up to 2 transactions this block    
2026-08-10T05:55:11.878975Z  WARN ThreadId(20) hotstuff_runner::app: Node 1 view(7644) far exceeds block count (1910); potential sync issue    
2026-08-10T05:55:12.116782Z  WARN ThreadId(20) hotstuff_runner::app: Node 1 [produce_block] queue size: 2, attempting up to 2 transactions this block    
2026-08-10T05:55:12.117071Z  WARN ThreadId(20) hotstuff_runner::app: Node 1 view(7648) far exceeds block count (1911); potential sync issue    
2026-08-10T05:55:12.274234Z  WARN ThreadId(20) hotstuff_runner::app: Node 1 [produce_block] queue size: 2, attempting up to 2 transactions this block    
2026-08-10T05:55:12.281148Z  WARN ThreadId(20) hotstuff_runner::app: Node 1 view(7652) far exceeds block count (1912); potential sync issue    
2026-08-10T05:55:12.368487Z  WARN ThreadId(20) hotstuff_runner::app: Node 1 [produce_block] queue size: 2, attempting up to 2 transactions this block    
2026-08-10T05:55:12.368750Z  WARN ThreadId(20) hotstuff_runner::app: Node 1 view(7656) far exceeds block count (1913); potential sync issue    
2026-08-10T05:55:12.494032Z  WARN ThreadId(20) hotstuff_runner::app: Node 1 [produce_block] queue size: 0, attempting up to 0 transactions this block    
2026-08-10T05:55:12.494230Z  WARN ThreadId(20) hotstuff_runner::app: Node 1 view(7660) far exceeds block count (1914); potential sync issue    
2026-08-10T05:55:12.637588Z  WARN ThreadId(20) hotstuff_runner::app: Node 1 [produce_block] queue size: 2, attempting up to 2 transactions this block    
2026-08-10T05:55:12.637838Z  WARN ThreadId(20) hotstuff_runner::app: Node 1 view(7664) far exceeds block count (1915); potential sync issue    
2026-08-10T05:55:12.828247Z  WARN ThreadId(20) hotstuff_runner::app: Node 1 [produce_block] queue size: 2, attempting up to 2 transactions this block    
2026-08-10T05:55:12.828440Z  WARN ThreadId(20) hotstuff_runner::app: Node 1 view(7668) far exceeds block count (1916); potential sync issue    
2026-08-10T05:55:13.022281Z  WARN ThreadId(20) hotstuff_runner::app: Node 1 [produce_block] queue size: 2, attempting up to 2 transactions this block    
2026-08-10T05:55:13.023007Z  WARN ThreadId(20) hotstuff_runner::app: Node 1 view(7672) far exceeds block count (1917); potential sync issue    
2026-08-10T05:55:13.164485Z  WARN ThreadId(20) hotstuff_runner::app: Node 1 [produce_block] queue size: 2, attempting up to 2 transactions this block    
2026-08-10T05:55:13.164633Z  WARN ThreadId(20) hotstuff_runner::app: Node 1 view(7676) far exceeds block count (1918); potential sync issue    
2026-08-10T05:55:13.321215Z  WARN ThreadId(20) hotstuff_runner::app: Node 1 [produce_block] queue size: 2, attempting up to 2 transactions this block    
2026-08-10T05:55:13.321558Z  WARN ThreadId(20) hotstuff_runner::app: Node 1 view(7680) far exceeds block count (1919); potential sync issue    
2026-08-10T05:55:13.415955Z  WARN ThreadId(20) hotstuff_runner::app: Node 1 [produce_block] queue size: 0, attempting up to 0 transactions this block    
2026-08-10T05:55:13.416813Z  WARN ThreadId(20) hotstuff_runner::app: Node 1 view(7684) far exceeds block count (1920); potential sync issue    
2026-08-10T05:55:13.565041Z  WARN ThreadId(20) hotstuff_runner::app: Node 1 [produce_block] queue size: 2, attempting up to 2 transactions this block    
2026-08-10T05:55:13.583693Z  WARN ThreadId(20) hotstuff_runner::app: Node 1 view(7688) far exceeds block count (1921); potential sync issue    
2026-08-10T05:55:13.713310Z  WARN ThreadId(20) hotstuff_runner::app: Node 1 [produce_block] queue size: 0, attempting up to 0 transactions this block    
2026-08-10T05:55:13.715236Z  WARN ThreadId(20) hotstuff_runner::app: Node 1 view(7692) far exceeds block count (1922); potential sync issue    
2026-08-10T05:55:13.842802Z  WARN ThreadId(03) docker_node: Low processing efficiency: 0.0% - system may need tuning
2026-08-10T05:55:13.894248Z  WARN ThreadId(20) hotstuff_runner::app: Node 1 [produce_block] queue size: 2, attempting up to 2 transactions this block    
2026-08-10T05:55:13.894514Z  WARN ThreadId(20) hotstuff_runner::app: Node 1 view(7696) far exceeds block count (1923); potential sync issue    
2026-08-10T05:55:14.075466Z  WARN ThreadId(20) hotstuff_runner::app: Node 1 [produce_block] queue size: 2, attempting up to 2 transactions this block    
2026-08-10T05:55:14.076676Z  WARN ThreadId(20) hotstuff_runner::app: Node 1 view(7700) far exceeds block count (1924); potential sync issue    
2026-08-10T05:55:14.370290Z  WARN ThreadId(20) hotstuff_runner::app: Node 1 [produce_block] queue size: 2, attempting up to 2 transactions this block    
2026-08-10T05:55:14.370789Z  WARN ThreadId(20) hotstuff_runner::app: Node 1 view(7704) far exceeds block count (1925); potential sync issue    
2026-08-10T05:55:14.560683Z  WARN ThreadId(20) hotstuff_runner::app: Node 1 [produce_block] queue size: 2, attempting up to 2 transactions this block    
2026-08-10T05:55:14.561954Z  WARN ThreadId(20) hotstuff_runner::app: Node 1 view(7708) far exceeds block count (1926); potential sync issue    
2026-08-10T05:55:14.799766Z  WARN ThreadId(20) hotstuff_runner::app: Node 1 [produce_block] queue size: 2, attempting up to 2 transactions this block    
2026-08-10T05:55:14.802825Z  WARN ThreadId(20) hotstuff_runner::app: Node 1 view(7712) far exceeds block count (1927); potential sync issue    
2026-08-10T05:55:14.973320Z  WARN ThreadId(20) hotstuff_runner::app: Node 1 [produce_block] queue size: 2, attempting up to 2 transactions this block    
2026-08-10T05:55:14.977009Z  WARN ThreadId(20) hotstuff_runner::app: Node 1 view(7716) far exceeds block count (1928); potential sync issue    
2026-08-10T05:55:15.176220Z  WARN ThreadId(20) hotstuff_runner::app: Node 1 [produce_block] queue size: 2, attempting up to 2 transactions this block    
2026-08-10T05:55:15.179629Z  WARN ThreadId(20) hotstuff_runner::app: Node 1 view(7720) far exceeds block count (1929); potential sync issue    
2026-08-10T05:55:15.298620Z  WARN ThreadId(20) hotstuff_runner::app: Node 1 [produce_block] queue size: 2, attempting up to 2 transactions this block    
2026-08-10T05:55:15.299425Z  WARN ThreadId(20) hotstuff_runner::app: Node 1 view(7724) far exceeds block count (1930); potential sync issue    
2026-08-10T05:55:15.611272Z  WARN ThreadId(20) hotstuff_runner::app: Node 1 [produce_block] queue size: 2, attempting up to 2 transactions this block    
2026-08-10T05:55:15.611948Z  WARN ThreadId(20) hotstuff_runner::app: Node 1 view(7728) far exceeds block count (1931); potential sync issue    
2026-08-10T05:55:15.729651Z  WARN ThreadId(20) hotstuff_runner::app: Node 1 [produce_block] queue size: 2, attempting up to 2 transactions this block    
2026-08-10T05:55:15.732219Z  WARN ThreadId(20) hotstuff_runner::app: Node 1 view(7732) far exceeds block count (1932); potential sync issue    
2026-08-10T05:55:15.848105Z  WARN ThreadId(20) hotstuff_runner::app: Node 1 [produce_block] queue size: 2, attempting up to 2 transactions this block    
2026-08-10T05:55:15.849270Z  WARN ThreadId(20) hotstuff_runner::app: Node 1 view(7736) far exceeds block count (1933); potential sync issue    
2026-08-10T05:55:15.988947Z  WARN ThreadId(20) hotstuff_runner::app: Node 1 [produce_block] queue size: 0, attempting up to 0 transactions this block    
2026-08-10T05:55:15.995342Z  WARN ThreadId(20) hotstuff_runner::app: Node 1 view(7740) far exceeds block count (1934); potential sync issue    
2026-08-10T05:55:16.135903Z  WARN ThreadId(20) hotstuff_runner::app: Node 1 [produce_block] queue size: 2, attempting up to 2 transactions this block    
2026-08-10T05:55:16.136081Z  WARN ThreadId(20) hotstuff_runner::app: Node 1 view(7744) far exceeds block count (1935); potential sync issue    
2026-08-10T05:55:16.273793Z  WARN ThreadId(20) hotstuff_runner::app: Node 1 [produce_block] queue size: 0, attempting up to 0 transactions this block    
2026-08-10T05:55:16.273949Z  WARN ThreadId(20) hotstuff_runner::app: Node 1 view(7748) far exceeds block count (1936); potential sync issue    
2026-08-10T05:55:16.412405Z  WARN ThreadId(20) hotstuff_runner::app: Node 1 [produce_block] queue size: 2, attempting up to 2 transactions this block    
2026-08-10T05:55:16.414548Z  WARN ThreadId(20) hotstuff_runner::app: Node 1 view(7752) far exceeds block count (1937); potential sync issue    
2026-08-10T05:55:16.612932Z  WARN ThreadId(20) hotstuff_runner::app: Node 1 [produce_block] queue size: 2, attempting up to 2 transactions this block    
2026-08-10T05:55:16.613301Z  WARN ThreadId(20) hotstuff_runner::app: Node 1 view(7756) far exceeds block count (1938); potential sync issue    
2026-08-10T05:55:16.748760Z  WARN ThreadId(20) hotstuff_runner::app: Node 1 [produce_block] queue size: 2, attempting up to 2 transactions this block    
2026-08-10T05:55:16.772635Z  WARN ThreadId(20) hotstuff_runner::app: Node 1 view(7760) far exceeds block count (1939); potential sync issue    
2026-08-10T05:55:16.969598Z  WARN ThreadId(20) hotstuff_runner::app: Node 1 [produce_block] queue size: 2, attempting up to 2 transactions this block    
2026-08-10T05:55:16.972800Z  WARN ThreadId(20) hotstuff_runner::app: Node 1 view(7764) far exceeds block count (1940); potential sync issue    
2026-08-10T05:55:17.172974Z  WARN ThreadId(20) hotstuff_runner::app: Node 1 [produce_block] queue size: 2, attempting up to 2 transactions this block    
2026-08-10T05:55:17.173934Z  WARN ThreadId(20) hotstuff_runner::app: Node 1 view(7768) far exceeds block count (1941); potential sync issue    
2026-08-10T05:55:17.382447Z  WARN ThreadId(20) hotstuff_runner::app: Node 1 [produce_block] queue size: 2, attempting up to 2 transactions this block    
2026-08-10T05:55:17.382933Z  WARN ThreadId(20) hotstuff_runner::app: Node 1 view(7772) far exceeds block count (1942); potential sync issue    
2026-08-10T05:55:17.508754Z  WARN ThreadId(20) hotstuff_runner::app: Node 1 [produce_block] queue size: 2, attempting up to 2 transactions this block    
2026-08-10T05:55:17.511168Z  WARN ThreadId(20) hotstuff_runner::app: Node 1 view(7776) far exceeds block count (1943); potential sync issue    
2026-08-10T05:55:17.646085Z  WARN ThreadId(20) hotstuff_runner::app: Node 1 [produce_block] queue size: 2, attempting up to 2 transactions this block    
2026-08-10T05:55:17.646523Z  WARN ThreadId(20) hotstuff_runner::app: Node 1 view(7780) far exceeds block count (1944); potential sync issue    
2026-08-10T05:55:17.762416Z  WARN ThreadId(20) hotstuff_runner::app: Node 1 [produce_block] queue size: 0, attempting up to 0 transactions this block    
2026-08-10T05:55:17.762908Z  WARN ThreadId(20) hotstuff_runner::app: Node 1 view(7784) far exceeds block count (1945); potential sync issue    
2026-08-10T05:55:17.915040Z  WARN ThreadId(20) hotstuff_runner::app: Node 1 [produce_block] queue size: 2, attempting up to 2 transactions this block    
2026-08-10T05:55:17.915206Z  WARN ThreadId(20) hotstuff_runner::app: Node 1 view(7788) far exceeds block count (1946); potential sync issue    
2026-08-10T05:55:18.002534Z  WARN ThreadId(20) hotstuff_runner::app: Node 1 [produce_block] queue size: 2, attempting up to 2 transactions this block    
2026-08-10T05:55:18.003431Z  WARN ThreadId(20) hotstuff_runner::app: Node 1 view(7792) far exceeds block count (1947); potential sync issue    
2026-08-10T05:55:18.251385Z  WARN ThreadId(20) hotstuff_runner::app: Node 1 [produce_block] queue size: 2, attempting up to 2 transactions this block    
2026-08-10T05:55:18.266001Z  WARN ThreadId(20) hotstuff_runner::app: Node 1 view(7796) far exceeds block count (1948); potential sync issue    
2026-08-10T05:55:18.492454Z  WARN ThreadId(20) hotstuff_runner::app: Node 1 [produce_block] queue size: 2, attempting up to 2 transactions this block    
2026-08-10T05:55:18.494692Z  WARN ThreadId(20) hotstuff_runner::app: Node 1 view(7800) far exceeds block count (1949); potential sync issue    
2026-08-10T05:55:18.702647Z  WARN ThreadId(20) hotstuff_runner::app: Node 1 [produce_block] queue size: 2, attempting up to 2 transactions this block    
2026-08-10T05:55:18.704348Z  WARN ThreadId(20) hotstuff_runner::app: Node 1 view(7804) far exceeds block count (1950); potential sync issue    
2026-08-10T05:55:18.842842Z  WARN ThreadId(07) docker_node: Low processing efficiency: 0.0% - system may need tuning
2026-08-10T05:55:18.882531Z  WARN ThreadId(20) hotstuff_runner::app: Node 1 [produce_block] queue size: 2, attempting up to 2 transactions this block    
2026-08-10T05:55:18.887123Z  WARN ThreadId(20) hotstuff_runner::app: Node 1 view(7808) far exceeds block count (1951); potential sync issue    
2026-08-10T05:55:19.060248Z  WARN ThreadId(20) hotstuff_runner::app: Node 1 [produce_block] queue size: 2, attempting up to 2 transactions this block    
2026-08-10T05:55:19.060836Z  WARN ThreadId(20) hotstuff_runner::app: Node 1 view(7812) far exceeds block count (1952); potential sync issue    
2026-08-10T05:55:19.276876Z  WARN ThreadId(20) hotstuff_runner::app: Node 1 [produce_block] queue size: 2, attempting up to 2 transactions this block    
2026-08-10T05:55:19.278246Z  WARN ThreadId(20) hotstuff_runner::app: Node 1 view(7816) far exceeds block count (1953); potential sync issue    
2026-08-10T05:55:19.421431Z  WARN ThreadId(20) hotstuff_runner::app: Node 1 [produce_block] queue size: 2, attempting up to 2 transactions this block    
2026-08-10T05:55:19.421731Z  WARN ThreadId(20) hotstuff_runner::app: Node 1 view(7820) far exceeds block count (1954); potential sync issue    
2026-08-10T05:55:19.520075Z  WARN ThreadId(20) hotstuff_runner::app: Node 1 [produce_block] queue size: 0, attempting up to 0 transactions this block    
2026-08-10T05:55:19.520216Z  WARN ThreadId(20) hotstuff_runner::app: Node 1 view(7824) far exceeds block count (1955); potential sync issue    
2026-08-10T05:55:19.663581Z  WARN ThreadId(20) hotstuff_runner::app: Node 1 [produce_block] queue size: 2, attempting up to 2 transactions this block    
2026-08-10T05:55:19.666239Z  WARN ThreadId(20) hotstuff_runner::app: Node 1 view(7828) far exceeds block count (1956); potential sync issue    
2026-08-10T05:55:19.819943Z  WARN ThreadId(20) hotstuff_runner::app: Node 1 [produce_block] queue size: 0, attempting up to 0 transactions this block    
2026-08-10T05:55:19.820371Z  WARN ThreadId(20) hotstuff_runner::app: Node 1 view(7832) far exceeds block count (1957); potential sync issue    
2026-08-10T05:55:20.041374Z  WARN ThreadId(20) hotstuff_runner::app: Node 1 [produce_block] queue size: 2, attempting up to 2 transactions this block    
2026-08-10T05:55:20.058472Z  WARN ThreadId(20) hotstuff_runner::app: Node 1 view(7836) far exceeds block count (1958); potential sync issue    
2026-08-10T05:55:20.285096Z  WARN ThreadId(20) hotstuff_runner::app: Node 1 [produce_block] queue size: 4, attempting up to 4 transactions this block    
2026-08-10T05:55:20.292161Z  WARN ThreadId(20) hotstuff_runner::app: Node 1 view(7840) far exceeds block count (1959); potential sync issue    
2026-08-10T05:55:20.555099Z  WARN ThreadId(20) hotstuff_runner::app: Node 1 [produce_block] queue size: 2, attempting up to 2 transactions this block    
2026-08-10T05:55:20.556086Z  WARN ThreadId(20) hotstuff_runner::app: Node 1 view(7844) far exceeds block count (1960); potential sync issue    
2026-08-10T05:55:20.666691Z  WARN ThreadId(20) hotstuff_runner::app: Node 1 [produce_block] queue size: 0, attempting up to 0 transactions this block    
2026-08-10T05:55:20.667148Z  WARN ThreadId(20) hotstuff_runner::app: Node 1 view(7848) far exceeds block count (1961); potential sync issue    
2026-08-10T05:55:20.887753Z  WARN ThreadId(20) hotstuff_runner::app: Node 1 [produce_block] queue size: 4, attempting up to 4 transactions this block    
2026-08-10T05:55:20.888005Z  WARN ThreadId(20) hotstuff_runner::app: Node 1 view(7852) far exceeds block count (1962); potential sync issue    
2026-08-10T05:55:21.009811Z  WARN ThreadId(20) hotstuff_runner::app: Node 1 [produce_block] queue size: 0, attempting up to 0 transactions this block    
2026-08-10T05:55:21.013037Z  WARN ThreadId(20) hotstuff_runner::app: Node 1 view(7856) far exceeds block count (1963); potential sync issue    
2026-08-10T05:55:21.116347Z  WARN ThreadId(20) hotstuff_runner::app: Node 1 [produce_block] queue size: 2, attempting up to 2 transactions this block    
2026-08-10T05:55:21.119899Z  WARN ThreadId(20) hotstuff_runner::app: Node 1 view(7860) far exceeds block count (1964); potential sync issue    
2026-08-10T05:55:21.265577Z  WARN ThreadId(20) hotstuff_runner::app: Node 1 [produce_block] queue size: 2, attempting up to 2 transactions this block    
2026-08-10T05:55:21.270905Z  WARN ThreadId(20) hotstuff_runner::app: Node 1 view(7864) far exceeds block count (1965); potential sync issue    
2026-08-10T05:55:21.433042Z  WARN ThreadId(20) hotstuff_runner::app: Node 1 [produce_block] queue size: 0, attempting up to 0 transactions this block    
2026-08-10T05:55:21.433495Z  WARN ThreadId(20) hotstuff_runner::app: Node 1 view(7868) far exceeds block count (1966); potential sync issue    
2026-08-10T05:55:21.627512Z  WARN ThreadId(20) hotstuff_runner::app: Node 1 [produce_block] queue size: 2, attempting up to 2 transactions this block    
2026-08-10T05:55:21.627734Z  WARN ThreadId(20) hotstuff_runner::app: Node 1 view(7872) far exceeds block count (1967); potential sync issue    
2026-08-10T05:55:21.767057Z  WARN ThreadId(20) hotstuff_runner::app: Node 1 [produce_block] queue size: 2, attempting up to 2 transactions this block    
2026-08-10T05:55:21.767377Z  WARN ThreadId(20) hotstuff_runner::app: Node 1 view(7876) far exceeds block count (1968); potential sync issue    
2026-08-10T05:55:21.926888Z  WARN ThreadId(20) hotstuff_runner::app: Node 1 [produce_block] queue size: 2, attempting up to 2 transactions this block    
2026-08-10T05:55:21.931651Z  WARN ThreadId(20) hotstuff_runner::app: Node 1 view(7880) far exceeds block count (1969); potential sync issue    
2026-08-10T05:55:22.134275Z  WARN ThreadId(20) hotstuff_runner::app: Node 1 [produce_block] queue size: 2, attempting up to 2 transactions this block    
2026-08-10T05:55:22.134789Z  WARN ThreadId(20) hotstuff_runner::app: Node 1 view(7884) far exceeds block count (1970); potential sync issue    
2026-08-10T05:55:22.227785Z  WARN ThreadId(20) hotstuff_runner::app: Node 1 [produce_block] queue size: 2, attempting up to 2 transactions this block    
2026-08-10T05:55:22.228281Z  WARN ThreadId(20) hotstuff_runner::app: Node 1 view(7888) far exceeds block count (1971); potential sync issue    
2026-08-10T05:55:22.339859Z  WARN ThreadId(20) hotstuff_runner::app: Node 1 [produce_block] queue size: 0, attempting up to 0 transactions this block    
2026-08-10T05:55:22.340015Z  WARN ThreadId(20) hotstuff_runner::app: Node 1 view(7892) far exceeds block count (1972); potential sync issue    
2026-08-10T05:55:22.536498Z  WARN ThreadId(20) hotstuff_runner::app: Node 1 [produce_block] queue size: 2, attempting up to 2 transactions this block    
2026-08-10T05:55:22.536710Z  WARN ThreadId(20) hotstuff_runner::app: Node 1 view(7896) far exceeds block count (1973); potential sync issue    
2026-08-10T05:55:22.774513Z  WARN ThreadId(20) hotstuff_runner::app: Node 1 [produce_block] queue size: 2, attempting up to 2 transactions this block    
2026-08-10T05:55:22.781494Z  WARN ThreadId(20) hotstuff_runner::app: Node 1 view(7900) far exceeds block count (1974); potential sync issue    
2026-08-10T05:55:23.084041Z  WARN ThreadId(20) hotstuff_runner::app: Node 1 [produce_block] queue size: 2, attempting up to 2 transactions this block    
2026-08-10T05:55:23.086398Z  WARN ThreadId(20) hotstuff_runner::app: Node 1 view(7904) far exceeds block count (1975); potential sync issue    
2026-08-10T05:55:23.308701Z  WARN ThreadId(20) hotstuff_runner::app: Node 1 [produce_block] queue size: 4, attempting up to 4 transactions this block    
2026-08-10T05:55:23.311334Z  WARN ThreadId(20) hotstuff_runner::app: Node 1 view(7908) far exceeds block count (1976); potential sync issue    
2026-08-10T05:55:23.462945Z  WARN ThreadId(20) hotstuff_runner::app: Node 1 [produce_block] queue size: 2, attempting up to 2 transactions this block    
2026-08-10T05:55:23.463501Z  WARN ThreadId(20) hotstuff_runner::app: Node 1 view(7912) far exceeds block count (1977); potential sync issue    
2026-08-10T05:55:23.606739Z  WARN ThreadId(20) hotstuff_runner::app: Node 1 [produce_block] queue size: 0, attempting up to 0 transactions this block    
2026-08-10T05:55:23.606878Z  WARN ThreadId(20) hotstuff_runner::app: Node 1 view(7916) far exceeds block count (1978); potential sync issue    
2026-08-10T05:55:23.736168Z  WARN ThreadId(20) hotstuff_runner::app: Node 1 [produce_block] queue size: 2, attempting up to 2 transactions this block    
2026-08-10T05:55:23.736664Z  WARN ThreadId(20) hotstuff_runner::app: Node 1 view(7920) far exceeds block count (1979); potential sync issue    
2026-08-10T05:55:23.843045Z  WARN ThreadId(06) docker_node: Low processing efficiency: 0.0% - system may need tuning
2026-08-10T05:55:23.920792Z  WARN ThreadId(20) hotstuff_runner::app: Node 1 [produce_block] queue size: 2, attempting up to 2 transactions this block    
2026-08-10T05:55:23.920884Z  WARN ThreadId(20) hotstuff_runner::app: Node 1 view(7924) far exceeds block count (1980); potential sync issue    
2026-08-10T05:55:24.124208Z  WARN ThreadId(20) hotstuff_runner::app: Node 1 [produce_block] queue size: 2, attempting up to 2 transactions this block    
2026-08-10T05:55:24.124614Z  WARN ThreadId(20) hotstuff_runner::app: Node 1 view(7928) far exceeds block count (1981); potential sync issue    
2026-08-10T05:55:24.266881Z  WARN ThreadId(20) hotstuff_runner::app: Node 1 [produce_block] queue size: 2, attempting up to 2 transactions this block    
2026-08-10T05:55:24.267071Z  WARN ThreadId(20) hotstuff_runner::app: Node 1 view(7932) far exceeds block count (1982); potential sync issue    
2026-08-10T05:55:24.366607Z  WARN ThreadId(20) hotstuff_runner::app: Node 1 [produce_block] queue size: 0, attempting up to 0 transactions this block    
2026-08-10T05:55:24.366941Z  WARN ThreadId(20) hotstuff_runner::app: Node 1 view(7936) far exceeds block count (1983); potential sync issue    
2026-08-10T05:55:24.481283Z  WARN ThreadId(20) hotstuff_runner::app: Node 1 [produce_block] queue size: 2, attempting up to 2 transactions this block    
2026-08-10T05:55:24.481536Z  WARN ThreadId(20) hotstuff_runner::app: Node 1 view(7940) far exceeds block count (1984); potential sync issue    
2026-08-10T05:55:24.694883Z  WARN ThreadId(20) hotstuff_runner::app: Node 1 [produce_block] queue size: 2, attempting up to 2 transactions this block    
2026-08-10T05:55:24.695589Z  WARN ThreadId(20) hotstuff_runner::app: Node 1 view(7944) far exceeds block count (1985); potential sync issue    
2026-08-10T05:55:24.936091Z  WARN ThreadId(20) hotstuff_runner::app: Node 1 [produce_block] queue size: 2, attempting up to 2 transactions this block    
2026-08-10T05:55:24.938878Z  WARN ThreadId(20) hotstuff_runner::app: Node 1 view(7948) far exceeds block count (1986); potential sync issue    
2026-08-10T05:55:25.110819Z  WARN ThreadId(20) hotstuff_runner::app: Node 1 [produce_block] queue size: 2, attempting up to 2 transactions this block    
2026-08-10T05:55:25.111982Z  WARN ThreadId(20) hotstuff_runner::app: Node 1 view(7952) far exceeds block count (1987); potential sync issue    
2026-08-10T05:55:25.256202Z  WARN ThreadId(20) hotstuff_runner::app: Node 1 [produce_block] queue size: 0, attempting up to 0 transactions this block    
2026-08-10T05:55:25.262245Z  WARN ThreadId(20) hotstuff_runner::app: Node 1 view(7956) far exceeds block count (1988); potential sync issue    
2026-08-10T05:55:25.410133Z  WARN ThreadId(20) hotstuff_runner::app: Node 1 [produce_block] queue size: 0, attempting up to 0 transactions this block    
2026-08-10T05:55:25.411136Z  WARN ThreadId(20) hotstuff_runner::app: Node 1 view(7960) far exceeds block count (1989); potential sync issue    
2026-08-10T05:55:25.623596Z  WARN ThreadId(20) hotstuff_runner::app: Node 1 [produce_block] queue size: 2, attempting up to 2 transactions this block    
2026-08-10T05:55:25.625937Z  WARN ThreadId(20) hotstuff_runner::app: Node 1 view(7964) far exceeds block count (1990); potential sync issue    
2026-08-10T05:55:25.769889Z  WARN ThreadId(20) hotstuff_runner::app: Node 1 [produce_block] queue size: 2, attempting up to 2 transactions this block    
2026-08-10T05:55:25.770333Z  WARN ThreadId(20) hotstuff_runner::app: Node 1 view(7968) far exceeds block count (1991); potential sync issue    
2026-08-10T05:55:25.861636Z  WARN ThreadId(20) hotstuff_runner::app: Node 1 [produce_block] queue size: 2, attempting up to 2 transactions this block    
2026-08-10T05:55:25.862418Z  WARN ThreadId(20) hotstuff_runner::app: Node 1 view(7972) far exceeds block count (1992); potential sync issue    
2026-08-10T05:55:26.008216Z  WARN ThreadId(20) hotstuff_runner::app: Node 1 [produce_block] queue size: 0, attempting up to 0 transactions this block    
2026-08-10T05:55:26.009497Z  WARN ThreadId(20) hotstuff_runner::app: Node 1 view(7976) far exceeds block count (1993); potential sync issue    
2026-08-10T05:55:26.216330Z  WARN ThreadId(20) hotstuff_runner::app: Node 1 [produce_block] queue size: 4, attempting up to 4 transactions this block    
2026-08-10T05:55:26.220696Z  WARN ThreadId(20) hotstuff_runner::app: Node 1 view(7980) far exceeds block count (1994); potential sync issue    
2026-08-10T05:55:26.358917Z  WARN ThreadId(20) hotstuff_runner::app: Node 1 [produce_block] queue size: 0, attempting up to 0 transactions this block    
2026-08-10T05:55:26.359022Z  WARN ThreadId(20) hotstuff_runner::app: Node 1 view(7984) far exceeds block count (1995); potential sync issue    
2026-08-10T05:55:26.506032Z  WARN ThreadId(20) hotstuff_runner::app: Node 1 [produce_block] queue size: 2, attempting up to 2 transactions this block    
2026-08-10T05:55:26.506453Z  WARN ThreadId(20) hotstuff_runner::app: Node 1 view(7988) far exceeds block count (1996); potential sync issue    
2026-08-10T05:55:26.579815Z  WARN ThreadId(20) hotstuff_rs::block_tree::invariants: SAFE_PC_FAIL: pc.block=[97, 108, 252, 60, 191, 143, 108, 189, 106, 152, 212, 64, 109, 58, 239, 34, 6, 175, 51, 237, 175, 3, 107, 157, 129, 230, 226, 39, 240, 150, 137, 206] view=7989 phase=Generic | cond1(chain_id/genesis)=true (pc.chain_id=0, my.chain_id=0) | cond2(block_exists/genesis)=false (exists=false) | cond3(view>locked || extends)=true (pc.view=7989, locked.view=7986, extends=false) | cond4(phase/updates)=true (phase_special=false, has_updates=false) | highest_pc.block=[113, 33, 136, 205, 212, 171, 225, 31, 121, 186, 156, 91, 101, 244, 179, 246, 118, 217, 171, 203, 177, 225, 28, 165, 18, 35, 67, 25, 15, 16, 2, 222] highest_pc.view=7987 locked.block=[48, 213, 133, 59, 28, 27, 151, 10, 234, 28, 39, 59, 51, 32, 47, 134, 165, 167, 76, 90, 225, 1, 13, 115, 182, 86, 35, 54, 54, 3, 206, 61] locked.view=7986    
2026-08-10T05:55:26.586312Z  WARN ThreadId(20) hotstuff_rs::block_tree::invariants: SAFE_BLOCK_FAIL: block=[174, 27, 180, 97, 18, 7, 46, 205, 185, 165, 57, 221, 64, 19, 225, 23, 247, 20, 45, 229, 71, 14, 119, 76, 18, 141, 55, 221, 123, 149, 240, 108] height=None | cond1(safe_pc)=false | cond2(is_block_justify)=true (justify.phase=Generic) | justify.block=[97, 108, 252, 60, 191, 143, 108, 189, 106, 152, 212, 64, 109, 58, 239, 34, 6, 175, 51, 237, 175, 3, 107, 157, 129, 230, 226, 39, 240, 150, 137, 206] justify.view=7989 | highest_pc.block=[113, 33, 136, 205, 212, 171, 225, 31, 121, 186, 156, 91, 101, 244, 179, 246, 118, 217, 171, 203, 177, 225, 28, 165, 18, 35, 67, 25, 15, 16, 2, 222] highest_pc.view=7987 | locked.block=[48, 213, 133, 59, 28, 27, 151, 10, 234, 28, 39, 59, 51, 32, 47, 134, 165, 167, 76, 90, 225, 1, 13, 115, 182, 86, 35, 54, 54, 3, 206, 61] locked.view=7986    
2026-08-10T05:55:26.621760Z  WARN ThreadId(20) hotstuff_rs::block_tree::invariants: SAFE_PC_FAIL: pc.block=[174, 27, 180, 97, 18, 7, 46, 205, 185, 165, 57, 221, 64, 19, 225, 23, 247, 20, 45, 229, 71, 14, 119, 76, 18, 141, 55, 221, 123, 149, 240, 108] view=7990 phase=Generic | cond1(chain_id/genesis)=true (pc.chain_id=0, my.chain_id=0) | cond2(block_exists/genesis)=false (exists=false) | cond3(view>locked || extends)=true (pc.view=7990, locked.view=7986, extends=false) | cond4(phase/updates)=true (phase_special=false, has_updates=false) | highest_pc.block=[113, 33, 136, 205, 212, 171, 225, 31, 121, 186, 156, 91, 101, 244, 179, 246, 118, 217, 171, 203, 177, 225, 28, 165, 18, 35, 67, 25, 15, 16, 2, 222] highest_pc.view=7987 locked.block=[48, 213, 133, 59, 28, 27, 151, 10, 234, 28, 39, 59, 51, 32, 47, 134, 165, 167, 76, 90, 225, 1, 13, 115, 182, 86, 35, 54, 54, 3, 206, 61] locked.view=7986    
2026-08-10T05:55:26.627508Z  WARN ThreadId(20) hotstuff_rs::block_tree::invariants: SAFE_BLOCK_FAIL: block=[174, 84, 72, 150, 43, 7, 115, 220, 77, 95, 164, 116, 116, 7, 58, 204, 196, 115, 179, 42, 8, 253, 245, 47, 172, 100, 236, 27, 26, 29, 154, 236] height=None | cond1(safe_pc)=false | cond2(is_block_justify)=true (justify.phase=Generic) | justify.block=[174, 27, 180, 97, 18, 7, 46, 205, 185, 165, 57, 221, 64, 19, 225, 23, 247, 20, 45, 229, 71, 14, 119, 76, 18, 141, 55, 221, 123, 149, 240, 108] justify.view=7990 | highest_pc.block=[113, 33, 136, 205, 212, 171, 225, 31, 121, 186, 156, 91, 101, 244, 179, 246, 118, 217, 171, 203, 177, 225, 28, 165, 18, 35, 67, 25, 15, 16, 2, 222] highest_pc.view=7987 | locked.block=[48, 213, 133, 59, 28, 27, 151, 10, 234, 28, 39, 59, 51, 32, 47, 134, 165, 167, 76, 90, 225, 1, 13, 115, 182, 86, 35, 54, 54, 3, 206, 61] locked.view=7986    
2026-08-10T05:55:26.630074Z  WARN ThreadId(20) hotstuff_rs::block_tree::invariants: SAFE_PC_FAIL: pc.block=[174, 84, 72, 150, 43, 7, 115, 220, 77, 95, 164, 116, 116, 7, 58, 204, 196, 115, 179, 42, 8, 253, 245, 47, 172, 100, 236, 27, 26, 29, 154, 236] view=7991 phase=Generic | cond1(chain_id/genesis)=true (pc.chain_id=0, my.chain_id=0) | cond2(block_exists/genesis)=false (exists=false) | cond3(view>locked || extends)=true (pc.view=7991, locked.view=7986, extends=false) | cond4(phase/updates)=true (phase_special=false, has_updates=false) | highest_pc.block=[113, 33, 136, 205, 212, 171, 225, 31, 121, 186, 156, 91, 101, 244, 179, 246, 118, 217, 171, 203, 177, 225, 28, 165, 18, 35, 67, 25, 15, 16, 2, 222] highest_pc.view=7987 locked.block=[48, 213, 133, 59, 28, 27, 151, 10, 234, 28, 39, 59, 51, 32, 47, 134, 165, 167, 76, 90, 225, 1, 13, 115, 182, 86, 35, 54, 54, 3, 206, 61] locked.view=7986    
2026-08-10T05:55:26.671980Z  WARN ThreadId(20) hotstuff_rs::block_tree::invariants: SAFE_PC_FAIL: pc.block=[174, 27, 180, 97, 18, 7, 46, 205, 185, 165, 57, 221, 64, 19, 225, 23, 247, 20, 45, 229, 71, 14, 119, 76, 18, 141, 55, 221, 123, 149, 240, 108] view=7990 phase=Generic | cond1(chain_id/genesis)=true (pc.chain_id=0, my.chain_id=0) | cond2(block_exists/genesis)=false (exists=false) | cond3(view>locked || extends)=true (pc.view=7990, locked.view=7987, extends=false) | cond4(phase/updates)=true (phase_special=false, has_updates=false) | highest_pc.block=[214, 26, 106, 8, 108, 8, 129, 197, 0, 197, 194, 59, 13, 184, 51, 31, 217, 180, 204, 127, 108, 29, 219, 246, 18, 84, 114, 188, 224, 246, 34, 91] highest_pc.view=7988 locked.block=[113, 33, 136, 205, 212, 171, 225, 31, 121, 186, 156, 91, 101, 244, 179, 246, 118, 217, 171, 203, 177, 225, 28, 165, 18, 35, 67, 25, 15, 16, 2, 222] locked.view=7987    
2026-08-10T05:55:27.108561Z  WARN ThreadId(20) hotstuff_runner::app: Node 1 [produce_block] queue size: 6, attempting up to 6 transactions this block    
2026-08-10T05:55:27.108927Z  WARN ThreadId(20) hotstuff_runner::app: Node 1 view(7992) far exceeds block count (1997); potential sync issue    
2026-08-10T05:55:27.109133Z  WARN ThreadId(21) hotstuff_runner::tcp_node: Node 1 view 7991 timed out; latency may accumulate
2026-08-10T05:55:27.234850Z  WARN ThreadId(20) hotstuff_runner::app: Node 1 [produce_block] queue size: 0, attempting up to 0 transactions this block    
2026-08-10T05:55:27.239239Z  WARN ThreadId(20) hotstuff_runner::app: Node 1 view(7996) far exceeds block count (1998); potential sync issue    
2026-08-10T05:55:27.401236Z  WARN ThreadId(20) hotstuff_runner::app: Node 1 [produce_block] queue size: 2, attempting up to 2 transactions this block    
2026-08-10T05:55:27.405256Z  WARN ThreadId(20) hotstuff_runner::app: Node 1 view(8000) far exceeds block count (1999); potential sync issue    
2026-08-10T05:55:27.556756Z  WARN ThreadId(20) hotstuff_runner::app: Node 1 [produce_block] queue size: 2, attempting up to 2 transactions this block    
2026-08-10T05:55:27.562432Z  WARN ThreadId(20) hotstuff_runner::app: Node 1 view(8004) far exceeds block count (2000); potential sync issue    
2026-08-10T05:55:27.728217Z  WARN ThreadId(20) hotstuff_runner::app: Node 1 [produce_block] queue size: 2, attempting up to 2 transactions this block    
2026-08-10T05:55:27.728673Z  WARN ThreadId(20) hotstuff_runner::app: Node 1 view(8008) far exceeds block count (2001); potential sync issue    
2026-08-10T05:55:27.944017Z  WARN ThreadId(20) hotstuff_runner::app: Node 1 [produce_block] queue size: 2, attempting up to 2 transactions this block    
2026-08-10T05:55:27.947684Z  WARN ThreadId(20) hotstuff_runner::app: Node 1 view(8012) far exceeds block count (2002); potential sync issue    
2026-08-10T05:55:28.089433Z  WARN ThreadId(20) hotstuff_runner::app: Node 1 [produce_block] queue size: 0, attempting up to 0 transactions this block    
2026-08-10T05:55:28.090475Z  WARN ThreadId(20) hotstuff_runner::app: Node 1 view(8016) far exceeds block count (2003); potential sync issue    
2026-08-10T05:55:28.216280Z  WARN ThreadId(20) hotstuff_runner::app: Node 1 [produce_block] queue size: 2, attempting up to 2 transactions this block    
2026-08-10T05:55:28.216495Z  WARN ThreadId(20) hotstuff_runner::app: Node 1 view(8020) far exceeds block count (2004); potential sync issue    
2026-08-10T05:55:28.339829Z  WARN ThreadId(20) hotstuff_runner::app: Node 1 [produce_block] queue size: 2, attempting up to 2 transactions this block    
2026-08-10T05:55:28.340036Z  WARN ThreadId(20) hotstuff_runner::app: Node 1 view(8024) far exceeds block count (2005); potential sync issue    
2026-08-10T05:55:28.490263Z  WARN ThreadId(20) hotstuff_runner::app: Node 1 [produce_block] queue size: 0, attempting up to 0 transactions this block    
2026-08-10T05:55:28.490888Z  WARN ThreadId(20) hotstuff_runner::app: Node 1 view(8028) far exceeds block count (2006); potential sync issue    
2026-08-10T05:55:28.668406Z  WARN ThreadId(20) hotstuff_runner::app: Node 1 [produce_block] queue size: 2, attempting up to 2 transactions this block    
2026-08-10T05:55:28.669709Z  WARN ThreadId(20) hotstuff_runner::app: Node 1 view(8032) far exceeds block count (2007); potential sync issue    
2026-08-10T05:55:28.786162Z  WARN ThreadId(20) hotstuff_runner::app: Node 1 [produce_block] queue size: 2, attempting up to 2 transactions this block    
2026-08-10T05:55:28.788228Z  WARN ThreadId(20) hotstuff_runner::app: Node 1 view(8036) far exceeds block count (2008); potential sync issue    
2026-08-10T05:55:28.928639Z  WARN ThreadId(07) docker_node: Low processing efficiency: 0.0% - system may need tuning
2026-08-10T05:55:28.983136Z  WARN ThreadId(20) hotstuff_runner::app: Node 1 [produce_block] queue size: 2, attempting up to 2 transactions this block    
2026-08-10T05:55:28.983555Z  WARN ThreadId(20) hotstuff_runner::app: Node 1 view(8040) far exceeds block count (2009); potential sync issue    
2026-08-10T05:55:29.104711Z  WARN ThreadId(20) hotstuff_runner::app: Node 1 [produce_block] queue size: 0, attempting up to 0 transactions this block    
2026-08-10T05:55:29.106370Z  WARN ThreadId(20) hotstuff_runner::app: Node 1 view(8044) far exceeds block count (2010); potential sync issue    
2026-08-10T05:55:29.264273Z  WARN ThreadId(20) hotstuff_runner::app: Node 1 [produce_block] queue size: 2, attempting up to 2 transactions this block    
2026-08-10T05:55:29.264925Z  WARN ThreadId(20) hotstuff_runner::app: Node 1 view(8048) far exceeds block count (2011); potential sync issue    
2026-08-10T05:55:29.370873Z  WARN ThreadId(20) hotstuff_runner::app: Node 1 [produce_block] queue size: 0, attempting up to 0 transactions this block    
2026-08-10T05:55:29.371956Z  WARN ThreadId(20) hotstuff_runner::app: Node 1 view(8052) far exceeds block count (2012); potential sync issue    
2026-08-10T05:55:29.490427Z  WARN ThreadId(20) hotstuff_runner::app: Node 1 [produce_block] queue size: 2, attempting up to 2 transactions this block    
2026-08-10T05:55:29.490664Z  WARN ThreadId(20) hotstuff_runner::app: Node 1 view(8056) far exceeds block count (2013); potential sync issue    
2026-08-10T05:55:29.650671Z  WARN ThreadId(20) hotstuff_runner::app: Node 1 [produce_block] queue size: 2, attempting up to 2 transactions this block    
2026-08-10T05:55:29.650805Z  WARN ThreadId(20) hotstuff_runner::app: Node 1 view(8060) far exceeds block count (2014); potential sync issue    
2026-08-10T05:55:29.869611Z  WARN ThreadId(20) hotstuff_runner::app: Node 1 [produce_block] queue size: 2, attempting up to 2 transactions this block    
2026-08-10T05:55:29.871657Z  WARN ThreadId(20) hotstuff_runner::app: Node 1 view(8064) far exceeds block count (2015); potential sync issue    
2026-08-10T05:55:30.014646Z  WARN ThreadId(20) hotstuff_runner::app: Node 1 [produce_block] queue size: 2, attempting up to 2 transactions this block    
2026-08-10T05:55:30.023173Z  WARN ThreadId(20) hotstuff_runner::app: Node 1 view(8068) far exceeds block count (2016); potential sync issue    
2026-08-10T05:55:30.264149Z  WARN ThreadId(20) hotstuff_runner::app: Node 1 [produce_block] queue size: 2, attempting up to 2 transactions this block    
2026-08-10T05:55:30.264766Z  WARN ThreadId(20) hotstuff_runner::app: Node 1 view(8072) far exceeds block count (2017); potential sync issue    
2026-08-10T05:55:30.425773Z  WARN ThreadId(20) hotstuff_runner::app: Node 1 [produce_block] queue size: 2, attempting up to 2 transactions this block    
2026-08-10T05:55:30.426286Z  WARN ThreadId(20) hotstuff_runner::app: Node 1 view(8076) far exceeds block count (2018); potential sync issue    
2026-08-10T05:55:30.764917Z  WARN ThreadId(20) hotstuff_runner::app: Node 1 [produce_block] queue size: 4, attempting up to 4 transactions this block    
2026-08-10T05:55:30.768962Z  WARN ThreadId(20) hotstuff_runner::app: Node 1 view(8080) far exceeds block count (2019); potential sync issue    
2026-08-10T05:55:30.961059Z  WARN ThreadId(20) hotstuff_runner::app: Node 1 [produce_block] queue size: 2, attempting up to 2 transactions this block    
2026-08-10T05:55:30.961262Z  WARN ThreadId(20) hotstuff_runner::app: Node 1 view(8084) far exceeds block count (2020); potential sync issue    
2026-08-10T05:55:31.214620Z  WARN ThreadId(20) hotstuff_runner::app: Node 1 [produce_block] queue size: 2, attempting up to 2 transactions this block    
2026-08-10T05:55:31.218258Z  WARN ThreadId(20) hotstuff_runner::app: Node 1 view(8088) far exceeds block count (2021); potential sync issue    
2026-08-10T05:55:31.386657Z  WARN ThreadId(20) hotstuff_runner::app: Node 1 [produce_block] queue size: 2, attempting up to 2 transactions this block    
2026-08-10T05:55:31.389405Z  WARN ThreadId(20) hotstuff_runner::app: Node 1 view(8092) far exceeds block count (2022); potential sync issue    
2026-08-10T05:55:31.671622Z  WARN ThreadId(20) hotstuff_runner::app: Node 1 [produce_block] queue size: 2, attempting up to 2 transactions this block    
2026-08-10T05:55:31.674257Z  WARN ThreadId(20) hotstuff_runner::app: Node 1 view(8096) far exceeds block count (2023); potential sync issue    
2026-08-10T05:55:31.898743Z  WARN ThreadId(20) hotstuff_runner::app: Node 1 [produce_block] queue size: 4, attempting up to 4 transactions this block    
2026-08-10T05:55:31.902356Z  WARN ThreadId(20) hotstuff_runner::app: Node 1 view(8100) far exceeds block count (2024); potential sync issue    
2026-08-10T05:55:32.048679Z  WARN ThreadId(20) hotstuff_runner::app: Node 1 [produce_block] queue size: 0, attempting up to 0 transactions this block    
2026-08-10T05:55:32.056262Z  WARN ThreadId(20) hotstuff_runner::app: Node 1 view(8104) far exceeds block count (2025); potential sync issue    
2026-08-10T05:55:32.261562Z  WARN ThreadId(20) hotstuff_runner::app: Node 1 [produce_block] queue size: 4, attempting up to 4 transactions this block    
2026-08-10T05:55:32.262479Z  WARN ThreadId(20) hotstuff_runner::app: Node 1 view(8108) far exceeds block count (2026); potential sync issue    
2026-08-10T05:55:32.396193Z  WARN ThreadId(20) hotstuff_runner::app: Node 1 [produce_block] queue size: 0, attempting up to 0 transactions this block    
2026-08-10T05:55:32.398152Z  WARN ThreadId(20) hotstuff_runner::app: Node 1 view(8112) far exceeds block count (2027); potential sync issue    
2026-08-10T05:55:32.512261Z  WARN ThreadId(20) hotstuff_runner::app: Node 1 [produce_block] queue size: 0, attempting up to 0 transactions this block    
2026-08-10T05:55:32.512491Z  WARN ThreadId(20) hotstuff_runner::app: Node 1 view(8116) far exceeds block count (2028); potential sync issue    
2026-08-10T05:55:32.823960Z  WARN ThreadId(20) hotstuff_runner::app: Node 1 [produce_block] queue size: 0, attempting up to 0 transactions this block    
2026-08-10T05:55:32.825897Z  WARN ThreadId(20) hotstuff_runner::app: Node 1 view(8120) far exceeds block count (2029); potential sync issue    
2026-08-10T05:55:32.948748Z  WARN ThreadId(20) hotstuff_runner::app: Node 1 [produce_block] queue size: 0, attempting up to 0 transactions this block    
2026-08-10T05:55:32.950897Z  WARN ThreadId(20) hotstuff_runner::app: Node 1 view(8124) far exceeds block count (2030); potential sync issue    
2026-08-10T05:55:33.060484Z  WARN ThreadId(20) hotstuff_runner::app: Node 1 [produce_block] queue size: 0, attempting up to 0 transactions this block    
2026-08-10T05:55:33.061128Z  WARN ThreadId(20) hotstuff_runner::app: Node 1 view(8128) far exceeds block count (2031); potential sync issue    
2026-08-10T05:55:33.156390Z  WARN ThreadId(20) hotstuff_runner::app: Node 1 [produce_block] queue size: 0, attempting up to 0 transactions this block    
2026-08-10T05:55:33.157324Z  WARN ThreadId(20) hotstuff_runner::app: Node 1 view(8132) far exceeds block count (2032); potential sync issue    
2026-08-10T05:55:33.304701Z  WARN ThreadId(20) hotstuff_runner::app: Node 1 [produce_block] queue size: 0, attempting up to 0 transactions this block    
2026-08-10T05:55:33.305009Z  WARN ThreadId(20) hotstuff_runner::app: Node 1 view(8136) far exceeds block count (2033); potential sync issue    
2026-08-10T05:55:33.526934Z  WARN ThreadId(20) hotstuff_runner::app: Node 1 [produce_block] queue size: 0, attempting up to 0 transactions this block    
2026-08-10T05:55:33.536472Z  WARN ThreadId(20) hotstuff_runner::app: Node 1 view(8140) far exceeds block count (2034); potential sync issue    
2026-08-10T05:55:33.727362Z  WARN ThreadId(20) hotstuff_runner::app: Node 1 [produce_block] queue size: 0, attempting up to 0 transactions this block    
2026-08-10T05:55:33.730977Z  WARN ThreadId(20) hotstuff_runner::app: Node 1 view(8144) far exceeds block count (2035); potential sync issue    
2026-08-10T05:55:33.841501Z  WARN ThreadId(06) docker_node: Low processing efficiency: 0.0% - system may need tuning
2026-08-10T05:55:33.994478Z  WARN ThreadId(20) hotstuff_runner::app: Node 1 [produce_block] queue size: 0, attempting up to 0 transactions this block    
2026-08-10T05:55:33.994586Z  WARN ThreadId(20) hotstuff_runner::app: Node 1 view(8148) far exceeds block count (2036); potential sync issue    
2026-08-10T05:55:34.182402Z  WARN ThreadId(20) hotstuff_runner::app: Node 1 [produce_block] queue size: 0, attempting up to 0 transactions this block    
2026-08-10T05:55:34.183786Z  WARN ThreadId(20) hotstuff_runner::app: Node 1 view(8152) far exceeds block count (2037); potential sync issue    
2026-08-10T05:55:34.491553Z  WARN ThreadId(20) hotstuff_runner::app: Node 1 [produce_block] queue size: 0, attempting up to 0 transactions this block    
2026-08-10T05:55:34.493596Z  WARN ThreadId(20) hotstuff_runner::app: Node 1 view(8156) far exceeds block count (2038); potential sync issue    
2026-08-10T05:55:34.908102Z  WARN ThreadId(20) hotstuff_runner::app: Node 1 [produce_block] queue size: 0, attempting up to 0 transactions this block    
2026-08-10T05:55:34.908276Z  WARN ThreadId(20) hotstuff_runner::app: Node 1 view(8160) far exceeds block count (2039); potential sync issue    
2026-08-10T05:55:35.075257Z  WARN ThreadId(20) hotstuff_runner::app: Node 1 [produce_block] queue size: 0, attempting up to 0 transactions this block    
2026-08-10T05:55:35.075857Z  WARN ThreadId(20) hotstuff_runner::app: Node 1 view(8164) far exceeds block count (2040); potential sync issue    
2026-08-10T05:55:35.197468Z  WARN ThreadId(20) hotstuff_runner::app: Node 1 [produce_block] queue size: 0, attempting up to 0 transactions this block    
2026-08-10T05:55:35.201567Z  WARN ThreadId(20) hotstuff_runner::app: Node 1 view(8168) far exceeds block count (2041); potential sync issue    
2026-08-10T05:55:35.306102Z  WARN ThreadId(20) hotstuff_runner::app: Node 1 [produce_block] queue size: 0, attempting up to 0 transactions this block    
2026-08-10T05:55:35.306951Z  WARN ThreadId(20) hotstuff_runner::app: Node 1 view(8172) far exceeds block count (2042); potential sync issue    
2026-08-10T05:55:35.429182Z  WARN ThreadId(20) hotstuff_runner::app: Node 1 [produce_block] queue size: 0, attempting up to 0 transactions this block    
2026-08-10T05:55:35.431414Z  WARN ThreadId(20) hotstuff_runner::app: Node 1 view(8176) far exceeds block count (2043); potential sync issue    
2026-08-10T05:55:35.544282Z  WARN ThreadId(20) hotstuff_runner::app: Node 1 [produce_block] queue size: 0, attempting up to 0 transactions this block    
2026-08-10T05:55:35.544567Z  WARN ThreadId(20) hotstuff_runner::app: Node 1 view(8180) far exceeds block count (2044); potential sync issue    
2026-08-10T05:55:35.617562Z  WARN ThreadId(20) hotstuff_runner::app: Node 1 [produce_block] queue size: 0, attempting up to 0 transactions this block    
2026-08-10T05:55:35.622175Z  WARN ThreadId(20) hotstuff_runner::app: Node 1 view(8184) far exceeds block count (2045); potential sync issue    
2026-08-10T05:55:35.733109Z  WARN ThreadId(20) hotstuff_runner::app: Node 1 [produce_block] queue size: 0, attempting up to 0 transactions this block    
2026-08-10T05:55:35.734693Z  WARN ThreadId(20) hotstuff_runner::app: Node 1 view(8188) far exceeds block count (2046); potential sync issue    
2026-08-10T05:55:35.907464Z  WARN ThreadId(20) hotstuff_runner::app: Node 1 [produce_block] queue size: 0, attempting up to 0 transactions this block    
2026-08-10T05:55:35.910467Z  WARN ThreadId(20) hotstuff_runner::app: Node 1 view(8192) far exceeds block count (2047); potential sync issue    
2026-08-10T05:55:36.122460Z  WARN ThreadId(20) hotstuff_runner::app: Node 1 [produce_block] queue size: 0, attempting up to 0 transactions this block    
2026-08-10T05:55:36.133657Z  WARN ThreadId(20) hotstuff_runner::app: Node 1 view(8196) far exceeds block count (2048); potential sync issue    
2026-08-10T05:55:36.225112Z  WARN ThreadId(20) hotstuff_runner::app: Node 1 [produce_block] queue size: 0, attempting up to 0 transactions this block    
2026-08-10T05:55:36.235973Z  WARN ThreadId(20) hotstuff_runner::app: Node 1 view(8200) far exceeds block count (2049); potential sync issue    
2026-08-10T05:55:36.323541Z  WARN ThreadId(20) hotstuff_runner::app: Node 1 [produce_block] queue size: 0, attempting up to 0 transactions this block    
2026-08-10T05:55:36.327322Z  WARN ThreadId(20) hotstuff_runner::app: Node 1 view(8204) far exceeds block count (2050); potential sync issue    
2026-08-10T05:55:36.467901Z  WARN ThreadId(20) hotstuff_runner::app: Node 1 [produce_block] queue size: 0, attempting up to 0 transactions this block    
2026-08-10T05:55:36.475978Z  WARN ThreadId(20) hotstuff_runner::app: Node 1 view(8208) far exceeds block count (2051); potential sync issue    
2026-08-10T05:55:36.641656Z  WARN ThreadId(20) hotstuff_runner::app: Node 1 [produce_block] queue size: 0, attempting up to 0 transactions this block    
2026-08-10T05:55:36.645929Z  WARN ThreadId(20) hotstuff_runner::app: Node 1 view(8212) far exceeds block count (2052); potential sync issue    
2026-08-10T05:55:36.770375Z  WARN ThreadId(20) hotstuff_runner::app: Node 1 [produce_block] queue size: 0, attempting up to 0 transactions this block    
2026-08-10T05:55:36.770663Z  WARN ThreadId(20) hotstuff_runner::app: Node 1 view(8216) far exceeds block count (2053); potential sync issue    
2026-08-10T05:55:36.911470Z  WARN ThreadId(20) hotstuff_runner::app: Node 1 [produce_block] queue size: 0, attempting up to 0 transactions this block    
2026-08-10T05:55:36.914461Z  WARN ThreadId(20) hotstuff_runner::app: Node 1 view(8220) far exceeds block count (2054); potential sync issue    
2026-08-10T05:55:37.023967Z  WARN ThreadId(20) hotstuff_runner::app: Node 1 [produce_block] queue size: 0, attempting up to 0 transactions this block    
2026-08-10T05:55:37.029578Z  WARN ThreadId(20) hotstuff_runner::app: Node 1 view(8224) far exceeds block count (2055); potential sync issue    
2026-08-10T05:55:37.194209Z  WARN ThreadId(20) hotstuff_runner::app: Node 1 [produce_block] queue size: 0, attempting up to 0 transactions this block    
2026-08-10T05:55:37.194773Z  WARN ThreadId(20) hotstuff_runner::app: Node 1 view(8228) far exceeds block count (2056); potential sync issue    
2026-08-10T05:55:37.326625Z  WARN ThreadId(20) hotstuff_runner::app: Node 1 [produce_block] queue size: 0, attempting up to 0 transactions this block    
2026-08-10T05:55:37.335523Z  WARN ThreadId(20) hotstuff_runner::app: Node 1 view(8232) far exceeds block count (2057); potential sync issue    
2026-08-10T05:55:37.594800Z  WARN ThreadId(20) hotstuff_runner::app: Node 1 [produce_block] queue size: 0, attempting up to 0 transactions this block    
2026-08-10T05:55:37.595713Z  WARN ThreadId(20) hotstuff_runner::app: Node 1 view(8236) far exceeds block count (2058); potential sync issue    
2026-08-10T05:55:37.748975Z  WARN ThreadId(20) hotstuff_runner::app: Node 1 [produce_block] queue size: 0, attempting up to 0 transactions this block    
2026-08-10T05:55:37.753730Z  WARN ThreadId(20) hotstuff_runner::app: Node 1 view(8240) far exceeds block count (2059); potential sync issue    
2026-08-10T05:55:37.984958Z  WARN ThreadId(20) hotstuff_runner::app: Node 1 [produce_block] queue size: 0, attempting up to 0 transactions this block    
2026-08-10T05:55:37.985088Z  WARN ThreadId(20) hotstuff_runner::app: Node 1 view(8244) far exceeds block count (2060); potential sync issue    
2026-08-10T05:55:38.107839Z  WARN ThreadId(20) hotstuff_runner::app: Node 1 [produce_block] queue size: 0, attempting up to 0 transactions this block    
2026-08-10T05:55:38.109045Z  WARN ThreadId(20) hotstuff_runner::app: Node 1 view(8248) far exceeds block count (2061); potential sync issue    
2026-08-10T05:55:38.292465Z  WARN ThreadId(20) hotstuff_runner::app: Node 1 [produce_block] queue size: 0, attempting up to 0 transactions this block    
2026-08-10T05:55:38.295697Z  WARN ThreadId(20) hotstuff_runner::app: Node 1 view(8252) far exceeds block count (2062); potential sync issue    
2026-08-10T05:55:38.419568Z  WARN ThreadId(20) hotstuff_runner::app: Node 1 [produce_block] queue size: 0, attempting up to 0 transactions this block    
2026-08-10T05:55:38.424983Z  WARN ThreadId(20) hotstuff_runner::app: Node 1 view(8256) far exceeds block count (2063); potential sync issue    
2026-08-10T05:55:38.554156Z  WARN ThreadId(20) hotstuff_runner::app: Node 1 [produce_block] queue size: 0, attempting up to 0 transactions this block    
2026-08-10T05:55:38.561495Z  WARN ThreadId(20) hotstuff_runner::app: Node 1 view(8260) far exceeds block count (2064); potential sync issue    
2026-08-10T05:55:38.836721Z  WARN ThreadId(20) hotstuff_runner::app: Node 1 [produce_block] queue size: 0, attempting up to 0 transactions this block    
2026-08-10T05:55:38.841369Z  WARN ThreadId(20) hotstuff_runner::app: Node 1 view(8264) far exceeds block count (2065); potential sync issue    
2026-08-10T05:55:38.843441Z  WARN ThreadId(06) docker_node: Low processing efficiency: 0.0% - system may need tuning
2026-08-10T05:55:39.034657Z  WARN ThreadId(20) hotstuff_runner::app: Node 1 [produce_block] queue size: 0, attempting up to 0 transactions this block    
2026-08-10T05:55:39.035677Z  WARN ThreadId(20) hotstuff_runner::app: Node 1 view(8268) far exceeds block count (2066); potential sync issue    
2026-08-10T05:55:39.148238Z  WARN ThreadId(20) hotstuff_runner::app: Node 1 [produce_block] queue size: 0, attempting up to 0 transactions this block    
2026-08-10T05:55:39.149676Z  WARN ThreadId(20) hotstuff_runner::app: Node 1 view(8272) far exceeds block count (2067); potential sync issue    
2026-08-10T05:55:39.301789Z  WARN ThreadId(20) hotstuff_runner::app: Node 1 [produce_block] queue size: 0, attempting up to 0 transactions this block    
2026-08-10T05:55:39.301982Z  WARN ThreadId(20) hotstuff_runner::app: Node 1 view(8276) far exceeds block count (2068); potential sync issue    
2026-08-10T05:55:39.500164Z  WARN ThreadId(20) hotstuff_runner::app: Node 1 [produce_block] queue size: 0, attempting up to 0 transactions this block    
2026-08-10T05:55:39.500734Z  WARN ThreadId(20) hotstuff_runner::app: Node 1 view(8280) far exceeds block count (2069); potential sync issue    
2026-08-10T05:55:39.717307Z  WARN ThreadId(20) hotstuff_runner::app: Node 1 [produce_block] queue size: 0, attempting up to 0 transactions this block    
2026-08-10T05:55:39.717605Z  WARN ThreadId(20) hotstuff_runner::app: Node 1 view(8284) far exceeds block count (2070); potential sync issue    
2026-08-10T05:55:39.846475Z  WARN ThreadId(20) hotstuff_runner::app: Node 1 [produce_block] queue size: 0, attempting up to 0 transactions this block    
2026-08-10T05:55:39.846765Z  WARN ThreadId(20) hotstuff_runner::app: Node 1 view(8288) far exceeds block count (2071); potential sync issue    
2026-08-10T05:55:40.027028Z  WARN ThreadId(20) hotstuff_runner::app: Node 1 [produce_block] queue size: 0, attempting up to 0 transactions this block    
2026-08-10T05:55:40.032374Z  WARN ThreadId(20) hotstuff_runner::app: Node 1 view(8292) far exceeds block count (2072); potential sync issue    
2026-08-10T05:55:40.157939Z  WARN ThreadId(20) hotstuff_runner::app: Node 1 [produce_block] queue size: 0, attempting up to 0 transactions this block    
2026-08-10T05:55:40.158556Z  WARN ThreadId(20) hotstuff_runner::app: Node 1 view(8296) far exceeds block count (2073); potential sync issue    
2026-08-10T05:55:40.295544Z  WARN ThreadId(20) hotstuff_runner::app: Node 1 [produce_block] queue size: 0, attempting up to 0 transactions this block    
2026-08-10T05:55:40.299463Z  WARN ThreadId(20) hotstuff_runner::app: Node 1 view(8300) far exceeds block count (2074); potential sync issue    
2026-08-10T05:55:40.418787Z  WARN ThreadId(20) hotstuff_runner::app: Node 1 [produce_block] queue size: 0, attempting up to 0 transactions this block    
2026-08-10T05:55:40.420230Z  WARN ThreadId(20) hotstuff_runner::app: Node 1 view(8304) far exceeds block count (2075); potential sync issue    
2026-08-10T05:55:40.604607Z  WARN ThreadId(20) hotstuff_runner::app: Node 1 [produce_block] queue size: 0, attempting up to 0 transactions this block    
2026-08-10T05:55:40.610334Z  WARN ThreadId(20) hotstuff_runner::app: Node 1 view(8308) far exceeds block count (2076); potential sync issue    
2026-08-10T05:55:40.821845Z  WARN ThreadId(20) hotstuff_runner::app: Node 1 [produce_block] queue size: 0, attempting up to 0 transactions this block    
2026-08-10T05:55:40.822686Z  WARN ThreadId(20) hotstuff_runner::app: Node 1 view(8312) far exceeds block count (2077); potential sync issue    
2026-08-10T05:55:41.014857Z  WARN ThreadId(20) hotstuff_runner::app: Node 1 [produce_block] queue size: 0, attempting up to 0 transactions this block    
2026-08-10T05:55:41.015336Z  WARN ThreadId(20) hotstuff_runner::app: Node 1 view(8316) far exceeds block count (2078); potential sync issue    
2026-08-10T05:55:41.124244Z  WARN ThreadId(20) hotstuff_runner::app: Node 1 [produce_block] queue size: 0, attempting up to 0 transactions this block    
2026-08-10T05:55:41.126326Z  WARN ThreadId(20) hotstuff_runner::app: Node 1 view(8320) far exceeds block count (2079); potential sync issue    
2026-08-10T05:55:41.449668Z  WARN ThreadId(20) hotstuff_runner::app: Node 1 [produce_block] queue size: 0, attempting up to 0 transactions this block    
2026-08-10T05:55:41.453364Z  WARN ThreadId(20) hotstuff_runner::app: Node 1 view(8324) far exceeds block count (2080); potential sync issue    
2026-08-10T05:55:41.621895Z  WARN ThreadId(20) hotstuff_runner::app: Node 1 [produce_block] queue size: 0, attempting up to 0 transactions this block    
2026-08-10T05:55:41.622380Z  WARN ThreadId(20) hotstuff_runner::app: Node 1 view(8328) far exceeds block count (2081); potential sync issue    
2026-08-10T05:55:41.751130Z  WARN ThreadId(20) hotstuff_runner::app: Node 1 [produce_block] queue size: 0, attempting up to 0 transactions this block    
2026-08-10T05:55:41.751356Z  WARN ThreadId(20) hotstuff_runner::app: Node 1 view(8332) far exceeds block count (2082); potential sync issue    
2026-08-10T05:55:41.887497Z  WARN ThreadId(20) hotstuff_runner::app: Node 1 [produce_block] queue size: 0, attempting up to 0 transactions this block    
2026-08-10T05:55:41.889525Z  WARN ThreadId(20) hotstuff_runner::app: Node 1 view(8336) far exceeds block count (2083); potential sync issue    
2026-08-10T05:55:42.050872Z  WARN ThreadId(20) hotstuff_runner::app: Node 1 [produce_block] queue size: 0, attempting up to 0 transactions this block    
2026-08-10T05:55:42.052751Z  WARN ThreadId(20) hotstuff_runner::app: Node 1 view(8340) far exceeds block count (2084); potential sync issue    
2026-08-10T05:55:42.231761Z  WARN ThreadId(20) hotstuff_runner::app: Node 1 [produce_block] queue size: 0, attempting up to 0 transactions this block    
2026-08-10T05:55:42.232028Z  WARN ThreadId(20) hotstuff_runner::app: Node 1 view(8344) far exceeds block count (2085); potential sync issue    
2026-08-10T05:55:42.545694Z  WARN ThreadId(20) hotstuff_runner::app: Node 1 [produce_block] queue size: 0, attempting up to 0 transactions this block    
2026-08-10T05:55:42.547500Z  WARN ThreadId(20) hotstuff_runner::app: Node 1 view(8348) far exceeds block count (2086); potential sync issue    
2026-08-10T05:55:42.660384Z  WARN ThreadId(20) hotstuff_runner::app: Node 1 [produce_block] queue size: 0, attempting up to 0 transactions this block    
2026-08-10T05:55:42.660567Z  WARN ThreadId(20) hotstuff_runner::app: Node 1 view(8352) far exceeds block count (2087); potential sync issue    
2026-08-10T05:55:42.890380Z  WARN ThreadId(20) hotstuff_runner::app: Node 1 [produce_block] queue size: 0, attempting up to 0 transactions this block    
2026-08-10T05:55:42.896647Z  WARN ThreadId(20) hotstuff_runner::app: Node 1 view(8356) far exceeds block count (2088); potential sync issue    
2026-08-10T05:55:43.094419Z  WARN ThreadId(20) hotstuff_runner::app: Node 1 [produce_block] queue size: 0, attempting up to 0 transactions this block    
2026-08-10T05:55:43.096444Z  WARN ThreadId(20) hotstuff_runner::app: Node 1 view(8360) far exceeds block count (2089); potential sync issue    
2026-08-10T05:55:43.342390Z  WARN ThreadId(20) hotstuff_runner::app: Node 1 [produce_block] queue size: 0, attempting up to 0 transactions this block    
2026-08-10T05:55:43.349349Z  WARN ThreadId(20) hotstuff_runner::app: Node 1 view(8364) far exceeds block count (2090); potential sync issue    
2026-08-10T05:55:43.490328Z  WARN ThreadId(20) hotstuff_runner::app: Node 1 [produce_block] queue size: 0, attempting up to 0 transactions this block    
2026-08-10T05:55:43.502496Z  WARN ThreadId(20) hotstuff_runner::app: Node 1 view(8368) far exceeds block count (2091); potential sync issue    
2026-08-10T05:55:43.594099Z  WARN ThreadId(20) hotstuff_runner::app: Node 1 [produce_block] queue size: 0, attempting up to 0 transactions this block    
2026-08-10T05:55:43.594965Z  WARN ThreadId(20) hotstuff_runner::app: Node 1 view(8372) far exceeds block count (2092); potential sync issue    
2026-08-10T05:55:43.842361Z  WARN ThreadId(06) docker_node: Low processing efficiency: 0.0% - system may need tuning
2026-08-10T05:55:44.025597Z  WARN ThreadId(20) hotstuff_runner::app: Node 1 [produce_block] queue size: 0, attempting up to 0 transactions this block    
2026-08-10T05:55:44.047968Z  WARN ThreadId(20) hotstuff_runner::app: Node 1 view(8376) far exceeds block count (2093); potential sync issue    
2026-08-10T05:55:44.161214Z  WARN ThreadId(20) hotstuff_runner::app: Node 1 [produce_block] queue size: 0, attempting up to 0 transactions this block    
2026-08-10T05:55:44.161344Z  WARN ThreadId(20) hotstuff_runner::app: Node 1 view(8380) far exceeds block count (2094); potential sync issue    
2026-08-10T05:55:44.281227Z  WARN ThreadId(20) hotstuff_runner::app: Node 1 [produce_block] queue size: 0, attempting up to 0 transactions this block    
2026-08-10T05:55:44.284556Z  WARN ThreadId(20) hotstuff_runner::app: Node 1 view(8384) far exceeds block count (2095); potential sync issue    
