2026-08-10T05:51:43.628120Z  WARN ThreadId(01) docker_node: HOTSTUFF_NODE_LEAST_ID=0, HOTSTUFF_NODE_NUM=4
2026-08-10T05:51:43.629012Z  WARN ThreadId(01) hotstuff_runner::telemetry: Prometheus metrics exporter started ✅ listen_addr=0.0.0.0:9900
2026-08-10T05:51:43.629169Z  WARN ThreadId(01) hotstuff_runner::telemetry: ✅ wrote smrol.node_up=1 (boot) node_id=0
2026-08-10T05:52:03.835382Z  WARN ThreadId(01) hotstuff_runner::tcp_node: Node 0 view timeout set to 500 ms
2026-08-10T05:52:03.845710Z ERROR ThreadId(22) hotstuff_runner::pompe_network: Node 0 failed to connect to node 2: Connection refused (os error 111)
2026-08-10T05:52:03.846194Z  WARN ThreadId(01) hotstuff_runner::smrol::sequencing: SMROL_MEDIAN_INFLIGHT=3, SMROL_ORDER_FINALIZE_INFLIGHT=3, SMROL_FINAL_SIGN_INFLIGHT=3, SMROL_FINAL_VERIFY_INFLIGHT=3
2026-08-10T05:52:03.846535Z  WARN ThreadId(01) hotstuff_runner::smrol::sequencing: [Sequencing] Node 0 multi-signature verification disabled: false
2026-08-10T05:52:03.846861Z  WARN ThreadId(05) hotstuff_runner::smrol::sequencing: [Sequencing] Node 0 final verify dispatcher started
2026-08-10T05:52:03.848124Z  WARN ThreadId(08) docker_node:   Connection reuse ineffective (2.0 msg/conn)
2026-08-10T05:52:04.338238Z  WARN ThreadId(21) hotstuff_runner::tcp_node: Node 0 view 0 timed out; latency may accumulate
2026-08-10T05:52:04.342390Z  WARN ThreadId(20) hotstuff_runner::app: Node 0 [produce_block] queue size: 0, attempting up to 0 transactions this block    
2026-08-10T05:52:04.405449Z  WARN ThreadId(20) hotstuff_runner::app: Node 0 [produce_block] queue size: 0, attempting up to 0 transactions this block    
2026-08-10T05:52:04.430290Z  WARN ThreadId(20) hotstuff_runner::app: Node 0 [produce_block] queue size: 0, attempting up to 0 transactions this block    
2026-08-10T05:52:04.465202Z  WARN ThreadId(20) hotstuff_runner::app: Node 0 [produce_block] queue size: 0, attempting up to 0 transactions this block    
2026-08-10T05:52:04.501390Z  WARN ThreadId(20) hotstuff_runner::app: Node 0 [produce_block] queue size: 0, attempting up to 0 transactions this block    
2026-08-10T05:52:04.539204Z  WARN ThreadId(20) hotstuff_runner::app: Node 0 [produce_block] queue size: 0, attempting up to 0 transactions this block    
2026-08-10T05:52:04.597143Z  WARN ThreadId(20) hotstuff_runner::app: Node 0 [produce_block] queue size: 0, attempting up to 0 transactions this block    
2026-08-10T05:52:04.626749Z  WARN ThreadId(20) hotstuff_runner::app: Node 0 [produce_block] queue size: 0, attempting up to 0 transactions this block    
2026-08-10T05:52:04.669468Z  WARN ThreadId(20) hotstuff_runner::app: Node 0 [produce_block] queue size: 0, attempting up to 0 transactions this block    
2026-08-10T05:52:04.716397Z  WARN ThreadId(20) hotstuff_runner::app: Node 0 [produce_block] queue size: 0, attempting up to 0 transactions this block    
2026-08-10T05:52:04.751368Z  WARN ThreadId(20) hotstuff_runner::app: Node 0 [produce_block] queue size: 0, attempting up to 0 transactions this block    
2026-08-10T05:52:04.779278Z  WARN ThreadId(20) hotstuff_runner::app: Node 0 [produce_block] queue size: 0, attempting up to 0 transactions this block    
2026-08-10T05:52:04.818182Z  WARN ThreadId(20) hotstuff_runner::app: Node 0 [produce_block] queue size: 0, attempting up to 0 transactions this block    
2026-08-10T05:52:04.857117Z  WARN ThreadId(20) hotstuff_runner::app: Node 0 [produce_block] queue size: 0, attempting up to 0 transactions this block    
2026-08-10T05:52:04.898582Z  WARN ThreadId(20) hotstuff_runner::app: Node 0 [produce_block] queue size: 0, attempting up to 0 transactions this block    
2026-08-10T05:52:04.925662Z  WARN ThreadId(20) hotstuff_runner::app: Node 0 [produce_block] queue size: 0, attempting up to 0 transactions this block    
2026-08-10T05:52:04.959516Z  WARN ThreadId(20) hotstuff_runner::app: Node 0 [produce_block] queue size: 0, attempting up to 0 transactions this block    
2026-08-10T05:52:04.999091Z  WARN ThreadId(20) hotstuff_runner::app: Node 0 [produce_block] queue size: 0, attempting up to 0 transactions this block    
2026-08-10T05:52:05.031279Z  WARN ThreadId(20) hotstuff_runner::app: Node 0 [produce_block] queue size: 0, attempting up to 0 transactions this block    
2026-08-10T05:52:05.077141Z  WARN ThreadId(20) hotstuff_runner::app: Node 0 [produce_block] queue size: 0, attempting up to 0 transactions this block    
2026-08-10T05:52:05.108001Z  WARN ThreadId(20) hotstuff_runner::app: Node 0 [produce_block] queue size: 0, attempting up to 0 transactions this block    
2026-08-10T05:52:05.144658Z  WARN ThreadId(20) hotstuff_runner::app: Node 0 [produce_block] queue size: 0, attempting up to 0 transactions this block    
2026-08-10T05:52:05.179488Z  WARN ThreadId(20) hotstuff_runner::app: Node 0 [produce_block] queue size: 0, attempting up to 0 transactions this block    
2026-08-10T05:52:05.226878Z  WARN ThreadId(20) hotstuff_runner::app: Node 0 [produce_block] queue size: 0, attempting up to 0 transactions this block    
2026-08-10T05:52:05.281285Z  WARN ThreadId(20) hotstuff_runner::app: Node 0 [produce_block] queue size: 0, attempting up to 0 transactions this block    
2026-08-10T05:52:05.320405Z  WARN ThreadId(20) hotstuff_runner::app: Node 0 [produce_block] queue size: 0, attempting up to 0 transactions this block    
2026-08-10T05:52:05.351857Z  WARN ThreadId(20) hotstuff_runner::app: Node 0 [produce_block] queue size: 0, attempting up to 0 transactions this block    
2026-08-10T05:52:05.389558Z  WARN ThreadId(20) hotstuff_runner::app: Node 0 [produce_block] queue size: 0, attempting up to 0 transactions this block    
2026-08-10T05:52:05.423689Z  WARN ThreadId(20) hotstuff_runner::app: Node 0 [produce_block] queue size: 0, attempting up to 0 transactions this block    
2026-08-10T05:52:05.460780Z  WARN ThreadId(20) hotstuff_runner::app: Node 0 [produce_block] queue size: 0, attempting up to 0 transactions this block    
2026-08-10T05:52:05.501851Z  WARN ThreadId(20) hotstuff_runner::app: Node 0 [produce_block] queue size: 0, attempting up to 0 transactions this block    
2026-08-10T05:52:05.531586Z  WARN ThreadId(20) hotstuff_runner::app: Node 0 [produce_block] queue size: 0, attempting up to 0 transactions this block    
2026-08-10T05:52:05.562635Z  WARN ThreadId(20) hotstuff_runner::app: Node 0 [produce_block] queue size: 0, attempting up to 0 transactions this block    
2026-08-10T05:52:05.602117Z  WARN ThreadId(20) hotstuff_runner::app: Node 0 [produce_block] queue size: 0, attempting up to 0 transactions this block    
2026-08-10T05:52:05.654951Z  WARN ThreadId(20) hotstuff_runner::app: Node 0 [produce_block] queue size: 0, attempting up to 0 transactions this block    
2026-08-10T05:52:05.655621Z  WARN ThreadId(20) hotstuff_runner::app: Node 0 view(137) far exceeds block count (34); potential sync issue    
2026-08-10T05:52:05.688253Z  WARN ThreadId(20) hotstuff_runner::app: Node 0 [produce_block] queue size: 0, attempting up to 0 transactions this block    
2026-08-10T05:52:05.688517Z  WARN ThreadId(20) hotstuff_runner::app: Node 0 view(141) far exceeds block count (35); potential sync issue    
2026-08-10T05:52:05.722624Z  WARN ThreadId(20) hotstuff_runner::app: Node 0 [produce_block] queue size: 0, attempting up to 0 transactions this block    
2026-08-10T05:52:05.722947Z  WARN ThreadId(20) hotstuff_runner::app: Node 0 view(145) far exceeds block count (36); potential sync issue    
2026-08-10T05:52:05.752937Z  WARN ThreadId(20) hotstuff_runner::app: Node 0 [produce_block] queue size: 0, attempting up to 0 transactions this block    
2026-08-10T05:52:05.753901Z  WARN ThreadId(20) hotstuff_runner::app: Node 0 view(149) far exceeds block count (37); potential sync issue    
2026-08-10T05:52:05.780013Z  WARN ThreadId(20) hotstuff_runner::app: Node 0 [produce_block] queue size: 0, attempting up to 0 transactions this block    
2026-08-10T05:52:05.780136Z  WARN ThreadId(20) hotstuff_runner::app: Node 0 view(153) far exceeds block count (38); potential sync issue    
2026-08-10T05:52:05.820504Z  WARN ThreadId(20) hotstuff_runner::app: Node 0 [produce_block] queue size: 0, attempting up to 0 transactions this block    
2026-08-10T05:52:05.821524Z  WARN ThreadId(20) hotstuff_runner::app: Node 0 view(157) far exceeds block count (39); potential sync issue    
2026-08-10T05:52:05.851715Z  WARN ThreadId(20) hotstuff_runner::app: Node 0 [produce_block] queue size: 0, attempting up to 0 transactions this block    
2026-08-10T05:52:05.851932Z  WARN ThreadId(20) hotstuff_runner::app: Node 0 view(161) far exceeds block count (40); potential sync issue    
2026-08-10T05:52:05.886721Z  WARN ThreadId(20) hotstuff_runner::app: Node 0 [produce_block] queue size: 0, attempting up to 0 transactions this block    
2026-08-10T05:52:05.887389Z  WARN ThreadId(20) hotstuff_runner::app: Node 0 view(165) far exceeds block count (41); potential sync issue    
2026-08-10T05:52:05.916058Z  WARN ThreadId(20) hotstuff_runner::app: Node 0 [produce_block] queue size: 0, attempting up to 0 transactions this block    
2026-08-10T05:52:05.916888Z  WARN ThreadId(20) hotstuff_runner::app: Node 0 view(169) far exceeds block count (42); potential sync issue    
2026-08-10T05:52:05.967839Z  WARN ThreadId(20) hotstuff_runner::app: Node 0 [produce_block] queue size: 0, attempting up to 0 transactions this block    
2026-08-10T05:52:05.968511Z  WARN ThreadId(20) hotstuff_runner::app: Node 0 view(173) far exceeds block count (43); potential sync issue    
2026-08-10T05:52:05.997476Z  WARN ThreadId(20) hotstuff_runner::app: Node 0 [produce_block] queue size: 0, attempting up to 0 transactions this block    
2026-08-10T05:52:05.997677Z  WARN ThreadId(20) hotstuff_runner::app: Node 0 view(177) far exceeds block count (44); potential sync issue    
2026-08-10T05:52:06.056515Z  WARN ThreadId(20) hotstuff_runner::app: Node 0 [produce_block] queue size: 0, attempting up to 0 transactions this block    
2026-08-10T05:52:06.057009Z  WARN ThreadId(20) hotstuff_runner::app: Node 0 view(181) far exceeds block count (45); potential sync issue    
2026-08-10T05:52:06.091555Z  WARN ThreadId(20) hotstuff_runner::app: Node 0 [produce_block] queue size: 0, attempting up to 0 transactions this block    
2026-08-10T05:52:06.092036Z  WARN ThreadId(20) hotstuff_runner::app: Node 0 view(185) far exceeds block count (46); potential sync issue    
2026-08-10T05:52:06.126388Z  WARN ThreadId(20) hotstuff_runner::app: Node 0 [produce_block] queue size: 0, attempting up to 0 transactions this block    
2026-08-10T05:52:06.126770Z  WARN ThreadId(20) hotstuff_runner::app: Node 0 view(189) far exceeds block count (47); potential sync issue    
2026-08-10T05:52:06.158818Z  WARN ThreadId(20) hotstuff_runner::app: Node 0 [produce_block] queue size: 0, attempting up to 0 transactions this block    
2026-08-10T05:52:06.158916Z  WARN ThreadId(20) hotstuff_runner::app: Node 0 view(193) far exceeds block count (48); potential sync issue    
2026-08-10T05:52:06.194880Z  WARN ThreadId(20) hotstuff_runner::app: Node 0 [produce_block] queue size: 0, attempting up to 0 transactions this block    
2026-08-10T05:52:06.195050Z  WARN ThreadId(20) hotstuff_runner::app: Node 0 view(197) far exceeds block count (49); potential sync issue    
2026-08-10T05:52:06.255412Z  WARN ThreadId(20) hotstuff_runner::app: Node 0 [produce_block] queue size: 0, attempting up to 0 transactions this block    
2026-08-10T05:52:06.255602Z  WARN ThreadId(20) hotstuff_runner::app: Node 0 view(201) far exceeds block count (50); potential sync issue    
2026-08-10T05:52:06.299605Z  WARN ThreadId(20) hotstuff_runner::app: Node 0 [produce_block] queue size: 0, attempting up to 0 transactions this block    
2026-08-10T05:52:06.299756Z  WARN ThreadId(20) hotstuff_runner::app: Node 0 view(205) far exceeds block count (51); potential sync issue    
2026-08-10T05:52:06.349275Z  WARN ThreadId(20) hotstuff_runner::app: Node 0 [produce_block] queue size: 0, attempting up to 0 transactions this block    
2026-08-10T05:52:06.349566Z  WARN ThreadId(20) hotstuff_runner::app: Node 0 view(209) far exceeds block count (52); potential sync issue    
2026-08-10T05:52:06.398085Z  WARN ThreadId(20) hotstuff_runner::app: Node 0 [produce_block] queue size: 0, attempting up to 0 transactions this block    
2026-08-10T05:52:06.398610Z  WARN ThreadId(20) hotstuff_runner::app: Node 0 view(213) far exceeds block count (53); potential sync issue    
2026-08-10T05:52:06.446566Z  WARN ThreadId(20) hotstuff_runner::app: Node 0 [produce_block] queue size: 0, attempting up to 0 transactions this block    
2026-08-10T05:52:06.447350Z  WARN ThreadId(20) hotstuff_runner::app: Node 0 view(217) far exceeds block count (54); potential sync issue    
2026-08-10T05:52:06.499233Z  WARN ThreadId(20) hotstuff_runner::app: Node 0 [produce_block] queue size: 0, attempting up to 0 transactions this block    
2026-08-10T05:52:06.500081Z  WARN ThreadId(20) hotstuff_runner::app: Node 0 view(221) far exceeds block count (55); potential sync issue    
2026-08-10T05:52:06.531983Z  WARN ThreadId(20) hotstuff_runner::app: Node 0 [produce_block] queue size: 0, attempting up to 0 transactions this block    
2026-08-10T05:52:06.532385Z  WARN ThreadId(20) hotstuff_runner::app: Node 0 view(225) far exceeds block count (56); potential sync issue    
2026-08-10T05:52:06.571092Z  WARN ThreadId(20) hotstuff_runner::app: Node 0 [produce_block] queue size: 0, attempting up to 0 transactions this block    
2026-08-10T05:52:06.571773Z  WARN ThreadId(20) hotstuff_runner::app: Node 0 view(229) far exceeds block count (57); potential sync issue    
2026-08-10T05:52:06.619592Z  WARN ThreadId(20) hotstuff_runner::app: Node 0 [produce_block] queue size: 0, attempting up to 0 transactions this block    
2026-08-10T05:52:06.620869Z  WARN ThreadId(20) hotstuff_runner::app: Node 0 view(233) far exceeds block count (58); potential sync issue    
2026-08-10T05:52:06.653285Z  WARN ThreadId(20) hotstuff_runner::app: Node 0 [produce_block] queue size: 0, attempting up to 0 transactions this block    
2026-08-10T05:52:06.653714Z  WARN ThreadId(20) hotstuff_runner::app: Node 0 view(237) far exceeds block count (59); potential sync issue    
2026-08-10T05:52:06.697208Z  WARN ThreadId(20) hotstuff_runner::app: Node 0 [produce_block] queue size: 0, attempting up to 0 transactions this block    
2026-08-10T05:52:06.697566Z  WARN ThreadId(20) hotstuff_runner::app: Node 0 view(241) far exceeds block count (60); potential sync issue    
2026-08-10T05:52:06.742420Z  WARN ThreadId(20) hotstuff_runner::app: Node 0 [produce_block] queue size: 0, attempting up to 0 transactions this block    
2026-08-10T05:52:06.742859Z  WARN ThreadId(20) hotstuff_runner::app: Node 0 view(245) far exceeds block count (61); potential sync issue    
2026-08-10T05:52:06.776002Z  WARN ThreadId(20) hotstuff_runner::app: Node 0 [produce_block] queue size: 0, attempting up to 0 transactions this block    
2026-08-10T05:52:06.779725Z  WARN ThreadId(20) hotstuff_runner::app: Node 0 view(249) far exceeds block count (62); potential sync issue    
2026-08-10T05:52:06.825473Z  WARN ThreadId(20) hotstuff_runner::app: Node 0 [produce_block] queue size: 0, attempting up to 0 transactions this block    
2026-08-10T05:52:06.826209Z  WARN ThreadId(20) hotstuff_runner::app: Node 0 view(253) far exceeds block count (63); potential sync issue    
2026-08-10T05:52:06.868509Z  WARN ThreadId(20) hotstuff_runner::app: Node 0 [produce_block] queue size: 0, attempting up to 0 transactions this block    
2026-08-10T05:52:06.871477Z  WARN ThreadId(20) hotstuff_runner::app: Node 0 view(257) far exceeds block count (64); potential sync issue    
2026-08-10T05:52:06.900752Z  WARN ThreadId(20) hotstuff_runner::app: Node 0 [produce_block] queue size: 0, attempting up to 0 transactions this block    
2026-08-10T05:52:06.901173Z  WARN ThreadId(20) hotstuff_runner::app: Node 0 view(261) far exceeds block count (65); potential sync issue    
2026-08-10T05:52:06.937392Z  WARN ThreadId(20) hotstuff_runner::app: Node 0 [produce_block] queue size: 0, attempting up to 0 transactions this block    
2026-08-10T05:52:06.938013Z  WARN ThreadId(20) hotstuff_runner::app: Node 0 view(265) far exceeds block count (66); potential sync issue    
2026-08-10T05:52:06.978988Z  WARN ThreadId(20) hotstuff_runner::app: Node 0 [produce_block] queue size: 0, attempting up to 0 transactions this block    
2026-08-10T05:52:06.980309Z  WARN ThreadId(20) hotstuff_runner::app: Node 0 view(269) far exceeds block count (67); potential sync issue    
2026-08-10T05:52:07.011997Z  WARN ThreadId(20) hotstuff_runner::app: Node 0 [produce_block] queue size: 0, attempting up to 0 transactions this block    
2026-08-10T05:52:07.012369Z  WARN ThreadId(20) hotstuff_runner::app: Node 0 view(273) far exceeds block count (68); potential sync issue    
2026-08-10T05:52:07.123113Z  WARN ThreadId(20) hotstuff_runner::app: Node 0 [produce_block] queue size: 0, attempting up to 0 transactions this block    
2026-08-10T05:52:07.123671Z  WARN ThreadId(20) hotstuff_runner::app: Node 0 view(277) far exceeds block count (69); potential sync issue    
2026-08-10T05:52:07.195022Z  WARN ThreadId(20) hotstuff_runner::app: Node 0 [produce_block] queue size: 0, attempting up to 0 transactions this block    
2026-08-10T05:52:07.197862Z  WARN ThreadId(20) hotstuff_runner::app: Node 0 view(281) far exceeds block count (70); potential sync issue    
2026-08-10T05:52:07.255052Z  WARN ThreadId(20) hotstuff_runner::app: Node 0 [produce_block] queue size: 0, attempting up to 0 transactions this block    
2026-08-10T05:52:07.257825Z  WARN ThreadId(20) hotstuff_runner::app: Node 0 view(285) far exceeds block count (71); potential sync issue    
2026-08-10T05:52:07.308602Z  WARN ThreadId(20) hotstuff_runner::app: Node 0 [produce_block] queue size: 0, attempting up to 0 transactions this block    
2026-08-10T05:52:07.308795Z  WARN ThreadId(20) hotstuff_runner::app: Node 0 view(289) far exceeds block count (72); potential sync issue    
2026-08-10T05:52:07.357625Z  WARN ThreadId(20) hotstuff_runner::app: Node 0 [produce_block] queue size: 0, attempting up to 0 transactions this block    
2026-08-10T05:52:07.360431Z  WARN ThreadId(20) hotstuff_runner::app: Node 0 view(293) far exceeds block count (73); potential sync issue    
2026-08-10T05:52:07.394699Z  WARN ThreadId(20) hotstuff_runner::app: Node 0 [produce_block] queue size: 0, attempting up to 0 transactions this block    
2026-08-10T05:52:07.394927Z  WARN ThreadId(20) hotstuff_runner::app: Node 0 view(297) far exceeds block count (74); potential sync issue    
2026-08-10T05:52:07.445395Z  WARN ThreadId(20) hotstuff_runner::app: Node 0 [produce_block] queue size: 0, attempting up to 0 transactions this block    
2026-08-10T05:52:07.445557Z  WARN ThreadId(20) hotstuff_runner::app: Node 0 view(301) far exceeds block count (75); potential sync issue    
2026-08-10T05:52:07.481505Z  WARN ThreadId(20) hotstuff_runner::app: Node 0 [produce_block] queue size: 0, attempting up to 0 transactions this block    
2026-08-10T05:52:07.482609Z  WARN ThreadId(20) hotstuff_runner::app: Node 0 view(305) far exceeds block count (76); potential sync issue    
2026-08-10T05:52:07.526464Z  WARN ThreadId(20) hotstuff_runner::app: Node 0 [produce_block] queue size: 0, attempting up to 0 transactions this block    
2026-08-10T05:52:07.526993Z  WARN ThreadId(20) hotstuff_runner::app: Node 0 view(309) far exceeds block count (77); potential sync issue    
2026-08-10T05:52:07.557756Z  WARN ThreadId(20) hotstuff_runner::app: Node 0 [produce_block] queue size: 0, attempting up to 0 transactions this block    
2026-08-10T05:52:07.558304Z  WARN ThreadId(20) hotstuff_runner::app: Node 0 view(313) far exceeds block count (78); potential sync issue    
2026-08-10T05:52:07.587335Z  WARN ThreadId(20) hotstuff_runner::app: Node 0 [produce_block] queue size: 0, attempting up to 0 transactions this block    
2026-08-10T05:52:07.587419Z  WARN ThreadId(20) hotstuff_runner::app: Node 0 view(317) far exceeds block count (79); potential sync issue    
2026-08-10T05:52:07.627083Z  WARN ThreadId(20) hotstuff_runner::app: Node 0 [produce_block] queue size: 0, attempting up to 0 transactions this block    
2026-08-10T05:52:07.627886Z  WARN ThreadId(20) hotstuff_runner::app: Node 0 view(321) far exceeds block count (80); potential sync issue    
2026-08-10T05:52:07.671102Z  WARN ThreadId(20) hotstuff_runner::app: Node 0 [produce_block] queue size: 0, attempting up to 0 transactions this block    
2026-08-10T05:52:07.676166Z  WARN ThreadId(20) hotstuff_runner::app: Node 0 view(325) far exceeds block count (81); potential sync issue    
2026-08-10T05:52:07.737952Z  WARN ThreadId(20) hotstuff_runner::app: Node 0 [produce_block] queue size: 0, attempting up to 0 transactions this block    
2026-08-10T05:52:07.739087Z  WARN ThreadId(20) hotstuff_runner::app: Node 0 view(329) far exceeds block count (82); potential sync issue    
2026-08-10T05:52:07.791371Z  WARN ThreadId(20) hotstuff_runner::app: Node 0 [produce_block] queue size: 0, attempting up to 0 transactions this block    
2026-08-10T05:52:07.791623Z  WARN ThreadId(20) hotstuff_runner::app: Node 0 view(333) far exceeds block count (83); potential sync issue    
2026-08-10T05:52:07.836945Z  WARN ThreadId(20) hotstuff_runner::app: Node 0 [produce_block] queue size: 0, attempting up to 0 transactions this block    
2026-08-10T05:52:07.837093Z  WARN ThreadId(20) hotstuff_runner::app: Node 0 view(337) far exceeds block count (84); potential sync issue    
2026-08-10T05:52:07.876492Z  WARN ThreadId(20) hotstuff_runner::app: Node 0 [produce_block] queue size: 0, attempting up to 0 transactions this block    
2026-08-10T05:52:07.877608Z  WARN ThreadId(20) hotstuff_runner::app: Node 0 view(341) far exceeds block count (85); potential sync issue    
2026-08-10T05:52:07.902880Z  WARN ThreadId(20) hotstuff_runner::app: Node 0 [produce_block] queue size: 0, attempting up to 0 transactions this block    
2026-08-10T05:52:07.903409Z  WARN ThreadId(20) hotstuff_runner::app: Node 0 view(345) far exceeds block count (86); potential sync issue    
2026-08-10T05:52:07.936718Z  WARN ThreadId(20) hotstuff_runner::app: Node 0 [produce_block] queue size: 0, attempting up to 0 transactions this block    
2026-08-10T05:52:07.937147Z  WARN ThreadId(20) hotstuff_runner::app: Node 0 view(349) far exceeds block count (87); potential sync issue    
2026-08-10T05:52:07.983613Z  WARN ThreadId(20) hotstuff_runner::app: Node 0 [produce_block] queue size: 0, attempting up to 0 transactions this block    
2026-08-10T05:52:07.983998Z  WARN ThreadId(20) hotstuff_runner::app: Node 0 view(353) far exceeds block count (88); potential sync issue    
2026-08-10T05:52:08.031990Z  WARN ThreadId(20) hotstuff_runner::app: Node 0 [produce_block] queue size: 0, attempting up to 0 transactions this block    
2026-08-10T05:52:08.038973Z  WARN ThreadId(20) hotstuff_runner::app: Node 0 view(357) far exceeds block count (89); potential sync issue    
2026-08-10T05:52:08.087866Z  WARN ThreadId(20) hotstuff_runner::app: Node 0 [produce_block] queue size: 0, attempting up to 0 transactions this block    
2026-08-10T05:52:08.092607Z  WARN ThreadId(20) hotstuff_runner::app: Node 0 view(361) far exceeds block count (90); potential sync issue    
2026-08-10T05:52:08.133809Z  WARN ThreadId(20) hotstuff_runner::app: Node 0 [produce_block] queue size: 0, attempting up to 0 transactions this block    
2026-08-10T05:52:08.136968Z  WARN ThreadId(20) hotstuff_runner::app: Node 0 view(365) far exceeds block count (91); potential sync issue    
2026-08-10T05:52:08.175788Z  WARN ThreadId(20) hotstuff_runner::app: Node 0 [produce_block] queue size: 0, attempting up to 0 transactions this block    
2026-08-10T05:52:08.176000Z  WARN ThreadId(20) hotstuff_runner::app: Node 0 view(369) far exceeds block count (92); potential sync issue    
2026-08-10T05:52:08.208954Z  WARN ThreadId(20) hotstuff_runner::app: Node 0 [produce_block] queue size: 0, attempting up to 0 transactions this block    
2026-08-10T05:52:08.209182Z  WARN ThreadId(20) hotstuff_runner::app: Node 0 view(373) far exceeds block count (93); potential sync issue    
2026-08-10T05:52:08.240480Z  WARN ThreadId(20) hotstuff_runner::app: Node 0 [produce_block] queue size: 0, attempting up to 0 transactions this block    
2026-08-10T05:52:08.240743Z  WARN ThreadId(20) hotstuff_runner::app: Node 0 view(377) far exceeds block count (94); potential sync issue    
2026-08-10T05:52:08.279117Z  WARN ThreadId(20) hotstuff_runner::app: Node 0 [produce_block] queue size: 0, attempting up to 0 transactions this block    
2026-08-10T05:52:08.282502Z  WARN ThreadId(20) hotstuff_runner::app: Node 0 view(381) far exceeds block count (95); potential sync issue    
2026-08-10T05:52:08.361362Z  WARN ThreadId(20) hotstuff_runner::app: Node 0 [produce_block] queue size: 0, attempting up to 0 transactions this block    
2026-08-10T05:52:08.368903Z  WARN ThreadId(20) hotstuff_runner::app: Node 0 view(385) far exceeds block count (96); potential sync issue    
2026-08-10T05:52:08.416867Z  WARN ThreadId(20) hotstuff_runner::app: Node 0 [produce_block] queue size: 0, attempting up to 0 transactions this block    
2026-08-10T05:52:08.421126Z  WARN ThreadId(20) hotstuff_runner::app: Node 0 view(389) far exceeds block count (97); potential sync issue    
2026-08-10T05:52:08.466060Z  WARN ThreadId(20) hotstuff_runner::app: Node 0 [produce_block] queue size: 0, attempting up to 0 transactions this block    
2026-08-10T05:52:08.466599Z  WARN ThreadId(20) hotstuff_runner::app: Node 0 view(393) far exceeds block count (98); potential sync issue    
2026-08-10T05:52:08.509878Z  WARN ThreadId(20) hotstuff_runner::app: Node 0 [produce_block] queue size: 0, attempting up to 0 transactions this block    
2026-08-10T05:52:08.510452Z  WARN ThreadId(20) hotstuff_runner::app: Node 0 view(397) far exceeds block count (99); potential sync issue    
2026-08-10T05:52:08.554826Z  WARN ThreadId(20) hotstuff_runner::app: Node 0 [produce_block] queue size: 0, attempting up to 0 transactions this block    
2026-08-10T05:52:08.555014Z  WARN ThreadId(20) hotstuff_runner::app: Node 0 view(401) far exceeds block count (100); potential sync issue    
2026-08-10T05:52:08.611778Z  WARN ThreadId(20) hotstuff_runner::app: Node 0 [produce_block] queue size: 0, attempting up to 0 transactions this block    
2026-08-10T05:52:08.612522Z  WARN ThreadId(20) hotstuff_runner::app: Node 0 view(405) far exceeds block count (101); potential sync issue    
2026-08-10T05:52:08.655234Z  WARN ThreadId(20) hotstuff_runner::app: Node 0 [produce_block] queue size: 0, attempting up to 0 transactions this block    
2026-08-10T05:52:08.655420Z  WARN ThreadId(20) hotstuff_runner::app: Node 0 view(409) far exceeds block count (102); potential sync issue    
2026-08-10T05:52:08.689689Z  WARN ThreadId(20) hotstuff_runner::app: Node 0 [produce_block] queue size: 0, attempting up to 0 transactions this block    
2026-08-10T05:52:08.692847Z  WARN ThreadId(20) hotstuff_runner::app: Node 0 view(413) far exceeds block count (103); potential sync issue    
2026-08-10T05:52:08.736434Z  WARN ThreadId(20) hotstuff_runner::app: Node 0 [produce_block] queue size: 0, attempting up to 0 transactions this block    
2026-08-10T05:52:08.736666Z  WARN ThreadId(20) hotstuff_runner::app: Node 0 view(417) far exceeds block count (104); potential sync issue    
2026-08-10T05:52:08.772480Z  WARN ThreadId(20) hotstuff_runner::app: Node 0 [produce_block] queue size: 0, attempting up to 0 transactions this block    
2026-08-10T05:52:08.773352Z  WARN ThreadId(20) hotstuff_runner::app: Node 0 view(421) far exceeds block count (105); potential sync issue    
2026-08-10T05:52:08.813446Z  WARN ThreadId(20) hotstuff_runner::app: Node 0 [produce_block] queue size: 0, attempting up to 0 transactions this block    
2026-08-10T05:52:08.822357Z  WARN ThreadId(20) hotstuff_runner::app: Node 0 view(425) far exceeds block count (106); potential sync issue    
2026-08-10T05:52:08.849158Z  WARN ThreadId(05) docker_node:   Connection reuse ineffective (2.0 msg/conn)
2026-08-10T05:52:08.850509Z  WARN ThreadId(01) docker_node: Node 1 port 20001 temporarily unreachable: Connection refused (os error 111)
2026-08-10T05:52:08.854235Z  WARN ThreadId(01) docker_node: Node 2 port 20002 temporarily unreachable: Connection refused (os error 111)
2026-08-10T05:52:08.861284Z  WARN ThreadId(01) docker_node: Node 3 port 20003 temporarily unreachable: Connection refused (os error 111)
2026-08-10T05:52:08.912887Z  WARN ThreadId(20) hotstuff_runner::app: Node 0 [produce_block] queue size: 0, attempting up to 0 transactions this block    
2026-08-10T05:52:08.914577Z  WARN ThreadId(20) hotstuff_runner::app: Node 0 view(429) far exceeds block count (107); potential sync issue    
2026-08-10T05:52:09.414249Z  WARN ThreadId(21) hotstuff_runner::tcp_node: Node 0 view 429 timed out; latency may accumulate
2026-08-10T05:52:09.438262Z  WARN ThreadId(20) hotstuff_runner::app: Node 0 [produce_block] queue size: 0, attempting up to 0 transactions this block    
2026-08-10T05:52:09.438349Z  WARN ThreadId(20) hotstuff_runner::app: Node 0 view(433) far exceeds block count (108); potential sync issue    
2026-08-10T05:52:09.516852Z  WARN ThreadId(20) hotstuff_runner::app: Node 0 [produce_block] queue size: 2, attempting up to 2 transactions this block    
2026-08-10T05:52:09.520366Z  WARN ThreadId(20) hotstuff_runner::app: Node 0 view(437) far exceeds block count (109); potential sync issue    
2026-08-10T05:52:09.542961Z  WARN ThreadId(21) hotstuff_runner::tcp_node: Detected transaction backlog: submit rate (4.1) > confirm rate (0.0)
2026-08-10T05:52:09.569222Z  WARN ThreadId(20) hotstuff_runner::app: Node 0 [produce_block] queue size: 0, attempting up to 0 transactions this block    
2026-08-10T05:52:09.573238Z  WARN ThreadId(20) hotstuff_runner::app: Node 0 view(441) far exceeds block count (110); potential sync issue    
2026-08-10T05:52:09.614948Z  WARN ThreadId(20) hotstuff_runner::app: Node 0 [produce_block] queue size: 0, attempting up to 0 transactions this block    
2026-08-10T05:52:09.615691Z  WARN ThreadId(20) hotstuff_runner::app: Node 0 view(445) far exceeds block count (111); potential sync issue    
2026-08-10T05:52:09.659511Z  WARN ThreadId(20) hotstuff_runner::app: Node 0 [produce_block] queue size: 0, attempting up to 0 transactions this block    
2026-08-10T05:52:09.659832Z  WARN ThreadId(20) hotstuff_runner::app: Node 0 view(449) far exceeds block count (112); potential sync issue    
2026-08-10T05:52:09.697665Z  WARN ThreadId(20) hotstuff_runner::app: Node 0 [produce_block] queue size: 0, attempting up to 0 transactions this block    
2026-08-10T05:52:09.698241Z  WARN ThreadId(20) hotstuff_runner::app: Node 0 view(453) far exceeds block count (113); potential sync issue    
2026-08-10T05:52:09.747107Z  WARN ThreadId(20) hotstuff_runner::app: Node 0 [produce_block] queue size: 2, attempting up to 2 transactions this block    
2026-08-10T05:52:09.748106Z  WARN ThreadId(20) hotstuff_runner::app: Node 0 view(457) far exceeds block count (114); potential sync issue    
2026-08-10T05:52:09.796885Z  WARN ThreadId(20) hotstuff_runner::app: Node 0 [produce_block] queue size: 0, attempting up to 0 transactions this block    
2026-08-10T05:52:09.804970Z  WARN ThreadId(20) hotstuff_runner::app: Node 0 view(461) far exceeds block count (115); potential sync issue    
2026-08-10T05:52:09.858974Z  WARN ThreadId(20) hotstuff_runner::app: Node 0 [produce_block] queue size: 0, attempting up to 0 transactions this block    
2026-08-10T05:52:09.860844Z  WARN ThreadId(20) hotstuff_runner::app: Node 0 view(465) far exceeds block count (116); potential sync issue    
2026-08-10T05:52:09.888852Z  WARN ThreadId(20) hotstuff_runner::app: Node 0 [produce_block] queue size: 0, attempting up to 0 transactions this block    
2026-08-10T05:52:09.890113Z  WARN ThreadId(20) hotstuff_runner::app: Node 0 view(469) far exceeds block count (117); potential sync issue    
2026-08-10T05:52:09.917441Z  WARN ThreadId(20) hotstuff_runner::app: Node 0 [produce_block] queue size: 0, attempting up to 0 transactions this block    
2026-08-10T05:52:09.919389Z  WARN ThreadId(20) hotstuff_runner::app: Node 0 view(473) far exceeds block count (118); potential sync issue    
2026-08-10T05:52:09.979604Z  WARN ThreadId(20) hotstuff_runner::app: Node 0 [produce_block] queue size: 2, attempting up to 2 transactions this block    
2026-08-10T05:52:09.979832Z  WARN ThreadId(20) hotstuff_runner::app: Node 0 view(477) far exceeds block count (119); potential sync issue    
2026-08-10T05:52:10.012947Z  WARN ThreadId(20) hotstuff_runner::app: Node 0 [produce_block] queue size: 0, attempting up to 0 transactions this block    
2026-08-10T05:52:10.015684Z  WARN ThreadId(20) hotstuff_runner::app: Node 0 view(481) far exceeds block count (120); potential sync issue    
2026-08-10T05:52:10.061690Z  WARN ThreadId(20) hotstuff_runner::app: Node 0 [produce_block] queue size: 0, attempting up to 0 transactions this block    
2026-08-10T05:52:10.061843Z  WARN ThreadId(20) hotstuff_runner::app: Node 0 view(485) far exceeds block count (121); potential sync issue    
2026-08-10T05:52:10.097339Z  WARN ThreadId(20) hotstuff_runner::app: Node 0 [produce_block] queue size: 0, attempting up to 0 transactions this block    
2026-08-10T05:52:10.097461Z  WARN ThreadId(20) hotstuff_runner::app: Node 0 view(489) far exceeds block count (122); potential sync issue    
2026-08-10T05:52:10.156967Z  WARN ThreadId(20) hotstuff_runner::app: Node 0 [produce_block] queue size: 2, attempting up to 2 transactions this block    
2026-08-10T05:52:10.157113Z  WARN ThreadId(20) hotstuff_runner::app: Node 0 view(493) far exceeds block count (123); potential sync issue    
2026-08-10T05:52:10.201195Z  WARN ThreadId(20) hotstuff_runner::app: Node 0 [produce_block] queue size: 0, attempting up to 0 transactions this block    
2026-08-10T05:52:10.201373Z  WARN ThreadId(20) hotstuff_runner::app: Node 0 view(497) far exceeds block count (124); potential sync issue    
2026-08-10T05:52:10.252922Z  WARN ThreadId(20) hotstuff_runner::app: Node 0 [produce_block] queue size: 0, attempting up to 0 transactions this block    
2026-08-10T05:52:10.253258Z  WARN ThreadId(20) hotstuff_runner::app: Node 0 view(501) far exceeds block count (125); potential sync issue    
2026-08-10T05:52:10.281082Z  WARN ThreadId(20) hotstuff_runner::app: Node 0 [produce_block] queue size: 0, attempting up to 0 transactions this block    
2026-08-10T05:52:10.281584Z  WARN ThreadId(20) hotstuff_runner::app: Node 0 view(505) far exceeds block count (126); potential sync issue    
2026-08-10T05:52:10.329588Z  WARN ThreadId(20) hotstuff_runner::app: Node 0 [produce_block] queue size: 0, attempting up to 0 transactions this block    
2026-08-10T05:52:10.330644Z  WARN ThreadId(20) hotstuff_runner::app: Node 0 view(509) far exceeds block count (127); potential sync issue    
2026-08-10T05:52:10.376180Z  WARN ThreadId(20) hotstuff_runner::app: Node 0 [produce_block] queue size: 2, attempting up to 2 transactions this block    
2026-08-10T05:52:10.376327Z  WARN ThreadId(20) hotstuff_runner::app: Node 0 view(513) far exceeds block count (128); potential sync issue    
2026-08-10T05:52:10.411725Z  WARN ThreadId(20) hotstuff_runner::app: Node 0 [produce_block] queue size: 0, attempting up to 0 transactions this block    
2026-08-10T05:52:10.412514Z  WARN ThreadId(20) hotstuff_runner::app: Node 0 view(517) far exceeds block count (129); potential sync issue    
2026-08-10T05:52:10.465147Z  WARN ThreadId(20) hotstuff_runner::app: Node 0 [produce_block] queue size: 0, attempting up to 0 transactions this block    
2026-08-10T05:52:10.465418Z  WARN ThreadId(20) hotstuff_runner::app: Node 0 view(521) far exceeds block count (130); potential sync issue    
2026-08-10T05:52:10.510948Z  WARN ThreadId(20) hotstuff_runner::app: Node 0 [produce_block] queue size: 0, attempting up to 0 transactions this block    
2026-08-10T05:52:10.512236Z  WARN ThreadId(20) hotstuff_runner::app: Node 0 view(525) far exceeds block count (131); potential sync issue    
2026-08-10T05:52:10.546268Z  WARN ThreadId(20) hotstuff_runner::app: Node 0 [produce_block] queue size: 0, attempting up to 0 transactions this block    
2026-08-10T05:52:10.546644Z  WARN ThreadId(20) hotstuff_runner::app: Node 0 view(529) far exceeds block count (132); potential sync issue    
2026-08-10T05:52:10.581682Z  WARN ThreadId(20) hotstuff_runner::app: Node 0 [produce_block] queue size: 0, attempting up to 0 transactions this block    
2026-08-10T05:52:10.588205Z  WARN ThreadId(20) hotstuff_runner::app: Node 0 view(533) far exceeds block count (133); potential sync issue    
2026-08-10T05:52:10.627972Z  WARN ThreadId(20) hotstuff_runner::app: Node 0 [produce_block] queue size: 2, attempting up to 2 transactions this block    
2026-08-10T05:52:10.628177Z  WARN ThreadId(20) hotstuff_runner::app: Node 0 view(537) far exceeds block count (134); potential sync issue    
2026-08-10T05:52:10.676572Z  WARN ThreadId(20) hotstuff_runner::app: Node 0 [produce_block] queue size: 0, attempting up to 0 transactions this block    
2026-08-10T05:52:10.677604Z  WARN ThreadId(20) hotstuff_runner::app: Node 0 view(541) far exceeds block count (135); potential sync issue    
2026-08-10T05:52:10.721527Z  WARN ThreadId(20) hotstuff_runner::app: Node 0 [produce_block] queue size: 0, attempting up to 0 transactions this block    
2026-08-10T05:52:10.721664Z  WARN ThreadId(20) hotstuff_runner::app: Node 0 view(545) far exceeds block count (136); potential sync issue    
2026-08-10T05:52:10.749085Z  WARN ThreadId(20) hotstuff_runner::app: Node 0 [produce_block] queue size: 0, attempting up to 0 transactions this block    
2026-08-10T05:52:10.749806Z  WARN ThreadId(20) hotstuff_runner::app: Node 0 view(549) far exceeds block count (137); potential sync issue    
2026-08-10T05:52:10.779697Z  WARN ThreadId(20) hotstuff_runner::app: Node 0 [produce_block] queue size: 2, attempting up to 2 transactions this block    
2026-08-10T05:52:10.781944Z  WARN ThreadId(20) hotstuff_runner::app: Node 0 view(553) far exceeds block count (138); potential sync issue    
2026-08-10T05:52:10.815118Z  WARN ThreadId(20) hotstuff_runner::app: Node 0 [produce_block] queue size: 0, attempting up to 0 transactions this block    
2026-08-10T05:52:10.816609Z  WARN ThreadId(20) hotstuff_runner::app: Node 0 view(557) far exceeds block count (139); potential sync issue    
2026-08-10T05:52:10.843025Z  WARN ThreadId(20) hotstuff_runner::app: Node 0 [produce_block] queue size: 0, attempting up to 0 transactions this block    
2026-08-10T05:52:10.844207Z  WARN ThreadId(20) hotstuff_runner::app: Node 0 view(561) far exceeds block count (140); potential sync issue    
2026-08-10T05:52:10.879998Z  WARN ThreadId(20) hotstuff_runner::app: Node 0 [produce_block] queue size: 0, attempting up to 0 transactions this block    
2026-08-10T05:52:10.880298Z  WARN ThreadId(20) hotstuff_runner::app: Node 0 view(565) far exceeds block count (141); potential sync issue    
2026-08-10T05:52:10.919228Z  WARN ThreadId(20) hotstuff_runner::app: Node 0 [produce_block] queue size: 0, attempting up to 0 transactions this block    
2026-08-10T05:52:10.919539Z  WARN ThreadId(20) hotstuff_runner::app: Node 0 view(569) far exceeds block count (142); potential sync issue    
2026-08-10T05:52:10.954487Z  WARN ThreadId(20) hotstuff_runner::app: Node 0 [produce_block] queue size: 0, attempting up to 0 transactions this block    
2026-08-10T05:52:10.955126Z  WARN ThreadId(20) hotstuff_runner::app: Node 0 view(573) far exceeds block count (143); potential sync issue    
2026-08-10T05:52:10.992704Z  WARN ThreadId(20) hotstuff_runner::app: Node 0 [produce_block] queue size: 2, attempting up to 2 transactions this block    
2026-08-10T05:52:10.993265Z  WARN ThreadId(20) hotstuff_runner::app: Node 0 view(577) far exceeds block count (144); potential sync issue    
2026-08-10T05:52:11.030903Z  WARN ThreadId(20) hotstuff_runner::app: Node 0 [produce_block] queue size: 0, attempting up to 0 transactions this block    
2026-08-10T05:52:11.031273Z  WARN ThreadId(20) hotstuff_runner::app: Node 0 view(581) far exceeds block count (145); potential sync issue    
2026-08-10T05:52:11.057079Z  WARN ThreadId(20) hotstuff_runner::app: Node 0 [produce_block] queue size: 0, attempting up to 0 transactions this block    
2026-08-10T05:52:11.057187Z  WARN ThreadId(20) hotstuff_runner::app: Node 0 view(585) far exceeds block count (146); potential sync issue    
2026-08-10T05:52:11.081325Z  WARN ThreadId(20) hotstuff_runner::app: Node 0 [produce_block] queue size: 0, attempting up to 0 transactions this block    
2026-08-10T05:52:11.082127Z  WARN ThreadId(20) hotstuff_runner::app: Node 0 view(589) far exceeds block count (147); potential sync issue    
2026-08-10T05:52:11.113802Z  WARN ThreadId(20) hotstuff_runner::app: Node 0 [produce_block] queue size: 0, attempting up to 0 transactions this block    
2026-08-10T05:52:11.114262Z  WARN ThreadId(20) hotstuff_runner::app: Node 0 view(593) far exceeds block count (148); potential sync issue    
2026-08-10T05:52:11.153483Z  WARN ThreadId(20) hotstuff_runner::app: Node 0 [produce_block] queue size: 0, attempting up to 0 transactions this block    
2026-08-10T05:52:11.156415Z  WARN ThreadId(20) hotstuff_runner::app: Node 0 view(597) far exceeds block count (149); potential sync issue    
2026-08-10T05:52:11.200437Z  WARN ThreadId(20) hotstuff_runner::app: Node 0 [produce_block] queue size: 2, attempting up to 2 transactions this block    
2026-08-10T05:52:11.200659Z  WARN ThreadId(20) hotstuff_runner::app: Node 0 view(601) far exceeds block count (150); potential sync issue    
2026-08-10T05:52:11.248450Z  WARN ThreadId(20) hotstuff_runner::app: Node 0 [produce_block] queue size: 0, attempting up to 0 transactions this block    
2026-08-10T05:52:11.248527Z  WARN ThreadId(20) hotstuff_runner::app: Node 0 view(605) far exceeds block count (151); potential sync issue    
2026-08-10T05:52:11.281594Z  WARN ThreadId(20) hotstuff_runner::app: Node 0 [produce_block] queue size: 0, attempting up to 0 transactions this block    
2026-08-10T05:52:11.281902Z  WARN ThreadId(20) hotstuff_runner::app: Node 0 view(609) far exceeds block count (152); potential sync issue    
2026-08-10T05:52:11.328851Z  WARN ThreadId(20) hotstuff_runner::app: Node 0 [produce_block] queue size: 0, attempting up to 0 transactions this block    
2026-08-10T05:52:11.331549Z  WARN ThreadId(20) hotstuff_runner::app: Node 0 view(613) far exceeds block count (153); potential sync issue    
2026-08-10T05:52:11.363089Z  WARN ThreadId(20) hotstuff_runner::app: Node 0 [produce_block] queue size: 0, attempting up to 0 transactions this block    
2026-08-10T05:52:11.365752Z  WARN ThreadId(20) hotstuff_runner::app: Node 0 view(617) far exceeds block count (154); potential sync issue    
2026-08-10T05:52:11.403536Z  WARN ThreadId(20) hotstuff_runner::app: Node 0 [produce_block] queue size: 2, attempting up to 2 transactions this block    
2026-08-10T05:52:11.405212Z  WARN ThreadId(20) hotstuff_runner::app: Node 0 view(621) far exceeds block count (155); potential sync issue    
2026-08-10T05:52:11.429280Z  WARN ThreadId(20) hotstuff_runner::app: Node 0 [produce_block] queue size: 0, attempting up to 0 transactions this block    
2026-08-10T05:52:11.429516Z  WARN ThreadId(20) hotstuff_runner::app: Node 0 view(625) far exceeds block count (156); potential sync issue    
2026-08-10T05:52:11.469209Z  WARN ThreadId(20) hotstuff_runner::app: Node 0 [produce_block] queue size: 0, attempting up to 0 transactions this block    
2026-08-10T05:52:11.469418Z  WARN ThreadId(20) hotstuff_runner::app: Node 0 view(629) far exceeds block count (157); potential sync issue    
2026-08-10T05:52:11.502081Z  WARN ThreadId(20) hotstuff_runner::app: Node 0 [produce_block] queue size: 0, attempting up to 0 transactions this block    
2026-08-10T05:52:11.502415Z  WARN ThreadId(20) hotstuff_runner::app: Node 0 view(633) far exceeds block count (158); potential sync issue    
2026-08-10T05:52:11.537860Z  WARN ThreadId(20) hotstuff_runner::app: Node 0 [produce_block] queue size: 0, attempting up to 0 transactions this block    
2026-08-10T05:52:11.538163Z  WARN ThreadId(20) hotstuff_runner::app: Node 0 view(637) far exceeds block count (159); potential sync issue    
2026-08-10T05:52:11.573755Z  WARN ThreadId(20) hotstuff_runner::app: Node 0 [produce_block] queue size: 0, attempting up to 0 transactions this block    
2026-08-10T05:52:11.573901Z  WARN ThreadId(20) hotstuff_runner::app: Node 0 view(641) far exceeds block count (160); potential sync issue    
2026-08-10T05:52:11.617233Z  WARN ThreadId(20) hotstuff_runner::app: Node 0 [produce_block] queue size: 2, attempting up to 2 transactions this block    
2026-08-10T05:52:11.617491Z  WARN ThreadId(20) hotstuff_runner::app: Node 0 view(645) far exceeds block count (161); potential sync issue    
2026-08-10T05:52:11.659544Z  WARN ThreadId(20) hotstuff_runner::app: Node 0 [produce_block] queue size: 0, attempting up to 0 transactions this block    
2026-08-10T05:52:11.663913Z  WARN ThreadId(20) hotstuff_runner::app: Node 0 view(649) far exceeds block count (162); potential sync issue    
2026-08-10T05:52:11.714743Z  WARN ThreadId(20) hotstuff_runner::app: Node 0 [produce_block] queue size: 0, attempting up to 0 transactions this block    
2026-08-10T05:52:11.719662Z  WARN ThreadId(20) hotstuff_runner::app: Node 0 view(653) far exceeds block count (163); potential sync issue    
2026-08-10T05:52:11.779412Z  WARN ThreadId(20) hotstuff_runner::app: Node 0 [produce_block] queue size: 2, attempting up to 2 transactions this block    
2026-08-10T05:52:11.782004Z  WARN ThreadId(20) hotstuff_runner::app: Node 0 view(657) far exceeds block count (164); potential sync issue    
2026-08-10T05:52:11.827307Z  WARN ThreadId(20) hotstuff_runner::app: Node 0 [produce_block] queue size: 0, attempting up to 0 transactions this block    
2026-08-10T05:52:11.828238Z  WARN ThreadId(20) hotstuff_runner::app: Node 0 view(661) far exceeds block count (165); potential sync issue    
2026-08-10T05:52:11.880682Z  WARN ThreadId(20) hotstuff_runner::app: Node 0 [produce_block] queue size: 0, attempting up to 0 transactions this block    
2026-08-10T05:52:11.881329Z  WARN ThreadId(20) hotstuff_runner::app: Node 0 view(665) far exceeds block count (166); potential sync issue    
2026-08-10T05:52:11.935320Z  WARN ThreadId(20) hotstuff_runner::app: Node 0 [produce_block] queue size: 0, attempting up to 0 transactions this block    
2026-08-10T05:52:11.935430Z  WARN ThreadId(20) hotstuff_runner::app: Node 0 view(669) far exceeds block count (167); potential sync issue    
2026-08-10T05:52:11.984385Z  WARN ThreadId(20) hotstuff_runner::app: Node 0 [produce_block] queue size: 0, attempting up to 0 transactions this block    
2026-08-10T05:52:11.984560Z  WARN ThreadId(20) hotstuff_runner::app: Node 0 view(673) far exceeds block count (168); potential sync issue    
2026-08-10T05:52:12.036007Z  WARN ThreadId(20) hotstuff_runner::app: Node 0 [produce_block] queue size: 2, attempting up to 2 transactions this block    
2026-08-10T05:52:12.046781Z  WARN ThreadId(20) hotstuff_runner::app: Node 0 view(677) far exceeds block count (169); potential sync issue    
2026-08-10T05:52:12.079098Z  WARN ThreadId(20) hotstuff_runner::app: Node 0 [produce_block] queue size: 0, attempting up to 0 transactions this block    
2026-08-10T05:52:12.079916Z  WARN ThreadId(20) hotstuff_runner::app: Node 0 view(681) far exceeds block count (170); potential sync issue    
2026-08-10T05:52:12.115011Z  WARN ThreadId(20) hotstuff_runner::app: Node 0 [produce_block] queue size: 0, attempting up to 0 transactions this block    
2026-08-10T05:52:12.115189Z  WARN ThreadId(20) hotstuff_runner::app: Node 0 view(685) far exceeds block count (171); potential sync issue    
2026-08-10T05:52:12.157636Z  WARN ThreadId(20) hotstuff_runner::app: Node 0 [produce_block] queue size: 0, attempting up to 0 transactions this block    
2026-08-10T05:52:12.158383Z  WARN ThreadId(20) hotstuff_runner::app: Node 0 view(689) far exceeds block count (172); potential sync issue    
2026-08-10T05:52:12.215568Z  WARN ThreadId(20) hotstuff_runner::app: Node 0 [produce_block] queue size: 2, attempting up to 2 transactions this block    
2026-08-10T05:52:12.215689Z  WARN ThreadId(20) hotstuff_runner::app: Node 0 view(693) far exceeds block count (173); potential sync issue    
2026-08-10T05:52:12.251693Z  WARN ThreadId(20) hotstuff_runner::app: Node 0 [produce_block] queue size: 0, attempting up to 0 transactions this block    
2026-08-10T05:52:12.252294Z  WARN ThreadId(20) hotstuff_runner::app: Node 0 view(697) far exceeds block count (174); potential sync issue    
2026-08-10T05:52:12.285202Z  WARN ThreadId(20) hotstuff_runner::app: Node 0 [produce_block] queue size: 0, attempting up to 0 transactions this block    
2026-08-10T05:52:12.286966Z  WARN ThreadId(20) hotstuff_runner::app: Node 0 view(701) far exceeds block count (175); potential sync issue    
2026-08-10T05:52:12.346325Z  WARN ThreadId(20) hotstuff_runner::app: Node 0 [produce_block] queue size: 0, attempting up to 0 transactions this block    
2026-08-10T05:52:12.346601Z  WARN ThreadId(20) hotstuff_runner::app: Node 0 view(705) far exceeds block count (176); potential sync issue    
2026-08-10T05:52:12.402670Z  WARN ThreadId(20) hotstuff_runner::app: Node 0 [produce_block] queue size: 0, attempting up to 0 transactions this block    
2026-08-10T05:52:12.402807Z  WARN ThreadId(20) hotstuff_runner::app: Node 0 view(709) far exceeds block count (177); potential sync issue    
2026-08-10T05:52:12.445034Z  WARN ThreadId(20) hotstuff_runner::app: Node 0 [produce_block] queue size: 2, attempting up to 2 transactions this block    
2026-08-10T05:52:12.445256Z  WARN ThreadId(20) hotstuff_runner::app: Node 0 view(713) far exceeds block count (178); potential sync issue    
2026-08-10T05:52:12.486754Z  WARN ThreadId(20) hotstuff_runner::app: Node 0 [produce_block] queue size: 0, attempting up to 0 transactions this block    
2026-08-10T05:52:12.488548Z  WARN ThreadId(20) hotstuff_runner::app: Node 0 view(717) far exceeds block count (179); potential sync issue    
2026-08-10T05:52:12.515522Z  WARN ThreadId(20) hotstuff_runner::app: Node 0 [produce_block] queue size: 0, attempting up to 0 transactions this block    
2026-08-10T05:52:12.515738Z  WARN ThreadId(20) hotstuff_runner::app: Node 0 view(721) far exceeds block count (180); potential sync issue    
2026-08-10T05:52:12.557868Z  WARN ThreadId(20) hotstuff_runner::app: Node 0 [produce_block] queue size: 0, attempting up to 0 transactions this block    
2026-08-10T05:52:12.558569Z  WARN ThreadId(20) hotstuff_runner::app: Node 0 view(725) far exceeds block count (181); potential sync issue    
2026-08-10T05:52:12.607609Z  WARN ThreadId(20) hotstuff_runner::app: Node 0 [produce_block] queue size: 2, attempting up to 2 transactions this block    
2026-08-10T05:52:12.607741Z  WARN ThreadId(20) hotstuff_runner::app: Node 0 view(729) far exceeds block count (182); potential sync issue    
2026-08-10T05:52:12.678182Z  WARN ThreadId(20) hotstuff_runner::app: Node 0 [produce_block] queue size: 0, attempting up to 0 transactions this block    
2026-08-10T05:52:12.678273Z  WARN ThreadId(20) hotstuff_runner::app: Node 0 view(733) far exceeds block count (183); potential sync issue    
2026-08-10T05:52:12.734406Z  WARN ThreadId(20) hotstuff_runner::app: Node 0 [produce_block] queue size: 0, attempting up to 0 transactions this block    
2026-08-10T05:52:12.734621Z  WARN ThreadId(20) hotstuff_runner::app: Node 0 view(737) far exceeds block count (184); potential sync issue    
2026-08-10T05:52:12.758349Z  WARN ThreadId(20) hotstuff_runner::app: Node 0 [produce_block] queue size: 0, attempting up to 0 transactions this block    
2026-08-10T05:52:12.758834Z  WARN ThreadId(20) hotstuff_runner::app: Node 0 view(741) far exceeds block count (185); potential sync issue    
2026-08-10T05:52:12.816903Z  WARN ThreadId(20) hotstuff_runner::app: Node 0 [produce_block] queue size: 0, attempting up to 0 transactions this block    
2026-08-10T05:52:12.817763Z  WARN ThreadId(20) hotstuff_runner::app: Node 0 view(745) far exceeds block count (186); potential sync issue    
2026-08-10T05:52:12.874447Z  WARN ThreadId(20) hotstuff_runner::app: Node 0 [produce_block] queue size: 2, attempting up to 2 transactions this block    
2026-08-10T05:52:12.876177Z  WARN ThreadId(20) hotstuff_runner::app: Node 0 view(749) far exceeds block count (187); potential sync issue    
2026-08-10T05:52:12.925926Z  WARN ThreadId(20) hotstuff_runner::app: Node 0 [produce_block] queue size: 0, attempting up to 0 transactions this block    
2026-08-10T05:52:12.927373Z  WARN ThreadId(20) hotstuff_runner::app: Node 0 view(753) far exceeds block count (188); potential sync issue    
2026-08-10T05:52:12.983112Z  WARN ThreadId(20) hotstuff_runner::app: Node 0 [produce_block] queue size: 0, attempting up to 0 transactions this block    
2026-08-10T05:52:12.984404Z  WARN ThreadId(20) hotstuff_runner::app: Node 0 view(757) far exceeds block count (189); potential sync issue    
2026-08-10T05:52:13.013001Z  WARN ThreadId(20) hotstuff_runner::app: Node 0 [produce_block] queue size: 0, attempting up to 0 transactions this block    
2026-08-10T05:52:13.013135Z  WARN ThreadId(20) hotstuff_runner::app: Node 0 view(761) far exceeds block count (190); potential sync issue    
2026-08-10T05:52:13.044323Z  WARN ThreadId(20) hotstuff_runner::app: Node 0 [produce_block] queue size: 2, attempting up to 2 transactions this block    
2026-08-10T05:52:13.044595Z  WARN ThreadId(20) hotstuff_runner::app: Node 0 view(765) far exceeds block count (191); potential sync issue    
2026-08-10T05:52:13.082571Z  WARN ThreadId(20) hotstuff_runner::app: Node 0 [produce_block] queue size: 0, attempting up to 0 transactions this block    
2026-08-10T05:52:13.083137Z  WARN ThreadId(20) hotstuff_runner::app: Node 0 view(769) far exceeds block count (192); potential sync issue    
2026-08-10T05:52:13.111027Z  WARN ThreadId(20) hotstuff_runner::app: Node 0 [produce_block] queue size: 0, attempting up to 0 transactions this block    
2026-08-10T05:52:13.111638Z  WARN ThreadId(20) hotstuff_runner::app: Node 0 view(773) far exceeds block count (193); potential sync issue    
2026-08-10T05:52:13.140643Z  WARN ThreadId(20) hotstuff_runner::app: Node 0 [produce_block] queue size: 0, attempting up to 0 transactions this block    
2026-08-10T05:52:13.141010Z  WARN ThreadId(20) hotstuff_runner::app: Node 0 view(777) far exceeds block count (194); potential sync issue    
2026-08-10T05:52:13.173900Z  WARN ThreadId(20) hotstuff_runner::app: Node 0 [produce_block] queue size: 0, attempting up to 0 transactions this block    
2026-08-10T05:52:13.174843Z  WARN ThreadId(20) hotstuff_runner::app: Node 0 view(781) far exceeds block count (195); potential sync issue    
2026-08-10T05:52:13.216377Z  WARN ThreadId(20) hotstuff_runner::app: Node 0 [produce_block] queue size: 2, attempting up to 2 transactions this block    
2026-08-10T05:52:13.217266Z  WARN ThreadId(20) hotstuff_runner::app: Node 0 view(785) far exceeds block count (196); potential sync issue    
2026-08-10T05:52:13.256174Z  WARN ThreadId(20) hotstuff_runner::app: Node 0 [produce_block] queue size: 0, attempting up to 0 transactions this block    
2026-08-10T05:52:13.256677Z  WARN ThreadId(20) hotstuff_runner::app: Node 0 view(789) far exceeds block count (197); potential sync issue    
2026-08-10T05:52:13.338106Z  WARN ThreadId(20) hotstuff_runner::app: Node 0 [produce_block] queue size: 0, attempting up to 0 transactions this block    
2026-08-10T05:52:13.338635Z  WARN ThreadId(20) hotstuff_runner::app: Node 0 view(793) far exceeds block count (198); potential sync issue    
2026-08-10T05:52:13.431582Z  WARN ThreadId(20) hotstuff_runner::app: Node 0 [produce_block] queue size: 0, attempting up to 0 transactions this block    
2026-08-10T05:52:13.432430Z  WARN ThreadId(20) hotstuff_runner::app: Node 0 view(797) far exceeds block count (199); potential sync issue    
2026-08-10T05:52:13.500321Z  WARN ThreadId(20) hotstuff_runner::app: Node 0 [produce_block] queue size: 2, attempting up to 2 transactions this block    
2026-08-10T05:52:13.500593Z  WARN ThreadId(20) hotstuff_runner::app: Node 0 view(801) far exceeds block count (200); potential sync issue    
2026-08-10T05:52:13.550666Z  WARN ThreadId(20) hotstuff_runner::app: Node 0 [produce_block] queue size: 0, attempting up to 0 transactions this block    
2026-08-10T05:52:13.551280Z  WARN ThreadId(20) hotstuff_runner::app: Node 0 view(805) far exceeds block count (201); potential sync issue    
2026-08-10T05:52:13.600953Z  WARN ThreadId(20) hotstuff_runner::app: Node 0 [produce_block] queue size: 0, attempting up to 0 transactions this block    
2026-08-10T05:52:13.601701Z  WARN ThreadId(20) hotstuff_runner::app: Node 0 view(809) far exceeds block count (202); potential sync issue    
2026-08-10T05:52:13.639473Z  WARN ThreadId(20) hotstuff_runner::app: Node 0 [produce_block] queue size: 2, attempting up to 2 transactions this block    
2026-08-10T05:52:13.640714Z  WARN ThreadId(20) hotstuff_runner::app: Node 0 view(813) far exceeds block count (203); potential sync issue    
2026-08-10T05:52:13.686833Z  WARN ThreadId(20) hotstuff_runner::app: Node 0 [produce_block] queue size: 0, attempting up to 0 transactions this block    
2026-08-10T05:52:13.686974Z  WARN ThreadId(20) hotstuff_runner::app: Node 0 view(817) far exceeds block count (204); potential sync issue    
2026-08-10T05:52:13.729844Z  WARN ThreadId(20) hotstuff_runner::app: Node 0 [produce_block] queue size: 0, attempting up to 0 transactions this block    
2026-08-10T05:52:13.730089Z  WARN ThreadId(20) hotstuff_runner::app: Node 0 view(821) far exceeds block count (205); potential sync issue    
2026-08-10T05:52:13.767965Z  WARN ThreadId(20) hotstuff_runner::app: Node 0 [produce_block] queue size: 0, attempting up to 0 transactions this block    
2026-08-10T05:52:13.768716Z  WARN ThreadId(20) hotstuff_runner::app: Node 0 view(825) far exceeds block count (206); potential sync issue    
2026-08-10T05:52:13.797920Z  WARN ThreadId(20) hotstuff_runner::app: Node 0 [produce_block] queue size: 0, attempting up to 0 transactions this block    
2026-08-10T05:52:13.798241Z  WARN ThreadId(20) hotstuff_runner::app: Node 0 view(829) far exceeds block count (207); potential sync issue    
2026-08-10T05:52:13.837152Z  WARN ThreadId(20) hotstuff_runner::app: Node 0 [produce_block] queue size: 0, attempting up to 0 transactions this block    
2026-08-10T05:52:13.839442Z  WARN ThreadId(20) hotstuff_runner::app: Node 0 view(833) far exceeds block count (208); potential sync issue    
2026-08-10T05:52:13.849136Z  WARN ThreadId(05) docker_node:   Connection reuse ineffective (48.0 msg/conn)
2026-08-10T05:52:13.888410Z  WARN ThreadId(20) hotstuff_runner::app: Node 0 [produce_block] queue size: 2, attempting up to 2 transactions this block    
2026-08-10T05:52:13.888570Z  WARN ThreadId(20) hotstuff_runner::app: Node 0 view(837) far exceeds block count (209); potential sync issue    
2026-08-10T05:52:13.983395Z  WARN ThreadId(20) hotstuff_runner::app: Node 0 [produce_block] queue size: 0, attempting up to 0 transactions this block    
2026-08-10T05:52:13.984091Z  WARN ThreadId(20) hotstuff_runner::app: Node 0 view(841) far exceeds block count (210); potential sync issue    
2026-08-10T05:52:14.066288Z  WARN ThreadId(20) hotstuff_runner::app: Node 0 [produce_block] queue size: 2, attempting up to 2 transactions this block    
2026-08-10T05:52:14.077753Z  WARN ThreadId(20) hotstuff_runner::app: Node 0 view(845) far exceeds block count (211); potential sync issue    
2026-08-10T05:52:14.129953Z  WARN ThreadId(20) hotstuff_runner::app: Node 0 [produce_block] queue size: 0, attempting up to 0 transactions this block    
2026-08-10T05:52:14.130295Z  WARN ThreadId(20) hotstuff_runner::app: Node 0 view(849) far exceeds block count (212); potential sync issue    
2026-08-10T05:52:14.252258Z  WARN ThreadId(20) hotstuff_runner::app: Node 0 [produce_block] queue size: 2, attempting up to 2 transactions this block    
2026-08-10T05:52:14.260960Z  WARN ThreadId(20) hotstuff_runner::app: Node 0 view(853) far exceeds block count (213); potential sync issue    
2026-08-10T05:52:14.337512Z  WARN ThreadId(20) hotstuff_runner::app: Node 0 [produce_block] queue size: 0, attempting up to 0 transactions this block    
2026-08-10T05:52:14.342547Z  WARN ThreadId(20) hotstuff_runner::app: Node 0 view(857) far exceeds block count (214); potential sync issue    
2026-08-10T05:52:14.407355Z  WARN ThreadId(20) hotstuff_runner::app: Node 0 [produce_block] queue size: 0, attempting up to 0 transactions this block    
2026-08-10T05:52:14.407896Z  WARN ThreadId(20) hotstuff_runner::app: Node 0 view(861) far exceeds block count (215); potential sync issue    
2026-08-10T05:52:14.444547Z  WARN ThreadId(20) hotstuff_runner::app: Node 0 [produce_block] queue size: 2, attempting up to 2 transactions this block    
2026-08-10T05:52:14.446135Z  WARN ThreadId(20) hotstuff_runner::app: Node 0 view(865) far exceeds block count (216); potential sync issue    
2026-08-10T05:52:14.509997Z  WARN ThreadId(20) hotstuff_runner::app: Node 0 [produce_block] queue size: 0, attempting up to 0 transactions this block    
2026-08-10T05:52:14.510393Z  WARN ThreadId(20) hotstuff_runner::app: Node 0 view(869) far exceeds block count (217); potential sync issue    
2026-08-10T05:52:14.537149Z  WARN ThreadId(20) hotstuff_runner::app: Node 0 [produce_block] queue size: 0, attempting up to 0 transactions this block    
2026-08-10T05:52:14.537910Z  WARN ThreadId(20) hotstuff_runner::app: Node 0 view(873) far exceeds block count (218); potential sync issue    
2026-08-10T05:52:14.565063Z  WARN ThreadId(20) hotstuff_runner::app: Node 0 [produce_block] queue size: 0, attempting up to 0 transactions this block    
2026-08-10T05:52:14.566202Z  WARN ThreadId(20) hotstuff_runner::app: Node 0 view(877) far exceeds block count (219); potential sync issue    
2026-08-10T05:52:14.605805Z  WARN ThreadId(20) hotstuff_runner::app: Node 0 [produce_block] queue size: 0, attempting up to 0 transactions this block    
2026-08-10T05:52:14.606573Z  WARN ThreadId(20) hotstuff_runner::app: Node 0 view(881) far exceeds block count (220); potential sync issue    
2026-08-10T05:52:14.640312Z  WARN ThreadId(20) hotstuff_runner::app: Node 0 [produce_block] queue size: 2, attempting up to 2 transactions this block    
2026-08-10T05:52:14.648404Z  WARN ThreadId(20) hotstuff_runner::app: Node 0 view(885) far exceeds block count (221); potential sync issue    
2026-08-10T05:52:14.735692Z  WARN ThreadId(20) hotstuff_runner::app: Node 0 [produce_block] queue size: 0, attempting up to 0 transactions this block    
2026-08-10T05:52:14.735976Z  WARN ThreadId(20) hotstuff_runner::app: Node 0 view(889) far exceeds block count (222); potential sync issue    
2026-08-10T05:52:14.782432Z  WARN ThreadId(20) hotstuff_runner::app: Node 0 [produce_block] queue size: 0, attempting up to 0 transactions this block    
2026-08-10T05:52:14.782568Z  WARN ThreadId(20) hotstuff_runner::app: Node 0 view(893) far exceeds block count (223); potential sync issue    
2026-08-10T05:52:14.848362Z  WARN ThreadId(20) hotstuff_runner::app: Node 0 [produce_block] queue size: 0, attempting up to 0 transactions this block    
2026-08-10T05:52:14.853145Z  WARN ThreadId(20) hotstuff_runner::app: Node 0 view(897) far exceeds block count (224); potential sync issue    
2026-08-10T05:52:14.957098Z  WARN ThreadId(20) hotstuff_runner::app: Node 0 [produce_block] queue size: 2, attempting up to 2 transactions this block    
2026-08-10T05:52:14.958097Z  WARN ThreadId(20) hotstuff_runner::app: Node 0 view(901) far exceeds block count (225); potential sync issue    
2026-08-10T05:52:14.987371Z  WARN ThreadId(20) hotstuff_runner::app: Node 0 [produce_block] queue size: 0, attempting up to 0 transactions this block    
2026-08-10T05:52:14.988709Z  WARN ThreadId(20) hotstuff_runner::app: Node 0 view(905) far exceeds block count (226); potential sync issue    
2026-08-10T05:52:15.033954Z  WARN ThreadId(20) hotstuff_runner::app: Node 0 [produce_block] queue size: 0, attempting up to 0 transactions this block    
2026-08-10T05:52:15.040626Z  WARN ThreadId(20) hotstuff_runner::app: Node 0 view(909) far exceeds block count (227); potential sync issue    
2026-08-10T05:52:15.111452Z  WARN ThreadId(20) hotstuff_runner::app: Node 0 [produce_block] queue size: 2, attempting up to 2 transactions this block    
2026-08-10T05:52:15.111972Z  WARN ThreadId(20) hotstuff_runner::app: Node 0 view(913) far exceeds block count (228); potential sync issue    
2026-08-10T05:52:15.161534Z  WARN ThreadId(20) hotstuff_runner::app: Node 0 [produce_block] queue size: 0, attempting up to 0 transactions this block    
2026-08-10T05:52:15.161878Z  WARN ThreadId(20) hotstuff_runner::app: Node 0 view(917) far exceeds block count (229); potential sync issue    
2026-08-10T05:52:15.196026Z  WARN ThreadId(20) hotstuff_runner::app: Node 0 [produce_block] queue size: 0, attempting up to 0 transactions this block    
2026-08-10T05:52:15.196955Z  WARN ThreadId(20) hotstuff_runner::app: Node 0 view(921) far exceeds block count (230); potential sync issue    
2026-08-10T05:52:15.241456Z  WARN ThreadId(20) hotstuff_runner::app: Node 0 [produce_block] queue size: 0, attempting up to 0 transactions this block    
2026-08-10T05:52:15.241792Z  WARN ThreadId(20) hotstuff_runner::app: Node 0 view(925) far exceeds block count (231); potential sync issue    
2026-08-10T05:52:15.283793Z  WARN ThreadId(20) hotstuff_runner::app: Node 0 [produce_block] queue size: 2, attempting up to 2 transactions this block    
2026-08-10T05:52:15.284176Z  WARN ThreadId(20) hotstuff_runner::app: Node 0 view(929) far exceeds block count (232); potential sync issue    
2026-08-10T05:52:15.334534Z  WARN ThreadId(20) hotstuff_runner::app: Node 0 [produce_block] queue size: 0, attempting up to 0 transactions this block    
2026-08-10T05:52:15.335106Z  WARN ThreadId(20) hotstuff_runner::app: Node 0 view(933) far exceeds block count (233); potential sync issue    
2026-08-10T05:52:15.372980Z  WARN ThreadId(20) hotstuff_runner::app: Node 0 [produce_block] queue size: 0, attempting up to 0 transactions this block    
2026-08-10T05:52:15.373380Z  WARN ThreadId(20) hotstuff_runner::app: Node 0 view(937) far exceeds block count (234); potential sync issue    
2026-08-10T05:52:15.406594Z  WARN ThreadId(20) hotstuff_runner::app: Node 0 [produce_block] queue size: 0, attempting up to 0 transactions this block    
2026-08-10T05:52:15.406867Z  WARN ThreadId(20) hotstuff_runner::app: Node 0 view(941) far exceeds block count (235); potential sync issue    
2026-08-10T05:52:15.460108Z  WARN ThreadId(20) hotstuff_runner::app: Node 0 [produce_block] queue size: 0, attempting up to 0 transactions this block    
2026-08-10T05:52:15.461932Z  WARN ThreadId(20) hotstuff_runner::app: Node 0 view(945) far exceeds block count (236); potential sync issue    
2026-08-10T05:52:15.492179Z  WARN ThreadId(20) hotstuff_runner::app: Node 0 [produce_block] queue size: 0, attempting up to 0 transactions this block    
2026-08-10T05:52:15.492825Z  WARN ThreadId(20) hotstuff_runner::app: Node 0 view(949) far exceeds block count (237); potential sync issue    
2026-08-10T05:52:15.541847Z  WARN ThreadId(20) hotstuff_runner::app: Node 0 [produce_block] queue size: 2, attempting up to 2 transactions this block    
2026-08-10T05:52:15.542770Z  WARN ThreadId(20) hotstuff_runner::app: Node 0 view(953) far exceeds block count (238); potential sync issue    
2026-08-10T05:52:15.587547Z  WARN ThreadId(20) hotstuff_runner::app: Node 0 [produce_block] queue size: 0, attempting up to 0 transactions this block    
2026-08-10T05:52:15.588332Z  WARN ThreadId(20) hotstuff_runner::app: Node 0 view(957) far exceeds block count (239); potential sync issue    
2026-08-10T05:52:15.626971Z  WARN ThreadId(20) hotstuff_runner::app: Node 0 [produce_block] queue size: 0, attempting up to 0 transactions this block    
2026-08-10T05:52:15.627096Z  WARN ThreadId(20) hotstuff_runner::app: Node 0 view(961) far exceeds block count (240); potential sync issue    
2026-08-10T05:52:15.662773Z  WARN ThreadId(20) hotstuff_runner::app: Node 0 [produce_block] queue size: 0, attempting up to 0 transactions this block    
2026-08-10T05:52:15.663484Z  WARN ThreadId(20) hotstuff_runner::app: Node 0 view(965) far exceeds block count (241); potential sync issue    
2026-08-10T05:52:15.714653Z  WARN ThreadId(20) hotstuff_runner::app: Node 0 [produce_block] queue size: 0, attempting up to 0 transactions this block    
2026-08-10T05:52:15.717916Z  WARN ThreadId(20) hotstuff_runner::app: Node 0 view(969) far exceeds block count (242); potential sync issue    
2026-08-10T05:52:15.765974Z  WARN ThreadId(20) hotstuff_runner::app: Node 0 [produce_block] queue size: 2, attempting up to 2 transactions this block    
2026-08-10T05:52:15.766345Z  WARN ThreadId(20) hotstuff_runner::app: Node 0 view(973) far exceeds block count (243); potential sync issue    
2026-08-10T05:52:15.893357Z  WARN ThreadId(20) hotstuff_runner::app: Node 0 [produce_block] queue size: 2, attempting up to 2 transactions this block    
2026-08-10T05:52:15.894091Z  WARN ThreadId(20) hotstuff_runner::app: Node 0 view(977) far exceeds block count (244); potential sync issue    
2026-08-10T05:52:15.938971Z  WARN ThreadId(20) hotstuff_runner::app: Node 0 [produce_block] queue size: 0, attempting up to 0 transactions this block    
2026-08-10T05:52:15.939268Z  WARN ThreadId(20) hotstuff_runner::app: Node 0 view(981) far exceeds block count (245); potential sync issue    
2026-08-10T05:52:16.002595Z  WARN ThreadId(20) hotstuff_runner::app: Node 0 [produce_block] queue size: 0, attempting up to 0 transactions this block    
2026-08-10T05:52:16.005093Z  WARN ThreadId(20) hotstuff_runner::app: Node 0 view(985) far exceeds block count (246); potential sync issue    
2026-08-10T05:52:16.512401Z  WARN ThreadId(21) hotstuff_runner::tcp_node: Node 0 view 986 timed out; latency may accumulate
2026-08-10T05:52:16.533081Z  WARN ThreadId(20) hotstuff_runner::app: Node 0 [produce_block] queue size: 6, attempting up to 6 transactions this block    
2026-08-10T05:52:16.535013Z  WARN ThreadId(20) hotstuff_runner::app: Node 0 view(989) far exceeds block count (247); potential sync issue    
2026-08-10T05:52:16.568097Z  WARN ThreadId(20) hotstuff_runner::app: Node 0 [produce_block] queue size: 0, attempting up to 0 transactions this block    
2026-08-10T05:52:16.568303Z  WARN ThreadId(20) hotstuff_runner::app: Node 0 view(993) far exceeds block count (248); potential sync issue    
2026-08-10T05:52:16.619524Z  WARN ThreadId(20) hotstuff_runner::app: Node 0 [produce_block] queue size: 0, attempting up to 0 transactions this block    
2026-08-10T05:52:16.619853Z  WARN ThreadId(20) hotstuff_runner::app: Node 0 view(997) far exceeds block count (249); potential sync issue    
2026-08-10T05:52:16.665413Z  WARN ThreadId(20) hotstuff_runner::app: Node 0 [produce_block] queue size: 0, attempting up to 0 transactions this block    
2026-08-10T05:52:16.665761Z  WARN ThreadId(20) hotstuff_runner::app: Node 0 view(1001) far exceeds block count (250); potential sync issue    
2026-08-10T05:52:16.706763Z  WARN ThreadId(20) hotstuff_runner::app: Node 0 [produce_block] queue size: 2, attempting up to 2 transactions this block    
2026-08-10T05:52:16.707291Z  WARN ThreadId(20) hotstuff_runner::app: Node 0 view(1005) far exceeds block count (251); potential sync issue    
2026-08-10T05:52:16.739019Z  WARN ThreadId(20) hotstuff_runner::app: Node 0 [produce_block] queue size: 0, attempting up to 0 transactions this block    
2026-08-10T05:52:16.739972Z  WARN ThreadId(20) hotstuff_runner::app: Node 0 view(1009) far exceeds block count (252); potential sync issue    
2026-08-10T05:52:16.772392Z  WARN ThreadId(20) hotstuff_runner::app: Node 0 [produce_block] queue size: 0, attempting up to 0 transactions this block    
2026-08-10T05:52:16.774149Z  WARN ThreadId(20) hotstuff_runner::app: Node 0 view(1013) far exceeds block count (253); potential sync issue    
2026-08-10T05:52:16.807958Z  WARN ThreadId(20) hotstuff_runner::app: Node 0 [produce_block] queue size: 0, attempting up to 0 transactions this block    
2026-08-10T05:52:16.811755Z  WARN ThreadId(20) hotstuff_runner::app: Node 0 view(1017) far exceeds block count (254); potential sync issue    
2026-08-10T05:52:16.852932Z  WARN ThreadId(20) hotstuff_runner::app: Node 0 [produce_block] queue size: 0, attempting up to 0 transactions this block    
2026-08-10T05:52:16.853801Z  WARN ThreadId(20) hotstuff_runner::app: Node 0 view(1021) far exceeds block count (255); potential sync issue    
2026-08-10T05:52:16.887627Z  WARN ThreadId(20) hotstuff_runner::app: Node 0 [produce_block] queue size: 0, attempting up to 0 transactions this block    
2026-08-10T05:52:16.887944Z  WARN ThreadId(20) hotstuff_runner::app: Node 0 view(1025) far exceeds block count (256); potential sync issue    
2026-08-10T05:52:16.926365Z  WARN ThreadId(20) hotstuff_runner::app: Node 0 [produce_block] queue size: 0, attempting up to 0 transactions this block    
2026-08-10T05:52:16.929731Z  WARN ThreadId(20) hotstuff_runner::app: Node 0 view(1029) far exceeds block count (257); potential sync issue    
2026-08-10T05:52:17.007908Z  WARN ThreadId(20) hotstuff_runner::app: Node 0 [produce_block] queue size: 2, attempting up to 2 transactions this block    
2026-08-10T05:52:17.010380Z  WARN ThreadId(20) hotstuff_runner::app: Node 0 view(1033) far exceeds block count (258); potential sync issue    
2026-08-10T05:52:17.100081Z  WARN ThreadId(20) hotstuff_runner::app: Node 0 [produce_block] queue size: 0, attempting up to 0 transactions this block    
2026-08-10T05:52:17.100581Z  WARN ThreadId(20) hotstuff_runner::app: Node 0 view(1037) far exceeds block count (259); potential sync issue    
2026-08-10T05:52:17.137250Z  WARN ThreadId(20) hotstuff_runner::app: Node 0 [produce_block] queue size: 2, attempting up to 2 transactions this block    
2026-08-10T05:52:17.137683Z  WARN ThreadId(20) hotstuff_runner::app: Node 0 view(1041) far exceeds block count (260); potential sync issue    
2026-08-10T05:52:17.178416Z  WARN ThreadId(20) hotstuff_runner::app: Node 0 [produce_block] queue size: 0, attempting up to 0 transactions this block    
2026-08-10T05:52:17.179831Z  WARN ThreadId(20) hotstuff_runner::app: Node 0 view(1045) far exceeds block count (261); potential sync issue    
2026-08-10T05:52:17.217964Z  WARN ThreadId(20) hotstuff_runner::app: Node 0 [produce_block] queue size: 0, attempting up to 0 transactions this block    
2026-08-10T05:52:17.218519Z  WARN ThreadId(20) hotstuff_runner::app: Node 0 view(1049) far exceeds block count (262); potential sync issue    
2026-08-10T05:52:17.270119Z  WARN ThreadId(20) hotstuff_runner::app: Node 0 [produce_block] queue size: 0, attempting up to 0 transactions this block    
2026-08-10T05:52:17.271016Z  WARN ThreadId(20) hotstuff_runner::app: Node 0 view(1053) far exceeds block count (263); potential sync issue    
2026-08-10T05:52:17.326481Z  WARN ThreadId(20) hotstuff_runner::app: Node 0 [produce_block] queue size: 0, attempting up to 0 transactions this block    
2026-08-10T05:52:17.327206Z  WARN ThreadId(20) hotstuff_runner::app: Node 0 view(1057) far exceeds block count (264); potential sync issue    
2026-08-10T05:52:17.366022Z  WARN ThreadId(20) hotstuff_runner::app: Node 0 [produce_block] queue size: 2, attempting up to 2 transactions this block    
2026-08-10T05:52:17.366774Z  WARN ThreadId(20) hotstuff_runner::app: Node 0 view(1061) far exceeds block count (265); potential sync issue    
2026-08-10T05:52:17.412646Z  WARN ThreadId(20) hotstuff_runner::app: Node 0 [produce_block] queue size: 0, attempting up to 0 transactions this block    
2026-08-10T05:52:17.412780Z  WARN ThreadId(20) hotstuff_runner::app: Node 0 view(1065) far exceeds block count (266); potential sync issue    
2026-08-10T05:52:17.464536Z  WARN ThreadId(20) hotstuff_runner::app: Node 0 [produce_block] queue size: 0, attempting up to 0 transactions this block    
2026-08-10T05:52:17.464946Z  WARN ThreadId(20) hotstuff_runner::app: Node 0 view(1069) far exceeds block count (267); potential sync issue    
2026-08-10T05:52:17.504111Z  WARN ThreadId(20) hotstuff_runner::app: Node 0 [produce_block] queue size: 0, attempting up to 0 transactions this block    
2026-08-10T05:52:17.504321Z  WARN ThreadId(20) hotstuff_runner::app: Node 0 view(1073) far exceeds block count (268); potential sync issue    
2026-08-10T05:52:17.538480Z  WARN ThreadId(20) hotstuff_runner::app: Node 0 [produce_block] queue size: 2, attempting up to 2 transactions this block    
2026-08-10T05:52:17.539745Z  WARN ThreadId(20) hotstuff_runner::app: Node 0 view(1077) far exceeds block count (269); potential sync issue    
2026-08-10T05:52:17.579892Z  WARN ThreadId(20) hotstuff_runner::app: Node 0 [produce_block] queue size: 0, attempting up to 0 transactions this block    
2026-08-10T05:52:17.580997Z  WARN ThreadId(20) hotstuff_runner::app: Node 0 view(1081) far exceeds block count (270); potential sync issue    
2026-08-10T05:52:17.631819Z  WARN ThreadId(20) hotstuff_runner::app: Node 0 [produce_block] queue size: 0, attempting up to 0 transactions this block    
2026-08-10T05:52:17.634105Z  WARN ThreadId(20) hotstuff_runner::app: Node 0 view(1085) far exceeds block count (271); potential sync issue    
2026-08-10T05:52:17.685342Z  WARN ThreadId(20) hotstuff_runner::app: Node 0 [produce_block] queue size: 0, attempting up to 0 transactions this block    
2026-08-10T05:52:17.685477Z  WARN ThreadId(20) hotstuff_runner::app: Node 0 view(1089) far exceeds block count (272); potential sync issue    
2026-08-10T05:52:17.713181Z  WARN ThreadId(20) hotstuff_runner::app: Node 0 [produce_block] queue size: 2, attempting up to 2 transactions this block    
2026-08-10T05:52:17.713778Z  WARN ThreadId(20) hotstuff_runner::app: Node 0 view(1093) far exceeds block count (273); potential sync issue    
2026-08-10T05:52:17.753812Z  WARN ThreadId(20) hotstuff_runner::app: Node 0 [produce_block] queue size: 0, attempting up to 0 transactions this block    
2026-08-10T05:52:17.756584Z  WARN ThreadId(20) hotstuff_runner::app: Node 0 view(1097) far exceeds block count (274); potential sync issue    
2026-08-10T05:52:17.807082Z  WARN ThreadId(20) hotstuff_runner::app: Node 0 [produce_block] queue size: 0, attempting up to 0 transactions this block    
2026-08-10T05:52:17.808831Z  WARN ThreadId(20) hotstuff_runner::app: Node 0 view(1101) far exceeds block count (275); potential sync issue    
2026-08-10T05:52:17.856947Z  WARN ThreadId(20) hotstuff_runner::app: Node 0 [produce_block] queue size: 0, attempting up to 0 transactions this block    
2026-08-10T05:52:17.857172Z  WARN ThreadId(20) hotstuff_runner::app: Node 0 view(1105) far exceeds block count (276); potential sync issue    
2026-08-10T05:52:17.890232Z  WARN ThreadId(20) hotstuff_runner::app: Node 0 [produce_block] queue size: 0, attempting up to 0 transactions this block    
2026-08-10T05:52:17.890394Z  WARN ThreadId(20) hotstuff_runner::app: Node 0 view(1109) far exceeds block count (277); potential sync issue    
2026-08-10T05:52:17.929497Z  WARN ThreadId(20) hotstuff_runner::app: Node 0 [produce_block] queue size: 2, attempting up to 2 transactions this block    
2026-08-10T05:52:17.931330Z  WARN ThreadId(20) hotstuff_runner::app: Node 0 view(1113) far exceeds block count (278); potential sync issue    
2026-08-10T05:52:17.980207Z  WARN ThreadId(20) hotstuff_runner::app: Node 0 [produce_block] queue size: 0, attempting up to 0 transactions this block    
2026-08-10T05:52:17.981084Z  WARN ThreadId(20) hotstuff_runner::app: Node 0 view(1117) far exceeds block count (279); potential sync issue    
2026-08-10T05:52:18.027205Z  WARN ThreadId(20) hotstuff_runner::app: Node 0 [produce_block] queue size: 0, attempting up to 0 transactions this block    
2026-08-10T05:52:18.027985Z  WARN ThreadId(20) hotstuff_runner::app: Node 0 view(1121) far exceeds block count (280); potential sync issue    
2026-08-10T05:52:18.069078Z  WARN ThreadId(20) hotstuff_runner::app: Node 0 [produce_block] queue size: 0, attempting up to 0 transactions this block    
2026-08-10T05:52:18.069343Z  WARN ThreadId(20) hotstuff_runner::app: Node 0 view(1125) far exceeds block count (281); potential sync issue    
2026-08-10T05:52:18.101908Z  WARN ThreadId(20) hotstuff_runner::app: Node 0 [produce_block] queue size: 0, attempting up to 0 transactions this block    
2026-08-10T05:52:18.102690Z  WARN ThreadId(20) hotstuff_runner::app: Node 0 view(1129) far exceeds block count (282); potential sync issue    
2026-08-10T05:52:18.144627Z  WARN ThreadId(20) hotstuff_runner::app: Node 0 [produce_block] queue size: 2, attempting up to 2 transactions this block    
2026-08-10T05:52:18.145179Z  WARN ThreadId(20) hotstuff_runner::app: Node 0 view(1133) far exceeds block count (283); potential sync issue    
2026-08-10T05:52:18.182989Z  WARN ThreadId(20) hotstuff_runner::app: Node 0 [produce_block] queue size: 0, attempting up to 0 transactions this block    
2026-08-10T05:52:18.183780Z  WARN ThreadId(20) hotstuff_runner::app: Node 0 view(1137) far exceeds block count (284); potential sync issue    
2026-08-10T05:52:18.229747Z  WARN ThreadId(20) hotstuff_runner::app: Node 0 [produce_block] queue size: 0, attempting up to 0 transactions this block    
2026-08-10T05:52:18.230255Z  WARN ThreadId(20) hotstuff_runner::app: Node 0 view(1141) far exceeds block count (285); potential sync issue    
2026-08-10T05:52:18.277971Z  WARN ThreadId(20) hotstuff_runner::app: Node 0 [produce_block] queue size: 0, attempting up to 0 transactions this block    
2026-08-10T05:52:18.278436Z  WARN ThreadId(20) hotstuff_runner::app: Node 0 view(1145) far exceeds block count (286); potential sync issue    
2026-08-10T05:52:18.335865Z  WARN ThreadId(20) hotstuff_runner::app: Node 0 [produce_block] queue size: 0, attempting up to 0 transactions this block    
2026-08-10T05:52:18.337405Z  WARN ThreadId(20) hotstuff_runner::app: Node 0 view(1149) far exceeds block count (287); potential sync issue    
2026-08-10T05:52:18.367540Z  WARN ThreadId(20) hotstuff_runner::app: Node 0 [produce_block] queue size: 2, attempting up to 2 transactions this block    
2026-08-10T05:52:18.368381Z  WARN ThreadId(20) hotstuff_runner::app: Node 0 view(1153) far exceeds block count (288); potential sync issue    
2026-08-10T05:52:18.402162Z  WARN ThreadId(20) hotstuff_runner::app: Node 0 [produce_block] queue size: 0, attempting up to 0 transactions this block    
2026-08-10T05:52:18.402658Z  WARN ThreadId(20) hotstuff_runner::app: Node 0 view(1157) far exceeds block count (289); potential sync issue    
2026-08-10T05:52:18.439535Z  WARN ThreadId(20) hotstuff_runner::app: Node 0 [produce_block] queue size: 0, attempting up to 0 transactions this block    
2026-08-10T05:52:18.439640Z  WARN ThreadId(20) hotstuff_runner::app: Node 0 view(1161) far exceeds block count (290); potential sync issue    
2026-08-10T05:52:18.495970Z  WARN ThreadId(20) hotstuff_runner::app: Node 0 [produce_block] queue size: 0, attempting up to 0 transactions this block    
2026-08-10T05:52:18.499255Z  WARN ThreadId(20) hotstuff_runner::app: Node 0 view(1165) far exceeds block count (291); potential sync issue    
2026-08-10T05:52:18.549521Z  WARN ThreadId(20) hotstuff_runner::app: Node 0 [produce_block] queue size: 0, attempting up to 0 transactions this block    
2026-08-10T05:52:18.552870Z  WARN ThreadId(20) hotstuff_runner::app: Node 0 view(1169) far exceeds block count (292); potential sync issue    
2026-08-10T05:52:18.603316Z  WARN ThreadId(20) hotstuff_runner::app: Node 0 [produce_block] queue size: 2, attempting up to 2 transactions this block    
2026-08-10T05:52:18.615774Z  WARN ThreadId(20) hotstuff_runner::app: Node 0 view(1173) far exceeds block count (293); potential sync issue    
2026-08-10T05:52:18.685985Z  WARN ThreadId(20) hotstuff_runner::app: Node 0 [produce_block] queue size: 0, attempting up to 0 transactions this block    
2026-08-10T05:52:18.686168Z  WARN ThreadId(20) hotstuff_runner::app: Node 0 view(1177) far exceeds block count (294); potential sync issue    
2026-08-10T05:52:18.769677Z  WARN ThreadId(20) hotstuff_runner::app: Node 0 [produce_block] queue size: 0, attempting up to 0 transactions this block    
2026-08-10T05:52:18.769893Z  WARN ThreadId(20) hotstuff_runner::app: Node 0 view(1181) far exceeds block count (295); potential sync issue    
2026-08-10T05:52:18.833084Z  WARN ThreadId(20) hotstuff_runner::app: Node 0 [produce_block] queue size: 2, attempting up to 2 transactions this block    
2026-08-10T05:52:18.833370Z  WARN ThreadId(20) hotstuff_runner::app: Node 0 view(1185) far exceeds block count (296); potential sync issue    
2026-08-10T05:52:18.923304Z  WARN ThreadId(20) hotstuff_runner::app: Node 0 [produce_block] queue size: 0, attempting up to 0 transactions this block    
2026-08-10T05:52:18.923462Z  WARN ThreadId(20) hotstuff_runner::app: Node 0 view(1189) far exceeds block count (297); potential sync issue    
2026-08-10T05:52:19.007164Z  WARN ThreadId(20) hotstuff_runner::app: Node 0 [produce_block] queue size: 2, attempting up to 2 transactions this block    
2026-08-10T05:52:19.010608Z  WARN ThreadId(20) hotstuff_runner::app: Node 0 view(1193) far exceeds block count (298); potential sync issue    
2026-08-10T05:52:19.102516Z  WARN ThreadId(20) hotstuff_runner::app: Node 0 [produce_block] queue size: 0, attempting up to 0 transactions this block    
2026-08-10T05:52:19.102924Z  WARN ThreadId(20) hotstuff_runner::app: Node 0 view(1197) far exceeds block count (299); potential sync issue    
2026-08-10T05:52:19.149060Z  WARN ThreadId(20) hotstuff_runner::app: Node 0 [produce_block] queue size: 0, attempting up to 0 transactions this block    
2026-08-10T05:52:19.154727Z  WARN ThreadId(20) hotstuff_runner::app: Node 0 view(1201) far exceeds block count (300); potential sync issue    
2026-08-10T05:52:19.232920Z  WARN ThreadId(20) hotstuff_runner::app: Node 0 [produce_block] queue size: 2, attempting up to 2 transactions this block    
2026-08-10T05:52:19.234286Z  WARN ThreadId(20) hotstuff_runner::app: Node 0 view(1205) far exceeds block count (301); potential sync issue    
2026-08-10T05:52:19.281066Z  WARN ThreadId(20) hotstuff_runner::app: Node 0 [produce_block] queue size: 0, attempting up to 0 transactions this block    
2026-08-10T05:52:19.281233Z  WARN ThreadId(20) hotstuff_runner::app: Node 0 view(1209) far exceeds block count (302); potential sync issue    
2026-08-10T05:52:19.346025Z  WARN ThreadId(20) hotstuff_runner::app: Node 0 [produce_block] queue size: 0, attempting up to 0 transactions this block    
2026-08-10T05:52:19.352809Z  WARN ThreadId(20) hotstuff_runner::app: Node 0 view(1213) far exceeds block count (303); potential sync issue    
2026-08-10T05:52:19.454169Z  WARN ThreadId(20) hotstuff_runner::app: Node 0 [produce_block] queue size: 2, attempting up to 2 transactions this block    
2026-08-10T05:52:19.454493Z  WARN ThreadId(20) hotstuff_runner::app: Node 0 view(1217) far exceeds block count (304); potential sync issue    
2026-08-10T05:52:19.513631Z  WARN ThreadId(20) hotstuff_runner::app: Node 0 [produce_block] queue size: 0, attempting up to 0 transactions this block    
2026-08-10T05:52:19.514897Z  WARN ThreadId(20) hotstuff_runner::app: Node 0 view(1221) far exceeds block count (305); potential sync issue    
2026-08-10T05:52:19.589954Z  WARN ThreadId(20) hotstuff_runner::app: Node 0 [produce_block] queue size: 0, attempting up to 0 transactions this block    
2026-08-10T05:52:19.590302Z  WARN ThreadId(20) hotstuff_runner::app: Node 0 view(1225) far exceeds block count (306); potential sync issue    
2026-08-10T05:52:19.640316Z  WARN ThreadId(20) hotstuff_runner::app: Node 0 [produce_block] queue size: 2, attempting up to 2 transactions this block    
2026-08-10T05:52:19.640650Z  WARN ThreadId(20) hotstuff_runner::app: Node 0 view(1229) far exceeds block count (307); potential sync issue    
2026-08-10T05:52:19.728030Z  WARN ThreadId(20) hotstuff_runner::app: Node 0 [produce_block] queue size: 0, attempting up to 0 transactions this block    
2026-08-10T05:52:19.730960Z  WARN ThreadId(20) hotstuff_runner::app: Node 0 view(1233) far exceeds block count (308); potential sync issue    
2026-08-10T05:52:19.780291Z  WARN ThreadId(20) hotstuff_runner::app: Node 0 [produce_block] queue size: 0, attempting up to 0 transactions this block    
2026-08-10T05:52:19.781707Z  WARN ThreadId(20) hotstuff_runner::app: Node 0 view(1237) far exceeds block count (309); potential sync issue    
2026-08-10T05:52:19.849550Z  WARN ThreadId(20) hotstuff_runner::app: Node 0 [produce_block] queue size: 2, attempting up to 2 transactions this block    
2026-08-10T05:52:19.849671Z  WARN ThreadId(20) hotstuff_runner::app: Node 0 view(1241) far exceeds block count (310); potential sync issue    
2026-08-10T05:52:19.903687Z  WARN ThreadId(20) hotstuff_runner::app: Node 0 [produce_block] queue size: 0, attempting up to 0 transactions this block    
2026-08-10T05:52:19.904540Z  WARN ThreadId(20) hotstuff_runner::app: Node 0 view(1245) far exceeds block count (311); potential sync issue    
2026-08-10T05:52:19.964333Z  WARN ThreadId(20) hotstuff_runner::app: Node 0 [produce_block] queue size: 0, attempting up to 0 transactions this block    
2026-08-10T05:52:19.965685Z  WARN ThreadId(20) hotstuff_runner::app: Node 0 view(1249) far exceeds block count (312); potential sync issue    
2026-08-10T05:52:20.076388Z  WARN ThreadId(20) hotstuff_runner::app: Node 0 [produce_block] queue size: 2, attempting up to 2 transactions this block    
2026-08-10T05:52:20.077141Z  WARN ThreadId(20) hotstuff_runner::app: Node 0 view(1253) far exceeds block count (313); potential sync issue    
2026-08-10T05:52:20.142077Z  WARN ThreadId(20) hotstuff_runner::app: Node 0 [produce_block] queue size: 0, attempting up to 0 transactions this block    
2026-08-10T05:52:20.142245Z  WARN ThreadId(20) hotstuff_runner::app: Node 0 view(1257) far exceeds block count (314); potential sync issue    
2026-08-10T05:52:20.212999Z  WARN ThreadId(20) hotstuff_runner::app: Node 0 [produce_block] queue size: 2, attempting up to 2 transactions this block    
2026-08-10T05:52:20.213587Z  WARN ThreadId(20) hotstuff_runner::app: Node 0 view(1261) far exceeds block count (315); potential sync issue    
2026-08-10T05:52:20.269934Z  WARN ThreadId(20) hotstuff_runner::app: Node 0 [produce_block] queue size: 0, attempting up to 0 transactions this block    
2026-08-10T05:52:20.270992Z  WARN ThreadId(20) hotstuff_runner::app: Node 0 view(1265) far exceeds block count (316); potential sync issue    
2026-08-10T05:52:20.312577Z  WARN ThreadId(20) hotstuff_runner::app: Node 0 [produce_block] queue size: 0, attempting up to 0 transactions this block    
2026-08-10T05:52:20.312702Z  WARN ThreadId(20) hotstuff_runner::app: Node 0 view(1269) far exceeds block count (317); potential sync issue    
2026-08-10T05:52:20.353273Z  WARN ThreadId(20) hotstuff_runner::app: Node 0 [produce_block] queue size: 0, attempting up to 0 transactions this block    
2026-08-10T05:52:20.353476Z  WARN ThreadId(20) hotstuff_runner::app: Node 0 view(1273) far exceeds block count (318); potential sync issue    
2026-08-10T05:52:20.394212Z  WARN ThreadId(20) hotstuff_runner::app: Node 0 [produce_block] queue size: 2, attempting up to 2 transactions this block    
2026-08-10T05:52:20.394956Z  WARN ThreadId(20) hotstuff_runner::app: Node 0 view(1277) far exceeds block count (319); potential sync issue    
2026-08-10T05:52:20.435923Z  WARN ThreadId(20) hotstuff_runner::app: Node 0 [produce_block] queue size: 0, attempting up to 0 transactions this block    
2026-08-10T05:52:20.436158Z  WARN ThreadId(20) hotstuff_runner::app: Node 0 view(1281) far exceeds block count (320); potential sync issue    
2026-08-10T05:52:20.477638Z  WARN ThreadId(20) hotstuff_runner::app: Node 0 [produce_block] queue size: 0, attempting up to 0 transactions this block    
2026-08-10T05:52:20.477743Z  WARN ThreadId(20) hotstuff_runner::app: Node 0 view(1285) far exceeds block count (321); potential sync issue    
2026-08-10T05:52:20.534898Z  WARN ThreadId(20) hotstuff_runner::app: Node 0 [produce_block] queue size: 0, attempting up to 0 transactions this block    
2026-08-10T05:52:20.535108Z  WARN ThreadId(20) hotstuff_runner::app: Node 0 view(1289) far exceeds block count (322); potential sync issue    
2026-08-10T05:52:20.568484Z  WARN ThreadId(20) hotstuff_runner::app: Node 0 [produce_block] queue size: 0, attempting up to 0 transactions this block    
2026-08-10T05:52:20.569929Z  WARN ThreadId(20) hotstuff_runner::app: Node 0 view(1293) far exceeds block count (323); potential sync issue    
2026-08-10T05:52:20.597252Z  WARN ThreadId(20) hotstuff_runner::app: Node 0 [produce_block] queue size: 2, attempting up to 2 transactions this block    
2026-08-10T05:52:20.597352Z  WARN ThreadId(20) hotstuff_runner::app: Node 0 view(1297) far exceeds block count (324); potential sync issue    
2026-08-10T05:52:20.635501Z  WARN ThreadId(20) hotstuff_runner::app: Node 0 [produce_block] queue size: 0, attempting up to 0 transactions this block    
2026-08-10T05:52:20.636648Z  WARN ThreadId(20) hotstuff_runner::app: Node 0 view(1301) far exceeds block count (325); potential sync issue    
2026-08-10T05:52:20.678884Z  WARN ThreadId(20) hotstuff_runner::app: Node 0 [produce_block] queue size: 0, attempting up to 0 transactions this block    
2026-08-10T05:52:20.679991Z  WARN ThreadId(20) hotstuff_runner::app: Node 0 view(1305) far exceeds block count (326); potential sync issue    
2026-08-10T05:52:20.712108Z  WARN ThreadId(20) hotstuff_runner::app: Node 0 [produce_block] queue size: 0, attempting up to 0 transactions this block    
2026-08-10T05:52:20.713136Z  WARN ThreadId(20) hotstuff_runner::app: Node 0 view(1309) far exceeds block count (327); potential sync issue    
2026-08-10T05:52:20.763489Z  WARN ThreadId(20) hotstuff_runner::app: Node 0 [produce_block] queue size: 0, attempting up to 0 transactions this block    
2026-08-10T05:52:20.770626Z  WARN ThreadId(20) hotstuff_runner::app: Node 0 view(1313) far exceeds block count (328); potential sync issue    
2026-08-10T05:52:20.818996Z  WARN ThreadId(20) hotstuff_runner::app: Node 0 [produce_block] queue size: 2, attempting up to 2 transactions this block    
2026-08-10T05:52:20.819415Z  WARN ThreadId(20) hotstuff_runner::app: Node 0 view(1317) far exceeds block count (329); potential sync issue    
2026-08-10T05:52:20.862685Z  WARN ThreadId(20) hotstuff_runner::app: Node 0 [produce_block] queue size: 0, attempting up to 0 transactions this block    
2026-08-10T05:52:20.863282Z  WARN ThreadId(20) hotstuff_runner::app: Node 0 view(1321) far exceeds block count (330); potential sync issue    
2026-08-10T05:52:20.897376Z  WARN ThreadId(20) hotstuff_runner::app: Node 0 [produce_block] queue size: 0, attempting up to 0 transactions this block    
2026-08-10T05:52:20.899317Z  WARN ThreadId(20) hotstuff_runner::app: Node 0 view(1325) far exceeds block count (331); potential sync issue    
2026-08-10T05:52:20.952969Z  WARN ThreadId(20) hotstuff_runner::app: Node 0 [produce_block] queue size: 0, attempting up to 0 transactions this block    
2026-08-10T05:52:20.954307Z  WARN ThreadId(20) hotstuff_runner::app: Node 0 view(1329) far exceeds block count (332); potential sync issue    
2026-08-10T05:52:21.020616Z  WARN ThreadId(20) hotstuff_runner::app: Node 0 [produce_block] queue size: 2, attempting up to 2 transactions this block    
2026-08-10T05:52:21.028018Z  WARN ThreadId(20) hotstuff_runner::app: Node 0 view(1333) far exceeds block count (333); potential sync issue    
2026-08-10T05:52:21.088500Z  WARN ThreadId(20) hotstuff_runner::app: Node 0 [produce_block] queue size: 0, attempting up to 0 transactions this block    
2026-08-10T05:52:21.088888Z  WARN ThreadId(20) hotstuff_runner::app: Node 0 view(1337) far exceeds block count (334); potential sync issue    
2026-08-10T05:52:21.147887Z  WARN ThreadId(20) hotstuff_runner::app: Node 0 [produce_block] queue size: 0, attempting up to 0 transactions this block    
2026-08-10T05:52:21.148647Z  WARN ThreadId(20) hotstuff_runner::app: Node 0 view(1341) far exceeds block count (335); potential sync issue    
2026-08-10T05:52:21.226958Z  WARN ThreadId(20) hotstuff_runner::app: Node 0 [produce_block] queue size: 2, attempting up to 2 transactions this block    
2026-08-10T05:52:21.227260Z  WARN ThreadId(20) hotstuff_runner::app: Node 0 view(1345) far exceeds block count (336); potential sync issue    
2026-08-10T05:52:21.276655Z  WARN ThreadId(20) hotstuff_runner::app: Node 0 [produce_block] queue size: 0, attempting up to 0 transactions this block    
2026-08-10T05:52:21.277387Z  WARN ThreadId(20) hotstuff_runner::app: Node 0 view(1349) far exceeds block count (337); potential sync issue    
2026-08-10T05:52:21.333097Z  WARN ThreadId(20) hotstuff_runner::app: Node 0 [produce_block] queue size: 0, attempting up to 0 transactions this block    
2026-08-10T05:52:21.335547Z  WARN ThreadId(20) hotstuff_runner::app: Node 0 view(1353) far exceeds block count (338); potential sync issue    
2026-08-10T05:52:21.384122Z  WARN ThreadId(20) hotstuff_runner::app: Node 0 [produce_block] queue size: 0, attempting up to 0 transactions this block    
2026-08-10T05:52:21.386104Z  WARN ThreadId(20) hotstuff_runner::app: Node 0 view(1357) far exceeds block count (339); potential sync issue    
2026-08-10T05:52:21.429802Z  WARN ThreadId(20) hotstuff_runner::app: Node 0 [produce_block] queue size: 2, attempting up to 2 transactions this block    
2026-08-10T05:52:21.431581Z  WARN ThreadId(20) hotstuff_runner::app: Node 0 view(1361) far exceeds block count (340); potential sync issue    
2026-08-10T05:52:21.485341Z  WARN ThreadId(20) hotstuff_runner::app: Node 0 [produce_block] queue size: 0, attempting up to 0 transactions this block    
2026-08-10T05:52:21.485635Z  WARN ThreadId(20) hotstuff_runner::app: Node 0 view(1365) far exceeds block count (341); potential sync issue    
2026-08-10T05:52:21.537098Z  WARN ThreadId(20) hotstuff_runner::app: Node 0 [produce_block] queue size: 0, attempting up to 0 transactions this block    
2026-08-10T05:52:21.537663Z  WARN ThreadId(20) hotstuff_runner::app: Node 0 view(1369) far exceeds block count (342); potential sync issue    
2026-08-10T05:52:21.592152Z  WARN ThreadId(20) hotstuff_runner::app: Node 0 [produce_block] queue size: 0, attempting up to 0 transactions this block    
2026-08-10T05:52:21.592285Z  WARN ThreadId(20) hotstuff_runner::app: Node 0 view(1373) far exceeds block count (343); potential sync issue    
2026-08-10T05:52:21.654894Z  WARN ThreadId(20) hotstuff_runner::app: Node 0 [produce_block] queue size: 2, attempting up to 2 transactions this block    
2026-08-10T05:52:21.655472Z  WARN ThreadId(20) hotstuff_runner::app: Node 0 view(1377) far exceeds block count (344); potential sync issue    
2026-08-10T05:52:21.716931Z  WARN ThreadId(20) hotstuff_runner::app: Node 0 [produce_block] queue size: 0, attempting up to 0 transactions this block    
2026-08-10T05:52:21.717242Z  WARN ThreadId(20) hotstuff_runner::app: Node 0 view(1381) far exceeds block count (345); potential sync issue    
2026-08-10T05:52:21.769920Z  WARN ThreadId(20) hotstuff_runner::app: Node 0 [produce_block] queue size: 0, attempting up to 0 transactions this block    
2026-08-10T05:52:21.770503Z  WARN ThreadId(20) hotstuff_runner::app: Node 0 view(1385) far exceeds block count (346); potential sync issue    
2026-08-10T05:52:21.811196Z  WARN ThreadId(20) hotstuff_runner::app: Node 0 [produce_block] queue size: 2, attempting up to 2 transactions this block    
2026-08-10T05:52:21.811402Z  WARN ThreadId(20) hotstuff_runner::app: Node 0 view(1389) far exceeds block count (347); potential sync issue    
2026-08-10T05:52:21.843107Z  WARN ThreadId(20) hotstuff_runner::app: Node 0 [produce_block] queue size: 0, attempting up to 0 transactions this block    
2026-08-10T05:52:21.843992Z  WARN ThreadId(20) hotstuff_runner::app: Node 0 view(1393) far exceeds block count (348); potential sync issue    
2026-08-10T05:52:21.881609Z  WARN ThreadId(20) hotstuff_runner::app: Node 0 [produce_block] queue size: 0, attempting up to 0 transactions this block    
2026-08-10T05:52:21.882332Z  WARN ThreadId(20) hotstuff_runner::app: Node 0 view(1397) far exceeds block count (349); potential sync issue    
2026-08-10T05:52:21.929226Z  WARN ThreadId(20) hotstuff_runner::app: Node 0 [produce_block] queue size: 0, attempting up to 0 transactions this block    
2026-08-10T05:52:21.929651Z  WARN ThreadId(20) hotstuff_runner::app: Node 0 view(1401) far exceeds block count (350); potential sync issue    
2026-08-10T05:52:21.979318Z  WARN ThreadId(20) hotstuff_runner::app: Node 0 [produce_block] queue size: 0, attempting up to 0 transactions this block    
2026-08-10T05:52:21.979421Z  WARN ThreadId(20) hotstuff_runner::app: Node 0 view(1405) far exceeds block count (351); potential sync issue    
2026-08-10T05:52:22.015509Z  WARN ThreadId(20) hotstuff_runner::app: Node 0 [produce_block] queue size: 2, attempting up to 2 transactions this block    
2026-08-10T05:52:22.015887Z  WARN ThreadId(20) hotstuff_runner::app: Node 0 view(1409) far exceeds block count (352); potential sync issue    
2026-08-10T05:52:22.054315Z  WARN ThreadId(20) hotstuff_runner::app: Node 0 [produce_block] queue size: 0, attempting up to 0 transactions this block    
2026-08-10T05:52:22.055102Z  WARN ThreadId(20) hotstuff_runner::app: Node 0 view(1413) far exceeds block count (353); potential sync issue    
2026-08-10T05:52:22.107737Z  WARN ThreadId(20) hotstuff_runner::app: Node 0 [produce_block] queue size: 0, attempting up to 0 transactions this block    
2026-08-10T05:52:22.108744Z  WARN ThreadId(20) hotstuff_runner::app: Node 0 view(1417) far exceeds block count (354); potential sync issue    
2026-08-10T05:52:22.153625Z  WARN ThreadId(20) hotstuff_runner::app: Node 0 [produce_block] queue size: 0, attempting up to 0 transactions this block    
2026-08-10T05:52:22.159706Z  WARN ThreadId(20) hotstuff_runner::app: Node 0 view(1421) far exceeds block count (355); potential sync issue    
2026-08-10T05:52:22.208041Z  WARN ThreadId(20) hotstuff_runner::app: Node 0 [produce_block] queue size: 0, attempting up to 0 transactions this block    
2026-08-10T05:52:22.218959Z  WARN ThreadId(20) hotstuff_runner::app: Node 0 view(1425) far exceeds block count (356); potential sync issue    
2026-08-10T05:52:22.263145Z  WARN ThreadId(20) hotstuff_runner::app: Node 0 [produce_block] queue size: 2, attempting up to 2 transactions this block    
2026-08-10T05:52:22.263645Z  WARN ThreadId(20) hotstuff_runner::app: Node 0 view(1429) far exceeds block count (357); potential sync issue    
2026-08-10T05:52:22.315486Z  WARN ThreadId(20) hotstuff_runner::app: Node 0 [produce_block] queue size: 0, attempting up to 0 transactions this block    
2026-08-10T05:52:22.318772Z  WARN ThreadId(20) hotstuff_runner::app: Node 0 view(1433) far exceeds block count (358); potential sync issue    
2026-08-10T05:52:22.365082Z  WARN ThreadId(20) hotstuff_runner::app: Node 0 [produce_block] queue size: 0, attempting up to 0 transactions this block    
2026-08-10T05:52:22.366105Z  WARN ThreadId(20) hotstuff_runner::app: Node 0 view(1437) far exceeds block count (359); potential sync issue    
2026-08-10T05:52:22.403126Z  WARN ThreadId(20) hotstuff_runner::app: Node 0 [produce_block] queue size: 0, attempting up to 0 transactions this block    
2026-08-10T05:52:22.403892Z  WARN ThreadId(20) hotstuff_runner::app: Node 0 view(1441) far exceeds block count (360); potential sync issue    
2026-08-10T05:52:22.455875Z  WARN ThreadId(20) hotstuff_runner::app: Node 0 [produce_block] queue size: 2, attempting up to 2 transactions this block    
2026-08-10T05:52:22.471447Z  WARN ThreadId(20) hotstuff_runner::app: Node 0 view(1445) far exceeds block count (361); potential sync issue    
2026-08-10T05:52:22.536975Z  WARN ThreadId(20) hotstuff_runner::app: Node 0 [produce_block] queue size: 0, attempting up to 0 transactions this block    
2026-08-10T05:52:22.539998Z  WARN ThreadId(20) hotstuff_runner::app: Node 0 view(1449) far exceeds block count (362); potential sync issue    
2026-08-10T05:52:22.621560Z  WARN ThreadId(20) hotstuff_runner::app: Node 0 [produce_block] queue size: 0, attempting up to 0 transactions this block    
2026-08-10T05:52:22.626369Z  WARN ThreadId(20) hotstuff_runner::app: Node 0 view(1453) far exceeds block count (363); potential sync issue    
2026-08-10T05:52:22.682375Z  WARN ThreadId(20) hotstuff_runner::app: Node 0 [produce_block] queue size: 2, attempting up to 2 transactions this block    
2026-08-10T05:52:22.682697Z  WARN ThreadId(20) hotstuff_runner::app: Node 0 view(1457) far exceeds block count (364); potential sync issue    
2026-08-10T05:52:22.730488Z  WARN ThreadId(20) hotstuff_runner::app: Node 0 [produce_block] queue size: 0, attempting up to 0 transactions this block    
2026-08-10T05:52:22.731476Z  WARN ThreadId(20) hotstuff_runner::app: Node 0 view(1461) far exceeds block count (365); potential sync issue    
2026-08-10T05:52:22.768667Z  WARN ThreadId(20) hotstuff_runner::app: Node 0 [produce_block] queue size: 0, attempting up to 0 transactions this block    
2026-08-10T05:52:22.768846Z  WARN ThreadId(20) hotstuff_runner::app: Node 0 view(1465) far exceeds block count (366); potential sync issue    
2026-08-10T05:52:22.821172Z  WARN ThreadId(20) hotstuff_runner::app: Node 0 [produce_block] queue size: 2, attempting up to 2 transactions this block    
2026-08-10T05:52:22.822811Z  WARN ThreadId(20) hotstuff_runner::app: Node 0 view(1469) far exceeds block count (367); potential sync issue    
2026-08-10T05:52:22.870036Z  WARN ThreadId(20) hotstuff_runner::app: Node 0 [produce_block] queue size: 0, attempting up to 0 transactions this block    
2026-08-10T05:52:22.870536Z  WARN ThreadId(20) hotstuff_runner::app: Node 0 view(1473) far exceeds block count (368); potential sync issue    
2026-08-10T05:52:22.923708Z  WARN ThreadId(20) hotstuff_runner::app: Node 0 [produce_block] queue size: 0, attempting up to 0 transactions this block    
2026-08-10T05:52:22.924489Z  WARN ThreadId(20) hotstuff_runner::app: Node 0 view(1477) far exceeds block count (369); potential sync issue    
2026-08-10T05:52:22.970393Z  WARN ThreadId(20) hotstuff_runner::app: Node 0 [produce_block] queue size: 2, attempting up to 2 transactions this block    
2026-08-10T05:52:22.972129Z  WARN ThreadId(20) hotstuff_runner::app: Node 0 view(1481) far exceeds block count (370); potential sync issue    
2026-08-10T05:52:23.018180Z  WARN ThreadId(20) hotstuff_runner::app: Node 0 [produce_block] queue size: 0, attempting up to 0 transactions this block    
2026-08-10T05:52:23.018831Z  WARN ThreadId(20) hotstuff_runner::app: Node 0 view(1485) far exceeds block count (371); potential sync issue    
2026-08-10T05:52:23.061613Z  WARN ThreadId(20) hotstuff_runner::app: Node 0 [produce_block] queue size: 0, attempting up to 0 transactions this block    
2026-08-10T05:52:23.064517Z  WARN ThreadId(20) hotstuff_runner::app: Node 0 view(1489) far exceeds block count (372); potential sync issue    
2026-08-10T05:52:23.149102Z  WARN ThreadId(20) hotstuff_runner::app: Node 0 [produce_block] queue size: 0, attempting up to 0 transactions this block    
2026-08-10T05:52:23.155533Z  WARN ThreadId(20) hotstuff_runner::app: Node 0 view(1493) far exceeds block count (373); potential sync issue    
2026-08-10T05:52:23.230769Z  WARN ThreadId(20) hotstuff_runner::app: Node 0 [produce_block] queue size: 2, attempting up to 2 transactions this block    
2026-08-10T05:52:23.231899Z  WARN ThreadId(20) hotstuff_runner::app: Node 0 view(1497) far exceeds block count (374); potential sync issue    
2026-08-10T05:52:23.328276Z  WARN ThreadId(20) hotstuff_runner::app: Node 0 [produce_block] queue size: 0, attempting up to 0 transactions this block    
2026-08-10T05:52:23.329331Z  WARN ThreadId(20) hotstuff_runner::app: Node 0 view(1501) far exceeds block count (375); potential sync issue    
2026-08-10T05:52:23.421427Z  WARN ThreadId(20) hotstuff_runner::app: Node 0 [produce_block] queue size: 2, attempting up to 2 transactions this block    
2026-08-10T05:52:23.421698Z  WARN ThreadId(20) hotstuff_runner::app: Node 0 view(1505) far exceeds block count (376); potential sync issue    
2026-08-10T05:52:23.494154Z  WARN ThreadId(20) hotstuff_runner::app: Node 0 [produce_block] queue size: 0, attempting up to 0 transactions this block    
2026-08-10T05:52:23.494404Z  WARN ThreadId(20) hotstuff_runner::app: Node 0 view(1509) far exceeds block count (377); potential sync issue    
2026-08-10T05:52:23.557573Z  WARN ThreadId(20) hotstuff_runner::app: Node 0 [produce_block] queue size: 0, attempting up to 0 transactions this block    
2026-08-10T05:52:23.568547Z  WARN ThreadId(20) hotstuff_runner::app: Node 0 view(1513) far exceeds block count (378); potential sync issue    
2026-08-10T05:52:23.649049Z  WARN ThreadId(20) hotstuff_runner::app: Node 0 [produce_block] queue size: 2, attempting up to 2 transactions this block    
2026-08-10T05:52:23.652409Z  WARN ThreadId(20) hotstuff_runner::app: Node 0 view(1517) far exceeds block count (379); potential sync issue    
2026-08-10T05:52:23.725932Z  WARN ThreadId(20) hotstuff_runner::app: Node 0 [produce_block] queue size: 0, attempting up to 0 transactions this block    
2026-08-10T05:52:23.726491Z  WARN ThreadId(20) hotstuff_runner::app: Node 0 view(1521) far exceeds block count (380); potential sync issue    
2026-08-10T05:52:23.778986Z  WARN ThreadId(20) hotstuff_runner::app: Node 0 [produce_block] queue size: 2, attempting up to 2 transactions this block    
2026-08-10T05:52:23.779949Z  WARN ThreadId(20) hotstuff_runner::app: Node 0 view(1525) far exceeds block count (381); potential sync issue    
2026-08-10T05:52:23.814339Z  WARN ThreadId(20) hotstuff_runner::app: Node 0 [produce_block] queue size: 0, attempting up to 0 transactions this block    
2026-08-10T05:52:23.814887Z  WARN ThreadId(20) hotstuff_runner::app: Node 0 view(1529) far exceeds block count (382); potential sync issue    
2026-08-10T05:52:23.862456Z  WARN ThreadId(20) hotstuff_runner::app: Node 0 [produce_block] queue size: 0, attempting up to 0 transactions this block    
2026-08-10T05:52:23.862624Z  WARN ThreadId(20) hotstuff_runner::app: Node 0 view(1533) far exceeds block count (383); potential sync issue    
2026-08-10T05:52:23.909492Z  WARN ThreadId(20) hotstuff_runner::app: Node 0 [produce_block] queue size: 0, attempting up to 0 transactions this block    
2026-08-10T05:52:23.910173Z  WARN ThreadId(20) hotstuff_runner::app: Node 0 view(1537) far exceeds block count (384); potential sync issue    
2026-08-10T05:52:23.955116Z  WARN ThreadId(20) hotstuff_runner::app: Node 0 [produce_block] queue size: 0, attempting up to 0 transactions this block    
2026-08-10T05:52:23.955914Z  WARN ThreadId(20) hotstuff_runner::app: Node 0 view(1541) far exceeds block count (385); potential sync issue    
2026-08-10T05:52:24.015863Z  WARN ThreadId(20) hotstuff_runner::app: Node 0 [produce_block] queue size: 2, attempting up to 2 transactions this block    
2026-08-10T05:52:24.016331Z  WARN ThreadId(20) hotstuff_runner::app: Node 0 view(1545) far exceeds block count (386); potential sync issue    
2026-08-10T05:52:24.066635Z  WARN ThreadId(20) hotstuff_runner::app: Node 0 [produce_block] queue size: 0, attempting up to 0 transactions this block    
2026-08-10T05:52:24.067043Z  WARN ThreadId(20) hotstuff_runner::app: Node 0 view(1549) far exceeds block count (387); potential sync issue    
2026-08-10T05:52:24.095996Z  WARN ThreadId(20) hotstuff_runner::app: Node 0 [produce_block] queue size: 0, attempting up to 0 transactions this block    
2026-08-10T05:52:24.096177Z  WARN ThreadId(20) hotstuff_runner::app: Node 0 view(1553) far exceeds block count (388); potential sync issue    
2026-08-10T05:52:24.128798Z  WARN ThreadId(20) hotstuff_runner::app: Node 0 [produce_block] queue size: 0, attempting up to 0 transactions this block    
2026-08-10T05:52:24.129338Z  WARN ThreadId(20) hotstuff_runner::app: Node 0 view(1557) far exceeds block count (389); potential sync issue    
2026-08-10T05:52:24.161006Z  WARN ThreadId(20) hotstuff_runner::app: Node 0 [produce_block] queue size: 0, attempting up to 0 transactions this block    
2026-08-10T05:52:24.161200Z  WARN ThreadId(20) hotstuff_runner::app: Node 0 view(1561) far exceeds block count (390); potential sync issue    
2026-08-10T05:52:24.207857Z  WARN ThreadId(20) hotstuff_runner::app: Node 0 [produce_block] queue size: 2, attempting up to 2 transactions this block    
2026-08-10T05:52:24.209104Z  WARN ThreadId(20) hotstuff_runner::app: Node 0 view(1565) far exceeds block count (391); potential sync issue    
2026-08-10T05:52:24.257996Z  WARN ThreadId(20) hotstuff_runner::app: Node 0 [produce_block] queue size: 0, attempting up to 0 transactions this block    
2026-08-10T05:52:24.258162Z  WARN ThreadId(20) hotstuff_runner::app: Node 0 view(1569) far exceeds block count (392); potential sync issue    
2026-08-10T05:52:24.306039Z  WARN ThreadId(20) hotstuff_runner::app: Node 0 [produce_block] queue size: 0, attempting up to 0 transactions this block    
2026-08-10T05:52:24.306663Z  WARN ThreadId(20) hotstuff_runner::app: Node 0 view(1573) far exceeds block count (393); potential sync issue    
2026-08-10T05:52:24.370939Z  WARN ThreadId(20) hotstuff_runner::app: Node 0 [produce_block] queue size: 0, attempting up to 0 transactions this block    
2026-08-10T05:52:24.371036Z  WARN ThreadId(20) hotstuff_runner::app: Node 0 view(1577) far exceeds block count (394); potential sync issue    
2026-08-10T05:52:24.436318Z  WARN ThreadId(20) hotstuff_runner::app: Node 0 [produce_block] queue size: 2, attempting up to 2 transactions this block    
2026-08-10T05:52:24.437123Z  WARN ThreadId(20) hotstuff_runner::app: Node 0 view(1581) far exceeds block count (395); potential sync issue    
2026-08-10T05:52:24.524364Z  WARN ThreadId(20) hotstuff_runner::app: Node 0 [produce_block] queue size: 0, attempting up to 0 transactions this block    
2026-08-10T05:52:24.524663Z  WARN ThreadId(20) hotstuff_runner::app: Node 0 view(1585) far exceeds block count (396); potential sync issue    
2026-08-10T05:52:24.595928Z  WARN ThreadId(20) hotstuff_runner::app: Node 0 [produce_block] queue size: 2, attempting up to 2 transactions this block    
2026-08-10T05:52:24.596119Z  WARN ThreadId(20) hotstuff_runner::app: Node 0 view(1589) far exceeds block count (397); potential sync issue    
2026-08-10T05:52:24.678365Z  WARN ThreadId(20) hotstuff_runner::app: Node 0 [produce_block] queue size: 0, attempting up to 0 transactions this block    
2026-08-10T05:52:24.686299Z  WARN ThreadId(20) hotstuff_runner::app: Node 0 view(1593) far exceeds block count (398); potential sync issue    
2026-08-10T05:52:24.804483Z  WARN ThreadId(20) hotstuff_runner::app: Node 0 [produce_block] queue size: 2, attempting up to 2 transactions this block    
2026-08-10T05:52:24.810408Z  WARN ThreadId(20) hotstuff_runner::app: Node 0 view(1597) far exceeds block count (399); potential sync issue    
2026-08-10T05:52:24.862458Z  WARN ThreadId(20) hotstuff_runner::app: Node 0 [produce_block] queue size: 0, attempting up to 0 transactions this block    
2026-08-10T05:52:24.862896Z  WARN ThreadId(20) hotstuff_runner::app: Node 0 view(1601) far exceeds block count (400); potential sync issue    
2026-08-10T05:52:24.897842Z  WARN ThreadId(20) hotstuff_runner::app: Node 0 [produce_block] queue size: 2, attempting up to 2 transactions this block    
2026-08-10T05:52:24.899095Z  WARN ThreadId(20) hotstuff_runner::app: Node 0 view(1605) far exceeds block count (401); potential sync issue    
2026-08-10T05:52:24.941799Z  WARN ThreadId(20) hotstuff_runner::app: Node 0 [produce_block] queue size: 0, attempting up to 0 transactions this block    
2026-08-10T05:52:24.942241Z  WARN ThreadId(20) hotstuff_runner::app: Node 0 view(1609) far exceeds block count (402); potential sync issue    
2026-08-10T05:52:24.994125Z  WARN ThreadId(20) hotstuff_runner::app: Node 0 [produce_block] queue size: 0, attempting up to 0 transactions this block    
2026-08-10T05:52:24.994242Z  WARN ThreadId(20) hotstuff_runner::app: Node 0 view(1613) far exceeds block count (403); potential sync issue    
2026-08-10T05:52:25.038897Z  WARN ThreadId(20) hotstuff_runner::app: Node 0 [produce_block] queue size: 0, attempting up to 0 transactions this block    
2026-08-10T05:52:25.039433Z  WARN ThreadId(20) hotstuff_runner::app: Node 0 view(1617) far exceeds block count (404); potential sync issue    
2026-08-10T05:52:25.074583Z  WARN ThreadId(20) hotstuff_runner::app: Node 0 [produce_block] queue size: 0, attempting up to 0 transactions this block    
2026-08-10T05:52:25.074892Z  WARN ThreadId(20) hotstuff_runner::app: Node 0 view(1621) far exceeds block count (405); potential sync issue    
2026-08-10T05:52:25.118463Z  WARN ThreadId(20) hotstuff_runner::app: Node 0 [produce_block] queue size: 0, attempting up to 0 transactions this block    
2026-08-10T05:52:25.118676Z  WARN ThreadId(20) hotstuff_runner::app: Node 0 view(1625) far exceeds block count (406); potential sync issue    
2026-08-10T05:52:25.155560Z  WARN ThreadId(20) hotstuff_runner::app: Node 0 [produce_block] queue size: 2, attempting up to 2 transactions this block    
2026-08-10T05:52:25.157966Z  WARN ThreadId(20) hotstuff_runner::app: Node 0 view(1629) far exceeds block count (407); potential sync issue    
2026-08-10T05:52:25.198144Z  WARN ThreadId(20) hotstuff_runner::app: Node 0 [produce_block] queue size: 0, attempting up to 0 transactions this block    
2026-08-10T05:52:25.198266Z  WARN ThreadId(20) hotstuff_runner::app: Node 0 view(1633) far exceeds block count (408); potential sync issue    
2026-08-10T05:52:25.245120Z  WARN ThreadId(20) hotstuff_runner::app: Node 0 [produce_block] queue size: 0, attempting up to 0 transactions this block    
2026-08-10T05:52:25.247166Z  WARN ThreadId(20) hotstuff_runner::app: Node 0 view(1637) far exceeds block count (409); potential sync issue    
2026-08-10T05:52:25.301270Z  WARN ThreadId(20) hotstuff_runner::app: Node 0 [produce_block] queue size: 0, attempting up to 0 transactions this block    
2026-08-10T05:52:25.302821Z  WARN ThreadId(20) hotstuff_runner::app: Node 0 view(1641) far exceeds block count (410); potential sync issue    
2026-08-10T05:52:25.335354Z  WARN ThreadId(20) hotstuff_runner::app: Node 0 [produce_block] queue size: 2, attempting up to 2 transactions this block    
2026-08-10T05:52:25.335671Z  WARN ThreadId(20) hotstuff_runner::app: Node 0 view(1645) far exceeds block count (411); potential sync issue    
2026-08-10T05:52:25.371950Z  WARN ThreadId(20) hotstuff_runner::app: Node 0 [produce_block] queue size: 0, attempting up to 0 transactions this block    
2026-08-10T05:52:25.372052Z  WARN ThreadId(20) hotstuff_runner::app: Node 0 view(1649) far exceeds block count (412); potential sync issue    
2026-08-10T05:52:25.434007Z  WARN ThreadId(20) hotstuff_runner::app: Node 0 [produce_block] queue size: 0, attempting up to 0 transactions this block    
2026-08-10T05:52:25.436444Z  WARN ThreadId(20) hotstuff_runner::app: Node 0 view(1653) far exceeds block count (413); potential sync issue    
2026-08-10T05:52:25.495406Z  WARN ThreadId(20) hotstuff_runner::app: Node 0 [produce_block] queue size: 0, attempting up to 0 transactions this block    
2026-08-10T05:52:25.506918Z  WARN ThreadId(20) hotstuff_runner::app: Node 0 view(1657) far exceeds block count (414); potential sync issue    
2026-08-10T05:52:25.564269Z  WARN ThreadId(20) hotstuff_runner::app: Node 0 [produce_block] queue size: 2, attempting up to 2 transactions this block    
2026-08-10T05:52:25.565221Z  WARN ThreadId(20) hotstuff_runner::app: Node 0 view(1661) far exceeds block count (415); potential sync issue    
2026-08-10T05:52:25.608597Z  WARN ThreadId(20) hotstuff_runner::app: Node 0 [produce_block] queue size: 0, attempting up to 0 transactions this block    
2026-08-10T05:52:25.609249Z  WARN ThreadId(20) hotstuff_runner::app: Node 0 view(1665) far exceeds block count (416); potential sync issue    
2026-08-10T05:52:25.657534Z  WARN ThreadId(20) hotstuff_runner::app: Node 0 [produce_block] queue size: 0, attempting up to 0 transactions this block    
2026-08-10T05:52:25.657784Z  WARN ThreadId(20) hotstuff_runner::app: Node 0 view(1669) far exceeds block count (417); potential sync issue    
2026-08-10T05:52:25.709413Z  WARN ThreadId(20) hotstuff_runner::app: Node 0 [produce_block] queue size: 0, attempting up to 0 transactions this block    
2026-08-10T05:52:25.709588Z  WARN ThreadId(20) hotstuff_runner::app: Node 0 view(1673) far exceeds block count (418); potential sync issue    
2026-08-10T05:52:25.746173Z  WARN ThreadId(20) hotstuff_runner::app: Node 0 [produce_block] queue size: 0, attempting up to 0 transactions this block    
2026-08-10T05:52:25.746754Z  WARN ThreadId(20) hotstuff_runner::app: Node 0 view(1677) far exceeds block count (419); potential sync issue    
2026-08-10T05:52:25.780333Z  WARN ThreadId(20) hotstuff_runner::app: Node 0 [produce_block] queue size: 2, attempting up to 2 transactions this block    
2026-08-10T05:52:25.780909Z  WARN ThreadId(20) hotstuff_runner::app: Node 0 view(1681) far exceeds block count (420); potential sync issue    
2026-08-10T05:52:25.809744Z  WARN ThreadId(20) hotstuff_runner::app: Node 0 [produce_block] queue size: 0, attempting up to 0 transactions this block    
2026-08-10T05:52:25.810388Z  WARN ThreadId(20) hotstuff_runner::app: Node 0 view(1685) far exceeds block count (421); potential sync issue    
2026-08-10T05:52:25.860009Z  WARN ThreadId(20) hotstuff_runner::app: Node 0 [produce_block] queue size: 0, attempting up to 0 transactions this block    
2026-08-10T05:52:25.860990Z  WARN ThreadId(20) hotstuff_runner::app: Node 0 view(1689) far exceeds block count (422); potential sync issue    
2026-08-10T05:52:25.909126Z  WARN ThreadId(20) hotstuff_runner::app: Node 0 [produce_block] queue size: 0, attempting up to 0 transactions this block    
2026-08-10T05:52:25.909511Z  WARN ThreadId(20) hotstuff_runner::app: Node 0 view(1693) far exceeds block count (423); potential sync issue    
2026-08-10T05:52:25.951996Z  WARN ThreadId(20) hotstuff_runner::app: Node 0 [produce_block] queue size: 2, attempting up to 2 transactions this block    
2026-08-10T05:52:25.952555Z  WARN ThreadId(20) hotstuff_runner::app: Node 0 view(1697) far exceeds block count (424); potential sync issue    
2026-08-10T05:52:25.984559Z  WARN ThreadId(20) hotstuff_runner::app: Node 0 [produce_block] queue size: 0, attempting up to 0 transactions this block    
2026-08-10T05:52:25.984658Z  WARN ThreadId(20) hotstuff_runner::app: Node 0 view(1701) far exceeds block count (425); potential sync issue    
2026-08-10T05:52:26.014263Z  WARN ThreadId(20) hotstuff_runner::app: Node 0 [produce_block] queue size: 0, attempting up to 0 transactions this block    
2026-08-10T05:52:26.015035Z  WARN ThreadId(20) hotstuff_runner::app: Node 0 view(1705) far exceeds block count (426); potential sync issue    
2026-08-10T05:52:26.079661Z  WARN ThreadId(20) hotstuff_runner::app: Node 0 [produce_block] queue size: 0, attempting up to 0 transactions this block    
2026-08-10T05:52:26.082447Z  WARN ThreadId(20) hotstuff_runner::app: Node 0 view(1709) far exceeds block count (427); potential sync issue    
2026-08-10T05:52:26.124740Z  WARN ThreadId(20) hotstuff_runner::app: Node 0 [produce_block] queue size: 0, attempting up to 0 transactions this block    
2026-08-10T05:52:26.126113Z  WARN ThreadId(20) hotstuff_runner::app: Node 0 view(1713) far exceeds block count (428); potential sync issue    
2026-08-10T05:52:26.202130Z  WARN ThreadId(20) hotstuff_runner::app: Node 0 [produce_block] queue size: 2, attempting up to 2 transactions this block    
2026-08-10T05:52:26.202604Z  WARN ThreadId(20) hotstuff_runner::app: Node 0 view(1717) far exceeds block count (429); potential sync issue    
2026-08-10T05:52:26.260414Z  WARN ThreadId(20) hotstuff_runner::app: Node 0 [produce_block] queue size: 0, attempting up to 0 transactions this block    
2026-08-10T05:52:26.260888Z  WARN ThreadId(20) hotstuff_runner::app: Node 0 view(1721) far exceeds block count (430); potential sync issue    
2026-08-10T05:52:26.314007Z  WARN ThreadId(20) hotstuff_runner::app: Node 0 [produce_block] queue size: 0, attempting up to 0 transactions this block    
2026-08-10T05:52:26.315838Z  WARN ThreadId(20) hotstuff_runner::app: Node 0 view(1725) far exceeds block count (431); potential sync issue    
2026-08-10T05:52:26.381222Z  WARN ThreadId(20) hotstuff_runner::app: Node 0 [produce_block] queue size: 0, attempting up to 0 transactions this block    
2026-08-10T05:52:26.382163Z  WARN ThreadId(20) hotstuff_runner::app: Node 0 view(1729) far exceeds block count (432); potential sync issue    
2026-08-10T05:52:26.438421Z  WARN ThreadId(20) hotstuff_runner::app: Node 0 [produce_block] queue size: 2, attempting up to 2 transactions this block    
2026-08-10T05:52:26.438872Z  WARN ThreadId(20) hotstuff_runner::app: Node 0 view(1733) far exceeds block count (433); potential sync issue    
2026-08-10T05:52:26.488520Z  WARN ThreadId(20) hotstuff_runner::app: Node 0 [produce_block] queue size: 0, attempting up to 0 transactions this block    
2026-08-10T05:52:26.488678Z  WARN ThreadId(20) hotstuff_runner::app: Node 0 view(1737) far exceeds block count (434); potential sync issue    
2026-08-10T05:52:26.537872Z  WARN ThreadId(20) hotstuff_runner::app: Node 0 [produce_block] queue size: 0, attempting up to 0 transactions this block    
2026-08-10T05:52:26.538311Z  WARN ThreadId(20) hotstuff_runner::app: Node 0 view(1741) far exceeds block count (435); potential sync issue    
2026-08-10T05:52:26.577487Z  WARN ThreadId(20) hotstuff_runner::app: Node 0 [produce_block] queue size: 0, attempting up to 0 transactions this block    
2026-08-10T05:52:26.579084Z  WARN ThreadId(20) hotstuff_runner::app: Node 0 view(1745) far exceeds block count (436); potential sync issue    
2026-08-10T05:52:26.628044Z  WARN ThreadId(20) hotstuff_runner::app: Node 0 [produce_block] queue size: 2, attempting up to 2 transactions this block    
2026-08-10T05:52:26.630398Z  WARN ThreadId(20) hotstuff_runner::app: Node 0 view(1749) far exceeds block count (437); potential sync issue    
2026-08-10T05:52:26.678727Z  WARN ThreadId(20) hotstuff_runner::app: Node 0 [produce_block] queue size: 0, attempting up to 0 transactions this block    
2026-08-10T05:52:26.679150Z  WARN ThreadId(20) hotstuff_runner::app: Node 0 view(1753) far exceeds block count (438); potential sync issue    
2026-08-10T05:52:26.716504Z  WARN ThreadId(20) hotstuff_runner::app: Node 0 [produce_block] queue size: 0, attempting up to 0 transactions this block    
2026-08-10T05:52:26.717165Z  WARN ThreadId(20) hotstuff_runner::app: Node 0 view(1757) far exceeds block count (439); potential sync issue    
2026-08-10T05:52:26.776049Z  WARN ThreadId(20) hotstuff_runner::app: Node 0 [produce_block] queue size: 2, attempting up to 2 transactions this block    
2026-08-10T05:52:26.777093Z  WARN ThreadId(20) hotstuff_runner::app: Node 0 view(1761) far exceeds block count (440); potential sync issue    
2026-08-10T05:52:26.831750Z  WARN ThreadId(20) hotstuff_runner::app: Node 0 [produce_block] queue size: 0, attempting up to 0 transactions this block    
2026-08-10T05:52:26.834493Z  WARN ThreadId(20) hotstuff_runner::app: Node 0 view(1765) far exceeds block count (441); potential sync issue    
2026-08-10T05:52:26.876811Z  WARN ThreadId(20) hotstuff_runner::app: Node 0 [produce_block] queue size: 0, attempting up to 0 transactions this block    
2026-08-10T05:52:26.877336Z  WARN ThreadId(20) hotstuff_runner::app: Node 0 view(1769) far exceeds block count (442); potential sync issue    
2026-08-10T05:52:26.940762Z  WARN ThreadId(20) hotstuff_runner::app: Node 0 [produce_block] queue size: 0, attempting up to 0 transactions this block    
2026-08-10T05:52:26.942315Z  WARN ThreadId(20) hotstuff_runner::app: Node 0 view(1773) far exceeds block count (443); potential sync issue    
2026-08-10T05:52:26.986140Z  WARN ThreadId(20) hotstuff_runner::app: Node 0 [produce_block] queue size: 2, attempting up to 2 transactions this block    
2026-08-10T05:52:26.986384Z  WARN ThreadId(20) hotstuff_runner::app: Node 0 view(1777) far exceeds block count (444); potential sync issue    
2026-08-10T05:52:27.034794Z  WARN ThreadId(20) hotstuff_runner::app: Node 0 [produce_block] queue size: 0, attempting up to 0 transactions this block    
2026-08-10T05:52:27.036252Z  WARN ThreadId(20) hotstuff_runner::app: Node 0 view(1781) far exceeds block count (445); potential sync issue    
2026-08-10T05:52:27.082288Z  WARN ThreadId(20) hotstuff_runner::app: Node 0 [produce_block] queue size: 0, attempting up to 0 transactions this block    
2026-08-10T05:52:27.083569Z  WARN ThreadId(20) hotstuff_runner::app: Node 0 view(1785) far exceeds block count (446); potential sync issue    
2026-08-10T05:52:27.147153Z  WARN ThreadId(20) hotstuff_runner::app: Node 0 [produce_block] queue size: 2, attempting up to 2 transactions this block    
2026-08-10T05:52:27.148573Z  WARN ThreadId(20) hotstuff_runner::app: Node 0 view(1789) far exceeds block count (447); potential sync issue    
2026-08-10T05:52:27.187395Z  WARN ThreadId(20) hotstuff_runner::app: Node 0 [produce_block] queue size: 0, attempting up to 0 transactions this block    
2026-08-10T05:52:27.188158Z  WARN ThreadId(20) hotstuff_runner::app: Node 0 view(1793) far exceeds block count (448); potential sync issue    
2026-08-10T05:52:27.230956Z  WARN ThreadId(20) hotstuff_runner::app: Node 0 [produce_block] queue size: 0, attempting up to 0 transactions this block    
2026-08-10T05:52:27.231056Z  WARN ThreadId(20) hotstuff_runner::app: Node 0 view(1797) far exceeds block count (449); potential sync issue    
2026-08-10T05:52:27.284391Z  WARN ThreadId(20) hotstuff_runner::app: Node 0 [produce_block] queue size: 0, attempting up to 0 transactions this block    
2026-08-10T05:52:27.285384Z  WARN ThreadId(20) hotstuff_runner::app: Node 0 view(1801) far exceeds block count (450); potential sync issue    
2026-08-10T05:52:27.353550Z  WARN ThreadId(20) hotstuff_runner::app: Node 0 [produce_block] queue size: 2, attempting up to 2 transactions this block    
2026-08-10T05:52:27.353654Z  WARN ThreadId(20) hotstuff_runner::app: Node 0 view(1805) far exceeds block count (451); potential sync issue    
2026-08-10T05:52:27.401855Z  WARN ThreadId(20) hotstuff_runner::app: Node 0 [produce_block] queue size: 0, attempting up to 0 transactions this block    
2026-08-10T05:52:27.402440Z  WARN ThreadId(20) hotstuff_runner::app: Node 0 view(1809) far exceeds block count (452); potential sync issue    
2026-08-10T05:52:27.449548Z  WARN ThreadId(20) hotstuff_runner::app: Node 0 [produce_block] queue size: 0, attempting up to 0 transactions this block    
2026-08-10T05:52:27.449764Z  WARN ThreadId(20) hotstuff_runner::app: Node 0 view(1813) far exceeds block count (453); potential sync issue    
2026-08-10T05:52:27.503219Z  WARN ThreadId(20) hotstuff_runner::app: Node 0 [produce_block] queue size: 0, attempting up to 0 transactions this block    
2026-08-10T05:52:27.504293Z  WARN ThreadId(20) hotstuff_runner::app: Node 0 view(1817) far exceeds block count (454); potential sync issue    
2026-08-10T05:52:27.548736Z  WARN ThreadId(20) hotstuff_runner::app: Node 0 [produce_block] queue size: 2, attempting up to 2 transactions this block    
2026-08-10T05:52:27.549033Z  WARN ThreadId(20) hotstuff_runner::app: Node 0 view(1821) far exceeds block count (455); potential sync issue    
2026-08-10T05:52:27.600273Z  WARN ThreadId(20) hotstuff_runner::app: Node 0 [produce_block] queue size: 0, attempting up to 0 transactions this block    
2026-08-10T05:52:27.604721Z  WARN ThreadId(20) hotstuff_runner::app: Node 0 view(1825) far exceeds block count (456); potential sync issue    
2026-08-10T05:52:27.636599Z  WARN ThreadId(20) hotstuff_runner::app: Node 0 [produce_block] queue size: 0, attempting up to 0 transactions this block    
2026-08-10T05:52:27.637131Z  WARN ThreadId(20) hotstuff_runner::app: Node 0 view(1829) far exceeds block count (457); potential sync issue    
2026-08-10T05:52:27.723505Z  WARN ThreadId(20) hotstuff_runner::app: Node 0 [produce_block] queue size: 0, attempting up to 0 transactions this block    
2026-08-10T05:52:27.725703Z  WARN ThreadId(20) hotstuff_runner::app: Node 0 view(1833) far exceeds block count (458); potential sync issue    
2026-08-10T05:52:27.767579Z  WARN ThreadId(20) hotstuff_runner::app: Node 0 [produce_block] queue size: 2, attempting up to 2 transactions this block    
2026-08-10T05:52:27.768175Z  WARN ThreadId(20) hotstuff_runner::app: Node 0 view(1837) far exceeds block count (459); potential sync issue    
2026-08-10T05:52:27.827254Z  WARN ThreadId(20) hotstuff_runner::app: Node 0 [produce_block] queue size: 0, attempting up to 0 transactions this block    
2026-08-10T05:52:27.827365Z  WARN ThreadId(20) hotstuff_runner::app: Node 0 view(1841) far exceeds block count (460); potential sync issue    
2026-08-10T05:52:27.885002Z  WARN ThreadId(20) hotstuff_runner::app: Node 0 [produce_block] queue size: 0, attempting up to 0 transactions this block    
2026-08-10T05:52:27.885648Z  WARN ThreadId(20) hotstuff_runner::app: Node 0 view(1845) far exceeds block count (461); potential sync issue    
2026-08-10T05:52:27.924671Z  WARN ThreadId(20) hotstuff_runner::app: Node 0 [produce_block] queue size: 0, attempting up to 0 transactions this block    
2026-08-10T05:52:27.926558Z  WARN ThreadId(20) hotstuff_runner::app: Node 0 view(1849) far exceeds block count (462); potential sync issue    
2026-08-10T05:52:27.998703Z  WARN ThreadId(20) hotstuff_runner::app: Node 0 [produce_block] queue size: 2, attempting up to 2 transactions this block    
2026-08-10T05:52:27.999035Z  WARN ThreadId(20) hotstuff_runner::app: Node 0 view(1853) far exceeds block count (463); potential sync issue    
2026-08-10T05:52:28.046365Z  WARN ThreadId(20) hotstuff_runner::app: Node 0 [produce_block] queue size: 0, attempting up to 0 transactions this block    
2026-08-10T05:52:28.046637Z  WARN ThreadId(20) hotstuff_runner::app: Node 0 view(1857) far exceeds block count (464); potential sync issue    
2026-08-10T05:52:28.101543Z  WARN ThreadId(20) hotstuff_runner::app: Node 0 [produce_block] queue size: 0, attempting up to 0 transactions this block    
2026-08-10T05:52:28.105094Z  WARN ThreadId(20) hotstuff_runner::app: Node 0 view(1861) far exceeds block count (465); potential sync issue    
2026-08-10T05:52:28.148353Z  WARN ThreadId(20) hotstuff_runner::app: Node 0 [produce_block] queue size: 0, attempting up to 0 transactions this block    
2026-08-10T05:52:28.148632Z  WARN ThreadId(20) hotstuff_runner::app: Node 0 view(1865) far exceeds block count (466); potential sync issue    
2026-08-10T05:52:28.207803Z  WARN ThreadId(20) hotstuff_runner::app: Node 0 [produce_block] queue size: 0, attempting up to 0 transactions this block    
2026-08-10T05:52:28.207982Z  WARN ThreadId(20) hotstuff_runner::app: Node 0 view(1869) far exceeds block count (467); potential sync issue    
2026-08-10T05:52:28.258154Z  WARN ThreadId(20) hotstuff_runner::app: Node 0 [produce_block] queue size: 2, attempting up to 2 transactions this block    
2026-08-10T05:52:28.258499Z  WARN ThreadId(20) hotstuff_runner::app: Node 0 view(1873) far exceeds block count (468); potential sync issue    
2026-08-10T05:52:28.306434Z  WARN ThreadId(20) hotstuff_runner::app: Node 0 [produce_block] queue size: 0, attempting up to 0 transactions this block    
2026-08-10T05:52:28.308053Z  WARN ThreadId(20) hotstuff_runner::app: Node 0 view(1877) far exceeds block count (469); potential sync issue    
2026-08-10T05:52:28.352020Z  WARN ThreadId(20) hotstuff_runner::app: Node 0 [produce_block] queue size: 0, attempting up to 0 transactions this block    
2026-08-10T05:52:28.352268Z  WARN ThreadId(20) hotstuff_runner::app: Node 0 view(1881) far exceeds block count (470); potential sync issue    
2026-08-10T05:52:28.399808Z  WARN ThreadId(20) hotstuff_runner::app: Node 0 [produce_block] queue size: 0, attempting up to 0 transactions this block    
2026-08-10T05:52:28.399929Z  WARN ThreadId(20) hotstuff_runner::app: Node 0 view(1885) far exceeds block count (471); potential sync issue    
2026-08-10T05:52:28.437538Z  WARN ThreadId(20) hotstuff_runner::app: Node 0 [produce_block] queue size: 2, attempting up to 2 transactions this block    
2026-08-10T05:52:28.439469Z  WARN ThreadId(20) hotstuff_runner::app: Node 0 view(1889) far exceeds block count (472); potential sync issue    
2026-08-10T05:52:28.497246Z  WARN ThreadId(20) hotstuff_runner::app: Node 0 [produce_block] queue size: 0, attempting up to 0 transactions this block    
2026-08-10T05:52:28.497426Z  WARN ThreadId(20) hotstuff_runner::app: Node 0 view(1893) far exceeds block count (473); potential sync issue    
2026-08-10T05:52:28.558619Z  WARN ThreadId(20) hotstuff_runner::app: Node 0 [produce_block] queue size: 0, attempting up to 0 transactions this block    
2026-08-10T05:52:28.558974Z  WARN ThreadId(20) hotstuff_runner::app: Node 0 view(1897) far exceeds block count (474); potential sync issue    
2026-08-10T05:52:28.589350Z  WARN ThreadId(20) hotstuff_runner::app: Node 0 [produce_block] queue size: 0, attempting up to 0 transactions this block    
2026-08-10T05:52:28.594131Z  WARN ThreadId(20) hotstuff_runner::app: Node 0 view(1901) far exceeds block count (475); potential sync issue    
2026-08-10T05:52:28.631726Z  WARN ThreadId(20) hotstuff_runner::app: Node 0 [produce_block] queue size: 2, attempting up to 2 transactions this block    
2026-08-10T05:52:28.633403Z  WARN ThreadId(20) hotstuff_runner::app: Node 0 view(1905) far exceeds block count (476); potential sync issue    
2026-08-10T05:52:28.680539Z  WARN ThreadId(20) hotstuff_runner::app: Node 0 [produce_block] queue size: 0, attempting up to 0 transactions this block    
2026-08-10T05:52:28.682328Z  WARN ThreadId(20) hotstuff_runner::app: Node 0 view(1909) far exceeds block count (477); potential sync issue    
2026-08-10T05:52:28.742999Z  WARN ThreadId(20) hotstuff_runner::app: Node 0 [produce_block] queue size: 0, attempting up to 0 transactions this block    
2026-08-10T05:52:28.745063Z  WARN ThreadId(20) hotstuff_runner::app: Node 0 view(1913) far exceeds block count (478); potential sync issue    
2026-08-10T05:52:28.783199Z  WARN ThreadId(20) hotstuff_runner::app: Node 0 [produce_block] queue size: 0, attempting up to 0 transactions this block    
2026-08-10T05:52:28.783331Z  WARN ThreadId(20) hotstuff_runner::app: Node 0 view(1917) far exceeds block count (479); potential sync issue    
2026-08-10T05:52:28.870538Z  WARN ThreadId(20) hotstuff_runner::app: Node 0 [produce_block] queue size: 2, attempting up to 2 transactions this block    
2026-08-10T05:52:28.884279Z  WARN ThreadId(20) hotstuff_runner::app: Node 0 view(1921) far exceeds block count (480); potential sync issue    
2026-08-10T05:52:29.117017Z  WARN ThreadId(20) hotstuff_runner::app: Node 0 [produce_block] queue size: 2, attempting up to 2 transactions this block    
2026-08-10T05:52:29.117323Z  WARN ThreadId(20) hotstuff_runner::app: Node 0 view(1925) far exceeds block count (481); potential sync issue    
2026-08-10T05:52:29.631225Z  WARN ThreadId(21) hotstuff_runner::tcp_node: Node 0 view 1926 timed out; latency may accumulate
2026-08-10T05:52:29.713157Z  WARN ThreadId(20) hotstuff_runner::app: Node 0 [produce_block] queue size: 4, attempting up to 4 transactions this block    
2026-08-10T05:52:29.716149Z  WARN ThreadId(20) hotstuff_runner::app: Node 0 view(1929) far exceeds block count (482); potential sync issue    
2026-08-10T05:52:29.772415Z  WARN ThreadId(20) hotstuff_runner::app: Node 0 [produce_block] queue size: 0, attempting up to 0 transactions this block    
2026-08-10T05:52:29.772524Z  WARN ThreadId(20) hotstuff_runner::app: Node 0 view(1933) far exceeds block count (483); potential sync issue    
2026-08-10T05:52:29.829244Z  WARN ThreadId(20) hotstuff_runner::app: Node 0 [produce_block] queue size: 0, attempting up to 0 transactions this block    
2026-08-10T05:52:29.829350Z  WARN ThreadId(20) hotstuff_runner::app: Node 0 view(1937) far exceeds block count (484); potential sync issue    
2026-08-10T05:52:29.931419Z  WARN ThreadId(20) hotstuff_runner::app: Node 0 [produce_block] queue size: 2, attempting up to 2 transactions this block    
2026-08-10T05:52:29.934878Z  WARN ThreadId(20) hotstuff_runner::app: Node 0 view(1941) far exceeds block count (485); potential sync issue    
2026-08-10T05:52:30.029177Z  WARN ThreadId(20) hotstuff_runner::app: Node 0 [produce_block] queue size: 0, attempting up to 0 transactions this block    
2026-08-10T05:52:30.029291Z  WARN ThreadId(20) hotstuff_runner::app: Node 0 view(1945) far exceeds block count (486); potential sync issue    
2026-08-10T05:52:30.093728Z  WARN ThreadId(20) hotstuff_runner::app: Node 0 [produce_block] queue size: 0, attempting up to 0 transactions this block    
2026-08-10T05:52:30.094972Z  WARN ThreadId(20) hotstuff_runner::app: Node 0 view(1949) far exceeds block count (487); potential sync issue    
2026-08-10T05:52:30.150207Z  WARN ThreadId(20) hotstuff_runner::app: Node 0 [produce_block] queue size: 2, attempting up to 2 transactions this block    
2026-08-10T05:52:30.150400Z  WARN ThreadId(20) hotstuff_runner::app: Node 0 view(1953) far exceeds block count (488); potential sync issue    
2026-08-10T05:52:30.207306Z  WARN ThreadId(20) hotstuff_runner::app: Node 0 [produce_block] queue size: 0, attempting up to 0 transactions this block    
2026-08-10T05:52:30.208088Z  WARN ThreadId(20) hotstuff_runner::app: Node 0 view(1957) far exceeds block count (489); potential sync issue    
2026-08-10T05:52:30.276222Z  WARN ThreadId(20) hotstuff_runner::app: Node 0 [produce_block] queue size: 0, attempting up to 0 transactions this block    
2026-08-10T05:52:30.282227Z  WARN ThreadId(20) hotstuff_runner::app: Node 0 view(1961) far exceeds block count (490); potential sync issue    
2026-08-10T05:52:30.342160Z  WARN ThreadId(20) hotstuff_runner::app: Node 0 [produce_block] queue size: 2, attempting up to 2 transactions this block    
2026-08-10T05:52:30.342580Z  WARN ThreadId(20) hotstuff_runner::app: Node 0 view(1965) far exceeds block count (491); potential sync issue    
2026-08-10T05:52:30.389637Z  WARN ThreadId(20) hotstuff_runner::app: Node 0 [produce_block] queue size: 0, attempting up to 0 transactions this block    
2026-08-10T05:52:30.389804Z  WARN ThreadId(20) hotstuff_runner::app: Node 0 view(1969) far exceeds block count (492); potential sync issue    
2026-08-10T05:52:30.443893Z  WARN ThreadId(20) hotstuff_runner::app: Node 0 [produce_block] queue size: 0, attempting up to 0 transactions this block    
2026-08-10T05:52:30.444636Z  WARN ThreadId(20) hotstuff_runner::app: Node 0 view(1973) far exceeds block count (493); potential sync issue    
2026-08-10T05:52:30.515520Z  WARN ThreadId(20) hotstuff_runner::app: Node 0 [produce_block] queue size: 0, attempting up to 0 transactions this block    
2026-08-10T05:52:30.515773Z  WARN ThreadId(20) hotstuff_runner::app: Node 0 view(1977) far exceeds block count (494); potential sync issue    
2026-08-10T05:52:30.628725Z  WARN ThreadId(20) hotstuff_runner::app: Node 0 [produce_block] queue size: 2, attempting up to 2 transactions this block    
2026-08-10T05:52:30.629950Z  WARN ThreadId(20) hotstuff_runner::app: Node 0 view(1981) far exceeds block count (495); potential sync issue    
2026-08-10T05:52:30.748597Z  WARN ThreadId(20) hotstuff_runner::app: Node 0 [produce_block] queue size: 0, attempting up to 0 transactions this block    
2026-08-10T05:52:30.751955Z  WARN ThreadId(20) hotstuff_runner::app: Node 0 view(1985) far exceeds block count (496); potential sync issue    
2026-08-10T05:52:30.873889Z  WARN ThreadId(20) hotstuff_runner::app: Node 0 [produce_block] queue size: 2, attempting up to 2 transactions this block    
2026-08-10T05:52:30.874478Z  WARN ThreadId(20) hotstuff_runner::app: Node 0 view(1989) far exceeds block count (497); potential sync issue    
2026-08-10T05:52:31.180139Z  WARN ThreadId(20) hotstuff_runner::app: Node 0 [produce_block] queue size: 4, attempting up to 4 transactions this block    
2026-08-10T05:52:31.180401Z  WARN ThreadId(20) hotstuff_runner::app: Node 0 view(1993) far exceeds block count (498); potential sync issue    
2026-08-10T05:52:31.224061Z  WARN ThreadId(20) hotstuff_runner::app: Node 0 [produce_block] queue size: 0, attempting up to 0 transactions this block    
2026-08-10T05:52:31.224643Z  WARN ThreadId(20) hotstuff_runner::app: Node 0 view(1997) far exceeds block count (499); potential sync issue    
2026-08-10T05:52:31.332451Z  WARN ThreadId(20) hotstuff_runner::app: Node 0 [produce_block] queue size: 0, attempting up to 0 transactions this block    
2026-08-10T05:52:31.333681Z  WARN ThreadId(20) hotstuff_runner::app: Node 0 view(2001) far exceeds block count (500); potential sync issue    
2026-08-10T05:52:31.574596Z  WARN ThreadId(20) hotstuff_runner::app: Node 0 [produce_block] queue size: 2, attempting up to 2 transactions this block    
2026-08-10T05:52:31.574837Z  WARN ThreadId(20) hotstuff_runner::app: Node 0 view(2005) far exceeds block count (501); potential sync issue    
2026-08-10T05:52:31.641856Z  WARN ThreadId(20) hotstuff_runner::app: Node 0 [produce_block] queue size: 2, attempting up to 2 transactions this block    
2026-08-10T05:52:31.660449Z  WARN ThreadId(20) hotstuff_runner::app: Node 0 view(2009) far exceeds block count (502); potential sync issue    
2026-08-10T05:52:31.731797Z  WARN ThreadId(20) hotstuff_runner::app: Node 0 [produce_block] queue size: 0, attempting up to 0 transactions this block    
2026-08-10T05:52:31.738325Z  WARN ThreadId(20) hotstuff_runner::app: Node 0 view(2013) far exceeds block count (503); potential sync issue    
2026-08-10T05:52:31.792515Z  WARN ThreadId(20) hotstuff_runner::app: Node 0 [produce_block] queue size: 0, attempting up to 0 transactions this block    
2026-08-10T05:52:31.795107Z  WARN ThreadId(20) hotstuff_runner::app: Node 0 view(2017) far exceeds block count (504); potential sync issue    
2026-08-10T05:52:31.862831Z  WARN ThreadId(20) hotstuff_runner::app: Node 0 [produce_block] queue size: 2, attempting up to 2 transactions this block    
2026-08-10T05:52:31.865556Z  WARN ThreadId(20) hotstuff_runner::app: Node 0 view(2021) far exceeds block count (505); potential sync issue    
2026-08-10T05:52:31.944119Z  WARN ThreadId(20) hotstuff_runner::app: Node 0 [produce_block] queue size: 0, attempting up to 0 transactions this block    
2026-08-10T05:52:31.944993Z  WARN ThreadId(20) hotstuff_runner::app: Node 0 view(2025) far exceeds block count (506); potential sync issue    
2026-08-10T05:52:32.007691Z  WARN ThreadId(20) hotstuff_runner::app: Node 0 [produce_block] queue size: 0, attempting up to 0 transactions this block    
2026-08-10T05:52:32.007845Z  WARN ThreadId(20) hotstuff_runner::app: Node 0 view(2029) far exceeds block count (507); potential sync issue    
2026-08-10T05:52:32.083842Z  WARN ThreadId(20) hotstuff_runner::app: Node 0 [produce_block] queue size: 0, attempting up to 0 transactions this block    
2026-08-10T05:52:32.083957Z  WARN ThreadId(20) hotstuff_runner::app: Node 0 view(2033) far exceeds block count (508); potential sync issue    
2026-08-10T05:52:32.144206Z  WARN ThreadId(20) hotstuff_runner::app: Node 0 [produce_block] queue size: 0, attempting up to 0 transactions this block    
2026-08-10T05:52:32.144373Z  WARN ThreadId(20) hotstuff_runner::app: Node 0 view(2037) far exceeds block count (509); potential sync issue    
2026-08-10T05:52:32.230804Z  WARN ThreadId(20) hotstuff_runner::app: Node 0 [produce_block] queue size: 0, attempting up to 0 transactions this block    
2026-08-10T05:52:32.231116Z  WARN ThreadId(20) hotstuff_runner::app: Node 0 view(2041) far exceeds block count (510); potential sync issue    
2026-08-10T05:52:32.296798Z  WARN ThreadId(20) hotstuff_runner::app: Node 0 [produce_block] queue size: 0, attempting up to 0 transactions this block    
2026-08-10T05:52:32.307871Z  WARN ThreadId(20) hotstuff_runner::app: Node 0 view(2045) far exceeds block count (511); potential sync issue    
2026-08-10T05:52:32.376053Z  WARN ThreadId(20) hotstuff_runner::app: Node 0 [produce_block] queue size: 2, attempting up to 2 transactions this block    
2026-08-10T05:52:32.376369Z  WARN ThreadId(20) hotstuff_runner::app: Node 0 view(2049) far exceeds block count (512); potential sync issue    
2026-08-10T05:52:32.471332Z  WARN ThreadId(20) hotstuff_runner::app: Node 0 [produce_block] queue size: 0, attempting up to 0 transactions this block    
2026-08-10T05:52:32.472135Z  WARN ThreadId(20) hotstuff_runner::app: Node 0 view(2053) far exceeds block count (513); potential sync issue    
2026-08-10T05:52:32.594547Z  WARN ThreadId(20) hotstuff_runner::app: Node 0 [produce_block] queue size: 2, attempting up to 2 transactions this block    
2026-08-10T05:52:32.607816Z  WARN ThreadId(20) hotstuff_runner::app: Node 0 view(2057) far exceeds block count (514); potential sync issue    
2026-08-10T05:52:32.701133Z  WARN ThreadId(20) hotstuff_runner::app: Node 0 [produce_block] queue size: 2, attempting up to 2 transactions this block    
2026-08-10T05:52:32.705773Z  WARN ThreadId(20) hotstuff_runner::app: Node 0 view(2061) far exceeds block count (515); potential sync issue    
2026-08-10T05:52:32.783861Z  WARN ThreadId(20) hotstuff_runner::app: Node 0 [produce_block] queue size: 0, attempting up to 0 transactions this block    
2026-08-10T05:52:32.789124Z  WARN ThreadId(20) hotstuff_runner::app: Node 0 view(2065) far exceeds block count (516); potential sync issue    
2026-08-10T05:52:32.836798Z  WARN ThreadId(20) hotstuff_runner::app: Node 0 [produce_block] queue size: 0, attempting up to 0 transactions this block    
2026-08-10T05:52:32.837018Z  WARN ThreadId(20) hotstuff_runner::app: Node 0 view(2069) far exceeds block count (517); potential sync issue    
2026-08-10T05:52:32.954122Z  WARN ThreadId(20) hotstuff_runner::app: Node 0 [produce_block] queue size: 2, attempting up to 2 transactions this block    
2026-08-10T05:52:32.954736Z  WARN ThreadId(20) hotstuff_runner::app: Node 0 view(2073) far exceeds block count (518); potential sync issue    
2026-08-10T05:52:33.018533Z  WARN ThreadId(20) hotstuff_runner::app: Node 0 [produce_block] queue size: 2, attempting up to 2 transactions this block    
2026-08-10T05:52:33.022974Z  WARN ThreadId(20) hotstuff_runner::app: Node 0 view(2077) far exceeds block count (519); potential sync issue    
2026-08-10T05:52:33.105403Z  WARN ThreadId(20) hotstuff_runner::app: Node 0 [produce_block] queue size: 0, attempting up to 0 transactions this block    
2026-08-10T05:52:33.106606Z  WARN ThreadId(20) hotstuff_runner::app: Node 0 view(2081) far exceeds block count (520); potential sync issue    
2026-08-10T05:52:33.184201Z  WARN ThreadId(20) hotstuff_runner::app: Node 0 [produce_block] queue size: 0, attempting up to 0 transactions this block    
2026-08-10T05:52:33.184463Z  WARN ThreadId(20) hotstuff_runner::app: Node 0 view(2085) far exceeds block count (521); potential sync issue    
2026-08-10T05:52:33.274855Z  WARN ThreadId(20) hotstuff_runner::app: Node 0 [produce_block] queue size: 2, attempting up to 2 transactions this block    
2026-08-10T05:52:33.276940Z  WARN ThreadId(20) hotstuff_runner::app: Node 0 view(2089) far exceeds block count (522); potential sync issue    
2026-08-10T05:52:33.314053Z  WARN ThreadId(20) hotstuff_runner::app: Node 0 [produce_block] queue size: 0, attempting up to 0 transactions this block    
2026-08-10T05:52:33.315214Z  WARN ThreadId(20) hotstuff_runner::app: Node 0 view(2093) far exceeds block count (523); potential sync issue    
2026-08-10T05:52:33.383881Z  WARN ThreadId(20) hotstuff_runner::app: Node 0 [produce_block] queue size: 2, attempting up to 2 transactions this block    
2026-08-10T05:52:33.384816Z  WARN ThreadId(20) hotstuff_runner::app: Node 0 view(2097) far exceeds block count (524); potential sync issue    
2026-08-10T05:52:33.465964Z  WARN ThreadId(20) hotstuff_runner::app: Node 0 [produce_block] queue size: 0, attempting up to 0 transactions this block    
2026-08-10T05:52:33.466073Z  WARN ThreadId(20) hotstuff_runner::app: Node 0 view(2101) far exceeds block count (525); potential sync issue    
2026-08-10T05:52:33.540528Z  WARN ThreadId(20) hotstuff_runner::app: Node 0 [produce_block] queue size: 0, attempting up to 0 transactions this block    
2026-08-10T05:52:33.541125Z  WARN ThreadId(20) hotstuff_runner::app: Node 0 view(2105) far exceeds block count (526); potential sync issue    
2026-08-10T05:52:33.622492Z  WARN ThreadId(20) hotstuff_runner::app: Node 0 [produce_block] queue size: 0, attempting up to 0 transactions this block    
2026-08-10T05:52:33.623983Z  WARN ThreadId(20) hotstuff_runner::app: Node 0 view(2109) far exceeds block count (527); potential sync issue    
2026-08-10T05:52:33.720540Z  WARN ThreadId(20) hotstuff_runner::app: Node 0 [produce_block] queue size: 2, attempting up to 2 transactions this block    
2026-08-10T05:52:33.720909Z  WARN ThreadId(20) hotstuff_runner::app: Node 0 view(2113) far exceeds block count (528); potential sync issue    
2026-08-10T05:52:33.814396Z  WARN ThreadId(20) hotstuff_runner::app: Node 0 [produce_block] queue size: 2, attempting up to 2 transactions this block    
2026-08-10T05:52:33.939267Z  WARN ThreadId(20) hotstuff_runner::app: Node 0 view(2117) far exceeds block count (529); potential sync issue    
2026-08-10T05:52:34.023774Z  WARN ThreadId(20) hotstuff_runner::app: Node 0 [produce_block] queue size: 2, attempting up to 2 transactions this block    
2026-08-10T05:52:34.026025Z  WARN ThreadId(20) hotstuff_runner::app: Node 0 view(2121) far exceeds block count (530); potential sync issue    
2026-08-10T05:52:34.101348Z  WARN ThreadId(20) hotstuff_runner::app: Node 0 [produce_block] queue size: 0, attempting up to 0 transactions this block    
2026-08-10T05:52:34.104744Z  WARN ThreadId(20) hotstuff_runner::app: Node 0 view(2125) far exceeds block count (531); potential sync issue    
2026-08-10T05:52:34.174143Z  WARN ThreadId(20) hotstuff_runner::app: Node 0 [produce_block] queue size: 2, attempting up to 2 transactions this block    
2026-08-10T05:52:34.177550Z  WARN ThreadId(20) hotstuff_runner::app: Node 0 view(2129) far exceeds block count (532); potential sync issue    
2026-08-10T05:52:34.296250Z  WARN ThreadId(20) hotstuff_runner::app: Node 0 [produce_block] queue size: 0, attempting up to 0 transactions this block    
2026-08-10T05:52:34.309286Z  WARN ThreadId(20) hotstuff_runner::app: Node 0 view(2133) far exceeds block count (533); potential sync issue    
2026-08-10T05:52:34.371166Z  WARN ThreadId(20) hotstuff_runner::app: Node 0 [produce_block] queue size: 2, attempting up to 2 transactions this block    
2026-08-10T05:52:34.377557Z  WARN ThreadId(20) hotstuff_runner::app: Node 0 view(2137) far exceeds block count (534); potential sync issue    
2026-08-10T05:52:34.432358Z  WARN ThreadId(20) hotstuff_runner::app: Node 0 [produce_block] queue size: 0, attempting up to 0 transactions this block    
2026-08-10T05:52:34.433325Z  WARN ThreadId(20) hotstuff_runner::app: Node 0 view(2141) far exceeds block count (535); potential sync issue    
2026-08-10T05:52:34.543086Z  WARN ThreadId(20) hotstuff_runner::app: Node 0 [produce_block] queue size: 0, attempting up to 0 transactions this block    
2026-08-10T05:52:34.543353Z  WARN ThreadId(20) hotstuff_runner::app: Node 0 view(2145) far exceeds block count (536); potential sync issue    
2026-08-10T05:52:34.605813Z  WARN ThreadId(20) hotstuff_runner::app: Node 0 [produce_block] queue size: 2, attempting up to 2 transactions this block    
2026-08-10T05:52:34.605897Z  WARN ThreadId(20) hotstuff_runner::app: Node 0 view(2149) far exceeds block count (537); potential sync issue    
2026-08-10T05:52:34.656268Z  WARN ThreadId(20) hotstuff_runner::app: Node 0 [produce_block] queue size: 0, attempting up to 0 transactions this block    
2026-08-10T05:52:34.657011Z  WARN ThreadId(20) hotstuff_runner::app: Node 0 view(2153) far exceeds block count (538); potential sync issue    
2026-08-10T05:52:34.712163Z  WARN ThreadId(20) hotstuff_runner::app: Node 0 [produce_block] queue size: 0, attempting up to 0 transactions this block    
2026-08-10T05:52:34.712552Z  WARN ThreadId(20) hotstuff_runner::app: Node 0 view(2157) far exceeds block count (539); potential sync issue    
2026-08-10T05:52:34.761251Z  WARN ThreadId(20) hotstuff_runner::app: Node 0 [produce_block] queue size: 0, attempting up to 0 transactions this block    
2026-08-10T05:52:34.762028Z  WARN ThreadId(20) hotstuff_runner::app: Node 0 view(2161) far exceeds block count (540); potential sync issue    
2026-08-10T05:52:34.827952Z  WARN ThreadId(20) hotstuff_runner::app: Node 0 [produce_block] queue size: 0, attempting up to 0 transactions this block    
2026-08-10T05:52:34.828135Z  WARN ThreadId(20) hotstuff_runner::app: Node 0 view(2165) far exceeds block count (541); potential sync issue    
2026-08-10T05:52:34.910285Z  WARN ThreadId(20) hotstuff_runner::app: Node 0 [produce_block] queue size: 2, attempting up to 2 transactions this block    
2026-08-10T05:52:34.913022Z  WARN ThreadId(20) hotstuff_runner::app: Node 0 view(2169) far exceeds block count (542); potential sync issue    
2026-08-10T05:52:34.980806Z  WARN ThreadId(20) hotstuff_runner::app: Node 0 [produce_block] queue size: 0, attempting up to 0 transactions this block    
2026-08-10T05:52:34.981083Z  WARN ThreadId(20) hotstuff_runner::app: Node 0 view(2173) far exceeds block count (543); potential sync issue    
2026-08-10T05:52:35.038685Z  WARN ThreadId(20) hotstuff_runner::app: Node 0 [produce_block] queue size: 0, attempting up to 0 transactions this block    
2026-08-10T05:52:35.039290Z  WARN ThreadId(20) hotstuff_runner::app: Node 0 view(2177) far exceeds block count (544); potential sync issue    
2026-08-10T05:52:35.105763Z  WARN ThreadId(20) hotstuff_runner::app: Node 0 [produce_block] queue size: 2, attempting up to 2 transactions this block    
2026-08-10T05:52:35.106149Z  WARN ThreadId(20) hotstuff_runner::app: Node 0 view(2181) far exceeds block count (545); potential sync issue    
2026-08-10T05:52:35.153776Z  WARN ThreadId(20) hotstuff_runner::app: Node 0 [produce_block] queue size: 0, attempting up to 0 transactions this block    
2026-08-10T05:52:35.153962Z  WARN ThreadId(20) hotstuff_runner::app: Node 0 view(2185) far exceeds block count (546); potential sync issue    
2026-08-10T05:52:35.254113Z  WARN ThreadId(20) hotstuff_runner::app: Node 0 [produce_block] queue size: 0, attempting up to 0 transactions this block    
2026-08-10T05:52:35.258651Z  WARN ThreadId(20) hotstuff_runner::app: Node 0 view(2189) far exceeds block count (547); potential sync issue    
2026-08-10T05:52:35.323764Z  WARN ThreadId(20) hotstuff_runner::app: Node 0 [produce_block] queue size: 2, attempting up to 2 transactions this block    
2026-08-10T05:52:35.323929Z  WARN ThreadId(20) hotstuff_runner::app: Node 0 view(2193) far exceeds block count (548); potential sync issue    
2026-08-10T05:52:35.391317Z  WARN ThreadId(20) hotstuff_runner::app: Node 0 [produce_block] queue size: 0, attempting up to 0 transactions this block    
2026-08-10T05:52:35.392100Z  WARN ThreadId(20) hotstuff_runner::app: Node 0 view(2197) far exceeds block count (549); potential sync issue    
2026-08-10T05:52:35.440905Z  WARN ThreadId(20) hotstuff_runner::app: Node 0 [produce_block] queue size: 0, attempting up to 0 transactions this block    
2026-08-10T05:52:35.441133Z  WARN ThreadId(20) hotstuff_runner::app: Node 0 view(2201) far exceeds block count (550); potential sync issue    
2026-08-10T05:52:35.503864Z  WARN ThreadId(20) hotstuff_runner::app: Node 0 [produce_block] queue size: 2, attempting up to 2 transactions this block    
2026-08-10T05:52:35.504027Z  WARN ThreadId(20) hotstuff_runner::app: Node 0 view(2205) far exceeds block count (551); potential sync issue    
2026-08-10T05:52:35.554098Z  WARN ThreadId(20) hotstuff_runner::app: Node 0 [produce_block] queue size: 0, attempting up to 0 transactions this block    
2026-08-10T05:52:35.554326Z  WARN ThreadId(20) hotstuff_runner::app: Node 0 view(2209) far exceeds block count (552); potential sync issue    
2026-08-10T05:52:35.619140Z  WARN ThreadId(20) hotstuff_runner::app: Node 0 [produce_block] queue size: 0, attempting up to 0 transactions this block    
2026-08-10T05:52:35.620276Z  WARN ThreadId(20) hotstuff_runner::app: Node 0 view(2213) far exceeds block count (553); potential sync issue    
2026-08-10T05:52:35.691467Z  WARN ThreadId(20) hotstuff_runner::app: Node 0 [produce_block] queue size: 0, attempting up to 0 transactions this block    
2026-08-10T05:52:35.692371Z  WARN ThreadId(20) hotstuff_runner::app: Node 0 view(2217) far exceeds block count (554); potential sync issue    
2026-08-10T05:52:35.779345Z  WARN ThreadId(20) hotstuff_runner::app: Node 0 [produce_block] queue size: 2, attempting up to 2 transactions this block    
2026-08-10T05:52:35.779455Z  WARN ThreadId(20) hotstuff_runner::app: Node 0 view(2221) far exceeds block count (555); potential sync issue    
2026-08-10T05:52:35.881614Z  WARN ThreadId(20) hotstuff_runner::app: Node 0 [produce_block] queue size: 0, attempting up to 0 transactions this block    
2026-08-10T05:52:35.882053Z  WARN ThreadId(20) hotstuff_runner::app: Node 0 view(2225) far exceeds block count (556); potential sync issue    
2026-08-10T05:52:35.928317Z  WARN ThreadId(20) hotstuff_runner::app: Node 0 [produce_block] queue size: 0, attempting up to 0 transactions this block    
2026-08-10T05:52:35.929224Z  WARN ThreadId(20) hotstuff_runner::app: Node 0 view(2229) far exceeds block count (557); potential sync issue    
2026-08-10T05:52:35.989342Z  WARN ThreadId(20) hotstuff_runner::app: Node 0 [produce_block] queue size: 2, attempting up to 2 transactions this block    
2026-08-10T05:52:35.990020Z  WARN ThreadId(20) hotstuff_runner::app: Node 0 view(2233) far exceeds block count (558); potential sync issue    
2026-08-10T05:52:36.050010Z  WARN ThreadId(20) hotstuff_runner::app: Node 0 [produce_block] queue size: 0, attempting up to 0 transactions this block    
2026-08-10T05:52:36.050402Z  WARN ThreadId(20) hotstuff_runner::app: Node 0 view(2237) far exceeds block count (559); potential sync issue    
2026-08-10T05:52:36.079572Z  WARN ThreadId(20) hotstuff_runner::app: Node 0 [produce_block] queue size: 0, attempting up to 0 transactions this block    
2026-08-10T05:52:36.080592Z  WARN ThreadId(20) hotstuff_runner::app: Node 0 view(2241) far exceeds block count (560); potential sync issue    
2026-08-10T05:52:36.143271Z  WARN ThreadId(20) hotstuff_runner::app: Node 0 [produce_block] queue size: 0, attempting up to 0 transactions this block    
2026-08-10T05:52:36.143806Z  WARN ThreadId(20) hotstuff_runner::app: Node 0 view(2245) far exceeds block count (561); potential sync issue    
2026-08-10T05:52:36.180125Z  WARN ThreadId(20) hotstuff_runner::app: Node 0 [produce_block] queue size: 2, attempting up to 2 transactions this block    
2026-08-10T05:52:36.180778Z  WARN ThreadId(20) hotstuff_runner::app: Node 0 view(2249) far exceeds block count (562); potential sync issue    
2026-08-10T05:52:36.251026Z  WARN ThreadId(20) hotstuff_runner::app: Node 0 [produce_block] queue size: 0, attempting up to 0 transactions this block    
2026-08-10T05:52:36.254823Z  WARN ThreadId(20) hotstuff_runner::app: Node 0 view(2253) far exceeds block count (563); potential sync issue    
2026-08-10T05:52:36.303303Z  WARN ThreadId(20) hotstuff_runner::app: Node 0 [produce_block] queue size: 0, attempting up to 0 transactions this block    
2026-08-10T05:52:36.307182Z  WARN ThreadId(20) hotstuff_runner::app: Node 0 view(2257) far exceeds block count (564); potential sync issue    
2026-08-10T05:52:36.387028Z  WARN ThreadId(20) hotstuff_runner::app: Node 0 [produce_block] queue size: 2, attempting up to 2 transactions this block    
2026-08-10T05:52:36.388907Z  WARN ThreadId(20) hotstuff_runner::app: Node 0 view(2261) far exceeds block count (565); potential sync issue    
2026-08-10T05:52:36.456156Z  WARN ThreadId(20) hotstuff_runner::app: Node 0 [produce_block] queue size: 0, attempting up to 0 transactions this block    
2026-08-10T05:52:36.456362Z  WARN ThreadId(20) hotstuff_runner::app: Node 0 view(2265) far exceeds block count (566); potential sync issue    
2026-08-10T05:52:36.529044Z  WARN ThreadId(20) hotstuff_runner::app: Node 0 [produce_block] queue size: 0, attempting up to 0 transactions this block    
2026-08-10T05:52:36.529316Z  WARN ThreadId(20) hotstuff_runner::app: Node 0 view(2269) far exceeds block count (567); potential sync issue    
2026-08-10T05:52:36.573123Z  WARN ThreadId(20) hotstuff_runner::app: Node 0 [produce_block] queue size: 2, attempting up to 2 transactions this block    
2026-08-10T05:52:36.573252Z  WARN ThreadId(20) hotstuff_runner::app: Node 0 view(2273) far exceeds block count (568); potential sync issue    
2026-08-10T05:52:36.631319Z  WARN ThreadId(20) hotstuff_runner::app: Node 0 [produce_block] queue size: 0, attempting up to 0 transactions this block    
2026-08-10T05:52:36.631848Z  WARN ThreadId(20) hotstuff_runner::app: Node 0 view(2277) far exceeds block count (569); potential sync issue    
2026-08-10T05:52:36.693754Z  WARN ThreadId(20) hotstuff_runner::app: Node 0 [produce_block] queue size: 0, attempting up to 0 transactions this block    
2026-08-10T05:52:36.694920Z  WARN ThreadId(20) hotstuff_runner::app: Node 0 view(2281) far exceeds block count (570); potential sync issue    
2026-08-10T05:52:36.762286Z  WARN ThreadId(20) hotstuff_runner::app: Node 0 [produce_block] queue size: 2, attempting up to 2 transactions this block    
2026-08-10T05:52:36.762762Z  WARN ThreadId(20) hotstuff_runner::app: Node 0 view(2285) far exceeds block count (571); potential sync issue    
2026-08-10T05:52:36.820470Z  WARN ThreadId(20) hotstuff_runner::app: Node 0 [produce_block] queue size: 0, attempting up to 0 transactions this block    
2026-08-10T05:52:36.823931Z  WARN ThreadId(20) hotstuff_runner::app: Node 0 view(2289) far exceeds block count (572); potential sync issue    
2026-08-10T05:52:36.879204Z  WARN ThreadId(20) hotstuff_runner::app: Node 0 [produce_block] queue size: 0, attempting up to 0 transactions this block    
2026-08-10T05:52:36.880551Z  WARN ThreadId(20) hotstuff_runner::app: Node 0 view(2293) far exceeds block count (573); potential sync issue    
2026-08-10T05:52:36.955605Z  WARN ThreadId(20) hotstuff_runner::app: Node 0 [produce_block] queue size: 0, attempting up to 0 transactions this block    
2026-08-10T05:52:36.956400Z  WARN ThreadId(20) hotstuff_runner::app: Node 0 view(2297) far exceeds block count (574); potential sync issue    
2026-08-10T05:52:37.014064Z  WARN ThreadId(20) hotstuff_runner::app: Node 0 [produce_block] queue size: 2, attempting up to 2 transactions this block    
2026-08-10T05:52:37.014407Z  WARN ThreadId(20) hotstuff_runner::app: Node 0 view(2301) far exceeds block count (575); potential sync issue    
2026-08-10T05:52:37.068089Z  WARN ThreadId(20) hotstuff_runner::app: Node 0 [produce_block] queue size: 0, attempting up to 0 transactions this block    
2026-08-10T05:52:37.068431Z  WARN ThreadId(20) hotstuff_runner::app: Node 0 view(2305) far exceeds block count (576); potential sync issue    
2026-08-10T05:52:37.111009Z  WARN ThreadId(20) hotstuff_runner::app: Node 0 [produce_block] queue size: 0, attempting up to 0 transactions this block    
2026-08-10T05:52:37.111619Z  WARN ThreadId(20) hotstuff_runner::app: Node 0 view(2309) far exceeds block count (577); potential sync issue    
2026-08-10T05:52:37.166647Z  WARN ThreadId(20) hotstuff_runner::app: Node 0 [produce_block] queue size: 0, attempting up to 0 transactions this block    
2026-08-10T05:52:37.167163Z  WARN ThreadId(20) hotstuff_runner::app: Node 0 view(2313) far exceeds block count (578); potential sync issue    
2026-08-10T05:52:37.264630Z  WARN ThreadId(20) hotstuff_runner::app: Node 0 [produce_block] queue size: 2, attempting up to 2 transactions this block    
2026-08-10T05:52:37.268465Z  WARN ThreadId(20) hotstuff_runner::app: Node 0 view(2317) far exceeds block count (579); potential sync issue    
2026-08-10T05:52:37.348284Z  WARN ThreadId(20) hotstuff_runner::app: Node 0 [produce_block] queue size: 0, attempting up to 0 transactions this block    
2026-08-10T05:52:37.348405Z  WARN ThreadId(20) hotstuff_runner::app: Node 0 view(2321) far exceeds block count (580); potential sync issue    
2026-08-10T05:52:37.403687Z  WARN ThreadId(20) hotstuff_runner::app: Node 0 [produce_block] queue size: 0, attempting up to 0 transactions this block    
2026-08-10T05:52:37.405342Z  WARN ThreadId(20) hotstuff_runner::app: Node 0 view(2325) far exceeds block count (581); potential sync issue    
2026-08-10T05:52:37.454472Z  WARN ThreadId(20) hotstuff_runner::app: Node 0 [produce_block] queue size: 2, attempting up to 2 transactions this block    
2026-08-10T05:52:37.454774Z  WARN ThreadId(20) hotstuff_runner::app: Node 0 view(2329) far exceeds block count (582); potential sync issue    
2026-08-10T05:52:37.529808Z  WARN ThreadId(20) hotstuff_runner::app: Node 0 [produce_block] queue size: 0, attempting up to 0 transactions this block    
2026-08-10T05:52:37.530472Z  WARN ThreadId(20) hotstuff_runner::app: Node 0 view(2333) far exceeds block count (583); potential sync issue    
2026-08-10T05:52:37.601843Z  WARN ThreadId(20) hotstuff_runner::app: Node 0 [produce_block] queue size: 2, attempting up to 2 transactions this block    
2026-08-10T05:52:37.602410Z  WARN ThreadId(20) hotstuff_runner::app: Node 0 view(2337) far exceeds block count (584); potential sync issue    
2026-08-10T05:52:37.665497Z  WARN ThreadId(20) hotstuff_runner::app: Node 0 [produce_block] queue size: 0, attempting up to 0 transactions this block    
2026-08-10T05:52:37.665746Z  WARN ThreadId(20) hotstuff_runner::app: Node 0 view(2341) far exceeds block count (585); potential sync issue    
2026-08-10T05:52:37.715235Z  WARN ThreadId(20) hotstuff_runner::app: Node 0 [produce_block] queue size: 0, attempting up to 0 transactions this block    
2026-08-10T05:52:37.716471Z  WARN ThreadId(20) hotstuff_runner::app: Node 0 view(2345) far exceeds block count (586); potential sync issue    
2026-08-10T05:52:37.793622Z  WARN ThreadId(20) hotstuff_runner::app: Node 0 [produce_block] queue size: 2, attempting up to 2 transactions this block    
2026-08-10T05:52:37.794080Z  WARN ThreadId(20) hotstuff_runner::app: Node 0 view(2349) far exceeds block count (587); potential sync issue    
2026-08-10T05:52:37.871688Z  WARN ThreadId(20) hotstuff_runner::app: Node 0 [produce_block] queue size: 0, attempting up to 0 transactions this block    
2026-08-10T05:52:37.873106Z  WARN ThreadId(20) hotstuff_runner::app: Node 0 view(2353) far exceeds block count (588); potential sync issue    
2026-08-10T05:52:37.943426Z  WARN ThreadId(20) hotstuff_runner::app: Node 0 [produce_block] queue size: 2, attempting up to 2 transactions this block    
2026-08-10T05:52:37.944401Z  WARN ThreadId(20) hotstuff_runner::app: Node 0 view(2357) far exceeds block count (589); potential sync issue    
2026-08-10T05:52:37.992686Z  WARN ThreadId(20) hotstuff_runner::app: Node 0 [produce_block] queue size: 0, attempting up to 0 transactions this block    
2026-08-10T05:52:37.994849Z  WARN ThreadId(20) hotstuff_runner::app: Node 0 view(2361) far exceeds block count (590); potential sync issue    
2026-08-10T05:52:38.049692Z  WARN ThreadId(20) hotstuff_runner::app: Node 0 [produce_block] queue size: 0, attempting up to 0 transactions this block    
2026-08-10T05:52:38.049946Z  WARN ThreadId(20) hotstuff_runner::app: Node 0 view(2365) far exceeds block count (591); potential sync issue    
2026-08-10T05:52:38.125833Z  WARN ThreadId(20) hotstuff_runner::app: Node 0 [produce_block] queue size: 0, attempting up to 0 transactions this block    
2026-08-10T05:52:38.126063Z  WARN ThreadId(20) hotstuff_runner::app: Node 0 view(2369) far exceeds block count (592); potential sync issue    
2026-08-10T05:52:38.164696Z  WARN ThreadId(20) hotstuff_runner::app: Node 0 [produce_block] queue size: 2, attempting up to 2 transactions this block    
2026-08-10T05:52:38.164773Z  WARN ThreadId(20) hotstuff_runner::app: Node 0 view(2373) far exceeds block count (593); potential sync issue    
2026-08-10T05:52:38.216437Z  WARN ThreadId(20) hotstuff_runner::app: Node 0 [produce_block] queue size: 0, attempting up to 0 transactions this block    
2026-08-10T05:52:38.218080Z  WARN ThreadId(20) hotstuff_runner::app: Node 0 view(2377) far exceeds block count (594); potential sync issue    
2026-08-10T05:52:38.252015Z  WARN ThreadId(20) hotstuff_runner::app: Node 0 [produce_block] queue size: 0, attempting up to 0 transactions this block    
2026-08-10T05:52:38.252510Z  WARN ThreadId(20) hotstuff_runner::app: Node 0 view(2381) far exceeds block count (595); potential sync issue    
2026-08-10T05:52:38.297368Z  WARN ThreadId(20) hotstuff_runner::app: Node 0 [produce_block] queue size: 0, attempting up to 0 transactions this block    
2026-08-10T05:52:38.297617Z  WARN ThreadId(20) hotstuff_runner::app: Node 0 view(2385) far exceeds block count (596); potential sync issue    
2026-08-10T05:52:38.359018Z  WARN ThreadId(20) hotstuff_runner::app: Node 0 [produce_block] queue size: 0, attempting up to 0 transactions this block    
2026-08-10T05:52:38.359455Z  WARN ThreadId(20) hotstuff_runner::app: Node 0 view(2389) far exceeds block count (597); potential sync issue    
2026-08-10T05:52:38.407851Z  WARN ThreadId(20) hotstuff_runner::app: Node 0 [produce_block] queue size: 2, attempting up to 2 transactions this block    
2026-08-10T05:52:38.408237Z  WARN ThreadId(20) hotstuff_runner::app: Node 0 view(2393) far exceeds block count (598); potential sync issue    
2026-08-10T05:52:38.467072Z  WARN ThreadId(20) hotstuff_runner::app: Node 0 [produce_block] queue size: 0, attempting up to 0 transactions this block    
2026-08-10T05:52:38.469535Z  WARN ThreadId(20) hotstuff_runner::app: Node 0 view(2397) far exceeds block count (599); potential sync issue    
2026-08-10T05:52:38.511146Z  WARN ThreadId(20) hotstuff_runner::app: Node 0 [produce_block] queue size: 0, attempting up to 0 transactions this block    
2026-08-10T05:52:38.511319Z  WARN ThreadId(20) hotstuff_runner::app: Node 0 view(2401) far exceeds block count (600); potential sync issue    
2026-08-10T05:52:38.565674Z  WARN ThreadId(20) hotstuff_runner::app: Node 0 [produce_block] queue size: 0, attempting up to 0 transactions this block    
2026-08-10T05:52:38.565868Z  WARN ThreadId(20) hotstuff_runner::app: Node 0 view(2405) far exceeds block count (601); potential sync issue    
2026-08-10T05:52:38.614629Z  WARN ThreadId(20) hotstuff_runner::app: Node 0 [produce_block] queue size: 2, attempting up to 2 transactions this block    
2026-08-10T05:52:38.616241Z  WARN ThreadId(20) hotstuff_runner::app: Node 0 view(2409) far exceeds block count (602); potential sync issue    
2026-08-10T05:52:38.685094Z  WARN ThreadId(20) hotstuff_runner::app: Node 0 [produce_block] queue size: 0, attempting up to 0 transactions this block    
2026-08-10T05:52:38.685385Z  WARN ThreadId(20) hotstuff_runner::app: Node 0 view(2413) far exceeds block count (603); potential sync issue    
2026-08-10T05:52:38.741262Z  WARN ThreadId(20) hotstuff_runner::app: Node 0 [produce_block] queue size: 0, attempting up to 0 transactions this block    
2026-08-10T05:52:38.741595Z  WARN ThreadId(20) hotstuff_runner::app: Node 0 view(2417) far exceeds block count (604); potential sync issue    
2026-08-10T05:52:38.807851Z  WARN ThreadId(20) hotstuff_runner::app: Node 0 [produce_block] queue size: 0, attempting up to 0 transactions this block    
2026-08-10T05:52:38.808007Z  WARN ThreadId(20) hotstuff_runner::app: Node 0 view(2421) far exceeds block count (605); potential sync issue    
2026-08-10T05:52:38.863205Z  WARN ThreadId(20) hotstuff_runner::app: Node 0 [produce_block] queue size: 2, attempting up to 2 transactions this block    
2026-08-10T05:52:38.864925Z  WARN ThreadId(20) hotstuff_runner::app: Node 0 view(2425) far exceeds block count (606); potential sync issue    
2026-08-10T05:52:38.941625Z  WARN ThreadId(20) hotstuff_runner::app: Node 0 [produce_block] queue size: 0, attempting up to 0 transactions this block    
2026-08-10T05:52:38.944022Z  WARN ThreadId(20) hotstuff_runner::app: Node 0 view(2429) far exceeds block count (607); potential sync issue    
2026-08-10T05:52:39.017534Z  WARN ThreadId(20) hotstuff_runner::app: Node 0 [produce_block] queue size: 0, attempting up to 0 transactions this block    
2026-08-10T05:52:39.019879Z  WARN ThreadId(20) hotstuff_runner::app: Node 0 view(2433) far exceeds block count (608); potential sync issue    
2026-08-10T05:52:39.097086Z  WARN ThreadId(20) hotstuff_runner::app: Node 0 [produce_block] queue size: 2, attempting up to 2 transactions this block    
2026-08-10T05:52:39.101455Z  WARN ThreadId(20) hotstuff_runner::app: Node 0 view(2437) far exceeds block count (609); potential sync issue    
2026-08-10T05:52:39.165909Z  WARN ThreadId(20) hotstuff_runner::app: Node 0 [produce_block] queue size: 0, attempting up to 0 transactions this block    
2026-08-10T05:52:39.168792Z  WARN ThreadId(20) hotstuff_runner::app: Node 0 view(2441) far exceeds block count (610); potential sync issue    
2026-08-10T05:52:39.250915Z  WARN ThreadId(20) hotstuff_runner::app: Node 0 [produce_block] queue size: 2, attempting up to 2 transactions this block    
2026-08-10T05:52:39.253141Z  WARN ThreadId(20) hotstuff_runner::app: Node 0 view(2445) far exceeds block count (611); potential sync issue    
2026-08-10T05:52:39.309617Z  WARN ThreadId(20) hotstuff_runner::app: Node 0 [produce_block] queue size: 0, attempting up to 0 transactions this block    
2026-08-10T05:52:39.311476Z  WARN ThreadId(20) hotstuff_runner::app: Node 0 view(2449) far exceeds block count (612); potential sync issue    
2026-08-10T05:52:39.385014Z  WARN ThreadId(20) hotstuff_runner::app: Node 0 [produce_block] queue size: 0, attempting up to 0 transactions this block    
2026-08-10T05:52:39.385945Z  WARN ThreadId(20) hotstuff_runner::app: Node 0 view(2453) far exceeds block count (613); potential sync issue    
2026-08-10T05:52:39.458948Z  WARN ThreadId(20) hotstuff_runner::app: Node 0 [produce_block] queue size: 2, attempting up to 2 transactions this block    
2026-08-10T05:52:39.459795Z  WARN ThreadId(20) hotstuff_runner::app: Node 0 view(2457) far exceeds block count (614); potential sync issue    
2026-08-10T05:52:39.527119Z  WARN ThreadId(20) hotstuff_runner::app: Node 0 [produce_block] queue size: 0, attempting up to 0 transactions this block    
2026-08-10T05:52:39.527575Z  WARN ThreadId(20) hotstuff_runner::app: Node 0 view(2461) far exceeds block count (615); potential sync issue    
2026-08-10T05:52:39.583949Z  WARN ThreadId(20) hotstuff_runner::app: Node 0 [produce_block] queue size: 0, attempting up to 0 transactions this block    
2026-08-10T05:52:39.584962Z  WARN ThreadId(20) hotstuff_runner::app: Node 0 view(2465) far exceeds block count (616); potential sync issue    
2026-08-10T05:52:39.631919Z  WARN ThreadId(20) hotstuff_runner::app: Node 0 [produce_block] queue size: 0, attempting up to 0 transactions this block    
2026-08-10T05:52:39.632008Z  WARN ThreadId(20) hotstuff_runner::app: Node 0 view(2469) far exceeds block count (617); potential sync issue    
2026-08-10T05:52:39.671306Z  WARN ThreadId(20) hotstuff_runner::app: Node 0 [produce_block] queue size: 2, attempting up to 2 transactions this block    
2026-08-10T05:52:39.671487Z  WARN ThreadId(20) hotstuff_runner::app: Node 0 view(2473) far exceeds block count (618); potential sync issue    
2026-08-10T05:52:39.722258Z  WARN ThreadId(20) hotstuff_runner::app: Node 0 [produce_block] queue size: 0, attempting up to 0 transactions this block    
2026-08-10T05:52:39.723835Z  WARN ThreadId(20) hotstuff_runner::app: Node 0 view(2477) far exceeds block count (619); potential sync issue    
2026-08-10T05:52:39.761649Z  WARN ThreadId(20) hotstuff_runner::app: Node 0 [produce_block] queue size: 0, attempting up to 0 transactions this block    
2026-08-10T05:52:39.761953Z  WARN ThreadId(20) hotstuff_runner::app: Node 0 view(2481) far exceeds block count (620); potential sync issue    
2026-08-10T05:52:39.808346Z  WARN ThreadId(20) hotstuff_runner::app: Node 0 [produce_block] queue size: 2, attempting up to 2 transactions this block    
2026-08-10T05:52:39.810622Z  WARN ThreadId(20) hotstuff_runner::app: Node 0 view(2485) far exceeds block count (621); potential sync issue    
2026-08-10T05:52:39.863079Z  WARN ThreadId(20) hotstuff_runner::app: Node 0 [produce_block] queue size: 0, attempting up to 0 transactions this block    
2026-08-10T05:52:39.864230Z  WARN ThreadId(20) hotstuff_runner::app: Node 0 view(2489) far exceeds block count (622); potential sync issue    
2026-08-10T05:52:39.923107Z  WARN ThreadId(20) hotstuff_runner::app: Node 0 [produce_block] queue size: 0, attempting up to 0 transactions this block    
2026-08-10T05:52:39.926249Z  WARN ThreadId(20) hotstuff_runner::app: Node 0 view(2493) far exceeds block count (623); potential sync issue    
2026-08-10T05:52:39.994158Z  WARN ThreadId(20) hotstuff_runner::app: Node 0 [produce_block] queue size: 0, attempting up to 0 transactions this block    
2026-08-10T05:52:39.994362Z  WARN ThreadId(20) hotstuff_runner::app: Node 0 view(2497) far exceeds block count (624); potential sync issue    
2026-08-10T05:52:40.071040Z  WARN ThreadId(20) hotstuff_runner::app: Node 0 [produce_block] queue size: 2, attempting up to 2 transactions this block    
2026-08-10T05:52:40.071359Z  WARN ThreadId(20) hotstuff_runner::app: Node 0 view(2501) far exceeds block count (625); potential sync issue    
2026-08-10T05:52:40.135886Z  WARN ThreadId(20) hotstuff_runner::app: Node 0 [produce_block] queue size: 0, attempting up to 0 transactions this block    
2026-08-10T05:52:40.138541Z  WARN ThreadId(20) hotstuff_runner::app: Node 0 view(2505) far exceeds block count (626); potential sync issue    
2026-08-10T05:52:40.197860Z  WARN ThreadId(20) hotstuff_runner::app: Node 0 [produce_block] queue size: 2, attempting up to 2 transactions this block    
2026-08-10T05:52:40.198081Z  WARN ThreadId(20) hotstuff_runner::app: Node 0 view(2509) far exceeds block count (627); potential sync issue    
2026-08-10T05:52:40.291330Z  WARN ThreadId(20) hotstuff_runner::app: Node 0 [produce_block] queue size: 0, attempting up to 0 transactions this block    
2026-08-10T05:52:40.308563Z  WARN ThreadId(20) hotstuff_runner::app: Node 0 view(2513) far exceeds block count (628); potential sync issue    
2026-08-10T05:52:40.395736Z  WARN ThreadId(20) hotstuff_runner::app: Node 0 [produce_block] queue size: 2, attempting up to 2 transactions this block    
2026-08-10T05:52:40.397342Z  WARN ThreadId(20) hotstuff_runner::app: Node 0 view(2517) far exceeds block count (629); potential sync issue    
2026-08-10T05:52:40.487276Z  WARN ThreadId(20) hotstuff_runner::app: Node 0 [produce_block] queue size: 0, attempting up to 0 transactions this block    
2026-08-10T05:52:40.487697Z  WARN ThreadId(20) hotstuff_runner::app: Node 0 view(2521) far exceeds block count (630); potential sync issue    
2026-08-10T05:52:40.545547Z  WARN ThreadId(20) hotstuff_runner::app: Node 0 [produce_block] queue size: 0, attempting up to 0 transactions this block    
2026-08-10T05:52:40.546142Z  WARN ThreadId(20) hotstuff_runner::app: Node 0 view(2525) far exceeds block count (631); potential sync issue    
2026-08-10T05:52:40.640765Z  WARN ThreadId(20) hotstuff_runner::app: Node 0 [produce_block] queue size: 2, attempting up to 2 transactions this block    
2026-08-10T05:52:40.641453Z  WARN ThreadId(20) hotstuff_runner::app: Node 0 view(2529) far exceeds block count (632); potential sync issue    
2026-08-10T05:52:40.698155Z  WARN ThreadId(20) hotstuff_runner::app: Node 0 [produce_block] queue size: 0, attempting up to 0 transactions this block    
2026-08-10T05:52:40.702044Z  WARN ThreadId(20) hotstuff_runner::app: Node 0 view(2533) far exceeds block count (633); potential sync issue    
2026-08-10T05:52:40.779725Z  WARN ThreadId(20) hotstuff_runner::app: Node 0 [produce_block] queue size: 2, attempting up to 2 transactions this block    
2026-08-10T05:52:40.780535Z  WARN ThreadId(20) hotstuff_runner::app: Node 0 view(2537) far exceeds block count (634); potential sync issue    
2026-08-10T05:52:40.892963Z  WARN ThreadId(20) hotstuff_runner::app: Node 0 [produce_block] queue size: 0, attempting up to 0 transactions this block    
2026-08-10T05:52:40.905424Z  WARN ThreadId(20) hotstuff_runner::app: Node 0 view(2541) far exceeds block count (635); potential sync issue    
2026-08-10T05:52:40.998992Z  WARN ThreadId(20) hotstuff_runner::app: Node 0 [produce_block] queue size: 2, attempting up to 2 transactions this block    
2026-08-10T05:52:41.002033Z  WARN ThreadId(20) hotstuff_runner::app: Node 0 view(2545) far exceeds block count (636); potential sync issue    
2026-08-10T05:52:41.078096Z  WARN ThreadId(20) hotstuff_runner::app: Node 0 [produce_block] queue size: 0, attempting up to 0 transactions this block    
2026-08-10T05:52:41.088647Z  WARN ThreadId(20) hotstuff_runner::app: Node 0 view(2549) far exceeds block count (637); potential sync issue    
2026-08-10T05:52:41.181020Z  WARN ThreadId(20) hotstuff_runner::app: Node 0 [produce_block] queue size: 2, attempting up to 2 transactions this block    
2026-08-10T05:52:41.191956Z  WARN ThreadId(20) hotstuff_runner::app: Node 0 view(2553) far exceeds block count (638); potential sync issue    
2026-08-10T05:52:41.275654Z  WARN ThreadId(20) hotstuff_runner::app: Node 0 [produce_block] queue size: 0, attempting up to 0 transactions this block    
2026-08-10T05:52:41.276434Z  WARN ThreadId(20) hotstuff_runner::app: Node 0 view(2557) far exceeds block count (639); potential sync issue    
2026-08-10T05:52:41.348986Z  WARN ThreadId(20) hotstuff_runner::app: Node 0 [produce_block] queue size: 2, attempting up to 2 transactions this block    
2026-08-10T05:52:41.350241Z  WARN ThreadId(20) hotstuff_runner::app: Node 0 view(2561) far exceeds block count (640); potential sync issue    
2026-08-10T05:52:41.408912Z  WARN ThreadId(20) hotstuff_runner::app: Node 0 [produce_block] queue size: 0, attempting up to 0 transactions this block    
2026-08-10T05:52:41.409085Z  WARN ThreadId(20) hotstuff_runner::app: Node 0 view(2565) far exceeds block count (641); potential sync issue    
2026-08-10T05:52:41.461484Z  WARN ThreadId(20) hotstuff_runner::app: Node 0 [produce_block] queue size: 0, attempting up to 0 transactions this block    
2026-08-10T05:52:41.472928Z  WARN ThreadId(20) hotstuff_runner::app: Node 0 view(2569) far exceeds block count (642); potential sync issue    
2026-08-10T05:52:41.540563Z  WARN ThreadId(20) hotstuff_runner::app: Node 0 [produce_block] queue size: 2, attempting up to 2 transactions this block    
2026-08-10T05:52:41.543524Z  WARN ThreadId(20) hotstuff_runner::app: Node 0 view(2573) far exceeds block count (643); potential sync issue    
2026-08-10T05:52:41.635225Z  WARN ThreadId(20) hotstuff_runner::app: Node 0 [produce_block] queue size: 0, attempting up to 0 transactions this block    
2026-08-10T05:52:41.636528Z  WARN ThreadId(20) hotstuff_runner::app: Node 0 view(2577) far exceeds block count (644); potential sync issue    
2026-08-10T05:52:41.707645Z  WARN ThreadId(20) hotstuff_runner::app: Node 0 [produce_block] queue size: 2, attempting up to 2 transactions this block    
2026-08-10T05:52:41.710089Z  WARN ThreadId(20) hotstuff_runner::app: Node 0 view(2581) far exceeds block count (645); potential sync issue    
2026-08-10T05:52:41.793320Z  WARN ThreadId(20) hotstuff_runner::app: Node 0 [produce_block] queue size: 0, attempting up to 0 transactions this block    
2026-08-10T05:52:41.796443Z  WARN ThreadId(20) hotstuff_runner::app: Node 0 view(2585) far exceeds block count (646); potential sync issue    
2026-08-10T05:52:41.869162Z  WARN ThreadId(20) hotstuff_runner::app: Node 0 [produce_block] queue size: 0, attempting up to 0 transactions this block    
2026-08-10T05:52:41.870412Z  WARN ThreadId(20) hotstuff_runner::app: Node 0 view(2589) far exceeds block count (647); potential sync issue    
2026-08-10T05:52:41.929928Z  WARN ThreadId(20) hotstuff_runner::app: Node 0 [produce_block] queue size: 0, attempting up to 0 transactions this block    
2026-08-10T05:52:41.932043Z  WARN ThreadId(20) hotstuff_runner::app: Node 0 view(2593) far exceeds block count (648); potential sync issue    
2026-08-10T05:52:42.018622Z  WARN ThreadId(20) hotstuff_runner::app: Node 0 [produce_block] queue size: 2, attempting up to 2 transactions this block    
2026-08-10T05:52:42.021380Z  WARN ThreadId(20) hotstuff_runner::app: Node 0 view(2597) far exceeds block count (649); potential sync issue    
2026-08-10T05:52:42.095105Z  WARN ThreadId(20) hotstuff_runner::app: Node 0 [produce_block] queue size: 0, attempting up to 0 transactions this block    
2026-08-10T05:52:42.095267Z  WARN ThreadId(20) hotstuff_runner::app: Node 0 view(2601) far exceeds block count (650); potential sync issue    
2026-08-10T05:52:42.171042Z  WARN ThreadId(20) hotstuff_runner::app: Node 0 [produce_block] queue size: 2, attempting up to 2 transactions this block    
2026-08-10T05:52:42.171358Z  WARN ThreadId(20) hotstuff_runner::app: Node 0 view(2605) far exceeds block count (651); potential sync issue    
2026-08-10T05:52:42.238884Z  WARN ThreadId(20) hotstuff_runner::app: Node 0 [produce_block] queue size: 0, attempting up to 0 transactions this block    
2026-08-10T05:52:42.239136Z  WARN ThreadId(20) hotstuff_runner::app: Node 0 view(2609) far exceeds block count (652); potential sync issue    
2026-08-10T05:52:42.292678Z  WARN ThreadId(20) hotstuff_runner::app: Node 0 [produce_block] queue size: 2, attempting up to 2 transactions this block    
2026-08-10T05:52:42.293077Z  WARN ThreadId(20) hotstuff_runner::app: Node 0 view(2613) far exceeds block count (653); potential sync issue    
2026-08-10T05:52:42.390810Z  WARN ThreadId(20) hotstuff_runner::app: Node 0 [produce_block] queue size: 0, attempting up to 0 transactions this block    
2026-08-10T05:52:42.391038Z  WARN ThreadId(20) hotstuff_runner::app: Node 0 view(2617) far exceeds block count (654); potential sync issue    
2026-08-10T05:52:42.460679Z  WARN ThreadId(20) hotstuff_runner::app: Node 0 [produce_block] queue size: 0, attempting up to 0 transactions this block    
2026-08-10T05:52:42.470419Z  WARN ThreadId(20) hotstuff_runner::app: Node 0 view(2621) far exceeds block count (655); potential sync issue    
2026-08-10T05:52:42.549327Z  WARN ThreadId(20) hotstuff_runner::app: Node 0 [produce_block] queue size: 2, attempting up to 2 transactions this block    
2026-08-10T05:52:42.559206Z  WARN ThreadId(20) hotstuff_runner::app: Node 0 view(2625) far exceeds block count (656); potential sync issue    
2026-08-10T05:52:42.612232Z  WARN ThreadId(20) hotstuff_runner::app: Node 0 [produce_block] queue size: 0, attempting up to 0 transactions this block    
2026-08-10T05:52:42.614054Z  WARN ThreadId(20) hotstuff_runner::app: Node 0 view(2629) far exceeds block count (657); potential sync issue    
2026-08-10T05:52:42.663372Z  WARN ThreadId(20) hotstuff_runner::app: Node 0 [produce_block] queue size: 0, attempting up to 0 transactions this block    
2026-08-10T05:52:42.665889Z  WARN ThreadId(20) hotstuff_runner::app: Node 0 view(2633) far exceeds block count (658); potential sync issue    
2026-08-10T05:52:42.731392Z  WARN ThreadId(20) hotstuff_runner::app: Node 0 [produce_block] queue size: 2, attempting up to 2 transactions this block    
2026-08-10T05:52:42.732132Z  WARN ThreadId(20) hotstuff_runner::app: Node 0 view(2637) far exceeds block count (659); potential sync issue    
2026-08-10T05:52:42.818472Z  WARN ThreadId(20) hotstuff_runner::app: Node 0 [produce_block] queue size: 0, attempting up to 0 transactions this block    
2026-08-10T05:52:42.819612Z  WARN ThreadId(20) hotstuff_runner::app: Node 0 view(2641) far exceeds block count (660); potential sync issue    
2026-08-10T05:52:42.871787Z  WARN ThreadId(20) hotstuff_runner::app: Node 0 [produce_block] queue size: 0, attempting up to 0 transactions this block    
2026-08-10T05:52:42.873811Z  WARN ThreadId(20) hotstuff_runner::app: Node 0 view(2645) far exceeds block count (661); potential sync issue    
2026-08-10T05:52:42.932435Z  WARN ThreadId(20) hotstuff_runner::app: Node 0 [produce_block] queue size: 0, attempting up to 0 transactions this block    
2026-08-10T05:52:42.934014Z  WARN ThreadId(20) hotstuff_runner::app: Node 0 view(2649) far exceeds block count (662); potential sync issue    
2026-08-10T05:52:43.011211Z  WARN ThreadId(20) hotstuff_runner::app: Node 0 [produce_block] queue size: 2, attempting up to 2 transactions this block    
2026-08-10T05:52:43.011786Z  WARN ThreadId(20) hotstuff_runner::app: Node 0 view(2653) far exceeds block count (663); potential sync issue    
2026-08-10T05:52:43.120769Z  WARN ThreadId(20) hotstuff_runner::app: Node 0 [produce_block] queue size: 2, attempting up to 2 transactions this block    
2026-08-10T05:52:43.123754Z  WARN ThreadId(20) hotstuff_runner::app: Node 0 view(2657) far exceeds block count (664); potential sync issue    
2026-08-10T05:52:43.198890Z  WARN ThreadId(20) hotstuff_runner::app: Node 0 [produce_block] queue size: 0, attempting up to 0 transactions this block    
2026-08-10T05:52:43.204181Z  WARN ThreadId(20) hotstuff_runner::app: Node 0 view(2661) far exceeds block count (665); potential sync issue    
2026-08-10T05:52:43.279672Z  WARN ThreadId(20) hotstuff_runner::app: Node 0 [produce_block] queue size: 0, attempting up to 0 transactions this block    
2026-08-10T05:52:43.279854Z  WARN ThreadId(20) hotstuff_runner::app: Node 0 view(2665) far exceeds block count (666); potential sync issue    
2026-08-10T05:52:43.362428Z  WARN ThreadId(20) hotstuff_runner::app: Node 0 [produce_block] queue size: 2, attempting up to 2 transactions this block    
2026-08-10T05:52:43.365077Z  WARN ThreadId(20) hotstuff_runner::app: Node 0 view(2669) far exceeds block count (667); potential sync issue    
2026-08-10T05:52:43.440890Z  WARN ThreadId(20) hotstuff_runner::app: Node 0 [produce_block] queue size: 0, attempting up to 0 transactions this block    
2026-08-10T05:52:43.442974Z  WARN ThreadId(20) hotstuff_runner::app: Node 0 view(2673) far exceeds block count (668); potential sync issue    
2026-08-10T05:52:43.519385Z  WARN ThreadId(20) hotstuff_runner::app: Node 0 [produce_block] queue size: 2, attempting up to 2 transactions this block    
2026-08-10T05:52:43.519959Z  WARN ThreadId(20) hotstuff_runner::app: Node 0 view(2677) far exceeds block count (669); potential sync issue    
2026-08-10T05:52:43.599437Z  WARN ThreadId(20) hotstuff_runner::app: Node 0 [produce_block] queue size: 0, attempting up to 0 transactions this block    
2026-08-10T05:52:43.603145Z  WARN ThreadId(20) hotstuff_runner::app: Node 0 view(2681) far exceeds block count (670); potential sync issue    
2026-08-10T05:52:43.747069Z  WARN ThreadId(20) hotstuff_runner::app: Node 0 [produce_block] queue size: 2, attempting up to 2 transactions this block    
2026-08-10T05:52:43.748042Z  WARN ThreadId(20) hotstuff_runner::app: Node 0 view(2685) far exceeds block count (671); potential sync issue    
2026-08-10T05:52:43.898133Z  WARN ThreadId(20) hotstuff_runner::app: Node 0 [produce_block] queue size: 0, attempting up to 0 transactions this block    
2026-08-10T05:52:43.903925Z  WARN ThreadId(20) hotstuff_runner::app: Node 0 view(2689) far exceeds block count (672); potential sync issue    
2026-08-10T05:52:44.093726Z  WARN ThreadId(20) hotstuff_runner::app: Node 0 [produce_block] queue size: 4, attempting up to 4 transactions this block    
2026-08-10T05:52:44.094224Z  WARN ThreadId(20) hotstuff_runner::app: Node 0 view(2693) far exceeds block count (673); potential sync issue    
2026-08-10T05:52:44.323744Z  WARN ThreadId(20) hotstuff_runner::app: Node 0 [produce_block] queue size: 2, attempting up to 2 transactions this block    
2026-08-10T05:52:44.324505Z  WARN ThreadId(20) hotstuff_runner::app: Node 0 view(2697) far exceeds block count (674); potential sync issue    
2026-08-10T05:52:44.520761Z  WARN ThreadId(20) hotstuff_runner::app: Node 0 [produce_block] queue size: 2, attempting up to 2 transactions this block    
2026-08-10T05:52:44.525324Z  WARN ThreadId(20) hotstuff_runner::app: Node 0 view(2701) far exceeds block count (675); potential sync issue    
2026-08-10T05:52:44.630456Z  WARN ThreadId(20) hotstuff_runner::app: Node 0 [produce_block] queue size: 0, attempting up to 0 transactions this block    
2026-08-10T05:52:44.630618Z  WARN ThreadId(20) hotstuff_runner::app: Node 0 view(2705) far exceeds block count (676); potential sync issue    
2026-08-10T05:52:44.758594Z  WARN ThreadId(20) hotstuff_runner::app: Node 0 [produce_block] queue size: 2, attempting up to 2 transactions this block    
2026-08-10T05:52:44.758674Z  WARN ThreadId(20) hotstuff_runner::app: Node 0 view(2709) far exceeds block count (677); potential sync issue    
2026-08-10T05:52:44.837170Z  WARN ThreadId(20) hotstuff_runner::app: Node 0 [produce_block] queue size: 2, attempting up to 2 transactions this block    
2026-08-10T05:52:44.837381Z  WARN ThreadId(20) hotstuff_runner::app: Node 0 view(2713) far exceeds block count (678); potential sync issue    
2026-08-10T05:52:44.922465Z  WARN ThreadId(20) hotstuff_runner::app: Node 0 [produce_block] queue size: 0, attempting up to 0 transactions this block    
2026-08-10T05:52:44.923567Z  WARN ThreadId(20) hotstuff_runner::app: Node 0 view(2717) far exceeds block count (679); potential sync issue    
2026-08-10T05:52:45.038125Z  WARN ThreadId(20) hotstuff_runner::app: Node 0 [produce_block] queue size: 0, attempting up to 0 transactions this block    
2026-08-10T05:52:45.039281Z  WARN ThreadId(20) hotstuff_runner::app: Node 0 view(2721) far exceeds block count (680); potential sync issue    
2026-08-10T05:52:45.138933Z  WARN ThreadId(20) hotstuff_runner::app: Node 0 [produce_block] queue size: 2, attempting up to 2 transactions this block    
2026-08-10T05:52:45.139613Z  WARN ThreadId(20) hotstuff_runner::app: Node 0 view(2725) far exceeds block count (681); potential sync issue    
2026-08-10T05:52:45.205374Z  WARN ThreadId(20) hotstuff_runner::app: Node 0 [produce_block] queue size: 0, attempting up to 0 transactions this block    
2026-08-10T05:52:45.209276Z  WARN ThreadId(20) hotstuff_runner::app: Node 0 view(2729) far exceeds block count (682); potential sync issue    
2026-08-10T05:52:45.316533Z  WARN ThreadId(20) hotstuff_runner::app: Node 0 [produce_block] queue size: 2, attempting up to 2 transactions this block    
2026-08-10T05:52:45.320369Z  WARN ThreadId(20) hotstuff_runner::app: Node 0 view(2733) far exceeds block count (683); potential sync issue    
2026-08-10T05:52:45.388628Z  WARN ThreadId(20) hotstuff_runner::app: Node 0 [produce_block] queue size: 0, attempting up to 0 transactions this block    
2026-08-10T05:52:45.389260Z  WARN ThreadId(20) hotstuff_runner::app: Node 0 view(2737) far exceeds block count (684); potential sync issue    
2026-08-10T05:52:45.443280Z  WARN ThreadId(20) hotstuff_runner::app: Node 0 [produce_block] queue size: 0, attempting up to 0 transactions this block    
2026-08-10T05:52:45.443718Z  WARN ThreadId(20) hotstuff_runner::app: Node 0 view(2741) far exceeds block count (685); potential sync issue    
2026-08-10T05:52:45.647161Z  WARN ThreadId(20) hotstuff_runner::app: Node 0 [produce_block] queue size: 2, attempting up to 2 transactions this block    
2026-08-10T05:52:45.647750Z  WARN ThreadId(20) hotstuff_runner::app: Node 0 view(2745) far exceeds block count (686); potential sync issue    
2026-08-10T05:52:45.695534Z  WARN ThreadId(20) hotstuff_runner::app: Node 0 [produce_block] queue size: 0, attempting up to 0 transactions this block    
2026-08-10T05:52:45.696729Z  WARN ThreadId(20) hotstuff_runner::app: Node 0 view(2749) far exceeds block count (687); potential sync issue    
2026-08-10T05:52:45.784840Z  WARN ThreadId(20) hotstuff_runner::app: Node 0 [produce_block] queue size: 2, attempting up to 2 transactions this block    
2026-08-10T05:52:45.793946Z  WARN ThreadId(20) hotstuff_runner::app: Node 0 view(2753) far exceeds block count (688); potential sync issue    
2026-08-10T05:52:45.867484Z  WARN ThreadId(20) hotstuff_runner::app: Node 0 [produce_block] queue size: 0, attempting up to 0 transactions this block    
2026-08-10T05:52:45.867909Z  WARN ThreadId(20) hotstuff_runner::app: Node 0 view(2757) far exceeds block count (689); potential sync issue    
2026-08-10T05:52:45.957964Z  WARN ThreadId(20) hotstuff_runner::app: Node 0 [produce_block] queue size: 2, attempting up to 2 transactions this block    
2026-08-10T05:52:45.958630Z  WARN ThreadId(20) hotstuff_runner::app: Node 0 view(2761) far exceeds block count (690); potential sync issue    
2026-08-10T05:52:46.036609Z  WARN ThreadId(20) hotstuff_runner::app: Node 0 [produce_block] queue size: 0, attempting up to 0 transactions this block    
2026-08-10T05:52:46.037562Z  WARN ThreadId(20) hotstuff_runner::app: Node 0 view(2765) far exceeds block count (691); potential sync issue    
2026-08-10T05:52:46.100667Z  WARN ThreadId(20) hotstuff_runner::app: Node 0 [produce_block] queue size: 2, attempting up to 2 transactions this block    
2026-08-10T05:52:46.100789Z  WARN ThreadId(20) hotstuff_runner::app: Node 0 view(2769) far exceeds block count (692); potential sync issue    
2026-08-10T05:52:46.158041Z  WARN ThreadId(20) hotstuff_runner::app: Node 0 [produce_block] queue size: 0, attempting up to 0 transactions this block    
2026-08-10T05:52:46.158397Z  WARN ThreadId(20) hotstuff_runner::app: Node 0 view(2773) far exceeds block count (693); potential sync issue    
2026-08-10T05:52:46.248975Z  WARN ThreadId(20) hotstuff_runner::app: Node 0 [produce_block] queue size: 0, attempting up to 0 transactions this block    
2026-08-10T05:52:46.250424Z  WARN ThreadId(20) hotstuff_runner::app: Node 0 view(2777) far exceeds block count (694); potential sync issue    
2026-08-10T05:52:46.317385Z  WARN ThreadId(20) hotstuff_runner::app: Node 0 [produce_block] queue size: 2, attempting up to 2 transactions this block    
2026-08-10T05:52:46.319138Z  WARN ThreadId(20) hotstuff_runner::app: Node 0 view(2781) far exceeds block count (695); potential sync issue    
2026-08-10T05:52:46.391268Z  WARN ThreadId(20) hotstuff_runner::app: Node 0 [produce_block] queue size: 0, attempting up to 0 transactions this block    
2026-08-10T05:52:46.397726Z  WARN ThreadId(20) hotstuff_runner::app: Node 0 view(2785) far exceeds block count (696); potential sync issue    
2026-08-10T05:52:46.463594Z  WARN ThreadId(20) hotstuff_runner::app: Node 0 [produce_block] queue size: 0, attempting up to 0 transactions this block    
2026-08-10T05:52:46.471082Z  WARN ThreadId(20) hotstuff_runner::app: Node 0 view(2789) far exceeds block count (697); potential sync issue    
2026-08-10T05:52:46.527250Z  WARN ThreadId(20) hotstuff_runner::app: Node 0 [produce_block] queue size: 2, attempting up to 2 transactions this block    
2026-08-10T05:52:46.531157Z  WARN ThreadId(20) hotstuff_runner::app: Node 0 view(2793) far exceeds block count (698); potential sync issue    
2026-08-10T05:52:46.584954Z  WARN ThreadId(20) hotstuff_runner::app: Node 0 [produce_block] queue size: 0, attempting up to 0 transactions this block    
2026-08-10T05:52:46.585224Z  WARN ThreadId(20) hotstuff_runner::app: Node 0 view(2797) far exceeds block count (699); potential sync issue    
2026-08-10T05:52:46.665168Z  WARN ThreadId(20) hotstuff_runner::app: Node 0 [produce_block] queue size: 0, attempting up to 0 transactions this block    
2026-08-10T05:52:46.669698Z  WARN ThreadId(20) hotstuff_runner::app: Node 0 view(2801) far exceeds block count (700); potential sync issue    
2026-08-10T05:52:46.746035Z  WARN ThreadId(20) hotstuff_runner::app: Node 0 [produce_block] queue size: 2, attempting up to 2 transactions this block    
2026-08-10T05:52:46.746334Z  WARN ThreadId(20) hotstuff_runner::app: Node 0 view(2805) far exceeds block count (701); potential sync issue    
2026-08-10T05:52:46.823760Z  WARN ThreadId(20) hotstuff_runner::app: Node 0 [produce_block] queue size: 0, attempting up to 0 transactions this block    
2026-08-10T05:52:46.823947Z  WARN ThreadId(20) hotstuff_runner::app: Node 0 view(2809) far exceeds block count (702); potential sync issue    
2026-08-10T05:52:46.905290Z  WARN ThreadId(20) hotstuff_runner::app: Node 0 [produce_block] queue size: 2, attempting up to 2 transactions this block    
2026-08-10T05:52:46.905446Z  WARN ThreadId(20) hotstuff_runner::app: Node 0 view(2813) far exceeds block count (703); potential sync issue    
2026-08-10T05:52:46.967521Z  WARN ThreadId(20) hotstuff_runner::app: Node 0 [produce_block] queue size: 0, attempting up to 0 transactions this block    
2026-08-10T05:52:46.968509Z  WARN ThreadId(20) hotstuff_runner::app: Node 0 view(2817) far exceeds block count (704); potential sync issue    
2026-08-10T05:52:47.035182Z  WARN ThreadId(20) hotstuff_runner::app: Node 0 [produce_block] queue size: 0, attempting up to 0 transactions this block    
2026-08-10T05:52:47.036362Z  WARN ThreadId(20) hotstuff_runner::app: Node 0 view(2821) far exceeds block count (705); potential sync issue    
2026-08-10T05:52:47.096662Z  WARN ThreadId(20) hotstuff_runner::app: Node 0 [produce_block] queue size: 0, attempting up to 0 transactions this block    
2026-08-10T05:52:47.096984Z  WARN ThreadId(20) hotstuff_runner::app: Node 0 view(2825) far exceeds block count (706); potential sync issue    
2026-08-10T05:52:47.167343Z  WARN ThreadId(20) hotstuff_runner::app: Node 0 [produce_block] queue size: 2, attempting up to 2 transactions this block    
2026-08-10T05:52:47.167604Z  WARN ThreadId(20) hotstuff_runner::app: Node 0 view(2829) far exceeds block count (707); potential sync issue    
2026-08-10T05:52:47.253952Z  WARN ThreadId(20) hotstuff_runner::app: Node 0 [produce_block] queue size: 0, attempting up to 0 transactions this block    
2026-08-10T05:52:47.255021Z  WARN ThreadId(20) hotstuff_runner::app: Node 0 view(2833) far exceeds block count (708); potential sync issue    
2026-08-10T05:52:47.319452Z  WARN ThreadId(20) hotstuff_runner::app: Node 0 [produce_block] queue size: 0, attempting up to 0 transactions this block    
2026-08-10T05:52:47.319689Z  WARN ThreadId(20) hotstuff_runner::app: Node 0 view(2837) far exceeds block count (709); potential sync issue    
2026-08-10T05:52:47.393941Z  WARN ThreadId(20) hotstuff_runner::app: Node 0 [produce_block] queue size: 2, attempting up to 2 transactions this block    
2026-08-10T05:52:47.395197Z  WARN ThreadId(20) hotstuff_runner::app: Node 0 view(2841) far exceeds block count (710); potential sync issue    
2026-08-10T05:52:47.468971Z  WARN ThreadId(20) hotstuff_runner::app: Node 0 [produce_block] queue size: 0, attempting up to 0 transactions this block    
2026-08-10T05:52:47.471956Z  WARN ThreadId(20) hotstuff_runner::app: Node 0 view(2845) far exceeds block count (711); potential sync issue    
2026-08-10T05:52:47.545183Z  WARN ThreadId(20) hotstuff_runner::app: Node 0 [produce_block] queue size: 0, attempting up to 0 transactions this block    
2026-08-10T05:52:47.560916Z  WARN ThreadId(20) hotstuff_runner::app: Node 0 view(2849) far exceeds block count (712); potential sync issue    
2026-08-10T05:52:47.608751Z  WARN ThreadId(20) hotstuff_runner::app: Node 0 [produce_block] queue size: 2, attempting up to 2 transactions this block    
2026-08-10T05:52:47.611047Z  WARN ThreadId(20) hotstuff_runner::app: Node 0 view(2853) far exceeds block count (713); potential sync issue    
2026-08-10T05:52:47.659277Z  WARN ThreadId(20) hotstuff_runner::app: Node 0 [produce_block] queue size: 0, attempting up to 0 transactions this block    
2026-08-10T05:52:47.659715Z  WARN ThreadId(20) hotstuff_runner::app: Node 0 view(2857) far exceeds block count (714); potential sync issue    
2026-08-10T05:52:47.758567Z  WARN ThreadId(20) hotstuff_runner::app: Node 0 [produce_block] queue size: 0, attempting up to 0 transactions this block    
2026-08-10T05:52:47.759708Z  WARN ThreadId(20) hotstuff_runner::app: Node 0 view(2861) far exceeds block count (715); potential sync issue    
2026-08-10T05:52:47.831061Z  WARN ThreadId(20) hotstuff_runner::app: Node 0 [produce_block] queue size: 2, attempting up to 2 transactions this block    
2026-08-10T05:52:47.835112Z  WARN ThreadId(20) hotstuff_runner::app: Node 0 view(2865) far exceeds block count (716); potential sync issue    
2026-08-10T05:52:47.927292Z  WARN ThreadId(20) hotstuff_runner::app: Node 0 [produce_block] queue size: 0, attempting up to 0 transactions this block    
2026-08-10T05:52:47.927606Z  WARN ThreadId(20) hotstuff_runner::app: Node 0 view(2869) far exceeds block count (717); potential sync issue    
2026-08-10T05:52:48.050546Z  WARN ThreadId(20) hotstuff_runner::app: Node 0 [produce_block] queue size: 2, attempting up to 2 transactions this block    
2026-08-10T05:52:48.051436Z  WARN ThreadId(20) hotstuff_runner::app: Node 0 view(2873) far exceeds block count (718); potential sync issue    
2026-08-10T05:52:48.114627Z  WARN ThreadId(20) hotstuff_runner::app: Node 0 [produce_block] queue size: 0, attempting up to 0 transactions this block    
2026-08-10T05:52:48.115878Z  WARN ThreadId(20) hotstuff_runner::app: Node 0 view(2877) far exceeds block count (719); potential sync issue    
2026-08-10T05:52:48.173091Z  WARN ThreadId(20) hotstuff_runner::app: Node 0 [produce_block] queue size: 0, attempting up to 0 transactions this block    
2026-08-10T05:52:48.176048Z  WARN ThreadId(20) hotstuff_runner::app: Node 0 view(2881) far exceeds block count (720); potential sync issue    
2026-08-10T05:52:48.249180Z  WARN ThreadId(20) hotstuff_runner::app: Node 0 [produce_block] queue size: 0, attempting up to 0 transactions this block    
2026-08-10T05:52:48.249531Z  WARN ThreadId(20) hotstuff_runner::app: Node 0 view(2885) far exceeds block count (721); potential sync issue    
2026-08-10T05:52:48.306011Z  WARN ThreadId(20) hotstuff_runner::app: Node 0 [produce_block] queue size: 2, attempting up to 2 transactions this block    
2026-08-10T05:52:48.307086Z  WARN ThreadId(20) hotstuff_runner::app: Node 0 view(2889) far exceeds block count (722); potential sync issue    
2026-08-10T05:52:48.391020Z  WARN ThreadId(20) hotstuff_runner::app: Node 0 [produce_block] queue size: 0, attempting up to 0 transactions this block    
2026-08-10T05:52:48.391182Z  WARN ThreadId(20) hotstuff_runner::app: Node 0 view(2893) far exceeds block count (723); potential sync issue    
2026-08-10T05:52:48.450934Z  WARN ThreadId(20) hotstuff_runner::app: Node 0 [produce_block] queue size: 0, attempting up to 0 transactions this block    
2026-08-10T05:52:48.451601Z  WARN ThreadId(20) hotstuff_runner::app: Node 0 view(2897) far exceeds block count (724); potential sync issue    
2026-08-10T05:52:48.542033Z  WARN ThreadId(20) hotstuff_runner::app: Node 0 [produce_block] queue size: 2, attempting up to 2 transactions this block    
2026-08-10T05:52:48.542363Z  WARN ThreadId(20) hotstuff_runner::app: Node 0 view(2901) far exceeds block count (725); potential sync issue    
2026-08-10T05:52:48.606216Z  WARN ThreadId(20) hotstuff_runner::app: Node 0 [produce_block] queue size: 0, attempting up to 0 transactions this block    
2026-08-10T05:52:48.607401Z  WARN ThreadId(20) hotstuff_runner::app: Node 0 view(2905) far exceeds block count (726); potential sync issue    
2026-08-10T05:52:48.679894Z  WARN ThreadId(20) hotstuff_runner::app: Node 0 [produce_block] queue size: 2, attempting up to 2 transactions this block    
2026-08-10T05:52:48.680374Z  WARN ThreadId(20) hotstuff_runner::app: Node 0 view(2909) far exceeds block count (727); potential sync issue    
2026-08-10T05:52:48.763296Z  WARN ThreadId(20) hotstuff_runner::app: Node 0 [produce_block] queue size: 0, attempting up to 0 transactions this block    
2026-08-10T05:52:48.764522Z  WARN ThreadId(20) hotstuff_runner::app: Node 0 view(2913) far exceeds block count (728); potential sync issue    
2026-08-10T05:52:48.826164Z  WARN ThreadId(20) hotstuff_runner::app: Node 0 [produce_block] queue size: 0, attempting up to 0 transactions this block    
2026-08-10T05:52:48.829954Z  WARN ThreadId(20) hotstuff_runner::app: Node 0 view(2917) far exceeds block count (729); potential sync issue    
2026-08-10T05:52:48.882715Z  WARN ThreadId(20) hotstuff_runner::app: Node 0 [produce_block] queue size: 2, attempting up to 2 transactions this block    
2026-08-10T05:52:48.886025Z  WARN ThreadId(20) hotstuff_runner::app: Node 0 view(2921) far exceeds block count (730); potential sync issue    
2026-08-10T05:52:48.926612Z  WARN ThreadId(20) hotstuff_runner::app: Node 0 [produce_block] queue size: 0, attempting up to 0 transactions this block    
2026-08-10T05:52:48.927085Z  WARN ThreadId(20) hotstuff_runner::app: Node 0 view(2925) far exceeds block count (731); potential sync issue    
2026-08-10T05:52:48.991425Z  WARN ThreadId(20) hotstuff_runner::app: Node 0 [produce_block] queue size: 0, attempting up to 0 transactions this block    
2026-08-10T05:52:48.996079Z  WARN ThreadId(20) hotstuff_runner::app: Node 0 view(2929) far exceeds block count (732); potential sync issue    
2026-08-10T05:52:49.051802Z  WARN ThreadId(20) hotstuff_runner::app: Node 0 [produce_block] queue size: 0, attempting up to 0 transactions this block    
2026-08-10T05:52:49.058947Z  WARN ThreadId(20) hotstuff_runner::app: Node 0 view(2933) far exceeds block count (733); potential sync issue    
2026-08-10T05:52:49.173383Z  WARN ThreadId(20) hotstuff_runner::app: Node 0 [produce_block] queue size: 2, attempting up to 2 transactions this block    
2026-08-10T05:52:49.175112Z  WARN ThreadId(20) hotstuff_runner::app: Node 0 view(2937) far exceeds block count (734); potential sync issue    
2026-08-10T05:52:49.222328Z  WARN ThreadId(20) hotstuff_runner::app: Node 0 [produce_block] queue size: 0, attempting up to 0 transactions this block    
2026-08-10T05:52:49.223032Z  WARN ThreadId(20) hotstuff_runner::app: Node 0 view(2941) far exceeds block count (735); potential sync issue    
2026-08-10T05:52:49.294011Z  WARN ThreadId(20) hotstuff_runner::app: Node 0 [produce_block] queue size: 0, attempting up to 0 transactions this block    
2026-08-10T05:52:49.294653Z  WARN ThreadId(20) hotstuff_runner::app: Node 0 view(2945) far exceeds block count (736); potential sync issue    
2026-08-10T05:52:49.381021Z  WARN ThreadId(20) hotstuff_runner::app: Node 0 [produce_block] queue size: 2, attempting up to 2 transactions this block    
2026-08-10T05:52:49.381666Z  WARN ThreadId(20) hotstuff_runner::app: Node 0 view(2949) far exceeds block count (737); potential sync issue    
2026-08-10T05:52:49.443694Z  WARN ThreadId(20) hotstuff_runner::app: Node 0 [produce_block] queue size: 0, attempting up to 0 transactions this block    
2026-08-10T05:52:49.444469Z  WARN ThreadId(20) hotstuff_runner::app: Node 0 view(2953) far exceeds block count (738); potential sync issue    
2026-08-10T05:52:49.536118Z  WARN ThreadId(20) hotstuff_runner::app: Node 0 [produce_block] queue size: 0, attempting up to 0 transactions this block    
2026-08-10T05:52:49.536608Z  WARN ThreadId(20) hotstuff_runner::app: Node 0 view(2957) far exceeds block count (739); potential sync issue    
2026-08-10T05:52:49.600252Z  WARN ThreadId(20) hotstuff_runner::app: Node 0 [produce_block] queue size: 2, attempting up to 2 transactions this block    
2026-08-10T05:52:49.600792Z  WARN ThreadId(20) hotstuff_runner::app: Node 0 view(2961) far exceeds block count (740); potential sync issue    
2026-08-10T05:52:49.659733Z  WARN ThreadId(20) hotstuff_runner::app: Node 0 [produce_block] queue size: 0, attempting up to 0 transactions this block    
2026-08-10T05:52:49.660375Z  WARN ThreadId(20) hotstuff_runner::app: Node 0 view(2965) far exceeds block count (741); potential sync issue    
2026-08-10T05:52:49.754018Z  WARN ThreadId(20) hotstuff_runner::app: Node 0 [produce_block] queue size: 0, attempting up to 0 transactions this block    
2026-08-10T05:52:49.754667Z  WARN ThreadId(20) hotstuff_runner::app: Node 0 view(2969) far exceeds block count (742); potential sync issue    
2026-08-10T05:52:49.821063Z  WARN ThreadId(20) hotstuff_runner::app: Node 0 [produce_block] queue size: 2, attempting up to 2 transactions this block    
2026-08-10T05:52:49.823647Z  WARN ThreadId(20) hotstuff_runner::app: Node 0 view(2973) far exceeds block count (743); potential sync issue    
2026-08-10T05:52:49.899547Z  WARN ThreadId(20) hotstuff_runner::app: Node 0 [produce_block] queue size: 0, attempting up to 0 transactions this block    
2026-08-10T05:52:49.901151Z  WARN ThreadId(20) hotstuff_runner::app: Node 0 view(2977) far exceeds block count (744); potential sync issue    
2026-08-10T05:52:49.969861Z  WARN ThreadId(20) hotstuff_runner::app: Node 0 [produce_block] queue size: 0, attempting up to 0 transactions this block    
2026-08-10T05:52:49.974479Z  WARN ThreadId(20) hotstuff_runner::app: Node 0 view(2981) far exceeds block count (745); potential sync issue    
2026-08-10T05:52:50.137007Z  WARN ThreadId(20) hotstuff_runner::app: Node 0 [produce_block] queue size: 2, attempting up to 2 transactions this block    
2026-08-10T05:52:50.137680Z  WARN ThreadId(20) hotstuff_runner::app: Node 0 view(2985) far exceeds block count (746); potential sync issue    
2026-08-10T05:52:50.279589Z  WARN ThreadId(20) hotstuff_runner::app: Node 0 [produce_block] queue size: 2, attempting up to 2 transactions this block    
2026-08-10T05:52:50.287444Z  WARN ThreadId(20) hotstuff_runner::app: Node 0 view(2989) far exceeds block count (747); potential sync issue    
2026-08-10T05:52:50.432238Z  WARN ThreadId(20) hotstuff_runner::app: Node 0 [produce_block] queue size: 2, attempting up to 2 transactions this block    
2026-08-10T05:52:50.434652Z  WARN ThreadId(20) hotstuff_runner::app: Node 0 view(2993) far exceeds block count (748); potential sync issue    
2026-08-10T05:52:50.532983Z  WARN ThreadId(20) hotstuff_runner::app: Node 0 [produce_block] queue size: 0, attempting up to 0 transactions this block    
2026-08-10T05:52:50.533135Z  WARN ThreadId(20) hotstuff_runner::app: Node 0 view(2997) far exceeds block count (749); potential sync issue    
2026-08-10T05:52:50.663467Z  WARN ThreadId(20) hotstuff_runner::app: Node 0 [produce_block] queue size: 2, attempting up to 2 transactions this block    
2026-08-10T05:52:50.663595Z  WARN ThreadId(20) hotstuff_runner::app: Node 0 view(3001) far exceeds block count (750); potential sync issue    
2026-08-10T05:52:50.738968Z  WARN ThreadId(20) hotstuff_runner::app: Node 0 [produce_block] queue size: 0, attempting up to 0 transactions this block    
2026-08-10T05:52:50.739332Z  WARN ThreadId(20) hotstuff_runner::app: Node 0 view(3005) far exceeds block count (751); potential sync issue    
2026-08-10T05:52:50.835013Z  WARN ThreadId(20) hotstuff_runner::app: Node 0 [produce_block] queue size: 2, attempting up to 2 transactions this block    
2026-08-10T05:52:50.835468Z  WARN ThreadId(20) hotstuff_runner::app: Node 0 view(3009) far exceeds block count (752); potential sync issue    
2026-08-10T05:52:50.939828Z  WARN ThreadId(20) hotstuff_runner::app: Node 0 [produce_block] queue size: 0, attempting up to 0 transactions this block    
2026-08-10T05:52:50.945659Z  WARN ThreadId(20) hotstuff_runner::app: Node 0 view(3013) far exceeds block count (753); potential sync issue    
2026-08-10T05:52:51.008865Z  WARN ThreadId(20) hotstuff_runner::app: Node 0 [produce_block] queue size: 0, attempting up to 0 transactions this block    
2026-08-10T05:52:51.009242Z  WARN ThreadId(20) hotstuff_runner::app: Node 0 view(3017) far exceeds block count (754); potential sync issue    
2026-08-10T05:52:51.077971Z  WARN ThreadId(20) hotstuff_runner::app: Node 0 [produce_block] queue size: 2, attempting up to 2 transactions this block    
2026-08-10T05:52:51.078576Z  WARN ThreadId(20) hotstuff_runner::app: Node 0 view(3021) far exceeds block count (755); potential sync issue    
2026-08-10T05:52:51.149519Z  WARN ThreadId(20) hotstuff_runner::app: Node 0 [produce_block] queue size: 0, attempting up to 0 transactions this block    
2026-08-10T05:52:51.150673Z  WARN ThreadId(20) hotstuff_runner::app: Node 0 view(3025) far exceeds block count (756); potential sync issue    
2026-08-10T05:52:51.229450Z  WARN ThreadId(20) hotstuff_runner::app: Node 0 [produce_block] queue size: 2, attempting up to 2 transactions this block    
2026-08-10T05:52:51.229829Z  WARN ThreadId(20) hotstuff_runner::app: Node 0 view(3029) far exceeds block count (757); potential sync issue    
2026-08-10T05:52:51.293745Z  WARN ThreadId(20) hotstuff_runner::app: Node 0 [produce_block] queue size: 0, attempting up to 0 transactions this block    
2026-08-10T05:52:51.294174Z  WARN ThreadId(20) hotstuff_runner::app: Node 0 view(3033) far exceeds block count (758); potential sync issue    
2026-08-10T05:52:51.384417Z  WARN ThreadId(20) hotstuff_runner::app: Node 0 [produce_block] queue size: 0, attempting up to 0 transactions this block    
2026-08-10T05:52:51.386063Z  WARN ThreadId(20) hotstuff_runner::app: Node 0 view(3037) far exceeds block count (759); potential sync issue    
2026-08-10T05:52:51.494546Z  WARN ThreadId(20) hotstuff_runner::app: Node 0 [produce_block] queue size: 2, attempting up to 2 transactions this block    
2026-08-10T05:52:51.496391Z  WARN ThreadId(20) hotstuff_runner::app: Node 0 view(3041) far exceeds block count (760); potential sync issue    
2026-08-10T05:52:51.599030Z  WARN ThreadId(20) hotstuff_runner::app: Node 0 [produce_block] queue size: 0, attempting up to 0 transactions this block    
2026-08-10T05:52:51.600092Z  WARN ThreadId(20) hotstuff_runner::app: Node 0 view(3045) far exceeds block count (761); potential sync issue    
2026-08-10T05:52:51.667655Z  WARN ThreadId(20) hotstuff_runner::app: Node 0 [produce_block] queue size: 2, attempting up to 2 transactions this block    
2026-08-10T05:52:51.668039Z  WARN ThreadId(20) hotstuff_runner::app: Node 0 view(3049) far exceeds block count (762); potential sync issue    
2026-08-10T05:52:51.753694Z  WARN ThreadId(20) hotstuff_runner::app: Node 0 [produce_block] queue size: 0, attempting up to 0 transactions this block    
2026-08-10T05:52:51.760375Z  WARN ThreadId(20) hotstuff_runner::app: Node 0 view(3053) far exceeds block count (763); potential sync issue    
2026-08-10T05:52:51.822032Z  WARN ThreadId(20) hotstuff_runner::app: Node 0 [produce_block] queue size: 0, attempting up to 0 transactions this block    
2026-08-10T05:52:51.824891Z  WARN ThreadId(20) hotstuff_runner::app: Node 0 view(3057) far exceeds block count (764); potential sync issue    
2026-08-10T05:52:51.900658Z  WARN ThreadId(20) hotstuff_runner::app: Node 0 [produce_block] queue size: 2, attempting up to 2 transactions this block    
2026-08-10T05:52:51.900867Z  WARN ThreadId(20) hotstuff_runner::app: Node 0 view(3061) far exceeds block count (765); potential sync issue    
2026-08-10T05:52:51.990783Z  WARN ThreadId(20) hotstuff_runner::app: Node 0 [produce_block] queue size: 0, attempting up to 0 transactions this block    
2026-08-10T05:52:51.990890Z  WARN ThreadId(20) hotstuff_runner::app: Node 0 view(3065) far exceeds block count (766); potential sync issue    
2026-08-10T05:52:52.062107Z  WARN ThreadId(20) hotstuff_runner::app: Node 0 [produce_block] queue size: 2, attempting up to 2 transactions this block    
2026-08-10T05:52:52.064807Z  WARN ThreadId(20) hotstuff_runner::app: Node 0 view(3069) far exceeds block count (767); potential sync issue    
2026-08-10T05:52:52.155978Z  WARN ThreadId(20) hotstuff_runner::app: Node 0 [produce_block] queue size: 0, attempting up to 0 transactions this block    
2026-08-10T05:52:52.158090Z  WARN ThreadId(20) hotstuff_runner::app: Node 0 view(3073) far exceeds block count (768); potential sync issue    
2026-08-10T05:52:52.250261Z  WARN ThreadId(20) hotstuff_runner::app: Node 0 [produce_block] queue size: 2, attempting up to 2 transactions this block    
2026-08-10T05:52:52.250440Z  WARN ThreadId(20) hotstuff_runner::app: Node 0 view(3077) far exceeds block count (769); potential sync issue    
2026-08-10T05:52:52.336035Z  WARN ThreadId(20) hotstuff_runner::app: Node 0 [produce_block] queue size: 0, attempting up to 0 transactions this block    
2026-08-10T05:52:52.338302Z  WARN ThreadId(20) hotstuff_runner::app: Node 0 view(3081) far exceeds block count (770); potential sync issue    
2026-08-10T05:52:52.432498Z  WARN ThreadId(20) hotstuff_runner::app: Node 0 [produce_block] queue size: 2, attempting up to 2 transactions this block    
2026-08-10T05:52:52.433414Z  WARN ThreadId(20) hotstuff_runner::app: Node 0 view(3085) far exceeds block count (771); potential sync issue    
2026-08-10T05:52:52.508896Z  WARN ThreadId(20) hotstuff_runner::app: Node 0 [produce_block] queue size: 0, attempting up to 0 transactions this block    
2026-08-10T05:52:52.509203Z  WARN ThreadId(20) hotstuff_runner::app: Node 0 view(3089) far exceeds block count (772); potential sync issue    
2026-08-10T05:52:52.577193Z  WARN ThreadId(20) hotstuff_runner::app: Node 0 [produce_block] queue size: 0, attempting up to 0 transactions this block    
2026-08-10T05:52:52.578672Z  WARN ThreadId(20) hotstuff_runner::app: Node 0 view(3093) far exceeds block count (773); potential sync issue    
2026-08-10T05:52:52.653309Z  WARN ThreadId(20) hotstuff_runner::app: Node 0 [produce_block] queue size: 2, attempting up to 2 transactions this block    
2026-08-10T05:52:52.653795Z  WARN ThreadId(20) hotstuff_runner::app: Node 0 view(3097) far exceeds block count (774); potential sync issue    
2026-08-10T05:52:52.740941Z  WARN ThreadId(20) hotstuff_runner::app: Node 0 [produce_block] queue size: 0, attempting up to 0 transactions this block    
2026-08-10T05:52:52.741324Z  WARN ThreadId(20) hotstuff_runner::app: Node 0 view(3101) far exceeds block count (775); potential sync issue    
2026-08-10T05:52:52.847039Z  WARN ThreadId(20) hotstuff_runner::app: Node 0 [produce_block] queue size: 0, attempting up to 0 transactions this block    
2026-08-10T05:52:52.849279Z  WARN ThreadId(20) hotstuff_runner::app: Node 0 view(3105) far exceeds block count (776); potential sync issue    
2026-08-10T05:52:52.933449Z  WARN ThreadId(20) hotstuff_runner::app: Node 0 [produce_block] queue size: 2, attempting up to 2 transactions this block    
2026-08-10T05:52:52.933588Z  WARN ThreadId(20) hotstuff_runner::app: Node 0 view(3109) far exceeds block count (777); potential sync issue    
2026-08-10T05:52:53.017787Z  WARN ThreadId(20) hotstuff_runner::app: Node 0 [produce_block] queue size: 0, attempting up to 0 transactions this block    
2026-08-10T05:52:53.018368Z  WARN ThreadId(20) hotstuff_runner::app: Node 0 view(3113) far exceeds block count (778); potential sync issue    
2026-08-10T05:52:53.095123Z  WARN ThreadId(20) hotstuff_runner::app: Node 0 [produce_block] queue size: 2, attempting up to 2 transactions this block    
2026-08-10T05:52:53.096594Z  WARN ThreadId(20) hotstuff_runner::app: Node 0 view(3117) far exceeds block count (779); potential sync issue    
2026-08-10T05:52:53.166508Z  WARN ThreadId(20) hotstuff_runner::app: Node 0 [produce_block] queue size: 0, attempting up to 0 transactions this block    
2026-08-10T05:52:53.167776Z  WARN ThreadId(20) hotstuff_runner::app: Node 0 view(3121) far exceeds block count (780); potential sync issue    
2026-08-10T05:52:53.266817Z  WARN ThreadId(20) hotstuff_runner::app: Node 0 [produce_block] queue size: 0, attempting up to 0 transactions this block    
2026-08-10T05:52:53.267683Z  WARN ThreadId(20) hotstuff_runner::app: Node 0 view(3125) far exceeds block count (781); potential sync issue    
2026-08-10T05:52:53.370361Z  WARN ThreadId(20) hotstuff_runner::app: Node 0 [produce_block] queue size: 2, attempting up to 2 transactions this block    
2026-08-10T05:52:53.378936Z  WARN ThreadId(20) hotstuff_runner::app: Node 0 view(3129) far exceeds block count (782); potential sync issue    
2026-08-10T05:52:53.472602Z  WARN ThreadId(20) hotstuff_runner::app: Node 0 [produce_block] queue size: 0, attempting up to 0 transactions this block    
2026-08-10T05:52:53.472705Z  WARN ThreadId(20) hotstuff_runner::app: Node 0 view(3133) far exceeds block count (783); potential sync issue    
2026-08-10T05:52:53.548077Z  WARN ThreadId(20) hotstuff_runner::app: Node 0 [produce_block] queue size: 2, attempting up to 2 transactions this block    
2026-08-10T05:52:53.549113Z  WARN ThreadId(20) hotstuff_runner::app: Node 0 view(3137) far exceeds block count (784); potential sync issue    
2026-08-10T05:52:53.619053Z  WARN ThreadId(20) hotstuff_runner::app: Node 0 [produce_block] queue size: 0, attempting up to 0 transactions this block    
2026-08-10T05:52:53.620451Z  WARN ThreadId(20) hotstuff_runner::app: Node 0 view(3141) far exceeds block count (785); potential sync issue    
2026-08-10T05:52:53.704866Z  WARN ThreadId(20) hotstuff_runner::app: Node 0 [produce_block] queue size: 2, attempting up to 2 transactions this block    
2026-08-10T05:52:53.705184Z  WARN ThreadId(20) hotstuff_runner::app: Node 0 view(3145) far exceeds block count (786); potential sync issue    
2026-08-10T05:52:53.778087Z  WARN ThreadId(20) hotstuff_runner::app: Node 0 [produce_block] queue size: 0, attempting up to 0 transactions this block    
2026-08-10T05:52:53.778630Z  WARN ThreadId(20) hotstuff_runner::app: Node 0 view(3149) far exceeds block count (787); potential sync issue    
2026-08-10T05:52:53.862008Z  WARN ThreadId(20) hotstuff_runner::app: Node 0 [produce_block] queue size: 0, attempting up to 0 transactions this block    
2026-08-10T05:52:53.862154Z  WARN ThreadId(20) hotstuff_runner::app: Node 0 view(3153) far exceeds block count (788); potential sync issue    
2026-08-10T05:52:53.929196Z  WARN ThreadId(20) hotstuff_runner::app: Node 0 [produce_block] queue size: 2, attempting up to 2 transactions this block    
2026-08-10T05:52:53.929866Z  WARN ThreadId(20) hotstuff_runner::app: Node 0 view(3157) far exceeds block count (789); potential sync issue    
2026-08-10T05:52:54.079777Z  WARN ThreadId(20) hotstuff_runner::app: Node 0 [produce_block] queue size: 0, attempting up to 0 transactions this block    
2026-08-10T05:52:54.082109Z  WARN ThreadId(20) hotstuff_runner::app: Node 0 view(3161) far exceeds block count (790); potential sync issue    
2026-08-10T05:52:54.130695Z  WARN ThreadId(20) hotstuff_runner::app: Node 0 [produce_block] queue size: 2, attempting up to 2 transactions this block    
2026-08-10T05:52:54.131882Z  WARN ThreadId(20) hotstuff_runner::app: Node 0 view(3165) far exceeds block count (791); potential sync issue    
2026-08-10T05:52:54.224654Z  WARN ThreadId(20) hotstuff_runner::app: Node 0 [produce_block] queue size: 0, attempting up to 0 transactions this block    
2026-08-10T05:52:54.228795Z  WARN ThreadId(20) hotstuff_runner::app: Node 0 view(3169) far exceeds block count (792); potential sync issue    
2026-08-10T05:52:54.284707Z  WARN ThreadId(20) hotstuff_runner::app: Node 0 [produce_block] queue size: 0, attempting up to 0 transactions this block    
2026-08-10T05:52:54.289969Z  WARN ThreadId(20) hotstuff_runner::app: Node 0 view(3173) far exceeds block count (793); potential sync issue    
2026-08-10T05:52:54.349906Z  WARN ThreadId(20) hotstuff_runner::app: Node 0 [produce_block] queue size: 2, attempting up to 2 transactions this block    
2026-08-10T05:52:54.351068Z  WARN ThreadId(20) hotstuff_runner::app: Node 0 view(3177) far exceeds block count (794); potential sync issue    
2026-08-10T05:52:54.435914Z  WARN ThreadId(20) hotstuff_runner::app: Node 0 [produce_block] queue size: 0, attempting up to 0 transactions this block    
2026-08-10T05:52:54.436751Z  WARN ThreadId(20) hotstuff_runner::app: Node 0 view(3181) far exceeds block count (795); potential sync issue    
2026-08-10T05:52:54.503890Z  WARN ThreadId(20) hotstuff_runner::app: Node 0 [produce_block] queue size: 2, attempting up to 2 transactions this block    
2026-08-10T05:52:54.504390Z  WARN ThreadId(20) hotstuff_runner::app: Node 0 view(3185) far exceeds block count (796); potential sync issue    
2026-08-10T05:52:54.583063Z  WARN ThreadId(20) hotstuff_runner::app: Node 0 [produce_block] queue size: 0, attempting up to 0 transactions this block    
2026-08-10T05:52:54.583339Z  WARN ThreadId(20) hotstuff_runner::app: Node 0 view(3189) far exceeds block count (797); potential sync issue    
2026-08-10T05:52:54.658166Z  WARN ThreadId(20) hotstuff_runner::app: Node 0 [produce_block] queue size: 0, attempting up to 0 transactions this block    
2026-08-10T05:52:54.658483Z  WARN ThreadId(20) hotstuff_runner::app: Node 0 view(3193) far exceeds block count (798); potential sync issue    
2026-08-10T05:52:54.738209Z  WARN ThreadId(20) hotstuff_runner::app: Node 0 [produce_block] queue size: 2, attempting up to 2 transactions this block    
2026-08-10T05:52:54.739102Z  WARN ThreadId(20) hotstuff_runner::app: Node 0 view(3197) far exceeds block count (799); potential sync issue    
2026-08-10T05:52:54.802401Z  WARN ThreadId(20) hotstuff_runner::app: Node 0 [produce_block] queue size: 0, attempting up to 0 transactions this block    
2026-08-10T05:52:54.802504Z  WARN ThreadId(20) hotstuff_runner::app: Node 0 view(3201) far exceeds block count (800); potential sync issue    
2026-08-10T05:52:54.891202Z  WARN ThreadId(20) hotstuff_runner::app: Node 0 [produce_block] queue size: 0, attempting up to 0 transactions this block    
2026-08-10T05:52:54.891413Z  WARN ThreadId(20) hotstuff_runner::app: Node 0 view(3205) far exceeds block count (801); potential sync issue    
2026-08-10T05:52:54.981679Z  WARN ThreadId(20) hotstuff_runner::app: Node 0 [produce_block] queue size: 2, attempting up to 2 transactions this block    
2026-08-10T05:52:54.983056Z  WARN ThreadId(20) hotstuff_runner::app: Node 0 view(3209) far exceeds block count (802); potential sync issue    
2026-08-10T05:52:55.032010Z  WARN ThreadId(20) hotstuff_runner::app: Node 0 [produce_block] queue size: 0, attempting up to 0 transactions this block    
2026-08-10T05:52:55.032343Z  WARN ThreadId(20) hotstuff_runner::app: Node 0 view(3213) far exceeds block count (803); potential sync issue    
2026-08-10T05:52:55.235802Z  WARN ThreadId(20) hotstuff_runner::app: Node 0 [produce_block] queue size: 2, attempting up to 2 transactions this block    
2026-08-10T05:52:55.236280Z  WARN ThreadId(20) hotstuff_runner::app: Node 0 view(3217) far exceeds block count (804); potential sync issue    
2026-08-10T05:52:55.329348Z  WARN ThreadId(20) hotstuff_runner::app: Node 0 [produce_block] queue size: 0, attempting up to 0 transactions this block    
2026-08-10T05:52:55.330023Z  WARN ThreadId(20) hotstuff_runner::app: Node 0 view(3221) far exceeds block count (805); potential sync issue    
2026-08-10T05:52:55.387512Z  WARN ThreadId(20) hotstuff_runner::app: Node 0 [produce_block] queue size: 2, attempting up to 2 transactions this block    
2026-08-10T05:52:55.388275Z  WARN ThreadId(20) hotstuff_runner::app: Node 0 view(3225) far exceeds block count (806); potential sync issue    
2026-08-10T05:52:55.468459Z  WARN ThreadId(20) hotstuff_runner::app: Node 0 [produce_block] queue size: 0, attempting up to 0 transactions this block    
2026-08-10T05:52:55.469056Z  WARN ThreadId(20) hotstuff_runner::app: Node 0 view(3229) far exceeds block count (807); potential sync issue    
2026-08-10T05:52:55.523622Z  WARN ThreadId(20) hotstuff_runner::app: Node 0 [produce_block] queue size: 0, attempting up to 0 transactions this block    
2026-08-10T05:52:55.524091Z  WARN ThreadId(20) hotstuff_runner::app: Node 0 view(3233) far exceeds block count (808); potential sync issue    
2026-08-10T05:52:55.601623Z  WARN ThreadId(20) hotstuff_runner::app: Node 0 [produce_block] queue size: 0, attempting up to 0 transactions this block    
2026-08-10T05:52:55.601878Z  WARN ThreadId(20) hotstuff_runner::app: Node 0 view(3237) far exceeds block count (809); potential sync issue    
2026-08-10T05:52:55.679970Z  WARN ThreadId(20) hotstuff_runner::app: Node 0 [produce_block] queue size: 2, attempting up to 2 transactions this block    
2026-08-10T05:52:55.680875Z  WARN ThreadId(20) hotstuff_runner::app: Node 0 view(3241) far exceeds block count (810); potential sync issue    
2026-08-10T05:52:55.771248Z  WARN ThreadId(20) hotstuff_runner::app: Node 0 [produce_block] queue size: 0, attempting up to 0 transactions this block    
2026-08-10T05:52:55.773009Z  WARN ThreadId(20) hotstuff_runner::app: Node 0 view(3245) far exceeds block count (811); potential sync issue    
2026-08-10T05:52:55.945198Z  WARN ThreadId(20) hotstuff_runner::app: Node 0 [produce_block] queue size: 2, attempting up to 2 transactions this block    
2026-08-10T05:52:55.946681Z  WARN ThreadId(20) hotstuff_runner::app: Node 0 view(3249) far exceeds block count (812); potential sync issue    
2026-08-10T05:52:56.039178Z  WARN ThreadId(20) hotstuff_runner::app: Node 0 [produce_block] queue size: 2, attempting up to 2 transactions this block    
2026-08-10T05:52:56.040172Z  WARN ThreadId(20) hotstuff_runner::app: Node 0 view(3253) far exceeds block count (813); potential sync issue    
2026-08-10T05:52:56.116914Z  WARN ThreadId(20) hotstuff_runner::app: Node 0 [produce_block] queue size: 0, attempting up to 0 transactions this block    
2026-08-10T05:52:56.117634Z  WARN ThreadId(20) hotstuff_runner::app: Node 0 view(3257) far exceeds block count (814); potential sync issue    
2026-08-10T05:52:56.212312Z  WARN ThreadId(20) hotstuff_runner::app: Node 0 [produce_block] queue size: 2, attempting up to 2 transactions this block    
2026-08-10T05:52:56.212775Z  WARN ThreadId(20) hotstuff_runner::app: Node 0 view(3261) far exceeds block count (815); potential sync issue    
2026-08-10T05:52:56.315920Z  WARN ThreadId(20) hotstuff_runner::app: Node 0 [produce_block] queue size: 0, attempting up to 0 transactions this block    
2026-08-10T05:52:56.316205Z  WARN ThreadId(20) hotstuff_runner::app: Node 0 view(3265) far exceeds block count (816); potential sync issue    
2026-08-10T05:52:56.402584Z  WARN ThreadId(20) hotstuff_runner::app: Node 0 [produce_block] queue size: 2, attempting up to 2 transactions this block    
2026-08-10T05:52:56.413157Z  WARN ThreadId(20) hotstuff_runner::app: Node 0 view(3269) far exceeds block count (817); potential sync issue    
2026-08-10T05:52:56.522012Z  WARN ThreadId(20) hotstuff_runner::app: Node 0 [produce_block] queue size: 0, attempting up to 0 transactions this block    
2026-08-10T05:52:56.523563Z  WARN ThreadId(20) hotstuff_runner::app: Node 0 view(3273) far exceeds block count (818); potential sync issue    
2026-08-10T05:52:56.595624Z  WARN ThreadId(20) hotstuff_runner::app: Node 0 [produce_block] queue size: 2, attempting up to 2 transactions this block    
2026-08-10T05:52:56.596638Z  WARN ThreadId(20) hotstuff_runner::app: Node 0 view(3277) far exceeds block count (819); potential sync issue    
2026-08-10T05:52:56.675803Z  WARN ThreadId(20) hotstuff_runner::app: Node 0 [produce_block] queue size: 0, attempting up to 0 transactions this block    
2026-08-10T05:52:56.678608Z  WARN ThreadId(20) hotstuff_runner::app: Node 0 view(3281) far exceeds block count (820); potential sync issue    
2026-08-10T05:52:56.794405Z  WARN ThreadId(20) hotstuff_runner::app: Node 0 [produce_block] queue size: 2, attempting up to 2 transactions this block    
2026-08-10T05:52:56.794590Z  WARN ThreadId(20) hotstuff_runner::app: Node 0 view(3285) far exceeds block count (821); potential sync issue    
2026-08-10T05:52:56.860690Z  WARN ThreadId(20) hotstuff_runner::app: Node 0 [produce_block] queue size: 0, attempting up to 0 transactions this block    
2026-08-10T05:52:56.862117Z  WARN ThreadId(20) hotstuff_runner::app: Node 0 view(3289) far exceeds block count (822); potential sync issue    
2026-08-10T05:52:56.919577Z  WARN ThreadId(20) hotstuff_runner::app: Node 0 [produce_block] queue size: 2, attempting up to 2 transactions this block    
2026-08-10T05:52:56.921109Z  WARN ThreadId(20) hotstuff_runner::app: Node 0 view(3293) far exceeds block count (823); potential sync issue    
2026-08-10T05:52:56.975462Z  WARN ThreadId(20) hotstuff_runner::app: Node 0 [produce_block] queue size: 0, attempting up to 0 transactions this block    
2026-08-10T05:52:56.975562Z  WARN ThreadId(20) hotstuff_runner::app: Node 0 view(3297) far exceeds block count (824); potential sync issue    
2026-08-10T05:52:57.033199Z  WARN ThreadId(20) hotstuff_runner::app: Node 0 [produce_block] queue size: 0, attempting up to 0 transactions this block    
2026-08-10T05:52:57.036448Z  WARN ThreadId(20) hotstuff_runner::app: Node 0 view(3301) far exceeds block count (825); potential sync issue    
2026-08-10T05:52:57.134731Z  WARN ThreadId(20) hotstuff_runner::app: Node 0 [produce_block] queue size: 0, attempting up to 0 transactions this block    
2026-08-10T05:52:57.143158Z  WARN ThreadId(20) hotstuff_runner::app: Node 0 view(3305) far exceeds block count (826); potential sync issue    
2026-08-10T05:52:57.234836Z  WARN ThreadId(20) hotstuff_runner::app: Node 0 [produce_block] queue size: 2, attempting up to 2 transactions this block    
2026-08-10T05:52:57.235431Z  WARN ThreadId(20) hotstuff_runner::app: Node 0 view(3309) far exceeds block count (827); potential sync issue    
2026-08-10T05:52:57.290211Z  WARN ThreadId(20) hotstuff_runner::app: Node 0 [produce_block] queue size: 0, attempting up to 0 transactions this block    
2026-08-10T05:52:57.290438Z  WARN ThreadId(20) hotstuff_runner::app: Node 0 view(3313) far exceeds block count (828); potential sync issue    
2026-08-10T05:52:57.378165Z  WARN ThreadId(20) hotstuff_runner::app: Node 0 [produce_block] queue size: 2, attempting up to 2 transactions this block    
2026-08-10T05:52:57.379289Z  WARN ThreadId(20) hotstuff_runner::app: Node 0 view(3317) far exceeds block count (829); potential sync issue    
2026-08-10T05:52:57.450240Z  WARN ThreadId(20) hotstuff_runner::app: Node 0 [produce_block] queue size: 0, attempting up to 0 transactions this block    
2026-08-10T05:52:57.451437Z  WARN ThreadId(20) hotstuff_runner::app: Node 0 view(3321) far exceeds block count (830); potential sync issue    
2026-08-10T05:52:57.534811Z  WARN ThreadId(20) hotstuff_runner::app: Node 0 [produce_block] queue size: 0, attempting up to 0 transactions this block    
2026-08-10T05:52:57.535140Z  WARN ThreadId(20) hotstuff_runner::app: Node 0 view(3325) far exceeds block count (831); potential sync issue    
2026-08-10T05:52:57.590426Z  WARN ThreadId(20) hotstuff_runner::app: Node 0 [produce_block] queue size: 2, attempting up to 2 transactions this block    
2026-08-10T05:52:57.590909Z  WARN ThreadId(20) hotstuff_runner::app: Node 0 view(3329) far exceeds block count (832); potential sync issue    
2026-08-10T05:52:57.663611Z  WARN ThreadId(20) hotstuff_runner::app: Node 0 [produce_block] queue size: 0, attempting up to 0 transactions this block    
2026-08-10T05:52:57.663698Z  WARN ThreadId(20) hotstuff_runner::app: Node 0 view(3333) far exceeds block count (833); potential sync issue    
2026-08-10T05:52:57.743155Z  WARN ThreadId(20) hotstuff_runner::app: Node 0 [produce_block] queue size: 2, attempting up to 2 transactions this block    
2026-08-10T05:52:57.744812Z  WARN ThreadId(20) hotstuff_runner::app: Node 0 view(3337) far exceeds block count (834); potential sync issue    
2026-08-10T05:52:57.820126Z  WARN ThreadId(20) hotstuff_runner::app: Node 0 [produce_block] queue size: 0, attempting up to 0 transactions this block    
2026-08-10T05:52:57.820416Z  WARN ThreadId(20) hotstuff_runner::app: Node 0 view(3341) far exceeds block count (835); potential sync issue    
2026-08-10T05:52:57.941400Z  WARN ThreadId(20) hotstuff_runner::app: Node 0 [produce_block] queue size: 2, attempting up to 2 transactions this block    
2026-08-10T05:52:57.942080Z  WARN ThreadId(20) hotstuff_runner::app: Node 0 view(3345) far exceeds block count (836); potential sync issue    
2026-08-10T05:52:58.049696Z  WARN ThreadId(20) hotstuff_runner::app: Node 0 [produce_block] queue size: 2, attempting up to 2 transactions this block    
2026-08-10T05:52:58.050079Z  WARN ThreadId(20) hotstuff_runner::app: Node 0 view(3349) far exceeds block count (837); potential sync issue    
2026-08-10T05:52:58.129844Z  WARN ThreadId(20) hotstuff_runner::app: Node 0 [produce_block] queue size: 0, attempting up to 0 transactions this block    
2026-08-10T05:52:58.133441Z  WARN ThreadId(20) hotstuff_runner::app: Node 0 view(3353) far exceeds block count (838); potential sync issue    
2026-08-10T05:52:58.226886Z  WARN ThreadId(20) hotstuff_runner::app: Node 0 [produce_block] queue size: 0, attempting up to 0 transactions this block    
2026-08-10T05:52:58.229037Z  WARN ThreadId(20) hotstuff_runner::app: Node 0 view(3357) far exceeds block count (839); potential sync issue    
2026-08-10T05:52:58.324289Z  WARN ThreadId(20) hotstuff_runner::app: Node 0 [produce_block] queue size: 2, attempting up to 2 transactions this block    
2026-08-10T05:52:58.325385Z  WARN ThreadId(20) hotstuff_runner::app: Node 0 view(3361) far exceeds block count (840); potential sync issue    
2026-08-10T05:52:58.428438Z  WARN ThreadId(20) hotstuff_runner::app: Node 0 [produce_block] queue size: 0, attempting up to 0 transactions this block    
2026-08-10T05:52:58.429148Z  WARN ThreadId(20) hotstuff_runner::app: Node 0 view(3365) far exceeds block count (841); potential sync issue    
2026-08-10T05:52:58.536258Z  WARN ThreadId(20) hotstuff_runner::app: Node 0 [produce_block] queue size: 2, attempting up to 2 transactions this block    
2026-08-10T05:52:58.537220Z  WARN ThreadId(20) hotstuff_runner::app: Node 0 view(3369) far exceeds block count (842); potential sync issue    
2026-08-10T05:52:58.627467Z  WARN ThreadId(20) hotstuff_runner::app: Node 0 [produce_block] queue size: 0, attempting up to 0 transactions this block    
2026-08-10T05:52:58.628853Z  WARN ThreadId(20) hotstuff_runner::app: Node 0 view(3373) far exceeds block count (843); potential sync issue    
2026-08-10T05:52:58.710725Z  WARN ThreadId(20) hotstuff_runner::app: Node 0 [produce_block] queue size: 2, attempting up to 2 transactions this block    
2026-08-10T05:52:58.712580Z  WARN ThreadId(20) hotstuff_runner::app: Node 0 view(3377) far exceeds block count (844); potential sync issue    
2026-08-10T05:52:58.895302Z  WARN ThreadId(20) hotstuff_runner::app: Node 0 [produce_block] queue size: 2, attempting up to 2 transactions this block    
2026-08-10T05:52:58.897573Z  WARN ThreadId(20) hotstuff_runner::app: Node 0 view(3381) far exceeds block count (845); potential sync issue    
2026-08-10T05:52:59.058773Z  WARN ThreadId(20) hotstuff_runner::app: Node 0 [produce_block] queue size: 0, attempting up to 0 transactions this block    
2026-08-10T05:52:59.061167Z  WARN ThreadId(20) hotstuff_runner::app: Node 0 view(3385) far exceeds block count (846); potential sync issue    
2026-08-10T05:52:59.160473Z  WARN ThreadId(20) hotstuff_runner::app: Node 0 [produce_block] queue size: 2, attempting up to 2 transactions this block    
2026-08-10T05:52:59.160606Z  WARN ThreadId(20) hotstuff_runner::app: Node 0 view(3389) far exceeds block count (847); potential sync issue    
2026-08-10T05:52:59.288376Z  WARN ThreadId(20) hotstuff_runner::app: Node 0 [produce_block] queue size: 0, attempting up to 0 transactions this block    
2026-08-10T05:52:59.297804Z  WARN ThreadId(20) hotstuff_runner::app: Node 0 view(3393) far exceeds block count (848); potential sync issue    
2026-08-10T05:52:59.437087Z  WARN ThreadId(20) hotstuff_runner::app: Node 0 [produce_block] queue size: 2, attempting up to 2 transactions this block    
2026-08-10T05:52:59.439049Z  WARN ThreadId(20) hotstuff_runner::app: Node 0 view(3397) far exceeds block count (849); potential sync issue    
2026-08-10T05:52:59.544152Z  WARN ThreadId(20) hotstuff_runner::app: Node 0 [produce_block] queue size: 2, attempting up to 2 transactions this block    
2026-08-10T05:52:59.545115Z  WARN ThreadId(20) hotstuff_runner::app: Node 0 view(3401) far exceeds block count (850); potential sync issue    
2026-08-10T05:52:59.648793Z  WARN ThreadId(20) hotstuff_runner::app: Node 0 [produce_block] queue size: 0, attempting up to 0 transactions this block    
2026-08-10T05:52:59.649243Z  WARN ThreadId(20) hotstuff_runner::app: Node 0 view(3405) far exceeds block count (851); potential sync issue    
2026-08-10T05:52:59.754081Z  WARN ThreadId(20) hotstuff_runner::app: Node 0 [produce_block] queue size: 2, attempting up to 2 transactions this block    
2026-08-10T05:52:59.756835Z  WARN ThreadId(20) hotstuff_runner::app: Node 0 view(3409) far exceeds block count (852); potential sync issue    
2026-08-10T05:52:59.836676Z  WARN ThreadId(20) hotstuff_runner::app: Node 0 [produce_block] queue size: 0, attempting up to 0 transactions this block    
2026-08-10T05:52:59.836866Z  WARN ThreadId(20) hotstuff_runner::app: Node 0 view(3413) far exceeds block count (853); potential sync issue    
2026-08-10T05:52:59.938085Z  WARN ThreadId(20) hotstuff_runner::app: Node 0 [produce_block] queue size: 2, attempting up to 2 transactions this block    
2026-08-10T05:52:59.938826Z  WARN ThreadId(20) hotstuff_runner::app: Node 0 view(3417) far exceeds block count (854); potential sync issue    
2026-08-10T05:53:00.056055Z  WARN ThreadId(20) hotstuff_runner::app: Node 0 [produce_block] queue size: 0, attempting up to 0 transactions this block    
2026-08-10T05:53:00.056374Z  WARN ThreadId(20) hotstuff_runner::app: Node 0 view(3421) far exceeds block count (855); potential sync issue    
2026-08-10T05:53:00.135083Z  WARN ThreadId(20) hotstuff_runner::app: Node 0 [produce_block] queue size: 0, attempting up to 0 transactions this block    
2026-08-10T05:53:00.138637Z  WARN ThreadId(20) hotstuff_runner::app: Node 0 view(3425) far exceeds block count (856); potential sync issue    
2026-08-10T05:53:00.233498Z  WARN ThreadId(20) hotstuff_runner::app: Node 0 [produce_block] queue size: 2, attempting up to 2 transactions this block    
2026-08-10T05:53:00.233889Z  WARN ThreadId(20) hotstuff_runner::app: Node 0 view(3429) far exceeds block count (857); potential sync issue    
2026-08-10T05:53:00.305122Z  WARN ThreadId(20) hotstuff_runner::app: Node 0 [produce_block] queue size: 0, attempting up to 0 transactions this block    
2026-08-10T05:53:00.305409Z  WARN ThreadId(20) hotstuff_runner::app: Node 0 view(3433) far exceeds block count (858); potential sync issue    
2026-08-10T05:53:00.387316Z  WARN ThreadId(20) hotstuff_runner::app: Node 0 [produce_block] queue size: 0, attempting up to 0 transactions this block    
2026-08-10T05:53:00.387766Z  WARN ThreadId(20) hotstuff_runner::app: Node 0 view(3437) far exceeds block count (859); potential sync issue    
2026-08-10T05:53:00.473185Z  WARN ThreadId(20) hotstuff_runner::app: Node 0 [produce_block] queue size: 0, attempting up to 0 transactions this block    
2026-08-10T05:53:00.476532Z  WARN ThreadId(20) hotstuff_runner::app: Node 0 view(3441) far exceeds block count (860); potential sync issue    
2026-08-10T05:53:00.560138Z  WARN ThreadId(20) hotstuff_runner::app: Node 0 [produce_block] queue size: 2, attempting up to 2 transactions this block    
2026-08-10T05:53:00.563636Z  WARN ThreadId(20) hotstuff_runner::app: Node 0 view(3445) far exceeds block count (861); potential sync issue    
2026-08-10T05:53:00.637280Z  WARN ThreadId(20) hotstuff_runner::app: Node 0 [produce_block] queue size: 0, attempting up to 0 transactions this block    
2026-08-10T05:53:00.643985Z  WARN ThreadId(20) hotstuff_runner::app: Node 0 view(3449) far exceeds block count (862); potential sync issue    
2026-08-10T05:53:00.745730Z  WARN ThreadId(20) hotstuff_runner::app: Node 0 [produce_block] queue size: 2, attempting up to 2 transactions this block    
2026-08-10T05:53:00.745879Z  WARN ThreadId(20) hotstuff_runner::app: Node 0 view(3453) far exceeds block count (863); potential sync issue    
2026-08-10T05:53:00.810894Z  WARN ThreadId(20) hotstuff_runner::app: Node 0 [produce_block] queue size: 0, attempting up to 0 transactions this block    
2026-08-10T05:53:00.812825Z  WARN ThreadId(20) hotstuff_runner::app: Node 0 view(3457) far exceeds block count (864); potential sync issue    
2026-08-10T05:53:00.887072Z  WARN ThreadId(20) hotstuff_runner::app: Node 0 [produce_block] queue size: 0, attempting up to 0 transactions this block    
2026-08-10T05:53:00.887303Z  WARN ThreadId(20) hotstuff_runner::app: Node 0 view(3461) far exceeds block count (865); potential sync issue    
2026-08-10T05:53:00.998603Z  WARN ThreadId(20) hotstuff_runner::app: Node 0 [produce_block] queue size: 2, attempting up to 2 transactions this block    
2026-08-10T05:53:00.999499Z  WARN ThreadId(20) hotstuff_runner::app: Node 0 view(3465) far exceeds block count (866); potential sync issue    
2026-08-10T05:53:01.553431Z  WARN ThreadId(21) hotstuff_runner::tcp_node: Node 0 view 3467 timed out; latency may accumulate
2026-08-10T05:53:01.575840Z  WARN ThreadId(20) hotstuff_runner::app: Node 0 [produce_block] queue size: 6, attempting up to 6 transactions this block    
2026-08-10T05:53:01.577357Z  WARN ThreadId(20) hotstuff_runner::app: Node 0 view(3469) far exceeds block count (867); potential sync issue    
2026-08-10T05:53:01.671778Z  WARN ThreadId(20) hotstuff_runner::app: Node 0 [produce_block] queue size: 0, attempting up to 0 transactions this block    
2026-08-10T05:53:01.675961Z  WARN ThreadId(20) hotstuff_runner::app: Node 0 view(3473) far exceeds block count (868); potential sync issue    
2026-08-10T05:53:01.779813Z  WARN ThreadId(20) hotstuff_runner::app: Node 0 [produce_block] queue size: 2, attempting up to 2 transactions this block    
2026-08-10T05:53:01.779928Z  WARN ThreadId(20) hotstuff_runner::app: Node 0 view(3477) far exceeds block count (869); potential sync issue    
2026-08-10T05:53:01.886838Z  WARN ThreadId(20) hotstuff_runner::app: Node 0 [produce_block] queue size: 0, attempting up to 0 transactions this block    
2026-08-10T05:53:01.887536Z  WARN ThreadId(20) hotstuff_runner::app: Node 0 view(3481) far exceeds block count (870); potential sync issue    
2026-08-10T05:53:01.979315Z  WARN ThreadId(20) hotstuff_runner::app: Node 0 [produce_block] queue size: 2, attempting up to 2 transactions this block    
2026-08-10T05:53:01.980367Z  WARN ThreadId(20) hotstuff_runner::app: Node 0 view(3485) far exceeds block count (871); potential sync issue    
2026-08-10T05:53:02.096139Z  WARN ThreadId(20) hotstuff_runner::app: Node 0 [produce_block] queue size: 0, attempting up to 0 transactions this block    
2026-08-10T05:53:02.103655Z  WARN ThreadId(20) hotstuff_runner::app: Node 0 view(3489) far exceeds block count (872); potential sync issue    
2026-08-10T05:53:02.188628Z  WARN ThreadId(20) hotstuff_runner::app: Node 0 [produce_block] queue size: 2, attempting up to 2 transactions this block    
2026-08-10T05:53:02.199239Z  WARN ThreadId(20) hotstuff_runner::app: Node 0 view(3493) far exceeds block count (873); potential sync issue    
2026-08-10T05:53:02.281083Z  WARN ThreadId(20) hotstuff_runner::app: Node 0 [produce_block] queue size: 0, attempting up to 0 transactions this block    
2026-08-10T05:53:02.282139Z  WARN ThreadId(20) hotstuff_runner::app: Node 0 view(3497) far exceeds block count (874); potential sync issue    
2026-08-10T05:53:02.350603Z  WARN ThreadId(20) hotstuff_runner::app: Node 0 [produce_block] queue size: 0, attempting up to 0 transactions this block    
2026-08-10T05:53:02.350745Z  WARN ThreadId(20) hotstuff_runner::app: Node 0 view(3501) far exceeds block count (875); potential sync issue    
2026-08-10T05:53:02.473945Z  WARN ThreadId(20) hotstuff_runner::app: Node 0 [produce_block] queue size: 2, attempting up to 2 transactions this block    
2026-08-10T05:53:02.474563Z  WARN ThreadId(20) hotstuff_runner::app: Node 0 view(3505) far exceeds block count (876); potential sync issue    
2026-08-10T05:53:02.567909Z  WARN ThreadId(20) hotstuff_runner::app: Node 0 [produce_block] queue size: 2, attempting up to 2 transactions this block    
2026-08-10T05:53:02.568649Z  WARN ThreadId(20) hotstuff_runner::app: Node 0 view(3509) far exceeds block count (877); potential sync issue    
2026-08-10T05:53:02.642911Z  WARN ThreadId(20) hotstuff_runner::app: Node 0 [produce_block] queue size: 0, attempting up to 0 transactions this block    
2026-08-10T05:53:02.643503Z  WARN ThreadId(20) hotstuff_runner::app: Node 0 view(3513) far exceeds block count (878); potential sync issue    
2026-08-10T05:53:02.734178Z  WARN ThreadId(20) hotstuff_runner::app: Node 0 [produce_block] queue size: 2, attempting up to 2 transactions this block    
2026-08-10T05:53:02.735783Z  WARN ThreadId(20) hotstuff_runner::app: Node 0 view(3517) far exceeds block count (879); potential sync issue    
2026-08-10T05:53:02.818160Z  WARN ThreadId(20) hotstuff_runner::app: Node 0 [produce_block] queue size: 0, attempting up to 0 transactions this block    
2026-08-10T05:53:02.818430Z  WARN ThreadId(20) hotstuff_runner::app: Node 0 view(3521) far exceeds block count (880); potential sync issue    
2026-08-10T05:53:02.898871Z  WARN ThreadId(20) hotstuff_runner::app: Node 0 [produce_block] queue size: 0, attempting up to 0 transactions this block    
2026-08-10T05:53:02.899870Z  WARN ThreadId(20) hotstuff_runner::app: Node 0 view(3525) far exceeds block count (881); potential sync issue    
2026-08-10T05:53:02.983850Z  WARN ThreadId(20) hotstuff_runner::app: Node 0 [produce_block] queue size: 2, attempting up to 2 transactions this block    
2026-08-10T05:53:02.984864Z  WARN ThreadId(20) hotstuff_runner::app: Node 0 view(3529) far exceeds block count (882); potential sync issue    
2026-08-10T05:53:03.048183Z  WARN ThreadId(20) hotstuff_runner::app: Node 0 [produce_block] queue size: 0, attempting up to 0 transactions this block    
2026-08-10T05:53:03.048374Z  WARN ThreadId(20) hotstuff_runner::app: Node 0 view(3533) far exceeds block count (883); potential sync issue    
2026-08-10T05:53:03.130084Z  WARN ThreadId(20) hotstuff_runner::app: Node 0 [produce_block] queue size: 2, attempting up to 2 transactions this block    
2026-08-10T05:53:03.130452Z  WARN ThreadId(20) hotstuff_runner::app: Node 0 view(3537) far exceeds block count (884); potential sync issue    
2026-08-10T05:53:03.230960Z  WARN ThreadId(20) hotstuff_runner::app: Node 0 [produce_block] queue size: 0, attempting up to 0 transactions this block    
2026-08-10T05:53:03.231748Z  WARN ThreadId(20) hotstuff_runner::app: Node 0 view(3541) far exceeds block count (885); potential sync issue    
2026-08-10T05:53:03.352564Z  WARN ThreadId(20) hotstuff_runner::app: Node 0 [produce_block] queue size: 2, attempting up to 2 transactions this block    
2026-08-10T05:53:03.362265Z  WARN ThreadId(20) hotstuff_runner::app: Node 0 view(3545) far exceeds block count (886); potential sync issue    
2026-08-10T05:53:03.466824Z  WARN ThreadId(20) hotstuff_runner::app: Node 0 [produce_block] queue size: 0, attempting up to 0 transactions this block    
2026-08-10T05:53:03.468284Z  WARN ThreadId(20) hotstuff_runner::app: Node 0 view(3549) far exceeds block count (887); potential sync issue    
2026-08-10T05:53:03.501464Z  WARN ThreadId(20) hotstuff_runner::app: Node 0 [produce_block] queue size: 0, attempting up to 0 transactions this block    
2026-08-10T05:53:03.502031Z  WARN ThreadId(20) hotstuff_runner::app: Node 0 view(3553) far exceeds block count (888); potential sync issue    
2026-08-10T05:53:03.640921Z  WARN ThreadId(20) hotstuff_runner::app: Node 0 [produce_block] queue size: 2, attempting up to 2 transactions this block    
2026-08-10T05:53:03.641911Z  WARN ThreadId(20) hotstuff_runner::app: Node 0 view(3557) far exceeds block count (889); potential sync issue    
2026-08-10T05:53:03.747088Z  WARN ThreadId(20) hotstuff_runner::app: Node 0 [produce_block] queue size: 2, attempting up to 2 transactions this block    
2026-08-10T05:53:03.749849Z  WARN ThreadId(20) hotstuff_runner::app: Node 0 view(3561) far exceeds block count (890); potential sync issue    
2026-08-10T05:53:03.849003Z  WARN ThreadId(20) hotstuff_runner::app: Node 0 [produce_block] queue size: 0, attempting up to 0 transactions this block    
2026-08-10T05:53:03.870802Z  WARN ThreadId(20) hotstuff_runner::app: Node 0 view(3565) far exceeds block count (891); potential sync issue    
2026-08-10T05:53:03.920314Z  WARN ThreadId(20) hotstuff_runner::app: Node 0 [produce_block] queue size: 2, attempting up to 2 transactions this block    
2026-08-10T05:53:03.921358Z  WARN ThreadId(20) hotstuff_runner::app: Node 0 view(3569) far exceeds block count (892); potential sync issue    
2026-08-10T05:53:04.075425Z  WARN ThreadId(20) hotstuff_runner::app: Node 0 [produce_block] queue size: 2, attempting up to 2 transactions this block    
2026-08-10T05:53:04.077121Z  WARN ThreadId(20) hotstuff_runner::app: Node 0 view(3573) far exceeds block count (893); potential sync issue    
2026-08-10T05:53:04.180703Z  WARN ThreadId(20) hotstuff_runner::app: Node 0 [produce_block] queue size: 0, attempting up to 0 transactions this block    
2026-08-10T05:53:04.181099Z  WARN ThreadId(20) hotstuff_runner::app: Node 0 view(3577) far exceeds block count (894); potential sync issue    
2026-08-10T05:53:04.301381Z  WARN ThreadId(20) hotstuff_runner::app: Node 0 [produce_block] queue size: 2, attempting up to 2 transactions this block    
2026-08-10T05:53:04.307545Z  WARN ThreadId(20) hotstuff_runner::app: Node 0 view(3581) far exceeds block count (895); potential sync issue    
2026-08-10T05:53:04.354973Z  WARN ThreadId(20) hotstuff_runner::app: Node 0 [produce_block] queue size: 0, attempting up to 0 transactions this block    
2026-08-10T05:53:04.355366Z  WARN ThreadId(20) hotstuff_runner::app: Node 0 view(3585) far exceeds block count (896); potential sync issue    
2026-08-10T05:53:04.503390Z  WARN ThreadId(20) hotstuff_runner::app: Node 0 [produce_block] queue size: 0, attempting up to 0 transactions this block    
2026-08-10T05:53:04.503854Z  WARN ThreadId(20) hotstuff_runner::app: Node 0 view(3589) far exceeds block count (897); potential sync issue    
2026-08-10T05:53:04.578041Z  WARN ThreadId(20) hotstuff_runner::app: Node 0 [produce_block] queue size: 2, attempting up to 2 transactions this block    
2026-08-10T05:53:04.579464Z  WARN ThreadId(20) hotstuff_runner::app: Node 0 view(3593) far exceeds block count (898); potential sync issue    
2026-08-10T05:53:04.678002Z  WARN ThreadId(20) hotstuff_runner::app: Node 0 [produce_block] queue size: 0, attempting up to 0 transactions this block    
2026-08-10T05:53:04.678200Z  WARN ThreadId(20) hotstuff_runner::app: Node 0 view(3597) far exceeds block count (899); potential sync issue    
2026-08-10T05:53:04.764046Z  WARN ThreadId(20) hotstuff_runner::app: Node 0 [produce_block] queue size: 2, attempting up to 2 transactions this block    
2026-08-10T05:53:04.773014Z  WARN ThreadId(20) hotstuff_runner::app: Node 0 view(3601) far exceeds block count (900); potential sync issue    
2026-08-10T05:53:04.862338Z  WARN ThreadId(20) hotstuff_runner::app: Node 0 [produce_block] queue size: 0, attempting up to 0 transactions this block    
2026-08-10T05:53:04.862498Z  WARN ThreadId(20) hotstuff_runner::app: Node 0 view(3605) far exceeds block count (901); potential sync issue    
2026-08-10T05:53:04.979536Z  WARN ThreadId(20) hotstuff_runner::app: Node 0 [produce_block] queue size: 2, attempting up to 2 transactions this block    
2026-08-10T05:53:04.981290Z  WARN ThreadId(20) hotstuff_runner::app: Node 0 view(3609) far exceeds block count (902); potential sync issue    
2026-08-10T05:53:05.080817Z  WARN ThreadId(20) hotstuff_runner::app: Node 0 [produce_block] queue size: 0, attempting up to 0 transactions this block    
2026-08-10T05:53:05.087476Z  WARN ThreadId(20) hotstuff_runner::app: Node 0 view(3613) far exceeds block count (903); potential sync issue    
2026-08-10T05:53:05.186903Z  WARN ThreadId(20) hotstuff_runner::app: Node 0 [produce_block] queue size: 2, attempting up to 2 transactions this block    
2026-08-10T05:53:05.187097Z  WARN ThreadId(20) hotstuff_runner::app: Node 0 view(3617) far exceeds block count (904); potential sync issue    
2026-08-10T05:53:05.291192Z  WARN ThreadId(20) hotstuff_runner::app: Node 0 [produce_block] queue size: 0, attempting up to 0 transactions this block    
2026-08-10T05:53:05.294120Z  WARN ThreadId(20) hotstuff_runner::app: Node 0 view(3621) far exceeds block count (905); potential sync issue    
2026-08-10T05:53:05.364916Z  WARN ThreadId(20) hotstuff_runner::app: Node 0 [produce_block] queue size: 2, attempting up to 2 transactions this block    
2026-08-10T05:53:05.365106Z  WARN ThreadId(20) hotstuff_runner::app: Node 0 view(3625) far exceeds block count (906); potential sync issue    
2026-08-10T05:53:05.440950Z  WARN ThreadId(20) hotstuff_runner::app: Node 0 [produce_block] queue size: 0, attempting up to 0 transactions this block    
2026-08-10T05:53:05.442056Z  WARN ThreadId(20) hotstuff_runner::app: Node 0 view(3629) far exceeds block count (907); potential sync issue    
2026-08-10T05:53:05.518499Z  WARN ThreadId(20) hotstuff_runner::app: Node 0 [produce_block] queue size: 0, attempting up to 0 transactions this block    
2026-08-10T05:53:05.522433Z  WARN ThreadId(20) hotstuff_runner::app: Node 0 view(3633) far exceeds block count (908); potential sync issue    
2026-08-10T05:53:05.588874Z  WARN ThreadId(20) hotstuff_runner::app: Node 0 [produce_block] queue size: 2, attempting up to 2 transactions this block    
2026-08-10T05:53:05.590301Z  WARN ThreadId(20) hotstuff_runner::app: Node 0 view(3637) far exceeds block count (909); potential sync issue    
2026-08-10T05:53:05.730906Z  WARN ThreadId(20) hotstuff_runner::app: Node 0 [produce_block] queue size: 0, attempting up to 0 transactions this block    
2026-08-10T05:53:05.731660Z  WARN ThreadId(20) hotstuff_runner::app: Node 0 view(3641) far exceeds block count (910); potential sync issue    
2026-08-10T05:53:05.855200Z  WARN ThreadId(20) hotstuff_runner::app: Node 0 [produce_block] queue size: 2, attempting up to 2 transactions this block    
2026-08-10T05:53:05.859108Z  WARN ThreadId(20) hotstuff_runner::app: Node 0 view(3645) far exceeds block count (911); potential sync issue    
2026-08-10T05:53:05.939943Z  WARN ThreadId(20) hotstuff_runner::app: Node 0 [produce_block] queue size: 0, attempting up to 0 transactions this block    
2026-08-10T05:53:05.942222Z  WARN ThreadId(20) hotstuff_runner::app: Node 0 view(3649) far exceeds block count (912); potential sync issue    
2026-08-10T05:53:06.096453Z  WARN ThreadId(20) hotstuff_runner::app: Node 0 [produce_block] queue size: 2, attempting up to 2 transactions this block    
2026-08-10T05:53:06.125085Z  WARN ThreadId(20) hotstuff_runner::app: Node 0 view(3653) far exceeds block count (913); potential sync issue    
2026-08-10T05:53:06.354190Z  WARN ThreadId(20) hotstuff_runner::app: Node 0 [produce_block] queue size: 2, attempting up to 2 transactions this block    
2026-08-10T05:53:06.354504Z  WARN ThreadId(20) hotstuff_runner::app: Node 0 view(3657) far exceeds block count (914); potential sync issue    
2026-08-10T05:53:06.445093Z  WARN ThreadId(20) hotstuff_runner::app: Node 0 [produce_block] queue size: 2, attempting up to 2 transactions this block    
2026-08-10T05:53:06.445311Z  WARN ThreadId(20) hotstuff_runner::app: Node 0 view(3661) far exceeds block count (915); potential sync issue    
2026-08-10T05:53:06.528384Z  WARN ThreadId(20) hotstuff_runner::app: Node 0 [produce_block] queue size: 0, attempting up to 0 transactions this block    
2026-08-10T05:53:06.528881Z  WARN ThreadId(20) hotstuff_runner::app: Node 0 view(3665) far exceeds block count (916); potential sync issue    
2026-08-10T05:53:06.644446Z  WARN ThreadId(20) hotstuff_runner::app: Node 0 [produce_block] queue size: 2, attempting up to 2 transactions this block    
2026-08-10T05:53:06.648914Z  WARN ThreadId(20) hotstuff_runner::app: Node 0 view(3669) far exceeds block count (917); potential sync issue    
2026-08-10T05:53:06.760913Z  WARN ThreadId(20) hotstuff_runner::app: Node 0 [produce_block] queue size: 0, attempting up to 0 transactions this block    
2026-08-10T05:53:06.761161Z  WARN ThreadId(20) hotstuff_runner::app: Node 0 view(3673) far exceeds block count (918); potential sync issue    
2026-08-10T05:53:06.841374Z  WARN ThreadId(20) hotstuff_runner::app: Node 0 [produce_block] queue size: 2, attempting up to 2 transactions this block    
2026-08-10T05:53:06.844625Z  WARN ThreadId(20) hotstuff_runner::app: Node 0 view(3677) far exceeds block count (919); potential sync issue    
2026-08-10T05:53:06.887088Z  WARN ThreadId(20) hotstuff_runner::app: Node 0 [produce_block] queue size: 0, attempting up to 0 transactions this block    
2026-08-10T05:53:06.887545Z  WARN ThreadId(20) hotstuff_runner::app: Node 0 view(3681) far exceeds block count (920); potential sync issue    
2026-08-10T05:53:06.975083Z  WARN ThreadId(20) hotstuff_runner::app: Node 0 [produce_block] queue size: 0, attempting up to 0 transactions this block    
2026-08-10T05:53:06.975291Z  WARN ThreadId(20) hotstuff_runner::app: Node 0 view(3685) far exceeds block count (921); potential sync issue    
2026-08-10T05:53:07.016959Z  WARN ThreadId(20) hotstuff_runner::app: Node 0 [produce_block] queue size: 2, attempting up to 2 transactions this block    
2026-08-10T05:53:07.017289Z  WARN ThreadId(20) hotstuff_runner::app: Node 0 view(3689) far exceeds block count (922); potential sync issue    
2026-08-10T05:53:07.129813Z  WARN ThreadId(20) hotstuff_runner::app: Node 0 [produce_block] queue size: 0, attempting up to 0 transactions this block    
2026-08-10T05:53:07.130097Z  WARN ThreadId(20) hotstuff_runner::app: Node 0 view(3693) far exceeds block count (923); potential sync issue    
2026-08-10T05:53:07.199542Z  WARN ThreadId(20) hotstuff_runner::app: Node 0 [produce_block] queue size: 0, attempting up to 0 transactions this block    
2026-08-10T05:53:07.199638Z  WARN ThreadId(20) hotstuff_runner::app: Node 0 view(3697) far exceeds block count (924); potential sync issue    
2026-08-10T05:53:07.284379Z  WARN ThreadId(20) hotstuff_runner::app: Node 0 [produce_block] queue size: 2, attempting up to 2 transactions this block    
2026-08-10T05:53:07.284567Z  WARN ThreadId(20) hotstuff_runner::app: Node 0 view(3701) far exceeds block count (925); potential sync issue    
2026-08-10T05:53:07.390140Z  WARN ThreadId(20) hotstuff_runner::app: Node 0 [produce_block] queue size: 0, attempting up to 0 transactions this block    
2026-08-10T05:53:07.397675Z  WARN ThreadId(20) hotstuff_runner::app: Node 0 view(3705) far exceeds block count (926); potential sync issue    
2026-08-10T05:53:07.501434Z  WARN ThreadId(20) hotstuff_runner::app: Node 0 [produce_block] queue size: 2, attempting up to 2 transactions this block    
2026-08-10T05:53:07.503748Z  WARN ThreadId(20) hotstuff_runner::app: Node 0 view(3709) far exceeds block count (927); potential sync issue    
2026-08-10T05:53:07.567195Z  WARN ThreadId(20) hotstuff_runner::app: Node 0 [produce_block] queue size: 0, attempting up to 0 transactions this block    
2026-08-10T05:53:07.567512Z  WARN ThreadId(20) hotstuff_runner::app: Node 0 view(3713) far exceeds block count (928); potential sync issue    
2026-08-10T05:53:07.663209Z  WARN ThreadId(20) hotstuff_runner::app: Node 0 [produce_block] queue size: 2, attempting up to 2 transactions this block    
2026-08-10T05:53:07.663462Z  WARN ThreadId(20) hotstuff_runner::app: Node 0 view(3717) far exceeds block count (929); potential sync issue    
2026-08-10T05:53:07.739094Z  WARN ThreadId(20) hotstuff_runner::app: Node 0 [produce_block] queue size: 0, attempting up to 0 transactions this block    
2026-08-10T05:53:07.740171Z  WARN ThreadId(20) hotstuff_runner::app: Node 0 view(3721) far exceeds block count (930); potential sync issue    
2026-08-10T05:53:07.828232Z  WARN ThreadId(20) hotstuff_runner::app: Node 0 [produce_block] queue size: 0, attempting up to 0 transactions this block    
2026-08-10T05:53:07.828401Z  WARN ThreadId(20) hotstuff_runner::app: Node 0 view(3725) far exceeds block count (931); potential sync issue    
2026-08-10T05:53:07.899332Z  WARN ThreadId(20) hotstuff_runner::app: Node 0 [produce_block] queue size: 2, attempting up to 2 transactions this block    
2026-08-10T05:53:07.900469Z  WARN ThreadId(20) hotstuff_runner::app: Node 0 view(3729) far exceeds block count (932); potential sync issue    
2026-08-10T05:53:07.943680Z  WARN ThreadId(20) hotstuff_runner::app: Node 0 [produce_block] queue size: 0, attempting up to 0 transactions this block    
2026-08-10T05:53:07.943909Z  WARN ThreadId(20) hotstuff_runner::app: Node 0 view(3733) far exceeds block count (933); potential sync issue    
2026-08-10T05:53:07.985356Z  WARN ThreadId(20) hotstuff_runner::app: Node 0 [produce_block] queue size: 0, attempting up to 0 transactions this block    
2026-08-10T05:53:07.985608Z  WARN ThreadId(20) hotstuff_runner::app: Node 0 view(3737) far exceeds block count (934); potential sync issue    
2026-08-10T05:53:08.052357Z  WARN ThreadId(20) hotstuff_runner::app: Node 0 [produce_block] queue size: 0, attempting up to 0 transactions this block    
2026-08-10T05:53:08.052663Z  WARN ThreadId(20) hotstuff_runner::app: Node 0 view(3741) far exceeds block count (935); potential sync issue    
2026-08-10T05:53:08.110951Z  WARN ThreadId(20) hotstuff_runner::app: Node 0 [produce_block] queue size: 2, attempting up to 2 transactions this block    
2026-08-10T05:53:08.111679Z  WARN ThreadId(20) hotstuff_runner::app: Node 0 view(3745) far exceeds block count (936); potential sync issue    
2026-08-10T05:53:08.182939Z  WARN ThreadId(20) hotstuff_runner::app: Node 0 [produce_block] queue size: 0, attempting up to 0 transactions this block    
2026-08-10T05:53:08.185080Z  WARN ThreadId(20) hotstuff_runner::app: Node 0 view(3749) far exceeds block count (937); potential sync issue    
2026-08-10T05:53:08.283217Z  WARN ThreadId(20) hotstuff_runner::app: Node 0 [produce_block] queue size: 2, attempting up to 2 transactions this block    
2026-08-10T05:53:08.287815Z  WARN ThreadId(20) hotstuff_runner::app: Node 0 view(3753) far exceeds block count (938); potential sync issue    
2026-08-10T05:53:08.369654Z  WARN ThreadId(20) hotstuff_runner::app: Node 0 [produce_block] queue size: 0, attempting up to 0 transactions this block    
2026-08-10T05:53:08.369996Z  WARN ThreadId(20) hotstuff_runner::app: Node 0 view(3757) far exceeds block count (939); potential sync issue    
2026-08-10T05:53:08.428390Z  WARN ThreadId(20) hotstuff_runner::app: Node 0 [produce_block] queue size: 0, attempting up to 0 transactions this block    
2026-08-10T05:53:08.429264Z  WARN ThreadId(20) hotstuff_runner::app: Node 0 view(3761) far exceeds block count (940); potential sync issue    
2026-08-10T05:53:08.536967Z  WARN ThreadId(20) hotstuff_runner::app: Node 0 [produce_block] queue size: 2, attempting up to 2 transactions this block    
2026-08-10T05:53:08.537611Z  WARN ThreadId(20) hotstuff_runner::app: Node 0 view(3765) far exceeds block count (941); potential sync issue    
2026-08-10T05:53:08.635505Z  WARN ThreadId(20) hotstuff_runner::app: Node 0 [produce_block] queue size: 0, attempting up to 0 transactions this block    
2026-08-10T05:53:08.638475Z  WARN ThreadId(20) hotstuff_runner::app: Node 0 view(3769) far exceeds block count (942); potential sync issue    
2026-08-10T05:53:08.781131Z  WARN ThreadId(20) hotstuff_runner::app: Node 0 [produce_block] queue size: 2, attempting up to 2 transactions this block    
2026-08-10T05:53:08.782149Z  WARN ThreadId(20) hotstuff_runner::app: Node 0 view(3773) far exceeds block count (943); potential sync issue    
2026-08-10T05:53:08.895809Z  WARN ThreadId(20) hotstuff_runner::app: Node 0 [produce_block] queue size: 2, attempting up to 2 transactions this block    
2026-08-10T05:53:08.896950Z  WARN ThreadId(20) hotstuff_runner::app: Node 0 view(3777) far exceeds block count (944); potential sync issue    
2026-08-10T05:53:09.006787Z  WARN ThreadId(20) hotstuff_runner::app: Node 0 [produce_block] queue size: 0, attempting up to 0 transactions this block    
2026-08-10T05:53:09.008144Z  WARN ThreadId(20) hotstuff_runner::app: Node 0 view(3781) far exceeds block count (945); potential sync issue    
2026-08-10T05:53:09.078250Z  WARN ThreadId(20) hotstuff_runner::app: Node 0 [produce_block] queue size: 2, attempting up to 2 transactions this block    
2026-08-10T05:53:09.079642Z  WARN ThreadId(20) hotstuff_runner::app: Node 0 view(3785) far exceeds block count (946); potential sync issue    
2026-08-10T05:53:09.154295Z  WARN ThreadId(20) hotstuff_runner::app: Node 0 [produce_block] queue size: 0, attempting up to 0 transactions this block    
2026-08-10T05:53:09.154686Z  WARN ThreadId(20) hotstuff_runner::app: Node 0 view(3789) far exceeds block count (947); potential sync issue    
2026-08-10T05:53:09.229900Z  WARN ThreadId(20) hotstuff_runner::app: Node 0 [produce_block] queue size: 2, attempting up to 2 transactions this block    
2026-08-10T05:53:09.234314Z  WARN ThreadId(20) hotstuff_runner::app: Node 0 view(3793) far exceeds block count (948); potential sync issue    
2026-08-10T05:53:09.304509Z  WARN ThreadId(20) hotstuff_runner::app: Node 0 [produce_block] queue size: 0, attempting up to 0 transactions this block    
2026-08-10T05:53:09.304843Z  WARN ThreadId(20) hotstuff_runner::app: Node 0 view(3797) far exceeds block count (949); potential sync issue    
2026-08-10T05:53:09.382760Z  WARN ThreadId(20) hotstuff_runner::app: Node 0 [produce_block] queue size: 0, attempting up to 0 transactions this block    
2026-08-10T05:53:09.383444Z  WARN ThreadId(20) hotstuff_runner::app: Node 0 view(3801) far exceeds block count (950); potential sync issue    
2026-08-10T05:53:09.492907Z  WARN ThreadId(20) hotstuff_runner::app: Node 0 [produce_block] queue size: 2, attempting up to 2 transactions this block    
2026-08-10T05:53:09.505169Z  WARN ThreadId(20) hotstuff_runner::app: Node 0 view(3805) far exceeds block count (951); potential sync issue    
2026-08-10T05:53:09.587186Z  WARN ThreadId(20) hotstuff_runner::app: Node 0 [produce_block] queue size: 0, attempting up to 0 transactions this block    
2026-08-10T05:53:09.592102Z  WARN ThreadId(20) hotstuff_runner::app: Node 0 view(3809) far exceeds block count (952); potential sync issue    
2026-08-10T05:53:09.692628Z  WARN ThreadId(20) hotstuff_runner::app: Node 0 [produce_block] queue size: 2, attempting up to 2 transactions this block    
2026-08-10T05:53:09.693734Z  WARN ThreadId(20) hotstuff_runner::app: Node 0 view(3813) far exceeds block count (953); potential sync issue    
2026-08-10T05:53:09.847417Z  WARN ThreadId(20) hotstuff_runner::app: Node 0 [produce_block] queue size: 0, attempting up to 0 transactions this block    
2026-08-10T05:53:09.847703Z  WARN ThreadId(20) hotstuff_runner::app: Node 0 view(3817) far exceeds block count (954); potential sync issue    
2026-08-10T05:53:09.951872Z  WARN ThreadId(20) hotstuff_runner::app: Node 0 [produce_block] queue size: 2, attempting up to 2 transactions this block    
2026-08-10T05:53:09.953397Z  WARN ThreadId(20) hotstuff_runner::app: Node 0 view(3821) far exceeds block count (955); potential sync issue    
2026-08-10T05:53:10.059254Z  WARN ThreadId(20) hotstuff_runner::app: Node 0 [produce_block] queue size: 0, attempting up to 0 transactions this block    
2026-08-10T05:53:10.062595Z  WARN ThreadId(20) hotstuff_runner::app: Node 0 view(3825) far exceeds block count (956); potential sync issue    
2026-08-10T05:53:10.141848Z  WARN ThreadId(20) hotstuff_runner::app: Node 0 [produce_block] queue size: 2, attempting up to 2 transactions this block    
2026-08-10T05:53:10.142007Z  WARN ThreadId(20) hotstuff_runner::app: Node 0 view(3829) far exceeds block count (957); potential sync issue    
2026-08-10T05:53:10.270921Z  WARN ThreadId(20) hotstuff_runner::app: Node 0 [produce_block] queue size: 0, attempting up to 0 transactions this block    
2026-08-10T05:53:10.271261Z  WARN ThreadId(20) hotstuff_runner::app: Node 0 view(3833) far exceeds block count (958); potential sync issue    
2026-08-10T05:53:10.370293Z  WARN ThreadId(20) hotstuff_runner::app: Node 0 [produce_block] queue size: 2, attempting up to 2 transactions this block    
2026-08-10T05:53:10.371083Z  WARN ThreadId(20) hotstuff_runner::app: Node 0 view(3837) far exceeds block count (959); potential sync issue    
2026-08-10T05:53:10.507151Z  WARN ThreadId(20) hotstuff_runner::app: Node 0 [produce_block] queue size: 2, attempting up to 2 transactions this block    
2026-08-10T05:53:10.512372Z  WARN ThreadId(20) hotstuff_runner::app: Node 0 view(3841) far exceeds block count (960); potential sync issue    
2026-08-10T05:53:10.578640Z  WARN ThreadId(20) hotstuff_runner::app: Node 0 [produce_block] queue size: 0, attempting up to 0 transactions this block    
2026-08-10T05:53:10.579499Z  WARN ThreadId(20) hotstuff_runner::app: Node 0 view(3845) far exceeds block count (961); potential sync issue    
2026-08-10T05:53:10.640582Z  WARN ThreadId(20) hotstuff_runner::app: Node 0 [produce_block] queue size: 0, attempting up to 0 transactions this block    
2026-08-10T05:53:10.643533Z  WARN ThreadId(20) hotstuff_runner::app: Node 0 view(3849) far exceeds block count (962); potential sync issue    
2026-08-10T05:53:10.759738Z  WARN ThreadId(20) hotstuff_runner::app: Node 0 [produce_block] queue size: 2, attempting up to 2 transactions this block    
2026-08-10T05:53:10.760035Z  WARN ThreadId(20) hotstuff_runner::app: Node 0 view(3853) far exceeds block count (963); potential sync issue    
2026-08-10T05:53:10.856760Z  WARN ThreadId(20) hotstuff_runner::app: Node 0 [produce_block] queue size: 0, attempting up to 0 transactions this block    
2026-08-10T05:53:10.856932Z  WARN ThreadId(20) hotstuff_runner::app: Node 0 view(3857) far exceeds block count (964); potential sync issue    
2026-08-10T05:53:10.916314Z  WARN ThreadId(20) hotstuff_runner::app: Node 0 [produce_block] queue size: 2, attempting up to 2 transactions this block    
2026-08-10T05:53:10.916593Z  WARN ThreadId(20) hotstuff_runner::app: Node 0 view(3861) far exceeds block count (965); potential sync issue    
2026-08-10T05:53:10.984220Z  WARN ThreadId(20) hotstuff_runner::app: Node 0 [produce_block] queue size: 0, attempting up to 0 transactions this block    
2026-08-10T05:53:10.985604Z  WARN ThreadId(20) hotstuff_runner::app: Node 0 view(3865) far exceeds block count (966); potential sync issue    
2026-08-10T05:53:11.063975Z  WARN ThreadId(20) hotstuff_runner::app: Node 0 [produce_block] queue size: 0, attempting up to 0 transactions this block    
2026-08-10T05:53:11.073000Z  WARN ThreadId(20) hotstuff_runner::app: Node 0 view(3869) far exceeds block count (967); potential sync issue    
2026-08-10T05:53:11.166830Z  WARN ThreadId(20) hotstuff_runner::app: Node 0 [produce_block] queue size: 2, attempting up to 2 transactions this block    
2026-08-10T05:53:11.167591Z  WARN ThreadId(20) hotstuff_runner::app: Node 0 view(3873) far exceeds block count (968); potential sync issue    
2026-08-10T05:53:11.301186Z  WARN ThreadId(20) hotstuff_runner::app: Node 0 [produce_block] queue size: 0, attempting up to 0 transactions this block    
2026-08-10T05:53:11.301419Z  WARN ThreadId(20) hotstuff_runner::app: Node 0 view(3877) far exceeds block count (969); potential sync issue    
2026-08-10T05:53:11.417514Z  WARN ThreadId(20) hotstuff_runner::app: Node 0 [produce_block] queue size: 2, attempting up to 2 transactions this block    
2026-08-10T05:53:11.419260Z  WARN ThreadId(20) hotstuff_runner::app: Node 0 view(3881) far exceeds block count (970); potential sync issue    
2026-08-10T05:53:11.512188Z  WARN ThreadId(20) hotstuff_runner::app: Node 0 [produce_block] queue size: 0, attempting up to 0 transactions this block    
2026-08-10T05:53:11.512527Z  WARN ThreadId(20) hotstuff_runner::app: Node 0 view(3885) far exceeds block count (971); potential sync issue    
2026-08-10T05:53:11.596901Z  WARN ThreadId(20) hotstuff_runner::app: Node 0 [produce_block] queue size: 2, attempting up to 2 transactions this block    
2026-08-10T05:53:11.597132Z  WARN ThreadId(20) hotstuff_runner::app: Node 0 view(3889) far exceeds block count (972); potential sync issue    
2026-08-10T05:53:11.745236Z  WARN ThreadId(20) hotstuff_runner::app: Node 0 [produce_block] queue size: 2, attempting up to 2 transactions this block    
2026-08-10T05:53:11.745549Z  WARN ThreadId(20) hotstuff_runner::app: Node 0 view(3893) far exceeds block count (973); potential sync issue    
2026-08-10T05:53:11.823022Z  WARN ThreadId(20) hotstuff_runner::app: Node 0 [produce_block] queue size: 0, attempting up to 0 transactions this block    
2026-08-10T05:53:11.823792Z  WARN ThreadId(20) hotstuff_runner::app: Node 0 view(3897) far exceeds block count (974); potential sync issue    
2026-08-10T05:53:11.891178Z  WARN ThreadId(20) hotstuff_runner::app: Node 0 [produce_block] queue size: 0, attempting up to 0 transactions this block    
2026-08-10T05:53:11.892948Z  WARN ThreadId(20) hotstuff_runner::app: Node 0 view(3901) far exceeds block count (975); potential sync issue    
2026-08-10T05:53:11.941052Z  WARN ThreadId(20) hotstuff_runner::app: Node 0 [produce_block] queue size: 2, attempting up to 2 transactions this block    
2026-08-10T05:53:11.941342Z  WARN ThreadId(20) hotstuff_runner::app: Node 0 view(3905) far exceeds block count (976); potential sync issue    
2026-08-10T05:53:12.019817Z  WARN ThreadId(20) hotstuff_runner::app: Node 0 [produce_block] queue size: 0, attempting up to 0 transactions this block    
2026-08-10T05:53:12.020591Z  WARN ThreadId(20) hotstuff_runner::app: Node 0 view(3909) far exceeds block count (977); potential sync issue    
2026-08-10T05:53:12.081352Z  WARN ThreadId(20) hotstuff_runner::app: Node 0 [produce_block] queue size: 0, attempting up to 0 transactions this block    
2026-08-10T05:53:12.082210Z  WARN ThreadId(20) hotstuff_runner::app: Node 0 view(3913) far exceeds block count (978); potential sync issue    
2026-08-10T05:53:12.192984Z  WARN ThreadId(20) hotstuff_runner::app: Node 0 [produce_block] queue size: 2, attempting up to 2 transactions this block    
2026-08-10T05:53:12.194344Z  WARN ThreadId(20) hotstuff_runner::app: Node 0 view(3917) far exceeds block count (979); potential sync issue    
2026-08-10T05:53:12.264530Z  WARN ThreadId(20) hotstuff_runner::app: Node 0 [produce_block] queue size: 0, attempting up to 0 transactions this block    
2026-08-10T05:53:12.265931Z  WARN ThreadId(20) hotstuff_runner::app: Node 0 view(3921) far exceeds block count (980); potential sync issue    
2026-08-10T05:53:12.360900Z  WARN ThreadId(20) hotstuff_runner::app: Node 0 [produce_block] queue size: 2, attempting up to 2 transactions this block    
2026-08-10T05:53:12.364594Z  WARN ThreadId(20) hotstuff_runner::app: Node 0 view(3925) far exceeds block count (981); potential sync issue    
2026-08-10T05:53:12.438409Z  WARN ThreadId(20) hotstuff_runner::app: Node 0 [produce_block] queue size: 0, attempting up to 0 transactions this block    
2026-08-10T05:53:12.439095Z  WARN ThreadId(20) hotstuff_runner::app: Node 0 view(3929) far exceeds block count (982); potential sync issue    
2026-08-10T05:53:12.540884Z  WARN ThreadId(20) hotstuff_runner::app: Node 0 [produce_block] queue size: 0, attempting up to 0 transactions this block    
2026-08-10T05:53:12.541946Z  WARN ThreadId(20) hotstuff_runner::app: Node 0 view(3933) far exceeds block count (983); potential sync issue    
2026-08-10T05:53:12.655749Z  WARN ThreadId(20) hotstuff_runner::app: Node 0 [produce_block] queue size: 2, attempting up to 2 transactions this block    
2026-08-10T05:53:12.657555Z  WARN ThreadId(20) hotstuff_runner::app: Node 0 view(3937) far exceeds block count (984); potential sync issue    
2026-08-10T05:53:12.747078Z  WARN ThreadId(20) hotstuff_runner::app: Node 0 [produce_block] queue size: 0, attempting up to 0 transactions this block    
2026-08-10T05:53:12.747927Z  WARN ThreadId(20) hotstuff_runner::app: Node 0 view(3941) far exceeds block count (985); potential sync issue    
2026-08-10T05:53:12.837045Z  WARN ThreadId(20) hotstuff_runner::app: Node 0 [produce_block] queue size: 2, attempting up to 2 transactions this block    
2026-08-10T05:53:12.837555Z  WARN ThreadId(20) hotstuff_runner::app: Node 0 view(3945) far exceeds block count (986); potential sync issue    
2026-08-10T05:53:12.934386Z  WARN ThreadId(20) hotstuff_runner::app: Node 0 [produce_block] queue size: 2, attempting up to 2 transactions this block    
2026-08-10T05:53:12.934709Z  WARN ThreadId(20) hotstuff_runner::app: Node 0 view(3949) far exceeds block count (987); potential sync issue    
2026-08-10T05:53:13.044918Z  WARN ThreadId(20) hotstuff_runner::app: Node 0 [produce_block] queue size: 0, attempting up to 0 transactions this block    
2026-08-10T05:53:13.045165Z  WARN ThreadId(20) hotstuff_runner::app: Node 0 view(3953) far exceeds block count (988); potential sync issue    
2026-08-10T05:53:13.144910Z  WARN ThreadId(20) hotstuff_runner::app: Node 0 [produce_block] queue size: 2, attempting up to 2 transactions this block    
2026-08-10T05:53:13.145329Z  WARN ThreadId(20) hotstuff_runner::app: Node 0 view(3957) far exceeds block count (989); potential sync issue    
2026-08-10T05:53:13.219775Z  WARN ThreadId(20) hotstuff_runner::app: Node 0 [produce_block] queue size: 0, attempting up to 0 transactions this block    
2026-08-10T05:53:13.224126Z  WARN ThreadId(20) hotstuff_runner::app: Node 0 view(3961) far exceeds block count (990); potential sync issue    
2026-08-10T05:53:13.359412Z  WARN ThreadId(20) hotstuff_runner::app: Node 0 [produce_block] queue size: 2, attempting up to 2 transactions this block    
2026-08-10T05:53:13.359882Z  WARN ThreadId(20) hotstuff_runner::app: Node 0 view(3965) far exceeds block count (991); potential sync issue    
2026-08-10T05:53:13.449799Z  WARN ThreadId(20) hotstuff_runner::app: Node 0 [produce_block] queue size: 0, attempting up to 0 transactions this block    
2026-08-10T05:53:13.451329Z  WARN ThreadId(20) hotstuff_runner::app: Node 0 view(3969) far exceeds block count (992); potential sync issue    
2026-08-10T05:53:13.529954Z  WARN ThreadId(20) hotstuff_runner::app: Node 0 [produce_block] queue size: 0, attempting up to 0 transactions this block    
2026-08-10T05:53:13.530484Z  WARN ThreadId(20) hotstuff_runner::app: Node 0 view(3973) far exceeds block count (993); potential sync issue    
2026-08-10T05:53:13.620699Z  WARN ThreadId(20) hotstuff_runner::app: Node 0 [produce_block] queue size: 2, attempting up to 2 transactions this block    
2026-08-10T05:53:13.624512Z  WARN ThreadId(20) hotstuff_runner::app: Node 0 view(3977) far exceeds block count (994); potential sync issue    
2026-08-10T05:53:13.773168Z  WARN ThreadId(20) hotstuff_runner::app: Node 0 [produce_block] queue size: 2, attempting up to 2 transactions this block    
2026-08-10T05:53:13.773520Z  WARN ThreadId(20) hotstuff_runner::app: Node 0 view(3981) far exceeds block count (995); potential sync issue    
2026-08-10T05:53:13.920786Z  WARN ThreadId(20) hotstuff_runner::app: Node 0 [produce_block] queue size: 0, attempting up to 0 transactions this block    
2026-08-10T05:53:13.921212Z  WARN ThreadId(20) hotstuff_runner::app: Node 0 view(3985) far exceeds block count (996); potential sync issue    
2026-08-10T05:53:14.114296Z  WARN ThreadId(20) hotstuff_runner::app: Node 0 [produce_block] queue size: 2, attempting up to 2 transactions this block    
2026-08-10T05:53:14.121026Z  WARN ThreadId(20) hotstuff_runner::app: Node 0 view(3989) far exceeds block count (997); potential sync issue    
2026-08-10T05:53:14.204919Z  WARN ThreadId(20) hotstuff_runner::app: Node 0 [produce_block] queue size: 2, attempting up to 2 transactions this block    
2026-08-10T05:53:14.205181Z  WARN ThreadId(20) hotstuff_runner::app: Node 0 view(3993) far exceeds block count (998); potential sync issue    
2026-08-10T05:53:14.301714Z  WARN ThreadId(20) hotstuff_runner::app: Node 0 [produce_block] queue size: 0, attempting up to 0 transactions this block    
2026-08-10T05:53:14.302621Z  WARN ThreadId(20) hotstuff_runner::app: Node 0 view(3997) far exceeds block count (999); potential sync issue    
2026-08-10T05:53:14.429510Z  WARN ThreadId(20) hotstuff_runner::app: Node 0 [produce_block] queue size: 2, attempting up to 2 transactions this block    
2026-08-10T05:53:14.430448Z  WARN ThreadId(20) hotstuff_runner::app: Node 0 view(4001) far exceeds block count (1000); potential sync issue    
2026-08-10T05:53:14.540005Z  WARN ThreadId(20) hotstuff_runner::app: Node 0 [produce_block] queue size: 0, attempting up to 0 transactions this block    
2026-08-10T05:53:14.542825Z  WARN ThreadId(20) hotstuff_runner::app: Node 0 view(4005) far exceeds block count (1001); potential sync issue    
2026-08-10T05:53:14.619499Z  WARN ThreadId(20) hotstuff_runner::app: Node 0 [produce_block] queue size: 2, attempting up to 2 transactions this block    
2026-08-10T05:53:14.620753Z  WARN ThreadId(20) hotstuff_runner::app: Node 0 view(4009) far exceeds block count (1002); potential sync issue    
2026-08-10T05:53:14.915672Z  WARN ThreadId(20) hotstuff_runner::app: Node 0 [produce_block] queue size: 2, attempting up to 2 transactions this block    
2026-08-10T05:53:14.916202Z  WARN ThreadId(20) hotstuff_runner::app: Node 0 view(4013) far exceeds block count (1003); potential sync issue    
2026-08-10T05:53:15.060542Z  WARN ThreadId(20) hotstuff_runner::app: Node 0 [produce_block] queue size: 2, attempting up to 2 transactions this block    
2026-08-10T05:53:15.073824Z  WARN ThreadId(20) hotstuff_runner::app: Node 0 view(4017) far exceeds block count (1004); potential sync issue    
2026-08-10T05:53:15.206782Z  WARN ThreadId(20) hotstuff_runner::app: Node 0 [produce_block] queue size: 0, attempting up to 0 transactions this block    
2026-08-10T05:53:15.207057Z  WARN ThreadId(20) hotstuff_runner::app: Node 0 view(4021) far exceeds block count (1005); potential sync issue    
2026-08-10T05:53:15.309104Z  WARN ThreadId(20) hotstuff_runner::app: Node 0 [produce_block] queue size: 2, attempting up to 2 transactions this block    
2026-08-10T05:53:15.310739Z  WARN ThreadId(20) hotstuff_runner::app: Node 0 view(4025) far exceeds block count (1006); potential sync issue    
2026-08-10T05:53:15.384388Z  WARN ThreadId(20) hotstuff_runner::app: Node 0 [produce_block] queue size: 0, attempting up to 0 transactions this block    
2026-08-10T05:53:15.384925Z  WARN ThreadId(20) hotstuff_runner::app: Node 0 view(4029) far exceeds block count (1007); potential sync issue    
2026-08-10T05:53:15.447759Z  WARN ThreadId(20) hotstuff_runner::app: Node 0 [produce_block] queue size: 0, attempting up to 0 transactions this block    
2026-08-10T05:53:15.449337Z  WARN ThreadId(20) hotstuff_runner::app: Node 0 view(4033) far exceeds block count (1008); potential sync issue    
2026-08-10T05:53:15.556468Z  WARN ThreadId(20) hotstuff_runner::app: Node 0 [produce_block] queue size: 2, attempting up to 2 transactions this block    
2026-08-10T05:53:15.557835Z  WARN ThreadId(20) hotstuff_runner::app: Node 0 view(4037) far exceeds block count (1009); potential sync issue    
2026-08-10T05:53:15.638498Z  WARN ThreadId(20) hotstuff_runner::app: Node 0 [produce_block] queue size: 0, attempting up to 0 transactions this block    
2026-08-10T05:53:15.638720Z  WARN ThreadId(20) hotstuff_runner::app: Node 0 view(4041) far exceeds block count (1010); potential sync issue    
2026-08-10T05:53:15.705215Z  WARN ThreadId(20) hotstuff_runner::app: Node 0 [produce_block] queue size: 2, attempting up to 2 transactions this block    
2026-08-10T05:53:15.707963Z  WARN ThreadId(20) hotstuff_runner::app: Node 0 view(4045) far exceeds block count (1011); potential sync issue    
2026-08-10T05:53:15.759081Z  WARN ThreadId(20) hotstuff_runner::app: Node 0 [produce_block] queue size: 0, attempting up to 0 transactions this block    
2026-08-10T05:53:15.760392Z  WARN ThreadId(20) hotstuff_runner::app: Node 0 view(4049) far exceeds block count (1012); potential sync issue    
2026-08-10T05:53:15.887784Z  WARN ThreadId(20) hotstuff_runner::app: Node 0 [produce_block] queue size: 0, attempting up to 0 transactions this block    
2026-08-10T05:53:15.889092Z  WARN ThreadId(20) hotstuff_runner::app: Node 0 view(4053) far exceeds block count (1013); potential sync issue    
2026-08-10T05:53:15.977315Z  WARN ThreadId(20) hotstuff_runner::app: Node 0 [produce_block] queue size: 2, attempting up to 2 transactions this block    
2026-08-10T05:53:15.978206Z  WARN ThreadId(20) hotstuff_runner::app: Node 0 view(4057) far exceeds block count (1014); potential sync issue    
2026-08-10T05:53:16.069232Z  WARN ThreadId(20) hotstuff_runner::app: Node 0 [produce_block] queue size: 0, attempting up to 0 transactions this block    
2026-08-10T05:53:16.069691Z  WARN ThreadId(20) hotstuff_runner::app: Node 0 view(4061) far exceeds block count (1015); potential sync issue    
2026-08-10T05:53:16.216756Z  WARN ThreadId(20) hotstuff_runner::app: Node 0 [produce_block] queue size: 2, attempting up to 2 transactions this block    
2026-08-10T05:53:16.217160Z  WARN ThreadId(20) hotstuff_runner::app: Node 0 view(4065) far exceeds block count (1016); potential sync issue    
2026-08-10T05:53:16.341755Z  WARN ThreadId(20) hotstuff_runner::app: Node 0 [produce_block] queue size: 2, attempting up to 2 transactions this block    
2026-08-10T05:53:16.342625Z  WARN ThreadId(20) hotstuff_runner::app: Node 0 view(4069) far exceeds block count (1017); potential sync issue    
2026-08-10T05:53:16.427238Z  WARN ThreadId(20) hotstuff_runner::app: Node 0 [produce_block] queue size: 0, attempting up to 0 transactions this block    
2026-08-10T05:53:16.427885Z  WARN ThreadId(20) hotstuff_runner::app: Node 0 view(4073) far exceeds block count (1018); potential sync issue    
2026-08-10T05:53:16.611108Z  WARN ThreadId(20) hotstuff_runner::app: Node 0 [produce_block] queue size: 2, attempting up to 2 transactions this block    
2026-08-10T05:53:16.614254Z  WARN ThreadId(20) hotstuff_runner::app: Node 0 view(4077) far exceeds block count (1019); potential sync issue    
2026-08-10T05:53:16.684239Z  WARN ThreadId(20) hotstuff_runner::app: Node 0 [produce_block] queue size: 0, attempting up to 0 transactions this block    
2026-08-10T05:53:16.695299Z  WARN ThreadId(20) hotstuff_runner::app: Node 0 view(4081) far exceeds block count (1020); potential sync issue    
2026-08-10T05:53:16.847522Z  WARN ThreadId(20) hotstuff_runner::app: Node 0 [produce_block] queue size: 2, attempting up to 2 transactions this block    
2026-08-10T05:53:16.848032Z  WARN ThreadId(20) hotstuff_runner::app: Node 0 view(4085) far exceeds block count (1021); potential sync issue    
2026-08-10T05:53:16.926620Z  WARN ThreadId(20) hotstuff_runner::app: Node 0 [produce_block] queue size: 2, attempting up to 2 transactions this block    
2026-08-10T05:53:16.927964Z  WARN ThreadId(20) hotstuff_runner::app: Node 0 view(4089) far exceeds block count (1022); potential sync issue    
2026-08-10T05:53:17.004469Z  WARN ThreadId(20) hotstuff_runner::app: Node 0 [produce_block] queue size: 0, attempting up to 0 transactions this block    
2026-08-10T05:53:17.005996Z  WARN ThreadId(20) hotstuff_runner::app: Node 0 view(4093) far exceeds block count (1023); potential sync issue    
2026-08-10T05:53:17.096611Z  WARN ThreadId(20) hotstuff_runner::app: Node 0 [produce_block] queue size: 2, attempting up to 2 transactions this block    
2026-08-10T05:53:17.097145Z  WARN ThreadId(20) hotstuff_runner::app: Node 0 view(4097) far exceeds block count (1024); potential sync issue    
2026-08-10T05:53:17.186950Z  WARN ThreadId(20) hotstuff_runner::app: Node 0 [produce_block] queue size: 0, attempting up to 0 transactions this block    
2026-08-10T05:53:17.187488Z  WARN ThreadId(20) hotstuff_runner::app: Node 0 view(4101) far exceeds block count (1025); potential sync issue    
2026-08-10T05:53:17.307536Z  WARN ThreadId(20) hotstuff_runner::app: Node 0 [produce_block] queue size: 0, attempting up to 0 transactions this block    
2026-08-10T05:53:17.307648Z  WARN ThreadId(20) hotstuff_runner::app: Node 0 view(4105) far exceeds block count (1026); potential sync issue    
2026-08-10T05:53:17.414186Z  WARN ThreadId(20) hotstuff_runner::app: Node 0 [produce_block] queue size: 2, attempting up to 2 transactions this block    
2026-08-10T05:53:17.415458Z  WARN ThreadId(20) hotstuff_runner::app: Node 0 view(4109) far exceeds block count (1027); potential sync issue    
2026-08-10T05:53:17.664421Z  WARN ThreadId(20) hotstuff_runner::app: Node 0 [produce_block] queue size: 4, attempting up to 4 transactions this block    
2026-08-10T05:53:17.669688Z  WARN ThreadId(20) hotstuff_runner::app: Node 0 view(4113) far exceeds block count (1028); potential sync issue    
2026-08-10T05:53:17.747690Z  WARN ThreadId(20) hotstuff_runner::app: Node 0 [produce_block] queue size: 0, attempting up to 0 transactions this block    
2026-08-10T05:53:17.747937Z  WARN ThreadId(20) hotstuff_runner::app: Node 0 view(4117) far exceeds block count (1029); potential sync issue    
2026-08-10T05:53:17.855985Z  WARN ThreadId(20) hotstuff_runner::app: Node 0 [produce_block] queue size: 0, attempting up to 0 transactions this block    
2026-08-10T05:53:17.856369Z  WARN ThreadId(20) hotstuff_runner::app: Node 0 view(4121) far exceeds block count (1030); potential sync issue    
2026-08-10T05:53:17.917626Z  WARN ThreadId(20) hotstuff_runner::app: Node 0 [produce_block] queue size: 2, attempting up to 2 transactions this block    
2026-08-10T05:53:17.917906Z  WARN ThreadId(20) hotstuff_runner::app: Node 0 view(4125) far exceeds block count (1031); potential sync issue    
2026-08-10T05:53:18.007781Z  WARN ThreadId(20) hotstuff_runner::app: Node 0 [produce_block] queue size: 0, attempting up to 0 transactions this block    
2026-08-10T05:53:18.008190Z  WARN ThreadId(20) hotstuff_runner::app: Node 0 view(4129) far exceeds block count (1032); potential sync issue    
2026-08-10T05:53:18.074330Z  WARN ThreadId(20) hotstuff_runner::app: Node 0 [produce_block] queue size: 2, attempting up to 2 transactions this block    
2026-08-10T05:53:18.076033Z  WARN ThreadId(20) hotstuff_runner::app: Node 0 view(4133) far exceeds block count (1033); potential sync issue    
2026-08-10T05:53:18.119526Z  WARN ThreadId(20) hotstuff_runner::app: Node 0 [produce_block] queue size: 0, attempting up to 0 transactions this block    
2026-08-10T05:53:18.119645Z  WARN ThreadId(20) hotstuff_runner::app: Node 0 view(4137) far exceeds block count (1034); potential sync issue    
2026-08-10T05:53:18.203827Z  WARN ThreadId(20) hotstuff_runner::app: Node 0 [produce_block] queue size: 0, attempting up to 0 transactions this block    
2026-08-10T05:53:18.204504Z  WARN ThreadId(20) hotstuff_runner::app: Node 0 view(4141) far exceeds block count (1035); potential sync issue    
2026-08-10T05:53:18.317552Z  WARN ThreadId(20) hotstuff_runner::app: Node 0 [produce_block] queue size: 2, attempting up to 2 transactions this block    
2026-08-10T05:53:18.317988Z  WARN ThreadId(20) hotstuff_runner::app: Node 0 view(4145) far exceeds block count (1036); potential sync issue    
2026-08-10T05:53:18.428800Z  WARN ThreadId(20) hotstuff_runner::app: Node 0 [produce_block] queue size: 0, attempting up to 0 transactions this block    
2026-08-10T05:53:18.430259Z  WARN ThreadId(20) hotstuff_runner::app: Node 0 view(4149) far exceeds block count (1037); potential sync issue    
2026-08-10T05:53:18.550788Z  WARN ThreadId(20) hotstuff_runner::app: Node 0 [produce_block] queue size: 2, attempting up to 2 transactions this block    
2026-08-10T05:53:18.551420Z  WARN ThreadId(20) hotstuff_runner::app: Node 0 view(4153) far exceeds block count (1038); potential sync issue    
2026-08-10T05:53:18.641770Z  WARN ThreadId(20) hotstuff_runner::app: Node 0 [produce_block] queue size: 0, attempting up to 0 transactions this block    
2026-08-10T05:53:18.642031Z  WARN ThreadId(20) hotstuff_runner::app: Node 0 view(4157) far exceeds block count (1039); potential sync issue    
2026-08-10T05:53:18.803763Z  WARN ThreadId(20) hotstuff_runner::app: Node 0 [produce_block] queue size: 2, attempting up to 2 transactions this block    
2026-08-10T05:53:18.805183Z  WARN ThreadId(20) hotstuff_runner::app: Node 0 view(4161) far exceeds block count (1040); potential sync issue    
2026-08-10T05:53:18.891073Z  WARN ThreadId(20) hotstuff_runner::app: Node 0 [produce_block] queue size: 2, attempting up to 2 transactions this block    
2026-08-10T05:53:18.891221Z  WARN ThreadId(20) hotstuff_runner::app: Node 0 view(4165) far exceeds block count (1041); potential sync issue    
2026-08-10T05:53:18.974343Z  WARN ThreadId(20) hotstuff_runner::app: Node 0 [produce_block] queue size: 0, attempting up to 0 transactions this block    
2026-08-10T05:53:18.989754Z  WARN ThreadId(20) hotstuff_runner::app: Node 0 view(4169) far exceeds block count (1042); potential sync issue    
2026-08-10T05:53:19.122125Z  WARN ThreadId(20) hotstuff_runner::app: Node 0 [produce_block] queue size: 2, attempting up to 2 transactions this block    
2026-08-10T05:53:19.123691Z  WARN ThreadId(20) hotstuff_runner::app: Node 0 view(4173) far exceeds block count (1043); potential sync issue    
2026-08-10T05:53:19.245205Z  WARN ThreadId(20) hotstuff_runner::app: Node 0 [produce_block] queue size: 2, attempting up to 2 transactions this block    
2026-08-10T05:53:19.245386Z  WARN ThreadId(20) hotstuff_runner::app: Node 0 view(4177) far exceeds block count (1044); potential sync issue    
2026-08-10T05:53:19.386541Z  WARN ThreadId(20) hotstuff_runner::app: Node 0 [produce_block] queue size: 0, attempting up to 0 transactions this block    
2026-08-10T05:53:19.386687Z  WARN ThreadId(20) hotstuff_runner::app: Node 0 view(4181) far exceeds block count (1045); potential sync issue    
2026-08-10T05:53:19.582762Z  WARN ThreadId(20) hotstuff_runner::app: Node 0 [produce_block] queue size: 2, attempting up to 2 transactions this block    
2026-08-10T05:53:19.583357Z  WARN ThreadId(20) hotstuff_runner::app: Node 0 view(4185) far exceeds block count (1046); potential sync issue    
2026-08-10T05:53:19.672750Z  WARN ThreadId(20) hotstuff_runner::app: Node 0 [produce_block] queue size: 2, attempting up to 2 transactions this block    
2026-08-10T05:53:19.672948Z  WARN ThreadId(20) hotstuff_runner::app: Node 0 view(4189) far exceeds block count (1047); potential sync issue    
2026-08-10T05:53:19.754174Z  WARN ThreadId(20) hotstuff_runner::app: Node 0 [produce_block] queue size: 0, attempting up to 0 transactions this block    
2026-08-10T05:53:19.837856Z  WARN ThreadId(20) hotstuff_runner::app: Node 0 view(4193) far exceeds block count (1048); potential sync issue    
2026-08-10T05:53:19.915075Z  WARN ThreadId(20) hotstuff_runner::app: Node 0 [produce_block] queue size: 2, attempting up to 2 transactions this block    
2026-08-10T05:53:19.919178Z  WARN ThreadId(20) hotstuff_runner::app: Node 0 view(4197) far exceeds block count (1049); potential sync issue    
2026-08-10T05:53:19.992681Z  WARN ThreadId(20) hotstuff_runner::app: Node 0 [produce_block] queue size: 0, attempting up to 0 transactions this block    
2026-08-10T05:53:19.993106Z  WARN ThreadId(20) hotstuff_runner::app: Node 0 view(4201) far exceeds block count (1050); potential sync issue    
2026-08-10T05:53:20.084228Z  WARN ThreadId(20) hotstuff_runner::app: Node 0 [produce_block] queue size: 2, attempting up to 2 transactions this block    
2026-08-10T05:53:20.085934Z  WARN ThreadId(20) hotstuff_runner::app: Node 0 view(4205) far exceeds block count (1051); potential sync issue    
2026-08-10T05:53:20.174864Z  WARN ThreadId(20) hotstuff_runner::app: Node 0 [produce_block] queue size: 0, attempting up to 0 transactions this block    
2026-08-10T05:53:20.175250Z  WARN ThreadId(20) hotstuff_runner::app: Node 0 view(4209) far exceeds block count (1052); potential sync issue    
2026-08-10T05:53:20.290655Z  WARN ThreadId(20) hotstuff_runner::app: Node 0 [produce_block] queue size: 0, attempting up to 0 transactions this block    
2026-08-10T05:53:20.291380Z  WARN ThreadId(20) hotstuff_runner::app: Node 0 view(4213) far exceeds block count (1053); potential sync issue    
2026-08-10T05:53:20.376912Z  WARN ThreadId(20) hotstuff_runner::app: Node 0 [produce_block] queue size: 2, attempting up to 2 transactions this block    
2026-08-10T05:53:20.377045Z  WARN ThreadId(20) hotstuff_runner::app: Node 0 view(4217) far exceeds block count (1054); potential sync issue    
2026-08-10T05:53:20.435733Z  WARN ThreadId(20) hotstuff_runner::app: Node 0 [produce_block] queue size: 0, attempting up to 0 transactions this block    
2026-08-10T05:53:20.436597Z  WARN ThreadId(20) hotstuff_runner::app: Node 0 view(4221) far exceeds block count (1055); potential sync issue    
2026-08-10T05:53:20.523566Z  WARN ThreadId(20) hotstuff_runner::app: Node 0 [produce_block] queue size: 2, attempting up to 2 transactions this block    
2026-08-10T05:53:20.525103Z  WARN ThreadId(20) hotstuff_runner::app: Node 0 view(4225) far exceeds block count (1056); potential sync issue    
2026-08-10T05:53:20.589945Z  WARN ThreadId(20) hotstuff_runner::app: Node 0 [produce_block] queue size: 0, attempting up to 0 transactions this block    
2026-08-10T05:53:20.591031Z  WARN ThreadId(20) hotstuff_runner::app: Node 0 view(4229) far exceeds block count (1057); potential sync issue    
2026-08-10T05:53:20.663771Z  WARN ThreadId(20) hotstuff_runner::app: Node 0 [produce_block] queue size: 0, attempting up to 0 transactions this block    
2026-08-10T05:53:20.668655Z  WARN ThreadId(20) hotstuff_runner::app: Node 0 view(4233) far exceeds block count (1058); potential sync issue    
2026-08-10T05:53:20.751455Z  WARN ThreadId(20) hotstuff_runner::app: Node 0 [produce_block] queue size: 2, attempting up to 2 transactions this block    
2026-08-10T05:53:20.751731Z  WARN ThreadId(20) hotstuff_runner::app: Node 0 view(4237) far exceeds block count (1059); potential sync issue    
2026-08-10T05:53:20.809489Z  WARN ThreadId(20) hotstuff_runner::app: Node 0 [produce_block] queue size: 0, attempting up to 0 transactions this block    
2026-08-10T05:53:20.810816Z  WARN ThreadId(20) hotstuff_runner::app: Node 0 view(4241) far exceeds block count (1060); potential sync issue    
2026-08-10T05:53:20.862685Z  WARN ThreadId(20) hotstuff_runner::app: Node 0 [produce_block] queue size: 0, attempting up to 0 transactions this block    
2026-08-10T05:53:20.862995Z  WARN ThreadId(20) hotstuff_runner::app: Node 0 view(4245) far exceeds block count (1061); potential sync issue    
2026-08-10T05:53:20.947675Z  WARN ThreadId(20) hotstuff_runner::app: Node 0 [produce_block] queue size: 0, attempting up to 0 transactions this block    
2026-08-10T05:53:20.947884Z  WARN ThreadId(20) hotstuff_runner::app: Node 0 view(4249) far exceeds block count (1062); potential sync issue    
2026-08-10T05:53:21.062715Z  WARN ThreadId(20) hotstuff_runner::app: Node 0 [produce_block] queue size: 2, attempting up to 2 transactions this block    
2026-08-10T05:53:21.063516Z  WARN ThreadId(20) hotstuff_runner::app: Node 0 view(4253) far exceeds block count (1063); potential sync issue    
2026-08-10T05:53:21.259375Z  WARN ThreadId(20) hotstuff_runner::app: Node 0 [produce_block] queue size: 2, attempting up to 2 transactions this block    
2026-08-10T05:53:21.260441Z  WARN ThreadId(20) hotstuff_runner::app: Node 0 view(4257) far exceeds block count (1064); potential sync issue    
2026-08-10T05:53:21.347096Z  WARN ThreadId(20) hotstuff_runner::app: Node 0 [produce_block] queue size: 2, attempting up to 2 transactions this block    
2026-08-10T05:53:21.347402Z  WARN ThreadId(20) hotstuff_runner::app: Node 0 view(4261) far exceeds block count (1065); potential sync issue    
2026-08-10T05:53:21.423125Z  WARN ThreadId(20) hotstuff_runner::app: Node 0 [produce_block] queue size: 0, attempting up to 0 transactions this block    
2026-08-10T05:53:21.424096Z  WARN ThreadId(20) hotstuff_runner::app: Node 0 view(4265) far exceeds block count (1066); potential sync issue    
2026-08-10T05:53:21.553011Z  WARN ThreadId(20) hotstuff_runner::app: Node 0 [produce_block] queue size: 2, attempting up to 2 transactions this block    
2026-08-10T05:53:21.561909Z  WARN ThreadId(20) hotstuff_runner::app: Node 0 view(4269) far exceeds block count (1067); potential sync issue    
2026-08-10T05:53:21.647595Z  WARN ThreadId(20) hotstuff_runner::app: Node 0 [produce_block] queue size: 0, attempting up to 0 transactions this block    
2026-08-10T05:53:21.650462Z  WARN ThreadId(20) hotstuff_runner::app: Node 0 view(4273) far exceeds block count (1068); potential sync issue    
2026-08-10T05:53:21.731527Z  WARN ThreadId(20) hotstuff_runner::app: Node 0 [produce_block] queue size: 0, attempting up to 0 transactions this block    
2026-08-10T05:53:21.735918Z  WARN ThreadId(20) hotstuff_runner::app: Node 0 view(4277) far exceeds block count (1069); potential sync issue    
2026-08-10T05:53:21.837108Z  WARN ThreadId(20) hotstuff_runner::app: Node 0 [produce_block] queue size: 2, attempting up to 2 transactions this block    
2026-08-10T05:53:21.839110Z  WARN ThreadId(20) hotstuff_runner::app: Node 0 view(4281) far exceeds block count (1070); potential sync issue    
2026-08-10T05:53:21.916647Z  WARN ThreadId(20) hotstuff_runner::app: Node 0 [produce_block] queue size: 0, attempting up to 0 transactions this block    
2026-08-10T05:53:21.917094Z  WARN ThreadId(20) hotstuff_runner::app: Node 0 view(4285) far exceeds block count (1071); potential sync issue    
2026-08-10T05:53:21.973919Z  WARN ThreadId(20) hotstuff_runner::app: Node 0 [produce_block] queue size: 2, attempting up to 2 transactions this block    
2026-08-10T05:53:21.974341Z  WARN ThreadId(20) hotstuff_runner::app: Node 0 view(4289) far exceeds block count (1072); potential sync issue    
2026-08-10T05:53:22.036816Z  WARN ThreadId(20) hotstuff_runner::app: Node 0 [produce_block] queue size: 0, attempting up to 0 transactions this block    
2026-08-10T05:53:22.037124Z  WARN ThreadId(20) hotstuff_runner::app: Node 0 view(4293) far exceeds block count (1073); potential sync issue    
2026-08-10T05:53:22.108003Z  WARN ThreadId(20) hotstuff_runner::app: Node 0 [produce_block] queue size: 2, attempting up to 2 transactions this block    
2026-08-10T05:53:22.108661Z  WARN ThreadId(20) hotstuff_runner::app: Node 0 view(4297) far exceeds block count (1074); potential sync issue    
2026-08-10T05:53:22.167638Z  WARN ThreadId(20) hotstuff_runner::app: Node 0 [produce_block] queue size: 0, attempting up to 0 transactions this block    
2026-08-10T05:53:22.169067Z  WARN ThreadId(20) hotstuff_runner::app: Node 0 view(4301) far exceeds block count (1075); potential sync issue    
2026-08-10T05:53:22.233897Z  WARN ThreadId(20) hotstuff_runner::app: Node 0 [produce_block] queue size: 0, attempting up to 0 transactions this block    
2026-08-10T05:53:22.235529Z  WARN ThreadId(20) hotstuff_runner::app: Node 0 view(4305) far exceeds block count (1076); potential sync issue    
2026-08-10T05:53:22.320198Z  WARN ThreadId(20) hotstuff_runner::app: Node 0 [produce_block] queue size: 2, attempting up to 2 transactions this block    
2026-08-10T05:53:22.320339Z  WARN ThreadId(20) hotstuff_runner::app: Node 0 view(4309) far exceeds block count (1077); potential sync issue    
2026-08-10T05:53:22.417923Z  WARN ThreadId(20) hotstuff_runner::app: Node 0 [produce_block] queue size: 0, attempting up to 0 transactions this block    
2026-08-10T05:53:22.420652Z  WARN ThreadId(20) hotstuff_runner::app: Node 0 view(4313) far exceeds block count (1078); potential sync issue    
2026-08-10T05:53:22.524900Z  WARN ThreadId(20) hotstuff_runner::app: Node 0 [produce_block] queue size: 2, attempting up to 2 transactions this block    
2026-08-10T05:53:22.526055Z  WARN ThreadId(20) hotstuff_runner::app: Node 0 view(4317) far exceeds block count (1079); potential sync issue    
2026-08-10T05:53:22.605467Z  WARN ThreadId(20) hotstuff_runner::app: Node 0 [produce_block] queue size: 0, attempting up to 0 transactions this block    
2026-08-10T05:53:22.605821Z  WARN ThreadId(20) hotstuff_runner::app: Node 0 view(4321) far exceeds block count (1080); potential sync issue    
2026-08-10T05:53:22.668902Z  WARN ThreadId(20) hotstuff_runner::app: Node 0 [produce_block] queue size: 2, attempting up to 2 transactions this block    
2026-08-10T05:53:22.669074Z  WARN ThreadId(20) hotstuff_runner::app: Node 0 view(4325) far exceeds block count (1081); potential sync issue    
2026-08-10T05:53:22.762600Z  WARN ThreadId(20) hotstuff_runner::app: Node 0 [produce_block] queue size: 0, attempting up to 0 transactions this block    
2026-08-10T05:53:22.763056Z  WARN ThreadId(20) hotstuff_runner::app: Node 0 view(4329) far exceeds block count (1082); potential sync issue    
2026-08-10T05:53:22.827632Z  WARN ThreadId(20) hotstuff_runner::app: Node 0 [produce_block] queue size: 0, attempting up to 0 transactions this block    
2026-08-10T05:53:22.828212Z  WARN ThreadId(20) hotstuff_runner::app: Node 0 view(4333) far exceeds block count (1083); potential sync issue    
2026-08-10T05:53:22.905358Z  WARN ThreadId(20) hotstuff_runner::app: Node 0 [produce_block] queue size: 2, attempting up to 2 transactions this block    
2026-08-10T05:53:22.909973Z  WARN ThreadId(20) hotstuff_runner::app: Node 0 view(4337) far exceeds block count (1084); potential sync issue    
2026-08-10T05:53:23.001348Z  WARN ThreadId(20) hotstuff_runner::app: Node 0 [produce_block] queue size: 0, attempting up to 0 transactions this block    
2026-08-10T05:53:23.001475Z  WARN ThreadId(20) hotstuff_runner::app: Node 0 view(4341) far exceeds block count (1085); potential sync issue    
2026-08-10T05:53:23.091907Z  WARN ThreadId(20) hotstuff_runner::app: Node 0 [produce_block] queue size: 2, attempting up to 2 transactions this block    
2026-08-10T05:53:23.092205Z  WARN ThreadId(20) hotstuff_runner::app: Node 0 view(4345) far exceeds block count (1086); potential sync issue    
2026-08-10T05:53:23.183908Z  WARN ThreadId(20) hotstuff_runner::app: Node 0 [produce_block] queue size: 0, attempting up to 0 transactions this block    
2026-08-10T05:53:23.190737Z  WARN ThreadId(20) hotstuff_runner::app: Node 0 view(4349) far exceeds block count (1087); potential sync issue    
2026-08-10T05:53:23.297639Z  WARN ThreadId(20) hotstuff_runner::app: Node 0 [produce_block] queue size: 2, attempting up to 2 transactions this block    
2026-08-10T05:53:23.299087Z  WARN ThreadId(20) hotstuff_runner::app: Node 0 view(4353) far exceeds block count (1088); potential sync issue    
2026-08-10T05:53:23.381648Z  WARN ThreadId(20) hotstuff_runner::app: Node 0 [produce_block] queue size: 0, attempting up to 0 transactions this block    
2026-08-10T05:53:23.383909Z  WARN ThreadId(20) hotstuff_runner::app: Node 0 view(4357) far exceeds block count (1089); potential sync issue    
2026-08-10T05:53:23.464406Z  WARN ThreadId(20) hotstuff_runner::app: Node 0 [produce_block] queue size: 2, attempting up to 2 transactions this block    
2026-08-10T05:53:23.465145Z  WARN ThreadId(20) hotstuff_runner::app: Node 0 view(4361) far exceeds block count (1090); potential sync issue    
2026-08-10T05:53:23.519596Z  WARN ThreadId(20) hotstuff_runner::app: Node 0 [produce_block] queue size: 0, attempting up to 0 transactions this block    
2026-08-10T05:53:23.519718Z  WARN ThreadId(20) hotstuff_runner::app: Node 0 view(4365) far exceeds block count (1091); potential sync issue    
2026-08-10T05:53:23.629314Z  WARN ThreadId(20) hotstuff_runner::app: Node 0 [produce_block] queue size: 0, attempting up to 0 transactions this block    
2026-08-10T05:53:23.629429Z  WARN ThreadId(20) hotstuff_runner::app: Node 0 view(4369) far exceeds block count (1092); potential sync issue    
2026-08-10T05:53:23.776979Z  WARN ThreadId(20) hotstuff_runner::app: Node 0 [produce_block] queue size: 2, attempting up to 2 transactions this block    
2026-08-10T05:53:23.793123Z  WARN ThreadId(20) hotstuff_runner::app: Node 0 view(4373) far exceeds block count (1093); potential sync issue    
2026-08-10T05:53:23.875907Z  WARN ThreadId(20) hotstuff_runner::app: Node 0 [produce_block] queue size: 2, attempting up to 2 transactions this block    
2026-08-10T05:53:23.876052Z  WARN ThreadId(20) hotstuff_runner::app: Node 0 view(4377) far exceeds block count (1094); potential sync issue    
2026-08-10T05:53:23.970905Z  WARN ThreadId(20) hotstuff_runner::app: Node 0 [produce_block] queue size: 0, attempting up to 0 transactions this block    
2026-08-10T05:53:23.971665Z  WARN ThreadId(20) hotstuff_runner::app: Node 0 view(4381) far exceeds block count (1095); potential sync issue    
2026-08-10T05:53:24.077949Z  WARN ThreadId(20) hotstuff_runner::app: Node 0 [produce_block] queue size: 2, attempting up to 2 transactions this block    
2026-08-10T05:53:24.078129Z  WARN ThreadId(20) hotstuff_runner::app: Node 0 view(4385) far exceeds block count (1096); potential sync issue    
2026-08-10T05:53:24.138764Z  WARN ThreadId(20) hotstuff_runner::app: Node 0 [produce_block] queue size: 0, attempting up to 0 transactions this block    
2026-08-10T05:53:24.139064Z  WARN ThreadId(20) hotstuff_runner::app: Node 0 view(4389) far exceeds block count (1097); potential sync issue    
2026-08-10T05:53:24.222340Z  WARN ThreadId(20) hotstuff_runner::app: Node 0 [produce_block] queue size: 0, attempting up to 0 transactions this block    
2026-08-10T05:53:24.222969Z  WARN ThreadId(20) hotstuff_runner::app: Node 0 view(4393) far exceeds block count (1098); potential sync issue    
2026-08-10T05:53:24.308044Z  WARN ThreadId(20) hotstuff_runner::app: Node 0 [produce_block] queue size: 2, attempting up to 2 transactions this block    
2026-08-10T05:53:24.308267Z  WARN ThreadId(20) hotstuff_runner::app: Node 0 view(4397) far exceeds block count (1099); potential sync issue    
2026-08-10T05:53:24.363414Z  WARN ThreadId(20) hotstuff_runner::app: Node 0 [produce_block] queue size: 0, attempting up to 0 transactions this block    
2026-08-10T05:53:24.363756Z  WARN ThreadId(20) hotstuff_runner::app: Node 0 view(4401) far exceeds block count (1100); potential sync issue    
2026-08-10T05:53:24.620278Z  WARN ThreadId(20) hotstuff_runner::app: Node 0 [produce_block] queue size: 2, attempting up to 2 transactions this block    
2026-08-10T05:53:24.623193Z  WARN ThreadId(20) hotstuff_runner::app: Node 0 view(4405) far exceeds block count (1101); potential sync issue    
2026-08-10T05:53:24.684920Z  WARN ThreadId(20) hotstuff_runner::app: Node 0 [produce_block] queue size: 0, attempting up to 0 transactions this block    
2026-08-10T05:53:24.685145Z  WARN ThreadId(20) hotstuff_runner::app: Node 0 view(4409) far exceeds block count (1102); potential sync issue    
2026-08-10T05:53:24.733197Z  WARN ThreadId(20) hotstuff_runner::app: Node 0 [produce_block] queue size: 2, attempting up to 2 transactions this block    
2026-08-10T05:53:24.733564Z  WARN ThreadId(20) hotstuff_runner::app: Node 0 view(4413) far exceeds block count (1103); potential sync issue    
2026-08-10T05:53:24.794428Z  WARN ThreadId(20) hotstuff_runner::app: Node 0 [produce_block] queue size: 0, attempting up to 0 transactions this block    
2026-08-10T05:53:24.794972Z  WARN ThreadId(20) hotstuff_runner::app: Node 0 view(4417) far exceeds block count (1104); potential sync issue    
2026-08-10T05:53:24.866959Z  WARN ThreadId(20) hotstuff_runner::app: Node 0 [produce_block] queue size: 0, attempting up to 0 transactions this block    
2026-08-10T05:53:24.867166Z  WARN ThreadId(20) hotstuff_runner::app: Node 0 view(4421) far exceeds block count (1105); potential sync issue    
2026-08-10T05:53:24.971123Z  WARN ThreadId(20) hotstuff_runner::app: Node 0 [produce_block] queue size: 2, attempting up to 2 transactions this block    
2026-08-10T05:53:24.971862Z  WARN ThreadId(20) hotstuff_runner::app: Node 0 view(4425) far exceeds block count (1106); potential sync issue    
2026-08-10T05:53:25.019734Z  WARN ThreadId(20) hotstuff_runner::app: Node 0 [produce_block] queue size: 0, attempting up to 0 transactions this block    
2026-08-10T05:53:25.020435Z  WARN ThreadId(20) hotstuff_runner::app: Node 0 view(4429) far exceeds block count (1107); potential sync issue    
2026-08-10T05:53:25.084541Z  WARN ThreadId(20) hotstuff_runner::app: Node 0 [produce_block] queue size: 0, attempting up to 0 transactions this block    
2026-08-10T05:53:25.084806Z  WARN ThreadId(20) hotstuff_runner::app: Node 0 view(4433) far exceeds block count (1108); potential sync issue    
2026-08-10T05:53:25.149885Z  WARN ThreadId(20) hotstuff_runner::app: Node 0 [produce_block] queue size: 2, attempting up to 2 transactions this block    
2026-08-10T05:53:25.150916Z  WARN ThreadId(20) hotstuff_runner::app: Node 0 view(4437) far exceeds block count (1109); potential sync issue    
2026-08-10T05:53:25.223179Z  WARN ThreadId(20) hotstuff_runner::app: Node 0 [produce_block] queue size: 0, attempting up to 0 transactions this block    
2026-08-10T05:53:25.223332Z  WARN ThreadId(20) hotstuff_runner::app: Node 0 view(4441) far exceeds block count (1110); potential sync issue    
2026-08-10T05:53:25.272959Z  WARN ThreadId(20) hotstuff_runner::app: Node 0 [produce_block] queue size: 0, attempting up to 0 transactions this block    
2026-08-10T05:53:25.274015Z  WARN ThreadId(20) hotstuff_runner::app: Node 0 view(4445) far exceeds block count (1111); potential sync issue    
2026-08-10T05:53:25.394716Z  WARN ThreadId(20) hotstuff_runner::app: Node 0 [produce_block] queue size: 2, attempting up to 2 transactions this block    
2026-08-10T05:53:25.398921Z  WARN ThreadId(20) hotstuff_runner::app: Node 0 view(4449) far exceeds block count (1112); potential sync issue    
2026-08-10T05:53:25.508568Z  WARN ThreadId(20) hotstuff_runner::app: Node 0 [produce_block] queue size: 0, attempting up to 0 transactions this block    
2026-08-10T05:53:25.516921Z  WARN ThreadId(20) hotstuff_runner::app: Node 0 view(4453) far exceeds block count (1113); potential sync issue    
2026-08-10T05:53:25.595035Z  WARN ThreadId(20) hotstuff_runner::app: Node 0 [produce_block] queue size: 2, attempting up to 2 transactions this block    
2026-08-10T05:53:25.596956Z  WARN ThreadId(20) hotstuff_runner::app: Node 0 view(4457) far exceeds block count (1114); potential sync issue    
2026-08-10T05:53:25.666677Z  WARN ThreadId(20) hotstuff_runner::app: Node 0 [produce_block] queue size: 0, attempting up to 0 transactions this block    
2026-08-10T05:53:25.668418Z  WARN ThreadId(20) hotstuff_runner::app: Node 0 view(4461) far exceeds block count (1115); potential sync issue    
2026-08-10T05:53:25.752318Z  WARN ThreadId(20) hotstuff_runner::app: Node 0 [produce_block] queue size: 0, attempting up to 0 transactions this block    
2026-08-10T05:53:25.752913Z  WARN ThreadId(20) hotstuff_runner::app: Node 0 view(4465) far exceeds block count (1116); potential sync issue    
2026-08-10T05:53:25.813146Z  WARN ThreadId(20) hotstuff_runner::app: Node 0 [produce_block] queue size: 2, attempting up to 2 transactions this block    
2026-08-10T05:53:25.814056Z  WARN ThreadId(20) hotstuff_runner::app: Node 0 view(4469) far exceeds block count (1117); potential sync issue    
2026-08-10T05:53:25.866326Z  WARN ThreadId(20) hotstuff_runner::app: Node 0 [produce_block] queue size: 0, attempting up to 0 transactions this block    
2026-08-10T05:53:25.866533Z  WARN ThreadId(20) hotstuff_runner::app: Node 0 view(4473) far exceeds block count (1118); potential sync issue    
2026-08-10T05:53:25.930688Z  WARN ThreadId(20) hotstuff_runner::app: Node 0 [produce_block] queue size: 0, attempting up to 0 transactions this block    
2026-08-10T05:53:25.931882Z  WARN ThreadId(20) hotstuff_runner::app: Node 0 view(4477) far exceeds block count (1119); potential sync issue    
2026-08-10T05:53:25.982392Z  WARN ThreadId(20) hotstuff_runner::app: Node 0 [produce_block] queue size: 0, attempting up to 0 transactions this block    
2026-08-10T05:53:25.984020Z  WARN ThreadId(20) hotstuff_runner::app: Node 0 view(4481) far exceeds block count (1120); potential sync issue    
2026-08-10T05:53:26.013591Z  WARN ThreadId(20) hotstuff_runner::app: Node 0 [produce_block] queue size: 0, attempting up to 0 transactions this block    
2026-08-10T05:53:26.015141Z  WARN ThreadId(20) hotstuff_runner::app: Node 0 view(4485) far exceeds block count (1121); potential sync issue    
2026-08-10T05:53:26.087301Z  WARN ThreadId(20) hotstuff_runner::app: Node 0 [produce_block] queue size: 2, attempting up to 2 transactions this block    
2026-08-10T05:53:26.087451Z  WARN ThreadId(20) hotstuff_runner::app: Node 0 view(4489) far exceeds block count (1122); potential sync issue    
2026-08-10T05:53:26.163902Z  WARN ThreadId(20) hotstuff_runner::app: Node 0 [produce_block] queue size: 0, attempting up to 0 transactions this block    
2026-08-10T05:53:26.165030Z  WARN ThreadId(20) hotstuff_runner::app: Node 0 view(4493) far exceeds block count (1123); potential sync issue    
2026-08-10T05:53:26.247722Z  WARN ThreadId(20) hotstuff_runner::app: Node 0 [produce_block] queue size: 2, attempting up to 2 transactions this block    
2026-08-10T05:53:26.247867Z  WARN ThreadId(20) hotstuff_runner::app: Node 0 view(4497) far exceeds block count (1124); potential sync issue    
2026-08-10T05:53:26.371902Z  WARN ThreadId(20) hotstuff_runner::app: Node 0 [produce_block] queue size: 0, attempting up to 0 transactions this block    
2026-08-10T05:53:26.372242Z  WARN ThreadId(20) hotstuff_runner::app: Node 0 view(4501) far exceeds block count (1125); potential sync issue    
2026-08-10T05:53:26.434281Z  WARN ThreadId(20) hotstuff_runner::app: Node 0 [produce_block] queue size: 0, attempting up to 0 transactions this block    
2026-08-10T05:53:26.435948Z  WARN ThreadId(20) hotstuff_runner::app: Node 0 view(4505) far exceeds block count (1126); potential sync issue    
2026-08-10T05:53:26.562900Z  WARN ThreadId(20) hotstuff_runner::app: Node 0 [produce_block] queue size: 2, attempting up to 2 transactions this block    
2026-08-10T05:53:26.563238Z  WARN ThreadId(20) hotstuff_runner::app: Node 0 view(4509) far exceeds block count (1127); potential sync issue    
2026-08-10T05:53:26.625627Z  WARN ThreadId(20) hotstuff_runner::app: Node 0 [produce_block] queue size: 0, attempting up to 0 transactions this block    
2026-08-10T05:53:26.626390Z  WARN ThreadId(20) hotstuff_runner::app: Node 0 view(4513) far exceeds block count (1128); potential sync issue    
2026-08-10T05:53:26.677718Z  WARN ThreadId(20) hotstuff_runner::app: Node 0 [produce_block] queue size: 2, attempting up to 2 transactions this block    
2026-08-10T05:53:26.677977Z  WARN ThreadId(20) hotstuff_runner::app: Node 0 view(4517) far exceeds block count (1129); potential sync issue    
2026-08-10T05:53:26.781853Z  WARN ThreadId(20) hotstuff_runner::app: Node 0 [produce_block] queue size: 0, attempting up to 0 transactions this block    
2026-08-10T05:53:26.783246Z  WARN ThreadId(20) hotstuff_runner::app: Node 0 view(4521) far exceeds block count (1130); potential sync issue    
2026-08-10T05:53:27.347526Z  WARN ThreadId(21) hotstuff_runner::tcp_node: Node 0 view 4523 timed out; latency may accumulate
2026-08-10T05:53:27.349134Z  WARN ThreadId(20) hotstuff_rs::block_tree::invariants: SAFE_PC_FAIL: pc.block=[212, 205, 250, 204, 89, 107, 254, 11, 133, 54, 2, 96, 147, 7, 204, 83, 64, 144, 98, 177, 195, 87, 136, 13, 98, 158, 20, 105, 223, 206, 72, 41] view=4520 phase=Generic | cond1(chain_id/genesis)=true (pc.chain_id=0, my.chain_id=0) | cond2(block_exists/genesis)=true (exists=true) | cond3(view>locked || extends)=false (pc.view=4520, locked.view=4521, extends=false) | cond4(phase/updates)=true (phase_special=false, has_updates=false) | highest_pc.block=[139, 113, 35, 53, 252, 147, 114, 98, 249, 38, 44, 85, 75, 43, 169, 22, 223, 199, 221, 206, 127, 45, 162, 110, 7, 234, 146, 173, 119, 66, 200, 233] highest_pc.view=4522 locked.block=[195, 99, 168, 47, 233, 87, 127, 49, 57, 22, 199, 43, 249, 251, 141, 45, 133, 178, 86, 185, 56, 131, 0, 84, 51, 81, 4, 214, 77, 194, 204, 88] locked.view=4521    
2026-08-10T05:53:27.351796Z  WARN ThreadId(20) hotstuff_rs::block_tree::invariants: SAFE_BLOCK_FAIL: block=[142, 191, 195, 130, 127, 173, 27, 236, 159, 62, 165, 76, 234, 220, 100, 195, 175, 239, 63, 68, 167, 82, 146, 21, 230, 168, 126, 143, 238, 160, 62, 53] height=None | cond1(safe_pc)=false | cond2(is_block_justify)=true (justify.phase=Generic) | justify.block=[212, 205, 250, 204, 89, 107, 254, 11, 133, 54, 2, 96, 147, 7, 204, 83, 64, 144, 98, 177, 195, 87, 136, 13, 98, 158, 20, 105, 223, 206, 72, 41] justify.view=4520 | highest_pc.block=[139, 113, 35, 53, 252, 147, 114, 98, 249, 38, 44, 85, 75, 43, 169, 22, 223, 199, 221, 206, 127, 45, 162, 110, 7, 234, 146, 173, 119, 66, 200, 233] highest_pc.view=4522 | locked.block=[195, 99, 168, 47, 233, 87, 127, 49, 57, 22, 199, 43, 249, 251, 141, 45, 133, 178, 86, 185, 56, 131, 0, 84, 51, 81, 4, 214, 77, 194, 204, 88] locked.view=4521    
2026-08-10T05:53:27.845701Z  WARN ThreadId(20) hotstuff_rs::block_tree::invariants: SAFE_PC_FAIL: pc.block=[212, 205, 250, 204, 89, 107, 254, 11, 133, 54, 2, 96, 147, 7, 204, 83, 64, 144, 98, 177, 195, 87, 136, 13, 98, 158, 20, 105, 223, 206, 72, 41] view=4520 phase=Generic | cond1(chain_id/genesis)=true (pc.chain_id=0, my.chain_id=0) | cond2(block_exists/genesis)=true (exists=true) | cond3(view>locked || extends)=false (pc.view=4520, locked.view=4521, extends=false) | cond4(phase/updates)=true (phase_special=false, has_updates=false) | highest_pc.block=[139, 113, 35, 53, 252, 147, 114, 98, 249, 38, 44, 85, 75, 43, 169, 22, 223, 199, 221, 206, 127, 45, 162, 110, 7, 234, 146, 173, 119, 66, 200, 233] highest_pc.view=4522 locked.block=[195, 99, 168, 47, 233, 87, 127, 49, 57, 22, 199, 43, 249, 251, 141, 45, 133, 178, 86, 185, 56, 131, 0, 84, 51, 81, 4, 214, 77, 194, 204, 88] locked.view=4521    
2026-08-10T05:53:27.848055Z  WARN ThreadId(20) hotstuff_runner::app: Node 0 [produce_block] queue size: 10, attempting up to 10 transactions this block    
2026-08-10T05:53:27.848350Z  WARN ThreadId(20) hotstuff_runner::app: Node 0 view(4525) far exceeds block count (1131); potential sync issue    
2026-08-10T05:53:28.372790Z  WARN ThreadId(21) hotstuff_runner::tcp_node: Node 0 view 4527 timed out; latency may accumulate
2026-08-10T05:53:28.482598Z  WARN ThreadId(20) hotstuff_runner::app: Node 0 [produce_block] queue size: 8, attempting up to 8 transactions this block    
2026-08-10T05:53:28.492145Z  WARN ThreadId(20) hotstuff_runner::app: Node 0 view(4529) far exceeds block count (1132); potential sync issue    
2026-08-10T05:53:28.560932Z  WARN ThreadId(20) hotstuff_runner::app: Node 0 [produce_block] queue size: 0, attempting up to 0 transactions this block    
2026-08-10T05:53:28.561968Z  WARN ThreadId(20) hotstuff_runner::app: Node 0 view(4533) far exceeds block count (1133); potential sync issue    
2026-08-10T05:53:28.633901Z  WARN ThreadId(20) hotstuff_runner::app: Node 0 [produce_block] queue size: 0, attempting up to 0 transactions this block    
2026-08-10T05:53:28.634086Z  WARN ThreadId(20) hotstuff_runner::app: Node 0 view(4537) far exceeds block count (1134); potential sync issue    
2026-08-10T05:53:28.735697Z  WARN ThreadId(20) hotstuff_runner::app: Node 0 [produce_block] queue size: 2, attempting up to 2 transactions this block    
2026-08-10T05:53:28.736271Z  WARN ThreadId(20) hotstuff_runner::app: Node 0 view(4541) far exceeds block count (1135); potential sync issue    
2026-08-10T05:53:28.814610Z  WARN ThreadId(20) hotstuff_runner::app: Node 0 [produce_block] queue size: 0, attempting up to 0 transactions this block    
2026-08-10T05:53:28.815866Z  WARN ThreadId(20) hotstuff_runner::app: Node 0 view(4545) far exceeds block count (1136); potential sync issue    
2026-08-10T05:53:28.958640Z  WARN ThreadId(20) hotstuff_runner::app: Node 0 [produce_block] queue size: 2, attempting up to 2 transactions this block    
2026-08-10T05:53:28.959037Z  WARN ThreadId(20) hotstuff_runner::app: Node 0 view(4549) far exceeds block count (1137); potential sync issue    
2026-08-10T05:53:29.062929Z  WARN ThreadId(20) hotstuff_runner::app: Node 0 [produce_block] queue size: 2, attempting up to 2 transactions this block    
2026-08-10T05:53:29.063813Z  WARN ThreadId(20) hotstuff_runner::app: Node 0 view(4553) far exceeds block count (1138); potential sync issue    
2026-08-10T05:53:29.143923Z  WARN ThreadId(20) hotstuff_runner::app: Node 0 [produce_block] queue size: 0, attempting up to 0 transactions this block    
2026-08-10T05:53:29.147276Z  WARN ThreadId(20) hotstuff_runner::app: Node 0 view(4557) far exceeds block count (1139); potential sync issue    
2026-08-10T05:53:29.222632Z  WARN ThreadId(20) hotstuff_runner::app: Node 0 [produce_block] queue size: 0, attempting up to 0 transactions this block    
2026-08-10T05:53:29.224118Z  WARN ThreadId(20) hotstuff_runner::app: Node 0 view(4561) far exceeds block count (1140); potential sync issue    
2026-08-10T05:53:29.356916Z  WARN ThreadId(20) hotstuff_runner::app: Node 0 [produce_block] queue size: 2, attempting up to 2 transactions this block    
2026-08-10T05:53:29.357489Z  WARN ThreadId(20) hotstuff_runner::app: Node 0 view(4565) far exceeds block count (1141); potential sync issue    
2026-08-10T05:53:29.425392Z  WARN ThreadId(20) hotstuff_runner::app: Node 0 [produce_block] queue size: 0, attempting up to 0 transactions this block    
2026-08-10T05:53:29.425613Z  WARN ThreadId(20) hotstuff_runner::app: Node 0 view(4569) far exceeds block count (1142); potential sync issue    
2026-08-10T05:53:29.511389Z  WARN ThreadId(20) hotstuff_runner::app: Node 0 [produce_block] queue size: 2, attempting up to 2 transactions this block    
2026-08-10T05:53:29.512155Z  WARN ThreadId(20) hotstuff_runner::app: Node 0 view(4573) far exceeds block count (1143); potential sync issue    
2026-08-10T05:53:29.629647Z  WARN ThreadId(20) hotstuff_runner::app: Node 0 [produce_block] queue size: 2, attempting up to 2 transactions this block    
2026-08-10T05:53:29.629790Z  WARN ThreadId(20) hotstuff_runner::app: Node 0 view(4577) far exceeds block count (1144); potential sync issue    
2026-08-10T05:53:29.709159Z  WARN ThreadId(20) hotstuff_runner::app: Node 0 [produce_block] queue size: 0, attempting up to 0 transactions this block    
2026-08-10T05:53:29.710759Z  WARN ThreadId(20) hotstuff_runner::app: Node 0 view(4581) far exceeds block count (1145); potential sync issue    
2026-08-10T05:53:29.832866Z  WARN ThreadId(20) hotstuff_runner::app: Node 0 [produce_block] queue size: 2, attempting up to 2 transactions this block    
2026-08-10T05:53:29.839732Z  WARN ThreadId(20) hotstuff_runner::app: Node 0 view(4585) far exceeds block count (1146); potential sync issue    
2026-08-10T05:53:29.922580Z  WARN ThreadId(20) hotstuff_runner::app: Node 0 [produce_block] queue size: 0, attempting up to 0 transactions this block    
2026-08-10T05:53:29.923320Z  WARN ThreadId(20) hotstuff_runner::app: Node 0 view(4589) far exceeds block count (1147); potential sync issue    
2026-08-10T05:53:29.985222Z  WARN ThreadId(20) hotstuff_runner::app: Node 0 [produce_block] queue size: 0, attempting up to 0 transactions this block    
2026-08-10T05:53:29.985536Z  WARN ThreadId(20) hotstuff_runner::app: Node 0 view(4593) far exceeds block count (1148); potential sync issue    
2026-08-10T05:53:30.074565Z  WARN ThreadId(20) hotstuff_runner::app: Node 0 [produce_block] queue size: 2, attempting up to 2 transactions this block    
2026-08-10T05:53:30.074834Z  WARN ThreadId(20) hotstuff_runner::app: Node 0 view(4597) far exceeds block count (1149); potential sync issue    
2026-08-10T05:53:30.164565Z  WARN ThreadId(20) hotstuff_runner::app: Node 0 [produce_block] queue size: 0, attempting up to 0 transactions this block    
2026-08-10T05:53:30.165229Z  WARN ThreadId(20) hotstuff_runner::app: Node 0 view(4601) far exceeds block count (1150); potential sync issue    
2026-08-10T05:53:30.238872Z  WARN ThreadId(20) hotstuff_runner::app: Node 0 [produce_block] queue size: 2, attempting up to 2 transactions this block    
2026-08-10T05:53:30.239156Z  WARN ThreadId(20) hotstuff_runner::app: Node 0 view(4605) far exceeds block count (1151); potential sync issue    
2026-08-10T05:53:30.307176Z  WARN ThreadId(20) hotstuff_runner::app: Node 0 [produce_block] queue size: 0, attempting up to 0 transactions this block    
2026-08-10T05:53:30.308716Z  WARN ThreadId(20) hotstuff_runner::app: Node 0 view(4609) far exceeds block count (1152); potential sync issue    
2026-08-10T05:53:30.419713Z  WARN ThreadId(20) hotstuff_runner::app: Node 0 [produce_block] queue size: 0, attempting up to 0 transactions this block    
2026-08-10T05:53:30.420133Z  WARN ThreadId(20) hotstuff_runner::app: Node 0 view(4613) far exceeds block count (1153); potential sync issue    
2026-08-10T05:53:30.491346Z  WARN ThreadId(20) hotstuff_runner::app: Node 0 [produce_block] queue size: 2, attempting up to 2 transactions this block    
2026-08-10T05:53:30.492178Z  WARN ThreadId(20) hotstuff_runner::app: Node 0 view(4617) far exceeds block count (1154); potential sync issue    
2026-08-10T05:53:30.559808Z  WARN ThreadId(20) hotstuff_runner::app: Node 0 [produce_block] queue size: 0, attempting up to 0 transactions this block    
2026-08-10T05:53:30.560037Z  WARN ThreadId(20) hotstuff_runner::app: Node 0 view(4621) far exceeds block count (1155); potential sync issue    
2026-08-10T05:53:30.625620Z  WARN ThreadId(20) hotstuff_runner::app: Node 0 [produce_block] queue size: 0, attempting up to 0 transactions this block    
2026-08-10T05:53:30.629123Z  WARN ThreadId(20) hotstuff_runner::app: Node 0 view(4625) far exceeds block count (1156); potential sync issue    
2026-08-10T05:53:30.747028Z  WARN ThreadId(20) hotstuff_runner::app: Node 0 [produce_block] queue size: 2, attempting up to 2 transactions this block    
2026-08-10T05:53:30.747320Z  WARN ThreadId(20) hotstuff_runner::app: Node 0 view(4629) far exceeds block count (1157); potential sync issue    
2026-08-10T05:53:30.876946Z  WARN ThreadId(20) hotstuff_runner::app: Node 0 [produce_block] queue size: 0, attempting up to 0 transactions this block    
2026-08-10T05:53:30.877597Z  WARN ThreadId(20) hotstuff_runner::app: Node 0 view(4633) far exceeds block count (1158); potential sync issue    
2026-08-10T05:53:31.443324Z  WARN ThreadId(20) hotstuff_runner::app: Node 0 [produce_block] queue size: 6, attempting up to 6 transactions this block    
2026-08-10T05:53:31.444038Z  WARN ThreadId(20) hotstuff_runner::app: Node 0 view(4637) far exceeds block count (1159); potential sync issue    
2026-08-10T05:53:31.495625Z  WARN ThreadId(20) hotstuff_runner::app: Node 0 [produce_block] queue size: 0, attempting up to 0 transactions this block    
2026-08-10T05:53:31.497803Z  WARN ThreadId(20) hotstuff_runner::app: Node 0 view(4641) far exceeds block count (1160); potential sync issue    
2026-08-10T05:53:31.565283Z  WARN ThreadId(20) hotstuff_runner::app: Node 0 [produce_block] queue size: 2, attempting up to 2 transactions this block    
2026-08-10T05:53:31.565477Z  WARN ThreadId(20) hotstuff_runner::app: Node 0 view(4645) far exceeds block count (1161); potential sync issue    
2026-08-10T05:53:31.659153Z  WARN ThreadId(20) hotstuff_runner::app: Node 0 [produce_block] queue size: 0, attempting up to 0 transactions this block    
2026-08-10T05:53:31.660064Z  WARN ThreadId(20) hotstuff_runner::app: Node 0 view(4649) far exceeds block count (1162); potential sync issue    
2026-08-10T05:53:31.757093Z  WARN ThreadId(20) hotstuff_runner::app: Node 0 [produce_block] queue size: 0, attempting up to 0 transactions this block    
2026-08-10T05:53:31.761750Z  WARN ThreadId(20) hotstuff_runner::app: Node 0 view(4653) far exceeds block count (1163); potential sync issue    
2026-08-10T05:53:31.868216Z  WARN ThreadId(20) hotstuff_runner::app: Node 0 [produce_block] queue size: 2, attempting up to 2 transactions this block    
2026-08-10T05:53:31.875733Z  WARN ThreadId(20) hotstuff_runner::app: Node 0 view(4657) far exceeds block count (1164); potential sync issue    
2026-08-10T05:53:31.998814Z  WARN ThreadId(20) hotstuff_runner::app: Node 0 [produce_block] queue size: 2, attempting up to 2 transactions this block    
2026-08-10T05:53:32.000072Z  WARN ThreadId(20) hotstuff_runner::app: Node 0 view(4661) far exceeds block count (1165); potential sync issue    
2026-08-10T05:53:32.081285Z  WARN ThreadId(20) hotstuff_runner::app: Node 0 [produce_block] queue size: 0, attempting up to 0 transactions this block    
2026-08-10T05:53:32.082195Z  WARN ThreadId(20) hotstuff_runner::app: Node 0 view(4665) far exceeds block count (1166); potential sync issue    
2026-08-10T05:53:32.154238Z  WARN ThreadId(20) hotstuff_runner::app: Node 0 [produce_block] queue size: 0, attempting up to 0 transactions this block    
2026-08-10T05:53:32.154813Z  WARN ThreadId(20) hotstuff_runner::app: Node 0 view(4669) far exceeds block count (1167); potential sync issue    
2026-08-10T05:53:32.239353Z  WARN ThreadId(20) hotstuff_runner::app: Node 0 [produce_block] queue size: 2, attempting up to 2 transactions this block    
2026-08-10T05:53:32.241202Z  WARN ThreadId(20) hotstuff_runner::app: Node 0 view(4673) far exceeds block count (1168); potential sync issue    
2026-08-10T05:53:32.384059Z  WARN ThreadId(20) hotstuff_runner::app: Node 0 [produce_block] queue size: 0, attempting up to 0 transactions this block    
2026-08-10T05:53:32.385980Z  WARN ThreadId(20) hotstuff_runner::app: Node 0 view(4677) far exceeds block count (1169); potential sync issue    
2026-08-10T05:53:32.493132Z  WARN ThreadId(20) hotstuff_runner::app: Node 0 [produce_block] queue size: 2, attempting up to 2 transactions this block    
2026-08-10T05:53:32.496753Z  WARN ThreadId(20) hotstuff_runner::app: Node 0 view(4681) far exceeds block count (1170); potential sync issue    
2026-08-10T05:53:32.583148Z  WARN ThreadId(20) hotstuff_runner::app: Node 0 [produce_block] queue size: 0, attempting up to 0 transactions this block    
2026-08-10T05:53:32.586606Z  WARN ThreadId(20) hotstuff_runner::app: Node 0 view(4685) far exceeds block count (1171); potential sync issue    
2026-08-10T05:53:32.685811Z  WARN ThreadId(20) hotstuff_runner::app: Node 0 [produce_block] queue size: 2, attempting up to 2 transactions this block    
2026-08-10T05:53:32.686567Z  WARN ThreadId(20) hotstuff_runner::app: Node 0 view(4689) far exceeds block count (1172); potential sync issue    
2026-08-10T05:53:32.824004Z  WARN ThreadId(20) hotstuff_runner::app: Node 0 [produce_block] queue size: 0, attempting up to 0 transactions this block    
2026-08-10T05:53:32.824678Z  WARN ThreadId(20) hotstuff_runner::app: Node 0 view(4693) far exceeds block count (1173); potential sync issue    
2026-08-10T05:53:32.921287Z  WARN ThreadId(20) hotstuff_runner::app: Node 0 [produce_block] queue size: 2, attempting up to 2 transactions this block    
2026-08-10T05:53:32.921859Z  WARN ThreadId(20) hotstuff_runner::app: Node 0 view(4697) far exceeds block count (1174); potential sync issue    
2026-08-10T05:53:33.059263Z  WARN ThreadId(20) hotstuff_runner::app: Node 0 [produce_block] queue size: 2, attempting up to 2 transactions this block    
2026-08-10T05:53:33.064614Z  WARN ThreadId(20) hotstuff_runner::app: Node 0 view(4701) far exceeds block count (1175); potential sync issue    
2026-08-10T05:53:33.128341Z  WARN ThreadId(20) hotstuff_runner::app: Node 0 [produce_block] queue size: 0, attempting up to 0 transactions this block    
2026-08-10T05:53:33.129658Z  WARN ThreadId(20) hotstuff_runner::app: Node 0 view(4705) far exceeds block count (1176); potential sync issue    
2026-08-10T05:53:33.255493Z  WARN ThreadId(20) hotstuff_runner::app: Node 0 [produce_block] queue size: 0, attempting up to 0 transactions this block    
2026-08-10T05:53:33.256781Z  WARN ThreadId(20) hotstuff_runner::app: Node 0 view(4709) far exceeds block count (1177); potential sync issue    
2026-08-10T05:53:33.349006Z  WARN ThreadId(20) hotstuff_runner::app: Node 0 [produce_block] queue size: 2, attempting up to 2 transactions this block    
2026-08-10T05:53:33.350963Z  WARN ThreadId(20) hotstuff_runner::app: Node 0 view(4713) far exceeds block count (1178); potential sync issue    
2026-08-10T05:53:33.419324Z  WARN ThreadId(20) hotstuff_runner::app: Node 0 [produce_block] queue size: 0, attempting up to 0 transactions this block    
2026-08-10T05:53:33.419583Z  WARN ThreadId(20) hotstuff_runner::app: Node 0 view(4717) far exceeds block count (1179); potential sync issue    
2026-08-10T05:53:33.565182Z  WARN ThreadId(20) hotstuff_runner::app: Node 0 [produce_block] queue size: 2, attempting up to 2 transactions this block    
2026-08-10T05:53:33.574509Z  WARN ThreadId(20) hotstuff_runner::app: Node 0 view(4721) far exceeds block count (1180); potential sync issue    
2026-08-10T05:53:33.677152Z  WARN ThreadId(20) hotstuff_runner::app: Node 0 [produce_block] queue size: 0, attempting up to 0 transactions this block    
2026-08-10T05:53:33.677263Z  WARN ThreadId(20) hotstuff_runner::app: Node 0 view(4725) far exceeds block count (1181); potential sync issue    
2026-08-10T05:53:33.833202Z  WARN ThreadId(20) hotstuff_runner::app: Node 0 [produce_block] queue size: 2, attempting up to 2 transactions this block    
2026-08-10T05:53:33.846166Z  WARN ThreadId(20) hotstuff_runner::app: Node 0 view(4729) far exceeds block count (1182); potential sync issue    
2026-08-10T05:53:33.851398Z  WARN ThreadId(07) docker_node: Low processing efficiency: 0.0% - system may need tuning
2026-08-10T05:53:33.932272Z  WARN ThreadId(20) hotstuff_runner::app: Node 0 [produce_block] queue size: 2, attempting up to 2 transactions this block    
2026-08-10T05:53:33.932636Z  WARN ThreadId(20) hotstuff_runner::app: Node 0 view(4733) far exceeds block count (1183); potential sync issue    
2026-08-10T05:53:34.051269Z  WARN ThreadId(20) hotstuff_runner::app: Node 0 [produce_block] queue size: 0, attempting up to 0 transactions this block    
2026-08-10T05:53:34.063223Z  WARN ThreadId(20) hotstuff_runner::app: Node 0 view(4737) far exceeds block count (1184); potential sync issue    
2026-08-10T05:53:34.178410Z  WARN ThreadId(20) hotstuff_runner::app: Node 0 [produce_block] queue size: 2, attempting up to 2 transactions this block    
2026-08-10T05:53:34.178996Z  WARN ThreadId(20) hotstuff_runner::app: Node 0 view(4741) far exceeds block count (1185); potential sync issue    
2026-08-10T05:53:34.271010Z  WARN ThreadId(20) hotstuff_runner::app: Node 0 [produce_block] queue size: 0, attempting up to 0 transactions this block    
2026-08-10T05:53:34.271274Z  WARN ThreadId(20) hotstuff_runner::app: Node 0 view(4745) far exceeds block count (1186); potential sync issue    
2026-08-10T05:53:34.347796Z  WARN ThreadId(20) hotstuff_runner::app: Node 0 [produce_block] queue size: 2, attempting up to 2 transactions this block    
2026-08-10T05:53:34.348208Z  WARN ThreadId(20) hotstuff_runner::app: Node 0 view(4749) far exceeds block count (1187); potential sync issue    
2026-08-10T05:53:34.494511Z  WARN ThreadId(20) hotstuff_runner::app: Node 0 [produce_block] queue size: 2, attempting up to 2 transactions this block    
2026-08-10T05:53:34.498476Z  WARN ThreadId(20) hotstuff_runner::app: Node 0 view(4753) far exceeds block count (1188); potential sync issue    
2026-08-10T05:53:34.654014Z  WARN ThreadId(20) hotstuff_runner::app: Node 0 [produce_block] queue size: 0, attempting up to 0 transactions this block    
2026-08-10T05:53:34.655940Z  WARN ThreadId(20) hotstuff_runner::app: Node 0 view(4757) far exceeds block count (1189); potential sync issue    
2026-08-10T05:53:34.769779Z  WARN ThreadId(20) hotstuff_runner::app: Node 0 [produce_block] queue size: 2, attempting up to 2 transactions this block    
2026-08-10T05:53:34.774932Z  WARN ThreadId(20) hotstuff_runner::app: Node 0 view(4761) far exceeds block count (1190); potential sync issue    
2026-08-10T05:53:34.888126Z  WARN ThreadId(20) hotstuff_runner::app: Node 0 [produce_block] queue size: 0, attempting up to 0 transactions this block    
2026-08-10T05:53:34.890884Z  WARN ThreadId(20) hotstuff_runner::app: Node 0 view(4765) far exceeds block count (1191); potential sync issue    
2026-08-10T05:53:34.992350Z  WARN ThreadId(20) hotstuff_runner::app: Node 0 [produce_block] queue size: 2, attempting up to 2 transactions this block    
2026-08-10T05:53:34.992585Z  WARN ThreadId(20) hotstuff_runner::app: Node 0 view(4769) far exceeds block count (1192); potential sync issue    
2026-08-10T05:53:35.079405Z  WARN ThreadId(20) hotstuff_runner::app: Node 0 [produce_block] queue size: 0, attempting up to 0 transactions this block    
2026-08-10T05:53:35.079830Z  WARN ThreadId(20) hotstuff_runner::app: Node 0 view(4773) far exceeds block count (1193); potential sync issue    
2026-08-10T05:53:35.184865Z  WARN ThreadId(20) hotstuff_runner::app: Node 0 [produce_block] queue size: 2, attempting up to 2 transactions this block    
2026-08-10T05:53:35.187046Z  WARN ThreadId(20) hotstuff_runner::app: Node 0 view(4777) far exceeds block count (1194); potential sync issue    
2026-08-10T05:53:35.302118Z  WARN ThreadId(20) hotstuff_runner::app: Node 0 [produce_block] queue size: 0, attempting up to 0 transactions this block    
2026-08-10T05:53:35.302276Z  WARN ThreadId(20) hotstuff_runner::app: Node 0 view(4781) far exceeds block count (1195); potential sync issue    
2026-08-10T05:53:35.387803Z  WARN ThreadId(20) hotstuff_runner::app: Node 0 [produce_block] queue size: 2, attempting up to 2 transactions this block    
2026-08-10T05:53:35.387900Z  WARN ThreadId(20) hotstuff_runner::app: Node 0 view(4785) far exceeds block count (1196); potential sync issue    
2026-08-10T05:53:35.526267Z  WARN ThreadId(20) hotstuff_runner::app: Node 0 [produce_block] queue size: 0, attempting up to 0 transactions this block    
2026-08-10T05:53:35.526693Z  WARN ThreadId(20) hotstuff_runner::app: Node 0 view(4789) far exceeds block count (1197); potential sync issue    
2026-08-10T05:53:35.647275Z  WARN ThreadId(20) hotstuff_runner::app: Node 0 [produce_block] queue size: 2, attempting up to 2 transactions this block    
2026-08-10T05:53:35.647483Z  WARN ThreadId(20) hotstuff_runner::app: Node 0 view(4793) far exceeds block count (1198); potential sync issue    
2026-08-10T05:53:35.831225Z  WARN ThreadId(20) hotstuff_runner::app: Node 0 [produce_block] queue size: 2, attempting up to 2 transactions this block    
2026-08-10T05:53:35.831627Z  WARN ThreadId(20) hotstuff_runner::app: Node 0 view(4797) far exceeds block count (1199); potential sync issue    
2026-08-10T05:53:35.956490Z  WARN ThreadId(20) hotstuff_runner::app: Node 0 [produce_block] queue size: 0, attempting up to 0 transactions this block    
2026-08-10T05:53:35.956678Z  WARN ThreadId(20) hotstuff_runner::app: Node 0 view(4801) far exceeds block count (1200); potential sync issue    
2026-08-10T05:53:36.105876Z  WARN ThreadId(20) hotstuff_runner::app: Node 0 [produce_block] queue size: 2, attempting up to 2 transactions this block    
2026-08-10T05:53:36.112017Z  WARN ThreadId(20) hotstuff_runner::app: Node 0 view(4805) far exceeds block count (1201); potential sync issue    
2026-08-10T05:53:36.216382Z  WARN ThreadId(20) hotstuff_runner::app: Node 0 [produce_block] queue size: 2, attempting up to 2 transactions this block    
2026-08-10T05:53:36.216570Z  WARN ThreadId(20) hotstuff_runner::app: Node 0 view(4809) far exceeds block count (1202); potential sync issue    
2026-08-10T05:53:36.298260Z  WARN ThreadId(20) hotstuff_runner::app: Node 0 [produce_block] queue size: 0, attempting up to 0 transactions this block    
2026-08-10T05:53:36.298407Z  WARN ThreadId(20) hotstuff_runner::app: Node 0 view(4813) far exceeds block count (1203); potential sync issue    
2026-08-10T05:53:36.439272Z  WARN ThreadId(20) hotstuff_runner::app: Node 0 [produce_block] queue size: 2, attempting up to 2 transactions this block    
2026-08-10T05:53:36.440013Z  WARN ThreadId(20) hotstuff_runner::app: Node 0 view(4817) far exceeds block count (1204); potential sync issue    
2026-08-10T05:53:36.604062Z  WARN ThreadId(20) hotstuff_runner::app: Node 0 [produce_block] queue size: 2, attempting up to 2 transactions this block    
2026-08-10T05:53:36.605350Z  WARN ThreadId(20) hotstuff_runner::app: Node 0 view(4821) far exceeds block count (1205); potential sync issue    
2026-08-10T05:53:36.764424Z  WARN ThreadId(20) hotstuff_runner::app: Node 0 [produce_block] queue size: 2, attempting up to 2 transactions this block    
2026-08-10T05:53:36.764745Z  WARN ThreadId(20) hotstuff_runner::app: Node 0 view(4825) far exceeds block count (1206); potential sync issue    
2026-08-10T05:53:36.887615Z  WARN ThreadId(20) hotstuff_runner::app: Node 0 [produce_block] queue size: 0, attempting up to 0 transactions this block    
2026-08-10T05:53:36.892059Z  WARN ThreadId(20) hotstuff_runner::app: Node 0 view(4829) far exceeds block count (1207); potential sync issue    
2026-08-10T05:53:37.018927Z  WARN ThreadId(20) hotstuff_runner::app: Node 0 [produce_block] queue size: 2, attempting up to 2 transactions this block    
2026-08-10T05:53:37.148082Z  WARN ThreadId(20) hotstuff_runner::app: Node 0 view(4833) far exceeds block count (1208); potential sync issue    
2026-08-10T05:53:37.268142Z  WARN ThreadId(20) hotstuff_runner::app: Node 0 [produce_block] queue size: 2, attempting up to 2 transactions this block    
2026-08-10T05:53:37.268602Z  WARN ThreadId(20) hotstuff_runner::app: Node 0 view(4837) far exceeds block count (1209); potential sync issue    
2026-08-10T05:53:37.362710Z  WARN ThreadId(20) hotstuff_runner::app: Node 0 [produce_block] queue size: 2, attempting up to 2 transactions this block    
2026-08-10T05:53:37.362897Z  WARN ThreadId(20) hotstuff_runner::app: Node 0 view(4841) far exceeds block count (1210); potential sync issue    
2026-08-10T05:53:37.583044Z  WARN ThreadId(20) hotstuff_runner::app: Node 0 [produce_block] queue size: 2, attempting up to 2 transactions this block    
2026-08-10T05:53:37.587966Z  WARN ThreadId(20) hotstuff_runner::app: Node 0 view(4845) far exceeds block count (1211); potential sync issue    
2026-08-10T05:53:37.693472Z  WARN ThreadId(20) hotstuff_runner::app: Node 0 [produce_block] queue size: 0, attempting up to 0 transactions this block    
2026-08-10T05:53:37.694071Z  WARN ThreadId(20) hotstuff_runner::app: Node 0 view(4849) far exceeds block count (1212); potential sync issue    
2026-08-10T05:53:37.892450Z  WARN ThreadId(20) hotstuff_runner::app: Node 0 [produce_block] queue size: 2, attempting up to 2 transactions this block    
2026-08-10T05:53:37.896121Z  WARN ThreadId(20) hotstuff_runner::app: Node 0 view(4853) far exceeds block count (1213); potential sync issue    
2026-08-10T05:53:37.992276Z  WARN ThreadId(20) hotstuff_runner::app: Node 0 [produce_block] queue size: 2, attempting up to 2 transactions this block    
2026-08-10T05:53:37.992758Z  WARN ThreadId(20) hotstuff_runner::app: Node 0 view(4857) far exceeds block count (1214); potential sync issue    
2026-08-10T05:53:38.104980Z  WARN ThreadId(20) hotstuff_runner::app: Node 0 [produce_block] queue size: 0, attempting up to 0 transactions this block    
2026-08-10T05:53:38.107405Z  WARN ThreadId(20) hotstuff_runner::app: Node 0 view(4861) far exceeds block count (1215); potential sync issue    
2026-08-10T05:53:38.279937Z  WARN ThreadId(20) hotstuff_runner::app: Node 0 [produce_block] queue size: 2, attempting up to 2 transactions this block    
2026-08-10T05:53:38.332030Z  WARN ThreadId(20) hotstuff_runner::app: Node 0 view(4865) far exceeds block count (1216); potential sync issue    
2026-08-10T05:53:38.473156Z  WARN ThreadId(20) hotstuff_runner::app: Node 0 [produce_block] queue size: 2, attempting up to 2 transactions this block    
2026-08-10T05:53:38.473344Z  WARN ThreadId(20) hotstuff_runner::app: Node 0 view(4869) far exceeds block count (1217); potential sync issue    
2026-08-10T05:53:38.651516Z  WARN ThreadId(20) hotstuff_runner::app: Node 0 [produce_block] queue size: 2, attempting up to 2 transactions this block    
2026-08-10T05:53:38.654276Z  WARN ThreadId(20) hotstuff_runner::app: Node 0 view(4873) far exceeds block count (1218); potential sync issue    
2026-08-10T05:53:38.801411Z  WARN ThreadId(20) hotstuff_runner::app: Node 0 [produce_block] queue size: 2, attempting up to 2 transactions this block    
2026-08-10T05:53:38.808095Z  WARN ThreadId(20) hotstuff_runner::app: Node 0 view(4877) far exceeds block count (1219); potential sync issue    
2026-08-10T05:53:38.853376Z  WARN ThreadId(07) docker_node: Low processing efficiency: 0.0% - system may need tuning
2026-08-10T05:53:38.881710Z  WARN ThreadId(20) hotstuff_runner::app: Node 0 [produce_block] queue size: 0, attempting up to 0 transactions this block    
2026-08-10T05:53:38.882073Z  WARN ThreadId(20) hotstuff_runner::app: Node 0 view(4881) far exceeds block count (1220); potential sync issue    
2026-08-10T05:53:38.981174Z  WARN ThreadId(20) hotstuff_runner::app: Node 0 [produce_block] queue size: 2, attempting up to 2 transactions this block    
2026-08-10T05:53:38.982231Z  WARN ThreadId(20) hotstuff_runner::app: Node 0 view(4885) far exceeds block count (1221); potential sync issue    
2026-08-10T05:53:39.043905Z  WARN ThreadId(20) hotstuff_runner::app: Node 0 [produce_block] queue size: 0, attempting up to 0 transactions this block    
2026-08-10T05:53:39.044521Z  WARN ThreadId(20) hotstuff_runner::app: Node 0 view(4889) far exceeds block count (1222); potential sync issue    
2026-08-10T05:53:39.119170Z  WARN ThreadId(20) hotstuff_runner::app: Node 0 [produce_block] queue size: 0, attempting up to 0 transactions this block    
2026-08-10T05:53:39.120935Z  WARN ThreadId(20) hotstuff_runner::app: Node 0 view(4893) far exceeds block count (1223); potential sync issue    
2026-08-10T05:53:39.199923Z  WARN ThreadId(20) hotstuff_runner::app: Node 0 [produce_block] queue size: 2, attempting up to 2 transactions this block    
2026-08-10T05:53:39.202295Z  WARN ThreadId(20) hotstuff_runner::app: Node 0 view(4897) far exceeds block count (1224); potential sync issue    
2026-08-10T05:53:39.314458Z  WARN ThreadId(20) hotstuff_runner::app: Node 0 [produce_block] queue size: 0, attempting up to 0 transactions this block    
2026-08-10T05:53:39.314686Z  WARN ThreadId(20) hotstuff_runner::app: Node 0 view(4901) far exceeds block count (1225); potential sync issue    
2026-08-10T05:53:39.407414Z  WARN ThreadId(20) hotstuff_runner::app: Node 0 [produce_block] queue size: 2, attempting up to 2 transactions this block    
2026-08-10T05:53:39.408859Z  WARN ThreadId(20) hotstuff_runner::app: Node 0 view(4905) far exceeds block count (1226); potential sync issue    
2026-08-10T05:53:39.483653Z  WARN ThreadId(20) hotstuff_runner::app: Node 0 [produce_block] queue size: 0, attempting up to 0 transactions this block    
2026-08-10T05:53:39.487040Z  WARN ThreadId(20) hotstuff_runner::app: Node 0 view(4909) far exceeds block count (1227); potential sync issue    
2026-08-10T05:53:39.534104Z  WARN ThreadId(20) hotstuff_runner::app: Node 0 [produce_block] queue size: 0, attempting up to 0 transactions this block    
2026-08-10T05:53:39.535205Z  WARN ThreadId(20) hotstuff_runner::app: Node 0 view(4913) far exceeds block count (1228); potential sync issue    
2026-08-10T05:53:39.634724Z  WARN ThreadId(20) hotstuff_runner::app: Node 0 [produce_block] queue size: 2, attempting up to 2 transactions this block    
2026-08-10T05:53:39.634990Z  WARN ThreadId(20) hotstuff_runner::app: Node 0 view(4917) far exceeds block count (1229); potential sync issue    
2026-08-10T05:53:39.709278Z  WARN ThreadId(20) hotstuff_runner::app: Node 0 [produce_block] queue size: 0, attempting up to 0 transactions this block    
2026-08-10T05:53:39.709461Z  WARN ThreadId(20) hotstuff_runner::app: Node 0 view(4921) far exceeds block count (1230); potential sync issue    
2026-08-10T05:53:39.777530Z  WARN ThreadId(20) hotstuff_runner::app: Node 0 [produce_block] queue size: 2, attempting up to 2 transactions this block    
2026-08-10T05:53:39.778200Z  WARN ThreadId(20) hotstuff_runner::app: Node 0 view(4925) far exceeds block count (1231); potential sync issue    
2026-08-10T05:53:39.869058Z  WARN ThreadId(20) hotstuff_runner::app: Node 0 [produce_block] queue size: 0, attempting up to 0 transactions this block    
2026-08-10T05:53:39.869595Z  WARN ThreadId(20) hotstuff_runner::app: Node 0 view(4929) far exceeds block count (1232); potential sync issue    
2026-08-10T05:53:39.927731Z  WARN ThreadId(20) hotstuff_runner::app: Node 0 [produce_block] queue size: 0, attempting up to 0 transactions this block    
2026-08-10T05:53:39.928033Z  WARN ThreadId(20) hotstuff_runner::app: Node 0 view(4933) far exceeds block count (1233); potential sync issue    
2026-08-10T05:53:40.009285Z  WARN ThreadId(20) hotstuff_runner::app: Node 0 [produce_block] queue size: 2, attempting up to 2 transactions this block    
2026-08-10T05:53:40.010410Z  WARN ThreadId(20) hotstuff_runner::app: Node 0 view(4937) far exceeds block count (1234); potential sync issue    
2026-08-10T05:53:40.103389Z  WARN ThreadId(20) hotstuff_runner::app: Node 0 [produce_block] queue size: 0, attempting up to 0 transactions this block    
2026-08-10T05:53:40.110622Z  WARN ThreadId(20) hotstuff_runner::app: Node 0 view(4941) far exceeds block count (1235); potential sync issue    
2026-08-10T05:53:40.195919Z  WARN ThreadId(20) hotstuff_runner::app: Node 0 [produce_block] queue size: 2, attempting up to 2 transactions this block    
2026-08-10T05:53:40.196287Z  WARN ThreadId(20) hotstuff_runner::app: Node 0 view(4945) far exceeds block count (1236); potential sync issue    
2026-08-10T05:53:40.267015Z  WARN ThreadId(20) hotstuff_runner::app: Node 0 [produce_block] queue size: 0, attempting up to 0 transactions this block    
2026-08-10T05:53:40.271222Z  WARN ThreadId(20) hotstuff_runner::app: Node 0 view(4949) far exceeds block count (1237); potential sync issue    
2026-08-10T05:53:40.385418Z  WARN ThreadId(20) hotstuff_runner::app: Node 0 [produce_block] queue size: 2, attempting up to 2 transactions this block    
2026-08-10T05:53:40.390172Z  WARN ThreadId(20) hotstuff_runner::app: Node 0 view(4953) far exceeds block count (1238); potential sync issue    
2026-08-10T05:53:40.514588Z  WARN ThreadId(20) hotstuff_runner::app: Node 0 [produce_block] queue size: 0, attempting up to 0 transactions this block    
2026-08-10T05:53:40.515393Z  WARN ThreadId(20) hotstuff_runner::app: Node 0 view(4957) far exceeds block count (1239); potential sync issue    
2026-08-10T05:53:40.600817Z  WARN ThreadId(20) hotstuff_runner::app: Node 0 [produce_block] queue size: 0, attempting up to 0 transactions this block    
2026-08-10T05:53:40.601006Z  WARN ThreadId(20) hotstuff_runner::app: Node 0 view(4961) far exceeds block count (1240); potential sync issue    
2026-08-10T05:53:40.724822Z  WARN ThreadId(20) hotstuff_runner::app: Node 0 [produce_block] queue size: 2, attempting up to 2 transactions this block    
2026-08-10T05:53:40.725302Z  WARN ThreadId(20) hotstuff_runner::app: Node 0 view(4965) far exceeds block count (1241); potential sync issue    
2026-08-10T05:53:40.813777Z  WARN ThreadId(20) hotstuff_runner::app: Node 0 [produce_block] queue size: 2, attempting up to 2 transactions this block    
2026-08-10T05:53:40.814409Z  WARN ThreadId(20) hotstuff_runner::app: Node 0 view(4969) far exceeds block count (1242); potential sync issue    
2026-08-10T05:53:40.917351Z  WARN ThreadId(20) hotstuff_runner::app: Node 0 [produce_block] queue size: 0, attempting up to 0 transactions this block    
2026-08-10T05:53:40.919178Z  WARN ThreadId(20) hotstuff_runner::app: Node 0 view(4973) far exceeds block count (1243); potential sync issue    
2026-08-10T05:53:41.013282Z  WARN ThreadId(20) hotstuff_runner::app: Node 0 [produce_block] queue size: 2, attempting up to 2 transactions this block    
2026-08-10T05:53:41.013885Z  WARN ThreadId(20) hotstuff_runner::app: Node 0 view(4977) far exceeds block count (1244); potential sync issue    
2026-08-10T05:53:41.094139Z  WARN ThreadId(20) hotstuff_runner::app: Node 0 [produce_block] queue size: 0, attempting up to 0 transactions this block    
2026-08-10T05:53:41.094560Z  WARN ThreadId(20) hotstuff_runner::app: Node 0 view(4981) far exceeds block count (1245); potential sync issue    
2026-08-10T05:53:41.230899Z  WARN ThreadId(20) hotstuff_runner::app: Node 0 [produce_block] queue size: 2, attempting up to 2 transactions this block    
2026-08-10T05:53:41.232041Z  WARN ThreadId(20) hotstuff_runner::app: Node 0 view(4985) far exceeds block count (1246); potential sync issue    
2026-08-10T05:53:41.311803Z  WARN ThreadId(20) hotstuff_runner::app: Node 0 [produce_block] queue size: 0, attempting up to 0 transactions this block    
2026-08-10T05:53:41.312133Z  WARN ThreadId(20) hotstuff_runner::app: Node 0 view(4989) far exceeds block count (1247); potential sync issue    
2026-08-10T05:53:41.395740Z  WARN ThreadId(20) hotstuff_runner::app: Node 0 [produce_block] queue size: 0, attempting up to 0 transactions this block    
2026-08-10T05:53:41.397933Z  WARN ThreadId(20) hotstuff_runner::app: Node 0 view(4993) far exceeds block count (1248); potential sync issue    
2026-08-10T05:53:41.470238Z  WARN ThreadId(20) hotstuff_runner::app: Node 0 [produce_block] queue size: 2, attempting up to 2 transactions this block    
2026-08-10T05:53:41.471244Z  WARN ThreadId(20) hotstuff_runner::app: Node 0 view(4997) far exceeds block count (1249); potential sync issue    
2026-08-10T05:53:41.631589Z  WARN ThreadId(20) hotstuff_runner::app: Node 0 [produce_block] queue size: 2, attempting up to 2 transactions this block    
2026-08-10T05:53:41.633323Z  WARN ThreadId(20) hotstuff_runner::app: Node 0 view(5001) far exceeds block count (1250); potential sync issue    
2026-08-10T05:53:41.699455Z  WARN ThreadId(20) hotstuff_runner::app: Node 0 [produce_block] queue size: 0, attempting up to 0 transactions this block    
2026-08-10T05:53:41.703837Z  WARN ThreadId(20) hotstuff_runner::app: Node 0 view(5005) far exceeds block count (1251); potential sync issue    
2026-08-10T05:53:41.788364Z  WARN ThreadId(20) hotstuff_runner::app: Node 0 [produce_block] queue size: 0, attempting up to 0 transactions this block    
2026-08-10T05:53:41.798325Z  WARN ThreadId(20) hotstuff_runner::app: Node 0 view(5009) far exceeds block count (1252); potential sync issue    
2026-08-10T05:53:41.894987Z  WARN ThreadId(20) hotstuff_runner::app: Node 0 [produce_block] queue size: 2, attempting up to 2 transactions this block    
2026-08-10T05:53:41.895292Z  WARN ThreadId(20) hotstuff_runner::app: Node 0 view(5013) far exceeds block count (1253); potential sync issue    
2026-08-10T05:53:42.000247Z  WARN ThreadId(20) hotstuff_runner::app: Node 0 [produce_block] queue size: 0, attempting up to 0 transactions this block    
2026-08-10T05:53:42.000957Z  WARN ThreadId(20) hotstuff_runner::app: Node 0 view(5017) far exceeds block count (1254); potential sync issue    
2026-08-10T05:53:42.110079Z  WARN ThreadId(20) hotstuff_runner::app: Node 0 [produce_block] queue size: 2, attempting up to 2 transactions this block    
2026-08-10T05:53:42.111240Z  WARN ThreadId(20) hotstuff_runner::app: Node 0 view(5021) far exceeds block count (1255); potential sync issue    
2026-08-10T05:53:42.181657Z  WARN ThreadId(20) hotstuff_runner::app: Node 0 [produce_block] queue size: 0, attempting up to 0 transactions this block    
2026-08-10T05:53:42.182290Z  WARN ThreadId(20) hotstuff_runner::app: Node 0 view(5025) far exceeds block count (1256); potential sync issue    
2026-08-10T05:53:42.300266Z  WARN ThreadId(20) hotstuff_runner::app: Node 0 [produce_block] queue size: 2, attempting up to 2 transactions this block    
2026-08-10T05:53:42.300617Z  WARN ThreadId(20) hotstuff_runner::app: Node 0 view(5029) far exceeds block count (1257); potential sync issue    
2026-08-10T05:53:42.453013Z  WARN ThreadId(20) hotstuff_runner::app: Node 0 [produce_block] queue size: 0, attempting up to 0 transactions this block    
2026-08-10T05:53:42.454775Z  WARN ThreadId(20) hotstuff_runner::app: Node 0 view(5033) far exceeds block count (1258); potential sync issue    
2026-08-10T05:53:42.592868Z  WARN ThreadId(20) hotstuff_runner::app: Node 0 [produce_block] queue size: 2, attempting up to 2 transactions this block    
2026-08-10T05:53:42.593925Z  WARN ThreadId(20) hotstuff_runner::app: Node 0 view(5037) far exceeds block count (1259); potential sync issue    
2026-08-10T05:53:42.637049Z  WARN ThreadId(20) hotstuff_runner::app: Node 0 [produce_block] queue size: 0, attempting up to 0 transactions this block    
2026-08-10T05:53:42.638141Z  WARN ThreadId(20) hotstuff_runner::app: Node 0 view(5041) far exceeds block count (1260); potential sync issue    
2026-08-10T05:53:42.737694Z  WARN ThreadId(20) hotstuff_runner::app: Node 0 [produce_block] queue size: 2, attempting up to 2 transactions this block    
2026-08-10T05:53:42.738077Z  WARN ThreadId(20) hotstuff_runner::app: Node 0 view(5045) far exceeds block count (1261); potential sync issue    
2026-08-10T05:53:42.825709Z  WARN ThreadId(20) hotstuff_runner::app: Node 0 [produce_block] queue size: 0, attempting up to 0 transactions this block    
2026-08-10T05:53:42.825891Z  WARN ThreadId(20) hotstuff_runner::app: Node 0 view(5049) far exceeds block count (1262); potential sync issue    
2026-08-10T05:53:42.891388Z  WARN ThreadId(20) hotstuff_runner::app: Node 0 [produce_block] queue size: 0, attempting up to 0 transactions this block    
2026-08-10T05:53:42.891559Z  WARN ThreadId(20) hotstuff_runner::app: Node 0 view(5053) far exceeds block count (1263); potential sync issue    
2026-08-10T05:53:42.967935Z  WARN ThreadId(20) hotstuff_runner::app: Node 0 [produce_block] queue size: 2, attempting up to 2 transactions this block    
2026-08-10T05:53:42.972886Z  WARN ThreadId(20) hotstuff_runner::app: Node 0 view(5057) far exceeds block count (1264); potential sync issue    
2026-08-10T05:53:43.111905Z  WARN ThreadId(20) hotstuff_runner::app: Node 0 [produce_block] queue size: 2, attempting up to 2 transactions this block    
2026-08-10T05:53:43.112025Z  WARN ThreadId(20) hotstuff_runner::app: Node 0 view(5061) far exceeds block count (1265); potential sync issue    
2026-08-10T05:53:43.190450Z  WARN ThreadId(20) hotstuff_runner::app: Node 0 [produce_block] queue size: 0, attempting up to 0 transactions this block    
2026-08-10T05:53:43.191601Z  WARN ThreadId(20) hotstuff_runner::app: Node 0 view(5065) far exceeds block count (1266); potential sync issue    
2026-08-10T05:53:43.283993Z  WARN ThreadId(20) hotstuff_runner::app: Node 0 [produce_block] queue size: 0, attempting up to 0 transactions this block    
2026-08-10T05:53:43.285295Z  WARN ThreadId(20) hotstuff_runner::app: Node 0 view(5069) far exceeds block count (1267); potential sync issue    
2026-08-10T05:53:43.393339Z  WARN ThreadId(20) hotstuff_runner::app: Node 0 [produce_block] queue size: 2, attempting up to 2 transactions this block    
2026-08-10T05:53:43.401819Z  WARN ThreadId(20) hotstuff_runner::app: Node 0 view(5073) far exceeds block count (1268); potential sync issue    
2026-08-10T05:53:43.542341Z  WARN ThreadId(20) hotstuff_runner::app: Node 0 [produce_block] queue size: 2, attempting up to 2 transactions this block    
2026-08-10T05:53:43.552533Z  WARN ThreadId(20) hotstuff_runner::app: Node 0 view(5077) far exceeds block count (1269); potential sync issue    
2026-08-10T05:53:43.636022Z  WARN ThreadId(20) hotstuff_runner::app: Node 0 [produce_block] queue size: 0, attempting up to 0 transactions this block    
2026-08-10T05:53:43.639222Z  WARN ThreadId(20) hotstuff_runner::app: Node 0 view(5081) far exceeds block count (1270); potential sync issue    
2026-08-10T05:53:43.803369Z  WARN ThreadId(20) hotstuff_runner::app: Node 0 [produce_block] queue size: 2, attempting up to 2 transactions this block    
2026-08-10T05:53:43.803652Z  WARN ThreadId(20) hotstuff_runner::app: Node 0 view(5085) far exceeds block count (1271); potential sync issue    
2026-08-10T05:53:43.851471Z  WARN ThreadId(07) docker_node: Low processing efficiency: 0.0% - system may need tuning
2026-08-10T05:53:44.017430Z  WARN ThreadId(20) hotstuff_runner::app: Node 0 [produce_block] queue size: 2, attempting up to 2 transactions this block    
2026-08-10T05:53:44.026820Z  WARN ThreadId(20) hotstuff_runner::app: Node 0 view(5089) far exceeds block count (1272); potential sync issue    
2026-08-10T05:53:44.125144Z  WARN ThreadId(20) hotstuff_runner::app: Node 0 [produce_block] queue size: 2, attempting up to 2 transactions this block    
2026-08-10T05:53:44.125808Z  WARN ThreadId(20) hotstuff_runner::app: Node 0 view(5093) far exceeds block count (1273); potential sync issue    
2026-08-10T05:53:44.233671Z  WARN ThreadId(20) hotstuff_runner::app: Node 0 [produce_block] queue size: 0, attempting up to 0 transactions this block    
2026-08-10T05:53:44.245883Z  WARN ThreadId(20) hotstuff_runner::app: Node 0 view(5097) far exceeds block count (1274); potential sync issue    
2026-08-10T05:53:44.349842Z  WARN ThreadId(20) hotstuff_runner::app: Node 0 [produce_block] queue size: 2, attempting up to 2 transactions this block    
2026-08-10T05:53:44.350483Z  WARN ThreadId(20) hotstuff_runner::app: Node 0 view(5101) far exceeds block count (1275); potential sync issue    
2026-08-10T05:53:44.476616Z  WARN ThreadId(20) hotstuff_runner::app: Node 0 [produce_block] queue size: 0, attempting up to 0 transactions this block    
2026-08-10T05:53:44.478973Z  WARN ThreadId(20) hotstuff_runner::app: Node 0 view(5105) far exceeds block count (1276); potential sync issue    
2026-08-10T05:53:44.568991Z  WARN ThreadId(20) hotstuff_runner::app: Node 0 [produce_block] queue size: 2, attempting up to 2 transactions this block    
2026-08-10T05:53:44.569385Z  WARN ThreadId(20) hotstuff_runner::app: Node 0 view(5109) far exceeds block count (1277); potential sync issue    
2026-08-10T05:53:44.672647Z  WARN ThreadId(20) hotstuff_runner::app: Node 0 [produce_block] queue size: 0, attempting up to 0 transactions this block    
2026-08-10T05:53:44.672862Z  WARN ThreadId(20) hotstuff_runner::app: Node 0 view(5113) far exceeds block count (1278); potential sync issue    
2026-08-10T05:53:44.763388Z  WARN ThreadId(20) hotstuff_runner::app: Node 0 [produce_block] queue size: 2, attempting up to 2 transactions this block    
2026-08-10T05:53:44.768906Z  WARN ThreadId(20) hotstuff_runner::app: Node 0 view(5117) far exceeds block count (1279); potential sync issue    
2026-08-10T05:53:44.869275Z  WARN ThreadId(20) hotstuff_runner::app: Node 0 [produce_block] queue size: 0, attempting up to 0 transactions this block    
2026-08-10T05:53:44.874817Z  WARN ThreadId(20) hotstuff_runner::app: Node 0 view(5121) far exceeds block count (1280); potential sync issue    
2026-08-10T05:53:45.025248Z  WARN ThreadId(20) hotstuff_runner::app: Node 0 [produce_block] queue size: 2, attempting up to 2 transactions this block    
2026-08-10T05:53:45.026507Z  WARN ThreadId(20) hotstuff_runner::app: Node 0 view(5125) far exceeds block count (1281); potential sync issue    
2026-08-10T05:53:45.128520Z  WARN ThreadId(20) hotstuff_runner::app: Node 0 [produce_block] queue size: 2, attempting up to 2 transactions this block    
2026-08-10T05:53:45.129696Z  WARN ThreadId(20) hotstuff_runner::app: Node 0 view(5129) far exceeds block count (1282); potential sync issue    
2026-08-10T05:53:45.218071Z  WARN ThreadId(20) hotstuff_runner::app: Node 0 [produce_block] queue size: 0, attempting up to 0 transactions this block    
2026-08-10T05:53:45.218423Z  WARN ThreadId(20) hotstuff_runner::app: Node 0 view(5133) far exceeds block count (1283); potential sync issue    
2026-08-10T05:53:45.337563Z  WARN ThreadId(20) hotstuff_runner::app: Node 0 [produce_block] queue size: 2, attempting up to 2 transactions this block    
2026-08-10T05:53:45.338026Z  WARN ThreadId(20) hotstuff_runner::app: Node 0 view(5137) far exceeds block count (1284); potential sync issue    
2026-08-10T05:53:45.420038Z  WARN ThreadId(20) hotstuff_runner::app: Node 0 [produce_block] queue size: 0, attempting up to 0 transactions this block    
2026-08-10T05:53:45.420240Z  WARN ThreadId(20) hotstuff_runner::app: Node 0 view(5141) far exceeds block count (1285); potential sync issue    
2026-08-10T05:53:45.527000Z  WARN ThreadId(20) hotstuff_runner::app: Node 0 [produce_block] queue size: 2, attempting up to 2 transactions this block    
2026-08-10T05:53:45.528297Z  WARN ThreadId(20) hotstuff_runner::app: Node 0 view(5145) far exceeds block count (1286); potential sync issue    
2026-08-10T05:53:45.647556Z  WARN ThreadId(20) hotstuff_runner::app: Node 0 [produce_block] queue size: 2, attempting up to 2 transactions this block    
2026-08-10T05:53:45.649242Z  WARN ThreadId(20) hotstuff_runner::app: Node 0 view(5149) far exceeds block count (1287); potential sync issue    
2026-08-10T05:53:45.733537Z  WARN ThreadId(20) hotstuff_runner::app: Node 0 [produce_block] queue size: 0, attempting up to 0 transactions this block    
2026-08-10T05:53:45.740358Z  WARN ThreadId(20) hotstuff_runner::app: Node 0 view(5153) far exceeds block count (1288); potential sync issue    
2026-08-10T05:53:45.872574Z  WARN ThreadId(20) hotstuff_runner::app: Node 0 [produce_block] queue size: 2, attempting up to 2 transactions this block    
2026-08-10T05:53:45.877114Z  WARN ThreadId(20) hotstuff_runner::app: Node 0 view(5157) far exceeds block count (1289); potential sync issue    
2026-08-10T05:53:46.012428Z  WARN ThreadId(20) hotstuff_runner::app: Node 0 [produce_block] queue size: 2, attempting up to 2 transactions this block    
2026-08-10T05:53:46.015158Z  WARN ThreadId(20) hotstuff_runner::app: Node 0 view(5161) far exceeds block count (1290); potential sync issue    
2026-08-10T05:53:46.107292Z  WARN ThreadId(20) hotstuff_runner::app: Node 0 [produce_block] queue size: 0, attempting up to 0 transactions this block    
2026-08-10T05:53:46.112200Z  WARN ThreadId(20) hotstuff_runner::app: Node 0 view(5165) far exceeds block count (1291); potential sync issue    
2026-08-10T05:53:46.195928Z  WARN ThreadId(20) hotstuff_runner::app: Node 0 [produce_block] queue size: 0, attempting up to 0 transactions this block    
2026-08-10T05:53:46.202597Z  WARN ThreadId(20) hotstuff_runner::app: Node 0 view(5169) far exceeds block count (1292); potential sync issue    
2026-08-10T05:53:46.281743Z  WARN ThreadId(20) hotstuff_runner::app: Node 0 [produce_block] queue size: 2, attempting up to 2 transactions this block    
2026-08-10T05:53:46.281951Z  WARN ThreadId(20) hotstuff_runner::app: Node 0 view(5173) far exceeds block count (1293); potential sync issue    
2026-08-10T05:53:46.506701Z  WARN ThreadId(20) hotstuff_runner::app: Node 0 [produce_block] queue size: 2, attempting up to 2 transactions this block    
2026-08-10T05:53:46.506825Z  WARN ThreadId(20) hotstuff_runner::app: Node 0 view(5177) far exceeds block count (1294); potential sync issue    
2026-08-10T05:53:46.630293Z  WARN ThreadId(20) hotstuff_runner::app: Node 0 [produce_block] queue size: 2, attempting up to 2 transactions this block    
2026-08-10T05:53:46.632160Z  WARN ThreadId(20) hotstuff_runner::app: Node 0 view(5181) far exceeds block count (1295); potential sync issue    
2026-08-10T05:53:46.729398Z  WARN ThreadId(20) hotstuff_runner::app: Node 0 [produce_block] queue size: 0, attempting up to 0 transactions this block    
2026-08-10T05:53:46.729540Z  WARN ThreadId(20) hotstuff_runner::app: Node 0 view(5185) far exceeds block count (1296); potential sync issue    
2026-08-10T05:53:46.787505Z  WARN ThreadId(20) hotstuff_runner::app: Node 0 [produce_block] queue size: 0, attempting up to 0 transactions this block    
2026-08-10T05:53:46.787840Z  WARN ThreadId(20) hotstuff_runner::app: Node 0 view(5189) far exceeds block count (1297); potential sync issue    
2026-08-10T05:53:46.866486Z  WARN ThreadId(20) hotstuff_runner::app: Node 0 [produce_block] queue size: 2, attempting up to 2 transactions this block    
2026-08-10T05:53:46.869346Z  WARN ThreadId(20) hotstuff_runner::app: Node 0 view(5193) far exceeds block count (1298); potential sync issue    
2026-08-10T05:53:46.956370Z  WARN ThreadId(20) hotstuff_runner::app: Node 0 [produce_block] queue size: 0, attempting up to 0 transactions this block    
2026-08-10T05:53:46.956567Z  WARN ThreadId(20) hotstuff_runner::app: Node 0 view(5197) far exceeds block count (1299); potential sync issue    
2026-08-10T05:53:47.008890Z  WARN ThreadId(20) hotstuff_runner::app: Node 0 [produce_block] queue size: 2, attempting up to 2 transactions this block    
2026-08-10T05:53:47.009068Z  WARN ThreadId(20) hotstuff_runner::app: Node 0 view(5201) far exceeds block count (1300); potential sync issue    
2026-08-10T05:53:47.134960Z  WARN ThreadId(20) hotstuff_runner::app: Node 0 [produce_block] queue size: 0, attempting up to 0 transactions this block    
2026-08-10T05:53:47.142777Z  WARN ThreadId(20) hotstuff_runner::app: Node 0 view(5205) far exceeds block count (1301); potential sync issue    
2026-08-10T05:53:47.247195Z  WARN ThreadId(20) hotstuff_runner::app: Node 0 [produce_block] queue size: 2, attempting up to 2 transactions this block    
2026-08-10T05:53:47.248133Z  WARN ThreadId(20) hotstuff_runner::app: Node 0 view(5209) far exceeds block count (1302); potential sync issue    
2026-08-10T05:53:47.361149Z  WARN ThreadId(20) hotstuff_runner::app: Node 0 [produce_block] queue size: 0, attempting up to 0 transactions this block    
2026-08-10T05:53:47.361346Z  WARN ThreadId(20) hotstuff_runner::app: Node 0 view(5213) far exceeds block count (1303); potential sync issue    
2026-08-10T05:53:47.424181Z  WARN ThreadId(20) hotstuff_runner::app: Node 0 [produce_block] queue size: 2, attempting up to 2 transactions this block    
2026-08-10T05:53:47.424766Z  WARN ThreadId(20) hotstuff_runner::app: Node 0 view(5217) far exceeds block count (1304); potential sync issue    
2026-08-10T05:53:47.525663Z  WARN ThreadId(20) hotstuff_runner::app: Node 0 [produce_block] queue size: 0, attempting up to 0 transactions this block    
2026-08-10T05:53:47.525800Z  WARN ThreadId(20) hotstuff_runner::app: Node 0 view(5221) far exceeds block count (1305); potential sync issue    
2026-08-10T05:53:47.623570Z  WARN ThreadId(20) hotstuff_runner::app: Node 0 [produce_block] queue size: 2, attempting up to 2 transactions this block    
2026-08-10T05:53:47.624090Z  WARN ThreadId(20) hotstuff_runner::app: Node 0 view(5225) far exceeds block count (1306); potential sync issue    
2026-08-10T05:53:47.764281Z  WARN ThreadId(20) hotstuff_runner::app: Node 0 [produce_block] queue size: 2, attempting up to 2 transactions this block    
2026-08-10T05:53:47.764511Z  WARN ThreadId(20) hotstuff_runner::app: Node 0 view(5229) far exceeds block count (1307); potential sync issue    
2026-08-10T05:53:47.861273Z  WARN ThreadId(20) hotstuff_runner::app: Node 0 [produce_block] queue size: 0, attempting up to 0 transactions this block    
2026-08-10T05:53:47.861402Z  WARN ThreadId(20) hotstuff_runner::app: Node 0 view(5233) far exceeds block count (1308); potential sync issue    
2026-08-10T05:53:48.013283Z  WARN ThreadId(20) hotstuff_runner::app: Node 0 [produce_block] queue size: 2, attempting up to 2 transactions this block    
2026-08-10T05:53:48.013448Z  WARN ThreadId(20) hotstuff_runner::app: Node 0 view(5237) far exceeds block count (1309); potential sync issue    
2026-08-10T05:53:48.105277Z  WARN ThreadId(20) hotstuff_runner::app: Node 0 [produce_block] queue size: 0, attempting up to 0 transactions this block    
2026-08-10T05:53:48.105755Z  WARN ThreadId(20) hotstuff_runner::app: Node 0 view(5241) far exceeds block count (1310); potential sync issue    
2026-08-10T05:53:48.182911Z  WARN ThreadId(20) hotstuff_runner::app: Node 0 [produce_block] queue size: 2, attempting up to 2 transactions this block    
2026-08-10T05:53:48.183205Z  WARN ThreadId(20) hotstuff_runner::app: Node 0 view(5245) far exceeds block count (1311); potential sync issue    
2026-08-10T05:53:48.257270Z  WARN ThreadId(20) hotstuff_runner::app: Node 0 [produce_block] queue size: 0, attempting up to 0 transactions this block    
2026-08-10T05:53:48.257421Z  WARN ThreadId(20) hotstuff_runner::app: Node 0 view(5249) far exceeds block count (1312); potential sync issue    
2026-08-10T05:53:48.352734Z  WARN ThreadId(20) hotstuff_runner::app: Node 0 [produce_block] queue size: 0, attempting up to 0 transactions this block    
2026-08-10T05:53:48.352984Z  WARN ThreadId(20) hotstuff_runner::app: Node 0 view(5253) far exceeds block count (1313); potential sync issue    
2026-08-10T05:53:48.445130Z  WARN ThreadId(20) hotstuff_runner::app: Node 0 [produce_block] queue size: 2, attempting up to 2 transactions this block    
2026-08-10T05:53:48.445854Z  WARN ThreadId(20) hotstuff_runner::app: Node 0 view(5257) far exceeds block count (1314); potential sync issue    
2026-08-10T05:53:48.554673Z  WARN ThreadId(20) hotstuff_runner::app: Node 0 [produce_block] queue size: 0, attempting up to 0 transactions this block    
2026-08-10T05:53:48.555097Z  WARN ThreadId(20) hotstuff_runner::app: Node 0 view(5261) far exceeds block count (1315); potential sync issue    
2026-08-10T05:53:48.633850Z  WARN ThreadId(20) hotstuff_runner::app: Node 0 [produce_block] queue size: 2, attempting up to 2 transactions this block    
2026-08-10T05:53:48.635541Z  WARN ThreadId(20) hotstuff_runner::app: Node 0 view(5265) far exceeds block count (1316); potential sync issue    
2026-08-10T05:53:48.742934Z  WARN ThreadId(20) hotstuff_runner::app: Node 0 [produce_block] queue size: 0, attempting up to 0 transactions this block    
2026-08-10T05:53:48.748134Z  WARN ThreadId(20) hotstuff_runner::app: Node 0 view(5269) far exceeds block count (1317); potential sync issue    
2026-08-10T05:53:48.851445Z  WARN ThreadId(20) hotstuff_runner::app: Node 0 [produce_block] queue size: 2, attempting up to 2 transactions this block    
2026-08-10T05:53:48.851527Z  WARN ThreadId(08) docker_node: Low processing efficiency: 0.0% - system may need tuning
2026-08-10T05:53:48.852078Z  WARN ThreadId(20) hotstuff_runner::app: Node 0 view(5273) far exceeds block count (1318); potential sync issue    
2026-08-10T05:53:48.921229Z  WARN ThreadId(20) hotstuff_runner::app: Node 0 [produce_block] queue size: 0, attempting up to 0 transactions this block    
2026-08-10T05:53:48.922064Z  WARN ThreadId(20) hotstuff_runner::app: Node 0 view(5277) far exceeds block count (1319); potential sync issue    
2026-08-10T05:53:49.070275Z  WARN ThreadId(20) hotstuff_runner::app: Node 0 [produce_block] queue size: 2, attempting up to 2 transactions this block    
2026-08-10T05:53:49.075943Z  WARN ThreadId(20) hotstuff_runner::app: Node 0 view(5281) far exceeds block count (1320); potential sync issue    
2026-08-10T05:53:49.174792Z  WARN ThreadId(20) hotstuff_runner::app: Node 0 [produce_block] queue size: 0, attempting up to 0 transactions this block    
2026-08-10T05:53:49.174893Z  WARN ThreadId(20) hotstuff_runner::app: Node 0 view(5285) far exceeds block count (1321); potential sync issue    
2026-08-10T05:53:49.252757Z  WARN ThreadId(20) hotstuff_runner::app: Node 0 [produce_block] queue size: 2, attempting up to 2 transactions this block    
2026-08-10T05:53:49.254430Z  WARN ThreadId(20) hotstuff_runner::app: Node 0 view(5289) far exceeds block count (1322); potential sync issue    
2026-08-10T05:53:49.343281Z  WARN ThreadId(20) hotstuff_runner::app: Node 0 [produce_block] queue size: 0, attempting up to 0 transactions this block    
2026-08-10T05:53:49.345131Z  WARN ThreadId(20) hotstuff_runner::app: Node 0 view(5293) far exceeds block count (1323); potential sync issue    
2026-08-10T05:53:49.422079Z  WARN ThreadId(20) hotstuff_runner::app: Node 0 [produce_block] queue size: 0, attempting up to 0 transactions this block    
2026-08-10T05:53:49.422594Z  WARN ThreadId(20) hotstuff_runner::app: Node 0 view(5297) far exceeds block count (1324); potential sync issue    
2026-08-10T05:53:49.491265Z  WARN ThreadId(20) hotstuff_runner::app: Node 0 [produce_block] queue size: 2, attempting up to 2 transactions this block    
2026-08-10T05:53:49.491900Z  WARN ThreadId(20) hotstuff_runner::app: Node 0 view(5301) far exceeds block count (1325); potential sync issue    
2026-08-10T05:53:49.582767Z  WARN ThreadId(20) hotstuff_runner::app: Node 0 [produce_block] queue size: 0, attempting up to 0 transactions this block    
2026-08-10T05:53:49.583175Z  WARN ThreadId(20) hotstuff_runner::app: Node 0 view(5305) far exceeds block count (1326); potential sync issue    
2026-08-10T05:53:49.686550Z  WARN ThreadId(20) hotstuff_runner::app: Node 0 [produce_block] queue size: 2, attempting up to 2 transactions this block    
2026-08-10T05:53:49.687498Z  WARN ThreadId(20) hotstuff_runner::app: Node 0 view(5309) far exceeds block count (1327); potential sync issue    
2026-08-10T05:53:49.750268Z  WARN ThreadId(20) hotstuff_runner::app: Node 0 [produce_block] queue size: 0, attempting up to 0 transactions this block    
2026-08-10T05:53:49.751300Z  WARN ThreadId(20) hotstuff_runner::app: Node 0 view(5313) far exceeds block count (1328); potential sync issue    
2026-08-10T05:53:49.850406Z  WARN ThreadId(20) hotstuff_runner::app: Node 0 [produce_block] queue size: 2, attempting up to 2 transactions this block    
2026-08-10T05:53:49.850709Z  WARN ThreadId(20) hotstuff_runner::app: Node 0 view(5317) far exceeds block count (1329); potential sync issue    
2026-08-10T05:53:49.980652Z  WARN ThreadId(20) hotstuff_runner::app: Node 0 [produce_block] queue size: 0, attempting up to 0 transactions this block    
2026-08-10T05:53:49.983340Z  WARN ThreadId(20) hotstuff_runner::app: Node 0 view(5321) far exceeds block count (1330); potential sync issue    
2026-08-10T05:53:50.132743Z  WARN ThreadId(20) hotstuff_runner::app: Node 0 [produce_block] queue size: 2, attempting up to 2 transactions this block    
2026-08-10T05:53:50.136010Z  WARN ThreadId(20) hotstuff_runner::app: Node 0 view(5325) far exceeds block count (1331); potential sync issue    
2026-08-10T05:53:50.239026Z  WARN ThreadId(20) hotstuff_runner::app: Node 0 [produce_block] queue size: 0, attempting up to 0 transactions this block    
2026-08-10T05:53:50.246117Z  WARN ThreadId(20) hotstuff_runner::app: Node 0 view(5329) far exceeds block count (1332); potential sync issue    
2026-08-10T05:53:50.343407Z  WARN ThreadId(20) hotstuff_runner::app: Node 0 [produce_block] queue size: 2, attempting up to 2 transactions this block    
2026-08-10T05:53:50.344311Z  WARN ThreadId(20) hotstuff_runner::app: Node 0 view(5333) far exceeds block count (1333); potential sync issue    
2026-08-10T05:53:50.444543Z  WARN ThreadId(20) hotstuff_runner::app: Node 0 [produce_block] queue size: 0, attempting up to 0 transactions this block    
2026-08-10T05:53:50.445314Z  WARN ThreadId(20) hotstuff_runner::app: Node 0 view(5337) far exceeds block count (1334); potential sync issue    
2026-08-10T05:53:50.508918Z  WARN ThreadId(20) hotstuff_runner::app: Node 0 [produce_block] queue size: 2, attempting up to 2 transactions this block    
2026-08-10T05:53:50.509078Z  WARN ThreadId(20) hotstuff_runner::app: Node 0 view(5341) far exceeds block count (1335); potential sync issue    
2026-08-10T05:53:50.661539Z  WARN ThreadId(20) hotstuff_runner::app: Node 0 [produce_block] queue size: 0, attempting up to 0 transactions this block    
2026-08-10T05:53:50.661850Z  WARN ThreadId(20) hotstuff_runner::app: Node 0 view(5345) far exceeds block count (1336); potential sync issue    
2026-08-10T05:53:50.715369Z  WARN ThreadId(20) hotstuff_runner::app: Node 0 [produce_block] queue size: 2, attempting up to 2 transactions this block    
2026-08-10T05:53:50.716402Z  WARN ThreadId(20) hotstuff_runner::app: Node 0 view(5349) far exceeds block count (1337); potential sync issue    
2026-08-10T05:53:50.795280Z  WARN ThreadId(20) hotstuff_runner::app: Node 0 [produce_block] queue size: 0, attempting up to 0 transactions this block    
2026-08-10T05:53:50.795404Z  WARN ThreadId(20) hotstuff_runner::app: Node 0 view(5353) far exceeds block count (1338); potential sync issue    
2026-08-10T05:53:50.897343Z  WARN ThreadId(20) hotstuff_runner::app: Node 0 [produce_block] queue size: 2, attempting up to 2 transactions this block    
2026-08-10T05:53:50.897600Z  WARN ThreadId(20) hotstuff_runner::app: Node 0 view(5357) far exceeds block count (1339); potential sync issue    
2026-08-10T05:53:50.950837Z  WARN ThreadId(20) hotstuff_runner::app: Node 0 [produce_block] queue size: 0, attempting up to 0 transactions this block    
2026-08-10T05:53:50.951244Z  WARN ThreadId(20) hotstuff_runner::app: Node 0 view(5361) far exceeds block count (1340); potential sync issue    
2026-08-10T05:53:51.027113Z  WARN ThreadId(20) hotstuff_runner::app: Node 0 [produce_block] queue size: 0, attempting up to 0 transactions this block    
2026-08-10T05:53:51.035476Z  WARN ThreadId(20) hotstuff_runner::app: Node 0 view(5365) far exceeds block count (1341); potential sync issue    
2026-08-10T05:53:51.120809Z  WARN ThreadId(20) hotstuff_runner::app: Node 0 [produce_block] queue size: 0, attempting up to 0 transactions this block    
2026-08-10T05:53:51.121577Z  WARN ThreadId(20) hotstuff_runner::app: Node 0 view(5369) far exceeds block count (1342); potential sync issue    
2026-08-10T05:53:51.194943Z  WARN ThreadId(20) hotstuff_runner::app: Node 0 [produce_block] queue size: 2, attempting up to 2 transactions this block    
2026-08-10T05:53:51.196277Z  WARN ThreadId(20) hotstuff_runner::app: Node 0 view(5373) far exceeds block count (1343); potential sync issue    
2026-08-10T05:53:51.256807Z  WARN ThreadId(20) hotstuff_runner::app: Node 0 [produce_block] queue size: 0, attempting up to 0 transactions this block    
2026-08-10T05:53:51.257241Z  WARN ThreadId(20) hotstuff_runner::app: Node 0 view(5377) far exceeds block count (1344); potential sync issue    
2026-08-10T05:53:51.329932Z  WARN ThreadId(20) hotstuff_runner::app: Node 0 [produce_block] queue size: 0, attempting up to 0 transactions this block    
2026-08-10T05:53:51.331711Z  WARN ThreadId(20) hotstuff_runner::app: Node 0 view(5381) far exceeds block count (1345); potential sync issue    
2026-08-10T05:53:51.440144Z  WARN ThreadId(20) hotstuff_runner::app: Node 0 [produce_block] queue size: 2, attempting up to 2 transactions this block    
2026-08-10T05:53:51.440748Z  WARN ThreadId(20) hotstuff_runner::app: Node 0 view(5385) far exceeds block count (1346); potential sync issue    
2026-08-10T05:53:51.520295Z  WARN ThreadId(20) hotstuff_runner::app: Node 0 [produce_block] queue size: 0, attempting up to 0 transactions this block    
2026-08-10T05:53:51.521147Z  WARN ThreadId(20) hotstuff_runner::app: Node 0 view(5389) far exceeds block count (1347); potential sync issue    
2026-08-10T05:53:51.564665Z  WARN ThreadId(20) hotstuff_runner::app: Node 0 [produce_block] queue size: 2, attempting up to 2 transactions this block    
2026-08-10T05:53:51.564781Z  WARN ThreadId(20) hotstuff_runner::app: Node 0 view(5393) far exceeds block count (1348); potential sync issue    
2026-08-10T05:53:51.713597Z  WARN ThreadId(20) hotstuff_runner::app: Node 0 [produce_block] queue size: 0, attempting up to 0 transactions this block    
2026-08-10T05:53:51.717540Z  WARN ThreadId(20) hotstuff_runner::app: Node 0 view(5397) far exceeds block count (1349); potential sync issue    
2026-08-10T05:53:51.815362Z  WARN ThreadId(20) hotstuff_runner::app: Node 0 [produce_block] queue size: 2, attempting up to 2 transactions this block    
2026-08-10T05:53:51.830356Z  WARN ThreadId(20) hotstuff_runner::app: Node 0 view(5401) far exceeds block count (1350); potential sync issue    
2026-08-10T05:53:51.952053Z  WARN ThreadId(20) hotstuff_runner::app: Node 0 [produce_block] queue size: 0, attempting up to 0 transactions this block    
2026-08-10T05:53:51.952187Z  WARN ThreadId(20) hotstuff_runner::app: Node 0 view(5405) far exceeds block count (1351); potential sync issue    
2026-08-10T05:53:52.026413Z  WARN ThreadId(20) hotstuff_runner::app: Node 0 [produce_block] queue size: 2, attempting up to 2 transactions this block    
2026-08-10T05:53:52.027159Z  WARN ThreadId(20) hotstuff_runner::app: Node 0 view(5409) far exceeds block count (1352); potential sync issue    
2026-08-10T05:53:52.113910Z  WARN ThreadId(20) hotstuff_runner::app: Node 0 [produce_block] queue size: 0, attempting up to 0 transactions this block    
2026-08-10T05:53:52.115280Z  WARN ThreadId(20) hotstuff_runner::app: Node 0 view(5413) far exceeds block count (1353); potential sync issue    
2026-08-10T05:53:52.265289Z  WARN ThreadId(20) hotstuff_runner::app: Node 0 [produce_block] queue size: 2, attempting up to 2 transactions this block    
2026-08-10T05:53:52.266222Z  WARN ThreadId(20) hotstuff_runner::app: Node 0 view(5417) far exceeds block count (1354); potential sync issue    
2026-08-10T05:53:52.374646Z  WARN ThreadId(20) hotstuff_runner::app: Node 0 [produce_block] queue size: 0, attempting up to 0 transactions this block    
2026-08-10T05:53:52.374998Z  WARN ThreadId(20) hotstuff_runner::app: Node 0 view(5421) far exceeds block count (1355); potential sync issue    
2026-08-10T05:53:52.471762Z  WARN ThreadId(20) hotstuff_runner::app: Node 0 [produce_block] queue size: 2, attempting up to 2 transactions this block    
2026-08-10T05:53:52.472375Z  WARN ThreadId(20) hotstuff_runner::app: Node 0 view(5425) far exceeds block count (1356); potential sync issue    
2026-08-10T05:53:52.539515Z  WARN ThreadId(20) hotstuff_runner::app: Node 0 [produce_block] queue size: 0, attempting up to 0 transactions this block    
2026-08-10T05:53:52.539954Z  WARN ThreadId(20) hotstuff_runner::app: Node 0 view(5429) far exceeds block count (1357); potential sync issue    
2026-08-10T05:53:52.612101Z  WARN ThreadId(20) hotstuff_runner::app: Node 0 [produce_block] queue size: 2, attempting up to 2 transactions this block    
2026-08-10T05:53:52.612784Z  WARN ThreadId(20) hotstuff_runner::app: Node 0 view(5433) far exceeds block count (1358); potential sync issue    
2026-08-10T05:53:52.724374Z  WARN ThreadId(20) hotstuff_runner::app: Node 0 [produce_block] queue size: 0, attempting up to 0 transactions this block    
2026-08-10T05:53:52.724669Z  WARN ThreadId(20) hotstuff_runner::app: Node 0 view(5437) far exceeds block count (1359); potential sync issue    
2026-08-10T05:53:52.834211Z  WARN ThreadId(20) hotstuff_runner::app: Node 0 [produce_block] queue size: 2, attempting up to 2 transactions this block    
2026-08-10T05:53:52.839909Z  WARN ThreadId(20) hotstuff_runner::app: Node 0 view(5441) far exceeds block count (1360); potential sync issue    
2026-08-10T05:53:52.921118Z  WARN ThreadId(20) hotstuff_runner::app: Node 0 [produce_block] queue size: 0, attempting up to 0 transactions this block    
2026-08-10T05:53:52.922649Z  WARN ThreadId(20) hotstuff_runner::app: Node 0 view(5445) far exceeds block count (1361); potential sync issue    
2026-08-10T05:53:53.069185Z  WARN ThreadId(20) hotstuff_runner::app: Node 0 [produce_block] queue size: 2, attempting up to 2 transactions this block    
2026-08-10T05:53:53.073125Z  WARN ThreadId(20) hotstuff_runner::app: Node 0 view(5449) far exceeds block count (1362); potential sync issue    
2026-08-10T05:53:53.212186Z  WARN ThreadId(20) hotstuff_runner::app: Node 0 [produce_block] queue size: 0, attempting up to 0 transactions this block    
2026-08-10T05:53:53.212489Z  WARN ThreadId(20) hotstuff_runner::app: Node 0 view(5453) far exceeds block count (1363); potential sync issue    
2026-08-10T05:53:53.339129Z  WARN ThreadId(20) hotstuff_runner::app: Node 0 [produce_block] queue size: 2, attempting up to 2 transactions this block    
2026-08-10T05:53:53.343988Z  WARN ThreadId(20) hotstuff_runner::app: Node 0 view(5457) far exceeds block count (1364); potential sync issue    
2026-08-10T05:53:53.542482Z  WARN ThreadId(20) hotstuff_runner::app: Node 0 [produce_block] queue size: 2, attempting up to 2 transactions this block    
2026-08-10T05:53:53.543083Z  WARN ThreadId(20) hotstuff_runner::app: Node 0 view(5461) far exceeds block count (1365); potential sync issue    
2026-08-10T05:53:53.639385Z  WARN ThreadId(20) hotstuff_runner::app: Node 0 [produce_block] queue size: 0, attempting up to 0 transactions this block    
2026-08-10T05:53:53.646718Z  WARN ThreadId(20) hotstuff_runner::app: Node 0 view(5465) far exceeds block count (1366); potential sync issue    
2026-08-10T05:53:53.812932Z  WARN ThreadId(20) hotstuff_runner::app: Node 0 [produce_block] queue size: 2, attempting up to 2 transactions this block    
2026-08-10T05:53:53.832759Z  WARN ThreadId(20) hotstuff_runner::app: Node 0 view(5469) far exceeds block count (1367); potential sync issue    
2026-08-10T05:53:53.850078Z  WARN ThreadId(07) docker_node: Low processing efficiency: 0.0% - system may need tuning
2026-08-10T05:53:53.892419Z  WARN ThreadId(20) hotstuff_runner::app: Node 0 [produce_block] queue size: 2, attempting up to 2 transactions this block    
2026-08-10T05:53:53.896920Z  WARN ThreadId(20) hotstuff_runner::app: Node 0 view(5473) far exceeds block count (1368); potential sync issue    
2026-08-10T05:53:54.029164Z  WARN ThreadId(20) hotstuff_runner::app: Node 0 [produce_block] queue size: 2, attempting up to 2 transactions this block    
2026-08-10T05:53:54.029472Z  WARN ThreadId(20) hotstuff_runner::app: Node 0 view(5477) far exceeds block count (1369); potential sync issue    
2026-08-10T05:53:54.104443Z  WARN ThreadId(20) hotstuff_runner::app: Node 0 [produce_block] queue size: 0, attempting up to 0 transactions this block    
2026-08-10T05:53:54.104648Z  WARN ThreadId(20) hotstuff_runner::app: Node 0 view(5481) far exceeds block count (1370); potential sync issue    
2026-08-10T05:53:54.226157Z  WARN ThreadId(20) hotstuff_runner::app: Node 0 [produce_block] queue size: 2, attempting up to 2 transactions this block    
2026-08-10T05:53:54.226478Z  WARN ThreadId(20) hotstuff_runner::app: Node 0 view(5485) far exceeds block count (1371); potential sync issue    
2026-08-10T05:53:54.350698Z  WARN ThreadId(20) hotstuff_runner::app: Node 0 [produce_block] queue size: 0, attempting up to 0 transactions this block    
2026-08-10T05:53:54.351449Z  WARN ThreadId(20) hotstuff_runner::app: Node 0 view(5489) far exceeds block count (1372); potential sync issue    
2026-08-10T05:53:54.445355Z  WARN ThreadId(20) hotstuff_runner::app: Node 0 [produce_block] queue size: 2, attempting up to 2 transactions this block    
2026-08-10T05:53:54.445664Z  WARN ThreadId(20) hotstuff_runner::app: Node 0 view(5493) far exceeds block count (1373); potential sync issue    
2026-08-10T05:53:54.567554Z  WARN ThreadId(20) hotstuff_runner::app: Node 0 [produce_block] queue size: 0, attempting up to 0 transactions this block    
2026-08-10T05:53:54.567797Z  WARN ThreadId(20) hotstuff_runner::app: Node 0 view(5497) far exceeds block count (1374); potential sync issue    
2026-08-10T05:53:54.640858Z  WARN ThreadId(20) hotstuff_runner::app: Node 0 [produce_block] queue size: 2, attempting up to 2 transactions this block    
2026-08-10T05:53:54.641636Z  WARN ThreadId(20) hotstuff_runner::app: Node 0 view(5501) far exceeds block count (1375); potential sync issue    
2026-08-10T05:53:54.773226Z  WARN ThreadId(20) hotstuff_runner::app: Node 0 [produce_block] queue size: 2, attempting up to 2 transactions this block    
2026-08-10T05:53:54.774032Z  WARN ThreadId(20) hotstuff_runner::app: Node 0 view(5505) far exceeds block count (1376); potential sync issue    
2026-08-10T05:53:54.889167Z  WARN ThreadId(20) hotstuff_runner::app: Node 0 [produce_block] queue size: 0, attempting up to 0 transactions this block    
2026-08-10T05:53:54.889465Z  WARN ThreadId(20) hotstuff_runner::app: Node 0 view(5509) far exceeds block count (1377); potential sync issue    
2026-08-10T05:53:55.041730Z  WARN ThreadId(20) hotstuff_runner::app: Node 0 [produce_block] queue size: 2, attempting up to 2 transactions this block    
2026-08-10T05:53:55.047308Z  WARN ThreadId(20) hotstuff_runner::app: Node 0 view(5513) far exceeds block count (1378); potential sync issue    
2026-08-10T05:53:55.163189Z  WARN ThreadId(20) hotstuff_runner::app: Node 0 [produce_block] queue size: 0, attempting up to 0 transactions this block    
2026-08-10T05:53:55.163738Z  WARN ThreadId(20) hotstuff_runner::app: Node 0 view(5517) far exceeds block count (1379); potential sync issue    
2026-08-10T05:53:55.248400Z  WARN ThreadId(20) hotstuff_runner::app: Node 0 [produce_block] queue size: 2, attempting up to 2 transactions this block    
2026-08-10T05:53:55.250235Z  WARN ThreadId(20) hotstuff_runner::app: Node 0 view(5521) far exceeds block count (1380); potential sync issue    
2026-08-10T05:53:55.393900Z  WARN ThreadId(20) hotstuff_runner::app: Node 0 [produce_block] queue size: 2, attempting up to 2 transactions this block    
2026-08-10T05:53:55.394414Z  WARN ThreadId(20) hotstuff_runner::app: Node 0 view(5525) far exceeds block count (1381); potential sync issue    
2026-08-10T05:53:55.508482Z  WARN ThreadId(20) hotstuff_runner::app: Node 0 [produce_block] queue size: 0, attempting up to 0 transactions this block    
2026-08-10T05:53:55.512481Z  WARN ThreadId(20) hotstuff_runner::app: Node 0 view(5529) far exceeds block count (1382); potential sync issue    
2026-08-10T05:53:55.656132Z  WARN ThreadId(20) hotstuff_runner::app: Node 0 [produce_block] queue size: 2, attempting up to 2 transactions this block    
2026-08-10T05:53:55.656696Z  WARN ThreadId(20) hotstuff_runner::app: Node 0 view(5533) far exceeds block count (1383); potential sync issue    
2026-08-10T05:53:55.810072Z  WARN ThreadId(20) hotstuff_runner::app: Node 0 [produce_block] queue size: 2, attempting up to 2 transactions this block    
2026-08-10T05:53:55.810896Z  WARN ThreadId(20) hotstuff_runner::app: Node 0 view(5537) far exceeds block count (1384); potential sync issue    
2026-08-10T05:53:55.896992Z  WARN ThreadId(20) hotstuff_runner::app: Node 0 [produce_block] queue size: 0, attempting up to 0 transactions this block    
2026-08-10T05:53:55.897888Z  WARN ThreadId(20) hotstuff_runner::app: Node 0 view(5541) far exceeds block count (1385); potential sync issue    
2026-08-10T05:53:56.000825Z  WARN ThreadId(20) hotstuff_runner::app: Node 0 [produce_block] queue size: 0, attempting up to 0 transactions this block    
2026-08-10T05:53:56.001077Z  WARN ThreadId(20) hotstuff_runner::app: Node 0 view(5545) far exceeds block count (1386); potential sync issue    
2026-08-10T05:53:56.087167Z  WARN ThreadId(20) hotstuff_runner::app: Node 0 [produce_block] queue size: 2, attempting up to 2 transactions this block    
2026-08-10T05:53:56.088087Z  WARN ThreadId(20) hotstuff_runner::app: Node 0 view(5549) far exceeds block count (1387); potential sync issue    
2026-08-10T05:53:56.144424Z  WARN ThreadId(20) hotstuff_runner::app: Node 0 [produce_block] queue size: 0, attempting up to 0 transactions this block    
2026-08-10T05:53:56.145103Z  WARN ThreadId(20) hotstuff_runner::app: Node 0 view(5553) far exceeds block count (1388); potential sync issue    
2026-08-10T05:53:56.223433Z  WARN ThreadId(20) hotstuff_runner::app: Node 0 [produce_block] queue size: 2, attempting up to 2 transactions this block    
2026-08-10T05:53:56.223632Z  WARN ThreadId(20) hotstuff_runner::app: Node 0 view(5557) far exceeds block count (1389); potential sync issue    
2026-08-10T05:53:56.298076Z  WARN ThreadId(20) hotstuff_runner::app: Node 0 [produce_block] queue size: 0, attempting up to 0 transactions this block    
2026-08-10T05:53:56.298175Z  WARN ThreadId(20) hotstuff_runner::app: Node 0 view(5561) far exceeds block count (1390); potential sync issue    
2026-08-10T05:53:56.413173Z  WARN ThreadId(20) hotstuff_runner::app: Node 0 [produce_block] queue size: 2, attempting up to 2 transactions this block    
2026-08-10T05:53:56.416405Z  WARN ThreadId(20) hotstuff_runner::app: Node 0 view(5565) far exceeds block count (1391); potential sync issue    
2026-08-10T05:53:56.500221Z  WARN ThreadId(20) hotstuff_runner::app: Node 0 [produce_block] queue size: 0, attempting up to 0 transactions this block    
2026-08-10T05:53:56.500866Z  WARN ThreadId(20) hotstuff_runner::app: Node 0 view(5569) far exceeds block count (1392); potential sync issue    
2026-08-10T05:53:56.610246Z  WARN ThreadId(20) hotstuff_runner::app: Node 0 [produce_block] queue size: 2, attempting up to 2 transactions this block    
2026-08-10T05:53:56.617133Z  WARN ThreadId(20) hotstuff_runner::app: Node 0 view(5573) far exceeds block count (1393); potential sync issue    
2026-08-10T05:53:56.694752Z  WARN ThreadId(20) hotstuff_runner::app: Node 0 [produce_block] queue size: 0, attempting up to 0 transactions this block    
2026-08-10T05:53:56.699311Z  WARN ThreadId(20) hotstuff_runner::app: Node 0 view(5577) far exceeds block count (1394); potential sync issue    
2026-08-10T05:53:56.797686Z  WARN ThreadId(20) hotstuff_runner::app: Node 0 [produce_block] queue size: 2, attempting up to 2 transactions this block    
2026-08-10T05:53:56.798353Z  WARN ThreadId(20) hotstuff_runner::app: Node 0 view(5581) far exceeds block count (1395); potential sync issue    
2026-08-10T05:53:56.916456Z  WARN ThreadId(20) hotstuff_runner::app: Node 0 [produce_block] queue size: 0, attempting up to 0 transactions this block    
2026-08-10T05:53:56.916703Z  WARN ThreadId(20) hotstuff_runner::app: Node 0 view(5585) far exceeds block count (1396); potential sync issue    
2026-08-10T05:53:56.999915Z  WARN ThreadId(20) hotstuff_runner::app: Node 0 [produce_block] queue size: 2, attempting up to 2 transactions this block    
2026-08-10T05:53:57.001338Z  WARN ThreadId(20) hotstuff_runner::app: Node 0 view(5589) far exceeds block count (1397); potential sync issue    
2026-08-10T05:53:57.071970Z  WARN ThreadId(20) hotstuff_runner::app: Node 0 [produce_block] queue size: 0, attempting up to 0 transactions this block    
2026-08-10T05:53:57.072301Z  WARN ThreadId(20) hotstuff_runner::app: Node 0 view(5593) far exceeds block count (1398); potential sync issue    
2026-08-10T05:53:57.146871Z  WARN ThreadId(20) hotstuff_runner::app: Node 0 [produce_block] queue size: 0, attempting up to 0 transactions this block    
2026-08-10T05:53:57.147035Z  WARN ThreadId(20) hotstuff_runner::app: Node 0 view(5597) far exceeds block count (1399); potential sync issue    
2026-08-10T05:53:57.250432Z  WARN ThreadId(20) hotstuff_runner::app: Node 0 [produce_block] queue size: 2, attempting up to 2 transactions this block    
2026-08-10T05:53:57.250667Z  WARN ThreadId(20) hotstuff_runner::app: Node 0 view(5601) far exceeds block count (1400); potential sync issue    
2026-08-10T05:53:57.340817Z  WARN ThreadId(20) hotstuff_runner::app: Node 0 [produce_block] queue size: 2, attempting up to 2 transactions this block    
2026-08-10T05:53:57.341986Z  WARN ThreadId(20) hotstuff_runner::app: Node 0 view(5605) far exceeds block count (1401); potential sync issue    
2026-08-10T05:53:57.431502Z  WARN ThreadId(20) hotstuff_runner::app: Node 0 [produce_block] queue size: 0, attempting up to 0 transactions this block    
2026-08-10T05:53:57.441663Z  WARN ThreadId(20) hotstuff_runner::app: Node 0 view(5609) far exceeds block count (1402); potential sync issue    
2026-08-10T05:53:57.533014Z  WARN ThreadId(20) hotstuff_runner::app: Node 0 [produce_block] queue size: 2, attempting up to 2 transactions this block    
2026-08-10T05:53:57.533756Z  WARN ThreadId(20) hotstuff_runner::app: Node 0 view(5613) far exceeds block count (1403); potential sync issue    
2026-08-10T05:53:57.620832Z  WARN ThreadId(20) hotstuff_runner::app: Node 0 [produce_block] queue size: 0, attempting up to 0 transactions this block    
2026-08-10T05:53:57.622196Z  WARN ThreadId(20) hotstuff_runner::app: Node 0 view(5617) far exceeds block count (1404); potential sync issue    
2026-08-10T05:53:57.724900Z  WARN ThreadId(20) hotstuff_runner::app: Node 0 [produce_block] queue size: 0, attempting up to 0 transactions this block    
2026-08-10T05:53:57.725246Z  WARN ThreadId(20) hotstuff_runner::app: Node 0 view(5621) far exceeds block count (1405); potential sync issue    
2026-08-10T05:53:57.796034Z  WARN ThreadId(20) hotstuff_runner::app: Node 0 [produce_block] queue size: 2, attempting up to 2 transactions this block    
2026-08-10T05:53:57.796664Z  WARN ThreadId(20) hotstuff_runner::app: Node 0 view(5625) far exceeds block count (1406); potential sync issue    
2026-08-10T05:53:57.908996Z  WARN ThreadId(20) hotstuff_runner::app: Node 0 [produce_block] queue size: 2, attempting up to 2 transactions this block    
2026-08-10T05:53:57.909754Z  WARN ThreadId(20) hotstuff_runner::app: Node 0 view(5629) far exceeds block count (1407); potential sync issue    
2026-08-10T05:53:58.031758Z  WARN ThreadId(20) hotstuff_runner::app: Node 0 [produce_block] queue size: 0, attempting up to 0 transactions this block    
2026-08-10T05:53:58.041422Z  WARN ThreadId(20) hotstuff_runner::app: Node 0 view(5633) far exceeds block count (1408); potential sync issue    
2026-08-10T05:53:58.102855Z  WARN ThreadId(20) hotstuff_runner::app: Node 0 [produce_block] queue size: 2, attempting up to 2 transactions this block    
2026-08-10T05:53:58.104171Z  WARN ThreadId(20) hotstuff_runner::app: Node 0 view(5637) far exceeds block count (1409); potential sync issue    
2026-08-10T05:53:58.352092Z  WARN ThreadId(20) hotstuff_runner::app: Node 0 [produce_block] queue size: 2, attempting up to 2 transactions this block    
2026-08-10T05:53:58.354425Z  WARN ThreadId(20) hotstuff_runner::app: Node 0 view(5641) far exceeds block count (1410); potential sync issue    
2026-08-10T05:53:58.472423Z  WARN ThreadId(20) hotstuff_runner::app: Node 0 [produce_block] queue size: 2, attempting up to 2 transactions this block    
2026-08-10T05:53:58.473308Z  WARN ThreadId(20) hotstuff_runner::app: Node 0 view(5645) far exceeds block count (1411); potential sync issue    
2026-08-10T05:53:58.550942Z  WARN ThreadId(20) hotstuff_runner::app: Node 0 [produce_block] queue size: 0, attempting up to 0 transactions this block    
2026-08-10T05:53:58.553692Z  WARN ThreadId(20) hotstuff_runner::app: Node 0 view(5649) far exceeds block count (1412); potential sync issue    
2026-08-10T05:53:58.652628Z  WARN ThreadId(20) hotstuff_runner::app: Node 0 [produce_block] queue size: 0, attempting up to 0 transactions this block    
2026-08-10T05:53:58.653037Z  WARN ThreadId(20) hotstuff_runner::app: Node 0 view(5653) far exceeds block count (1413); potential sync issue    
2026-08-10T05:53:58.801343Z  WARN ThreadId(20) hotstuff_runner::app: Node 0 [produce_block] queue size: 2, attempting up to 2 transactions this block    
2026-08-10T05:53:58.804764Z  WARN ThreadId(20) hotstuff_runner::app: Node 0 view(5657) far exceeds block count (1414); potential sync issue    
2026-08-10T05:53:58.853177Z  WARN ThreadId(08) docker_node: Low processing efficiency: 0.0% - system may need tuning
2026-08-10T05:53:58.906749Z  WARN ThreadId(20) hotstuff_runner::app: Node 0 [produce_block] queue size: 2, attempting up to 2 transactions this block    
2026-08-10T05:53:58.910619Z  WARN ThreadId(20) hotstuff_runner::app: Node 0 view(5661) far exceeds block count (1415); potential sync issue    
2026-08-10T05:53:59.020723Z  WARN ThreadId(20) hotstuff_runner::app: Node 0 [produce_block] queue size: 0, attempting up to 0 transactions this block    
2026-08-10T05:53:59.021085Z  WARN ThreadId(20) hotstuff_runner::app: Node 0 view(5665) far exceeds block count (1416); potential sync issue    
2026-08-10T05:53:59.077968Z  WARN ThreadId(20) hotstuff_runner::app: Node 0 [produce_block] queue size: 2, attempting up to 2 transactions this block    
2026-08-10T05:53:59.078419Z  WARN ThreadId(20) hotstuff_runner::app: Node 0 view(5669) far exceeds block count (1417); potential sync issue    
2026-08-10T05:53:59.218845Z  WARN ThreadId(20) hotstuff_runner::app: Node 0 [produce_block] queue size: 0, attempting up to 0 transactions this block    
2026-08-10T05:53:59.219058Z  WARN ThreadId(20) hotstuff_runner::app: Node 0 view(5673) far exceeds block count (1418); potential sync issue    
2026-08-10T05:53:59.346328Z  WARN ThreadId(20) hotstuff_runner::app: Node 0 [produce_block] queue size: 2, attempting up to 2 transactions this block    
2026-08-10T05:53:59.346728Z  WARN ThreadId(20) hotstuff_runner::app: Node 0 view(5677) far exceeds block count (1419); potential sync issue    
2026-08-10T05:53:59.442984Z  WARN ThreadId(20) hotstuff_runner::app: Node 0 [produce_block] queue size: 0, attempting up to 0 transactions this block    
2026-08-10T05:53:59.444430Z  WARN ThreadId(20) hotstuff_runner::app: Node 0 view(5681) far exceeds block count (1420); potential sync issue    
2026-08-10T05:53:59.512851Z  WARN ThreadId(20) hotstuff_runner::app: Node 0 [produce_block] queue size: 0, attempting up to 0 transactions this block    
2026-08-10T05:53:59.513767Z  WARN ThreadId(20) hotstuff_runner::app: Node 0 view(5685) far exceeds block count (1421); potential sync issue    
2026-08-10T05:53:59.569467Z  WARN ThreadId(20) hotstuff_runner::app: Node 0 [produce_block] queue size: 2, attempting up to 2 transactions this block    
2026-08-10T05:53:59.570078Z  WARN ThreadId(20) hotstuff_runner::app: Node 0 view(5689) far exceeds block count (1422); potential sync issue    
2026-08-10T05:53:59.674178Z  WARN ThreadId(20) hotstuff_runner::app: Node 0 [produce_block] queue size: 0, attempting up to 0 transactions this block    
2026-08-10T05:53:59.675154Z  WARN ThreadId(20) hotstuff_runner::app: Node 0 view(5693) far exceeds block count (1423); potential sync issue    
2026-08-10T05:53:59.731281Z  WARN ThreadId(20) hotstuff_runner::app: Node 0 [produce_block] queue size: 2, attempting up to 2 transactions this block    
2026-08-10T05:53:59.731975Z  WARN ThreadId(20) hotstuff_runner::app: Node 0 view(5697) far exceeds block count (1424); potential sync issue    
2026-08-10T05:53:59.830090Z  WARN ThreadId(20) hotstuff_runner::app: Node 0 [produce_block] queue size: 0, attempting up to 0 transactions this block    
2026-08-10T05:53:59.831112Z  WARN ThreadId(20) hotstuff_runner::app: Node 0 view(5701) far exceeds block count (1425); potential sync issue    
2026-08-10T05:53:59.912419Z  WARN ThreadId(20) hotstuff_runner::app: Node 0 [produce_block] queue size: 2, attempting up to 2 transactions this block    
2026-08-10T05:53:59.912804Z  WARN ThreadId(20) hotstuff_runner::app: Node 0 view(5705) far exceeds block count (1426); potential sync issue    
2026-08-10T05:54:00.031757Z  WARN ThreadId(20) hotstuff_runner::app: Node 0 [produce_block] queue size: 0, attempting up to 0 transactions this block    
2026-08-10T05:54:00.034664Z  WARN ThreadId(20) hotstuff_runner::app: Node 0 view(5709) far exceeds block count (1427); potential sync issue    
2026-08-10T05:54:00.166604Z  WARN ThreadId(20) hotstuff_runner::app: Node 0 [produce_block] queue size: 2, attempting up to 2 transactions this block    
2026-08-10T05:54:00.167024Z  WARN ThreadId(20) hotstuff_runner::app: Node 0 view(5713) far exceeds block count (1428); potential sync issue    
2026-08-10T05:54:00.314063Z  WARN ThreadId(20) hotstuff_runner::app: Node 0 [produce_block] queue size: 2, attempting up to 2 transactions this block    
2026-08-10T05:54:00.322950Z  WARN ThreadId(20) hotstuff_runner::app: Node 0 view(5717) far exceeds block count (1429); potential sync issue    
2026-08-10T05:54:00.436802Z  WARN ThreadId(20) hotstuff_runner::app: Node 0 [produce_block] queue size: 0, attempting up to 0 transactions this block    
2026-08-10T05:54:00.443753Z  WARN ThreadId(20) hotstuff_runner::app: Node 0 view(5721) far exceeds block count (1430); potential sync issue    
2026-08-10T05:54:00.578136Z  WARN ThreadId(20) hotstuff_runner::app: Node 0 [produce_block] queue size: 2, attempting up to 2 transactions this block    
2026-08-10T05:54:00.583402Z  WARN ThreadId(20) hotstuff_runner::app: Node 0 view(5725) far exceeds block count (1431); potential sync issue    
2026-08-10T05:54:00.704746Z  WARN ThreadId(20) hotstuff_runner::app: Node 0 [produce_block] queue size: 2, attempting up to 2 transactions this block    
2026-08-10T05:54:00.706297Z  WARN ThreadId(20) hotstuff_runner::app: Node 0 view(5729) far exceeds block count (1432); potential sync issue    
2026-08-10T05:54:00.847615Z  WARN ThreadId(20) hotstuff_runner::app: Node 0 [produce_block] queue size: 0, attempting up to 0 transactions this block    
2026-08-10T05:54:00.848978Z  WARN ThreadId(20) hotstuff_runner::app: Node 0 view(5733) far exceeds block count (1433); potential sync issue    
2026-08-10T05:54:00.957644Z  WARN ThreadId(20) hotstuff_runner::app: Node 0 [produce_block] queue size: 2, attempting up to 2 transactions this block    
2026-08-10T05:54:00.958524Z  WARN ThreadId(20) hotstuff_runner::app: Node 0 view(5737) far exceeds block count (1434); potential sync issue    
2026-08-10T05:54:01.138509Z  WARN ThreadId(20) hotstuff_runner::app: Node 0 [produce_block] queue size: 2, attempting up to 2 transactions this block    
2026-08-10T05:54:01.140976Z  WARN ThreadId(20) hotstuff_runner::app: Node 0 view(5741) far exceeds block count (1435); potential sync issue    
2026-08-10T05:54:01.298164Z  WARN ThreadId(20) hotstuff_runner::app: Node 0 [produce_block] queue size: 0, attempting up to 0 transactions this block    
2026-08-10T05:54:01.305348Z  WARN ThreadId(20) hotstuff_runner::app: Node 0 view(5745) far exceeds block count (1436); potential sync issue    
2026-08-10T05:54:01.462883Z  WARN ThreadId(20) hotstuff_runner::app: Node 0 [produce_block] queue size: 2, attempting up to 2 transactions this block    
2026-08-10T05:54:01.463049Z  WARN ThreadId(20) hotstuff_runner::app: Node 0 view(5749) far exceeds block count (1437); potential sync issue    
2026-08-10T05:54:01.614892Z  WARN ThreadId(20) hotstuff_runner::app: Node 0 [produce_block] queue size: 2, attempting up to 2 transactions this block    
2026-08-10T05:54:01.618770Z  WARN ThreadId(20) hotstuff_runner::app: Node 0 view(5753) far exceeds block count (1438); potential sync issue    
2026-08-10T05:54:01.780662Z  WARN ThreadId(20) hotstuff_runner::app: Node 0 [produce_block] queue size: 2, attempting up to 2 transactions this block    
2026-08-10T05:54:01.781230Z  WARN ThreadId(20) hotstuff_runner::app: Node 0 view(5757) far exceeds block count (1439); potential sync issue    
2026-08-10T05:54:01.878286Z  WARN ThreadId(20) hotstuff_runner::app: Node 0 [produce_block] queue size: 0, attempting up to 0 transactions this block    
2026-08-10T05:54:01.879186Z  WARN ThreadId(20) hotstuff_runner::app: Node 0 view(5761) far exceeds block count (1440); potential sync issue    
2026-08-10T05:54:01.963304Z  WARN ThreadId(20) hotstuff_runner::app: Node 0 [produce_block] queue size: 0, attempting up to 0 transactions this block    
2026-08-10T05:54:01.963476Z  WARN ThreadId(20) hotstuff_runner::app: Node 0 view(5765) far exceeds block count (1441); potential sync issue    
2026-08-10T05:54:02.057266Z  WARN ThreadId(20) hotstuff_runner::app: Node 0 [produce_block] queue size: 2, attempting up to 2 transactions this block    
2026-08-10T05:54:02.060282Z  WARN ThreadId(20) hotstuff_runner::app: Node 0 view(5769) far exceeds block count (1442); potential sync issue    
2026-08-10T05:54:02.158283Z  WARN ThreadId(20) hotstuff_runner::app: Node 0 [produce_block] queue size: 0, attempting up to 0 transactions this block    
2026-08-10T05:54:02.162651Z  WARN ThreadId(20) hotstuff_runner::app: Node 0 view(5773) far exceeds block count (1443); potential sync issue    
2026-08-10T05:54:02.282670Z  WARN ThreadId(20) hotstuff_runner::app: Node 0 [produce_block] queue size: 2, attempting up to 2 transactions this block    
2026-08-10T05:54:02.282998Z  WARN ThreadId(20) hotstuff_runner::app: Node 0 view(5777) far exceeds block count (1444); potential sync issue    
2026-08-10T05:54:02.368349Z  WARN ThreadId(20) hotstuff_runner::app: Node 0 [produce_block] queue size: 0, attempting up to 0 transactions this block    
2026-08-10T05:54:02.369465Z  WARN ThreadId(20) hotstuff_runner::app: Node 0 view(5781) far exceeds block count (1445); potential sync issue    
2026-08-10T05:54:02.441705Z  WARN ThreadId(20) hotstuff_runner::app: Node 0 [produce_block] queue size: 2, attempting up to 2 transactions this block    
2026-08-10T05:54:02.441875Z  WARN ThreadId(20) hotstuff_runner::app: Node 0 view(5785) far exceeds block count (1446); potential sync issue    
2026-08-10T05:54:02.527455Z  WARN ThreadId(20) hotstuff_runner::app: Node 0 [produce_block] queue size: 0, attempting up to 0 transactions this block    
2026-08-10T05:54:02.528176Z  WARN ThreadId(20) hotstuff_runner::app: Node 0 view(5789) far exceeds block count (1447); potential sync issue    
2026-08-10T05:54:02.624875Z  WARN ThreadId(20) hotstuff_runner::app: Node 0 [produce_block] queue size: 2, attempting up to 2 transactions this block    
2026-08-10T05:54:02.625125Z  WARN ThreadId(20) hotstuff_runner::app: Node 0 view(5793) far exceeds block count (1448); potential sync issue    
2026-08-10T05:54:02.692110Z  WARN ThreadId(20) hotstuff_runner::app: Node 0 [produce_block] queue size: 0, attempting up to 0 transactions this block    
2026-08-10T05:54:02.693074Z  WARN ThreadId(20) hotstuff_runner::app: Node 0 view(5797) far exceeds block count (1449); potential sync issue    
2026-08-10T05:54:02.769481Z  WARN ThreadId(20) hotstuff_runner::app: Node 0 [produce_block] queue size: 2, attempting up to 2 transactions this block    
2026-08-10T05:54:02.769643Z  WARN ThreadId(20) hotstuff_runner::app: Node 0 view(5801) far exceeds block count (1450); potential sync issue    
2026-08-10T05:54:02.845659Z  WARN ThreadId(20) hotstuff_runner::app: Node 0 [produce_block] queue size: 0, attempting up to 0 transactions this block    
2026-08-10T05:54:02.846751Z  WARN ThreadId(20) hotstuff_runner::app: Node 0 view(5805) far exceeds block count (1451); potential sync issue    
2026-08-10T05:54:02.952310Z  WARN ThreadId(20) hotstuff_runner::app: Node 0 [produce_block] queue size: 0, attempting up to 0 transactions this block    
2026-08-10T05:54:02.952415Z  WARN ThreadId(20) hotstuff_runner::app: Node 0 view(5809) far exceeds block count (1452); potential sync issue    
2026-08-10T05:54:03.024081Z  WARN ThreadId(20) hotstuff_runner::app: Node 0 [produce_block] queue size: 2, attempting up to 2 transactions this block    
2026-08-10T05:54:03.024679Z  WARN ThreadId(20) hotstuff_runner::app: Node 0 view(5813) far exceeds block count (1453); potential sync issue    
2026-08-10T05:54:03.080972Z  WARN ThreadId(20) hotstuff_runner::app: Node 0 [produce_block] queue size: 0, attempting up to 0 transactions this block    
2026-08-10T05:54:03.081381Z  WARN ThreadId(20) hotstuff_runner::app: Node 0 view(5817) far exceeds block count (1454); potential sync issue    
2026-08-10T05:54:03.140252Z  WARN ThreadId(20) hotstuff_runner::app: Node 0 [produce_block] queue size: 0, attempting up to 0 transactions this block    
2026-08-10T05:54:03.141747Z  WARN ThreadId(20) hotstuff_runner::app: Node 0 view(5821) far exceeds block count (1455); potential sync issue    
2026-08-10T05:54:03.248231Z  WARN ThreadId(20) hotstuff_runner::app: Node 0 [produce_block] queue size: 2, attempting up to 2 transactions this block    
2026-08-10T05:54:03.249058Z  WARN ThreadId(20) hotstuff_runner::app: Node 0 view(5825) far exceeds block count (1456); potential sync issue    
2026-08-10T05:54:03.365741Z  WARN ThreadId(20) hotstuff_runner::app: Node 0 [produce_block] queue size: 0, attempting up to 0 transactions this block    
2026-08-10T05:54:03.366196Z  WARN ThreadId(20) hotstuff_runner::app: Node 0 view(5829) far exceeds block count (1457); potential sync issue    
2026-08-10T05:54:03.480906Z  WARN ThreadId(20) hotstuff_runner::app: Node 0 [produce_block] queue size: 2, attempting up to 2 transactions this block    
2026-08-10T05:54:03.483070Z  WARN ThreadId(20) hotstuff_runner::app: Node 0 view(5833) far exceeds block count (1458); potential sync issue    
2026-08-10T05:54:03.603217Z  WARN ThreadId(20) hotstuff_runner::app: Node 0 [produce_block] queue size: 2, attempting up to 2 transactions this block    
2026-08-10T05:54:03.603867Z  WARN ThreadId(20) hotstuff_runner::app: Node 0 view(5837) far exceeds block count (1459); potential sync issue    
2026-08-10T05:54:03.698857Z  WARN ThreadId(20) hotstuff_runner::app: Node 0 [produce_block] queue size: 0, attempting up to 0 transactions this block    
2026-08-10T05:54:03.699572Z  WARN ThreadId(20) hotstuff_runner::app: Node 0 view(5841) far exceeds block count (1460); potential sync issue    
2026-08-10T05:54:03.813021Z  WARN ThreadId(20) hotstuff_runner::app: Node 0 [produce_block] queue size: 2, attempting up to 2 transactions this block    
2026-08-10T05:54:03.813152Z  WARN ThreadId(20) hotstuff_runner::app: Node 0 view(5845) far exceeds block count (1461); potential sync issue    
2026-08-10T05:54:03.840578Z  WARN ThreadId(07) hotstuff_runner::pompe: 🧹 [Cleanup] Node 0 cleared 563 orphaned ordering1 states
2026-08-10T05:54:03.849981Z  WARN ThreadId(07) docker_node: Low processing efficiency: 0.0% - system may need tuning
2026-08-10T05:54:03.881493Z  WARN ThreadId(20) hotstuff_runner::app: Node 0 [produce_block] queue size: 0, attempting up to 0 transactions this block    
2026-08-10T05:54:03.882404Z  WARN ThreadId(20) hotstuff_runner::app: Node 0 view(5849) far exceeds block count (1462); potential sync issue    
2026-08-10T05:54:03.982446Z  WARN ThreadId(20) hotstuff_runner::app: Node 0 [produce_block] queue size: 2, attempting up to 2 transactions this block    
2026-08-10T05:54:03.982615Z  WARN ThreadId(20) hotstuff_runner::app: Node 0 view(5853) far exceeds block count (1463); potential sync issue    
2026-08-10T05:54:04.095486Z  WARN ThreadId(20) hotstuff_runner::app: Node 0 [produce_block] queue size: 0, attempting up to 0 transactions this block    
2026-08-10T05:54:04.101027Z  WARN ThreadId(20) hotstuff_runner::app: Node 0 view(5857) far exceeds block count (1464); potential sync issue    
2026-08-10T05:54:04.181304Z  WARN ThreadId(20) hotstuff_runner::app: Node 0 [produce_block] queue size: 2, attempting up to 2 transactions this block    
2026-08-10T05:54:04.183424Z  WARN ThreadId(20) hotstuff_runner::app: Node 0 view(5861) far exceeds block count (1465); potential sync issue    
2026-08-10T05:54:04.280452Z  WARN ThreadId(20) hotstuff_runner::app: Node 0 [produce_block] queue size: 0, attempting up to 0 transactions this block    
2026-08-10T05:54:04.285021Z  WARN ThreadId(20) hotstuff_runner::app: Node 0 view(5865) far exceeds block count (1466); potential sync issue    
2026-08-10T05:54:04.412824Z  WARN ThreadId(20) hotstuff_runner::app: Node 0 [produce_block] queue size: 2, attempting up to 2 transactions this block    
2026-08-10T05:54:04.413321Z  WARN ThreadId(20) hotstuff_runner::app: Node 0 view(5869) far exceeds block count (1467); potential sync issue    
2026-08-10T05:54:04.573154Z  WARN ThreadId(20) hotstuff_runner::app: Node 0 [produce_block] queue size: 2, attempting up to 2 transactions this block    
2026-08-10T05:54:04.580465Z  WARN ThreadId(20) hotstuff_runner::app: Node 0 view(5873) far exceeds block count (1468); potential sync issue    
2026-08-10T05:54:04.664086Z  WARN ThreadId(20) hotstuff_runner::app: Node 0 [produce_block] queue size: 0, attempting up to 0 transactions this block    
2026-08-10T05:54:04.668659Z  WARN ThreadId(20) hotstuff_runner::app: Node 0 view(5877) far exceeds block count (1469); potential sync issue    
2026-08-10T05:54:04.779350Z  WARN ThreadId(20) hotstuff_runner::app: Node 0 [produce_block] queue size: 2, attempting up to 2 transactions this block    
2026-08-10T05:54:04.780346Z  WARN ThreadId(20) hotstuff_runner::app: Node 0 view(5881) far exceeds block count (1470); potential sync issue    
2026-08-10T05:54:04.895221Z  WARN ThreadId(20) hotstuff_runner::app: Node 0 [produce_block] queue size: 0, attempting up to 0 transactions this block    
2026-08-10T05:54:04.897544Z  WARN ThreadId(20) hotstuff_runner::app: Node 0 view(5885) far exceeds block count (1471); potential sync issue    
2026-08-10T05:54:04.960579Z  WARN ThreadId(20) hotstuff_runner::app: Node 0 [produce_block] queue size: 2, attempting up to 2 transactions this block    
2026-08-10T05:54:04.960849Z  WARN ThreadId(20) hotstuff_runner::app: Node 0 view(5889) far exceeds block count (1472); potential sync issue    
2026-08-10T05:54:05.044479Z  WARN ThreadId(20) hotstuff_runner::app: Node 0 [produce_block] queue size: 0, attempting up to 0 transactions this block    
2026-08-10T05:54:05.045485Z  WARN ThreadId(20) hotstuff_runner::app: Node 0 view(5893) far exceeds block count (1473); potential sync issue    
2026-08-10T05:54:05.149452Z  WARN ThreadId(20) hotstuff_runner::app: Node 0 [produce_block] queue size: 2, attempting up to 2 transactions this block    
2026-08-10T05:54:05.150044Z  WARN ThreadId(20) hotstuff_runner::app: Node 0 view(5897) far exceeds block count (1474); potential sync issue    
2026-08-10T05:54:05.234208Z  WARN ThreadId(20) hotstuff_runner::app: Node 0 [produce_block] queue size: 0, attempting up to 0 transactions this block    
2026-08-10T05:54:05.237481Z  WARN ThreadId(20) hotstuff_runner::app: Node 0 view(5901) far exceeds block count (1475); potential sync issue    
2026-08-10T05:54:05.306455Z  WARN ThreadId(20) hotstuff_runner::app: Node 0 [produce_block] queue size: 2, attempting up to 2 transactions this block    
2026-08-10T05:54:05.310391Z  WARN ThreadId(20) hotstuff_runner::app: Node 0 view(5905) far exceeds block count (1476); potential sync issue    
2026-08-10T05:54:05.381528Z  WARN ThreadId(20) hotstuff_runner::app: Node 0 [produce_block] queue size: 0, attempting up to 0 transactions this block    
2026-08-10T05:54:05.391346Z  WARN ThreadId(20) hotstuff_runner::app: Node 0 view(5909) far exceeds block count (1477); potential sync issue    
2026-08-10T05:54:05.489543Z  WARN ThreadId(20) hotstuff_runner::app: Node 0 [produce_block] queue size: 2, attempting up to 2 transactions this block    
2026-08-10T05:54:05.490839Z  WARN ThreadId(20) hotstuff_runner::app: Node 0 view(5913) far exceeds block count (1478); potential sync issue    
2026-08-10T05:54:05.590449Z  WARN ThreadId(20) hotstuff_runner::app: Node 0 [produce_block] queue size: 0, attempting up to 0 transactions this block    
2026-08-10T05:54:05.590874Z  WARN ThreadId(20) hotstuff_runner::app: Node 0 view(5917) far exceeds block count (1479); potential sync issue    
2026-08-10T05:54:05.700597Z  WARN ThreadId(20) hotstuff_runner::app: Node 0 [produce_block] queue size: 2, attempting up to 2 transactions this block    
2026-08-10T05:54:05.705358Z  WARN ThreadId(20) hotstuff_runner::app: Node 0 view(5921) far exceeds block count (1480); potential sync issue    
2026-08-10T05:54:05.789235Z  WARN ThreadId(20) hotstuff_runner::app: Node 0 [produce_block] queue size: 0, attempting up to 0 transactions this block    
2026-08-10T05:54:05.795665Z  WARN ThreadId(20) hotstuff_runner::app: Node 0 view(5925) far exceeds block count (1481); potential sync issue    
2026-08-10T05:54:05.894825Z  WARN ThreadId(20) hotstuff_runner::app: Node 0 [produce_block] queue size: 2, attempting up to 2 transactions this block    
2026-08-10T05:54:05.895535Z  WARN ThreadId(20) hotstuff_runner::app: Node 0 view(5929) far exceeds block count (1482); potential sync issue    
2026-08-10T05:54:05.998863Z  WARN ThreadId(20) hotstuff_runner::app: Node 0 [produce_block] queue size: 0, attempting up to 0 transactions this block    
2026-08-10T05:54:06.000404Z  WARN ThreadId(20) hotstuff_runner::app: Node 0 view(5933) far exceeds block count (1483); potential sync issue    
2026-08-10T05:54:06.081960Z  WARN ThreadId(20) hotstuff_runner::app: Node 0 [produce_block] queue size: 2, attempting up to 2 transactions this block    
2026-08-10T05:54:06.082515Z  WARN ThreadId(20) hotstuff_runner::app: Node 0 view(5937) far exceeds block count (1484); potential sync issue    
2026-08-10T05:54:06.145502Z  WARN ThreadId(20) hotstuff_runner::app: Node 0 [produce_block] queue size: 0, attempting up to 0 transactions this block    
2026-08-10T05:54:06.146467Z  WARN ThreadId(20) hotstuff_runner::app: Node 0 view(5941) far exceeds block count (1485); potential sync issue    
2026-08-10T05:54:06.269263Z  WARN ThreadId(20) hotstuff_runner::app: Node 0 [produce_block] queue size: 0, attempting up to 0 transactions this block    
2026-08-10T05:54:06.269528Z  WARN ThreadId(20) hotstuff_runner::app: Node 0 view(5945) far exceeds block count (1486); potential sync issue    
2026-08-10T05:54:06.355634Z  WARN ThreadId(20) hotstuff_runner::app: Node 0 [produce_block] queue size: 2, attempting up to 2 transactions this block    
2026-08-10T05:54:06.370508Z  WARN ThreadId(20) hotstuff_runner::app: Node 0 view(5949) far exceeds block count (1487); potential sync issue    
2026-08-10T05:54:06.456355Z  WARN ThreadId(20) hotstuff_runner::app: Node 0 [produce_block] queue size: 0, attempting up to 0 transactions this block    
2026-08-10T05:54:06.456509Z  WARN ThreadId(20) hotstuff_runner::app: Node 0 view(5953) far exceeds block count (1488); potential sync issue    
2026-08-10T05:54:06.540103Z  WARN ThreadId(20) hotstuff_runner::app: Node 0 [produce_block] queue size: 2, attempting up to 2 transactions this block    
2026-08-10T05:54:06.542120Z  WARN ThreadId(20) hotstuff_runner::app: Node 0 view(5957) far exceeds block count (1489); potential sync issue    
2026-08-10T05:54:06.661064Z  WARN ThreadId(20) hotstuff_runner::app: Node 0 [produce_block] queue size: 0, attempting up to 0 transactions this block    
2026-08-10T05:54:06.661604Z  WARN ThreadId(20) hotstuff_runner::app: Node 0 view(5961) far exceeds block count (1490); potential sync issue    
2026-08-10T05:54:06.717307Z  WARN ThreadId(20) hotstuff_runner::app: Node 0 [produce_block] queue size: 0, attempting up to 0 transactions this block    
2026-08-10T05:54:06.718012Z  WARN ThreadId(20) hotstuff_runner::app: Node 0 view(5965) far exceeds block count (1491); potential sync issue    
2026-08-10T05:54:06.845151Z  WARN ThreadId(20) hotstuff_runner::app: Node 0 [produce_block] queue size: 2, attempting up to 2 transactions this block    
2026-08-10T05:54:06.845678Z  WARN ThreadId(20) hotstuff_runner::app: Node 0 view(5969) far exceeds block count (1492); potential sync issue    
2026-08-10T05:54:06.920739Z  WARN ThreadId(20) hotstuff_runner::app: Node 0 [produce_block] queue size: 0, attempting up to 0 transactions this block    
2026-08-10T05:54:06.921042Z  WARN ThreadId(20) hotstuff_runner::app: Node 0 view(5973) far exceeds block count (1493); potential sync issue    
2026-08-10T05:54:07.053617Z  WARN ThreadId(20) hotstuff_runner::app: Node 0 [produce_block] queue size: 2, attempting up to 2 transactions this block    
2026-08-10T05:54:07.054262Z  WARN ThreadId(20) hotstuff_runner::app: Node 0 view(5977) far exceeds block count (1494); potential sync issue    
2026-08-10T05:54:07.160573Z  WARN ThreadId(20) hotstuff_runner::app: Node 0 [produce_block] queue size: 0, attempting up to 0 transactions this block    
2026-08-10T05:54:07.165173Z  WARN ThreadId(20) hotstuff_runner::app: Node 0 view(5981) far exceeds block count (1495); potential sync issue    
2026-08-10T05:54:07.279875Z  WARN ThreadId(20) hotstuff_runner::app: Node 0 [produce_block] queue size: 2, attempting up to 2 transactions this block    
2026-08-10T05:54:07.281544Z  WARN ThreadId(20) hotstuff_runner::app: Node 0 view(5985) far exceeds block count (1496); potential sync issue    
2026-08-10T05:54:07.428277Z  WARN ThreadId(20) hotstuff_runner::app: Node 0 [produce_block] queue size: 2, attempting up to 2 transactions this block    
2026-08-10T05:54:07.428497Z  WARN ThreadId(20) hotstuff_runner::app: Node 0 view(5989) far exceeds block count (1497); potential sync issue    
2026-08-10T05:54:07.528154Z  WARN ThreadId(20) hotstuff_runner::app: Node 0 [produce_block] queue size: 0, attempting up to 0 transactions this block    
2026-08-10T05:54:07.532468Z  WARN ThreadId(20) hotstuff_runner::app: Node 0 view(5993) far exceeds block count (1498); potential sync issue    
2026-08-10T05:54:07.621648Z  WARN ThreadId(20) hotstuff_runner::app: Node 0 [produce_block] queue size: 2, attempting up to 2 transactions this block    
2026-08-10T05:54:07.624665Z  WARN ThreadId(20) hotstuff_runner::app: Node 0 view(5997) far exceeds block count (1499); potential sync issue    
2026-08-10T05:54:07.687272Z  WARN ThreadId(20) hotstuff_runner::app: Node 0 [produce_block] queue size: 0, attempting up to 0 transactions this block    
2026-08-10T05:54:07.687825Z  WARN ThreadId(20) hotstuff_runner::app: Node 0 view(6001) far exceeds block count (1500); potential sync issue    
2026-08-10T05:54:07.824211Z  WARN ThreadId(20) hotstuff_runner::app: Node 0 [produce_block] queue size: 2, attempting up to 2 transactions this block    
2026-08-10T05:54:07.827305Z  WARN ThreadId(20) hotstuff_runner::app: Node 0 view(6005) far exceeds block count (1501); potential sync issue    
2026-08-10T05:54:07.950701Z  WARN ThreadId(20) hotstuff_runner::app: Node 0 [produce_block] queue size: 2, attempting up to 2 transactions this block    
2026-08-10T05:54:07.950922Z  WARN ThreadId(20) hotstuff_runner::app: Node 0 view(6009) far exceeds block count (1502); potential sync issue    
2026-08-10T05:54:08.048103Z  WARN ThreadId(20) hotstuff_runner::app: Node 0 [produce_block] queue size: 0, attempting up to 0 transactions this block    
2026-08-10T05:54:08.048313Z  WARN ThreadId(20) hotstuff_runner::app: Node 0 view(6013) far exceeds block count (1503); potential sync issue    
2026-08-10T05:54:08.106279Z  WARN ThreadId(20) hotstuff_runner::app: Node 0 [produce_block] queue size: 0, attempting up to 0 transactions this block    
2026-08-10T05:54:08.106945Z  WARN ThreadId(20) hotstuff_runner::app: Node 0 view(6017) far exceeds block count (1504); potential sync issue    
2026-08-10T05:54:08.210683Z  WARN ThreadId(20) hotstuff_runner::app: Node 0 [produce_block] queue size: 2, attempting up to 2 transactions this block    
2026-08-10T05:54:08.211781Z  WARN ThreadId(20) hotstuff_runner::app: Node 0 view(6021) far exceeds block count (1505); potential sync issue    
2026-08-10T05:54:08.325299Z  WARN ThreadId(20) hotstuff_runner::app: Node 0 [produce_block] queue size: 0, attempting up to 0 transactions this block    
2026-08-10T05:54:08.325455Z  WARN ThreadId(20) hotstuff_runner::app: Node 0 view(6025) far exceeds block count (1506); potential sync issue    
2026-08-10T05:54:08.468932Z  WARN ThreadId(20) hotstuff_runner::app: Node 0 [produce_block] queue size: 2, attempting up to 2 transactions this block    
2026-08-10T05:54:08.470145Z  WARN ThreadId(20) hotstuff_runner::app: Node 0 view(6029) far exceeds block count (1507); potential sync issue    
2026-08-10T05:54:08.608371Z  WARN ThreadId(20) hotstuff_runner::app: Node 0 [produce_block] queue size: 2, attempting up to 2 transactions this block    
2026-08-10T05:54:08.610515Z  WARN ThreadId(20) hotstuff_runner::app: Node 0 view(6033) far exceeds block count (1508); potential sync issue    
2026-08-10T05:54:08.712035Z  WARN ThreadId(20) hotstuff_runner::app: Node 0 [produce_block] queue size: 0, attempting up to 0 transactions this block    
2026-08-10T05:54:08.712531Z  WARN ThreadId(20) hotstuff_runner::app: Node 0 view(6037) far exceeds block count (1509); potential sync issue    
2026-08-10T05:54:08.805881Z  WARN ThreadId(20) hotstuff_runner::app: Node 0 [produce_block] queue size: 2, attempting up to 2 transactions this block    
2026-08-10T05:54:08.806820Z  WARN ThreadId(20) hotstuff_runner::app: Node 0 view(6041) far exceeds block count (1510); potential sync issue    
2026-08-10T05:54:08.849495Z  WARN ThreadId(06) docker_node: Low processing efficiency: 0.0% - system may need tuning
2026-08-10T05:54:08.883428Z  WARN ThreadId(20) hotstuff_runner::app: Node 0 [produce_block] queue size: 0, attempting up to 0 transactions this block    
2026-08-10T05:54:08.889602Z  WARN ThreadId(20) hotstuff_runner::app: Node 0 view(6045) far exceeds block count (1511); potential sync issue    
2026-08-10T05:54:09.018989Z  WARN ThreadId(20) hotstuff_runner::app: Node 0 [produce_block] queue size: 2, attempting up to 2 transactions this block    
2026-08-10T05:54:09.020001Z  WARN ThreadId(20) hotstuff_runner::app: Node 0 view(6049) far exceeds block count (1512); potential sync issue    
2026-08-10T05:54:09.128625Z  WARN ThreadId(20) hotstuff_runner::app: Node 0 [produce_block] queue size: 0, attempting up to 0 transactions this block    
2026-08-10T05:54:09.138403Z  WARN ThreadId(20) hotstuff_runner::app: Node 0 view(6053) far exceeds block count (1513); potential sync issue    
2026-08-10T05:54:09.256850Z  WARN ThreadId(20) hotstuff_runner::app: Node 0 [produce_block] queue size: 2, attempting up to 2 transactions this block    
2026-08-10T05:54:09.257026Z  WARN ThreadId(20) hotstuff_runner::app: Node 0 view(6057) far exceeds block count (1514); potential sync issue    
2026-08-10T05:54:09.348512Z  WARN ThreadId(20) hotstuff_runner::app: Node 0 [produce_block] queue size: 0, attempting up to 0 transactions this block    
2026-08-10T05:54:09.353675Z  WARN ThreadId(20) hotstuff_runner::app: Node 0 view(6061) far exceeds block count (1515); potential sync issue    
2026-08-10T05:54:09.430448Z  WARN ThreadId(20) hotstuff_runner::app: Node 0 [produce_block] queue size: 2, attempting up to 2 transactions this block    
2026-08-10T05:54:09.434473Z  WARN ThreadId(20) hotstuff_runner::app: Node 0 view(6065) far exceeds block count (1516); potential sync issue    
2026-08-10T05:54:09.569284Z  WARN ThreadId(20) hotstuff_runner::app: Node 0 [produce_block] queue size: 2, attempting up to 2 transactions this block    
2026-08-10T05:54:09.570152Z  WARN ThreadId(20) hotstuff_runner::app: Node 0 view(6069) far exceeds block count (1517); potential sync issue    
2026-08-10T05:54:09.656561Z  WARN ThreadId(20) hotstuff_runner::app: Node 0 [produce_block] queue size: 0, attempting up to 0 transactions this block    
2026-08-10T05:54:09.661658Z  WARN ThreadId(20) hotstuff_runner::app: Node 0 view(6073) far exceeds block count (1518); potential sync issue    
2026-08-10T05:54:09.835305Z  WARN ThreadId(20) hotstuff_runner::app: Node 0 [produce_block] queue size: 2, attempting up to 2 transactions this block    
2026-08-10T05:54:09.835540Z  WARN ThreadId(20) hotstuff_runner::app: Node 0 view(6077) far exceeds block count (1519); potential sync issue    
2026-08-10T05:54:09.968885Z  WARN ThreadId(20) hotstuff_runner::app: Node 0 [produce_block] queue size: 2, attempting up to 2 transactions this block    
2026-08-10T05:54:09.977557Z  WARN ThreadId(20) hotstuff_runner::app: Node 0 view(6081) far exceeds block count (1520); potential sync issue    
2026-08-10T05:54:10.095343Z  WARN ThreadId(20) hotstuff_runner::app: Node 0 [produce_block] queue size: 0, attempting up to 0 transactions this block    
2026-08-10T05:54:10.095502Z  WARN ThreadId(20) hotstuff_runner::app: Node 0 view(6085) far exceeds block count (1521); potential sync issue    
2026-08-10T05:54:10.301573Z  WARN ThreadId(20) hotstuff_runner::app: Node 0 [produce_block] queue size: 2, attempting up to 2 transactions this block    
2026-08-10T05:54:10.304668Z  WARN ThreadId(20) hotstuff_runner::app: Node 0 view(6089) far exceeds block count (1522); potential sync issue    
2026-08-10T05:54:10.496005Z  WARN ThreadId(20) hotstuff_runner::app: Node 0 [produce_block] queue size: 2, attempting up to 2 transactions this block    
2026-08-10T05:54:10.496417Z  WARN ThreadId(20) hotstuff_runner::app: Node 0 view(6093) far exceeds block count (1523); potential sync issue    
2026-08-10T05:54:10.626613Z  WARN ThreadId(20) hotstuff_runner::app: Node 0 [produce_block] queue size: 2, attempting up to 2 transactions this block    
2026-08-10T05:54:10.626980Z  WARN ThreadId(20) hotstuff_runner::app: Node 0 view(6097) far exceeds block count (1524); potential sync issue    
2026-08-10T05:54:10.740189Z  WARN ThreadId(20) hotstuff_runner::app: Node 0 [produce_block] queue size: 0, attempting up to 0 transactions this block    
2026-08-10T05:54:10.743629Z  WARN ThreadId(20) hotstuff_runner::app: Node 0 view(6101) far exceeds block count (1525); potential sync issue    
2026-08-10T05:54:10.845536Z  WARN ThreadId(20) hotstuff_runner::app: Node 0 [produce_block] queue size: 2, attempting up to 2 transactions this block    
2026-08-10T05:54:10.845754Z  WARN ThreadId(20) hotstuff_runner::app: Node 0 view(6105) far exceeds block count (1526); potential sync issue    
2026-08-10T05:54:11.051202Z  WARN ThreadId(20) hotstuff_runner::app: Node 0 [produce_block] queue size: 2, attempting up to 2 transactions this block    
2026-08-10T05:54:11.058133Z  WARN ThreadId(20) hotstuff_runner::app: Node 0 view(6109) far exceeds block count (1527); potential sync issue    
2026-08-10T05:54:11.175247Z  WARN ThreadId(20) hotstuff_runner::app: Node 0 [produce_block] queue size: 0, attempting up to 0 transactions this block    
2026-08-10T05:54:11.176352Z  WARN ThreadId(20) hotstuff_runner::app: Node 0 view(6113) far exceeds block count (1528); potential sync issue    
2026-08-10T05:54:11.313363Z  WARN ThreadId(20) hotstuff_runner::app: Node 0 [produce_block] queue size: 2, attempting up to 2 transactions this block    
2026-08-10T05:54:11.313785Z  WARN ThreadId(20) hotstuff_runner::app: Node 0 view(6117) far exceeds block count (1529); potential sync issue    
2026-08-10T05:54:11.467550Z  WARN ThreadId(20) hotstuff_runner::app: Node 0 [produce_block] queue size: 2, attempting up to 2 transactions this block    
2026-08-10T05:54:11.477980Z  WARN ThreadId(20) hotstuff_runner::app: Node 0 view(6121) far exceeds block count (1530); potential sync issue    
2026-08-10T05:54:11.676390Z  WARN ThreadId(20) hotstuff_runner::app: Node 0 [produce_block] queue size: 2, attempting up to 2 transactions this block    
2026-08-10T05:54:11.678525Z  WARN ThreadId(20) hotstuff_runner::app: Node 0 view(6125) far exceeds block count (1531); potential sync issue    
2026-08-10T05:54:11.774370Z  WARN ThreadId(20) hotstuff_runner::app: Node 0 [produce_block] queue size: 0, attempting up to 0 transactions this block    
2026-08-10T05:54:11.776039Z  WARN ThreadId(20) hotstuff_runner::app: Node 0 view(6129) far exceeds block count (1532); potential sync issue    
2026-08-10T05:54:11.887777Z  WARN ThreadId(20) hotstuff_runner::app: Node 0 [produce_block] queue size: 2, attempting up to 2 transactions this block    
2026-08-10T05:54:11.888240Z  WARN ThreadId(20) hotstuff_runner::app: Node 0 view(6133) far exceeds block count (1533); potential sync issue    
2026-08-10T05:54:11.993511Z  WARN ThreadId(20) hotstuff_runner::app: Node 0 [produce_block] queue size: 0, attempting up to 0 transactions this block    
2026-08-10T05:54:11.994468Z  WARN ThreadId(20) hotstuff_runner::app: Node 0 view(6137) far exceeds block count (1534); potential sync issue    
2026-08-10T05:54:12.251320Z  WARN ThreadId(20) hotstuff_runner::app: Node 0 [produce_block] queue size: 4, attempting up to 4 transactions this block    
2026-08-10T05:54:12.251943Z  WARN ThreadId(20) hotstuff_runner::app: Node 0 view(6141) far exceeds block count (1535); potential sync issue    
2026-08-10T05:54:12.441891Z  WARN ThreadId(20) hotstuff_runner::app: Node 0 [produce_block] queue size: 2, attempting up to 2 transactions this block    
2026-08-10T05:54:12.443534Z  WARN ThreadId(20) hotstuff_runner::app: Node 0 view(6145) far exceeds block count (1536); potential sync issue    
2026-08-10T05:54:12.550015Z  WARN ThreadId(20) hotstuff_runner::app: Node 0 [produce_block] queue size: 0, attempting up to 0 transactions this block    
2026-08-10T05:54:12.552282Z  WARN ThreadId(20) hotstuff_runner::app: Node 0 view(6149) far exceeds block count (1537); potential sync issue    
2026-08-10T05:54:12.711759Z  WARN ThreadId(20) hotstuff_runner::app: Node 0 [produce_block] queue size: 2, attempting up to 2 transactions this block    
2026-08-10T05:54:12.714018Z  WARN ThreadId(20) hotstuff_runner::app: Node 0 view(6153) far exceeds block count (1538); potential sync issue    
2026-08-10T05:54:12.899262Z  WARN ThreadId(20) hotstuff_runner::app: Node 0 [produce_block] queue size: 2, attempting up to 2 transactions this block    
2026-08-10T05:54:12.899603Z  WARN ThreadId(20) hotstuff_runner::app: Node 0 view(6157) far exceeds block count (1539); potential sync issue    
2026-08-10T05:54:12.971333Z  WARN ThreadId(20) hotstuff_runner::app: Node 0 [produce_block] queue size: 0, attempting up to 0 transactions this block    
2026-08-10T05:54:12.973520Z  WARN ThreadId(20) hotstuff_runner::app: Node 0 view(6161) far exceeds block count (1540); potential sync issue    
2026-08-10T05:54:13.107139Z  WARN ThreadId(20) hotstuff_runner::app: Node 0 [produce_block] queue size: 2, attempting up to 2 transactions this block    
2026-08-10T05:54:13.107496Z  WARN ThreadId(20) hotstuff_runner::app: Node 0 view(6165) far exceeds block count (1541); potential sync issue    
2026-08-10T05:54:13.228401Z  WARN ThreadId(20) hotstuff_runner::app: Node 0 [produce_block] queue size: 0, attempting up to 0 transactions this block    
2026-08-10T05:54:13.228526Z  WARN ThreadId(20) hotstuff_runner::app: Node 0 view(6169) far exceeds block count (1542); potential sync issue    
2026-08-10T05:54:13.371818Z  WARN ThreadId(20) hotstuff_runner::app: Node 0 [produce_block] queue size: 2, attempting up to 2 transactions this block    
2026-08-10T05:54:13.372155Z  WARN ThreadId(20) hotstuff_runner::app: Node 0 view(6173) far exceeds block count (1543); potential sync issue    
2026-08-10T05:54:13.540153Z  WARN ThreadId(20) hotstuff_runner::app: Node 0 [produce_block] queue size: 2, attempting up to 2 transactions this block    
2026-08-10T05:54:13.542500Z  WARN ThreadId(20) hotstuff_runner::app: Node 0 view(6177) far exceeds block count (1544); potential sync issue    
2026-08-10T05:54:13.679966Z  WARN ThreadId(20) hotstuff_runner::app: Node 0 [produce_block] queue size: 2, attempting up to 2 transactions this block    
2026-08-10T05:54:13.686365Z  WARN ThreadId(20) hotstuff_runner::app: Node 0 view(6181) far exceeds block count (1545); potential sync issue    
2026-08-10T05:54:13.836387Z  WARN ThreadId(20) hotstuff_runner::app: Node 0 [produce_block] queue size: 0, attempting up to 0 transactions this block    
2026-08-10T05:54:13.836883Z  WARN ThreadId(20) hotstuff_runner::app: Node 0 view(6185) far exceeds block count (1546); potential sync issue    
2026-08-10T05:54:13.850461Z  WARN ThreadId(07) docker_node: Low processing efficiency: 0.0% - system may need tuning
2026-08-10T05:54:13.937348Z  WARN ThreadId(20) hotstuff_runner::app: Node 0 [produce_block] queue size: 2, attempting up to 2 transactions this block    
2026-08-10T05:54:13.937710Z  WARN ThreadId(20) hotstuff_runner::app: Node 0 view(6189) far exceeds block count (1547); potential sync issue    
2026-08-10T05:54:14.162028Z  WARN ThreadId(20) hotstuff_runner::app: Node 0 [produce_block] queue size: 2, attempting up to 2 transactions this block    
2026-08-10T05:54:14.167834Z  WARN ThreadId(20) hotstuff_runner::app: Node 0 view(6193) far exceeds block count (1548); potential sync issue    
2026-08-10T05:54:14.275082Z  WARN ThreadId(20) hotstuff_runner::app: Node 0 [produce_block] queue size: 0, attempting up to 0 transactions this block    
2026-08-10T05:54:14.275285Z  WARN ThreadId(20) hotstuff_runner::app: Node 0 view(6197) far exceeds block count (1549); potential sync issue    
2026-08-10T05:54:14.373652Z  WARN ThreadId(20) hotstuff_runner::app: Node 0 [produce_block] queue size: 2, attempting up to 2 transactions this block    
2026-08-10T05:54:14.375286Z  WARN ThreadId(20) hotstuff_runner::app: Node 0 view(6201) far exceeds block count (1550); potential sync issue    
2026-08-10T05:54:14.597900Z  WARN ThreadId(20) hotstuff_runner::app: Node 0 [produce_block] queue size: 2, attempting up to 2 transactions this block    
2026-08-10T05:54:14.598188Z  WARN ThreadId(20) hotstuff_runner::app: Node 0 view(6205) far exceeds block count (1551); potential sync issue    
2026-08-10T05:54:14.703062Z  WARN ThreadId(20) hotstuff_runner::app: Node 0 [produce_block] queue size: 2, attempting up to 2 transactions this block    
2026-08-10T05:54:14.703781Z  WARN ThreadId(20) hotstuff_runner::app: Node 0 view(6209) far exceeds block count (1552); potential sync issue    
2026-08-10T05:54:14.863242Z  WARN ThreadId(20) hotstuff_runner::app: Node 0 [produce_block] queue size: 0, attempting up to 0 transactions this block    
2026-08-10T05:54:14.865483Z  WARN ThreadId(20) hotstuff_runner::app: Node 0 view(6213) far exceeds block count (1553); potential sync issue    
2026-08-10T05:54:15.041237Z  WARN ThreadId(20) hotstuff_runner::app: Node 0 [produce_block] queue size: 2, attempting up to 2 transactions this block    
2026-08-10T05:54:15.044100Z  WARN ThreadId(20) hotstuff_runner::app: Node 0 view(6217) far exceeds block count (1554); potential sync issue    
2026-08-10T05:54:15.151054Z  WARN ThreadId(20) hotstuff_runner::app: Node 0 [produce_block] queue size: 2, attempting up to 2 transactions this block    
2026-08-10T05:54:15.151375Z  WARN ThreadId(20) hotstuff_runner::app: Node 0 view(6221) far exceeds block count (1555); potential sync issue    
2026-08-10T05:54:15.268949Z  WARN ThreadId(20) hotstuff_runner::app: Node 0 [produce_block] queue size: 0, attempting up to 0 transactions this block    
2026-08-10T05:54:15.271799Z  WARN ThreadId(20) hotstuff_runner::app: Node 0 view(6225) far exceeds block count (1556); potential sync issue    
2026-08-10T05:54:15.403222Z  WARN ThreadId(20) hotstuff_runner::app: Node 0 [produce_block] queue size: 2, attempting up to 2 transactions this block    
2026-08-10T05:54:15.403587Z  WARN ThreadId(20) hotstuff_runner::app: Node 0 view(6229) far exceeds block count (1557); potential sync issue    
2026-08-10T05:54:15.533451Z  WARN ThreadId(20) hotstuff_runner::app: Node 0 [produce_block] queue size: 2, attempting up to 2 transactions this block    
2026-08-10T05:54:15.537579Z  WARN ThreadId(20) hotstuff_runner::app: Node 0 view(6233) far exceeds block count (1558); potential sync issue    
2026-08-10T05:54:15.659131Z  WARN ThreadId(20) hotstuff_runner::app: Node 0 [produce_block] queue size: 0, attempting up to 0 transactions this block    
2026-08-10T05:54:15.659326Z  WARN ThreadId(20) hotstuff_runner::app: Node 0 view(6237) far exceeds block count (1559); potential sync issue    
2026-08-10T05:54:15.803108Z  WARN ThreadId(20) hotstuff_runner::app: Node 0 [produce_block] queue size: 2, attempting up to 2 transactions this block    
2026-08-10T05:54:15.803549Z  WARN ThreadId(20) hotstuff_runner::app: Node 0 view(6241) far exceeds block count (1560); potential sync issue    
2026-08-10T05:54:15.901639Z  WARN ThreadId(20) hotstuff_runner::app: Node 0 [produce_block] queue size: 2, attempting up to 2 transactions this block    
2026-08-10T05:54:15.903636Z  WARN ThreadId(20) hotstuff_runner::app: Node 0 view(6245) far exceeds block count (1561); potential sync issue    
2026-08-10T05:54:16.088222Z  WARN ThreadId(20) hotstuff_runner::app: Node 0 [produce_block] queue size: 2, attempting up to 2 transactions this block    
2026-08-10T05:54:16.089145Z  WARN ThreadId(20) hotstuff_runner::app: Node 0 view(6249) far exceeds block count (1562); potential sync issue    
2026-08-10T05:54:16.218899Z  WARN ThreadId(20) hotstuff_runner::app: Node 0 [produce_block] queue size: 2, attempting up to 2 transactions this block    
2026-08-10T05:54:16.219255Z  WARN ThreadId(20) hotstuff_runner::app: Node 0 view(6253) far exceeds block count (1563); potential sync issue    
2026-08-10T05:54:16.346963Z  WARN ThreadId(20) hotstuff_runner::app: Node 0 [produce_block] queue size: 0, attempting up to 0 transactions this block    
2026-08-10T05:54:16.347441Z  WARN ThreadId(20) hotstuff_runner::app: Node 0 view(6257) far exceeds block count (1564); potential sync issue    
2026-08-10T05:54:16.467220Z  WARN ThreadId(20) hotstuff_runner::app: Node 0 [produce_block] queue size: 2, attempting up to 2 transactions this block    
2026-08-10T05:54:16.468491Z  WARN ThreadId(20) hotstuff_runner::app: Node 0 view(6261) far exceeds block count (1565); potential sync issue    
2026-08-10T05:54:16.605800Z  WARN ThreadId(20) hotstuff_runner::app: Node 0 [produce_block] queue size: 0, attempting up to 0 transactions this block    
2026-08-10T05:54:16.606324Z  WARN ThreadId(20) hotstuff_runner::app: Node 0 view(6265) far exceeds block count (1566); potential sync issue    
2026-08-10T05:54:16.705688Z  WARN ThreadId(20) hotstuff_runner::app: Node 0 [produce_block] queue size: 2, attempting up to 2 transactions this block    
2026-08-10T05:54:16.711679Z  WARN ThreadId(20) hotstuff_runner::app: Node 0 view(6269) far exceeds block count (1567); potential sync issue    
2026-08-10T05:54:16.818182Z  WARN ThreadId(20) hotstuff_runner::app: Node 0 [produce_block] queue size: 0, attempting up to 0 transactions this block    
2026-08-10T05:54:16.819232Z  WARN ThreadId(20) hotstuff_runner::app: Node 0 view(6273) far exceeds block count (1568); potential sync issue    
2026-08-10T05:54:16.898147Z  WARN ThreadId(20) hotstuff_runner::app: Node 0 [produce_block] queue size: 2, attempting up to 2 transactions this block    
2026-08-10T05:54:16.901050Z  WARN ThreadId(20) hotstuff_runner::app: Node 0 view(6277) far exceeds block count (1569); potential sync issue    
2026-08-10T05:54:17.003212Z  WARN ThreadId(20) hotstuff_runner::app: Node 0 [produce_block] queue size: 0, attempting up to 0 transactions this block    
2026-08-10T05:54:17.007506Z  WARN ThreadId(20) hotstuff_runner::app: Node 0 view(6281) far exceeds block count (1570); potential sync issue    
2026-08-10T05:54:17.116427Z  WARN ThreadId(20) hotstuff_runner::app: Node 0 [produce_block] queue size: 2, attempting up to 2 transactions this block    
2026-08-10T05:54:17.116860Z  WARN ThreadId(20) hotstuff_runner::app: Node 0 view(6285) far exceeds block count (1571); potential sync issue    
2026-08-10T05:54:17.203841Z  WARN ThreadId(20) hotstuff_runner::app: Node 0 [produce_block] queue size: 0, attempting up to 0 transactions this block    
2026-08-10T05:54:17.203976Z  WARN ThreadId(20) hotstuff_runner::app: Node 0 view(6289) far exceeds block count (1572); potential sync issue    
2026-08-10T05:54:17.344551Z  WARN ThreadId(20) hotstuff_runner::app: Node 0 [produce_block] queue size: 2, attempting up to 2 transactions this block    
2026-08-10T05:54:17.349728Z  WARN ThreadId(20) hotstuff_runner::app: Node 0 view(6293) far exceeds block count (1573); potential sync issue    
2026-08-10T05:54:17.507859Z  WARN ThreadId(20) hotstuff_runner::app: Node 0 [produce_block] queue size: 2, attempting up to 2 transactions this block    
2026-08-10T05:54:17.508501Z  WARN ThreadId(20) hotstuff_runner::app: Node 0 view(6297) far exceeds block count (1574); potential sync issue    
2026-08-10T05:54:17.569082Z  WARN ThreadId(20) hotstuff_runner::app: Node 0 [produce_block] queue size: 0, attempting up to 0 transactions this block    
2026-08-10T05:54:17.569322Z  WARN ThreadId(20) hotstuff_runner::app: Node 0 view(6301) far exceeds block count (1575); potential sync issue    
2026-08-10T05:54:17.658010Z  WARN ThreadId(20) hotstuff_runner::app: Node 0 [produce_block] queue size: 2, attempting up to 2 transactions this block    
2026-08-10T05:54:17.658270Z  WARN ThreadId(20) hotstuff_runner::app: Node 0 view(6305) far exceeds block count (1576); potential sync issue    
2026-08-10T05:54:17.794760Z  WARN ThreadId(20) hotstuff_runner::app: Node 0 [produce_block] queue size: 0, attempting up to 0 transactions this block    
2026-08-10T05:54:17.795052Z  WARN ThreadId(20) hotstuff_runner::app: Node 0 view(6309) far exceeds block count (1577); potential sync issue    
2026-08-10T05:54:17.923760Z  WARN ThreadId(20) hotstuff_runner::app: Node 0 [produce_block] queue size: 2, attempting up to 2 transactions this block    
2026-08-10T05:54:17.924002Z  WARN ThreadId(20) hotstuff_runner::app: Node 0 view(6313) far exceeds block count (1578); potential sync issue    
2026-08-10T05:54:18.031783Z  WARN ThreadId(20) hotstuff_runner::app: Node 0 [produce_block] queue size: 0, attempting up to 0 transactions this block    
2026-08-10T05:54:18.032082Z  WARN ThreadId(20) hotstuff_runner::app: Node 0 view(6317) far exceeds block count (1579); potential sync issue    
2026-08-10T05:54:18.142590Z  WARN ThreadId(20) hotstuff_runner::app: Node 0 [produce_block] queue size: 2, attempting up to 2 transactions this block    
2026-08-10T05:54:18.142805Z  WARN ThreadId(20) hotstuff_runner::app: Node 0 view(6321) far exceeds block count (1580); potential sync issue    
2026-08-10T05:54:18.284029Z  WARN ThreadId(20) hotstuff_runner::app: Node 0 [produce_block] queue size: 0, attempting up to 0 transactions this block    
2026-08-10T05:54:18.289174Z  WARN ThreadId(20) hotstuff_runner::app: Node 0 view(6325) far exceeds block count (1581); potential sync issue    
2026-08-10T05:54:18.405396Z  WARN ThreadId(20) hotstuff_runner::app: Node 0 [produce_block] queue size: 2, attempting up to 2 transactions this block    
2026-08-10T05:54:18.407351Z  WARN ThreadId(20) hotstuff_runner::app: Node 0 view(6329) far exceeds block count (1582); potential sync issue    
2026-08-10T05:54:18.850560Z  WARN ThreadId(06) docker_node: Low processing efficiency: 0.0% - system may need tuning
2026-08-10T05:54:18.922604Z  WARN ThreadId(21) hotstuff_runner::tcp_node: Node 0 view 6330 timed out; latency may accumulate
2026-08-10T05:54:18.962654Z  WARN ThreadId(20) hotstuff_runner::app: Node 0 [produce_block] queue size: 6, attempting up to 6 transactions this block    
2026-08-10T05:54:18.968673Z  WARN ThreadId(20) hotstuff_runner::app: Node 0 view(6333) far exceeds block count (1583); potential sync issue    
2026-08-10T05:54:19.140957Z  WARN ThreadId(20) hotstuff_runner::app: Node 0 [produce_block] queue size: 0, attempting up to 0 transactions this block    
2026-08-10T05:54:19.141109Z  WARN ThreadId(20) hotstuff_runner::app: Node 0 view(6337) far exceeds block count (1584); potential sync issue    
2026-08-10T05:54:19.268244Z  WARN ThreadId(20) hotstuff_runner::app: Node 0 [produce_block] queue size: 2, attempting up to 2 transactions this block    
2026-08-10T05:54:19.271413Z  WARN ThreadId(20) hotstuff_runner::app: Node 0 view(6341) far exceeds block count (1585); potential sync issue    
2026-08-10T05:54:19.468674Z  WARN ThreadId(20) hotstuff_runner::app: Node 0 [produce_block] queue size: 2, attempting up to 2 transactions this block    
2026-08-10T05:54:19.473859Z  WARN ThreadId(20) hotstuff_runner::app: Node 0 view(6345) far exceeds block count (1586); potential sync issue    
2026-08-10T05:54:19.857613Z  WARN ThreadId(20) hotstuff_runner::app: Node 0 [produce_block] queue size: 4, attempting up to 4 transactions this block    
2026-08-10T05:54:19.858793Z  WARN ThreadId(20) hotstuff_runner::app: Node 0 view(6349) far exceeds block count (1587); potential sync issue    
2026-08-10T05:54:20.008869Z  WARN ThreadId(20) hotstuff_runner::app: Node 0 [produce_block] queue size: 0, attempting up to 0 transactions this block    
2026-08-10T05:54:20.012601Z  WARN ThreadId(20) hotstuff_runner::app: Node 0 view(6353) far exceeds block count (1588); potential sync issue    
2026-08-10T05:54:20.178688Z  WARN ThreadId(20) hotstuff_runner::app: Node 0 [produce_block] queue size: 2, attempting up to 2 transactions this block    
2026-08-10T05:54:20.180250Z  WARN ThreadId(20) hotstuff_runner::app: Node 0 view(6357) far exceeds block count (1589); potential sync issue    
2026-08-10T05:54:20.413869Z  WARN ThreadId(20) hotstuff_runner::app: Node 0 [produce_block] queue size: 2, attempting up to 2 transactions this block    
2026-08-10T05:54:20.424471Z  WARN ThreadId(20) hotstuff_runner::app: Node 0 view(6361) far exceeds block count (1590); potential sync issue    
2026-08-10T05:54:20.614144Z  WARN ThreadId(20) hotstuff_runner::app: Node 0 [produce_block] queue size: 2, attempting up to 2 transactions this block    
2026-08-10T05:54:20.617563Z  WARN ThreadId(20) hotstuff_runner::app: Node 0 view(6365) far exceeds block count (1591); potential sync issue    
2026-08-10T05:54:20.883787Z  WARN ThreadId(20) hotstuff_runner::app: Node 0 [produce_block] queue size: 2, attempting up to 2 transactions this block    
2026-08-10T05:54:20.893911Z  WARN ThreadId(20) hotstuff_runner::app: Node 0 view(6369) far exceeds block count (1592); potential sync issue    
2026-08-10T05:54:21.042715Z  WARN ThreadId(20) hotstuff_runner::app: Node 0 [produce_block] queue size: 2, attempting up to 2 transactions this block    
2026-08-10T05:54:21.043026Z  WARN ThreadId(20) hotstuff_runner::app: Node 0 view(6373) far exceeds block count (1593); potential sync issue    
2026-08-10T05:54:21.186085Z  WARN ThreadId(20) hotstuff_runner::app: Node 0 [produce_block] queue size: 2, attempting up to 2 transactions this block    
2026-08-10T05:54:21.186483Z  WARN ThreadId(20) hotstuff_runner::app: Node 0 view(6377) far exceeds block count (1594); potential sync issue    
2026-08-10T05:54:21.298107Z  WARN ThreadId(20) hotstuff_runner::app: Node 0 [produce_block] queue size: 0, attempting up to 0 transactions this block    
2026-08-10T05:54:21.299935Z  WARN ThreadId(20) hotstuff_runner::app: Node 0 view(6381) far exceeds block count (1595); potential sync issue    
2026-08-10T05:54:21.576762Z  WARN ThreadId(20) hotstuff_runner::app: Node 0 [produce_block] queue size: 2, attempting up to 2 transactions this block    
2026-08-10T05:54:21.577109Z  WARN ThreadId(20) hotstuff_runner::app: Node 0 view(6385) far exceeds block count (1596); potential sync issue    
2026-08-10T05:54:21.675199Z  WARN ThreadId(20) hotstuff_runner::app: Node 0 [produce_block] queue size: 2, attempting up to 2 transactions this block    
2026-08-10T05:54:21.675764Z  WARN ThreadId(20) hotstuff_runner::app: Node 0 view(6389) far exceeds block count (1597); potential sync issue    
2026-08-10T05:54:21.833006Z  WARN ThreadId(20) hotstuff_runner::app: Node 0 [produce_block] queue size: 2, attempting up to 2 transactions this block    
2026-08-10T05:54:21.833290Z  WARN ThreadId(20) hotstuff_runner::app: Node 0 view(6393) far exceeds block count (1598); potential sync issue    
2026-08-10T05:54:21.992617Z  WARN ThreadId(20) hotstuff_runner::app: Node 0 [produce_block] queue size: 2, attempting up to 2 transactions this block    
2026-08-10T05:54:21.992741Z  WARN ThreadId(20) hotstuff_runner::app: Node 0 view(6397) far exceeds block count (1599); potential sync issue    
2026-08-10T05:54:22.149061Z  WARN ThreadId(20) hotstuff_runner::app: Node 0 [produce_block] queue size: 0, attempting up to 0 transactions this block    
2026-08-10T05:54:22.151662Z  WARN ThreadId(20) hotstuff_runner::app: Node 0 view(6401) far exceeds block count (1600); potential sync issue    
2026-08-10T05:54:22.248063Z  WARN ThreadId(20) hotstuff_runner::app: Node 0 [produce_block] queue size: 2, attempting up to 2 transactions this block    
2026-08-10T05:54:22.248273Z  WARN ThreadId(20) hotstuff_runner::app: Node 0 view(6405) far exceeds block count (1601); potential sync issue    
2026-08-10T05:54:22.365179Z  WARN ThreadId(20) hotstuff_runner::app: Node 0 [produce_block] queue size: 0, attempting up to 0 transactions this block    
2026-08-10T05:54:22.365317Z  WARN ThreadId(20) hotstuff_runner::app: Node 0 view(6409) far exceeds block count (1602); potential sync issue    
2026-08-10T05:54:22.532589Z  WARN ThreadId(20) hotstuff_runner::app: Node 0 [produce_block] queue size: 2, attempting up to 2 transactions this block    
2026-08-10T05:54:22.533514Z  WARN ThreadId(20) hotstuff_runner::app: Node 0 view(6413) far exceeds block count (1603); potential sync issue    
2026-08-10T05:54:22.604464Z  WARN ThreadId(20) hotstuff_runner::app: Node 0 [produce_block] queue size: 0, attempting up to 0 transactions this block    
2026-08-10T05:54:22.605194Z  WARN ThreadId(20) hotstuff_runner::app: Node 0 view(6417) far exceeds block count (1604); potential sync issue    
2026-08-10T05:54:22.756928Z  WARN ThreadId(20) hotstuff_runner::app: Node 0 [produce_block] queue size: 2, attempting up to 2 transactions this block    
2026-08-10T05:54:22.759599Z  WARN ThreadId(20) hotstuff_runner::app: Node 0 view(6421) far exceeds block count (1605); potential sync issue    
2026-08-10T05:54:22.846900Z  WARN ThreadId(20) hotstuff_runner::app: Node 0 [produce_block] queue size: 2, attempting up to 2 transactions this block    
2026-08-10T05:54:22.848498Z  WARN ThreadId(20) hotstuff_runner::app: Node 0 view(6425) far exceeds block count (1606); potential sync issue    
2026-08-10T05:54:23.007366Z  WARN ThreadId(20) hotstuff_runner::app: Node 0 [produce_block] queue size: 0, attempting up to 0 transactions this block    
2026-08-10T05:54:23.007691Z  WARN ThreadId(20) hotstuff_runner::app: Node 0 view(6429) far exceeds block count (1607); potential sync issue    
2026-08-10T05:54:23.135059Z  WARN ThreadId(20) hotstuff_runner::app: Node 0 [produce_block] queue size: 2, attempting up to 2 transactions this block    
2026-08-10T05:54:23.135297Z  WARN ThreadId(20) hotstuff_runner::app: Node 0 view(6433) far exceeds block count (1608); potential sync issue    
2026-08-10T05:54:23.283417Z  WARN ThreadId(20) hotstuff_runner::app: Node 0 [produce_block] queue size: 2, attempting up to 2 transactions this block    
2026-08-10T05:54:23.284025Z  WARN ThreadId(20) hotstuff_runner::app: Node 0 view(6437) far exceeds block count (1609); potential sync issue    
2026-08-10T05:54:23.382796Z  WARN ThreadId(20) hotstuff_runner::app: Node 0 [produce_block] queue size: 0, attempting up to 0 transactions this block    
2026-08-10T05:54:23.383143Z  WARN ThreadId(20) hotstuff_runner::app: Node 0 view(6441) far exceeds block count (1610); potential sync issue    
2026-08-10T05:54:23.484698Z  WARN ThreadId(20) hotstuff_runner::app: Node 0 [produce_block] queue size: 2, attempting up to 2 transactions this block    
2026-08-10T05:54:23.487597Z  WARN ThreadId(20) hotstuff_runner::app: Node 0 view(6445) far exceeds block count (1611); potential sync issue    
2026-08-10T05:54:23.567323Z  WARN ThreadId(20) hotstuff_runner::app: Node 0 [produce_block] queue size: 0, attempting up to 0 transactions this block    
2026-08-10T05:54:23.570002Z  WARN ThreadId(20) hotstuff_runner::app: Node 0 view(6449) far exceeds block count (1612); potential sync issue    
2026-08-10T05:54:23.707840Z  WARN ThreadId(20) hotstuff_runner::app: Node 0 [produce_block] queue size: 2, attempting up to 2 transactions this block    
2026-08-10T05:54:23.708401Z  WARN ThreadId(20) hotstuff_runner::app: Node 0 view(6453) far exceeds block count (1613); potential sync issue    
2026-08-10T05:54:23.846635Z  WARN ThreadId(20) hotstuff_runner::app: Node 0 [produce_block] queue size: 2, attempting up to 2 transactions this block    
2026-08-10T05:54:23.846831Z  WARN ThreadId(20) hotstuff_runner::app: Node 0 view(6457) far exceeds block count (1614); potential sync issue    
2026-08-10T05:54:23.849577Z  WARN ThreadId(08) docker_node: Low processing efficiency: 0.0% - system may need tuning
2026-08-10T05:54:23.992919Z  WARN ThreadId(20) hotstuff_runner::app: Node 0 [produce_block] queue size: 0, attempting up to 0 transactions this block    
2026-08-10T05:54:24.008426Z  WARN ThreadId(20) hotstuff_runner::app: Node 0 view(6461) far exceeds block count (1615); potential sync issue    
2026-08-10T05:54:24.270241Z  WARN ThreadId(20) hotstuff_runner::app: Node 0 [produce_block] queue size: 4, attempting up to 4 transactions this block    
2026-08-10T05:54:24.271398Z  WARN ThreadId(20) hotstuff_runner::app: Node 0 view(6465) far exceeds block count (1616); potential sync issue    
2026-08-10T05:54:24.497265Z  WARN ThreadId(20) hotstuff_runner::app: Node 0 [produce_block] queue size: 2, attempting up to 2 transactions this block    
2026-08-10T05:54:24.497543Z  WARN ThreadId(20) hotstuff_runner::app: Node 0 view(6469) far exceeds block count (1617); potential sync issue    
2026-08-10T05:54:24.692873Z  WARN ThreadId(20) hotstuff_runner::app: Node 0 [produce_block] queue size: 0, attempting up to 0 transactions this block    
2026-08-10T05:54:24.694897Z  WARN ThreadId(20) hotstuff_runner::app: Node 0 view(6473) far exceeds block count (1618); potential sync issue    
2026-08-10T05:54:24.862398Z  WARN ThreadId(20) hotstuff_runner::app: Node 0 [produce_block] queue size: 2, attempting up to 2 transactions this block    
2026-08-10T05:54:24.862660Z  WARN ThreadId(20) hotstuff_runner::app: Node 0 view(6477) far exceeds block count (1619); potential sync issue    
2026-08-10T05:54:25.044595Z  WARN ThreadId(20) hotstuff_runner::app: Node 0 [produce_block] queue size: 2, attempting up to 2 transactions this block    
2026-08-10T05:54:25.047097Z  WARN ThreadId(20) hotstuff_runner::app: Node 0 view(6481) far exceeds block count (1620); potential sync issue    
2026-08-10T05:54:25.191196Z  WARN ThreadId(20) hotstuff_runner::app: Node 0 [produce_block] queue size: 2, attempting up to 2 transactions this block    
2026-08-10T05:54:25.191398Z  WARN ThreadId(20) hotstuff_runner::app: Node 0 view(6485) far exceeds block count (1621); potential sync issue    
2026-08-10T05:54:25.381742Z  WARN ThreadId(20) hotstuff_runner::app: Node 0 [produce_block] queue size: 2, attempting up to 2 transactions this block    
2026-08-10T05:54:25.385355Z  WARN ThreadId(20) hotstuff_runner::app: Node 0 view(6489) far exceeds block count (1622); potential sync issue    
2026-08-10T05:54:25.536217Z  WARN ThreadId(20) hotstuff_runner::app: Node 0 [produce_block] queue size: 2, attempting up to 2 transactions this block    
2026-08-10T05:54:25.540013Z  WARN ThreadId(20) hotstuff_runner::app: Node 0 view(6493) far exceeds block count (1623); potential sync issue    
2026-08-10T05:54:25.614040Z  WARN ThreadId(20) hotstuff_runner::app: Node 0 [produce_block] queue size: 0, attempting up to 0 transactions this block    
2026-08-10T05:54:25.614675Z  WARN ThreadId(20) hotstuff_runner::app: Node 0 view(6497) far exceeds block count (1624); potential sync issue    
2026-08-10T05:54:25.715864Z  WARN ThreadId(20) hotstuff_runner::app: Node 0 [produce_block] queue size: 2, attempting up to 2 transactions this block    
2026-08-10T05:54:25.716462Z  WARN ThreadId(20) hotstuff_runner::app: Node 0 view(6501) far exceeds block count (1625); potential sync issue    
2026-08-10T05:54:25.842714Z  WARN ThreadId(20) hotstuff_runner::app: Node 0 [produce_block] queue size: 2, attempting up to 2 transactions this block    
2026-08-10T05:54:25.843114Z  WARN ThreadId(20) hotstuff_runner::app: Node 0 view(6505) far exceeds block count (1626); potential sync issue    
2026-08-10T05:54:26.034547Z  WARN ThreadId(20) hotstuff_runner::app: Node 0 [produce_block] queue size: 2, attempting up to 2 transactions this block    
2026-08-10T05:54:26.045828Z  WARN ThreadId(20) hotstuff_runner::app: Node 0 view(6509) far exceeds block count (1627); potential sync issue    
2026-08-10T05:54:26.247320Z  WARN ThreadId(20) hotstuff_runner::app: Node 0 [produce_block] queue size: 2, attempting up to 2 transactions this block    
2026-08-10T05:54:26.247648Z  WARN ThreadId(20) hotstuff_runner::app: Node 0 view(6513) far exceeds block count (1628); potential sync issue    
2026-08-10T05:54:26.380901Z  WARN ThreadId(20) hotstuff_runner::app: Node 0 [produce_block] queue size: 0, attempting up to 0 transactions this block    
2026-08-10T05:54:26.381131Z  WARN ThreadId(20) hotstuff_runner::app: Node 0 view(6517) far exceeds block count (1629); potential sync issue    
2026-08-10T05:54:26.567466Z  WARN ThreadId(20) hotstuff_runner::app: Node 0 [produce_block] queue size: 2, attempting up to 2 transactions this block    
2026-08-10T05:54:26.568382Z  WARN ThreadId(20) hotstuff_runner::app: Node 0 view(6521) far exceeds block count (1630); potential sync issue    
2026-08-10T05:54:26.685881Z  WARN ThreadId(20) hotstuff_runner::app: Node 0 [produce_block] queue size: 2, attempting up to 2 transactions this block    
2026-08-10T05:54:26.686790Z  WARN ThreadId(20) hotstuff_runner::app: Node 0 view(6525) far exceeds block count (1631); potential sync issue    
2026-08-10T05:54:26.817934Z  WARN ThreadId(20) hotstuff_runner::app: Node 0 [produce_block] queue size: 0, attempting up to 0 transactions this block    
2026-08-10T05:54:26.818215Z  WARN ThreadId(20) hotstuff_runner::app: Node 0 view(6529) far exceeds block count (1632); potential sync issue    
2026-08-10T05:54:26.985625Z  WARN ThreadId(20) hotstuff_runner::app: Node 0 [produce_block] queue size: 2, attempting up to 2 transactions this block    
2026-08-10T05:54:26.986362Z  WARN ThreadId(20) hotstuff_runner::app: Node 0 view(6533) far exceeds block count (1633); potential sync issue    
2026-08-10T05:54:27.149253Z  WARN ThreadId(20) hotstuff_runner::app: Node 0 [produce_block] queue size: 2, attempting up to 2 transactions this block    
2026-08-10T05:54:27.150369Z  WARN ThreadId(20) hotstuff_runner::app: Node 0 view(6537) far exceeds block count (1634); potential sync issue    
2026-08-10T05:54:27.264187Z  WARN ThreadId(20) hotstuff_runner::app: Node 0 [produce_block] queue size: 0, attempting up to 0 transactions this block    
2026-08-10T05:54:27.268597Z  WARN ThreadId(20) hotstuff_runner::app: Node 0 view(6541) far exceeds block count (1635); potential sync issue    
2026-08-10T05:54:27.350605Z  WARN ThreadId(20) hotstuff_runner::app: Node 0 [produce_block] queue size: 2, attempting up to 2 transactions this block    
2026-08-10T05:54:27.351149Z  WARN ThreadId(20) hotstuff_runner::app: Node 0 view(6545) far exceeds block count (1636); potential sync issue    
2026-08-10T05:54:27.456312Z  WARN ThreadId(20) hotstuff_runner::app: Node 0 [produce_block] queue size: 0, attempting up to 0 transactions this block    
2026-08-10T05:54:27.459182Z  WARN ThreadId(20) hotstuff_runner::app: Node 0 view(6549) far exceeds block count (1637); potential sync issue    
2026-08-10T05:54:27.577775Z  WARN ThreadId(20) hotstuff_runner::app: Node 0 [produce_block] queue size: 2, attempting up to 2 transactions this block    
2026-08-10T05:54:27.581483Z  WARN ThreadId(20) hotstuff_runner::app: Node 0 view(6553) far exceeds block count (1638); potential sync issue    
2026-08-10T05:54:27.697375Z  WARN ThreadId(20) hotstuff_runner::app: Node 0 [produce_block] queue size: 0, attempting up to 0 transactions this block    
2026-08-10T05:54:27.704140Z  WARN ThreadId(20) hotstuff_runner::app: Node 0 view(6557) far exceeds block count (1639); potential sync issue    
2026-08-10T05:54:27.988640Z  WARN ThreadId(20) hotstuff_runner::app: Node 0 [produce_block] queue size: 4, attempting up to 4 transactions this block    
2026-08-10T05:54:27.989296Z  WARN ThreadId(20) hotstuff_runner::app: Node 0 view(6561) far exceeds block count (1640); potential sync issue    
2026-08-10T05:54:28.131151Z  WARN ThreadId(20) hotstuff_runner::app: Node 0 [produce_block] queue size: 2, attempting up to 2 transactions this block    
2026-08-10T05:54:28.131441Z  WARN ThreadId(20) hotstuff_runner::app: Node 0 view(6565) far exceeds block count (1641); potential sync issue    
2026-08-10T05:54:28.322098Z  WARN ThreadId(20) hotstuff_runner::app: Node 0 [produce_block] queue size: 2, attempting up to 2 transactions this block    
2026-08-10T05:54:28.325475Z  WARN ThreadId(20) hotstuff_runner::app: Node 0 view(6569) far exceeds block count (1642); potential sync issue    
2026-08-10T05:54:28.456707Z  WARN ThreadId(20) hotstuff_runner::app: Node 0 [produce_block] queue size: 0, attempting up to 0 transactions this block    
2026-08-10T05:54:28.457035Z  WARN ThreadId(20) hotstuff_runner::app: Node 0 view(6573) far exceeds block count (1643); potential sync issue    
2026-08-10T05:54:28.758706Z  WARN ThreadId(20) hotstuff_runner::app: Node 0 [produce_block] queue size: 4, attempting up to 4 transactions this block    
2026-08-10T05:54:28.759084Z  WARN ThreadId(20) hotstuff_runner::app: Node 0 view(6577) far exceeds block count (1644); potential sync issue    
2026-08-10T05:54:28.850563Z  WARN ThreadId(06) docker_node: Low processing efficiency: 0.0% - system may need tuning
2026-08-10T05:54:28.911814Z  WARN ThreadId(20) hotstuff_runner::app: Node 0 [produce_block] queue size: 0, attempting up to 0 transactions this block    
2026-08-10T05:54:28.915808Z  WARN ThreadId(20) hotstuff_runner::app: Node 0 view(6581) far exceeds block count (1645); potential sync issue    
2026-08-10T05:54:29.042863Z  WARN ThreadId(20) hotstuff_runner::app: Node 0 [produce_block] queue size: 2, attempting up to 2 transactions this block    
2026-08-10T05:54:29.042993Z  WARN ThreadId(20) hotstuff_runner::app: Node 0 view(6585) far exceeds block count (1646); potential sync issue    
2026-08-10T05:54:29.175706Z  WARN ThreadId(20) hotstuff_runner::app: Node 0 [produce_block] queue size: 2, attempting up to 2 transactions this block    
2026-08-10T05:54:29.179788Z  WARN ThreadId(20) hotstuff_runner::app: Node 0 view(6589) far exceeds block count (1647); potential sync issue    
2026-08-10T05:54:29.298135Z  WARN ThreadId(20) hotstuff_runner::app: Node 0 [produce_block] queue size: 0, attempting up to 0 transactions this block    
2026-08-10T05:54:29.298238Z  WARN ThreadId(20) hotstuff_runner::app: Node 0 view(6593) far exceeds block count (1648); potential sync issue    
2026-08-10T05:54:29.437082Z  WARN ThreadId(20) hotstuff_runner::app: Node 0 [produce_block] queue size: 2, attempting up to 2 transactions this block    
2026-08-10T05:54:29.437573Z  WARN ThreadId(20) hotstuff_runner::app: Node 0 view(6597) far exceeds block count (1649); potential sync issue    
2026-08-10T05:54:29.572784Z  WARN ThreadId(20) hotstuff_runner::app: Node 0 [produce_block] queue size: 2, attempting up to 2 transactions this block    
2026-08-10T05:54:29.573563Z  WARN ThreadId(20) hotstuff_runner::app: Node 0 view(6601) far exceeds block count (1650); potential sync issue    
2026-08-10T05:54:29.825614Z  WARN ThreadId(20) hotstuff_runner::app: Node 0 [produce_block] queue size: 2, attempting up to 2 transactions this block    
2026-08-10T05:54:29.825899Z  WARN ThreadId(20) hotstuff_runner::app: Node 0 view(6605) far exceeds block count (1651); potential sync issue    
2026-08-10T05:54:30.072800Z  WARN ThreadId(20) hotstuff_runner::app: Node 0 [produce_block] queue size: 4, attempting up to 4 transactions this block    
2026-08-10T05:54:30.073609Z  WARN ThreadId(20) hotstuff_runner::app: Node 0 view(6609) far exceeds block count (1652); potential sync issue    
2026-08-10T05:54:30.195848Z  WARN ThreadId(20) hotstuff_runner::app: Node 0 [produce_block] queue size: 0, attempting up to 0 transactions this block    
2026-08-10T05:54:30.202267Z  WARN ThreadId(20) hotstuff_runner::app: Node 0 view(6613) far exceeds block count (1653); potential sync issue    
2026-08-10T05:54:30.385322Z  WARN ThreadId(20) hotstuff_runner::app: Node 0 [produce_block] queue size: 2, attempting up to 2 transactions this block    
2026-08-10T05:54:30.386320Z  WARN ThreadId(20) hotstuff_runner::app: Node 0 view(6617) far exceeds block count (1654); potential sync issue    
2026-08-10T05:54:30.515633Z  WARN ThreadId(20) hotstuff_runner::app: Node 0 [produce_block] queue size: 2, attempting up to 2 transactions this block    
2026-08-10T05:54:30.515796Z  WARN ThreadId(20) hotstuff_runner::app: Node 0 view(6621) far exceeds block count (1655); potential sync issue    
2026-08-10T05:54:30.585930Z  WARN ThreadId(20) hotstuff_runner::app: Node 0 [produce_block] queue size: 0, attempting up to 0 transactions this block    
2026-08-10T05:54:30.586391Z  WARN ThreadId(20) hotstuff_runner::app: Node 0 view(6625) far exceeds block count (1656); potential sync issue    
2026-08-10T05:54:30.740215Z  WARN ThreadId(20) hotstuff_runner::app: Node 0 [produce_block] queue size: 2, attempting up to 2 transactions this block    
2026-08-10T05:54:30.740455Z  WARN ThreadId(20) hotstuff_runner::app: Node 0 view(6629) far exceeds block count (1657); potential sync issue    
2026-08-10T05:54:30.848141Z  WARN ThreadId(20) hotstuff_runner::app: Node 0 [produce_block] queue size: 0, attempting up to 0 transactions this block    
2026-08-10T05:54:30.848489Z  WARN ThreadId(20) hotstuff_runner::app: Node 0 view(6633) far exceeds block count (1658); potential sync issue    
2026-08-10T05:54:31.049128Z  WARN ThreadId(20) hotstuff_runner::app: Node 0 [produce_block] queue size: 2, attempting up to 2 transactions this block    
2026-08-10T05:54:31.049605Z  WARN ThreadId(20) hotstuff_runner::app: Node 0 view(6637) far exceeds block count (1659); potential sync issue    
2026-08-10T05:54:31.123836Z  WARN ThreadId(20) hotstuff_runner::app: Node 0 [produce_block] queue size: 2, attempting up to 2 transactions this block    
2026-08-10T05:54:31.127795Z  WARN ThreadId(20) hotstuff_runner::app: Node 0 view(6641) far exceeds block count (1660); potential sync issue    
2026-08-10T05:54:31.201123Z  WARN ThreadId(20) hotstuff_runner::app: Node 0 [produce_block] queue size: 0, attempting up to 0 transactions this block    
2026-08-10T05:54:31.203635Z  WARN ThreadId(20) hotstuff_runner::app: Node 0 view(6645) far exceeds block count (1661); potential sync issue    
2026-08-10T05:54:31.317385Z  WARN ThreadId(20) hotstuff_runner::app: Node 0 [produce_block] queue size: 0, attempting up to 0 transactions this block    
2026-08-10T05:54:31.317518Z  WARN ThreadId(20) hotstuff_runner::app: Node 0 view(6649) far exceeds block count (1662); potential sync issue    
2026-08-10T05:54:31.480671Z  WARN ThreadId(20) hotstuff_runner::app: Node 0 [produce_block] queue size: 2, attempting up to 2 transactions this block    
2026-08-10T05:54:31.481319Z  WARN ThreadId(20) hotstuff_runner::app: Node 0 view(6653) far exceeds block count (1663); potential sync issue    
2026-08-10T05:54:31.608236Z  WARN ThreadId(20) hotstuff_runner::app: Node 0 [produce_block] queue size: 2, attempting up to 2 transactions this block    
2026-08-10T05:54:31.609593Z  WARN ThreadId(20) hotstuff_runner::app: Node 0 view(6657) far exceeds block count (1664); potential sync issue    
2026-08-10T05:54:31.754079Z  WARN ThreadId(20) hotstuff_runner::app: Node 0 [produce_block] queue size: 0, attempting up to 0 transactions this block    
2026-08-10T05:54:31.757316Z  WARN ThreadId(20) hotstuff_runner::app: Node 0 view(6661) far exceeds block count (1665); potential sync issue    
2026-08-10T05:54:31.931897Z  WARN ThreadId(20) hotstuff_runner::app: Node 0 [produce_block] queue size: 2, attempting up to 2 transactions this block    
2026-08-10T05:54:31.932200Z  WARN ThreadId(20) hotstuff_runner::app: Node 0 view(6665) far exceeds block count (1666); potential sync issue    
2026-08-10T05:54:32.075908Z  WARN ThreadId(20) hotstuff_runner::app: Node 0 [produce_block] queue size: 2, attempting up to 2 transactions this block    
2026-08-10T05:54:32.076097Z  WARN ThreadId(20) hotstuff_runner::app: Node 0 view(6669) far exceeds block count (1667); potential sync issue    
2026-08-10T05:54:32.230035Z  WARN ThreadId(20) hotstuff_runner::app: Node 0 [produce_block] queue size: 2, attempting up to 2 transactions this block    
2026-08-10T05:54:32.230564Z  WARN ThreadId(20) hotstuff_runner::app: Node 0 view(6673) far exceeds block count (1668); potential sync issue    
2026-08-10T05:54:32.397040Z  WARN ThreadId(20) hotstuff_runner::app: Node 0 [produce_block] queue size: 2, attempting up to 2 transactions this block    
2026-08-10T05:54:32.397361Z  WARN ThreadId(20) hotstuff_runner::app: Node 0 view(6677) far exceeds block count (1669); potential sync issue    
2026-08-10T05:54:32.634881Z  WARN ThreadId(20) hotstuff_runner::app: Node 0 [produce_block] queue size: 2, attempting up to 2 transactions this block    
2026-08-10T05:54:32.635131Z  WARN ThreadId(20) hotstuff_runner::app: Node 0 view(6681) far exceeds block count (1670); potential sync issue    
2026-08-10T05:54:32.723693Z  WARN ThreadId(20) hotstuff_runner::app: Node 0 [produce_block] queue size: 0, attempting up to 0 transactions this block    
2026-08-10T05:54:32.726431Z  WARN ThreadId(20) hotstuff_runner::app: Node 0 view(6685) far exceeds block count (1671); potential sync issue    
2026-08-10T05:54:32.806825Z  WARN ThreadId(20) hotstuff_runner::app: Node 0 [produce_block] queue size: 2, attempting up to 2 transactions this block    
2026-08-10T05:54:32.810356Z  WARN ThreadId(20) hotstuff_runner::app: Node 0 view(6689) far exceeds block count (1672); potential sync issue    
2026-08-10T05:54:32.901452Z  WARN ThreadId(20) hotstuff_runner::app: Node 0 [produce_block] queue size: 0, attempting up to 0 transactions this block    
2026-08-10T05:54:32.901950Z  WARN ThreadId(20) hotstuff_runner::app: Node 0 view(6693) far exceeds block count (1673); potential sync issue    
2026-08-10T05:54:33.041160Z  WARN ThreadId(20) hotstuff_runner::app: Node 0 [produce_block] queue size: 2, attempting up to 2 transactions this block    
2026-08-10T05:54:33.041463Z  WARN ThreadId(20) hotstuff_runner::app: Node 0 view(6697) far exceeds block count (1674); potential sync issue    
2026-08-10T05:54:33.192524Z  WARN ThreadId(20) hotstuff_runner::app: Node 0 [produce_block] queue size: 0, attempting up to 0 transactions this block    
2026-08-10T05:54:33.192723Z  WARN ThreadId(20) hotstuff_runner::app: Node 0 view(6701) far exceeds block count (1675); potential sync issue    
2026-08-10T05:54:33.350282Z  WARN ThreadId(20) hotstuff_runner::app: Node 0 [produce_block] queue size: 2, attempting up to 2 transactions this block    
2026-08-10T05:54:33.350749Z  WARN ThreadId(20) hotstuff_runner::app: Node 0 view(6705) far exceeds block count (1676); potential sync issue    
2026-08-10T05:54:33.430582Z  WARN ThreadId(20) hotstuff_runner::app: Node 0 [produce_block] queue size: 2, attempting up to 2 transactions this block    
2026-08-10T05:54:33.431429Z  WARN ThreadId(20) hotstuff_runner::app: Node 0 view(6709) far exceeds block count (1677); potential sync issue    
2026-08-10T05:54:33.640734Z  WARN ThreadId(20) hotstuff_runner::app: Node 0 [produce_block] queue size: 2, attempting up to 2 transactions this block    
2026-08-10T05:54:33.640974Z  WARN ThreadId(20) hotstuff_runner::app: Node 0 view(6713) far exceeds block count (1678); potential sync issue    
2026-08-10T05:54:33.758635Z  WARN ThreadId(20) hotstuff_runner::app: Node 0 [produce_block] queue size: 0, attempting up to 0 transactions this block    
2026-08-10T05:54:33.758818Z  WARN ThreadId(20) hotstuff_runner::app: Node 0 view(6717) far exceeds block count (1679); potential sync issue    
2026-08-10T05:54:33.851299Z  WARN ThreadId(06) docker_node: Low processing efficiency: 0.0% - system may need tuning
2026-08-10T05:54:33.970142Z  WARN ThreadId(20) hotstuff_runner::app: Node 0 [produce_block] queue size: 2, attempting up to 2 transactions this block    
2026-08-10T05:54:33.970329Z  WARN ThreadId(20) hotstuff_runner::app: Node 0 view(6721) far exceeds block count (1680); potential sync issue    
2026-08-10T05:54:34.151651Z  WARN ThreadId(20) hotstuff_runner::app: Node 0 [produce_block] queue size: 2, attempting up to 2 transactions this block    
2026-08-10T05:54:34.155944Z  WARN ThreadId(20) hotstuff_runner::app: Node 0 view(6725) far exceeds block count (1681); potential sync issue    
2026-08-10T05:54:34.324317Z  WARN ThreadId(20) hotstuff_runner::app: Node 0 [produce_block] queue size: 2, attempting up to 2 transactions this block    
2026-08-10T05:54:34.324868Z  WARN ThreadId(20) hotstuff_runner::app: Node 0 view(6729) far exceeds block count (1682); potential sync issue    
2026-08-10T05:54:34.484846Z  WARN ThreadId(20) hotstuff_runner::app: Node 0 [produce_block] queue size: 2, attempting up to 2 transactions this block    
2026-08-10T05:54:34.485868Z  WARN ThreadId(20) hotstuff_runner::app: Node 0 view(6733) far exceeds block count (1683); potential sync issue    
2026-08-10T05:54:34.695042Z  WARN ThreadId(20) hotstuff_runner::app: Node 0 [produce_block] queue size: 2, attempting up to 2 transactions this block    
2026-08-10T05:54:34.696209Z  WARN ThreadId(20) hotstuff_runner::app: Node 0 view(6737) far exceeds block count (1684); potential sync issue    
2026-08-10T05:54:34.831180Z  WARN ThreadId(20) hotstuff_runner::app: Node 0 [produce_block] queue size: 0, attempting up to 0 transactions this block    
2026-08-10T05:54:34.837628Z  WARN ThreadId(20) hotstuff_runner::app: Node 0 view(6741) far exceeds block count (1685); potential sync issue    
2026-08-10T05:54:34.997345Z  WARN ThreadId(20) hotstuff_runner::app: Node 0 [produce_block] queue size: 2, attempting up to 2 transactions this block    
2026-08-10T05:54:35.011740Z  WARN ThreadId(20) hotstuff_runner::app: Node 0 view(6745) far exceeds block count (1686); potential sync issue    
2026-08-10T05:54:35.209030Z  WARN ThreadId(20) hotstuff_runner::app: Node 0 [produce_block] queue size: 2, attempting up to 2 transactions this block    
2026-08-10T05:54:35.209198Z  WARN ThreadId(20) hotstuff_runner::app: Node 0 view(6749) far exceeds block count (1687); potential sync issue    
2026-08-10T05:54:35.326320Z  WARN ThreadId(20) hotstuff_runner::app: Node 0 [produce_block] queue size: 2, attempting up to 2 transactions this block    
2026-08-10T05:54:35.326620Z  WARN ThreadId(20) hotstuff_runner::app: Node 0 view(6753) far exceeds block count (1688); potential sync issue    
2026-08-10T05:54:35.459836Z  WARN ThreadId(20) hotstuff_runner::app: Node 0 [produce_block] queue size: 0, attempting up to 0 transactions this block    
2026-08-10T05:54:35.460101Z  WARN ThreadId(20) hotstuff_runner::app: Node 0 view(6757) far exceeds block count (1689); potential sync issue    
2026-08-10T05:54:35.605764Z  WARN ThreadId(20) hotstuff_runner::app: Node 0 [produce_block] queue size: 2, attempting up to 2 transactions this block    
2026-08-10T05:54:35.614948Z  WARN ThreadId(20) hotstuff_runner::app: Node 0 view(6761) far exceeds block count (1690); potential sync issue    
2026-08-10T05:54:35.777857Z  WARN ThreadId(20) hotstuff_runner::app: Node 0 [produce_block] queue size: 2, attempting up to 2 transactions this block    
2026-08-10T05:54:35.777972Z  WARN ThreadId(20) hotstuff_runner::app: Node 0 view(6765) far exceeds block count (1691); potential sync issue    
2026-08-10T05:54:35.962732Z  WARN ThreadId(20) hotstuff_runner::app: Node 0 [produce_block] queue size: 2, attempting up to 2 transactions this block    
2026-08-10T05:54:35.962982Z  WARN ThreadId(20) hotstuff_runner::app: Node 0 view(6769) far exceeds block count (1692); potential sync issue    
2026-08-10T05:54:36.096027Z  WARN ThreadId(20) hotstuff_runner::app: Node 0 [produce_block] queue size: 0, attempting up to 0 transactions this block    
2026-08-10T05:54:36.097907Z  WARN ThreadId(20) hotstuff_runner::app: Node 0 view(6773) far exceeds block count (1693); potential sync issue    
2026-08-10T05:54:36.309544Z  WARN ThreadId(20) hotstuff_runner::app: Node 0 [produce_block] queue size: 4, attempting up to 4 transactions this block    
2026-08-10T05:54:36.309801Z  WARN ThreadId(20) hotstuff_runner::app: Node 0 view(6777) far exceeds block count (1694); potential sync issue    
2026-08-10T05:54:36.587868Z  WARN ThreadId(20) hotstuff_runner::app: Node 0 [produce_block] queue size: 2, attempting up to 2 transactions this block    
2026-08-10T05:54:36.590312Z  WARN ThreadId(20) hotstuff_runner::app: Node 0 view(6781) far exceeds block count (1695); potential sync issue    
2026-08-10T05:54:36.736832Z  WARN ThreadId(20) hotstuff_runner::app: Node 0 [produce_block] queue size: 2, attempting up to 2 transactions this block    
2026-08-10T05:54:36.739403Z  WARN ThreadId(20) hotstuff_runner::app: Node 0 view(6785) far exceeds block count (1696); potential sync issue    
2026-08-10T05:54:36.882280Z  WARN ThreadId(20) hotstuff_runner::app: Node 0 [produce_block] queue size: 0, attempting up to 0 transactions this block    
2026-08-10T05:54:36.891894Z  WARN ThreadId(20) hotstuff_runner::app: Node 0 view(6789) far exceeds block count (1697); potential sync issue    
2026-08-10T05:54:37.072620Z  WARN ThreadId(20) hotstuff_runner::app: Node 0 [produce_block] queue size: 2, attempting up to 2 transactions this block    
2026-08-10T05:54:37.076075Z  WARN ThreadId(20) hotstuff_runner::app: Node 0 view(6793) far exceeds block count (1698); potential sync issue    
2026-08-10T05:54:37.259914Z  WARN ThreadId(20) hotstuff_runner::app: Node 0 [produce_block] queue size: 2, attempting up to 2 transactions this block    
2026-08-10T05:54:37.262264Z  WARN ThreadId(20) hotstuff_runner::app: Node 0 view(6797) far exceeds block count (1699); potential sync issue    
2026-08-10T05:54:37.387907Z  WARN ThreadId(20) hotstuff_runner::app: Node 0 [produce_block] queue size: 2, attempting up to 2 transactions this block    
2026-08-10T05:54:37.390474Z  WARN ThreadId(20) hotstuff_runner::app: Node 0 view(6801) far exceeds block count (1700); potential sync issue    
2026-08-10T05:54:37.527099Z  WARN ThreadId(20) hotstuff_runner::app: Node 0 [produce_block] queue size: 2, attempting up to 2 transactions this block    
2026-08-10T05:54:37.528039Z  WARN ThreadId(20) hotstuff_runner::app: Node 0 view(6805) far exceeds block count (1701); potential sync issue    
2026-08-10T05:54:37.625072Z  WARN ThreadId(20) hotstuff_runner::app: Node 0 [produce_block] queue size: 0, attempting up to 0 transactions this block    
2026-08-10T05:54:37.625333Z  WARN ThreadId(20) hotstuff_runner::app: Node 0 view(6809) far exceeds block count (1702); potential sync issue    
2026-08-10T05:54:37.821849Z  WARN ThreadId(20) hotstuff_runner::app: Node 0 [produce_block] queue size: 2, attempting up to 2 transactions this block    
2026-08-10T05:54:37.821985Z  WARN ThreadId(20) hotstuff_runner::app: Node 0 view(6813) far exceeds block count (1703); potential sync issue    
2026-08-10T05:54:37.927269Z  WARN ThreadId(20) hotstuff_runner::app: Node 0 [produce_block] queue size: 2, attempting up to 2 transactions this block    
2026-08-10T05:54:37.927781Z  WARN ThreadId(20) hotstuff_runner::app: Node 0 view(6817) far exceeds block count (1704); potential sync issue    
2026-08-10T05:54:38.069715Z  WARN ThreadId(20) hotstuff_runner::app: Node 0 [produce_block] queue size: 0, attempting up to 0 transactions this block    
2026-08-10T05:54:38.071632Z  WARN ThreadId(20) hotstuff_runner::app: Node 0 view(6821) far exceeds block count (1705); potential sync issue    
2026-08-10T05:54:38.206042Z  WARN ThreadId(20) hotstuff_runner::app: Node 0 [produce_block] queue size: 2, attempting up to 2 transactions this block    
2026-08-10T05:54:38.209552Z  WARN ThreadId(20) hotstuff_runner::app: Node 0 view(6825) far exceeds block count (1706); potential sync issue    
2026-08-10T05:54:38.343126Z  WARN ThreadId(20) hotstuff_runner::app: Node 0 [produce_block] queue size: 2, attempting up to 2 transactions this block    
2026-08-10T05:54:38.343270Z  WARN ThreadId(20) hotstuff_runner::app: Node 0 view(6829) far exceeds block count (1707); potential sync issue    
2026-08-10T05:54:38.512935Z  WARN ThreadId(20) hotstuff_runner::app: Node 0 [produce_block] queue size: 2, attempting up to 2 transactions this block    
2026-08-10T05:54:38.513202Z  WARN ThreadId(20) hotstuff_runner::app: Node 0 view(6833) far exceeds block count (1708); potential sync issue    
2026-08-10T05:54:38.667390Z  WARN ThreadId(20) hotstuff_runner::app: Node 0 [produce_block] queue size: 0, attempting up to 0 transactions this block    
2026-08-10T05:54:38.667867Z  WARN ThreadId(20) hotstuff_runner::app: Node 0 view(6837) far exceeds block count (1709); potential sync issue    
2026-08-10T05:54:38.813017Z  WARN ThreadId(20) hotstuff_runner::app: Node 0 [produce_block] queue size: 2, attempting up to 2 transactions this block    
2026-08-10T05:54:38.813134Z  WARN ThreadId(20) hotstuff_runner::app: Node 0 view(6841) far exceeds block count (1710); potential sync issue    
2026-08-10T05:54:38.851421Z  WARN ThreadId(06) docker_node: Low processing efficiency: 0.0% - system may need tuning
2026-08-10T05:54:39.012534Z  WARN ThreadId(20) hotstuff_runner::app: Node 0 [produce_block] queue size: 2, attempting up to 2 transactions this block    
2026-08-10T05:54:39.014912Z  WARN ThreadId(20) hotstuff_runner::app: Node 0 view(6845) far exceeds block count (1711); potential sync issue    
2026-08-10T05:54:39.251668Z  WARN ThreadId(20) hotstuff_runner::app: Node 0 [produce_block] queue size: 2, attempting up to 2 transactions this block    
2026-08-10T05:54:39.261815Z  WARN ThreadId(20) hotstuff_runner::app: Node 0 view(6849) far exceeds block count (1712); potential sync issue    
2026-08-10T05:54:39.419172Z  WARN ThreadId(20) hotstuff_runner::app: Node 0 [produce_block] queue size: 2, attempting up to 2 transactions this block    
2026-08-10T05:54:39.419649Z  WARN ThreadId(20) hotstuff_runner::app: Node 0 view(6853) far exceeds block count (1713); potential sync issue    
2026-08-10T05:54:39.612799Z  WARN ThreadId(20) hotstuff_runner::app: Node 0 [produce_block] queue size: 2, attempting up to 2 transactions this block    
2026-08-10T05:54:39.613940Z  WARN ThreadId(20) hotstuff_runner::app: Node 0 view(6857) far exceeds block count (1714); potential sync issue    
2026-08-10T05:54:39.763079Z  WARN ThreadId(20) hotstuff_runner::app: Node 0 [produce_block] queue size: 2, attempting up to 2 transactions this block    
2026-08-10T05:54:39.763562Z  WARN ThreadId(20) hotstuff_runner::app: Node 0 view(6861) far exceeds block count (1715); potential sync issue    
2026-08-10T05:54:40.007676Z  WARN ThreadId(20) hotstuff_runner::app: Node 0 [produce_block] queue size: 2, attempting up to 2 transactions this block    
2026-08-10T05:54:40.010458Z  WARN ThreadId(20) hotstuff_runner::app: Node 0 view(6865) far exceeds block count (1716); potential sync issue    
2026-08-10T05:54:40.170748Z  WARN ThreadId(20) hotstuff_runner::app: Node 0 [produce_block] queue size: 2, attempting up to 2 transactions this block    
2026-08-10T05:54:40.175896Z  WARN ThreadId(20) hotstuff_runner::app: Node 0 view(6869) far exceeds block count (1717); potential sync issue    
2026-08-10T05:54:40.398998Z  WARN ThreadId(20) hotstuff_runner::app: Node 0 [produce_block] queue size: 2, attempting up to 2 transactions this block    
2026-08-10T05:54:40.399227Z  WARN ThreadId(20) hotstuff_runner::app: Node 0 view(6873) far exceeds block count (1718); potential sync issue    
2026-08-10T05:54:40.516055Z  WARN ThreadId(20) hotstuff_runner::app: Node 0 [produce_block] queue size: 2, attempting up to 2 transactions this block    
2026-08-10T05:54:40.517431Z  WARN ThreadId(20) hotstuff_runner::app: Node 0 view(6877) far exceeds block count (1719); potential sync issue    
2026-08-10T05:54:40.661596Z  WARN ThreadId(20) hotstuff_runner::app: Node 0 [produce_block] queue size: 0, attempting up to 0 transactions this block    
2026-08-10T05:54:40.662455Z  WARN ThreadId(20) hotstuff_runner::app: Node 0 view(6881) far exceeds block count (1720); potential sync issue    
2026-08-10T05:54:40.767673Z  WARN ThreadId(20) hotstuff_runner::app: Node 0 [produce_block] queue size: 2, attempting up to 2 transactions this block    
2026-08-10T05:54:40.767921Z  WARN ThreadId(20) hotstuff_runner::app: Node 0 view(6885) far exceeds block count (1721); potential sync issue    
2026-08-10T05:54:40.890621Z  WARN ThreadId(20) hotstuff_runner::app: Node 0 [produce_block] queue size: 0, attempting up to 0 transactions this block    
2026-08-10T05:54:40.893305Z  WARN ThreadId(20) hotstuff_runner::app: Node 0 view(6889) far exceeds block count (1722); potential sync issue    
2026-08-10T05:54:40.980007Z  WARN ThreadId(20) hotstuff_runner::app: Node 0 [produce_block] queue size: 2, attempting up to 2 transactions this block    
2026-08-10T05:54:40.980101Z  WARN ThreadId(20) hotstuff_runner::app: Node 0 view(6893) far exceeds block count (1723); potential sync issue    
2026-08-10T05:54:41.126616Z  WARN ThreadId(20) hotstuff_runner::app: Node 0 [produce_block] queue size: 2, attempting up to 2 transactions this block    
2026-08-10T05:54:41.126852Z  WARN ThreadId(20) hotstuff_runner::app: Node 0 view(6897) far exceeds block count (1724); potential sync issue    
2026-08-10T05:54:41.232177Z  WARN ThreadId(20) hotstuff_runner::app: Node 0 [produce_block] queue size: 0, attempting up to 0 transactions this block    
2026-08-10T05:54:41.236245Z  WARN ThreadId(20) hotstuff_runner::app: Node 0 view(6901) far exceeds block count (1725); potential sync issue    
2026-08-10T05:54:41.553561Z  WARN ThreadId(20) hotstuff_runner::app: Node 0 [produce_block] queue size: 4, attempting up to 4 transactions this block    
2026-08-10T05:54:41.554156Z  WARN ThreadId(20) hotstuff_runner::app: Node 0 view(6905) far exceeds block count (1726); potential sync issue    
2026-08-10T05:54:41.697440Z  WARN ThreadId(20) hotstuff_runner::app: Node 0 [produce_block] queue size: 2, attempting up to 2 transactions this block    
2026-08-10T05:54:41.699966Z  WARN ThreadId(20) hotstuff_runner::app: Node 0 view(6909) far exceeds block count (1727); potential sync issue    
2026-08-10T05:54:41.850654Z  WARN ThreadId(20) hotstuff_runner::app: Node 0 [produce_block] queue size: 0, attempting up to 0 transactions this block    
2026-08-10T05:54:41.851236Z  WARN ThreadId(20) hotstuff_runner::app: Node 0 view(6913) far exceeds block count (1728); potential sync issue    
2026-08-10T05:54:42.078121Z  WARN ThreadId(20) hotstuff_runner::app: Node 0 [produce_block] queue size: 2, attempting up to 2 transactions this block    
2026-08-10T05:54:42.083922Z  WARN ThreadId(20) hotstuff_runner::app: Node 0 view(6917) far exceeds block count (1729); potential sync issue    
2026-08-10T05:54:42.280871Z  WARN ThreadId(20) hotstuff_runner::app: Node 0 [produce_block] queue size: 2, attempting up to 2 transactions this block    
2026-08-10T05:54:42.281016Z  WARN ThreadId(20) hotstuff_runner::app: Node 0 view(6921) far exceeds block count (1730); potential sync issue    
2026-08-10T05:54:42.402722Z  WARN ThreadId(20) hotstuff_runner::app: Node 0 [produce_block] queue size: 2, attempting up to 2 transactions this block    
2026-08-10T05:54:42.405858Z  WARN ThreadId(20) hotstuff_runner::app: Node 0 view(6925) far exceeds block count (1731); potential sync issue    
2026-08-10T05:54:42.581283Z  WARN ThreadId(20) hotstuff_runner::app: Node 0 [produce_block] queue size: 2, attempting up to 2 transactions this block    
2026-08-10T05:54:42.582621Z  WARN ThreadId(20) hotstuff_runner::app: Node 0 view(6929) far exceeds block count (1732); potential sync issue    
2026-08-10T05:54:42.720784Z  WARN ThreadId(20) hotstuff_runner::app: Node 0 [produce_block] queue size: 0, attempting up to 0 transactions this block    
2026-08-10T05:54:42.721473Z  WARN ThreadId(20) hotstuff_runner::app: Node 0 view(6933) far exceeds block count (1733); potential sync issue    
2026-08-10T05:54:42.805158Z  WARN ThreadId(20) hotstuff_runner::app: Node 0 [produce_block] queue size: 2, attempting up to 2 transactions this block    
2026-08-10T05:54:42.805376Z  WARN ThreadId(20) hotstuff_runner::app: Node 0 view(6937) far exceeds block count (1734); potential sync issue    
2026-08-10T05:54:42.921039Z  WARN ThreadId(20) hotstuff_runner::app: Node 0 [produce_block] queue size: 0, attempting up to 0 transactions this block    
2026-08-10T05:54:42.922040Z  WARN ThreadId(20) hotstuff_runner::app: Node 0 view(6941) far exceeds block count (1735); potential sync issue    
2026-08-10T05:54:43.014277Z  WARN ThreadId(20) hotstuff_runner::app: Node 0 [produce_block] queue size: 2, attempting up to 2 transactions this block    
2026-08-10T05:54:43.014702Z  WARN ThreadId(20) hotstuff_runner::app: Node 0 view(6945) far exceeds block count (1736); potential sync issue    
2026-08-10T05:54:43.189201Z  WARN ThreadId(20) hotstuff_runner::app: Node 0 [produce_block] queue size: 0, attempting up to 0 transactions this block    
2026-08-10T05:54:43.192521Z  WARN ThreadId(20) hotstuff_runner::app: Node 0 view(6949) far exceeds block count (1737); potential sync issue    
2026-08-10T05:54:43.290951Z  WARN ThreadId(20) hotstuff_runner::app: Node 0 [produce_block] queue size: 2, attempting up to 2 transactions this block    
2026-08-10T05:54:43.295298Z  WARN ThreadId(20) hotstuff_runner::app: Node 0 view(6953) far exceeds block count (1738); potential sync issue    
2026-08-10T05:54:43.398110Z  WARN ThreadId(20) hotstuff_runner::app: Node 0 [produce_block] queue size: 0, attempting up to 0 transactions this block    
2026-08-10T05:54:43.398498Z  WARN ThreadId(20) hotstuff_runner::app: Node 0 view(6957) far exceeds block count (1739); potential sync issue    
2026-08-10T05:54:43.514624Z  WARN ThreadId(20) hotstuff_runner::app: Node 0 [produce_block] queue size: 2, attempting up to 2 transactions this block    
2026-08-10T05:54:43.514899Z  WARN ThreadId(20) hotstuff_runner::app: Node 0 view(6961) far exceeds block count (1740); potential sync issue    
2026-08-10T05:54:43.666956Z  WARN ThreadId(20) hotstuff_runner::app: Node 0 [produce_block] queue size: 2, attempting up to 2 transactions this block    
2026-08-10T05:54:43.670738Z  WARN ThreadId(20) hotstuff_runner::app: Node 0 view(6965) far exceeds block count (1741); potential sync issue    
2026-08-10T05:54:43.784348Z  WARN ThreadId(20) hotstuff_runner::app: Node 0 [produce_block] queue size: 0, attempting up to 0 transactions this block    
2026-08-10T05:54:43.784437Z  WARN ThreadId(20) hotstuff_runner::app: Node 0 view(6969) far exceeds block count (1742); potential sync issue    
2026-08-10T05:54:43.851311Z  WARN ThreadId(07) docker_node: Low processing efficiency: 0.0% - system may need tuning
2026-08-10T05:54:43.982324Z  WARN ThreadId(20) hotstuff_runner::app: Node 0 [produce_block] queue size: 2, attempting up to 2 transactions this block    
2026-08-10T05:54:44.009919Z  WARN ThreadId(20) hotstuff_runner::app: Node 0 view(6973) far exceeds block count (1743); potential sync issue    
2026-08-10T05:54:44.298278Z  WARN ThreadId(20) hotstuff_runner::app: Node 0 [produce_block] queue size: 4, attempting up to 4 transactions this block    
2026-08-10T05:54:44.305121Z  WARN ThreadId(20) hotstuff_runner::app: Node 0 view(6977) far exceeds block count (1744); potential sync issue    
2026-08-10T05:54:44.498935Z  WARN ThreadId(20) hotstuff_runner::app: Node 0 [produce_block] queue size: 2, attempting up to 2 transactions this block    
2026-08-10T05:54:44.500591Z  WARN ThreadId(20) hotstuff_runner::app: Node 0 view(6981) far exceeds block count (1745); potential sync issue    
2026-08-10T05:54:44.681284Z  WARN ThreadId(20) hotstuff_runner::app: Node 0 [produce_block] queue size: 2, attempting up to 2 transactions this block    
2026-08-10T05:54:44.681577Z  WARN ThreadId(20) hotstuff_runner::app: Node 0 view(6985) far exceeds block count (1746); potential sync issue    
2026-08-10T05:54:44.789798Z  WARN ThreadId(20) hotstuff_runner::app: Node 0 [produce_block] queue size: 0, attempting up to 0 transactions this block    
2026-08-10T05:54:44.804473Z  WARN ThreadId(20) hotstuff_runner::app: Node 0 view(6989) far exceeds block count (1747); potential sync issue    
2026-08-10T05:54:44.962019Z  WARN ThreadId(20) hotstuff_runner::app: Node 0 [produce_block] queue size: 2, attempting up to 2 transactions this block    
2026-08-10T05:54:44.962542Z  WARN ThreadId(20) hotstuff_runner::app: Node 0 view(6993) far exceeds block count (1748); potential sync issue    
2026-08-10T05:54:45.072966Z  WARN ThreadId(20) hotstuff_runner::app: Node 0 [produce_block] queue size: 0, attempting up to 0 transactions this block    
2026-08-10T05:54:45.073146Z  WARN ThreadId(20) hotstuff_runner::app: Node 0 view(6997) far exceeds block count (1749); potential sync issue    
2026-08-10T05:54:45.223294Z  WARN ThreadId(20) hotstuff_runner::app: Node 0 [produce_block] queue size: 2, attempting up to 2 transactions this block    
2026-08-10T05:54:45.223695Z  WARN ThreadId(20) hotstuff_runner::app: Node 0 view(7001) far exceeds block count (1750); potential sync issue    
2026-08-10T05:54:45.386579Z  WARN ThreadId(20) hotstuff_runner::app: Node 0 [produce_block] queue size: 2, attempting up to 2 transactions this block    
2026-08-10T05:54:45.390518Z  WARN ThreadId(20) hotstuff_runner::app: Node 0 view(7005) far exceeds block count (1751); potential sync issue    
2026-08-10T05:54:45.516916Z  WARN ThreadId(20) hotstuff_runner::app: Node 0 [produce_block] queue size: 0, attempting up to 0 transactions this block    
2026-08-10T05:54:45.518549Z  WARN ThreadId(20) hotstuff_runner::app: Node 0 view(7009) far exceeds block count (1752); potential sync issue    
2026-08-10T05:54:45.707599Z  WARN ThreadId(20) hotstuff_runner::app: Node 0 [produce_block] queue size: 4, attempting up to 4 transactions this block    
2026-08-10T05:54:45.713786Z  WARN ThreadId(20) hotstuff_runner::app: Node 0 view(7013) far exceeds block count (1753); potential sync issue    
2026-08-10T05:54:45.918195Z  WARN ThreadId(20) hotstuff_runner::app: Node 0 [produce_block] queue size: 0, attempting up to 0 transactions this block    
2026-08-10T05:54:45.932294Z  WARN ThreadId(20) hotstuff_runner::app: Node 0 view(7017) far exceeds block count (1754); potential sync issue    
2026-08-10T05:54:46.082277Z  WARN ThreadId(20) hotstuff_runner::app: Node 0 [produce_block] queue size: 2, attempting up to 2 transactions this block    
2026-08-10T05:54:46.082686Z  WARN ThreadId(20) hotstuff_runner::app: Node 0 view(7021) far exceeds block count (1755); potential sync issue    
2026-08-10T05:54:46.249053Z  WARN ThreadId(20) hotstuff_runner::app: Node 0 [produce_block] queue size: 2, attempting up to 2 transactions this block    
2026-08-10T05:54:46.252236Z  WARN ThreadId(20) hotstuff_runner::app: Node 0 view(7025) far exceeds block count (1756); potential sync issue    
2026-08-10T05:54:46.387723Z  WARN ThreadId(20) hotstuff_runner::app: Node 0 [produce_block] queue size: 0, attempting up to 0 transactions this block    
2026-08-10T05:54:46.389401Z  WARN ThreadId(20) hotstuff_runner::app: Node 0 view(7029) far exceeds block count (1757); potential sync issue    
2026-08-10T05:54:46.560919Z  WARN ThreadId(20) hotstuff_runner::app: Node 0 [produce_block] queue size: 2, attempting up to 2 transactions this block    
2026-08-10T05:54:46.561986Z  WARN ThreadId(20) hotstuff_runner::app: Node 0 view(7033) far exceeds block count (1758); potential sync issue    
2026-08-10T05:54:46.770840Z  WARN ThreadId(20) hotstuff_runner::app: Node 0 [produce_block] queue size: 2, attempting up to 2 transactions this block    
2026-08-10T05:54:46.774985Z  WARN ThreadId(20) hotstuff_runner::app: Node 0 view(7037) far exceeds block count (1759); potential sync issue    
2026-08-10T05:54:47.000499Z  WARN ThreadId(20) hotstuff_runner::app: Node 0 [produce_block] queue size: 4, attempting up to 4 transactions this block    
2026-08-10T05:54:47.003616Z  WARN ThreadId(20) hotstuff_runner::app: Node 0 view(7041) far exceeds block count (1760); potential sync issue    
2026-08-10T05:54:47.232010Z  WARN ThreadId(20) hotstuff_runner::app: Node 0 [produce_block] queue size: 2, attempting up to 2 transactions this block    
2026-08-10T05:54:47.232401Z  WARN ThreadId(20) hotstuff_runner::app: Node 0 view(7045) far exceeds block count (1761); potential sync issue    
2026-08-10T05:54:47.341574Z  WARN ThreadId(20) hotstuff_runner::app: Node 0 [produce_block] queue size: 0, attempting up to 0 transactions this block    
2026-08-10T05:54:47.342521Z  WARN ThreadId(20) hotstuff_runner::app: Node 0 view(7049) far exceeds block count (1762); potential sync issue    
2026-08-10T05:54:47.475673Z  WARN ThreadId(20) hotstuff_runner::app: Node 0 [produce_block] queue size: 2, attempting up to 2 transactions this block    
2026-08-10T05:54:47.476488Z  WARN ThreadId(20) hotstuff_runner::app: Node 0 view(7053) far exceeds block count (1763); potential sync issue    
2026-08-10T05:54:47.574892Z  WARN ThreadId(20) hotstuff_runner::app: Node 0 [produce_block] queue size: 0, attempting up to 0 transactions this block    
2026-08-10T05:54:47.575398Z  WARN ThreadId(20) hotstuff_runner::app: Node 0 view(7057) far exceeds block count (1764); potential sync issue    
2026-08-10T05:54:47.716334Z  WARN ThreadId(20) hotstuff_runner::app: Node 0 [produce_block] queue size: 2, attempting up to 2 transactions this block    
2026-08-10T05:54:47.716526Z  WARN ThreadId(20) hotstuff_runner::app: Node 0 view(7061) far exceeds block count (1765); potential sync issue    
2026-08-10T05:54:47.856381Z  WARN ThreadId(20) hotstuff_runner::app: Node 0 [produce_block] queue size: 2, attempting up to 2 transactions this block    
2026-08-10T05:54:47.856931Z  WARN ThreadId(20) hotstuff_runner::app: Node 0 view(7065) far exceeds block count (1766); potential sync issue    
2026-08-10T05:54:47.979674Z  WARN ThreadId(20) hotstuff_runner::app: Node 0 [produce_block] queue size: 0, attempting up to 0 transactions this block    
2026-08-10T05:54:47.980371Z  WARN ThreadId(20) hotstuff_runner::app: Node 0 view(7069) far exceeds block count (1767); potential sync issue    
2026-08-10T05:54:48.132480Z  WARN ThreadId(20) hotstuff_runner::app: Node 0 [produce_block] queue size: 2, attempting up to 2 transactions this block    
2026-08-10T05:54:48.134919Z  WARN ThreadId(20) hotstuff_runner::app: Node 0 view(7073) far exceeds block count (1768); potential sync issue    
2026-08-10T05:54:48.237760Z  WARN ThreadId(20) hotstuff_runner::app: Node 0 [produce_block] queue size: 2, attempting up to 2 transactions this block    
2026-08-10T05:54:48.237973Z  WARN ThreadId(20) hotstuff_runner::app: Node 0 view(7077) far exceeds block count (1769); potential sync issue    
2026-08-10T05:54:48.551412Z  WARN ThreadId(20) hotstuff_runner::app: Node 0 [produce_block] queue size: 2, attempting up to 2 transactions this block    
2026-08-10T05:54:48.551735Z  WARN ThreadId(20) hotstuff_runner::app: Node 0 view(7081) far exceeds block count (1770); potential sync issue    
2026-08-10T05:54:48.667742Z  WARN ThreadId(20) hotstuff_runner::app: Node 0 [produce_block] queue size: 2, attempting up to 2 transactions this block    
2026-08-10T05:54:48.669976Z  WARN ThreadId(20) hotstuff_runner::app: Node 0 view(7085) far exceeds block count (1771); potential sync issue    
2026-08-10T05:54:48.851411Z  WARN ThreadId(06) docker_node: Low processing efficiency: 0.0% - system may need tuning
2026-08-10T05:54:48.854102Z  WARN ThreadId(20) hotstuff_runner::app: Node 0 [produce_block] queue size: 2, attempting up to 2 transactions this block    
2026-08-10T05:54:48.856390Z  WARN ThreadId(20) hotstuff_runner::app: Node 0 view(7089) far exceeds block count (1772); potential sync issue    
2026-08-10T05:54:48.991449Z  WARN ThreadId(20) hotstuff_runner::app: Node 0 [produce_block] queue size: 0, attempting up to 0 transactions this block    
2026-08-10T05:54:48.994495Z  WARN ThreadId(20) hotstuff_runner::app: Node 0 view(7093) far exceeds block count (1773); potential sync issue    
2026-08-10T05:54:49.145010Z  WARN ThreadId(20) hotstuff_runner::app: Node 0 [produce_block] queue size: 2, attempting up to 2 transactions this block    
2026-08-10T05:54:49.145396Z  WARN ThreadId(20) hotstuff_runner::app: Node 0 view(7097) far exceeds block count (1774); potential sync issue    
2026-08-10T05:54:49.248863Z  WARN ThreadId(20) hotstuff_runner::app: Node 0 [produce_block] queue size: 2, attempting up to 2 transactions this block    
2026-08-10T05:54:49.249380Z  WARN ThreadId(20) hotstuff_runner::app: Node 0 view(7101) far exceeds block count (1775); potential sync issue    
2026-08-10T05:54:49.404048Z  WARN ThreadId(20) hotstuff_runner::app: Node 0 [produce_block] queue size: 0, attempting up to 0 transactions this block    
2026-08-10T05:54:49.406233Z  WARN ThreadId(20) hotstuff_runner::app: Node 0 view(7105) far exceeds block count (1776); potential sync issue    
2026-08-10T05:54:49.577606Z  WARN ThreadId(20) hotstuff_runner::app: Node 0 [produce_block] queue size: 2, attempting up to 2 transactions this block    
2026-08-10T05:54:49.579321Z  WARN ThreadId(20) hotstuff_runner::app: Node 0 view(7109) far exceeds block count (1777); potential sync issue    
2026-08-10T05:54:49.748925Z  WARN ThreadId(20) hotstuff_runner::app: Node 0 [produce_block] queue size: 2, attempting up to 2 transactions this block    
2026-08-10T05:54:49.751797Z  WARN ThreadId(20) hotstuff_runner::app: Node 0 view(7113) far exceeds block count (1778); potential sync issue    
2026-08-10T05:54:49.846209Z  WARN ThreadId(20) hotstuff_runner::app: Node 0 [produce_block] queue size: 2, attempting up to 2 transactions this block    
2026-08-10T05:54:49.850189Z  WARN ThreadId(20) hotstuff_runner::app: Node 0 view(7117) far exceeds block count (1779); potential sync issue    
2026-08-10T05:54:49.996486Z  WARN ThreadId(20) hotstuff_runner::app: Node 0 [produce_block] queue size: 0, attempting up to 0 transactions this block    
2026-08-10T05:54:50.007367Z  WARN ThreadId(20) hotstuff_runner::app: Node 0 view(7121) far exceeds block count (1780); potential sync issue    
2026-08-10T05:54:50.120075Z  WARN ThreadId(20) hotstuff_runner::app: Node 0 [produce_block] queue size: 2, attempting up to 2 transactions this block    
2026-08-10T05:54:50.120721Z  WARN ThreadId(20) hotstuff_runner::app: Node 0 view(7125) far exceeds block count (1781); potential sync issue    
2026-08-10T05:54:50.221924Z  WARN ThreadId(20) hotstuff_runner::app: Node 0 [produce_block] queue size: 0, attempting up to 0 transactions this block    
2026-08-10T05:54:50.224215Z  WARN ThreadId(20) hotstuff_runner::app: Node 0 view(7129) far exceeds block count (1782); potential sync issue    
2026-08-10T05:54:50.344161Z  WARN ThreadId(20) hotstuff_runner::app: Node 0 [produce_block] queue size: 2, attempting up to 2 transactions this block    
2026-08-10T05:54:50.344356Z  WARN ThreadId(20) hotstuff_runner::app: Node 0 view(7133) far exceeds block count (1783); potential sync issue    
2026-08-10T05:54:50.518902Z  WARN ThreadId(20) hotstuff_runner::app: Node 0 [produce_block] queue size: 2, attempting up to 2 transactions this block    
2026-08-10T05:54:50.520532Z  WARN ThreadId(20) hotstuff_runner::app: Node 0 view(7137) far exceeds block count (1784); potential sync issue    
2026-08-10T05:54:50.622163Z  WARN ThreadId(20) hotstuff_runner::app: Node 0 [produce_block] queue size: 2, attempting up to 2 transactions this block    
2026-08-10T05:54:50.622748Z  WARN ThreadId(20) hotstuff_runner::app: Node 0 view(7141) far exceeds block count (1785); potential sync issue    
2026-08-10T05:54:50.755098Z  WARN ThreadId(20) hotstuff_runner::app: Node 0 [produce_block] queue size: 0, attempting up to 0 transactions this block    
2026-08-10T05:54:50.756597Z  WARN ThreadId(20) hotstuff_runner::app: Node 0 view(7145) far exceeds block count (1786); potential sync issue    
2026-08-10T05:54:50.879692Z  WARN ThreadId(20) hotstuff_runner::app: Node 0 [produce_block] queue size: 2, attempting up to 2 transactions this block    
2026-08-10T05:54:50.881446Z  WARN ThreadId(20) hotstuff_runner::app: Node 0 view(7149) far exceeds block count (1787); potential sync issue    
2026-08-10T05:54:51.015980Z  WARN ThreadId(20) hotstuff_runner::app: Node 0 [produce_block] queue size: 2, attempting up to 2 transactions this block    
2026-08-10T05:54:51.024015Z  WARN ThreadId(20) hotstuff_runner::app: Node 0 view(7153) far exceeds block count (1788); potential sync issue    
2026-08-10T05:54:51.153359Z  WARN ThreadId(20) hotstuff_runner::app: Node 0 [produce_block] queue size: 0, attempting up to 0 transactions this block    
2026-08-10T05:54:51.153773Z  WARN ThreadId(20) hotstuff_runner::app: Node 0 view(7157) far exceeds block count (1789); potential sync issue    
2026-08-10T05:54:51.269531Z  WARN ThreadId(20) hotstuff_runner::app: Node 0 [produce_block] queue size: 2, attempting up to 2 transactions this block    
2026-08-10T05:54:51.269773Z  WARN ThreadId(20) hotstuff_runner::app: Node 0 view(7161) far exceeds block count (1790); potential sync issue    
2026-08-10T05:54:51.431809Z  WARN ThreadId(20) hotstuff_runner::app: Node 0 [produce_block] queue size: 2, attempting up to 2 transactions this block    
2026-08-10T05:54:51.432076Z  WARN ThreadId(20) hotstuff_runner::app: Node 0 view(7165) far exceeds block count (1791); potential sync issue    
2026-08-10T05:54:51.563393Z  WARN ThreadId(20) hotstuff_runner::app: Node 0 [produce_block] queue size: 0, attempting up to 0 transactions this block    
2026-08-10T05:54:51.563577Z  WARN ThreadId(20) hotstuff_runner::app: Node 0 view(7169) far exceeds block count (1792); potential sync issue    
2026-08-10T05:54:51.727279Z  WARN ThreadId(20) hotstuff_runner::app: Node 0 [produce_block] queue size: 2, attempting up to 2 transactions this block    
2026-08-10T05:54:51.727594Z  WARN ThreadId(20) hotstuff_runner::app: Node 0 view(7173) far exceeds block count (1793); potential sync issue    
2026-08-10T05:54:51.852623Z  WARN ThreadId(20) hotstuff_runner::app: Node 0 [produce_block] queue size: 0, attempting up to 0 transactions this block    
2026-08-10T05:54:51.852885Z  WARN ThreadId(20) hotstuff_runner::app: Node 0 view(7177) far exceeds block count (1794); potential sync issue    
2026-08-10T05:54:52.000827Z  WARN ThreadId(20) hotstuff_runner::app: Node 0 [produce_block] queue size: 2, attempting up to 2 transactions this block    
2026-08-10T05:54:52.003238Z  WARN ThreadId(20) hotstuff_runner::app: Node 0 view(7181) far exceeds block count (1795); potential sync issue    
2026-08-10T05:54:52.146994Z  WARN ThreadId(20) hotstuff_runner::app: Node 0 [produce_block] queue size: 2, attempting up to 2 transactions this block    
2026-08-10T05:54:52.147707Z  WARN ThreadId(20) hotstuff_runner::app: Node 0 view(7185) far exceeds block count (1796); potential sync issue    
2026-08-10T05:54:52.307420Z  WARN ThreadId(20) hotstuff_runner::app: Node 0 [produce_block] queue size: 2, attempting up to 2 transactions this block    
2026-08-10T05:54:52.320117Z  WARN ThreadId(20) hotstuff_runner::app: Node 0 view(7189) far exceeds block count (1797); potential sync issue    
2026-08-10T05:54:52.393985Z  WARN ThreadId(20) hotstuff_runner::app: Node 0 [produce_block] queue size: 2, attempting up to 2 transactions this block    
2026-08-10T05:54:52.394144Z  WARN ThreadId(20) hotstuff_runner::app: Node 0 view(7193) far exceeds block count (1798); potential sync issue    
2026-08-10T05:54:52.585462Z  WARN ThreadId(20) hotstuff_runner::app: Node 0 [produce_block] queue size: 0, attempting up to 0 transactions this block    
2026-08-10T05:54:52.586242Z  WARN ThreadId(20) hotstuff_runner::app: Node 0 view(7197) far exceeds block count (1799); potential sync issue    
2026-08-10T05:54:52.712156Z  WARN ThreadId(20) hotstuff_runner::app: Node 0 [produce_block] queue size: 2, attempting up to 2 transactions this block    
2026-08-10T05:54:52.712720Z  WARN ThreadId(20) hotstuff_runner::app: Node 0 view(7201) far exceeds block count (1800); potential sync issue    
2026-08-10T05:54:52.797566Z  WARN ThreadId(20) hotstuff_runner::app: Node 0 [produce_block] queue size: 2, attempting up to 2 transactions this block    
2026-08-10T05:54:52.798089Z  WARN ThreadId(20) hotstuff_runner::app: Node 0 view(7205) far exceeds block count (1801); potential sync issue    
2026-08-10T05:54:53.045984Z  WARN ThreadId(20) hotstuff_runner::app: Node 0 [produce_block] queue size: 2, attempting up to 2 transactions this block    
2026-08-10T05:54:53.046420Z  WARN ThreadId(20) hotstuff_runner::app: Node 0 view(7209) far exceeds block count (1802); potential sync issue    
2026-08-10T05:54:53.224241Z  WARN ThreadId(20) hotstuff_runner::app: Node 0 [produce_block] queue size: 2, attempting up to 2 transactions this block    
2026-08-10T05:54:53.226742Z  WARN ThreadId(20) hotstuff_runner::app: Node 0 view(7213) far exceeds block count (1803); potential sync issue    
2026-08-10T05:54:53.384111Z  WARN ThreadId(20) hotstuff_runner::app: Node 0 [produce_block] queue size: 2, attempting up to 2 transactions this block    
2026-08-10T05:54:53.391535Z  WARN ThreadId(20) hotstuff_runner::app: Node 0 view(7217) far exceeds block count (1804); potential sync issue    
2026-08-10T05:54:53.510794Z  WARN ThreadId(20) hotstuff_runner::app: Node 0 [produce_block] queue size: 0, attempting up to 0 transactions this block    
2026-08-10T05:54:53.511168Z  WARN ThreadId(20) hotstuff_runner::app: Node 0 view(7221) far exceeds block count (1805); potential sync issue    
2026-08-10T05:54:53.640122Z  WARN ThreadId(20) hotstuff_runner::app: Node 0 [produce_block] queue size: 2, attempting up to 2 transactions this block    
2026-08-10T05:54:53.640313Z  WARN ThreadId(20) hotstuff_runner::app: Node 0 view(7225) far exceeds block count (1806); potential sync issue    
2026-08-10T05:54:53.781201Z  WARN ThreadId(20) hotstuff_runner::app: Node 0 [produce_block] queue size: 2, attempting up to 2 transactions this block    
2026-08-10T05:54:53.781825Z  WARN ThreadId(20) hotstuff_runner::app: Node 0 view(7229) far exceeds block count (1807); potential sync issue    
2026-08-10T05:54:53.852337Z  WARN ThreadId(06) docker_node: Low processing efficiency: 0.0% - system may need tuning
2026-08-10T05:54:53.910547Z  WARN ThreadId(20) hotstuff_runner::app: Node 0 [produce_block] queue size: 0, attempting up to 0 transactions this block    
2026-08-10T05:54:53.912294Z  WARN ThreadId(20) hotstuff_runner::app: Node 0 view(7233) far exceeds block count (1808); potential sync issue    
2026-08-10T05:54:54.039100Z  WARN ThreadId(20) hotstuff_runner::app: Node 0 [produce_block] queue size: 2, attempting up to 2 transactions this block    
2026-08-10T05:54:54.039294Z  WARN ThreadId(20) hotstuff_runner::app: Node 0 view(7237) far exceeds block count (1809); potential sync issue    
2026-08-10T05:54:54.295404Z  WARN ThreadId(20) hotstuff_runner::app: Node 0 [produce_block] queue size: 2, attempting up to 2 transactions this block    
2026-08-10T05:54:54.295726Z  WARN ThreadId(20) hotstuff_runner::app: Node 0 view(7241) far exceeds block count (1810); potential sync issue    
2026-08-10T05:54:54.407989Z  WARN ThreadId(20) hotstuff_runner::app: Node 0 [produce_block] queue size: 0, attempting up to 0 transactions this block    
2026-08-10T05:54:54.408200Z  WARN ThreadId(20) hotstuff_runner::app: Node 0 view(7245) far exceeds block count (1811); potential sync issue    
2026-08-10T05:54:54.599276Z  WARN ThreadId(20) hotstuff_runner::app: Node 0 [produce_block] queue size: 2, attempting up to 2 transactions this block    
2026-08-10T05:54:54.599683Z  WARN ThreadId(20) hotstuff_runner::app: Node 0 view(7249) far exceeds block count (1812); potential sync issue    
2026-08-10T05:54:54.819758Z  WARN ThreadId(20) hotstuff_runner::app: Node 0 [produce_block] queue size: 2, attempting up to 2 transactions this block    
2026-08-10T05:54:54.826196Z  WARN ThreadId(20) hotstuff_runner::app: Node 0 view(7253) far exceeds block count (1813); potential sync issue    
2026-08-10T05:54:55.014158Z  WARN ThreadId(20) hotstuff_runner::app: Node 0 [produce_block] queue size: 2, attempting up to 2 transactions this block    
2026-08-10T05:54:55.020390Z  WARN ThreadId(20) hotstuff_runner::app: Node 0 view(7257) far exceeds block count (1814); potential sync issue    
2026-08-10T05:54:55.247277Z  WARN ThreadId(20) hotstuff_runner::app: Node 0 [produce_block] queue size: 4, attempting up to 4 transactions this block    
2026-08-10T05:54:55.254240Z  WARN ThreadId(20) hotstuff_runner::app: Node 0 view(7261) far exceeds block count (1815); potential sync issue    
2026-08-10T05:54:55.376716Z  WARN ThreadId(20) hotstuff_runner::app: Node 0 [produce_block] queue size: 0, attempting up to 0 transactions this block    
2026-08-10T05:54:55.376941Z  WARN ThreadId(20) hotstuff_runner::app: Node 0 view(7265) far exceeds block count (1816); potential sync issue    
2026-08-10T05:54:55.554055Z  WARN ThreadId(20) hotstuff_runner::app: Node 0 [produce_block] queue size: 2, attempting up to 2 transactions this block    
2026-08-10T05:54:55.555643Z  WARN ThreadId(20) hotstuff_runner::app: Node 0 view(7269) far exceeds block count (1817); potential sync issue    
2026-08-10T05:54:55.686759Z  WARN ThreadId(20) hotstuff_runner::app: Node 0 [produce_block] queue size: 2, attempting up to 2 transactions this block    
2026-08-10T05:54:55.688068Z  WARN ThreadId(20) hotstuff_runner::app: Node 0 view(7273) far exceeds block count (1818); potential sync issue    
2026-08-10T05:54:55.960161Z  WARN ThreadId(20) hotstuff_runner::app: Node 0 [produce_block] queue size: 2, attempting up to 2 transactions this block    
2026-08-10T05:54:55.961568Z  WARN ThreadId(20) hotstuff_runner::app: Node 0 view(7277) far exceeds block count (1819); potential sync issue    
2026-08-10T05:54:56.112659Z  WARN ThreadId(20) hotstuff_runner::app: Node 0 [produce_block] queue size: 2, attempting up to 2 transactions this block    
2026-08-10T05:54:56.113917Z  WARN ThreadId(20) hotstuff_runner::app: Node 0 view(7281) far exceeds block count (1820); potential sync issue    
2026-08-10T05:54:56.323270Z  WARN ThreadId(20) hotstuff_runner::app: Node 0 [produce_block] queue size: 2, attempting up to 2 transactions this block    
2026-08-10T05:54:56.324297Z  WARN ThreadId(20) hotstuff_runner::app: Node 0 view(7285) far exceeds block count (1821); potential sync issue    
2026-08-10T05:54:56.482695Z  WARN ThreadId(20) hotstuff_runner::app: Node 0 [produce_block] queue size: 2, attempting up to 2 transactions this block    
2026-08-10T05:54:56.485081Z  WARN ThreadId(20) hotstuff_runner::app: Node 0 view(7289) far exceeds block count (1822); potential sync issue    
2026-08-10T05:54:56.590688Z  WARN ThreadId(20) hotstuff_runner::app: Node 0 [produce_block] queue size: 0, attempting up to 0 transactions this block    
2026-08-10T05:54:56.590949Z  WARN ThreadId(20) hotstuff_runner::app: Node 0 view(7293) far exceeds block count (1823); potential sync issue    
2026-08-10T05:54:56.767031Z  WARN ThreadId(20) hotstuff_runner::app: Node 0 [produce_block] queue size: 4, attempting up to 4 transactions this block    
2026-08-10T05:54:56.771669Z  WARN ThreadId(20) hotstuff_runner::app: Node 0 view(7297) far exceeds block count (1824); potential sync issue    
2026-08-10T05:54:56.888276Z  WARN ThreadId(20) hotstuff_runner::app: Node 0 [produce_block] queue size: 0, attempting up to 0 transactions this block    
2026-08-10T05:54:56.888829Z  WARN ThreadId(20) hotstuff_runner::app: Node 0 view(7301) far exceeds block count (1825); potential sync issue    
2026-08-10T05:54:57.000149Z  WARN ThreadId(20) hotstuff_runner::app: Node 0 [produce_block] queue size: 2, attempting up to 2 transactions this block    
2026-08-10T05:54:57.002317Z  WARN ThreadId(20) hotstuff_runner::app: Node 0 view(7305) far exceeds block count (1826); potential sync issue    
2026-08-10T05:54:57.172606Z  WARN ThreadId(20) hotstuff_runner::app: Node 0 [produce_block] queue size: 2, attempting up to 2 transactions this block    
2026-08-10T05:54:57.173305Z  WARN ThreadId(20) hotstuff_runner::app: Node 0 view(7309) far exceeds block count (1827); potential sync issue    
2026-08-10T05:54:57.362163Z  WARN ThreadId(20) hotstuff_runner::app: Node 0 [produce_block] queue size: 0, attempting up to 0 transactions this block    
2026-08-10T05:54:57.362826Z  WARN ThreadId(20) hotstuff_runner::app: Node 0 view(7313) far exceeds block count (1828); potential sync issue    
2026-08-10T05:54:57.570942Z  WARN ThreadId(20) hotstuff_runner::app: Node 0 [produce_block] queue size: 2, attempting up to 2 transactions this block    
2026-08-10T05:54:57.571109Z  WARN ThreadId(20) hotstuff_runner::app: Node 0 view(7317) far exceeds block count (1829); potential sync issue    
2026-08-10T05:54:57.722422Z  WARN ThreadId(20) hotstuff_runner::app: Node 0 [produce_block] queue size: 2, attempting up to 2 transactions this block    
2026-08-10T05:54:57.723317Z  WARN ThreadId(20) hotstuff_runner::app: Node 0 view(7321) far exceeds block count (1830); potential sync issue    
2026-08-10T05:54:57.888215Z  WARN ThreadId(20) hotstuff_runner::app: Node 0 [produce_block] queue size: 2, attempting up to 2 transactions this block    
2026-08-10T05:54:57.889334Z  WARN ThreadId(20) hotstuff_runner::app: Node 0 view(7325) far exceeds block count (1831); potential sync issue    
2026-08-10T05:54:58.102803Z  WARN ThreadId(20) hotstuff_runner::app: Node 0 [produce_block] queue size: 2, attempting up to 2 transactions this block    
2026-08-10T05:54:58.103421Z  WARN ThreadId(20) hotstuff_runner::app: Node 0 view(7329) far exceeds block count (1832); potential sync issue    
2026-08-10T05:54:58.263974Z  WARN ThreadId(20) hotstuff_runner::app: Node 0 [produce_block] queue size: 2, attempting up to 2 transactions this block    
2026-08-10T05:54:58.264174Z  WARN ThreadId(20) hotstuff_runner::app: Node 0 view(7333) far exceeds block count (1833); potential sync issue    
2026-08-10T05:54:58.450394Z  WARN ThreadId(20) hotstuff_runner::app: Node 0 [produce_block] queue size: 2, attempting up to 2 transactions this block    
2026-08-10T05:54:58.450830Z  WARN ThreadId(20) hotstuff_runner::app: Node 0 view(7337) far exceeds block count (1834); potential sync issue    
2026-08-10T05:54:58.635350Z  WARN ThreadId(20) hotstuff_runner::app: Node 0 [produce_block] queue size: 2, attempting up to 2 transactions this block    
2026-08-10T05:54:58.635602Z  WARN ThreadId(20) hotstuff_runner::app: Node 0 view(7341) far exceeds block count (1835); potential sync issue    
2026-08-10T05:54:58.747262Z  WARN ThreadId(20) hotstuff_runner::app: Node 0 [produce_block] queue size: 0, attempting up to 0 transactions this block    
2026-08-10T05:54:58.749721Z  WARN ThreadId(20) hotstuff_runner::app: Node 0 view(7345) far exceeds block count (1836); potential sync issue    
2026-08-10T05:54:58.848848Z  WARN ThreadId(20) hotstuff_runner::app: Node 0 [produce_block] queue size: 2, attempting up to 2 transactions this block    
2026-08-10T05:54:58.858317Z  WARN ThreadId(20) hotstuff_runner::app: Node 0 view(7349) far exceeds block count (1837); potential sync issue    
2026-08-10T05:54:58.857192Z  WARN ThreadId(07) docker_node: Low processing efficiency: 0.0% - system may need tuning
2026-08-10T05:54:59.016231Z  WARN ThreadId(20) hotstuff_runner::app: Node 0 [produce_block] queue size: 0, attempting up to 0 transactions this block    
2026-08-10T05:54:59.020362Z  WARN ThreadId(20) hotstuff_runner::app: Node 0 view(7353) far exceeds block count (1838); potential sync issue    
2026-08-10T05:54:59.135968Z  WARN ThreadId(20) hotstuff_runner::app: Node 0 [produce_block] queue size: 2, attempting up to 2 transactions this block    
2026-08-10T05:54:59.136249Z  WARN ThreadId(20) hotstuff_runner::app: Node 0 view(7357) far exceeds block count (1839); potential sync issue    
2026-08-10T05:54:59.441956Z  WARN ThreadId(20) hotstuff_runner::app: Node 0 [produce_block] queue size: 4, attempting up to 4 transactions this block    
2026-08-10T05:54:59.442205Z  WARN ThreadId(20) hotstuff_runner::app: Node 0 view(7361) far exceeds block count (1840); potential sync issue    
2026-08-10T05:54:59.616465Z  WARN ThreadId(20) hotstuff_runner::app: Node 0 [produce_block] queue size: 2, attempting up to 2 transactions this block    
2026-08-10T05:54:59.616667Z  WARN ThreadId(20) hotstuff_runner::app: Node 0 view(7365) far exceeds block count (1841); potential sync issue    
2026-08-10T05:54:59.879741Z  WARN ThreadId(20) hotstuff_runner::app: Node 0 [produce_block] queue size: 2, attempting up to 2 transactions this block    
2026-08-10T05:54:59.880537Z  WARN ThreadId(20) hotstuff_runner::app: Node 0 view(7369) far exceeds block count (1842); potential sync issue    
2026-08-10T05:54:59.993102Z  WARN ThreadId(20) hotstuff_runner::app: Node 0 [produce_block] queue size: 2, attempting up to 2 transactions this block    
2026-08-10T05:54:59.994407Z  WARN ThreadId(20) hotstuff_runner::app: Node 0 view(7373) far exceeds block count (1843); potential sync issue    
2026-08-10T05:55:00.164009Z  WARN ThreadId(20) hotstuff_runner::app: Node 0 [produce_block] queue size: 2, attempting up to 2 transactions this block    
2026-08-10T05:55:00.165721Z  WARN ThreadId(20) hotstuff_runner::app: Node 0 view(7377) far exceeds block count (1844); potential sync issue    
2026-08-10T05:55:00.344442Z  WARN ThreadId(20) hotstuff_runner::app: Node 0 [produce_block] queue size: 2, attempting up to 2 transactions this block    
2026-08-10T05:55:00.356763Z  WARN ThreadId(20) hotstuff_runner::app: Node 0 view(7381) far exceeds block count (1845); potential sync issue    
2026-08-10T05:55:00.654693Z  WARN ThreadId(20) hotstuff_runner::app: Node 0 [produce_block] queue size: 2, attempting up to 2 transactions this block    
2026-08-10T05:55:00.656713Z  WARN ThreadId(20) hotstuff_runner::app: Node 0 view(7385) far exceeds block count (1846); potential sync issue    
2026-08-10T05:55:00.782558Z  WARN ThreadId(20) hotstuff_runner::app: Node 0 [produce_block] queue size: 2, attempting up to 2 transactions this block    
2026-08-10T05:55:00.849515Z  WARN ThreadId(20) hotstuff_runner::app: Node 0 view(7389) far exceeds block count (1847); potential sync issue    
2026-08-10T05:55:01.078725Z  WARN ThreadId(20) hotstuff_runner::app: Node 0 [produce_block] queue size: 2, attempting up to 2 transactions this block    
2026-08-10T05:55:01.080637Z  WARN ThreadId(20) hotstuff_runner::app: Node 0 view(7393) far exceeds block count (1848); potential sync issue    
2026-08-10T05:55:01.211816Z  WARN ThreadId(20) hotstuff_runner::app: Node 0 [produce_block] queue size: 2, attempting up to 2 transactions this block    
2026-08-10T05:55:01.219057Z  WARN ThreadId(20) hotstuff_runner::app: Node 0 view(7397) far exceeds block count (1849); potential sync issue    
2026-08-10T05:55:01.344793Z  WARN ThreadId(20) hotstuff_runner::app: Node 0 [produce_block] queue size: 2, attempting up to 2 transactions this block    
2026-08-10T05:55:01.346275Z  WARN ThreadId(20) hotstuff_runner::app: Node 0 view(7401) far exceeds block count (1850); potential sync issue    
2026-08-10T05:55:01.572270Z  WARN ThreadId(20) hotstuff_runner::app: Node 0 [produce_block] queue size: 2, attempting up to 2 transactions this block    
2026-08-10T05:55:01.572692Z  WARN ThreadId(20) hotstuff_runner::app: Node 0 view(7405) far exceeds block count (1851); potential sync issue    
2026-08-10T05:55:01.737692Z  WARN ThreadId(20) hotstuff_runner::app: Node 0 [produce_block] queue size: 2, attempting up to 2 transactions this block    
2026-08-10T05:55:01.737845Z  WARN ThreadId(20) hotstuff_runner::app: Node 0 view(7409) far exceeds block count (1852); potential sync issue    
2026-08-10T05:55:01.893268Z  WARN ThreadId(20) hotstuff_runner::app: Node 0 [produce_block] queue size: 2, attempting up to 2 transactions this block    
2026-08-10T05:55:01.895631Z  WARN ThreadId(20) hotstuff_runner::app: Node 0 view(7413) far exceeds block count (1853); potential sync issue    
2026-08-10T05:55:01.975219Z  WARN ThreadId(20) hotstuff_runner::app: Node 0 [produce_block] queue size: 0, attempting up to 0 transactions this block    
2026-08-10T05:55:01.975360Z  WARN ThreadId(20) hotstuff_runner::app: Node 0 view(7417) far exceeds block count (1854); potential sync issue    
2026-08-10T05:55:02.125866Z  WARN ThreadId(20) hotstuff_runner::app: Node 0 [produce_block] queue size: 2, attempting up to 2 transactions this block    
2026-08-10T05:55:02.128915Z  WARN ThreadId(20) hotstuff_runner::app: Node 0 view(7421) far exceeds block count (1855); potential sync issue    
2026-08-10T05:55:02.261527Z  WARN ThreadId(20) hotstuff_runner::app: Node 0 [produce_block] queue size: 0, attempting up to 0 transactions this block    
2026-08-10T05:55:02.265212Z  WARN ThreadId(20) hotstuff_runner::app: Node 0 view(7425) far exceeds block count (1856); potential sync issue    
2026-08-10T05:55:02.403204Z  WARN ThreadId(20) hotstuff_runner::app: Node 0 [produce_block] queue size: 2, attempting up to 2 transactions this block    
2026-08-10T05:55:02.404140Z  WARN ThreadId(20) hotstuff_runner::app: Node 0 view(7429) far exceeds block count (1857); potential sync issue    
2026-08-10T05:55:02.582653Z  WARN ThreadId(20) hotstuff_runner::app: Node 0 [produce_block] queue size: 2, attempting up to 2 transactions this block    
2026-08-10T05:55:02.587769Z  WARN ThreadId(20) hotstuff_runner::app: Node 0 view(7433) far exceeds block count (1858); potential sync issue    
2026-08-10T05:55:02.760660Z  WARN ThreadId(20) hotstuff_runner::app: Node 0 [produce_block] queue size: 2, attempting up to 2 transactions this block    
2026-08-10T05:55:02.760824Z  WARN ThreadId(20) hotstuff_runner::app: Node 0 view(7437) far exceeds block count (1859); potential sync issue    
2026-08-10T05:55:02.884934Z  WARN ThreadId(20) hotstuff_runner::app: Node 0 [produce_block] queue size: 2, attempting up to 2 transactions this block    
2026-08-10T05:55:02.888247Z  WARN ThreadId(20) hotstuff_runner::app: Node 0 view(7441) far exceeds block count (1860); potential sync issue    
2026-08-10T05:55:03.006753Z  WARN ThreadId(20) hotstuff_runner::app: Node 0 [produce_block] queue size: 0, attempting up to 0 transactions this block    
2026-08-10T05:55:03.006916Z  WARN ThreadId(20) hotstuff_runner::app: Node 0 view(7445) far exceeds block count (1861); potential sync issue    
2026-08-10T05:55:03.151108Z  WARN ThreadId(20) hotstuff_runner::app: Node 0 [produce_block] queue size: 2, attempting up to 2 transactions this block    
2026-08-10T05:55:03.151346Z  WARN ThreadId(20) hotstuff_runner::app: Node 0 view(7449) far exceeds block count (1862); potential sync issue    
2026-08-10T05:55:03.240159Z  WARN ThreadId(20) hotstuff_runner::app: Node 0 [produce_block] queue size: 0, attempting up to 0 transactions this block    
2026-08-10T05:55:03.246362Z  WARN ThreadId(20) hotstuff_runner::app: Node 0 view(7453) far exceeds block count (1863); potential sync issue    
2026-08-10T05:55:03.367278Z  WARN ThreadId(20) hotstuff_runner::app: Node 0 [produce_block] queue size: 2, attempting up to 2 transactions this block    
2026-08-10T05:55:03.367510Z  WARN ThreadId(20) hotstuff_runner::app: Node 0 view(7457) far exceeds block count (1864); potential sync issue    
2026-08-10T05:55:03.465016Z  WARN ThreadId(20) hotstuff_runner::app: Node 0 [produce_block] queue size: 0, attempting up to 0 transactions this block    
2026-08-10T05:55:03.465704Z  WARN ThreadId(20) hotstuff_runner::app: Node 0 view(7461) far exceeds block count (1865); potential sync issue    
2026-08-10T05:55:03.623434Z  WARN ThreadId(20) hotstuff_runner::app: Node 0 [produce_block] queue size: 2, attempting up to 2 transactions this block    
2026-08-10T05:55:03.623789Z  WARN ThreadId(20) hotstuff_runner::app: Node 0 view(7465) far exceeds block count (1866); potential sync issue    
2026-08-10T05:55:03.853270Z  WARN ThreadId(07) docker_node: Low processing efficiency: 0.0% - system may need tuning
2026-08-10T05:55:03.873728Z  WARN ThreadId(20) hotstuff_runner::app: Node 0 [produce_block] queue size: 4, attempting up to 4 transactions this block    
2026-08-10T05:55:03.873956Z  WARN ThreadId(20) hotstuff_runner::app: Node 0 view(7469) far exceeds block count (1867); potential sync issue    
2026-08-10T05:55:03.979855Z  WARN ThreadId(20) hotstuff_runner::app: Node 0 [produce_block] queue size: 0, attempting up to 0 transactions this block    
2026-08-10T05:55:03.981843Z  WARN ThreadId(20) hotstuff_runner::app: Node 0 view(7473) far exceeds block count (1868); potential sync issue    
2026-08-10T05:55:04.181968Z  WARN ThreadId(20) hotstuff_runner::app: Node 0 [produce_block] queue size: 2, attempting up to 2 transactions this block    
2026-08-10T05:55:04.187491Z  WARN ThreadId(20) hotstuff_runner::app: Node 0 view(7477) far exceeds block count (1869); potential sync issue    
2026-08-10T05:55:04.303467Z  WARN ThreadId(20) hotstuff_runner::app: Node 0 [produce_block] queue size: 2, attempting up to 2 transactions this block    
2026-08-10T05:55:04.304149Z  WARN ThreadId(20) hotstuff_runner::app: Node 0 view(7481) far exceeds block count (1870); potential sync issue    
2026-08-10T05:55:04.422865Z  WARN ThreadId(20) hotstuff_runner::app: Node 0 [produce_block] queue size: 0, attempting up to 0 transactions this block    
2026-08-10T05:55:04.426705Z  WARN ThreadId(20) hotstuff_runner::app: Node 0 view(7485) far exceeds block count (1871); potential sync issue    
2026-08-10T05:55:04.535222Z  WARN ThreadId(20) hotstuff_runner::app: Node 0 [produce_block] queue size: 2, attempting up to 2 transactions this block    
2026-08-10T05:55:04.535971Z  WARN ThreadId(20) hotstuff_runner::app: Node 0 view(7489) far exceeds block count (1872); potential sync issue    
2026-08-10T05:55:04.640002Z  WARN ThreadId(20) hotstuff_runner::app: Node 0 [produce_block] queue size: 0, attempting up to 0 transactions this block    
2026-08-10T05:55:04.640844Z  WARN ThreadId(20) hotstuff_runner::app: Node 0 view(7493) far exceeds block count (1873); potential sync issue    
2026-08-10T05:55:04.719856Z  WARN ThreadId(20) hotstuff_runner::app: Node 0 [produce_block] queue size: 2, attempting up to 2 transactions this block    
2026-08-10T05:55:04.726553Z  WARN ThreadId(20) hotstuff_runner::app: Node 0 view(7497) far exceeds block count (1874); potential sync issue    
2026-08-10T05:55:04.878305Z  WARN ThreadId(20) hotstuff_runner::app: Node 0 [produce_block] queue size: 0, attempting up to 0 transactions this block    
2026-08-10T05:55:04.882260Z  WARN ThreadId(20) hotstuff_runner::app: Node 0 view(7501) far exceeds block count (1875); potential sync issue    
2026-08-10T05:55:05.059737Z  WARN ThreadId(20) hotstuff_runner::app: Node 0 [produce_block] queue size: 2, attempting up to 2 transactions this block    
2026-08-10T05:55:05.060722Z  WARN ThreadId(20) hotstuff_runner::app: Node 0 view(7505) far exceeds block count (1876); potential sync issue    
2026-08-10T05:55:05.243446Z  WARN ThreadId(20) hotstuff_runner::app: Node 0 [produce_block] queue size: 2, attempting up to 2 transactions this block    
2026-08-10T05:55:05.248290Z  WARN ThreadId(20) hotstuff_runner::app: Node 0 view(7509) far exceeds block count (1877); potential sync issue    
2026-08-10T05:55:05.510205Z  WARN ThreadId(20) hotstuff_runner::app: Node 0 [produce_block] queue size: 2, attempting up to 2 transactions this block    
2026-08-10T05:55:05.510896Z  WARN ThreadId(20) hotstuff_runner::app: Node 0 view(7513) far exceeds block count (1878); potential sync issue    
2026-08-10T05:55:05.638958Z  WARN ThreadId(20) hotstuff_runner::app: Node 0 [produce_block] queue size: 2, attempting up to 2 transactions this block    
2026-08-10T05:55:05.644227Z  WARN ThreadId(20) hotstuff_runner::app: Node 0 view(7517) far exceeds block count (1879); potential sync issue    
2026-08-10T05:55:05.799064Z  WARN ThreadId(20) hotstuff_runner::app: Node 0 [produce_block] queue size: 2, attempting up to 2 transactions this block    
2026-08-10T05:55:05.810298Z  WARN ThreadId(20) hotstuff_runner::app: Node 0 view(7521) far exceeds block count (1880); potential sync issue    
2026-08-10T05:55:05.933964Z  WARN ThreadId(20) hotstuff_runner::app: Node 0 [produce_block] queue size: 0, attempting up to 0 transactions this block    
2026-08-10T05:55:05.935922Z  WARN ThreadId(20) hotstuff_runner::app: Node 0 view(7525) far exceeds block count (1881); potential sync issue    
2026-08-10T05:55:06.168875Z  WARN ThreadId(20) hotstuff_runner::app: Node 0 [produce_block] queue size: 2, attempting up to 2 transactions this block    
2026-08-10T05:55:06.173422Z  WARN ThreadId(20) hotstuff_runner::app: Node 0 view(7529) far exceeds block count (1882); potential sync issue    
2026-08-10T05:55:06.266776Z  WARN ThreadId(20) hotstuff_runner::app: Node 0 [produce_block] queue size: 2, attempting up to 2 transactions this block    
2026-08-10T05:55:06.284204Z  WARN ThreadId(20) hotstuff_runner::app: Node 0 view(7533) far exceeds block count (1883); potential sync issue    
2026-08-10T05:55:06.495169Z  WARN ThreadId(20) hotstuff_runner::app: Node 0 [produce_block] queue size: 2, attempting up to 2 transactions this block    
2026-08-10T05:55:06.497724Z  WARN ThreadId(20) hotstuff_runner::app: Node 0 view(7537) far exceeds block count (1884); potential sync issue    
2026-08-10T05:55:06.725890Z  WARN ThreadId(20) hotstuff_runner::app: Node 0 [produce_block] queue size: 2, attempting up to 2 transactions this block    
2026-08-10T05:55:06.736745Z  WARN ThreadId(20) hotstuff_runner::app: Node 0 view(7541) far exceeds block count (1885); potential sync issue    
2026-08-10T05:55:06.932753Z  WARN ThreadId(20) hotstuff_runner::app: Node 0 [produce_block] queue size: 2, attempting up to 2 transactions this block    
2026-08-10T05:55:06.935955Z  WARN ThreadId(20) hotstuff_runner::app: Node 0 view(7545) far exceeds block count (1886); potential sync issue    
2026-08-10T05:55:07.211734Z  WARN ThreadId(20) hotstuff_runner::app: Node 0 [produce_block] queue size: 2, attempting up to 2 transactions this block    
2026-08-10T05:55:07.224385Z  WARN ThreadId(20) hotstuff_runner::app: Node 0 view(7549) far exceeds block count (1887); potential sync issue    
2026-08-10T05:55:07.495540Z  WARN ThreadId(20) hotstuff_runner::app: Node 0 [produce_block] queue size: 4, attempting up to 4 transactions this block    
2026-08-10T05:55:07.497812Z  WARN ThreadId(20) hotstuff_runner::app: Node 0 view(7553) far exceeds block count (1888); potential sync issue    
2026-08-10T05:55:07.693352Z  WARN ThreadId(20) hotstuff_runner::app: Node 0 [produce_block] queue size: 2, attempting up to 2 transactions this block    
2026-08-10T05:55:07.693762Z  WARN ThreadId(20) hotstuff_runner::app: Node 0 view(7557) far exceeds block count (1889); potential sync issue    
2026-08-10T05:55:07.972945Z  WARN ThreadId(20) hotstuff_runner::app: Node 0 [produce_block] queue size: 2, attempting up to 2 transactions this block    
2026-08-10T05:55:07.976055Z  WARN ThreadId(20) hotstuff_runner::app: Node 0 view(7561) far exceeds block count (1890); potential sync issue    
2026-08-10T05:55:08.138588Z  WARN ThreadId(20) hotstuff_runner::app: Node 0 [produce_block] queue size: 2, attempting up to 2 transactions this block    
2026-08-10T05:55:08.142817Z  WARN ThreadId(20) hotstuff_runner::app: Node 0 view(7565) far exceeds block count (1891); potential sync issue    
2026-08-10T05:55:08.311887Z  WARN ThreadId(20) hotstuff_runner::app: Node 0 [produce_block] queue size: 2, attempting up to 2 transactions this block    
2026-08-10T05:55:08.314454Z  WARN ThreadId(20) hotstuff_runner::app: Node 0 view(7569) far exceeds block count (1892); potential sync issue    
2026-08-10T05:55:08.549475Z  WARN ThreadId(20) hotstuff_runner::app: Node 0 [produce_block] queue size: 2, attempting up to 2 transactions this block    
2026-08-10T05:55:08.557447Z  WARN ThreadId(20) hotstuff_runner::app: Node 0 view(7573) far exceeds block count (1893); potential sync issue    
2026-08-10T05:55:08.695766Z  WARN ThreadId(20) hotstuff_runner::app: Node 0 [produce_block] queue size: 2, attempting up to 2 transactions this block    
2026-08-10T05:55:08.698249Z  WARN ThreadId(20) hotstuff_runner::app: Node 0 view(7577) far exceeds block count (1894); potential sync issue    
2026-08-10T05:55:08.852292Z  WARN ThreadId(07) docker_node: Low processing efficiency: 0.0% - system may need tuning
2026-08-10T05:55:08.931251Z  WARN ThreadId(20) hotstuff_runner::app: Node 0 [produce_block] queue size: 2, attempting up to 2 transactions this block    
2026-08-10T05:55:08.931504Z  WARN ThreadId(20) hotstuff_runner::app: Node 0 view(7581) far exceeds block count (1895); potential sync issue    
2026-08-10T05:55:09.091730Z  WARN ThreadId(20) hotstuff_runner::app: Node 0 [produce_block] queue size: 2, attempting up to 2 transactions this block    
2026-08-10T05:55:09.091990Z  WARN ThreadId(20) hotstuff_runner::app: Node 0 view(7585) far exceeds block count (1896); potential sync issue    
2026-08-10T05:55:09.368507Z  WARN ThreadId(20) hotstuff_runner::app: Node 0 [produce_block] queue size: 2, attempting up to 2 transactions this block    
2026-08-10T05:55:09.368725Z  WARN ThreadId(20) hotstuff_runner::app: Node 0 view(7589) far exceeds block count (1897); potential sync issue    
2026-08-10T05:55:09.675161Z  WARN ThreadId(20) hotstuff_runner::app: Node 0 [produce_block] queue size: 4, attempting up to 4 transactions this block    
2026-08-10T05:55:09.675485Z  WARN ThreadId(20) hotstuff_runner::app: Node 0 view(7593) far exceeds block count (1898); potential sync issue    
2026-08-10T05:55:09.828864Z  WARN ThreadId(20) hotstuff_runner::app: Node 0 [produce_block] queue size: 0, attempting up to 0 transactions this block    
2026-08-10T05:55:09.840439Z  WARN ThreadId(20) hotstuff_runner::app: Node 0 view(7597) far exceeds block count (1899); potential sync issue    
2026-08-10T05:55:10.103211Z  WARN ThreadId(20) hotstuff_runner::app: Node 0 [produce_block] queue size: 4, attempting up to 4 transactions this block    
2026-08-10T05:55:10.110906Z  WARN ThreadId(20) hotstuff_runner::app: Node 0 view(7601) far exceeds block count (1900); potential sync issue    
2026-08-10T05:55:10.312771Z  WARN ThreadId(20) hotstuff_runner::app: Node 0 [produce_block] queue size: 2, attempting up to 2 transactions this block    
2026-08-10T05:55:10.312997Z  WARN ThreadId(20) hotstuff_runner::app: Node 0 view(7605) far exceeds block count (1901); potential sync issue    
2026-08-10T05:55:10.524686Z  WARN ThreadId(20) hotstuff_runner::app: Node 0 [produce_block] queue size: 2, attempting up to 2 transactions this block    
2026-08-10T05:55:10.524968Z  WARN ThreadId(20) hotstuff_runner::app: Node 0 view(7609) far exceeds block count (1902); potential sync issue    
2026-08-10T05:55:10.687503Z  WARN ThreadId(20) hotstuff_runner::app: Node 0 [produce_block] queue size: 2, attempting up to 2 transactions this block    
2026-08-10T05:55:10.688363Z  WARN ThreadId(20) hotstuff_runner::app: Node 0 view(7613) far exceeds block count (1903); potential sync issue    
2026-08-10T05:55:10.874888Z  WARN ThreadId(20) hotstuff_runner::app: Node 0 [produce_block] queue size: 2, attempting up to 2 transactions this block    
2026-08-10T05:55:10.874968Z  WARN ThreadId(20) hotstuff_runner::app: Node 0 view(7617) far exceeds block count (1904); potential sync issue    
2026-08-10T05:55:11.025437Z  WARN ThreadId(20) hotstuff_runner::app: Node 0 [produce_block] queue size: 2, attempting up to 2 transactions this block    
2026-08-10T05:55:11.025796Z  WARN ThreadId(20) hotstuff_runner::app: Node 0 view(7621) far exceeds block count (1905); potential sync issue    
2026-08-10T05:55:11.160132Z  WARN ThreadId(20) hotstuff_runner::app: Node 0 [produce_block] queue size: 0, attempting up to 0 transactions this block    
2026-08-10T05:55:11.160424Z  WARN ThreadId(20) hotstuff_runner::app: Node 0 view(7625) far exceeds block count (1906); potential sync issue    
2026-08-10T05:55:11.296871Z  WARN ThreadId(20) hotstuff_runner::app: Node 0 [produce_block] queue size: 2, attempting up to 2 transactions this block    
2026-08-10T05:55:11.299630Z  WARN ThreadId(20) hotstuff_runner::app: Node 0 view(7629) far exceeds block count (1907); potential sync issue    
2026-08-10T05:55:11.426928Z  WARN ThreadId(20) hotstuff_runner::app: Node 0 [produce_block] queue size: 2, attempting up to 2 transactions this block    
2026-08-10T05:55:11.427207Z  WARN ThreadId(20) hotstuff_runner::app: Node 0 view(7633) far exceeds block count (1908); potential sync issue    
2026-08-10T05:55:11.589226Z  WARN ThreadId(20) hotstuff_runner::app: Node 0 [produce_block] queue size: 0, attempting up to 0 transactions this block    
2026-08-10T05:55:11.591587Z  WARN ThreadId(20) hotstuff_runner::app: Node 0 view(7637) far exceeds block count (1909); potential sync issue    
2026-08-10T05:55:11.763167Z  WARN ThreadId(20) hotstuff_runner::app: Node 0 [produce_block] queue size: 2, attempting up to 2 transactions this block    
2026-08-10T05:55:11.768848Z  WARN ThreadId(20) hotstuff_runner::app: Node 0 view(7641) far exceeds block count (1910); potential sync issue    
2026-08-10T05:55:11.916519Z  WARN ThreadId(20) hotstuff_runner::app: Node 0 [produce_block] queue size: 2, attempting up to 2 transactions this block    
2026-08-10T05:55:11.917522Z  WARN ThreadId(20) hotstuff_runner::app: Node 0 view(7645) far exceeds block count (1911); potential sync issue    
2026-08-10T05:55:12.166161Z  WARN ThreadId(20) hotstuff_runner::app: Node 0 [produce_block] queue size: 4, attempting up to 4 transactions this block    
2026-08-10T05:55:12.169103Z  WARN ThreadId(20) hotstuff_runner::app: Node 0 view(7649) far exceeds block count (1912); potential sync issue    
2026-08-10T05:55:12.296690Z  WARN ThreadId(20) hotstuff_runner::app: Node 0 [produce_block] queue size: 0, attempting up to 0 transactions this block    
2026-08-10T05:55:12.296792Z  WARN ThreadId(20) hotstuff_runner::app: Node 0 view(7653) far exceeds block count (1913); potential sync issue    
2026-08-10T05:55:12.432593Z  WARN ThreadId(20) hotstuff_runner::app: Node 0 [produce_block] queue size: 2, attempting up to 2 transactions this block    
2026-08-10T05:55:12.435413Z  WARN ThreadId(20) hotstuff_runner::app: Node 0 view(7657) far exceeds block count (1914); potential sync issue    
2026-08-10T05:55:12.542771Z  WARN ThreadId(20) hotstuff_runner::app: Node 0 [produce_block] queue size: 0, attempting up to 0 transactions this block    
2026-08-10T05:55:12.543441Z  WARN ThreadId(20) hotstuff_runner::app: Node 0 view(7661) far exceeds block count (1915); potential sync issue    
2026-08-10T05:55:12.729061Z  WARN ThreadId(20) hotstuff_runner::app: Node 0 [produce_block] queue size: 2, attempting up to 2 transactions this block    
2026-08-10T05:55:12.735917Z  WARN ThreadId(20) hotstuff_runner::app: Node 0 view(7665) far exceeds block count (1916); potential sync issue    
2026-08-10T05:55:12.914211Z  WARN ThreadId(20) hotstuff_runner::app: Node 0 [produce_block] queue size: 2, attempting up to 2 transactions this block    
2026-08-10T05:55:12.914481Z  WARN ThreadId(20) hotstuff_runner::app: Node 0 view(7669) far exceeds block count (1917); potential sync issue    
2026-08-10T05:55:13.059474Z  WARN ThreadId(20) hotstuff_runner::app: Node 0 [produce_block] queue size: 2, attempting up to 2 transactions this block    
2026-08-10T05:55:13.059631Z  WARN ThreadId(20) hotstuff_runner::app: Node 0 view(7673) far exceeds block count (1918); potential sync issue    
2026-08-10T05:55:13.200781Z  WARN ThreadId(20) hotstuff_runner::app: Node 0 [produce_block] queue size: 2, attempting up to 2 transactions this block    
2026-08-10T05:55:13.201308Z  WARN ThreadId(20) hotstuff_runner::app: Node 0 view(7677) far exceeds block count (1919); potential sync issue    
2026-08-10T05:55:13.336981Z  WARN ThreadId(20) hotstuff_runner::app: Node 0 [produce_block] queue size: 2, attempting up to 2 transactions this block    
2026-08-10T05:55:13.337144Z  WARN ThreadId(20) hotstuff_runner::app: Node 0 view(7681) far exceeds block count (1920); potential sync issue    
2026-08-10T05:55:13.436033Z  WARN ThreadId(20) hotstuff_runner::app: Node 0 [produce_block] queue size: 0, attempting up to 0 transactions this block    
2026-08-10T05:55:13.439461Z  WARN ThreadId(20) hotstuff_runner::app: Node 0 view(7685) far exceeds block count (1921); potential sync issue    
2026-08-10T05:55:13.609842Z  WARN ThreadId(20) hotstuff_runner::app: Node 0 [produce_block] queue size: 2, attempting up to 2 transactions this block    
2026-08-10T05:55:13.618525Z  WARN ThreadId(20) hotstuff_runner::app: Node 0 view(7689) far exceeds block count (1922); potential sync issue    
2026-08-10T05:55:13.760366Z  WARN ThreadId(20) hotstuff_runner::app: Node 0 [produce_block] queue size: 2, attempting up to 2 transactions this block    
2026-08-10T05:55:13.767456Z  WARN ThreadId(20) hotstuff_runner::app: Node 0 view(7693) far exceeds block count (1923); potential sync issue    
2026-08-10T05:55:13.852406Z  WARN ThreadId(06) docker_node: Low processing efficiency: 0.0% - system may need tuning
2026-08-10T05:55:13.924098Z  WARN ThreadId(20) hotstuff_runner::app: Node 0 [produce_block] queue size: 0, attempting up to 0 transactions this block    
2026-08-10T05:55:13.930250Z  WARN ThreadId(20) hotstuff_runner::app: Node 0 view(7697) far exceeds block count (1924); potential sync issue    
2026-08-10T05:55:14.117488Z  WARN ThreadId(20) hotstuff_runner::app: Node 0 [produce_block] queue size: 2, attempting up to 2 transactions this block    
2026-08-10T05:55:14.117673Z  WARN ThreadId(20) hotstuff_runner::app: Node 0 view(7701) far exceeds block count (1925); potential sync issue    
2026-08-10T05:55:14.426932Z  WARN ThreadId(20) hotstuff_runner::app: Node 0 [produce_block] queue size: 4, attempting up to 4 transactions this block    
2026-08-10T05:55:14.427242Z  WARN ThreadId(20) hotstuff_runner::app: Node 0 view(7705) far exceeds block count (1926); potential sync issue    
2026-08-10T05:55:14.599630Z  WARN ThreadId(20) hotstuff_runner::app: Node 0 [produce_block] queue size: 0, attempting up to 0 transactions this block    
2026-08-10T05:55:14.605705Z  WARN ThreadId(20) hotstuff_runner::app: Node 0 view(7709) far exceeds block count (1927); potential sync issue    
2026-08-10T05:55:14.905798Z  WARN ThreadId(20) hotstuff_runner::app: Node 0 [produce_block] queue size: 4, attempting up to 4 transactions this block    
2026-08-10T05:55:14.906256Z  WARN ThreadId(20) hotstuff_runner::app: Node 0 view(7713) far exceeds block count (1928); potential sync issue    
2026-08-10T05:55:15.048025Z  WARN ThreadId(20) hotstuff_runner::app: Node 0 [produce_block] queue size: 2, attempting up to 2 transactions this block    
2026-08-10T05:55:15.049581Z  WARN ThreadId(20) hotstuff_runner::app: Node 0 view(7717) far exceeds block count (1929); potential sync issue    
2026-08-10T05:55:15.201390Z  WARN ThreadId(20) hotstuff_runner::app: Node 0 [produce_block] queue size: 0, attempting up to 0 transactions this block    
2026-08-10T05:55:15.201480Z  WARN ThreadId(20) hotstuff_runner::app: Node 0 view(7721) far exceeds block count (1930); potential sync issue    
2026-08-10T05:55:15.379096Z  WARN ThreadId(20) hotstuff_runner::app: Node 0 [produce_block] queue size: 2, attempting up to 2 transactions this block    
2026-08-10T05:55:15.379448Z  WARN ThreadId(20) hotstuff_runner::app: Node 0 view(7725) far exceeds block count (1931); potential sync issue    
2026-08-10T05:55:15.653307Z  WARN ThreadId(20) hotstuff_runner::app: Node 0 [produce_block] queue size: 4, attempting up to 4 transactions this block    
2026-08-10T05:55:15.654098Z  WARN ThreadId(20) hotstuff_runner::app: Node 0 view(7729) far exceeds block count (1932); potential sync issue    
2026-08-10T05:55:15.753480Z  WARN ThreadId(20) hotstuff_runner::app: Node 0 [produce_block] queue size: 0, attempting up to 0 transactions this block    
2026-08-10T05:55:15.754254Z  WARN ThreadId(20) hotstuff_runner::app: Node 0 view(7733) far exceeds block count (1933); potential sync issue    
2026-08-10T05:55:15.871990Z  WARN ThreadId(20) hotstuff_runner::app: Node 0 [produce_block] queue size: 2, attempting up to 2 transactions this block    
2026-08-10T05:55:15.872491Z  WARN ThreadId(20) hotstuff_runner::app: Node 0 view(7737) far exceeds block count (1934); potential sync issue    
2026-08-10T05:55:16.023668Z  WARN ThreadId(20) hotstuff_runner::app: Node 0 [produce_block] queue size: 0, attempting up to 0 transactions this block    
2026-08-10T05:55:16.026893Z  WARN ThreadId(20) hotstuff_runner::app: Node 0 view(7741) far exceeds block count (1935); potential sync issue    
2026-08-10T05:55:16.151300Z  WARN ThreadId(20) hotstuff_runner::app: Node 0 [produce_block] queue size: 2, attempting up to 2 transactions this block    
2026-08-10T05:55:16.151448Z  WARN ThreadId(20) hotstuff_runner::app: Node 0 view(7745) far exceeds block count (1936); potential sync issue    
2026-08-10T05:55:16.302542Z  WARN ThreadId(20) hotstuff_runner::app: Node 0 [produce_block] queue size: 2, attempting up to 2 transactions this block    
2026-08-10T05:55:16.302693Z  WARN ThreadId(20) hotstuff_runner::app: Node 0 view(7749) far exceeds block count (1937); potential sync issue    
2026-08-10T05:55:16.448997Z  WARN ThreadId(20) hotstuff_runner::app: Node 0 [produce_block] queue size: 0, attempting up to 0 transactions this block    
2026-08-10T05:55:16.449285Z  WARN ThreadId(20) hotstuff_runner::app: Node 0 view(7753) far exceeds block count (1938); potential sync issue    
2026-08-10T05:55:16.642412Z  WARN ThreadId(20) hotstuff_runner::app: Node 0 [produce_block] queue size: 4, attempting up to 4 transactions this block    
2026-08-10T05:55:16.643446Z  WARN ThreadId(20) hotstuff_runner::app: Node 0 view(7757) far exceeds block count (1939); potential sync issue    
2026-08-10T05:55:16.824111Z  WARN ThreadId(20) hotstuff_runner::app: Node 0 [produce_block] queue size: 0, attempting up to 0 transactions this block    
2026-08-10T05:55:16.836463Z  WARN ThreadId(20) hotstuff_runner::app: Node 0 view(7761) far exceeds block count (1940); potential sync issue    
2026-08-10T05:55:17.000637Z  WARN ThreadId(20) hotstuff_runner::app: Node 0 [produce_block] queue size: 2, attempting up to 2 transactions this block    
2026-08-10T05:55:17.001675Z  WARN ThreadId(20) hotstuff_runner::app: Node 0 view(7765) far exceeds block count (1941); potential sync issue    
2026-08-10T05:55:17.194097Z  WARN ThreadId(20) hotstuff_runner::app: Node 0 [produce_block] queue size: 2, attempting up to 2 transactions this block    
2026-08-10T05:55:17.194484Z  WARN ThreadId(20) hotstuff_runner::app: Node 0 view(7769) far exceeds block count (1942); potential sync issue    
2026-08-10T05:55:17.392754Z  WARN ThreadId(20) hotstuff_runner::app: Node 0 [produce_block] queue size: 2, attempting up to 2 transactions this block    
2026-08-10T05:55:17.393651Z  WARN ThreadId(20) hotstuff_runner::app: Node 0 view(7773) far exceeds block count (1943); potential sync issue    
2026-08-10T05:55:17.563268Z  WARN ThreadId(20) hotstuff_runner::app: Node 0 [produce_block] queue size: 2, attempting up to 2 transactions this block    
2026-08-10T05:55:17.563434Z  WARN ThreadId(20) hotstuff_runner::app: Node 0 view(7777) far exceeds block count (1944); potential sync issue    
2026-08-10T05:55:17.677301Z  WARN ThreadId(20) hotstuff_runner::app: Node 0 [produce_block] queue size: 2, attempting up to 2 transactions this block    
2026-08-10T05:55:17.685431Z  WARN ThreadId(20) hotstuff_runner::app: Node 0 view(7781) far exceeds block count (1945); potential sync issue    
2026-08-10T05:55:17.799222Z  WARN ThreadId(20) hotstuff_runner::app: Node 0 [produce_block] queue size: 0, attempting up to 0 transactions this block    
2026-08-10T05:55:17.799411Z  WARN ThreadId(20) hotstuff_runner::app: Node 0 view(7785) far exceeds block count (1946); potential sync issue    
2026-08-10T05:55:17.925058Z  WARN ThreadId(20) hotstuff_runner::app: Node 0 [produce_block] queue size: 2, attempting up to 2 transactions this block    
2026-08-10T05:55:17.934135Z  WARN ThreadId(20) hotstuff_runner::app: Node 0 view(7789) far exceeds block count (1947); potential sync issue    
2026-08-10T05:55:18.038019Z  WARN ThreadId(20) hotstuff_runner::app: Node 0 [produce_block] queue size: 2, attempting up to 2 transactions this block    
2026-08-10T05:55:18.039015Z  WARN ThreadId(20) hotstuff_runner::app: Node 0 view(7793) far exceeds block count (1948); potential sync issue    
2026-08-10T05:55:18.400652Z  WARN ThreadId(20) hotstuff_runner::app: Node 0 [produce_block] queue size: 4, attempting up to 4 transactions this block    
2026-08-10T05:55:18.400829Z  WARN ThreadId(20) hotstuff_runner::app: Node 0 view(7797) far exceeds block count (1949); potential sync issue    
2026-08-10T05:55:18.560166Z  WARN ThreadId(20) hotstuff_runner::app: Node 0 [produce_block] queue size: 0, attempting up to 0 transactions this block    
2026-08-10T05:55:18.560712Z  WARN ThreadId(20) hotstuff_runner::app: Node 0 view(7801) far exceeds block count (1950); potential sync issue    
2026-08-10T05:55:18.788769Z  WARN ThreadId(20) hotstuff_runner::app: Node 0 [produce_block] queue size: 2, attempting up to 2 transactions this block    
2026-08-10T05:55:18.789255Z  WARN ThreadId(20) hotstuff_runner::app: Node 0 view(7805) far exceeds block count (1951); potential sync issue    
2026-08-10T05:55:18.853415Z  WARN ThreadId(07) docker_node: Low processing efficiency: 0.0% - system may need tuning
2026-08-10T05:55:18.927082Z  WARN ThreadId(20) hotstuff_runner::app: Node 0 [produce_block] queue size: 2, attempting up to 2 transactions this block    
2026-08-10T05:55:18.930740Z  WARN ThreadId(20) hotstuff_runner::app: Node 0 view(7809) far exceeds block count (1952); potential sync issue    
2026-08-10T05:55:19.099428Z  WARN ThreadId(20) hotstuff_runner::app: Node 0 [produce_block] queue size: 2, attempting up to 2 transactions this block    
2026-08-10T05:55:19.099551Z  WARN ThreadId(20) hotstuff_runner::app: Node 0 view(7813) far exceeds block count (1953); potential sync issue    
2026-08-10T05:55:19.296927Z  WARN ThreadId(20) hotstuff_runner::app: Node 0 [produce_block] queue size: 2, attempting up to 2 transactions this block    
2026-08-10T05:55:19.297210Z  WARN ThreadId(20) hotstuff_runner::app: Node 0 view(7817) far exceeds block count (1954); potential sync issue    
2026-08-10T05:55:19.430876Z  WARN ThreadId(20) hotstuff_runner::app: Node 0 [produce_block] queue size: 2, attempting up to 2 transactions this block    
2026-08-10T05:55:19.432648Z  WARN ThreadId(20) hotstuff_runner::app: Node 0 view(7821) far exceeds block count (1955); potential sync issue    
2026-08-10T05:55:19.535319Z  WARN ThreadId(20) hotstuff_runner::app: Node 0 [produce_block] queue size: 0, attempting up to 0 transactions this block    
2026-08-10T05:55:19.535676Z  WARN ThreadId(20) hotstuff_runner::app: Node 0 view(7825) far exceeds block count (1956); potential sync issue    
2026-08-10T05:55:19.693892Z  WARN ThreadId(20) hotstuff_runner::app: Node 0 [produce_block] queue size: 2, attempting up to 2 transactions this block    
2026-08-10T05:55:19.696346Z  WARN ThreadId(20) hotstuff_runner::app: Node 0 view(7829) far exceeds block count (1957); potential sync issue    
2026-08-10T05:55:19.867051Z  WARN ThreadId(20) hotstuff_runner::app: Node 0 [produce_block] queue size: 2, attempting up to 2 transactions this block    
2026-08-10T05:55:19.868482Z  WARN ThreadId(20) hotstuff_runner::app: Node 0 view(7833) far exceeds block count (1958); potential sync issue    
2026-08-10T05:55:20.115510Z  WARN ThreadId(20) hotstuff_runner::app: Node 0 [produce_block] queue size: 2, attempting up to 2 transactions this block    
2026-08-10T05:55:20.116385Z  WARN ThreadId(20) hotstuff_runner::app: Node 0 view(7837) far exceeds block count (1959); potential sync issue    
2026-08-10T05:55:20.397144Z  WARN ThreadId(20) hotstuff_runner::app: Node 0 [produce_block] queue size: 2, attempting up to 2 transactions this block    
2026-08-10T05:55:20.403232Z  WARN ThreadId(20) hotstuff_runner::app: Node 0 view(7841) far exceeds block count (1960); potential sync issue    
2026-08-10T05:55:20.575979Z  WARN ThreadId(20) hotstuff_runner::app: Node 0 [produce_block] queue size: 2, attempting up to 2 transactions this block    
2026-08-10T05:55:20.578262Z  WARN ThreadId(20) hotstuff_runner::app: Node 0 view(7845) far exceeds block count (1961); potential sync issue    
2026-08-10T05:55:20.770282Z  WARN ThreadId(20) hotstuff_runner::app: Node 0 [produce_block] queue size: 2, attempting up to 2 transactions this block    
2026-08-10T05:55:20.771015Z  WARN ThreadId(20) hotstuff_runner::app: Node 0 view(7849) far exceeds block count (1962); potential sync issue    
2026-08-10T05:55:20.904669Z  WARN ThreadId(20) hotstuff_runner::app: Node 0 [produce_block] queue size: 2, attempting up to 2 transactions this block    
2026-08-10T05:55:20.904900Z  WARN ThreadId(20) hotstuff_runner::app: Node 0 view(7853) far exceeds block count (1963); potential sync issue    
2026-08-10T05:55:21.035958Z  WARN ThreadId(20) hotstuff_runner::app: Node 0 [produce_block] queue size: 0, attempting up to 0 transactions this block    
2026-08-10T05:55:21.042418Z  WARN ThreadId(20) hotstuff_runner::app: Node 0 view(7857) far exceeds block count (1964); potential sync issue    
2026-08-10T05:55:21.179223Z  WARN ThreadId(20) hotstuff_runner::app: Node 0 [produce_block] queue size: 2, attempting up to 2 transactions this block    
2026-08-10T05:55:21.179686Z  WARN ThreadId(20) hotstuff_runner::app: Node 0 view(7861) far exceeds block count (1965); potential sync issue    
2026-08-10T05:55:21.320372Z  WARN ThreadId(20) hotstuff_runner::app: Node 0 [produce_block] queue size: 2, attempting up to 2 transactions this block    
2026-08-10T05:55:21.320651Z  WARN ThreadId(20) hotstuff_runner::app: Node 0 view(7865) far exceeds block count (1966); potential sync issue    
2026-08-10T05:55:21.504913Z  WARN ThreadId(20) hotstuff_runner::app: Node 0 [produce_block] queue size: 2, attempting up to 2 transactions this block    
2026-08-10T05:55:21.505294Z  WARN ThreadId(20) hotstuff_runner::app: Node 0 view(7869) far exceeds block count (1967); potential sync issue    
2026-08-10T05:55:21.670320Z  WARN ThreadId(20) hotstuff_runner::app: Node 0 [produce_block] queue size: 2, attempting up to 2 transactions this block    
2026-08-10T05:55:21.670638Z  WARN ThreadId(20) hotstuff_runner::app: Node 0 view(7873) far exceeds block count (1968); potential sync issue    
2026-08-10T05:55:21.840735Z  WARN ThreadId(20) hotstuff_runner::app: Node 0 [produce_block] queue size: 0, attempting up to 0 transactions this block    
2026-08-10T05:55:21.844973Z  WARN ThreadId(20) hotstuff_runner::app: Node 0 view(7877) far exceeds block count (1969); potential sync issue    
2026-08-10T05:55:22.006261Z  WARN ThreadId(20) hotstuff_runner::app: Node 0 [produce_block] queue size: 2, attempting up to 2 transactions this block    
2026-08-10T05:55:22.006482Z  WARN ThreadId(20) hotstuff_runner::app: Node 0 view(7881) far exceeds block count (1970); potential sync issue    
2026-08-10T05:55:22.159716Z  WARN ThreadId(20) hotstuff_runner::app: Node 0 [produce_block] queue size: 2, attempting up to 2 transactions this block    
2026-08-10T05:55:22.163497Z  WARN ThreadId(20) hotstuff_runner::app: Node 0 view(7885) far exceeds block count (1971); potential sync issue    
2026-08-10T05:55:22.285217Z  WARN ThreadId(20) hotstuff_runner::app: Node 0 [produce_block] queue size: 2, attempting up to 2 transactions this block    
2026-08-10T05:55:22.286017Z  WARN ThreadId(20) hotstuff_runner::app: Node 0 view(7889) far exceeds block count (1972); potential sync issue    
2026-08-10T05:55:22.379544Z  WARN ThreadId(20) hotstuff_runner::app: Node 0 [produce_block] queue size: 0, attempting up to 0 transactions this block    
2026-08-10T05:55:22.380389Z  WARN ThreadId(20) hotstuff_runner::app: Node 0 view(7893) far exceeds block count (1973); potential sync issue    
2026-08-10T05:55:22.569332Z  WARN ThreadId(20) hotstuff_runner::app: Node 0 [produce_block] queue size: 2, attempting up to 2 transactions this block    
2026-08-10T05:55:22.569858Z  WARN ThreadId(20) hotstuff_runner::app: Node 0 view(7897) far exceeds block count (1974); potential sync issue    
2026-08-10T05:55:22.853517Z  WARN ThreadId(20) hotstuff_runner::app: Node 0 [produce_block] queue size: 2, attempting up to 2 transactions this block    
2026-08-10T05:55:22.857455Z  WARN ThreadId(20) hotstuff_runner::app: Node 0 view(7901) far exceeds block count (1975); potential sync issue    
2026-08-10T05:55:23.126665Z  WARN ThreadId(20) hotstuff_runner::app: Node 0 [produce_block] queue size: 4, attempting up to 4 transactions this block    
2026-08-10T05:55:23.126857Z  WARN ThreadId(20) hotstuff_runner::app: Node 0 view(7905) far exceeds block count (1976); potential sync issue    
2026-08-10T05:55:23.356257Z  WARN ThreadId(20) hotstuff_runner::app: Node 0 [produce_block] queue size: 2, attempting up to 2 transactions this block    
2026-08-10T05:55:23.360285Z  WARN ThreadId(20) hotstuff_runner::app: Node 0 view(7909) far exceeds block count (1977); potential sync issue    
2026-08-10T05:55:23.492074Z  WARN ThreadId(20) hotstuff_runner::app: Node 0 [produce_block] queue size: 2, attempting up to 2 transactions this block    
2026-08-10T05:55:23.493362Z  WARN ThreadId(20) hotstuff_runner::app: Node 0 view(7913) far exceeds block count (1978); potential sync issue    
2026-08-10T05:55:23.655880Z  WARN ThreadId(20) hotstuff_runner::app: Node 0 [produce_block] queue size: 0, attempting up to 0 transactions this block    
2026-08-10T05:55:23.656358Z  WARN ThreadId(20) hotstuff_runner::app: Node 0 view(7917) far exceeds block count (1979); potential sync issue    
2026-08-10T05:55:23.809069Z  WARN ThreadId(20) hotstuff_runner::app: Node 0 [produce_block] queue size: 2, attempting up to 2 transactions this block    
2026-08-10T05:55:23.809292Z  WARN ThreadId(20) hotstuff_runner::app: Node 0 view(7921) far exceeds block count (1980); potential sync issue    
2026-08-10T05:55:23.852234Z  WARN ThreadId(06) docker_node: Low processing efficiency: 0.0% - system may need tuning
2026-08-10T05:55:24.009634Z  WARN ThreadId(20) hotstuff_runner::app: Node 0 [produce_block] queue size: 2, attempting up to 2 transactions this block    
2026-08-10T05:55:24.010175Z  WARN ThreadId(20) hotstuff_runner::app: Node 0 view(7925) far exceeds block count (1981); potential sync issue    
2026-08-10T05:55:24.168312Z  WARN ThreadId(20) hotstuff_runner::app: Node 0 [produce_block] queue size: 2, attempting up to 2 transactions this block    
2026-08-10T05:55:24.170393Z  WARN ThreadId(20) hotstuff_runner::app: Node 0 view(7929) far exceeds block count (1982); potential sync issue    
2026-08-10T05:55:24.284018Z  WARN ThreadId(20) hotstuff_runner::app: Node 0 [produce_block] queue size: 2, attempting up to 2 transactions this block    
2026-08-10T05:55:24.284156Z  WARN ThreadId(20) hotstuff_runner::app: Node 0 view(7933) far exceeds block count (1983); potential sync issue    
2026-08-10T05:55:24.393332Z  WARN ThreadId(20) hotstuff_runner::app: Node 0 [produce_block] queue size: 0, attempting up to 0 transactions this block    
2026-08-10T05:55:24.393643Z  WARN ThreadId(20) hotstuff_runner::app: Node 0 view(7937) far exceeds block count (1984); potential sync issue    
2026-08-10T05:55:24.533232Z  WARN ThreadId(20) hotstuff_runner::app: Node 0 [produce_block] queue size: 2, attempting up to 2 transactions this block    
2026-08-10T05:55:24.533952Z  WARN ThreadId(20) hotstuff_runner::app: Node 0 view(7941) far exceeds block count (1985); potential sync issue    
2026-08-10T05:55:24.721627Z  WARN ThreadId(20) hotstuff_runner::app: Node 0 [produce_block] queue size: 2, attempting up to 2 transactions this block    
2026-08-10T05:55:24.721804Z  WARN ThreadId(20) hotstuff_runner::app: Node 0 view(7945) far exceeds block count (1986); potential sync issue    
2026-08-10T05:55:24.977618Z  WARN ThreadId(20) hotstuff_runner::app: Node 0 [produce_block] queue size: 2, attempting up to 2 transactions this block    
2026-08-10T05:55:24.982037Z  WARN ThreadId(20) hotstuff_runner::app: Node 0 view(7949) far exceeds block count (1987); potential sync issue    
2026-08-10T05:55:25.125091Z  WARN ThreadId(20) hotstuff_runner::app: Node 0 [produce_block] queue size: 2, attempting up to 2 transactions this block    
2026-08-10T05:55:25.127487Z  WARN ThreadId(20) hotstuff_runner::app: Node 0 view(7953) far exceeds block count (1988); potential sync issue    
2026-08-10T05:55:25.286318Z  WARN ThreadId(20) hotstuff_runner::app: Node 0 [produce_block] queue size: 2, attempting up to 2 transactions this block    
2026-08-10T05:55:25.290131Z  WARN ThreadId(20) hotstuff_runner::app: Node 0 view(7957) far exceeds block count (1989); potential sync issue    
2026-08-10T05:55:25.424181Z  WARN ThreadId(20) hotstuff_runner::app: Node 0 [produce_block] queue size: 0, attempting up to 0 transactions this block    
2026-08-10T05:55:25.424390Z  WARN ThreadId(20) hotstuff_runner::app: Node 0 view(7961) far exceeds block count (1990); potential sync issue    
2026-08-10T05:55:25.656408Z  WARN ThreadId(20) hotstuff_runner::app: Node 0 [produce_block] queue size: 2, attempting up to 2 transactions this block    
2026-08-10T05:55:25.659321Z  WARN ThreadId(20) hotstuff_runner::app: Node 0 view(7965) far exceeds block count (1991); potential sync issue    
2026-08-10T05:55:25.776117Z  WARN ThreadId(20) hotstuff_runner::app: Node 0 [produce_block] queue size: 2, attempting up to 2 transactions this block    
2026-08-10T05:55:25.776288Z  WARN ThreadId(20) hotstuff_runner::app: Node 0 view(7969) far exceeds block count (1992); potential sync issue    
2026-08-10T05:55:25.898251Z  WARN ThreadId(20) hotstuff_runner::app: Node 0 [produce_block] queue size: 2, attempting up to 2 transactions this block    
2026-08-10T05:55:25.910118Z  WARN ThreadId(20) hotstuff_runner::app: Node 0 view(7973) far exceeds block count (1993); potential sync issue    
2026-08-10T05:55:26.061499Z  WARN ThreadId(20) hotstuff_runner::app: Node 0 [produce_block] queue size: 2, attempting up to 2 transactions this block    
2026-08-10T05:55:26.061687Z  WARN ThreadId(20) hotstuff_runner::app: Node 0 view(7977) far exceeds block count (1994); potential sync issue    
2026-08-10T05:55:26.277237Z  WARN ThreadId(20) hotstuff_runner::app: Node 0 [produce_block] queue size: 2, attempting up to 2 transactions this block    
2026-08-10T05:55:26.282323Z  WARN ThreadId(20) hotstuff_runner::app: Node 0 view(7981) far exceeds block count (1995); potential sync issue    
2026-08-10T05:55:26.410710Z  WARN ThreadId(20) hotstuff_runner::app: Node 0 [produce_block] queue size: 0, attempting up to 0 transactions this block    
2026-08-10T05:55:26.410985Z  WARN ThreadId(20) hotstuff_runner::app: Node 0 view(7985) far exceeds block count (1996); potential sync issue    
2026-08-10T05:55:26.564578Z  WARN ThreadId(20) hotstuff_runner::app: Node 0 [produce_block] queue size: 2, attempting up to 2 transactions this block    
2026-08-10T05:55:26.568036Z  WARN ThreadId(20) hotstuff_runner::app: Node 0 view(7989) far exceeds block count (1997); potential sync issue    
2026-08-10T05:55:27.105287Z  WARN ThreadId(21) hotstuff_runner::tcp_node: Node 0 view 7991 timed out; latency may accumulate
2026-08-10T05:55:27.135643Z  WARN ThreadId(20) hotstuff_runner::app: Node 0 [produce_block] queue size: 6, attempting up to 6 transactions this block    
2026-08-10T05:55:27.137825Z  WARN ThreadId(20) hotstuff_runner::app: Node 0 view(7993) far exceeds block count (1998); potential sync issue    
2026-08-10T05:55:27.285305Z  WARN ThreadId(20) hotstuff_runner::app: Node 0 [produce_block] queue size: 2, attempting up to 2 transactions this block    
2026-08-10T05:55:27.286247Z  WARN ThreadId(20) hotstuff_runner::app: Node 0 view(7997) far exceeds block count (1999); potential sync issue    
2026-08-10T05:55:27.444433Z  WARN ThreadId(20) hotstuff_runner::app: Node 0 [produce_block] queue size: 0, attempting up to 0 transactions this block    
2026-08-10T05:55:27.444927Z  WARN ThreadId(20) hotstuff_runner::app: Node 0 view(8001) far exceeds block count (2000); potential sync issue    
2026-08-10T05:55:27.604005Z  WARN ThreadId(20) hotstuff_runner::app: Node 0 [produce_block] queue size: 2, attempting up to 2 transactions this block    
2026-08-10T05:55:27.604284Z  WARN ThreadId(20) hotstuff_runner::app: Node 0 view(8005) far exceeds block count (2001); potential sync issue    
2026-08-10T05:55:27.771504Z  WARN ThreadId(20) hotstuff_runner::app: Node 0 [produce_block] queue size: 2, attempting up to 2 transactions this block    
2026-08-10T05:55:27.772604Z  WARN ThreadId(20) hotstuff_runner::app: Node 0 view(8009) far exceeds block count (2002); potential sync issue    
2026-08-10T05:55:28.023317Z  WARN ThreadId(20) hotstuff_runner::app: Node 0 [produce_block] queue size: 2, attempting up to 2 transactions this block    
2026-08-10T05:55:28.032928Z  WARN ThreadId(20) hotstuff_runner::app: Node 0 view(8013) far exceeds block count (2003); potential sync issue    
2026-08-10T05:55:28.126774Z  WARN ThreadId(20) hotstuff_runner::app: Node 0 [produce_block] queue size: 2, attempting up to 2 transactions this block    
2026-08-10T05:55:28.128077Z  WARN ThreadId(20) hotstuff_runner::app: Node 0 view(8017) far exceeds block count (2004); potential sync issue    
2026-08-10T05:55:28.224996Z  WARN ThreadId(20) hotstuff_runner::app: Node 0 [produce_block] queue size: 0, attempting up to 0 transactions this block    
2026-08-10T05:55:28.225637Z  WARN ThreadId(20) hotstuff_runner::app: Node 0 view(8021) far exceeds block count (2005); potential sync issue    
2026-08-10T05:55:28.389336Z  WARN ThreadId(20) hotstuff_runner::app: Node 0 [produce_block] queue size: 2, attempting up to 2 transactions this block    
2026-08-10T05:55:28.390632Z  WARN ThreadId(20) hotstuff_runner::app: Node 0 view(8025) far exceeds block count (2006); potential sync issue    
2026-08-10T05:55:28.528666Z  WARN ThreadId(20) hotstuff_runner::app: Node 0 [produce_block] queue size: 2, attempting up to 2 transactions this block    
2026-08-10T05:55:28.529767Z  WARN ThreadId(20) hotstuff_runner::app: Node 0 view(8029) far exceeds block count (2007); potential sync issue    
2026-08-10T05:55:28.696529Z  WARN ThreadId(20) hotstuff_runner::app: Node 0 [produce_block] queue size: 2, attempting up to 2 transactions this block    
2026-08-10T05:55:28.696812Z  WARN ThreadId(20) hotstuff_runner::app: Node 0 view(8033) far exceeds block count (2008); potential sync issue    
2026-08-10T05:55:28.802207Z  WARN ThreadId(20) hotstuff_runner::app: Node 0 [produce_block] queue size: 0, attempting up to 0 transactions this block    
2026-08-10T05:55:28.802497Z  WARN ThreadId(20) hotstuff_runner::app: Node 0 view(8037) far exceeds block count (2009); potential sync issue    
2026-08-10T05:55:28.853232Z  WARN ThreadId(06) docker_node: Low processing efficiency: 0.0% - system may need tuning
2026-08-10T05:55:29.001633Z  WARN ThreadId(20) hotstuff_runner::app: Node 0 [produce_block] queue size: 2, attempting up to 2 transactions this block    
2026-08-10T05:55:29.001815Z  WARN ThreadId(20) hotstuff_runner::app: Node 0 view(8041) far exceeds block count (2010); potential sync issue    
2026-08-10T05:55:29.141564Z  WARN ThreadId(20) hotstuff_runner::app: Node 0 [produce_block] queue size: 0, attempting up to 0 transactions this block    
2026-08-10T05:55:29.141927Z  WARN ThreadId(20) hotstuff_runner::app: Node 0 view(8045) far exceeds block count (2011); potential sync issue    
2026-08-10T05:55:29.281490Z  WARN ThreadId(20) hotstuff_runner::app: Node 0 [produce_block] queue size: 2, attempting up to 2 transactions this block    
2026-08-10T05:55:29.282025Z  WARN ThreadId(20) hotstuff_runner::app: Node 0 view(8049) far exceeds block count (2012); potential sync issue    
2026-08-10T05:55:29.378219Z  WARN ThreadId(20) hotstuff_runner::app: Node 0 [produce_block] queue size: 0, attempting up to 0 transactions this block    
2026-08-10T05:55:29.378565Z  WARN ThreadId(20) hotstuff_runner::app: Node 0 view(8053) far exceeds block count (2013); potential sync issue    
2026-08-10T05:55:29.519570Z  WARN ThreadId(20) hotstuff_runner::app: Node 0 [produce_block] queue size: 2, attempting up to 2 transactions this block    
2026-08-10T05:55:29.520679Z  WARN ThreadId(20) hotstuff_runner::app: Node 0 view(8057) far exceeds block count (2014); potential sync issue    
2026-08-10T05:55:29.681357Z  WARN ThreadId(20) hotstuff_runner::app: Node 0 [produce_block] queue size: 2, attempting up to 2 transactions this block    
2026-08-10T05:55:29.682892Z  WARN ThreadId(20) hotstuff_runner::app: Node 0 view(8061) far exceeds block count (2015); potential sync issue    
2026-08-10T05:55:29.919107Z  WARN ThreadId(20) hotstuff_runner::app: Node 0 [produce_block] queue size: 2, attempting up to 2 transactions this block    
2026-08-10T05:55:29.919628Z  WARN ThreadId(20) hotstuff_runner::app: Node 0 view(8065) far exceeds block count (2016); potential sync issue    
2026-08-10T05:55:30.063310Z  WARN ThreadId(20) hotstuff_runner::app: Node 0 [produce_block] queue size: 2, attempting up to 2 transactions this block    
2026-08-10T05:55:30.069785Z  WARN ThreadId(20) hotstuff_runner::app: Node 0 view(8069) far exceeds block count (2017); potential sync issue    
2026-08-10T05:55:30.288021Z  WARN ThreadId(20) hotstuff_runner::app: Node 0 [produce_block] queue size: 2, attempting up to 2 transactions this block    
2026-08-10T05:55:30.290237Z  WARN ThreadId(20) hotstuff_runner::app: Node 0 view(8073) far exceeds block count (2018); potential sync issue    
2026-08-10T05:55:30.490783Z  WARN ThreadId(20) hotstuff_runner::app: Node 0 [produce_block] queue size: 2, attempting up to 2 transactions this block    
2026-08-10T05:55:30.495376Z  WARN ThreadId(20) hotstuff_runner::app: Node 0 view(8077) far exceeds block count (2019); potential sync issue    
2026-08-10T05:55:30.828343Z  WARN ThreadId(20) hotstuff_runner::app: Node 0 [produce_block] queue size: 4, attempting up to 4 transactions this block    
2026-08-10T05:55:30.829243Z  WARN ThreadId(20) hotstuff_runner::app: Node 0 view(8081) far exceeds block count (2020); potential sync issue    
2026-08-10T05:55:30.980201Z  WARN ThreadId(20) hotstuff_runner::app: Node 0 [produce_block] queue size: 2, attempting up to 2 transactions this block    
2026-08-10T05:55:30.984230Z  WARN ThreadId(20) hotstuff_runner::app: Node 0 view(8085) far exceeds block count (2021); potential sync issue    
2026-08-10T05:55:31.261408Z  WARN ThreadId(20) hotstuff_runner::app: Node 0 [produce_block] queue size: 2, attempting up to 2 transactions this block    
2026-08-10T05:55:31.261639Z  WARN ThreadId(20) hotstuff_runner::app: Node 0 view(8089) far exceeds block count (2022); potential sync issue    
2026-08-10T05:55:31.559834Z  WARN ThreadId(20) hotstuff_runner::app: Node 0 [produce_block] queue size: 4, attempting up to 4 transactions this block    
2026-08-10T05:55:31.563244Z  WARN ThreadId(20) hotstuff_runner::app: Node 0 view(8093) far exceeds block count (2023); potential sync issue    
2026-08-10T05:55:31.737518Z  WARN ThreadId(20) hotstuff_runner::app: Node 0 [produce_block] queue size: 2, attempting up to 2 transactions this block    
2026-08-10T05:55:31.747036Z  WARN ThreadId(20) hotstuff_runner::app: Node 0 view(8097) far exceeds block count (2024); potential sync issue    
2026-08-10T05:55:31.932915Z  WARN ThreadId(20) hotstuff_runner::app: Node 0 [produce_block] queue size: 2, attempting up to 2 transactions this block    
2026-08-10T05:55:31.936666Z  WARN ThreadId(20) hotstuff_runner::app: Node 0 view(8101) far exceeds block count (2025); potential sync issue    
2026-08-10T05:55:32.090210Z  WARN ThreadId(20) hotstuff_runner::app: Node 0 [produce_block] queue size: 2, attempting up to 2 transactions this block    
2026-08-10T05:55:32.095232Z  WARN ThreadId(20) hotstuff_runner::app: Node 0 view(8105) far exceeds block count (2026); potential sync issue    
2026-08-10T05:55:32.305652Z  WARN ThreadId(20) hotstuff_runner::app: Node 0 [produce_block] queue size: 2, attempting up to 2 transactions this block    
2026-08-10T05:55:32.306847Z  WARN ThreadId(20) hotstuff_runner::app: Node 0 view(8109) far exceeds block count (2027); potential sync issue    
2026-08-10T05:55:32.424242Z  WARN ThreadId(20) hotstuff_runner::app: Node 0 [produce_block] queue size: 0, attempting up to 0 transactions this block    
2026-08-10T05:55:32.424818Z  WARN ThreadId(20) hotstuff_runner::app: Node 0 view(8113) far exceeds block count (2028); potential sync issue    
2026-08-10T05:55:32.629414Z  WARN ThreadId(20) hotstuff_runner::app: Node 0 [produce_block] queue size: 0, attempting up to 0 transactions this block    
2026-08-10T05:55:32.630062Z  WARN ThreadId(20) hotstuff_runner::app: Node 0 view(8117) far exceeds block count (2029); potential sync issue    
2026-08-10T05:55:32.877227Z  WARN ThreadId(20) hotstuff_runner::app: Node 0 [produce_block] queue size: 0, attempting up to 0 transactions this block    
2026-08-10T05:55:32.877472Z  WARN ThreadId(20) hotstuff_runner::app: Node 0 view(8121) far exceeds block count (2030); potential sync issue    
2026-08-10T05:55:32.968603Z  WARN ThreadId(20) hotstuff_runner::app: Node 0 [produce_block] queue size: 0, attempting up to 0 transactions this block    
2026-08-10T05:55:32.971064Z  WARN ThreadId(20) hotstuff_runner::app: Node 0 view(8125) far exceeds block count (2031); potential sync issue    
2026-08-10T05:55:33.078220Z  WARN ThreadId(20) hotstuff_runner::app: Node 0 [produce_block] queue size: 0, attempting up to 0 transactions this block    
2026-08-10T05:55:33.078355Z  WARN ThreadId(20) hotstuff_runner::app: Node 0 view(8129) far exceeds block count (2032); potential sync issue    
2026-08-10T05:55:33.206913Z  WARN ThreadId(20) hotstuff_runner::app: Node 0 [produce_block] queue size: 0, attempting up to 0 transactions this block    
2026-08-10T05:55:33.212338Z  WARN ThreadId(20) hotstuff_runner::app: Node 0 view(8133) far exceeds block count (2033); potential sync issue    
2026-08-10T05:55:33.379963Z  WARN ThreadId(20) hotstuff_runner::app: Node 0 [produce_block] queue size: 0, attempting up to 0 transactions this block    
2026-08-10T05:55:33.384345Z  WARN ThreadId(20) hotstuff_runner::app: Node 0 view(8137) far exceeds block count (2034); potential sync issue    
2026-08-10T05:55:33.606819Z  WARN ThreadId(20) hotstuff_runner::app: Node 0 [produce_block] queue size: 0, attempting up to 0 transactions this block    
2026-08-10T05:55:33.606900Z  WARN ThreadId(20) hotstuff_runner::app: Node 0 view(8141) far exceeds block count (2035); potential sync issue    
2026-08-10T05:55:33.779386Z  WARN ThreadId(20) hotstuff_runner::app: Node 0 [produce_block] queue size: 0, attempting up to 0 transactions this block    
2026-08-10T05:55:33.779950Z  WARN ThreadId(20) hotstuff_runner::app: Node 0 view(8145) far exceeds block count (2036); potential sync issue    
2026-08-10T05:55:33.856264Z  WARN ThreadId(06) docker_node: Low processing efficiency: 0.0% - system may need tuning
2026-08-10T05:55:34.020918Z  WARN ThreadId(20) hotstuff_runner::app: Node 0 [produce_block] queue size: 0, attempting up to 0 transactions this block    
2026-08-10T05:55:34.025792Z  WARN ThreadId(20) hotstuff_runner::app: Node 0 view(8149) far exceeds block count (2037); potential sync issue    
2026-08-10T05:55:34.196350Z  WARN ThreadId(20) hotstuff_runner::app: Node 0 [produce_block] queue size: 0, attempting up to 0 transactions this block    
2026-08-10T05:55:34.197734Z  WARN ThreadId(20) hotstuff_runner::app: Node 0 view(8153) far exceeds block count (2038); potential sync issue    
2026-08-10T05:55:34.585695Z  WARN ThreadId(20) hotstuff_runner::app: Node 0 [produce_block] queue size: 0, attempting up to 0 transactions this block    
2026-08-10T05:55:34.586739Z  WARN ThreadId(20) hotstuff_runner::app: Node 0 view(8157) far exceeds block count (2039); potential sync issue    
2026-08-10T05:55:34.928170Z  WARN ThreadId(20) hotstuff_runner::app: Node 0 [produce_block] queue size: 0, attempting up to 0 transactions this block    
2026-08-10T05:55:34.931356Z  WARN ThreadId(20) hotstuff_runner::app: Node 0 view(8161) far exceeds block count (2040); potential sync issue    
2026-08-10T05:55:35.105442Z  WARN ThreadId(20) hotstuff_runner::app: Node 0 [produce_block] queue size: 0, attempting up to 0 transactions this block    
2026-08-10T05:55:35.105695Z  WARN ThreadId(20) hotstuff_runner::app: Node 0 view(8165) far exceeds block count (2041); potential sync issue    
2026-08-10T05:55:35.249365Z  WARN ThreadId(20) hotstuff_runner::app: Node 0 [produce_block] queue size: 0, attempting up to 0 transactions this block    
2026-08-10T05:55:35.254795Z  WARN ThreadId(20) hotstuff_runner::app: Node 0 view(8169) far exceeds block count (2042); potential sync issue    
2026-08-10T05:55:35.325369Z  WARN ThreadId(20) hotstuff_runner::app: Node 0 [produce_block] queue size: 0, attempting up to 0 transactions this block    
2026-08-10T05:55:35.325556Z  WARN ThreadId(20) hotstuff_runner::app: Node 0 view(8173) far exceeds block count (2043); potential sync issue    
2026-08-10T05:55:35.455843Z  WARN ThreadId(20) hotstuff_runner::app: Node 0 [produce_block] queue size: 0, attempting up to 0 transactions this block    
2026-08-10T05:55:35.456052Z  WARN ThreadId(20) hotstuff_runner::app: Node 0 view(8177) far exceeds block count (2044); potential sync issue    
2026-08-10T05:55:35.557047Z  WARN ThreadId(20) hotstuff_runner::app: Node 0 [produce_block] queue size: 0, attempting up to 0 transactions this block    
2026-08-10T05:55:35.557938Z  WARN ThreadId(20) hotstuff_runner::app: Node 0 view(8181) far exceeds block count (2045); potential sync issue    
2026-08-10T05:55:35.639892Z  WARN ThreadId(20) hotstuff_runner::app: Node 0 [produce_block] queue size: 0, attempting up to 0 transactions this block    
2026-08-10T05:55:35.640040Z  WARN ThreadId(20) hotstuff_runner::app: Node 0 view(8185) far exceeds block count (2046); potential sync issue    
2026-08-10T05:55:35.769071Z  WARN ThreadId(20) hotstuff_runner::app: Node 0 [produce_block] queue size: 0, attempting up to 0 transactions this block    
2026-08-10T05:55:35.770053Z  WARN ThreadId(20) hotstuff_runner::app: Node 0 view(8189) far exceeds block count (2047); potential sync issue    
2026-08-10T05:55:35.949088Z  WARN ThreadId(20) hotstuff_runner::app: Node 0 [produce_block] queue size: 0, attempting up to 0 transactions this block    
2026-08-10T05:55:35.967847Z  WARN ThreadId(20) hotstuff_runner::app: Node 0 view(8193) far exceeds block count (2048); potential sync issue    
2026-08-10T05:55:36.156289Z  WARN ThreadId(20) hotstuff_runner::app: Node 0 [produce_block] queue size: 0, attempting up to 0 transactions this block    
2026-08-10T05:55:36.161924Z  WARN ThreadId(20) hotstuff_runner::app: Node 0 view(8197) far exceeds block count (2049); potential sync issue    
2026-08-10T05:55:36.269120Z  WARN ThreadId(20) hotstuff_runner::app: Node 0 [produce_block] queue size: 0, attempting up to 0 transactions this block    
2026-08-10T05:55:36.271499Z  WARN ThreadId(20) hotstuff_runner::app: Node 0 view(8201) far exceeds block count (2050); potential sync issue    
2026-08-10T05:55:36.358908Z  WARN ThreadId(20) hotstuff_runner::app: Node 0 [produce_block] queue size: 0, attempting up to 0 transactions this block    
2026-08-10T05:55:36.359318Z  WARN ThreadId(20) hotstuff_runner::app: Node 0 view(8205) far exceeds block count (2051); potential sync issue    
2026-08-10T05:55:36.553897Z  WARN ThreadId(20) hotstuff_runner::app: Node 0 [produce_block] queue size: 0, attempting up to 0 transactions this block    
2026-08-10T05:55:36.554085Z  WARN ThreadId(20) hotstuff_runner::app: Node 0 view(8209) far exceeds block count (2052); potential sync issue    
2026-08-10T05:55:36.674002Z  WARN ThreadId(20) hotstuff_runner::app: Node 0 [produce_block] queue size: 0, attempting up to 0 transactions this block    
2026-08-10T05:55:36.678914Z  WARN ThreadId(20) hotstuff_runner::app: Node 0 view(8213) far exceeds block count (2053); potential sync issue    
2026-08-10T05:55:36.779623Z  WARN ThreadId(20) hotstuff_runner::app: Node 0 [produce_block] queue size: 0, attempting up to 0 transactions this block    
2026-08-10T05:55:36.779746Z  WARN ThreadId(20) hotstuff_runner::app: Node 0 view(8217) far exceeds block count (2054); potential sync issue    
2026-08-10T05:55:36.956072Z  WARN ThreadId(20) hotstuff_runner::app: Node 0 [produce_block] queue size: 0, attempting up to 0 transactions this block    
2026-08-10T05:55:36.960340Z  WARN ThreadId(20) hotstuff_runner::app: Node 0 view(8221) far exceeds block count (2055); potential sync issue    
2026-08-10T05:55:37.071182Z  WARN ThreadId(20) hotstuff_runner::app: Node 0 [produce_block] queue size: 0, attempting up to 0 transactions this block    
2026-08-10T05:55:37.071412Z  WARN ThreadId(20) hotstuff_runner::app: Node 0 view(8225) far exceeds block count (2056); potential sync issue    
2026-08-10T05:55:37.220645Z  WARN ThreadId(20) hotstuff_runner::app: Node 0 [produce_block] queue size: 0, attempting up to 0 transactions this block    
2026-08-10T05:55:37.224281Z  WARN ThreadId(20) hotstuff_runner::app: Node 0 view(8229) far exceeds block count (2057); potential sync issue    
2026-08-10T05:55:37.428482Z  WARN ThreadId(20) hotstuff_runner::app: Node 0 [produce_block] queue size: 0, attempting up to 0 transactions this block    
2026-08-10T05:55:37.428625Z  WARN ThreadId(20) hotstuff_runner::app: Node 0 view(8233) far exceeds block count (2058); potential sync issue    
2026-08-10T05:55:37.673555Z  WARN ThreadId(20) hotstuff_runner::app: Node 0 [produce_block] queue size: 0, attempting up to 0 transactions this block    
2026-08-10T05:55:37.673785Z  WARN ThreadId(20) hotstuff_runner::app: Node 0 view(8237) far exceeds block count (2059); potential sync issue    
2026-08-10T05:55:37.829049Z  WARN ThreadId(20) hotstuff_runner::app: Node 0 [produce_block] queue size: 0, attempting up to 0 transactions this block    
2026-08-10T05:55:37.832907Z  WARN ThreadId(20) hotstuff_runner::app: Node 0 view(8241) far exceeds block count (2060); potential sync issue    
2026-08-10T05:55:37.999050Z  WARN ThreadId(20) hotstuff_runner::app: Node 0 [produce_block] queue size: 0, attempting up to 0 transactions this block    
2026-08-10T05:55:37.999279Z  WARN ThreadId(20) hotstuff_runner::app: Node 0 view(8245) far exceeds block count (2061); potential sync issue    
2026-08-10T05:55:38.192637Z  WARN ThreadId(20) hotstuff_runner::app: Node 0 [produce_block] queue size: 0, attempting up to 0 transactions this block    
2026-08-10T05:55:38.193081Z  WARN ThreadId(20) hotstuff_runner::app: Node 0 view(8249) far exceeds block count (2062); potential sync issue    
2026-08-10T05:55:38.347555Z  WARN ThreadId(20) hotstuff_runner::app: Node 0 [produce_block] queue size: 0, attempting up to 0 transactions this block    
2026-08-10T05:55:38.349074Z  WARN ThreadId(20) hotstuff_runner::app: Node 0 view(8253) far exceeds block count (2063); potential sync issue    
2026-08-10T05:55:38.462323Z  WARN ThreadId(20) hotstuff_runner::app: Node 0 [produce_block] queue size: 0, attempting up to 0 transactions this block    
2026-08-10T05:55:38.462451Z  WARN ThreadId(20) hotstuff_runner::app: Node 0 view(8257) far exceeds block count (2064); potential sync issue    
2026-08-10T05:55:38.589219Z  WARN ThreadId(20) hotstuff_runner::app: Node 0 [produce_block] queue size: 0, attempting up to 0 transactions this block    
2026-08-10T05:55:38.589419Z  WARN ThreadId(20) hotstuff_runner::app: Node 0 view(8261) far exceeds block count (2065); potential sync issue    
2026-08-10T05:55:38.853498Z  WARN ThreadId(07) docker_node: Low processing efficiency: 0.0% - system may need tuning
2026-08-10T05:55:38.892378Z  WARN ThreadId(20) hotstuff_runner::app: Node 0 [produce_block] queue size: 0, attempting up to 0 transactions this block    
2026-08-10T05:55:38.908894Z  WARN ThreadId(20) hotstuff_runner::app: Node 0 view(8265) far exceeds block count (2066); potential sync issue    
2026-08-10T05:55:39.063650Z  WARN ThreadId(20) hotstuff_runner::app: Node 0 [produce_block] queue size: 0, attempting up to 0 transactions this block    
2026-08-10T05:55:39.068376Z  WARN ThreadId(20) hotstuff_runner::app: Node 0 view(8269) far exceeds block count (2067); potential sync issue    
2026-08-10T05:55:39.180256Z  WARN ThreadId(20) hotstuff_runner::app: Node 0 [produce_block] queue size: 0, attempting up to 0 transactions this block    
2026-08-10T05:55:39.183369Z  WARN ThreadId(20) hotstuff_runner::app: Node 0 view(8273) far exceeds block count (2068); potential sync issue    
2026-08-10T05:55:39.345664Z  WARN ThreadId(20) hotstuff_runner::app: Node 0 [produce_block] queue size: 0, attempting up to 0 transactions this block    
2026-08-10T05:55:39.349374Z  WARN ThreadId(20) hotstuff_runner::app: Node 0 view(8277) far exceeds block count (2069); potential sync issue    
2026-08-10T05:55:39.537517Z  WARN ThreadId(20) hotstuff_runner::app: Node 0 [produce_block] queue size: 0, attempting up to 0 transactions this block    
2026-08-10T05:55:39.543398Z  WARN ThreadId(20) hotstuff_runner::app: Node 0 view(8281) far exceeds block count (2070); potential sync issue    
2026-08-10T05:55:39.729887Z  WARN ThreadId(20) hotstuff_runner::app: Node 0 [produce_block] queue size: 0, attempting up to 0 transactions this block    
2026-08-10T05:55:39.735438Z  WARN ThreadId(20) hotstuff_runner::app: Node 0 view(8285) far exceeds block count (2071); potential sync issue    
2026-08-10T05:55:39.890226Z  WARN ThreadId(20) hotstuff_runner::app: Node 0 [produce_block] queue size: 0, attempting up to 0 transactions this block    
2026-08-10T05:55:39.890634Z  WARN ThreadId(20) hotstuff_runner::app: Node 0 view(8289) far exceeds block count (2072); potential sync issue    
2026-08-10T05:55:40.059445Z  WARN ThreadId(20) hotstuff_runner::app: Node 0 [produce_block] queue size: 0, attempting up to 0 transactions this block    
2026-08-10T05:55:40.060254Z  WARN ThreadId(20) hotstuff_runner::app: Node 0 view(8293) far exceeds block count (2073); potential sync issue    
2026-08-10T05:55:40.182325Z  WARN ThreadId(20) hotstuff_runner::app: Node 0 [produce_block] queue size: 0, attempting up to 0 transactions this block    
2026-08-10T05:55:40.183276Z  WARN ThreadId(20) hotstuff_runner::app: Node 0 view(8297) far exceeds block count (2074); potential sync issue    
2026-08-10T05:55:40.335106Z  WARN ThreadId(20) hotstuff_runner::app: Node 0 [produce_block] queue size: 0, attempting up to 0 transactions this block    
2026-08-10T05:55:40.336079Z  WARN ThreadId(20) hotstuff_runner::app: Node 0 view(8301) far exceeds block count (2075); potential sync issue    
2026-08-10T05:55:40.431528Z  WARN ThreadId(20) hotstuff_runner::app: Node 0 [produce_block] queue size: 0, attempting up to 0 transactions this block    
2026-08-10T05:55:40.451338Z  WARN ThreadId(20) hotstuff_runner::app: Node 0 view(8305) far exceeds block count (2076); potential sync issue    
2026-08-10T05:55:40.641642Z  WARN ThreadId(20) hotstuff_runner::app: Node 0 [produce_block] queue size: 0, attempting up to 0 transactions this block    
2026-08-10T05:55:40.642659Z  WARN ThreadId(20) hotstuff_runner::app: Node 0 view(8309) far exceeds block count (2077); potential sync issue    
2026-08-10T05:55:40.836323Z  WARN ThreadId(20) hotstuff_runner::app: Node 0 [produce_block] queue size: 0, attempting up to 0 transactions this block    
2026-08-10T05:55:40.836722Z  WARN ThreadId(20) hotstuff_runner::app: Node 0 view(8313) far exceeds block count (2078); potential sync issue    
2026-08-10T05:55:41.030573Z  WARN ThreadId(20) hotstuff_runner::app: Node 0 [produce_block] queue size: 0, attempting up to 0 transactions this block    
2026-08-10T05:55:41.035165Z  WARN ThreadId(20) hotstuff_runner::app: Node 0 view(8317) far exceeds block count (2079); potential sync issue    
2026-08-10T05:55:41.214034Z  WARN ThreadId(20) hotstuff_runner::app: Node 0 [produce_block] queue size: 0, attempting up to 0 transactions this block    
2026-08-10T05:55:41.222337Z  WARN ThreadId(20) hotstuff_runner::app: Node 0 view(8321) far exceeds block count (2080); potential sync issue    
2026-08-10T05:55:41.467161Z  WARN ThreadId(20) hotstuff_runner::app: Node 0 [produce_block] queue size: 0, attempting up to 0 transactions this block    
2026-08-10T05:55:41.469380Z  WARN ThreadId(20) hotstuff_runner::app: Node 0 view(8325) far exceeds block count (2081); potential sync issue    
2026-08-10T05:55:41.631034Z  WARN ThreadId(20) hotstuff_runner::app: Node 0 [produce_block] queue size: 0, attempting up to 0 transactions this block    
2026-08-10T05:55:41.638013Z  WARN ThreadId(20) hotstuff_runner::app: Node 0 view(8329) far exceeds block count (2082); potential sync issue    
2026-08-10T05:55:41.760447Z  WARN ThreadId(20) hotstuff_runner::app: Node 0 [produce_block] queue size: 0, attempting up to 0 transactions this block    
2026-08-10T05:55:41.762369Z  WARN ThreadId(20) hotstuff_runner::app: Node 0 view(8333) far exceeds block count (2083); potential sync issue    
2026-08-10T05:55:41.939371Z  WARN ThreadId(20) hotstuff_runner::app: Node 0 [produce_block] queue size: 0, attempting up to 0 transactions this block    
2026-08-10T05:55:41.939597Z  WARN ThreadId(20) hotstuff_runner::app: Node 0 view(8337) far exceeds block count (2084); potential sync issue    
2026-08-10T05:55:42.078329Z  WARN ThreadId(20) hotstuff_runner::app: Node 0 [produce_block] queue size: 0, attempting up to 0 transactions this block    
2026-08-10T05:55:42.078546Z  WARN ThreadId(20) hotstuff_runner::app: Node 0 view(8341) far exceeds block count (2085); potential sync issue    
2026-08-10T05:55:42.311333Z  WARN ThreadId(20) hotstuff_runner::app: Node 0 [produce_block] queue size: 0, attempting up to 0 transactions this block    
2026-08-10T05:55:42.315393Z  WARN ThreadId(20) hotstuff_runner::app: Node 0 view(8345) far exceeds block count (2086); potential sync issue    
2026-08-10T05:55:42.593332Z  WARN ThreadId(20) hotstuff_runner::app: Node 0 [produce_block] queue size: 0, attempting up to 0 transactions this block    
2026-08-10T05:55:42.593977Z  WARN ThreadId(20) hotstuff_runner::app: Node 0 view(8349) far exceeds block count (2087); potential sync issue    
2026-08-10T05:55:42.676092Z  WARN ThreadId(20) hotstuff_runner::app: Node 0 [produce_block] queue size: 0, attempting up to 0 transactions this block    
2026-08-10T05:55:42.679284Z  WARN ThreadId(20) hotstuff_runner::app: Node 0 view(8353) far exceeds block count (2088); potential sync issue    
2026-08-10T05:55:42.925538Z  WARN ThreadId(20) hotstuff_runner::app: Node 0 [produce_block] queue size: 0, attempting up to 0 transactions this block    
2026-08-10T05:55:42.925735Z  WARN ThreadId(20) hotstuff_runner::app: Node 0 view(8357) far exceeds block count (2089); potential sync issue    
2026-08-10T05:55:43.122820Z  WARN ThreadId(20) hotstuff_runner::app: Node 0 [produce_block] queue size: 0, attempting up to 0 transactions this block    
2026-08-10T05:55:43.123751Z  WARN ThreadId(20) hotstuff_runner::app: Node 0 view(8361) far exceeds block count (2090); potential sync issue    
2026-08-10T05:55:43.361084Z  WARN ThreadId(20) hotstuff_runner::app: Node 0 [produce_block] queue size: 0, attempting up to 0 transactions this block    
2026-08-10T05:55:43.362730Z  WARN ThreadId(20) hotstuff_runner::app: Node 0 view(8365) far exceeds block count (2091); potential sync issue    
2026-08-10T05:55:43.515851Z  WARN ThreadId(20) hotstuff_runner::app: Node 0 [produce_block] queue size: 0, attempting up to 0 transactions this block    
2026-08-10T05:55:43.516127Z  WARN ThreadId(20) hotstuff_runner::app: Node 0 view(8369) far exceeds block count (2092); potential sync issue    
2026-08-10T05:55:43.615601Z  WARN ThreadId(20) hotstuff_runner::app: Node 0 [produce_block] queue size: 0, attempting up to 0 transactions this block    
2026-08-10T05:55:43.616011Z  WARN ThreadId(20) hotstuff_runner::app: Node 0 view(8373) far exceeds block count (2093); potential sync issue    
2026-08-10T05:55:43.852411Z  WARN ThreadId(07) docker_node: Low processing efficiency: 0.0% - system may need tuning
2026-08-10T05:55:44.066010Z  WARN ThreadId(20) hotstuff_runner::app: Node 0 [produce_block] queue size: 0, attempting up to 0 transactions this block    
2026-08-10T05:55:44.069753Z  WARN ThreadId(20) hotstuff_runner::app: Node 0 view(8377) far exceeds block count (2094); potential sync issue    
2026-08-10T05:55:44.196578Z  WARN ThreadId(20) hotstuff_runner::app: Node 0 [produce_block] queue size: 0, attempting up to 0 transactions this block    
2026-08-10T05:55:44.196792Z  WARN ThreadId(20) hotstuff_runner::app: Node 0 view(8381) far exceeds block count (2095); potential sync issue    
2026-08-10T05:55:44.302455Z  WARN ThreadId(20) hotstuff_runner::app: Node 0 [produce_block] queue size: 0, attempting up to 0 transactions this block    
2026-08-10T05:55:44.302692Z  WARN ThreadId(20) hotstuff_runner::app: Node 0 view(8385) far exceeds block count (2096); potential sync issue    
