2026-08-10T05:51:43.653429Z  WARN ThreadId(01) docker_node: HOTSTUFF_NODE_LEAST_ID=0, HOTSTUFF_NODE_NUM=4
2026-08-10T05:51:43.653763Z  WARN ThreadId(01) docker_node: metrics exporter disabled by SMROL_DISABLE_METRICS
2026-08-10T05:52:03.865487Z  WARN ThreadId(01) hotstuff_runner::tcp_node: Node 2 view timeout set to 500 ms
2026-08-10T05:52:03.873278Z  WARN ThreadId(01) hotstuff_runner::smrol::sequencing: SMROL_MEDIAN_INFLIGHT=3, SMROL_ORDER_FINALIZE_INFLIGHT=3, SMROL_FINAL_SIGN_INFLIGHT=3, SMROL_FINAL_VERIFY_INFLIGHT=3
2026-08-10T05:52:03.882997Z  WARN ThreadId(01) hotstuff_runner::smrol::sequencing: [Sequencing] Node 2 multi-signature verification disabled: false
2026-08-10T05:52:03.885324Z  WARN ThreadId(09) hotstuff_runner::smrol::sequencing: [Sequencing] Node 2 final verify dispatcher started
2026-08-10T05:52:03.887132Z  WARN ThreadId(02) docker_node:   Connection reuse ineffective (2.0 msg/conn)
2026-08-10T05:52:04.369273Z  WARN ThreadId(20) hotstuff_runner::app: Node 2 [produce_block] queue size: 0, attempting up to 0 transactions this block    
2026-08-10T05:52:04.420116Z  WARN ThreadId(20) hotstuff_runner::app: Node 2 [produce_block] queue size: 0, attempting up to 0 transactions this block    
2026-08-10T05:52:04.451856Z  WARN ThreadId(20) hotstuff_runner::app: Node 2 [produce_block] queue size: 0, attempting up to 0 transactions this block    
2026-08-10T05:52:04.480801Z  WARN ThreadId(20) hotstuff_runner::app: Node 2 [produce_block] queue size: 0, attempting up to 0 transactions this block    
2026-08-10T05:52:04.525546Z  WARN ThreadId(20) hotstuff_runner::app: Node 2 [produce_block] queue size: 0, attempting up to 0 transactions this block    
2026-08-10T05:52:04.567448Z  WARN ThreadId(20) hotstuff_runner::app: Node 2 [produce_block] queue size: 0, attempting up to 0 transactions this block    
2026-08-10T05:52:04.612569Z  WARN ThreadId(20) hotstuff_runner::app: Node 2 [produce_block] queue size: 0, attempting up to 0 transactions this block    
2026-08-10T05:52:04.645558Z  WARN ThreadId(20) hotstuff_runner::app: Node 2 [produce_block] queue size: 0, attempting up to 0 transactions this block    
2026-08-10T05:52:04.701399Z  WARN ThreadId(20) hotstuff_runner::app: Node 2 [produce_block] queue size: 0, attempting up to 0 transactions this block    
2026-08-10T05:52:04.729975Z  WARN ThreadId(20) hotstuff_runner::app: Node 2 [produce_block] queue size: 0, attempting up to 0 transactions this block    
2026-08-10T05:52:04.767215Z  WARN ThreadId(20) hotstuff_runner::app: Node 2 [produce_block] queue size: 0, attempting up to 0 transactions this block    
2026-08-10T05:52:04.794531Z  WARN ThreadId(20) hotstuff_runner::app: Node 2 [produce_block] queue size: 0, attempting up to 0 transactions this block    
2026-08-10T05:52:04.835878Z  WARN ThreadId(20) hotstuff_runner::app: Node 2 [produce_block] queue size: 0, attempting up to 0 transactions this block    
2026-08-10T05:52:04.873127Z  WARN ThreadId(20) hotstuff_runner::app: Node 2 [produce_block] queue size: 0, attempting up to 0 transactions this block    
2026-08-10T05:52:04.913953Z  WARN ThreadId(20) hotstuff_runner::app: Node 2 [produce_block] queue size: 0, attempting up to 0 transactions this block    
2026-08-10T05:52:04.940648Z  WARN ThreadId(20) hotstuff_runner::app: Node 2 [produce_block] queue size: 0, attempting up to 0 transactions this block    
2026-08-10T05:52:04.984004Z  WARN ThreadId(20) hotstuff_runner::app: Node 2 [produce_block] queue size: 0, attempting up to 0 transactions this block    
2026-08-10T05:52:05.019374Z  WARN ThreadId(20) hotstuff_runner::app: Node 2 [produce_block] queue size: 0, attempting up to 0 transactions this block    
2026-08-10T05:52:05.058611Z  WARN ThreadId(20) hotstuff_runner::app: Node 2 [produce_block] queue size: 0, attempting up to 0 transactions this block    
2026-08-10T05:52:05.091657Z  WARN ThreadId(20) hotstuff_runner::app: Node 2 [produce_block] queue size: 0, attempting up to 0 transactions this block    
2026-08-10T05:52:05.123871Z  WARN ThreadId(20) hotstuff_runner::app: Node 2 [produce_block] queue size: 0, attempting up to 0 transactions this block    
2026-08-10T05:52:05.158678Z  WARN ThreadId(20) hotstuff_runner::app: Node 2 [produce_block] queue size: 0, attempting up to 0 transactions this block    
2026-08-10T05:52:05.198132Z  WARN ThreadId(20) hotstuff_runner::app: Node 2 [produce_block] queue size: 0, attempting up to 0 transactions this block    
2026-08-10T05:52:05.254643Z  WARN ThreadId(20) hotstuff_runner::app: Node 2 [produce_block] queue size: 0, attempting up to 0 transactions this block    
2026-08-10T05:52:05.302579Z  WARN ThreadId(20) hotstuff_runner::app: Node 2 [produce_block] queue size: 0, attempting up to 0 transactions this block    
2026-08-10T05:52:05.334466Z  WARN ThreadId(20) hotstuff_runner::app: Node 2 [produce_block] queue size: 0, attempting up to 0 transactions this block    
2026-08-10T05:52:05.374138Z  WARN ThreadId(20) hotstuff_runner::app: Node 2 [produce_block] queue size: 0, attempting up to 0 transactions this block    
2026-08-10T05:52:05.406382Z  WARN ThreadId(20) hotstuff_runner::app: Node 2 [produce_block] queue size: 0, attempting up to 0 transactions this block    
2026-08-10T05:52:05.447793Z  WARN ThreadId(20) hotstuff_runner::app: Node 2 [produce_block] queue size: 0, attempting up to 0 transactions this block    
2026-08-10T05:52:05.483536Z  WARN ThreadId(20) hotstuff_runner::app: Node 2 [produce_block] queue size: 0, attempting up to 0 transactions this block    
2026-08-10T05:52:05.517906Z  WARN ThreadId(20) hotstuff_runner::app: Node 2 [produce_block] queue size: 0, attempting up to 0 transactions this block    
2026-08-10T05:52:05.544544Z  WARN ThreadId(20) hotstuff_runner::app: Node 2 [produce_block] queue size: 0, attempting up to 0 transactions this block    
2026-08-10T05:52:05.576583Z  WARN ThreadId(20) hotstuff_runner::app: Node 2 [produce_block] queue size: 0, attempting up to 0 transactions this block    
2026-08-10T05:52:05.625259Z  WARN ThreadId(20) hotstuff_runner::app: Node 2 [produce_block] queue size: 0, attempting up to 0 transactions this block    
2026-08-10T05:52:05.626165Z  WARN ThreadId(20) hotstuff_runner::app: Node 2 view(135) far exceeds block count (33); potential sync issue    
2026-08-10T05:52:05.672790Z  WARN ThreadId(20) hotstuff_runner::app: Node 2 [produce_block] queue size: 0, attempting up to 0 transactions this block    
2026-08-10T05:52:05.673680Z  WARN ThreadId(20) hotstuff_runner::app: Node 2 view(139) far exceeds block count (34); potential sync issue    
2026-08-10T05:52:05.700941Z  WARN ThreadId(20) hotstuff_runner::app: Node 2 [produce_block] queue size: 0, attempting up to 0 transactions this block    
2026-08-10T05:52:05.701885Z  WARN ThreadId(20) hotstuff_runner::app: Node 2 view(143) far exceeds block count (35); potential sync issue    
2026-08-10T05:52:05.739246Z  WARN ThreadId(20) hotstuff_runner::app: Node 2 [produce_block] queue size: 0, attempting up to 0 transactions this block    
2026-08-10T05:52:05.740029Z  WARN ThreadId(20) hotstuff_runner::app: Node 2 view(147) far exceeds block count (36); potential sync issue    
2026-08-10T05:52:05.767079Z  WARN ThreadId(20) hotstuff_runner::app: Node 2 [produce_block] queue size: 0, attempting up to 0 transactions this block    
2026-08-10T05:52:05.767852Z  WARN ThreadId(20) hotstuff_runner::app: Node 2 view(151) far exceeds block count (37); potential sync issue    
2026-08-10T05:52:05.799532Z  WARN ThreadId(20) hotstuff_runner::app: Node 2 [produce_block] queue size: 0, attempting up to 0 transactions this block    
2026-08-10T05:52:05.799930Z  WARN ThreadId(20) hotstuff_runner::app: Node 2 view(155) far exceeds block count (38); potential sync issue    
2026-08-10T05:52:05.838122Z  WARN ThreadId(20) hotstuff_runner::app: Node 2 [produce_block] queue size: 0, attempting up to 0 transactions this block    
2026-08-10T05:52:05.838448Z  WARN ThreadId(20) hotstuff_runner::app: Node 2 view(159) far exceeds block count (39); potential sync issue    
2026-08-10T05:52:05.870711Z  WARN ThreadId(20) hotstuff_runner::app: Node 2 [produce_block] queue size: 0, attempting up to 0 transactions this block    
2026-08-10T05:52:05.872224Z  WARN ThreadId(20) hotstuff_runner::app: Node 2 view(163) far exceeds block count (40); potential sync issue    
2026-08-10T05:52:05.901517Z  WARN ThreadId(20) hotstuff_runner::app: Node 2 [produce_block] queue size: 0, attempting up to 0 transactions this block    
2026-08-10T05:52:05.901888Z  WARN ThreadId(20) hotstuff_runner::app: Node 2 view(167) far exceeds block count (41); potential sync issue    
2026-08-10T05:52:05.950645Z  WARN ThreadId(20) hotstuff_runner::app: Node 2 [produce_block] queue size: 0, attempting up to 0 transactions this block    
2026-08-10T05:52:05.950753Z  WARN ThreadId(20) hotstuff_runner::app: Node 2 view(171) far exceeds block count (42); potential sync issue    
2026-08-10T05:52:05.984896Z  WARN ThreadId(20) hotstuff_runner::app: Node 2 [produce_block] queue size: 0, attempting up to 0 transactions this block    
2026-08-10T05:52:05.987537Z  WARN ThreadId(20) hotstuff_runner::app: Node 2 view(175) far exceeds block count (43); potential sync issue    
2026-08-10T05:52:06.032770Z  WARN ThreadId(20) hotstuff_runner::app: Node 2 [produce_block] queue size: 0, attempting up to 0 transactions this block    
2026-08-10T05:52:06.034041Z  WARN ThreadId(20) hotstuff_runner::app: Node 2 view(179) far exceeds block count (44); potential sync issue    
2026-08-10T05:52:06.077554Z  WARN ThreadId(20) hotstuff_runner::app: Node 2 [produce_block] queue size: 0, attempting up to 0 transactions this block    
2026-08-10T05:52:06.078381Z  WARN ThreadId(20) hotstuff_runner::app: Node 2 view(183) far exceeds block count (45); potential sync issue    
2026-08-10T05:52:06.109194Z  WARN ThreadId(20) hotstuff_runner::app: Node 2 [produce_block] queue size: 0, attempting up to 0 transactions this block    
2026-08-10T05:52:06.110659Z  WARN ThreadId(20) hotstuff_runner::app: Node 2 view(187) far exceeds block count (46); potential sync issue    
2026-08-10T05:52:06.139863Z  WARN ThreadId(20) hotstuff_runner::app: Node 2 [produce_block] queue size: 0, attempting up to 0 transactions this block    
2026-08-10T05:52:06.142773Z  WARN ThreadId(20) hotstuff_runner::app: Node 2 view(191) far exceeds block count (47); potential sync issue    
2026-08-10T05:52:06.181296Z  WARN ThreadId(20) hotstuff_runner::app: Node 2 [produce_block] queue size: 0, attempting up to 0 transactions this block    
2026-08-10T05:52:06.181552Z  WARN ThreadId(20) hotstuff_runner::app: Node 2 view(195) far exceeds block count (48); potential sync issue    
2026-08-10T05:52:06.230938Z  WARN ThreadId(20) hotstuff_runner::app: Node 2 [produce_block] queue size: 0, attempting up to 0 transactions this block    
2026-08-10T05:52:06.231960Z  WARN ThreadId(20) hotstuff_runner::app: Node 2 view(199) far exceeds block count (49); potential sync issue    
2026-08-10T05:52:06.273195Z  WARN ThreadId(20) hotstuff_runner::app: Node 2 [produce_block] queue size: 0, attempting up to 0 transactions this block    
2026-08-10T05:52:06.274585Z  WARN ThreadId(20) hotstuff_runner::app: Node 2 view(203) far exceeds block count (50); potential sync issue    
2026-08-10T05:52:06.322846Z  WARN ThreadId(20) hotstuff_runner::app: Node 2 [produce_block] queue size: 0, attempting up to 0 transactions this block    
2026-08-10T05:52:06.323084Z  WARN ThreadId(20) hotstuff_runner::app: Node 2 view(207) far exceeds block count (51); potential sync issue    
2026-08-10T05:52:06.377369Z  WARN ThreadId(20) hotstuff_runner::app: Node 2 [produce_block] queue size: 0, attempting up to 0 transactions this block    
2026-08-10T05:52:06.377693Z  WARN ThreadId(20) hotstuff_runner::app: Node 2 view(211) far exceeds block count (52); potential sync issue    
2026-08-10T05:52:06.413685Z  WARN ThreadId(20) hotstuff_runner::app: Node 2 [produce_block] queue size: 0, attempting up to 0 transactions this block    
2026-08-10T05:52:06.415429Z  WARN ThreadId(20) hotstuff_runner::app: Node 2 view(215) far exceeds block count (53); potential sync issue    
2026-08-10T05:52:06.466994Z  WARN ThreadId(20) hotstuff_runner::app: Node 2 [produce_block] queue size: 0, attempting up to 0 transactions this block    
2026-08-10T05:52:06.467547Z  WARN ThreadId(20) hotstuff_runner::app: Node 2 view(219) far exceeds block count (54); potential sync issue    
2026-08-10T05:52:06.509718Z  WARN ThreadId(20) hotstuff_runner::app: Node 2 [produce_block] queue size: 0, attempting up to 0 transactions this block    
2026-08-10T05:52:06.509887Z  WARN ThreadId(20) hotstuff_runner::app: Node 2 view(223) far exceeds block count (55); potential sync issue    
2026-08-10T05:52:06.547250Z  WARN ThreadId(20) hotstuff_runner::app: Node 2 [produce_block] queue size: 0, attempting up to 0 transactions this block    
2026-08-10T05:52:06.547397Z  WARN ThreadId(20) hotstuff_runner::app: Node 2 view(227) far exceeds block count (56); potential sync issue    
2026-08-10T05:52:06.586042Z  WARN ThreadId(20) hotstuff_runner::app: Node 2 [produce_block] queue size: 0, attempting up to 0 transactions this block    
2026-08-10T05:52:06.586603Z  WARN ThreadId(20) hotstuff_runner::app: Node 2 view(231) far exceeds block count (57); potential sync issue    
2026-08-10T05:52:06.633982Z  WARN ThreadId(20) hotstuff_runner::app: Node 2 [produce_block] queue size: 0, attempting up to 0 transactions this block    
2026-08-10T05:52:06.634088Z  WARN ThreadId(20) hotstuff_runner::app: Node 2 view(235) far exceeds block count (58); potential sync issue    
2026-08-10T05:52:06.677820Z  WARN ThreadId(20) hotstuff_runner::app: Node 2 [produce_block] queue size: 0, attempting up to 0 transactions this block    
2026-08-10T05:52:06.677948Z  WARN ThreadId(20) hotstuff_runner::app: Node 2 view(239) far exceeds block count (59); potential sync issue    
2026-08-10T05:52:06.708439Z  WARN ThreadId(20) hotstuff_runner::app: Node 2 [produce_block] queue size: 0, attempting up to 0 transactions this block    
2026-08-10T05:52:06.708547Z  WARN ThreadId(20) hotstuff_runner::app: Node 2 view(243) far exceeds block count (60); potential sync issue    
2026-08-10T05:52:06.757816Z  WARN ThreadId(20) hotstuff_runner::app: Node 2 [produce_block] queue size: 0, attempting up to 0 transactions this block    
2026-08-10T05:52:06.758133Z  WARN ThreadId(20) hotstuff_runner::app: Node 2 view(247) far exceeds block count (61); potential sync issue    
2026-08-10T05:52:06.809085Z  WARN ThreadId(20) hotstuff_runner::app: Node 2 [produce_block] queue size: 0, attempting up to 0 transactions this block    
2026-08-10T05:52:06.809632Z  WARN ThreadId(20) hotstuff_runner::app: Node 2 view(251) far exceeds block count (62); potential sync issue    
2026-08-10T05:52:06.843120Z  WARN ThreadId(20) hotstuff_runner::app: Node 2 [produce_block] queue size: 0, attempting up to 0 transactions this block    
2026-08-10T05:52:06.845168Z  WARN ThreadId(20) hotstuff_runner::app: Node 2 view(255) far exceeds block count (63); potential sync issue    
2026-08-10T05:52:06.889387Z  WARN ThreadId(20) hotstuff_runner::app: Node 2 [produce_block] queue size: 0, attempting up to 0 transactions this block    
2026-08-10T05:52:06.889541Z  WARN ThreadId(20) hotstuff_runner::app: Node 2 view(259) far exceeds block count (64); potential sync issue    
2026-08-10T05:52:06.923869Z  WARN ThreadId(20) hotstuff_runner::app: Node 2 [produce_block] queue size: 0, attempting up to 0 transactions this block    
2026-08-10T05:52:06.924987Z  WARN ThreadId(20) hotstuff_runner::app: Node 2 view(263) far exceeds block count (65); potential sync issue    
2026-08-10T05:52:06.959873Z  WARN ThreadId(20) hotstuff_runner::app: Node 2 [produce_block] queue size: 0, attempting up to 0 transactions this block    
2026-08-10T05:52:06.960051Z  WARN ThreadId(20) hotstuff_runner::app: Node 2 view(267) far exceeds block count (66); potential sync issue    
2026-08-10T05:52:06.996996Z  WARN ThreadId(20) hotstuff_runner::app: Node 2 [produce_block] queue size: 0, attempting up to 0 transactions this block    
2026-08-10T05:52:06.997175Z  WARN ThreadId(20) hotstuff_runner::app: Node 2 view(271) far exceeds block count (67); potential sync issue    
2026-08-10T05:52:07.080303Z  WARN ThreadId(20) hotstuff_runner::app: Node 2 [produce_block] queue size: 0, attempting up to 0 transactions this block    
2026-08-10T05:52:07.081751Z  WARN ThreadId(20) hotstuff_runner::app: Node 2 view(275) far exceeds block count (68); potential sync issue    
2026-08-10T05:52:07.163015Z  WARN ThreadId(20) hotstuff_runner::app: Node 2 [produce_block] queue size: 0, attempting up to 0 transactions this block    
2026-08-10T05:52:07.163098Z  WARN ThreadId(20) hotstuff_runner::app: Node 2 view(279) far exceeds block count (69); potential sync issue    
2026-08-10T05:52:07.212315Z  WARN ThreadId(20) hotstuff_runner::app: Node 2 [produce_block] queue size: 0, attempting up to 0 transactions this block    
2026-08-10T05:52:07.212446Z  WARN ThreadId(20) hotstuff_runner::app: Node 2 view(283) far exceeds block count (70); potential sync issue    
2026-08-10T05:52:07.295197Z  WARN ThreadId(20) hotstuff_runner::app: Node 2 [produce_block] queue size: 0, attempting up to 0 transactions this block    
2026-08-10T05:52:07.295351Z  WARN ThreadId(20) hotstuff_runner::app: Node 2 view(287) far exceeds block count (71); potential sync issue    
2026-08-10T05:52:07.324502Z  WARN ThreadId(20) hotstuff_runner::app: Node 2 [produce_block] queue size: 0, attempting up to 0 transactions this block    
2026-08-10T05:52:07.324777Z  WARN ThreadId(20) hotstuff_runner::app: Node 2 view(291) far exceeds block count (72); potential sync issue    
2026-08-10T05:52:07.382079Z  WARN ThreadId(20) hotstuff_runner::app: Node 2 [produce_block] queue size: 0, attempting up to 0 transactions this block    
2026-08-10T05:52:07.383252Z  WARN ThreadId(20) hotstuff_runner::app: Node 2 view(295) far exceeds block count (73); potential sync issue    
2026-08-10T05:52:07.426244Z  WARN ThreadId(20) hotstuff_runner::app: Node 2 [produce_block] queue size: 0, attempting up to 0 transactions this block    
2026-08-10T05:52:07.426793Z  WARN ThreadId(20) hotstuff_runner::app: Node 2 view(299) far exceeds block count (74); potential sync issue    
2026-08-10T05:52:07.463063Z  WARN ThreadId(20) hotstuff_runner::app: Node 2 [produce_block] queue size: 0, attempting up to 0 transactions this block    
2026-08-10T05:52:07.464650Z  WARN ThreadId(20) hotstuff_runner::app: Node 2 view(303) far exceeds block count (75); potential sync issue    
2026-08-10T05:52:07.500270Z  WARN ThreadId(20) hotstuff_runner::app: Node 2 [produce_block] queue size: 0, attempting up to 0 transactions this block    
2026-08-10T05:52:07.505547Z  WARN ThreadId(20) hotstuff_runner::app: Node 2 view(307) far exceeds block count (76); potential sync issue    
2026-08-10T05:52:07.546496Z  WARN ThreadId(20) hotstuff_runner::app: Node 2 [produce_block] queue size: 0, attempting up to 0 transactions this block    
2026-08-10T05:52:07.547018Z  WARN ThreadId(20) hotstuff_runner::app: Node 2 view(311) far exceeds block count (77); potential sync issue    
2026-08-10T05:52:07.575103Z  WARN ThreadId(20) hotstuff_runner::app: Node 2 [produce_block] queue size: 0, attempting up to 0 transactions this block    
2026-08-10T05:52:07.575282Z  WARN ThreadId(20) hotstuff_runner::app: Node 2 view(315) far exceeds block count (78); potential sync issue    
2026-08-10T05:52:07.608871Z  WARN ThreadId(20) hotstuff_runner::app: Node 2 [produce_block] queue size: 0, attempting up to 0 transactions this block    
2026-08-10T05:52:07.609172Z  WARN ThreadId(20) hotstuff_runner::app: Node 2 view(319) far exceeds block count (79); potential sync issue    
2026-08-10T05:52:07.648966Z  WARN ThreadId(20) hotstuff_runner::app: Node 2 [produce_block] queue size: 0, attempting up to 0 transactions this block    
2026-08-10T05:52:07.649358Z  WARN ThreadId(20) hotstuff_runner::app: Node 2 view(323) far exceeds block count (80); potential sync issue    
2026-08-10T05:52:07.692240Z  WARN ThreadId(20) hotstuff_runner::app: Node 2 [produce_block] queue size: 0, attempting up to 0 transactions this block    
2026-08-10T05:52:07.697335Z  WARN ThreadId(20) hotstuff_runner::app: Node 2 view(327) far exceeds block count (81); potential sync issue    
2026-08-10T05:52:07.769066Z  WARN ThreadId(20) hotstuff_runner::app: Node 2 [produce_block] queue size: 0, attempting up to 0 transactions this block    
2026-08-10T05:52:07.773346Z  WARN ThreadId(20) hotstuff_runner::app: Node 2 view(331) far exceeds block count (82); potential sync issue    
2026-08-10T05:52:07.818207Z  WARN ThreadId(20) hotstuff_runner::app: Node 2 [produce_block] queue size: 0, attempting up to 0 transactions this block    
2026-08-10T05:52:07.818934Z  WARN ThreadId(20) hotstuff_runner::app: Node 2 view(335) far exceeds block count (83); potential sync issue    
2026-08-10T05:52:07.850939Z  WARN ThreadId(20) hotstuff_runner::app: Node 2 [produce_block] queue size: 0, attempting up to 0 transactions this block    
2026-08-10T05:52:07.851151Z  WARN ThreadId(20) hotstuff_runner::app: Node 2 view(339) far exceeds block count (84); potential sync issue    
2026-08-10T05:52:07.888976Z  WARN ThreadId(20) hotstuff_runner::app: Node 2 [produce_block] queue size: 0, attempting up to 0 transactions this block    
2026-08-10T05:52:07.889870Z  WARN ThreadId(20) hotstuff_runner::app: Node 2 view(343) far exceeds block count (85); potential sync issue    
2026-08-10T05:52:07.916258Z  WARN ThreadId(20) hotstuff_runner::app: Node 2 [produce_block] queue size: 0, attempting up to 0 transactions this block    
2026-08-10T05:52:07.916692Z  WARN ThreadId(20) hotstuff_runner::app: Node 2 view(347) far exceeds block count (86); potential sync issue    
2026-08-10T05:52:07.958501Z  WARN ThreadId(20) hotstuff_runner::app: Node 2 [produce_block] queue size: 0, attempting up to 0 transactions this block    
2026-08-10T05:52:07.960885Z  WARN ThreadId(20) hotstuff_runner::app: Node 2 view(351) far exceeds block count (87); potential sync issue    
2026-08-10T05:52:08.013081Z  WARN ThreadId(20) hotstuff_runner::app: Node 2 [produce_block] queue size: 0, attempting up to 0 transactions this block    
2026-08-10T05:52:08.013722Z  WARN ThreadId(20) hotstuff_runner::app: Node 2 view(355) far exceeds block count (88); potential sync issue    
2026-08-10T05:52:08.060079Z  WARN ThreadId(20) hotstuff_runner::app: Node 2 [produce_block] queue size: 0, attempting up to 0 transactions this block    
2026-08-10T05:52:08.061963Z  WARN ThreadId(20) hotstuff_runner::app: Node 2 view(359) far exceeds block count (89); potential sync issue    
2026-08-10T05:52:08.108947Z  WARN ThreadId(20) hotstuff_runner::app: Node 2 [produce_block] queue size: 0, attempting up to 0 transactions this block    
2026-08-10T05:52:08.114085Z  WARN ThreadId(20) hotstuff_runner::app: Node 2 view(363) far exceeds block count (90); potential sync issue    
2026-08-10T05:52:08.160510Z  WARN ThreadId(20) hotstuff_runner::app: Node 2 [produce_block] queue size: 0, attempting up to 0 transactions this block    
2026-08-10T05:52:08.165047Z  WARN ThreadId(20) hotstuff_runner::app: Node 2 view(367) far exceeds block count (91); potential sync issue    
2026-08-10T05:52:08.190445Z  WARN ThreadId(20) hotstuff_runner::app: Node 2 [produce_block] queue size: 0, attempting up to 0 transactions this block    
2026-08-10T05:52:08.190606Z  WARN ThreadId(20) hotstuff_runner::app: Node 2 view(371) far exceeds block count (92); potential sync issue    
2026-08-10T05:52:08.221959Z  WARN ThreadId(20) hotstuff_runner::app: Node 2 [produce_block] queue size: 0, attempting up to 0 transactions this block    
2026-08-10T05:52:08.222057Z  WARN ThreadId(20) hotstuff_runner::app: Node 2 view(375) far exceeds block count (93); potential sync issue    
2026-08-10T05:52:08.260971Z  WARN ThreadId(20) hotstuff_runner::app: Node 2 [produce_block] queue size: 0, attempting up to 0 transactions this block    
2026-08-10T05:52:08.262175Z  WARN ThreadId(20) hotstuff_runner::app: Node 2 view(379) far exceeds block count (94); potential sync issue    
2026-08-10T05:52:08.314078Z  WARN ThreadId(20) hotstuff_runner::app: Node 2 [produce_block] queue size: 0, attempting up to 0 transactions this block    
2026-08-10T05:52:08.319662Z  WARN ThreadId(20) hotstuff_runner::app: Node 2 view(383) far exceeds block count (95); potential sync issue    
2026-08-10T05:52:08.388958Z  WARN ThreadId(20) hotstuff_runner::app: Node 2 [produce_block] queue size: 0, attempting up to 0 transactions this block    
2026-08-10T05:52:08.390360Z  WARN ThreadId(20) hotstuff_runner::app: Node 2 view(387) far exceeds block count (96); potential sync issue    
2026-08-10T05:52:08.441081Z  WARN ThreadId(20) hotstuff_runner::app: Node 2 [produce_block] queue size: 0, attempting up to 0 transactions this block    
2026-08-10T05:52:08.444044Z  WARN ThreadId(20) hotstuff_runner::app: Node 2 view(391) far exceeds block count (97); potential sync issue    
2026-08-10T05:52:08.485956Z  WARN ThreadId(20) hotstuff_runner::app: Node 2 [produce_block] queue size: 0, attempting up to 0 transactions this block    
2026-08-10T05:52:08.488584Z  WARN ThreadId(20) hotstuff_runner::app: Node 2 view(395) far exceeds block count (98); potential sync issue    
2026-08-10T05:52:08.536556Z  WARN ThreadId(20) hotstuff_runner::app: Node 2 [produce_block] queue size: 0, attempting up to 0 transactions this block    
2026-08-10T05:52:08.537163Z  WARN ThreadId(20) hotstuff_runner::app: Node 2 view(399) far exceeds block count (99); potential sync issue    
2026-08-10T05:52:08.599179Z  WARN ThreadId(20) hotstuff_runner::app: Node 2 [produce_block] queue size: 0, attempting up to 0 transactions this block    
2026-08-10T05:52:08.599484Z  WARN ThreadId(20) hotstuff_runner::app: Node 2 view(403) far exceeds block count (100); potential sync issue    
2026-08-10T05:52:08.635080Z  WARN ThreadId(20) hotstuff_runner::app: Node 2 [produce_block] queue size: 0, attempting up to 0 transactions this block    
2026-08-10T05:52:08.635303Z  WARN ThreadId(20) hotstuff_runner::app: Node 2 view(407) far exceeds block count (101); potential sync issue    
2026-08-10T05:52:08.676500Z  WARN ThreadId(20) hotstuff_runner::app: Node 2 [produce_block] queue size: 0, attempting up to 0 transactions this block    
2026-08-10T05:52:08.676719Z  WARN ThreadId(20) hotstuff_runner::app: Node 2 view(411) far exceeds block count (102); potential sync issue    
2026-08-10T05:52:08.722849Z  WARN ThreadId(20) hotstuff_runner::app: Node 2 [produce_block] queue size: 0, attempting up to 0 transactions this block    
2026-08-10T05:52:08.723187Z  WARN ThreadId(20) hotstuff_runner::app: Node 2 view(415) far exceeds block count (103); potential sync issue    
2026-08-10T05:52:08.760027Z  WARN ThreadId(20) hotstuff_runner::app: Node 2 [produce_block] queue size: 0, attempting up to 0 transactions this block    
2026-08-10T05:52:08.760560Z  WARN ThreadId(20) hotstuff_runner::app: Node 2 view(419) far exceeds block count (104); potential sync issue    
2026-08-10T05:52:08.791834Z  WARN ThreadId(20) hotstuff_runner::app: Node 2 [produce_block] queue size: 0, attempting up to 0 transactions this block    
2026-08-10T05:52:08.797386Z  WARN ThreadId(20) hotstuff_runner::app: Node 2 view(423) far exceeds block count (105); potential sync issue    
2026-08-10T05:52:08.849206Z  WARN ThreadId(20) hotstuff_runner::app: Node 2 [produce_block] queue size: 0, attempting up to 0 transactions this block    
2026-08-10T05:52:08.850593Z  WARN ThreadId(20) hotstuff_runner::app: Node 2 view(427) far exceeds block count (106); potential sync issue    
2026-08-10T05:52:08.887149Z  WARN ThreadId(03) docker_node:   Connection reuse ineffective (2.0 msg/conn)
2026-08-10T05:52:08.911285Z  WARN ThreadId(01) docker_node: Node 1 port 20001 temporarily unreachable: Connection refused (os error 111)
2026-08-10T05:52:08.912008Z  WARN ThreadId(01) docker_node: Node 2 port 20002 temporarily unreachable: Connection refused (os error 111)
2026-08-10T05:52:08.912753Z  WARN ThreadId(01) docker_node: Node 3 port 20003 temporarily unreachable: Connection refused (os error 111)
2026-08-10T05:52:09.414111Z  WARN ThreadId(21) hotstuff_runner::tcp_node: Node 2 view 429 timed out; latency may accumulate
2026-08-10T05:52:09.419793Z  WARN ThreadId(20) hotstuff_runner::app: Node 2 [produce_block] queue size: 0, attempting up to 0 transactions this block    
2026-08-10T05:52:09.421026Z  WARN ThreadId(20) hotstuff_runner::app: Node 2 view(431) far exceeds block count (107); potential sync issue    
2026-08-10T05:52:09.449974Z  WARN ThreadId(20) hotstuff_runner::app: Node 2 [produce_block] queue size: 0, attempting up to 0 transactions this block    
2026-08-10T05:52:09.460526Z  WARN ThreadId(20) hotstuff_runner::app: Node 2 view(435) far exceeds block count (108); potential sync issue    
2026-08-10T05:52:09.538086Z  WARN ThreadId(20) hotstuff_runner::app: Node 2 [produce_block] queue size: 2, attempting up to 2 transactions this block    
2026-08-10T05:52:09.539535Z  WARN ThreadId(20) hotstuff_runner::app: Node 2 view(439) far exceeds block count (109); potential sync issue    
2026-08-10T05:52:09.594377Z  WARN ThreadId(20) hotstuff_runner::app: Node 2 [produce_block] queue size: 0, attempting up to 0 transactions this block    
2026-08-10T05:52:09.594713Z  WARN ThreadId(20) hotstuff_runner::app: Node 2 view(443) far exceeds block count (110); potential sync issue    
2026-08-10T05:52:09.632286Z  WARN ThreadId(20) hotstuff_runner::app: Node 2 [produce_block] queue size: 0, attempting up to 0 transactions this block    
2026-08-10T05:52:09.632387Z  WARN ThreadId(20) hotstuff_runner::app: Node 2 view(447) far exceeds block count (111); potential sync issue    
2026-08-10T05:52:09.675595Z  WARN ThreadId(20) hotstuff_runner::app: Node 2 [produce_block] queue size: 0, attempting up to 0 transactions this block    
2026-08-10T05:52:09.677739Z  WARN ThreadId(20) hotstuff_runner::app: Node 2 view(451) far exceeds block count (112); potential sync issue    
2026-08-10T05:52:09.713639Z  WARN ThreadId(20) hotstuff_runner::app: Node 2 [produce_block] queue size: 2, attempting up to 2 transactions this block    
2026-08-10T05:52:09.714375Z  WARN ThreadId(20) hotstuff_runner::app: Node 2 view(455) far exceeds block count (113); potential sync issue    
2026-08-10T05:52:09.769013Z  WARN ThreadId(20) hotstuff_runner::app: Node 2 [produce_block] queue size: 0, attempting up to 0 transactions this block    
2026-08-10T05:52:09.769217Z  WARN ThreadId(20) hotstuff_runner::app: Node 2 view(459) far exceeds block count (114); potential sync issue    
2026-08-10T05:52:09.830476Z  WARN ThreadId(20) hotstuff_runner::app: Node 2 [produce_block] queue size: 0, attempting up to 0 transactions this block    
2026-08-10T05:52:09.837937Z  WARN ThreadId(20) hotstuff_runner::app: Node 2 view(463) far exceeds block count (115); potential sync issue    
2026-08-10T05:52:09.873837Z  WARN ThreadId(20) hotstuff_runner::app: Node 2 [produce_block] queue size: 0, attempting up to 0 transactions this block    
2026-08-10T05:52:09.876037Z  WARN ThreadId(20) hotstuff_runner::app: Node 2 view(467) far exceeds block count (116); potential sync issue    
2026-08-10T05:52:09.906270Z  WARN ThreadId(20) hotstuff_runner::app: Node 2 [produce_block] queue size: 0, attempting up to 0 transactions this block    
2026-08-10T05:52:09.906801Z  WARN ThreadId(20) hotstuff_runner::app: Node 2 view(471) far exceeds block count (117); potential sync issue    
2026-08-10T05:52:09.940181Z  WARN ThreadId(20) hotstuff_runner::app: Node 2 [produce_block] queue size: 2, attempting up to 2 transactions this block    
2026-08-10T05:52:09.944841Z  WARN ThreadId(20) hotstuff_runner::app: Node 2 view(475) far exceeds block count (118); potential sync issue    
2026-08-10T05:52:09.997301Z  WARN ThreadId(20) hotstuff_runner::app: Node 2 [produce_block] queue size: 0, attempting up to 0 transactions this block    
2026-08-10T05:52:09.997481Z  WARN ThreadId(20) hotstuff_runner::app: Node 2 view(479) far exceeds block count (119); potential sync issue    
2026-08-10T05:52:10.040504Z  WARN ThreadId(20) hotstuff_runner::app: Node 2 [produce_block] queue size: 0, attempting up to 0 transactions this block    
2026-08-10T05:52:10.040604Z  WARN ThreadId(20) hotstuff_runner::app: Node 2 view(483) far exceeds block count (120); potential sync issue    
2026-08-10T05:52:10.076444Z  WARN ThreadId(20) hotstuff_runner::app: Node 2 [produce_block] queue size: 0, attempting up to 0 transactions this block    
2026-08-10T05:52:10.076858Z  WARN ThreadId(20) hotstuff_runner::app: Node 2 view(487) far exceeds block count (121); potential sync issue    
2026-08-10T05:52:10.126530Z  WARN ThreadId(20) hotstuff_runner::app: Node 2 [produce_block] queue size: 0, attempting up to 0 transactions this block    
2026-08-10T05:52:10.126652Z  WARN ThreadId(20) hotstuff_runner::app: Node 2 view(491) far exceeds block count (122); potential sync issue    
2026-08-10T05:52:10.178079Z  WARN ThreadId(20) hotstuff_runner::app: Node 2 [produce_block] queue size: 2, attempting up to 2 transactions this block    
2026-08-10T05:52:10.179505Z  WARN ThreadId(20) hotstuff_runner::app: Node 2 view(495) far exceeds block count (123); potential sync issue    
2026-08-10T05:52:10.221182Z  WARN ThreadId(20) hotstuff_runner::app: Node 2 [produce_block] queue size: 0, attempting up to 0 transactions this block    
2026-08-10T05:52:10.221414Z  WARN ThreadId(20) hotstuff_runner::app: Node 2 view(499) far exceeds block count (124); potential sync issue    
2026-08-10T05:52:10.262077Z  WARN ThreadId(20) hotstuff_runner::app: Node 2 [produce_block] queue size: 0, attempting up to 0 transactions this block    
2026-08-10T05:52:10.262421Z  WARN ThreadId(20) hotstuff_runner::app: Node 2 view(503) far exceeds block count (125); potential sync issue    
2026-08-10T05:52:10.300478Z  WARN ThreadId(20) hotstuff_runner::app: Node 2 [produce_block] queue size: 0, attempting up to 0 transactions this block    
2026-08-10T05:52:10.302041Z  WARN ThreadId(20) hotstuff_runner::app: Node 2 view(507) far exceeds block count (126); potential sync issue    
2026-08-10T05:52:10.347835Z  WARN ThreadId(20) hotstuff_runner::app: Node 2 [produce_block] queue size: 0, attempting up to 0 transactions this block    
2026-08-10T05:52:10.348041Z  WARN ThreadId(20) hotstuff_runner::app: Node 2 view(511) far exceeds block count (127); potential sync issue    
2026-08-10T05:52:10.398425Z  WARN ThreadId(20) hotstuff_runner::app: Node 2 [produce_block] queue size: 2, attempting up to 2 transactions this block    
2026-08-10T05:52:10.398760Z  WARN ThreadId(20) hotstuff_runner::app: Node 2 view(515) far exceeds block count (128); potential sync issue    
2026-08-10T05:52:10.426709Z  WARN ThreadId(20) hotstuff_runner::app: Node 2 [produce_block] queue size: 0, attempting up to 0 transactions this block    
2026-08-10T05:52:10.428007Z  WARN ThreadId(20) hotstuff_runner::app: Node 2 view(519) far exceeds block count (129); potential sync issue    
2026-08-10T05:52:10.492175Z  WARN ThreadId(20) hotstuff_runner::app: Node 2 [produce_block] queue size: 0, attempting up to 0 transactions this block    
2026-08-10T05:52:10.492324Z  WARN ThreadId(20) hotstuff_runner::app: Node 2 view(523) far exceeds block count (130); potential sync issue    
2026-08-10T05:52:10.528660Z  WARN ThreadId(20) hotstuff_runner::app: Node 2 [produce_block] queue size: 0, attempting up to 0 transactions this block    
2026-08-10T05:52:10.528882Z  WARN ThreadId(20) hotstuff_runner::app: Node 2 view(527) far exceeds block count (131); potential sync issue    
2026-08-10T05:52:10.560819Z  WARN ThreadId(20) hotstuff_runner::app: Node 2 [produce_block] queue size: 0, attempting up to 0 transactions this block    
2026-08-10T05:52:10.560988Z  WARN ThreadId(20) hotstuff_runner::app: Node 2 view(531) far exceeds block count (132); potential sync issue    
2026-08-10T05:52:10.615023Z  WARN ThreadId(20) hotstuff_runner::app: Node 2 [produce_block] queue size: 2, attempting up to 2 transactions this block    
2026-08-10T05:52:10.615206Z  WARN ThreadId(20) hotstuff_runner::app: Node 2 view(535) far exceeds block count (133); potential sync issue    
2026-08-10T05:52:10.659942Z  WARN ThreadId(20) hotstuff_runner::app: Node 2 [produce_block] queue size: 0, attempting up to 0 transactions this block    
2026-08-10T05:52:10.660255Z  WARN ThreadId(20) hotstuff_runner::app: Node 2 view(539) far exceeds block count (134); potential sync issue    
2026-08-10T05:52:10.705956Z  WARN ThreadId(20) hotstuff_runner::app: Node 2 [produce_block] queue size: 0, attempting up to 0 transactions this block    
2026-08-10T05:52:10.706412Z  WARN ThreadId(20) hotstuff_runner::app: Node 2 view(543) far exceeds block count (135); potential sync issue    
2026-08-10T05:52:10.735927Z  WARN ThreadId(20) hotstuff_runner::app: Node 2 [produce_block] queue size: 0, attempting up to 0 transactions this block    
2026-08-10T05:52:10.736054Z  WARN ThreadId(20) hotstuff_runner::app: Node 2 view(547) far exceeds block count (136); potential sync issue    
2026-08-10T05:52:10.767935Z  WARN ThreadId(20) hotstuff_runner::app: Node 2 [produce_block] queue size: 2, attempting up to 2 transactions this block    
2026-08-10T05:52:10.768621Z  WARN ThreadId(20) hotstuff_runner::app: Node 2 view(551) far exceeds block count (137); potential sync issue    
2026-08-10T05:52:10.796919Z  WARN ThreadId(20) hotstuff_runner::app: Node 2 [produce_block] queue size: 0, attempting up to 0 transactions this block    
2026-08-10T05:52:10.797810Z  WARN ThreadId(20) hotstuff_runner::app: Node 2 view(555) far exceeds block count (138); potential sync issue    
2026-08-10T05:52:10.829663Z  WARN ThreadId(20) hotstuff_runner::app: Node 2 [produce_block] queue size: 0, attempting up to 0 transactions this block    
2026-08-10T05:52:10.830948Z  WARN ThreadId(20) hotstuff_runner::app: Node 2 view(559) far exceeds block count (139); potential sync issue    
2026-08-10T05:52:10.860700Z  WARN ThreadId(20) hotstuff_runner::app: Node 2 [produce_block] queue size: 0, attempting up to 0 transactions this block    
2026-08-10T05:52:10.861492Z  WARN ThreadId(20) hotstuff_runner::app: Node 2 view(563) far exceeds block count (140); potential sync issue    
2026-08-10T05:52:10.898452Z  WARN ThreadId(20) hotstuff_runner::app: Node 2 [produce_block] queue size: 0, attempting up to 0 transactions this block    
2026-08-10T05:52:10.898673Z  WARN ThreadId(20) hotstuff_runner::app: Node 2 view(567) far exceeds block count (141); potential sync issue    
2026-08-10T05:52:10.939086Z  WARN ThreadId(20) hotstuff_runner::app: Node 2 [produce_block] queue size: 0, attempting up to 0 transactions this block    
2026-08-10T05:52:10.939227Z  WARN ThreadId(20) hotstuff_runner::app: Node 2 view(571) far exceeds block count (142); potential sync issue    
2026-08-10T05:52:10.968080Z  WARN ThreadId(20) hotstuff_runner::app: Node 2 [produce_block] queue size: 0, attempting up to 0 transactions this block    
2026-08-10T05:52:10.968974Z  WARN ThreadId(20) hotstuff_runner::app: Node 2 view(575) far exceeds block count (143); potential sync issue    
2026-08-10T05:52:11.012253Z  WARN ThreadId(20) hotstuff_runner::app: Node 2 [produce_block] queue size: 2, attempting up to 2 transactions this block    
2026-08-10T05:52:11.013595Z  WARN ThreadId(20) hotstuff_runner::app: Node 2 view(579) far exceeds block count (144); potential sync issue    
2026-08-10T05:52:11.043464Z  WARN ThreadId(20) hotstuff_runner::app: Node 2 [produce_block] queue size: 0, attempting up to 0 transactions this block    
2026-08-10T05:52:11.043794Z  WARN ThreadId(20) hotstuff_runner::app: Node 2 view(583) far exceeds block count (145); potential sync issue    
2026-08-10T05:52:11.071030Z  WARN ThreadId(20) hotstuff_runner::app: Node 2 [produce_block] queue size: 0, attempting up to 0 transactions this block    
2026-08-10T05:52:11.071292Z  WARN ThreadId(20) hotstuff_runner::app: Node 2 view(587) far exceeds block count (146); potential sync issue    
2026-08-10T05:52:11.095273Z  WARN ThreadId(20) hotstuff_runner::app: Node 2 [produce_block] queue size: 0, attempting up to 0 transactions this block    
2026-08-10T05:52:11.095415Z  WARN ThreadId(20) hotstuff_runner::app: Node 2 view(591) far exceeds block count (147); potential sync issue    
2026-08-10T05:52:11.134721Z  WARN ThreadId(20) hotstuff_runner::app: Node 2 [produce_block] queue size: 0, attempting up to 0 transactions this block    
2026-08-10T05:52:11.134840Z  WARN ThreadId(20) hotstuff_runner::app: Node 2 view(595) far exceeds block count (148); potential sync issue    
2026-08-10T05:52:11.179497Z  WARN ThreadId(20) hotstuff_runner::app: Node 2 [produce_block] queue size: 2, attempting up to 2 transactions this block    
2026-08-10T05:52:11.179970Z  WARN ThreadId(20) hotstuff_runner::app: Node 2 view(599) far exceeds block count (149); potential sync issue    
2026-08-10T05:52:11.227599Z  WARN ThreadId(20) hotstuff_runner::app: Node 2 [produce_block] queue size: 0, attempting up to 0 transactions this block    
2026-08-10T05:52:11.227903Z  WARN ThreadId(20) hotstuff_runner::app: Node 2 view(603) far exceeds block count (150); potential sync issue    
2026-08-10T05:52:11.267175Z  WARN ThreadId(20) hotstuff_runner::app: Node 2 [produce_block] queue size: 0, attempting up to 0 transactions this block    
2026-08-10T05:52:11.267531Z  WARN ThreadId(20) hotstuff_runner::app: Node 2 view(607) far exceeds block count (151); potential sync issue    
2026-08-10T05:52:11.303926Z  WARN ThreadId(20) hotstuff_runner::app: Node 2 [produce_block] queue size: 0, attempting up to 0 transactions this block    
2026-08-10T05:52:11.304276Z  WARN ThreadId(20) hotstuff_runner::app: Node 2 view(611) far exceeds block count (152); potential sync issue    
2026-08-10T05:52:11.347084Z  WARN ThreadId(20) hotstuff_runner::app: Node 2 [produce_block] queue size: 0, attempting up to 0 transactions this block    
2026-08-10T05:52:11.347385Z  WARN ThreadId(20) hotstuff_runner::app: Node 2 view(615) far exceeds block count (153); potential sync issue    
2026-08-10T05:52:11.383092Z  WARN ThreadId(20) hotstuff_runner::app: Node 2 [produce_block] queue size: 0, attempting up to 0 transactions this block    
2026-08-10T05:52:11.383776Z  WARN ThreadId(20) hotstuff_runner::app: Node 2 view(619) far exceeds block count (154); potential sync issue    
2026-08-10T05:52:11.416109Z  WARN ThreadId(20) hotstuff_runner::app: Node 2 [produce_block] queue size: 2, attempting up to 2 transactions this block    
2026-08-10T05:52:11.416376Z  WARN ThreadId(20) hotstuff_runner::app: Node 2 view(623) far exceeds block count (155); potential sync issue    
2026-08-10T05:52:11.450061Z  WARN ThreadId(20) hotstuff_runner::app: Node 2 [produce_block] queue size: 0, attempting up to 0 transactions this block    
2026-08-10T05:52:11.450347Z  WARN ThreadId(20) hotstuff_runner::app: Node 2 view(627) far exceeds block count (156); potential sync issue    
2026-08-10T05:52:11.486876Z  WARN ThreadId(20) hotstuff_runner::app: Node 2 [produce_block] queue size: 0, attempting up to 0 transactions this block    
2026-08-10T05:52:11.487368Z  WARN ThreadId(20) hotstuff_runner::app: Node 2 view(631) far exceeds block count (157); potential sync issue    
2026-08-10T05:52:11.523351Z  WARN ThreadId(20) hotstuff_runner::app: Node 2 [produce_block] queue size: 0, attempting up to 0 transactions this block    
2026-08-10T05:52:11.524624Z  WARN ThreadId(20) hotstuff_runner::app: Node 2 view(635) far exceeds block count (158); potential sync issue    
2026-08-10T05:52:11.551758Z  WARN ThreadId(20) hotstuff_runner::app: Node 2 [produce_block] queue size: 0, attempting up to 0 transactions this block    
2026-08-10T05:52:11.552081Z  WARN ThreadId(20) hotstuff_runner::app: Node 2 view(639) far exceeds block count (159); potential sync issue    
2026-08-10T05:52:11.601749Z  WARN ThreadId(20) hotstuff_runner::app: Node 2 [produce_block] queue size: 2, attempting up to 2 transactions this block    
2026-08-10T05:52:11.602057Z  WARN ThreadId(20) hotstuff_runner::app: Node 2 view(643) far exceeds block count (160); potential sync issue    
2026-08-10T05:52:11.638022Z  WARN ThreadId(20) hotstuff_runner::app: Node 2 [produce_block] queue size: 0, attempting up to 0 transactions this block    
2026-08-10T05:52:11.638405Z  WARN ThreadId(20) hotstuff_runner::app: Node 2 view(647) far exceeds block count (161); potential sync issue    
2026-08-10T05:52:11.680744Z  WARN ThreadId(20) hotstuff_runner::app: Node 2 [produce_block] queue size: 0, attempting up to 0 transactions this block    
2026-08-10T05:52:11.683923Z  WARN ThreadId(20) hotstuff_runner::app: Node 2 view(651) far exceeds block count (162); potential sync issue    
2026-08-10T05:52:11.735705Z  WARN ThreadId(20) hotstuff_runner::app: Node 2 [produce_block] queue size: 0, attempting up to 0 transactions this block    
2026-08-10T05:52:11.742112Z  WARN ThreadId(20) hotstuff_runner::app: Node 2 view(655) far exceeds block count (163); potential sync issue    
2026-08-10T05:52:11.800497Z  WARN ThreadId(20) hotstuff_runner::app: Node 2 [produce_block] queue size: 2, attempting up to 2 transactions this block    
2026-08-10T05:52:11.801484Z  WARN ThreadId(20) hotstuff_runner::app: Node 2 view(659) far exceeds block count (164); potential sync issue    
2026-08-10T05:52:11.859879Z  WARN ThreadId(20) hotstuff_runner::app: Node 2 [produce_block] queue size: 0, attempting up to 0 transactions this block    
2026-08-10T05:52:11.860413Z  WARN ThreadId(20) hotstuff_runner::app: Node 2 view(663) far exceeds block count (165); potential sync issue    
2026-08-10T05:52:11.890848Z  WARN ThreadId(20) hotstuff_runner::app: Node 2 [produce_block] queue size: 0, attempting up to 0 transactions this block    
2026-08-10T05:52:11.891204Z  WARN ThreadId(20) hotstuff_runner::app: Node 2 view(667) far exceeds block count (166); potential sync issue    
2026-08-10T05:52:11.953085Z  WARN ThreadId(20) hotstuff_runner::app: Node 2 [produce_block] queue size: 0, attempting up to 0 transactions this block    
2026-08-10T05:52:11.953199Z  WARN ThreadId(20) hotstuff_runner::app: Node 2 view(671) far exceeds block count (167); potential sync issue    
2026-08-10T05:52:11.998939Z  WARN ThreadId(20) hotstuff_runner::app: Node 2 [produce_block] queue size: 0, attempting up to 0 transactions this block    
2026-08-10T05:52:12.000107Z  WARN ThreadId(20) hotstuff_runner::app: Node 2 view(675) far exceeds block count (168); potential sync issue    
2026-08-10T05:52:12.065316Z  WARN ThreadId(20) hotstuff_runner::app: Node 2 [produce_block] queue size: 2, attempting up to 2 transactions this block    
2026-08-10T05:52:12.066485Z  WARN ThreadId(20) hotstuff_runner::app: Node 2 view(679) far exceeds block count (169); potential sync issue    
2026-08-10T05:52:12.102530Z  WARN ThreadId(20) hotstuff_runner::app: Node 2 [produce_block] queue size: 0, attempting up to 0 transactions this block    
2026-08-10T05:52:12.103132Z  WARN ThreadId(20) hotstuff_runner::app: Node 2 view(683) far exceeds block count (170); potential sync issue    
2026-08-10T05:52:12.135298Z  WARN ThreadId(20) hotstuff_runner::app: Node 2 [produce_block] queue size: 0, attempting up to 0 transactions this block    
2026-08-10T05:52:12.136286Z  WARN ThreadId(20) hotstuff_runner::app: Node 2 view(687) far exceeds block count (171); potential sync issue    
2026-08-10T05:52:12.184952Z  WARN ThreadId(20) hotstuff_runner::app: Node 2 [produce_block] queue size: 0, attempting up to 0 transactions this block    
2026-08-10T05:52:12.185663Z  WARN ThreadId(20) hotstuff_runner::app: Node 2 view(691) far exceeds block count (172); potential sync issue    
2026-08-10T05:52:12.231941Z  WARN ThreadId(20) hotstuff_runner::app: Node 2 [produce_block] queue size: 2, attempting up to 2 transactions this block    
2026-08-10T05:52:12.232345Z  WARN ThreadId(20) hotstuff_runner::app: Node 2 view(695) far exceeds block count (173); potential sync issue    
2026-08-10T05:52:12.262965Z  WARN ThreadId(20) hotstuff_runner::app: Node 2 [produce_block] queue size: 0, attempting up to 0 transactions this block    
2026-08-10T05:52:12.263157Z  WARN ThreadId(20) hotstuff_runner::app: Node 2 view(699) far exceeds block count (174); potential sync issue    
2026-08-10T05:52:12.304948Z  WARN ThreadId(20) hotstuff_runner::app: Node 2 [produce_block] queue size: 0, attempting up to 0 transactions this block    
2026-08-10T05:52:12.306387Z  WARN ThreadId(20) hotstuff_runner::app: Node 2 view(703) far exceeds block count (175); potential sync issue    
2026-08-10T05:52:12.371824Z  WARN ThreadId(20) hotstuff_runner::app: Node 2 [produce_block] queue size: 0, attempting up to 0 transactions this block    
2026-08-10T05:52:12.372135Z  WARN ThreadId(20) hotstuff_runner::app: Node 2 view(707) far exceeds block count (176); potential sync issue    
2026-08-10T05:52:12.423958Z  WARN ThreadId(20) hotstuff_runner::app: Node 2 [produce_block] queue size: 0, attempting up to 0 transactions this block    
2026-08-10T05:52:12.424484Z  WARN ThreadId(20) hotstuff_runner::app: Node 2 view(711) far exceeds block count (177); potential sync issue    
2026-08-10T05:52:12.469098Z  WARN ThreadId(20) hotstuff_runner::app: Node 2 [produce_block] queue size: 2, attempting up to 2 transactions this block    
2026-08-10T05:52:12.469433Z  WARN ThreadId(20) hotstuff_runner::app: Node 2 view(715) far exceeds block count (178); potential sync issue    
2026-08-10T05:52:12.501667Z  WARN ThreadId(20) hotstuff_runner::app: Node 2 [produce_block] queue size: 0, attempting up to 0 transactions this block    
2026-08-10T05:52:12.504576Z  WARN ThreadId(20) hotstuff_runner::app: Node 2 view(719) far exceeds block count (179); potential sync issue    
2026-08-10T05:52:12.544573Z  WARN ThreadId(20) hotstuff_runner::app: Node 2 [produce_block] queue size: 0, attempting up to 0 transactions this block    
2026-08-10T05:52:12.545398Z  WARN ThreadId(20) hotstuff_runner::app: Node 2 view(723) far exceeds block count (180); potential sync issue    
2026-08-10T05:52:12.585771Z  WARN ThreadId(20) hotstuff_runner::app: Node 2 [produce_block] queue size: 0, attempting up to 0 transactions this block    
2026-08-10T05:52:12.588372Z  WARN ThreadId(20) hotstuff_runner::app: Node 2 view(727) far exceeds block count (181); potential sync issue    
2026-08-10T05:52:12.633312Z  WARN ThreadId(20) hotstuff_runner::app: Node 2 [produce_block] queue size: 2, attempting up to 2 transactions this block    
2026-08-10T05:52:12.633797Z  WARN ThreadId(20) hotstuff_runner::app: Node 2 view(731) far exceeds block count (182); potential sync issue    
2026-08-10T05:52:12.711132Z  WARN ThreadId(20) hotstuff_runner::app: Node 2 [produce_block] queue size: 0, attempting up to 0 transactions this block    
2026-08-10T05:52:12.714159Z  WARN ThreadId(20) hotstuff_runner::app: Node 2 view(735) far exceeds block count (183); potential sync issue    
2026-08-10T05:52:12.747054Z  WARN ThreadId(20) hotstuff_runner::app: Node 2 [produce_block] queue size: 0, attempting up to 0 transactions this block    
2026-08-10T05:52:12.747619Z  WARN ThreadId(20) hotstuff_runner::app: Node 2 view(739) far exceeds block count (184); potential sync issue    
2026-08-10T05:52:12.773844Z  WARN ThreadId(20) hotstuff_runner::app: Node 2 [produce_block] queue size: 0, attempting up to 0 transactions this block    
2026-08-10T05:52:12.774984Z  WARN ThreadId(20) hotstuff_runner::app: Node 2 view(743) far exceeds block count (185); potential sync issue    
2026-08-10T05:52:12.852560Z  WARN ThreadId(20) hotstuff_runner::app: Node 2 [produce_block] queue size: 2, attempting up to 2 transactions this block    
2026-08-10T05:52:12.853843Z  WARN ThreadId(20) hotstuff_runner::app: Node 2 view(747) far exceeds block count (186); potential sync issue    
2026-08-10T05:52:12.898816Z  WARN ThreadId(20) hotstuff_runner::app: Node 2 [produce_block] queue size: 0, attempting up to 0 transactions this block    
2026-08-10T05:52:12.904096Z  WARN ThreadId(20) hotstuff_runner::app: Node 2 view(751) far exceeds block count (187); potential sync issue    
2026-08-10T05:52:12.947576Z  WARN ThreadId(20) hotstuff_runner::app: Node 2 [produce_block] queue size: 0, attempting up to 0 transactions this block    
2026-08-10T05:52:12.948438Z  WARN ThreadId(20) hotstuff_runner::app: Node 2 view(755) far exceeds block count (188); potential sync issue    
2026-08-10T05:52:13.001502Z  WARN ThreadId(20) hotstuff_runner::app: Node 2 [produce_block] queue size: 0, attempting up to 0 transactions this block    
2026-08-10T05:52:13.003508Z  WARN ThreadId(20) hotstuff_runner::app: Node 2 view(759) far exceeds block count (189); potential sync issue    
2026-08-10T05:52:13.029167Z  WARN ThreadId(20) hotstuff_runner::app: Node 2 [produce_block] queue size: 2, attempting up to 2 transactions this block    
2026-08-10T05:52:13.030004Z  WARN ThreadId(20) hotstuff_runner::app: Node 2 view(763) far exceeds block count (190); potential sync issue    
2026-08-10T05:52:13.064852Z  WARN ThreadId(20) hotstuff_runner::app: Node 2 [produce_block] queue size: 0, attempting up to 0 transactions this block    
2026-08-10T05:52:13.065319Z  WARN ThreadId(20) hotstuff_runner::app: Node 2 view(767) far exceeds block count (191); potential sync issue    
2026-08-10T05:52:13.101050Z  WARN ThreadId(20) hotstuff_runner::app: Node 2 [produce_block] queue size: 0, attempting up to 0 transactions this block    
2026-08-10T05:52:13.102824Z  WARN ThreadId(20) hotstuff_runner::app: Node 2 view(771) far exceeds block count (192); potential sync issue    
2026-08-10T05:52:13.123171Z  WARN ThreadId(20) hotstuff_runner::app: Node 2 [produce_block] queue size: 0, attempting up to 0 transactions this block    
2026-08-10T05:52:13.123466Z  WARN ThreadId(20) hotstuff_runner::app: Node 2 view(775) far exceeds block count (193); potential sync issue    
2026-08-10T05:52:13.159460Z  WARN ThreadId(20) hotstuff_runner::app: Node 2 [produce_block] queue size: 0, attempting up to 0 transactions this block    
2026-08-10T05:52:13.159808Z  WARN ThreadId(20) hotstuff_runner::app: Node 2 view(779) far exceeds block count (194); potential sync issue    
2026-08-10T05:52:13.198893Z  WARN ThreadId(20) hotstuff_runner::app: Node 2 [produce_block] queue size: 0, attempting up to 0 transactions this block    
2026-08-10T05:52:13.199651Z  WARN ThreadId(20) hotstuff_runner::app: Node 2 view(783) far exceeds block count (195); potential sync issue    
2026-08-10T05:52:13.238988Z  WARN ThreadId(20) hotstuff_runner::app: Node 2 [produce_block] queue size: 2, attempting up to 2 transactions this block    
2026-08-10T05:52:13.239815Z  WARN ThreadId(20) hotstuff_runner::app: Node 2 view(787) far exceeds block count (196); potential sync issue    
2026-08-10T05:52:13.282845Z  WARN ThreadId(20) hotstuff_runner::app: Node 2 [produce_block] queue size: 0, attempting up to 0 transactions this block    
2026-08-10T05:52:13.282972Z  WARN ThreadId(20) hotstuff_runner::app: Node 2 view(791) far exceeds block count (197); potential sync issue    
2026-08-10T05:52:13.355514Z  WARN ThreadId(20) hotstuff_runner::app: Node 2 [produce_block] queue size: 0, attempting up to 0 transactions this block    
2026-08-10T05:52:13.411544Z  WARN ThreadId(20) hotstuff_runner::app: Node 2 view(795) far exceeds block count (198); potential sync issue    
2026-08-10T05:52:13.445323Z  WARN ThreadId(20) hotstuff_runner::app: Node 2 [produce_block] queue size: 2, attempting up to 2 transactions this block    
2026-08-10T05:52:13.446108Z  WARN ThreadId(20) hotstuff_runner::app: Node 2 view(799) far exceeds block count (199); potential sync issue    
2026-08-10T05:52:13.520369Z  WARN ThreadId(20) hotstuff_runner::app: Node 2 [produce_block] queue size: 0, attempting up to 0 transactions this block    
2026-08-10T05:52:13.522456Z  WARN ThreadId(20) hotstuff_runner::app: Node 2 view(803) far exceeds block count (200); potential sync issue    
2026-08-10T05:52:13.573212Z  WARN ThreadId(20) hotstuff_runner::app: Node 2 [produce_block] queue size: 0, attempting up to 0 transactions this block    
2026-08-10T05:52:13.574155Z  WARN ThreadId(20) hotstuff_runner::app: Node 2 view(807) far exceeds block count (201); potential sync issue    
2026-08-10T05:52:13.618303Z  WARN ThreadId(20) hotstuff_runner::app: Node 2 [produce_block] queue size: 2, attempting up to 2 transactions this block    
2026-08-10T05:52:13.621122Z  WARN ThreadId(20) hotstuff_runner::app: Node 2 view(811) far exceeds block count (202); potential sync issue    
2026-08-10T05:52:13.665063Z  WARN ThreadId(20) hotstuff_runner::app: Node 2 [produce_block] queue size: 0, attempting up to 0 transactions this block    
2026-08-10T05:52:13.666118Z  WARN ThreadId(20) hotstuff_runner::app: Node 2 view(815) far exceeds block count (203); potential sync issue    
2026-08-10T05:52:13.707059Z  WARN ThreadId(20) hotstuff_runner::app: Node 2 [produce_block] queue size: 0, attempting up to 0 transactions this block    
2026-08-10T05:52:13.707360Z  WARN ThreadId(20) hotstuff_runner::app: Node 2 view(819) far exceeds block count (204); potential sync issue    
2026-08-10T05:52:13.750388Z  WARN ThreadId(20) hotstuff_runner::app: Node 2 [produce_block] queue size: 0, attempting up to 0 transactions this block    
2026-08-10T05:52:13.751089Z  WARN ThreadId(20) hotstuff_runner::app: Node 2 view(823) far exceeds block count (205); potential sync issue    
2026-08-10T05:52:13.785622Z  WARN ThreadId(20) hotstuff_runner::app: Node 2 [produce_block] queue size: 0, attempting up to 0 transactions this block    
2026-08-10T05:52:13.788594Z  WARN ThreadId(20) hotstuff_runner::app: Node 2 view(827) far exceeds block count (206); potential sync issue    
2026-08-10T05:52:13.823780Z  WARN ThreadId(20) hotstuff_runner::app: Node 2 [produce_block] queue size: 0, attempting up to 0 transactions this block    
2026-08-10T05:52:13.823909Z  WARN ThreadId(20) hotstuff_runner::app: Node 2 view(831) far exceeds block count (207); potential sync issue    
2026-08-10T05:52:13.851958Z  WARN ThreadId(20) hotstuff_runner::app: Node 2 [produce_block] queue size: 2, attempting up to 2 transactions this block    
2026-08-10T05:52:13.853057Z  WARN ThreadId(20) hotstuff_runner::app: Node 2 view(835) far exceeds block count (208); potential sync issue    
2026-08-10T05:52:13.887141Z  WARN ThreadId(09) docker_node:   Connection reuse ineffective (48.7 msg/conn)
2026-08-10T05:52:13.935852Z  WARN ThreadId(20) hotstuff_runner::app: Node 2 [produce_block] queue size: 0, attempting up to 0 transactions this block    
2026-08-10T05:52:13.936510Z  WARN ThreadId(20) hotstuff_runner::app: Node 2 view(839) far exceeds block count (209); potential sync issue    
2026-08-10T05:52:14.004451Z  WARN ThreadId(20) hotstuff_runner::app: Node 2 [produce_block] queue size: 0, attempting up to 0 transactions this block    
2026-08-10T05:52:14.005162Z  WARN ThreadId(20) hotstuff_runner::app: Node 2 view(843) far exceeds block count (210); potential sync issue    
2026-08-10T05:52:14.112803Z  WARN ThreadId(20) hotstuff_runner::app: Node 2 [produce_block] queue size: 2, attempting up to 2 transactions this block    
2026-08-10T05:52:14.113208Z  WARN ThreadId(20) hotstuff_runner::app: Node 2 view(847) far exceeds block count (211); potential sync issue    
2026-08-10T05:52:14.147685Z  WARN ThreadId(20) hotstuff_runner::app: Node 2 [produce_block] queue size: 0, attempting up to 0 transactions this block    
2026-08-10T05:52:14.147995Z  WARN ThreadId(20) hotstuff_runner::app: Node 2 view(851) far exceeds block count (212); potential sync issue    
2026-08-10T05:52:14.294831Z  WARN ThreadId(20) hotstuff_runner::app: Node 2 [produce_block] queue size: 2, attempting up to 2 transactions this block    
2026-08-10T05:52:14.294981Z  WARN ThreadId(20) hotstuff_runner::app: Node 2 view(855) far exceeds block count (213); potential sync issue    
2026-08-10T05:52:14.378784Z  WARN ThreadId(20) hotstuff_runner::app: Node 2 [produce_block] queue size: 0, attempting up to 0 transactions this block    
2026-08-10T05:52:14.379651Z  WARN ThreadId(20) hotstuff_runner::app: Node 2 view(859) far exceeds block count (214); potential sync issue    
2026-08-10T05:52:14.422036Z  WARN ThreadId(20) hotstuff_runner::app: Node 2 [produce_block] queue size: 0, attempting up to 0 transactions this block    
2026-08-10T05:52:14.423459Z  WARN ThreadId(20) hotstuff_runner::app: Node 2 view(863) far exceeds block count (215); potential sync issue    
2026-08-10T05:52:14.463960Z  WARN ThreadId(20) hotstuff_runner::app: Node 2 [produce_block] queue size: 0, attempting up to 0 transactions this block    
2026-08-10T05:52:14.464455Z  WARN ThreadId(20) hotstuff_runner::app: Node 2 view(867) far exceeds block count (216); potential sync issue    
2026-08-10T05:52:14.521146Z  WARN ThreadId(20) hotstuff_runner::app: Node 2 [produce_block] queue size: 0, attempting up to 0 transactions this block    
2026-08-10T05:52:14.521819Z  WARN ThreadId(20) hotstuff_runner::app: Node 2 view(871) far exceeds block count (217); potential sync issue    
2026-08-10T05:52:14.548531Z  WARN ThreadId(20) hotstuff_runner::app: Node 2 [produce_block] queue size: 0, attempting up to 0 transactions this block    
2026-08-10T05:52:14.549491Z  WARN ThreadId(20) hotstuff_runner::app: Node 2 view(875) far exceeds block count (218); potential sync issue    
2026-08-10T05:52:14.585638Z  WARN ThreadId(20) hotstuff_runner::app: Node 2 [produce_block] queue size: 0, attempting up to 0 transactions this block    
2026-08-10T05:52:14.585925Z  WARN ThreadId(20) hotstuff_runner::app: Node 2 view(879) far exceeds block count (219); potential sync issue    
2026-08-10T05:52:14.621113Z  WARN ThreadId(20) hotstuff_runner::app: Node 2 [produce_block] queue size: 0, attempting up to 0 transactions this block    
2026-08-10T05:52:14.622618Z  WARN ThreadId(20) hotstuff_runner::app: Node 2 view(883) far exceeds block count (220); potential sync issue    
2026-08-10T05:52:14.687589Z  WARN ThreadId(20) hotstuff_runner::app: Node 2 [produce_block] queue size: 2, attempting up to 2 transactions this block    
2026-08-10T05:52:14.689243Z  WARN ThreadId(20) hotstuff_runner::app: Node 2 view(887) far exceeds block count (221); potential sync issue    
2026-08-10T05:52:14.750711Z  WARN ThreadId(20) hotstuff_runner::app: Node 2 [produce_block] queue size: 0, attempting up to 0 transactions this block    
2026-08-10T05:52:14.751316Z  WARN ThreadId(20) hotstuff_runner::app: Node 2 view(891) far exceeds block count (222); potential sync issue    
2026-08-10T05:52:14.821795Z  WARN ThreadId(20) hotstuff_runner::app: Node 2 [produce_block] queue size: 0, attempting up to 0 transactions this block    
2026-08-10T05:52:14.824084Z  WARN ThreadId(20) hotstuff_runner::app: Node 2 view(895) far exceeds block count (223); potential sync issue    
2026-08-10T05:52:14.884093Z  WARN ThreadId(20) hotstuff_runner::app: Node 2 [produce_block] queue size: 2, attempting up to 2 transactions this block    
2026-08-10T05:52:14.889404Z  WARN ThreadId(20) hotstuff_runner::app: Node 2 view(899) far exceeds block count (224); potential sync issue    
2026-08-10T05:52:14.977382Z  WARN ThreadId(20) hotstuff_runner::app: Node 2 [produce_block] queue size: 0, attempting up to 0 transactions this block    
2026-08-10T05:52:14.978301Z  WARN ThreadId(20) hotstuff_runner::app: Node 2 view(903) far exceeds block count (225); potential sync issue    
2026-08-10T05:52:15.005754Z  WARN ThreadId(20) hotstuff_runner::app: Node 2 [produce_block] queue size: 0, attempting up to 0 transactions this block    
2026-08-10T05:52:15.007083Z  WARN ThreadId(20) hotstuff_runner::app: Node 2 view(907) far exceeds block count (226); potential sync issue    
2026-08-10T05:52:15.064834Z  WARN ThreadId(20) hotstuff_runner::app: Node 2 [produce_block] queue size: 2, attempting up to 2 transactions this block    
2026-08-10T05:52:15.073694Z  WARN ThreadId(20) hotstuff_runner::app: Node 2 view(911) far exceeds block count (227); potential sync issue    
2026-08-10T05:52:15.125709Z  WARN ThreadId(20) hotstuff_runner::app: Node 2 [produce_block] queue size: 0, attempting up to 0 transactions this block    
2026-08-10T05:52:15.129949Z  WARN ThreadId(20) hotstuff_runner::app: Node 2 view(915) far exceeds block count (228); potential sync issue    
2026-08-10T05:52:15.179362Z  WARN ThreadId(20) hotstuff_runner::app: Node 2 [produce_block] queue size: 0, attempting up to 0 transactions this block    
2026-08-10T05:52:15.179901Z  WARN ThreadId(20) hotstuff_runner::app: Node 2 view(919) far exceeds block count (229); potential sync issue    
2026-08-10T05:52:15.218404Z  WARN ThreadId(20) hotstuff_runner::app: Node 2 [produce_block] queue size: 0, attempting up to 0 transactions this block    
2026-08-10T05:52:15.218575Z  WARN ThreadId(20) hotstuff_runner::app: Node 2 view(923) far exceeds block count (230); potential sync issue    
2026-08-10T05:52:15.257349Z  WARN ThreadId(20) hotstuff_runner::app: Node 2 [produce_block] queue size: 0, attempting up to 0 transactions this block    
2026-08-10T05:52:15.257976Z  WARN ThreadId(20) hotstuff_runner::app: Node 2 view(927) far exceeds block count (231); potential sync issue    
2026-08-10T05:52:15.313863Z  WARN ThreadId(20) hotstuff_runner::app: Node 2 [produce_block] queue size: 2, attempting up to 2 transactions this block    
2026-08-10T05:52:15.314010Z  WARN ThreadId(20) hotstuff_runner::app: Node 2 view(931) far exceeds block count (232); potential sync issue    
2026-08-10T05:52:15.355786Z  WARN ThreadId(20) hotstuff_runner::app: Node 2 [produce_block] queue size: 0, attempting up to 0 transactions this block    
2026-08-10T05:52:15.355999Z  WARN ThreadId(20) hotstuff_runner::app: Node 2 view(935) far exceeds block count (233); potential sync issue    
2026-08-10T05:52:15.388788Z  WARN ThreadId(20) hotstuff_runner::app: Node 2 [produce_block] queue size: 0, attempting up to 0 transactions this block    
2026-08-10T05:52:15.389293Z  WARN ThreadId(20) hotstuff_runner::app: Node 2 view(939) far exceeds block count (234); potential sync issue    
2026-08-10T05:52:15.427350Z  WARN ThreadId(20) hotstuff_runner::app: Node 2 [produce_block] queue size: 0, attempting up to 0 transactions this block    
2026-08-10T05:52:15.427699Z  WARN ThreadId(20) hotstuff_runner::app: Node 2 view(943) far exceeds block count (235); potential sync issue    
2026-08-10T05:52:15.474579Z  WARN ThreadId(20) hotstuff_runner::app: Node 2 [produce_block] queue size: 0, attempting up to 0 transactions this block    
2026-08-10T05:52:15.474818Z  WARN ThreadId(20) hotstuff_runner::app: Node 2 view(947) far exceeds block count (236); potential sync issue    
2026-08-10T05:52:15.513764Z  WARN ThreadId(20) hotstuff_runner::app: Node 2 [produce_block] queue size: 2, attempting up to 2 transactions this block    
2026-08-10T05:52:15.514467Z  WARN ThreadId(20) hotstuff_runner::app: Node 2 view(951) far exceeds block count (237); potential sync issue    
2026-08-10T05:52:15.565112Z  WARN ThreadId(20) hotstuff_runner::app: Node 2 [produce_block] queue size: 0, attempting up to 0 transactions this block    
2026-08-10T05:52:15.566305Z  WARN ThreadId(20) hotstuff_runner::app: Node 2 view(955) far exceeds block count (238); potential sync issue    
2026-08-10T05:52:15.601615Z  WARN ThreadId(20) hotstuff_runner::app: Node 2 [produce_block] queue size: 0, attempting up to 0 transactions this block    
2026-08-10T05:52:15.602247Z  WARN ThreadId(20) hotstuff_runner::app: Node 2 view(959) far exceeds block count (239); potential sync issue    
2026-08-10T05:52:15.639871Z  WARN ThreadId(20) hotstuff_runner::app: Node 2 [produce_block] queue size: 0, attempting up to 0 transactions this block    
2026-08-10T05:52:15.642660Z  WARN ThreadId(20) hotstuff_runner::app: Node 2 view(963) far exceeds block count (240); potential sync issue    
2026-08-10T05:52:15.688766Z  WARN ThreadId(20) hotstuff_runner::app: Node 2 [produce_block] queue size: 0, attempting up to 0 transactions this block    
2026-08-10T05:52:15.689170Z  WARN ThreadId(20) hotstuff_runner::app: Node 2 view(967) far exceeds block count (241); potential sync issue    
2026-08-10T05:52:15.731558Z  WARN ThreadId(20) hotstuff_runner::app: Node 2 [produce_block] queue size: 2, attempting up to 2 transactions this block    
2026-08-10T05:52:15.732717Z  WARN ThreadId(20) hotstuff_runner::app: Node 2 view(971) far exceeds block count (242); potential sync issue    
2026-08-10T05:52:15.875960Z  WARN ThreadId(20) hotstuff_runner::app: Node 2 [produce_block] queue size: 0, attempting up to 0 transactions this block    
2026-08-10T05:52:15.876163Z  WARN ThreadId(20) hotstuff_runner::app: Node 2 view(975) far exceeds block count (243); potential sync issue    
2026-08-10T05:52:15.924661Z  WARN ThreadId(20) hotstuff_runner::app: Node 2 [produce_block] queue size: 2, attempting up to 2 transactions this block    
2026-08-10T05:52:15.924903Z  WARN ThreadId(20) hotstuff_runner::app: Node 2 view(979) far exceeds block count (244); potential sync issue    
2026-08-10T05:52:15.970799Z  WARN ThreadId(20) hotstuff_runner::app: Node 2 [produce_block] queue size: 0, attempting up to 0 transactions this block    
2026-08-10T05:52:15.971527Z  WARN ThreadId(20) hotstuff_runner::app: Node 2 view(983) far exceeds block count (245); potential sync issue    
2026-08-10T05:52:16.012977Z  WARN ThreadId(20) hotstuff_rs::block_tree::invariants: SAFE_PC_FAIL: pc.block=[95, 63, 189, 144, 123, 35, 132, 191, 188, 192, 142, 230, 159, 233, 75, 38, 65, 137, 188, 137, 195, 215, 12, 185, 154, 55, 44, 225, 19, 88, 140, 53] view=985 phase=Generic | cond1(chain_id/genesis)=true (pc.chain_id=0, my.chain_id=0) | cond2(block_exists/genesis)=false (exists=false) | cond3(view>locked || extends)=true (pc.view=985, locked.view=982, extends=false) | cond4(phase/updates)=true (phase_special=false, has_updates=false) | highest_pc.block=[251, 52, 189, 254, 210, 19, 12, 155, 135, 178, 3, 160, 226, 56, 48, 92, 239, 50, 6, 196, 3, 219, 175, 60, 15, 214, 4, 112, 60, 181, 253, 93] highest_pc.view=983 locked.block=[94, 124, 175, 206, 119, 234, 240, 76, 51, 77, 13, 217, 89, 167, 182, 124, 221, 130, 133, 186, 187, 55, 74, 102, 28, 15, 125, 148, 33, 147, 122, 16] locked.view=982    
2026-08-10T05:52:16.013144Z  WARN ThreadId(20) hotstuff_rs::block_tree::invariants: SAFE_BLOCK_FAIL: block=[180, 220, 115, 44, 68, 156, 237, 124, 54, 84, 233, 166, 196, 59, 40, 25, 45, 215, 176, 27, 155, 197, 40, 250, 164, 43, 195, 96, 218, 141, 161, 131] height=None | cond1(safe_pc)=false | cond2(is_block_justify)=true (justify.phase=Generic) | justify.block=[95, 63, 189, 144, 123, 35, 132, 191, 188, 192, 142, 230, 159, 233, 75, 38, 65, 137, 188, 137, 195, 215, 12, 185, 154, 55, 44, 225, 19, 88, 140, 53] justify.view=985 | highest_pc.block=[251, 52, 189, 254, 210, 19, 12, 155, 135, 178, 3, 160, 226, 56, 48, 92, 239, 50, 6, 196, 3, 219, 175, 60, 15, 214, 4, 112, 60, 181, 253, 93] highest_pc.view=983 | locked.block=[94, 124, 175, 206, 119, 234, 240, 76, 51, 77, 13, 217, 89, 167, 182, 124, 221, 130, 133, 186, 187, 55, 74, 102, 28, 15, 125, 148, 33, 147, 122, 16] locked.view=982    
2026-08-10T05:52:16.019954Z  WARN ThreadId(20) hotstuff_rs::block_tree::invariants: SAFE_PC_FAIL: pc.block=[180, 220, 115, 44, 68, 156, 237, 124, 54, 84, 233, 166, 196, 59, 40, 25, 45, 215, 176, 27, 155, 197, 40, 250, 164, 43, 195, 96, 218, 141, 161, 131] view=986 phase=Generic | cond1(chain_id/genesis)=true (pc.chain_id=0, my.chain_id=0) | cond2(block_exists/genesis)=false (exists=false) | cond3(view>locked || extends)=true (pc.view=986, locked.view=982, extends=false) | cond4(phase/updates)=true (phase_special=false, has_updates=false) | highest_pc.block=[251, 52, 189, 254, 210, 19, 12, 155, 135, 178, 3, 160, 226, 56, 48, 92, 239, 50, 6, 196, 3, 219, 175, 60, 15, 214, 4, 112, 60, 181, 253, 93] highest_pc.view=983 locked.block=[94, 124, 175, 206, 119, 234, 240, 76, 51, 77, 13, 217, 89, 167, 182, 124, 221, 130, 133, 186, 187, 55, 74, 102, 28, 15, 125, 148, 33, 147, 122, 16] locked.view=982    
2026-08-10T05:52:16.511444Z  WARN ThreadId(20) hotstuff_runner::app: Node 2 [produce_block] queue size: 4, attempting up to 4 transactions this block    
2026-08-10T05:52:16.513501Z  WARN ThreadId(20) hotstuff_runner::app: Node 2 view(987) far exceeds block count (246); potential sync issue    
2026-08-10T05:52:16.552307Z  WARN ThreadId(20) hotstuff_runner::app: Node 2 [produce_block] queue size: 0, attempting up to 0 transactions this block    
2026-08-10T05:52:16.553334Z  WARN ThreadId(20) hotstuff_runner::app: Node 2 view(991) far exceeds block count (247); potential sync issue    
2026-08-10T05:52:16.598295Z  WARN ThreadId(20) hotstuff_runner::app: Node 2 [produce_block] queue size: 0, attempting up to 0 transactions this block    
2026-08-10T05:52:16.599796Z  WARN ThreadId(20) hotstuff_runner::app: Node 2 view(995) far exceeds block count (248); potential sync issue    
2026-08-10T05:52:16.637522Z  WARN ThreadId(20) hotstuff_runner::app: Node 2 [produce_block] queue size: 0, attempting up to 0 transactions this block    
2026-08-10T05:52:16.637637Z  WARN ThreadId(20) hotstuff_runner::app: Node 2 view(999) far exceeds block count (249); potential sync issue    
2026-08-10T05:52:16.686085Z  WARN ThreadId(20) hotstuff_runner::app: Node 2 [produce_block] queue size: 0, attempting up to 0 transactions this block    
2026-08-10T05:52:16.686766Z  WARN ThreadId(20) hotstuff_runner::app: Node 2 view(1003) far exceeds block count (250); potential sync issue    
2026-08-10T05:52:16.720274Z  WARN ThreadId(20) hotstuff_runner::app: Node 2 [produce_block] queue size: 2, attempting up to 2 transactions this block    
2026-08-10T05:52:16.722119Z  WARN ThreadId(20) hotstuff_runner::app: Node 2 view(1007) far exceeds block count (251); potential sync issue    
2026-08-10T05:52:16.757520Z  WARN ThreadId(20) hotstuff_runner::app: Node 2 [produce_block] queue size: 0, attempting up to 0 transactions this block    
2026-08-10T05:52:16.757682Z  WARN ThreadId(20) hotstuff_runner::app: Node 2 view(1011) far exceeds block count (252); potential sync issue    
2026-08-10T05:52:16.791079Z  WARN ThreadId(20) hotstuff_runner::app: Node 2 [produce_block] queue size: 0, attempting up to 0 transactions this block    
2026-08-10T05:52:16.791181Z  WARN ThreadId(20) hotstuff_runner::app: Node 2 view(1015) far exceeds block count (253); potential sync issue    
2026-08-10T05:52:16.832087Z  WARN ThreadId(20) hotstuff_runner::app: Node 2 [produce_block] queue size: 0, attempting up to 0 transactions this block    
2026-08-10T05:52:16.832207Z  WARN ThreadId(20) hotstuff_runner::app: Node 2 view(1019) far exceeds block count (254); potential sync issue    
2026-08-10T05:52:16.873442Z  WARN ThreadId(20) hotstuff_runner::app: Node 2 [produce_block] queue size: 0, attempting up to 0 transactions this block    
2026-08-10T05:52:16.874648Z  WARN ThreadId(20) hotstuff_runner::app: Node 2 view(1023) far exceeds block count (255); potential sync issue    
2026-08-10T05:52:16.908459Z  WARN ThreadId(20) hotstuff_runner::app: Node 2 [produce_block] queue size: 0, attempting up to 0 transactions this block    
2026-08-10T05:52:16.909124Z  WARN ThreadId(20) hotstuff_runner::app: Node 2 view(1027) far exceeds block count (256); potential sync issue    
2026-08-10T05:52:16.956166Z  WARN ThreadId(20) hotstuff_runner::app: Node 2 [produce_block] queue size: 2, attempting up to 2 transactions this block    
2026-08-10T05:52:16.966984Z  WARN ThreadId(20) hotstuff_runner::app: Node 2 view(1031) far exceeds block count (257); potential sync issue    
2026-08-10T05:52:17.064030Z  WARN ThreadId(20) hotstuff_runner::app: Node 2 [produce_block] queue size: 0, attempting up to 0 transactions this block    
2026-08-10T05:52:17.064404Z  WARN ThreadId(20) hotstuff_runner::app: Node 2 view(1035) far exceeds block count (258); potential sync issue    
2026-08-10T05:52:17.121873Z  WARN ThreadId(20) hotstuff_runner::app: Node 2 [produce_block] queue size: 2, attempting up to 2 transactions this block    
2026-08-10T05:52:17.122062Z  WARN ThreadId(20) hotstuff_runner::app: Node 2 view(1039) far exceeds block count (259); potential sync issue    
2026-08-10T05:52:17.155640Z  WARN ThreadId(20) hotstuff_runner::app: Node 2 [produce_block] queue size: 0, attempting up to 0 transactions this block    
2026-08-10T05:52:17.157199Z  WARN ThreadId(20) hotstuff_runner::app: Node 2 view(1043) far exceeds block count (260); potential sync issue    
2026-08-10T05:52:17.195096Z  WARN ThreadId(20) hotstuff_runner::app: Node 2 [produce_block] queue size: 0, attempting up to 0 transactions this block    
2026-08-10T05:52:17.197949Z  WARN ThreadId(20) hotstuff_runner::app: Node 2 view(1047) far exceeds block count (261); potential sync issue    
2026-08-10T05:52:17.258905Z  WARN ThreadId(20) hotstuff_runner::app: Node 2 [produce_block] queue size: 0, attempting up to 0 transactions this block    
2026-08-10T05:52:17.259201Z  WARN ThreadId(20) hotstuff_runner::app: Node 2 view(1051) far exceeds block count (262); potential sync issue    
2026-08-10T05:52:17.309744Z  WARN ThreadId(20) hotstuff_runner::app: Node 2 [produce_block] queue size: 0, attempting up to 0 transactions this block    
2026-08-10T05:52:17.310613Z  WARN ThreadId(20) hotstuff_runner::app: Node 2 view(1055) far exceeds block count (263); potential sync issue    
2026-08-10T05:52:17.348752Z  WARN ThreadId(20) hotstuff_runner::app: Node 2 [produce_block] queue size: 2, attempting up to 2 transactions this block    
2026-08-10T05:52:17.349676Z  WARN ThreadId(20) hotstuff_runner::app: Node 2 view(1059) far exceeds block count (264); potential sync issue    
2026-08-10T05:52:17.396001Z  WARN ThreadId(20) hotstuff_runner::app: Node 2 [produce_block] queue size: 0, attempting up to 0 transactions this block    
2026-08-10T05:52:17.396390Z  WARN ThreadId(20) hotstuff_runner::app: Node 2 view(1063) far exceeds block count (265); potential sync issue    
2026-08-10T05:52:17.438994Z  WARN ThreadId(20) hotstuff_runner::app: Node 2 [produce_block] queue size: 0, attempting up to 0 transactions this block    
2026-08-10T05:52:17.439228Z  WARN ThreadId(20) hotstuff_runner::app: Node 2 view(1067) far exceeds block count (266); potential sync issue    
2026-08-10T05:52:17.486228Z  WARN ThreadId(20) hotstuff_runner::app: Node 2 [produce_block] queue size: 0, attempting up to 0 transactions this block    
2026-08-10T05:52:17.486749Z  WARN ThreadId(20) hotstuff_runner::app: Node 2 view(1071) far exceeds block count (267); potential sync issue    
2026-08-10T05:52:17.523134Z  WARN ThreadId(20) hotstuff_runner::app: Node 2 [produce_block] queue size: 0, attempting up to 0 transactions this block    
2026-08-10T05:52:17.523342Z  WARN ThreadId(20) hotstuff_runner::app: Node 2 view(1075) far exceeds block count (268); potential sync issue    
2026-08-10T05:52:17.560610Z  WARN ThreadId(20) hotstuff_runner::app: Node 2 [produce_block] queue size: 2, attempting up to 2 transactions this block    
2026-08-10T05:52:17.561214Z  WARN ThreadId(20) hotstuff_runner::app: Node 2 view(1079) far exceeds block count (269); potential sync issue    
2026-08-10T05:52:17.610824Z  WARN ThreadId(20) hotstuff_runner::app: Node 2 [produce_block] queue size: 0, attempting up to 0 transactions this block    
2026-08-10T05:52:17.611366Z  WARN ThreadId(20) hotstuff_runner::app: Node 2 view(1083) far exceeds block count (270); potential sync issue    
2026-08-10T05:52:17.661550Z  WARN ThreadId(20) hotstuff_runner::app: Node 2 [produce_block] queue size: 0, attempting up to 0 transactions this block    
2026-08-10T05:52:17.661707Z  WARN ThreadId(20) hotstuff_runner::app: Node 2 view(1087) far exceeds block count (271); potential sync issue    
2026-08-10T05:52:17.701479Z  WARN ThreadId(20) hotstuff_runner::app: Node 2 [produce_block] queue size: 2, attempting up to 2 transactions this block    
2026-08-10T05:52:17.701619Z  WARN ThreadId(20) hotstuff_runner::app: Node 2 view(1091) far exceeds block count (272); potential sync issue    
2026-08-10T05:52:17.738994Z  WARN ThreadId(20) hotstuff_runner::app: Node 2 [produce_block] queue size: 0, attempting up to 0 transactions this block    
2026-08-10T05:52:17.739355Z  WARN ThreadId(20) hotstuff_runner::app: Node 2 view(1095) far exceeds block count (273); potential sync issue    
2026-08-10T05:52:17.793757Z  WARN ThreadId(20) hotstuff_runner::app: Node 2 [produce_block] queue size: 0, attempting up to 0 transactions this block    
2026-08-10T05:52:17.794830Z  WARN ThreadId(20) hotstuff_runner::app: Node 2 view(1099) far exceeds block count (274); potential sync issue    
2026-08-10T05:52:17.834624Z  WARN ThreadId(20) hotstuff_runner::app: Node 2 [produce_block] queue size: 0, attempting up to 0 transactions this block    
2026-08-10T05:52:17.835575Z  WARN ThreadId(20) hotstuff_runner::app: Node 2 view(1103) far exceeds block count (275); potential sync issue    
2026-08-10T05:52:17.877710Z  WARN ThreadId(20) hotstuff_runner::app: Node 2 [produce_block] queue size: 0, attempting up to 0 transactions this block    
2026-08-10T05:52:17.877878Z  WARN ThreadId(20) hotstuff_runner::app: Node 2 view(1107) far exceeds block count (276); potential sync issue    
2026-08-10T05:52:17.910571Z  WARN ThreadId(20) hotstuff_runner::app: Node 2 [produce_block] queue size: 2, attempting up to 2 transactions this block    
2026-08-10T05:52:17.911163Z  WARN ThreadId(20) hotstuff_runner::app: Node 2 view(1111) far exceeds block count (277); potential sync issue    
2026-08-10T05:52:17.956265Z  WARN ThreadId(20) hotstuff_runner::app: Node 2 [produce_block] queue size: 0, attempting up to 0 transactions this block    
2026-08-10T05:52:17.956848Z  WARN ThreadId(20) hotstuff_runner::app: Node 2 view(1115) far exceeds block count (278); potential sync issue    
2026-08-10T05:52:18.003829Z  WARN ThreadId(20) hotstuff_runner::app: Node 2 [produce_block] queue size: 0, attempting up to 0 transactions this block    
2026-08-10T05:52:18.007187Z  WARN ThreadId(20) hotstuff_runner::app: Node 2 view(1119) far exceeds block count (279); potential sync issue    
2026-08-10T05:52:18.045080Z  WARN ThreadId(20) hotstuff_runner::app: Node 2 [produce_block] queue size: 0, attempting up to 0 transactions this block    
2026-08-10T05:52:18.045249Z  WARN ThreadId(20) hotstuff_runner::app: Node 2 view(1123) far exceeds block count (280); potential sync issue    
2026-08-10T05:52:18.082825Z  WARN ThreadId(20) hotstuff_runner::app: Node 2 [produce_block] queue size: 0, attempting up to 0 transactions this block    
2026-08-10T05:52:18.083100Z  WARN ThreadId(20) hotstuff_runner::app: Node 2 view(1127) far exceeds block count (281); potential sync issue    
2026-08-10T05:52:18.125577Z  WARN ThreadId(20) hotstuff_runner::app: Node 2 [produce_block] queue size: 0, attempting up to 0 transactions this block    
2026-08-10T05:52:18.125742Z  WARN ThreadId(20) hotstuff_runner::app: Node 2 view(1131) far exceeds block count (282); potential sync issue    
2026-08-10T05:52:18.160662Z  WARN ThreadId(20) hotstuff_runner::app: Node 2 [produce_block] queue size: 2, attempting up to 2 transactions this block    
2026-08-10T05:52:18.160927Z  WARN ThreadId(20) hotstuff_runner::app: Node 2 view(1135) far exceeds block count (283); potential sync issue    
2026-08-10T05:52:18.203059Z  WARN ThreadId(20) hotstuff_runner::app: Node 2 [produce_block] queue size: 0, attempting up to 0 transactions this block    
2026-08-10T05:52:18.203786Z  WARN ThreadId(20) hotstuff_runner::app: Node 2 view(1139) far exceeds block count (284); potential sync issue    
2026-08-10T05:52:18.250728Z  WARN ThreadId(20) hotstuff_runner::app: Node 2 [produce_block] queue size: 0, attempting up to 0 transactions this block    
2026-08-10T05:52:18.251484Z  WARN ThreadId(20) hotstuff_runner::app: Node 2 view(1143) far exceeds block count (285); potential sync issue    
2026-08-10T05:52:18.306281Z  WARN ThreadId(20) hotstuff_runner::app: Node 2 [produce_block] queue size: 0, attempting up to 0 transactions this block    
2026-08-10T05:52:18.307855Z  WARN ThreadId(20) hotstuff_runner::app: Node 2 view(1147) far exceeds block count (286); potential sync issue    
2026-08-10T05:52:18.355388Z  WARN ThreadId(20) hotstuff_runner::app: Node 2 [produce_block] queue size: 2, attempting up to 2 transactions this block    
2026-08-10T05:52:18.355963Z  WARN ThreadId(20) hotstuff_runner::app: Node 2 view(1151) far exceeds block count (287); potential sync issue    
2026-08-10T05:52:18.381508Z  WARN ThreadId(20) hotstuff_runner::app: Node 2 [produce_block] queue size: 0, attempting up to 0 transactions this block    
2026-08-10T05:52:18.383216Z  WARN ThreadId(20) hotstuff_runner::app: Node 2 view(1155) far exceeds block count (288); potential sync issue    
2026-08-10T05:52:18.413819Z  WARN ThreadId(20) hotstuff_runner::app: Node 2 [produce_block] queue size: 0, attempting up to 0 transactions this block    
2026-08-10T05:52:18.414004Z  WARN ThreadId(20) hotstuff_runner::app: Node 2 view(1159) far exceeds block count (289); potential sync issue    
2026-08-10T05:52:18.467058Z  WARN ThreadId(20) hotstuff_runner::app: Node 2 [produce_block] queue size: 0, attempting up to 0 transactions this block    
2026-08-10T05:52:18.467732Z  WARN ThreadId(20) hotstuff_runner::app: Node 2 view(1163) far exceeds block count (290); potential sync issue    
2026-08-10T05:52:18.527038Z  WARN ThreadId(20) hotstuff_runner::app: Node 2 [produce_block] queue size: 0, attempting up to 0 transactions this block    
2026-08-10T05:52:18.527823Z  WARN ThreadId(20) hotstuff_runner::app: Node 2 view(1167) far exceeds block count (291); potential sync issue    
2026-08-10T05:52:18.582135Z  WARN ThreadId(20) hotstuff_runner::app: Node 2 [produce_block] queue size: 2, attempting up to 2 transactions this block    
2026-08-10T05:52:18.585678Z  WARN ThreadId(20) hotstuff_runner::app: Node 2 view(1171) far exceeds block count (292); potential sync issue    
2026-08-10T05:52:18.648929Z  WARN ThreadId(20) hotstuff_runner::app: Node 2 [produce_block] queue size: 0, attempting up to 0 transactions this block    
2026-08-10T05:52:18.651687Z  WARN ThreadId(20) hotstuff_runner::app: Node 2 view(1175) far exceeds block count (293); potential sync issue    
2026-08-10T05:52:18.733892Z  WARN ThreadId(20) hotstuff_runner::app: Node 2 [produce_block] queue size: 0, attempting up to 0 transactions this block    
2026-08-10T05:52:18.734339Z  WARN ThreadId(20) hotstuff_runner::app: Node 2 view(1179) far exceeds block count (294); potential sync issue    
2026-08-10T05:52:18.802019Z  WARN ThreadId(20) hotstuff_runner::app: Node 2 [produce_block] queue size: 2, attempting up to 2 transactions this block    
2026-08-10T05:52:18.804198Z  WARN ThreadId(20) hotstuff_runner::app: Node 2 view(1183) far exceeds block count (295); potential sync issue    
2026-08-10T05:52:18.877414Z  WARN ThreadId(20) hotstuff_runner::app: Node 2 [produce_block] queue size: 0, attempting up to 0 transactions this block    
2026-08-10T05:52:18.878237Z  WARN ThreadId(20) hotstuff_runner::app: Node 2 view(1187) far exceeds block count (296); potential sync issue    
2026-08-10T05:52:18.972631Z  WARN ThreadId(20) hotstuff_runner::app: Node 2 [produce_block] queue size: 0, attempting up to 0 transactions this block    
2026-08-10T05:52:18.982897Z  WARN ThreadId(20) hotstuff_runner::app: Node 2 view(1191) far exceeds block count (297); potential sync issue    
2026-08-10T05:52:19.029503Z  WARN ThreadId(20) hotstuff_runner::app: Node 2 [produce_block] queue size: 2, attempting up to 2 transactions this block    
2026-08-10T05:52:19.029973Z  WARN ThreadId(20) hotstuff_runner::app: Node 2 view(1195) far exceeds block count (298); potential sync issue    
2026-08-10T05:52:19.117095Z  WARN ThreadId(20) hotstuff_runner::app: Node 2 [produce_block] queue size: 0, attempting up to 0 transactions this block    
2026-08-10T05:52:19.117173Z  WARN ThreadId(20) hotstuff_runner::app: Node 2 view(1199) far exceeds block count (299); potential sync issue    
2026-08-10T05:52:19.190255Z  WARN ThreadId(20) hotstuff_runner::app: Node 2 [produce_block] queue size: 2, attempting up to 2 transactions this block    
2026-08-10T05:52:19.195337Z  WARN ThreadId(20) hotstuff_runner::app: Node 2 view(1203) far exceeds block count (300); potential sync issue    
2026-08-10T05:52:19.251940Z  WARN ThreadId(20) hotstuff_runner::app: Node 2 [produce_block] queue size: 0, attempting up to 0 transactions this block    
2026-08-10T05:52:19.252147Z  WARN ThreadId(20) hotstuff_runner::app: Node 2 view(1207) far exceeds block count (301); potential sync issue    
2026-08-10T05:52:19.314234Z  WARN ThreadId(20) hotstuff_runner::app: Node 2 [produce_block] queue size: 0, attempting up to 0 transactions this block    
2026-08-10T05:52:19.318526Z  WARN ThreadId(20) hotstuff_runner::app: Node 2 view(1211) far exceeds block count (302); potential sync issue    
2026-08-10T05:52:19.425474Z  WARN ThreadId(20) hotstuff_runner::app: Node 2 [produce_block] queue size: 2, attempting up to 2 transactions this block    
2026-08-10T05:52:19.426157Z  WARN ThreadId(20) hotstuff_runner::app: Node 2 view(1215) far exceeds block count (303); potential sync issue    
2026-08-10T05:52:19.480860Z  WARN ThreadId(20) hotstuff_runner::app: Node 2 [produce_block] queue size: 0, attempting up to 0 transactions this block    
2026-08-10T05:52:19.481649Z  WARN ThreadId(20) hotstuff_runner::app: Node 2 view(1219) far exceeds block count (304); potential sync issue    
2026-08-10T05:52:19.557095Z  WARN ThreadId(20) hotstuff_runner::app: Node 2 [produce_block] queue size: 0, attempting up to 0 transactions this block    
2026-08-10T05:52:19.557605Z  WARN ThreadId(20) hotstuff_runner::app: Node 2 view(1223) far exceeds block count (305); potential sync issue    
2026-08-10T05:52:19.620893Z  WARN ThreadId(20) hotstuff_runner::app: Node 2 [produce_block] queue size: 2, attempting up to 2 transactions this block    
2026-08-10T05:52:19.624083Z  WARN ThreadId(20) hotstuff_runner::app: Node 2 view(1227) far exceeds block count (306); potential sync issue    
2026-08-10T05:52:19.672170Z  WARN ThreadId(20) hotstuff_runner::app: Node 2 [produce_block] queue size: 0, attempting up to 0 transactions this block    
2026-08-10T05:52:19.672422Z  WARN ThreadId(20) hotstuff_runner::app: Node 2 view(1231) far exceeds block count (307); potential sync issue    
2026-08-10T05:52:19.759760Z  WARN ThreadId(20) hotstuff_runner::app: Node 2 [produce_block] queue size: 0, attempting up to 0 transactions this block    
2026-08-10T05:52:19.760033Z  WARN ThreadId(20) hotstuff_runner::app: Node 2 view(1235) far exceeds block count (308); potential sync issue    
2026-08-10T05:52:19.814502Z  WARN ThreadId(20) hotstuff_runner::app: Node 2 [produce_block] queue size: 0, attempting up to 0 transactions this block    
2026-08-10T05:52:19.815860Z  WARN ThreadId(20) hotstuff_runner::app: Node 2 view(1239) far exceeds block count (309); potential sync issue    
2026-08-10T05:52:19.880738Z  WARN ThreadId(20) hotstuff_runner::app: Node 2 [produce_block] queue size: 2, attempting up to 2 transactions this block    
2026-08-10T05:52:19.881445Z  WARN ThreadId(20) hotstuff_runner::app: Node 2 view(1243) far exceeds block count (310); potential sync issue    
2026-08-10T05:52:19.938629Z  WARN ThreadId(20) hotstuff_runner::app: Node 2 [produce_block] queue size: 0, attempting up to 0 transactions this block    
2026-08-10T05:52:19.939006Z  WARN ThreadId(20) hotstuff_runner::app: Node 2 view(1247) far exceeds block count (311); potential sync issue    
2026-08-10T05:52:20.042756Z  WARN ThreadId(20) hotstuff_runner::app: Node 2 [produce_block] queue size: 2, attempting up to 2 transactions this block    
2026-08-10T05:52:20.043573Z  WARN ThreadId(20) hotstuff_runner::app: Node 2 view(1251) far exceeds block count (312); potential sync issue    
2026-08-10T05:52:20.123329Z  WARN ThreadId(20) hotstuff_runner::app: Node 2 [produce_block] queue size: 0, attempting up to 0 transactions this block    
2026-08-10T05:52:20.124249Z  WARN ThreadId(20) hotstuff_runner::app: Node 2 view(1255) far exceeds block count (313); potential sync issue    
2026-08-10T05:52:20.176938Z  WARN ThreadId(20) hotstuff_runner::app: Node 2 [produce_block] queue size: 0, attempting up to 0 transactions this block    
2026-08-10T05:52:20.178919Z  WARN ThreadId(20) hotstuff_runner::app: Node 2 view(1259) far exceeds block count (314); potential sync issue    
2026-08-10T05:52:20.253295Z  WARN ThreadId(20) hotstuff_runner::app: Node 2 [produce_block] queue size: 2, attempting up to 2 transactions this block    
2026-08-10T05:52:20.253922Z  WARN ThreadId(20) hotstuff_runner::app: Node 2 view(1263) far exceeds block count (315); potential sync issue    
2026-08-10T05:52:20.293372Z  WARN ThreadId(20) hotstuff_runner::app: Node 2 [produce_block] queue size: 0, attempting up to 0 transactions this block    
2026-08-10T05:52:20.294689Z  WARN ThreadId(20) hotstuff_runner::app: Node 2 view(1267) far exceeds block count (316); potential sync issue    
2026-08-10T05:52:20.338973Z  WARN ThreadId(20) hotstuff_runner::app: Node 2 [produce_block] queue size: 0, attempting up to 0 transactions this block    
2026-08-10T05:52:20.340280Z  WARN ThreadId(20) hotstuff_runner::app: Node 2 view(1271) far exceeds block count (317); potential sync issue    
2026-08-10T05:52:20.374057Z  WARN ThreadId(20) hotstuff_runner::app: Node 2 [produce_block] queue size: 2, attempting up to 2 transactions this block    
2026-08-10T05:52:20.374251Z  WARN ThreadId(20) hotstuff_runner::app: Node 2 view(1275) far exceeds block count (318); potential sync issue    
2026-08-10T05:52:20.411655Z  WARN ThreadId(20) hotstuff_runner::app: Node 2 [produce_block] queue size: 0, attempting up to 0 transactions this block    
2026-08-10T05:52:20.414504Z  WARN ThreadId(20) hotstuff_runner::app: Node 2 view(1279) far exceeds block count (319); potential sync issue    
2026-08-10T05:52:20.452490Z  WARN ThreadId(20) hotstuff_runner::app: Node 2 [produce_block] queue size: 0, attempting up to 0 transactions this block    
2026-08-10T05:52:20.454329Z  WARN ThreadId(20) hotstuff_runner::app: Node 2 view(1283) far exceeds block count (320); potential sync issue    
2026-08-10T05:52:20.519519Z  WARN ThreadId(20) hotstuff_runner::app: Node 2 [produce_block] queue size: 0, attempting up to 0 transactions this block    
2026-08-10T05:52:20.519981Z  WARN ThreadId(20) hotstuff_runner::app: Node 2 view(1287) far exceeds block count (321); potential sync issue    
2026-08-10T05:52:20.551678Z  WARN ThreadId(20) hotstuff_runner::app: Node 2 [produce_block] queue size: 0, attempting up to 0 transactions this block    
2026-08-10T05:52:20.552260Z  WARN ThreadId(20) hotstuff_runner::app: Node 2 view(1291) far exceeds block count (322); potential sync issue    
2026-08-10T05:52:20.581539Z  WARN ThreadId(20) hotstuff_runner::app: Node 2 [produce_block] queue size: 2, attempting up to 2 transactions this block    
2026-08-10T05:52:20.582643Z  WARN ThreadId(20) hotstuff_runner::app: Node 2 view(1295) far exceeds block count (323); potential sync issue    
2026-08-10T05:52:20.616785Z  WARN ThreadId(20) hotstuff_runner::app: Node 2 [produce_block] queue size: 0, attempting up to 0 transactions this block    
2026-08-10T05:52:20.617853Z  WARN ThreadId(20) hotstuff_runner::app: Node 2 view(1299) far exceeds block count (324); potential sync issue    
2026-08-10T05:52:20.649459Z  WARN ThreadId(20) hotstuff_runner::app: Node 2 [produce_block] queue size: 0, attempting up to 0 transactions this block    
2026-08-10T05:52:20.650361Z  WARN ThreadId(20) hotstuff_runner::app: Node 2 view(1303) far exceeds block count (325); potential sync issue    
2026-08-10T05:52:20.695287Z  WARN ThreadId(20) hotstuff_runner::app: Node 2 [produce_block] queue size: 0, attempting up to 0 transactions this block    
2026-08-10T05:52:20.697304Z  WARN ThreadId(20) hotstuff_runner::app: Node 2 view(1307) far exceeds block count (326); potential sync issue    
2026-08-10T05:52:20.735630Z  WARN ThreadId(20) hotstuff_runner::app: Node 2 [produce_block] queue size: 0, attempting up to 0 transactions this block    
2026-08-10T05:52:20.736450Z  WARN ThreadId(20) hotstuff_runner::app: Node 2 view(1311) far exceeds block count (327); potential sync issue    
2026-08-10T05:52:20.794801Z  WARN ThreadId(20) hotstuff_runner::app: Node 2 [produce_block] queue size: 0, attempting up to 0 transactions this block    
2026-08-10T05:52:20.794919Z  WARN ThreadId(20) hotstuff_runner::app: Node 2 view(1315) far exceeds block count (328); potential sync issue    
2026-08-10T05:52:20.844660Z  WARN ThreadId(20) hotstuff_runner::app: Node 2 [produce_block] queue size: 2, attempting up to 2 transactions this block    
2026-08-10T05:52:20.845048Z  WARN ThreadId(20) hotstuff_runner::app: Node 2 view(1319) far exceeds block count (329); potential sync issue    
2026-08-10T05:52:20.879215Z  WARN ThreadId(20) hotstuff_runner::app: Node 2 [produce_block] queue size: 0, attempting up to 0 transactions this block    
2026-08-10T05:52:20.879934Z  WARN ThreadId(20) hotstuff_runner::app: Node 2 view(1323) far exceeds block count (330); potential sync issue    
2026-08-10T05:52:20.920703Z  WARN ThreadId(20) hotstuff_runner::app: Node 2 [produce_block] queue size: 0, attempting up to 0 transactions this block    
2026-08-10T05:52:20.927722Z  WARN ThreadId(20) hotstuff_runner::app: Node 2 view(1327) far exceeds block count (331); potential sync issue    
2026-08-10T05:52:20.990761Z  WARN ThreadId(20) hotstuff_runner::app: Node 2 [produce_block] queue size: 2, attempting up to 2 transactions this block    
2026-08-10T05:52:20.992594Z  WARN ThreadId(20) hotstuff_runner::app: Node 2 view(1331) far exceeds block count (332); potential sync issue    
2026-08-10T05:52:21.052271Z  WARN ThreadId(20) hotstuff_runner::app: Node 2 [produce_block] queue size: 0, attempting up to 0 transactions this block    
2026-08-10T05:52:21.054310Z  WARN ThreadId(20) hotstuff_runner::app: Node 2 view(1335) far exceeds block count (333); potential sync issue    
2026-08-10T05:52:21.116572Z  WARN ThreadId(20) hotstuff_runner::app: Node 2 [produce_block] queue size: 0, attempting up to 0 transactions this block    
2026-08-10T05:52:21.116747Z  WARN ThreadId(20) hotstuff_runner::app: Node 2 view(1339) far exceeds block count (334); potential sync issue    
2026-08-10T05:52:21.202794Z  WARN ThreadId(20) hotstuff_runner::app: Node 2 [produce_block] queue size: 2, attempting up to 2 transactions this block    
2026-08-10T05:52:21.203236Z  WARN ThreadId(20) hotstuff_runner::app: Node 2 view(1343) far exceeds block count (335); potential sync issue    
2026-08-10T05:52:21.243723Z  WARN ThreadId(20) hotstuff_runner::app: Node 2 [produce_block] queue size: 0, attempting up to 0 transactions this block    
2026-08-10T05:52:21.244711Z  WARN ThreadId(20) hotstuff_runner::app: Node 2 view(1347) far exceeds block count (336); potential sync issue    
2026-08-10T05:52:21.297425Z  WARN ThreadId(20) hotstuff_runner::app: Node 2 [produce_block] queue size: 0, attempting up to 0 transactions this block    
2026-08-10T05:52:21.297830Z  WARN ThreadId(20) hotstuff_runner::app: Node 2 view(1351) far exceeds block count (337); potential sync issue    
2026-08-10T05:52:21.358842Z  WARN ThreadId(20) hotstuff_runner::app: Node 2 [produce_block] queue size: 0, attempting up to 0 transactions this block    
2026-08-10T05:52:21.361908Z  WARN ThreadId(20) hotstuff_runner::app: Node 2 view(1355) far exceeds block count (338); potential sync issue    
2026-08-10T05:52:21.407641Z  WARN ThreadId(20) hotstuff_runner::app: Node 2 [produce_block] queue size: 2, attempting up to 2 transactions this block    
2026-08-10T05:52:21.413200Z  WARN ThreadId(20) hotstuff_runner::app: Node 2 view(1359) far exceeds block count (339); potential sync issue    
2026-08-10T05:52:21.453122Z  WARN ThreadId(20) hotstuff_runner::app: Node 2 [produce_block] queue size: 0, attempting up to 0 transactions this block    
2026-08-10T05:52:21.454082Z  WARN ThreadId(20) hotstuff_runner::app: Node 2 view(1363) far exceeds block count (340); potential sync issue    
2026-08-10T05:52:21.510673Z  WARN ThreadId(20) hotstuff_runner::app: Node 2 [produce_block] queue size: 0, attempting up to 0 transactions this block    
2026-08-10T05:52:21.511272Z  WARN ThreadId(20) hotstuff_runner::app: Node 2 view(1367) far exceeds block count (341); potential sync issue    
2026-08-10T05:52:21.556750Z  WARN ThreadId(20) hotstuff_runner::app: Node 2 [produce_block] queue size: 0, attempting up to 0 transactions this block    
2026-08-10T05:52:21.557181Z  WARN ThreadId(20) hotstuff_runner::app: Node 2 view(1371) far exceeds block count (342); potential sync issue    
2026-08-10T05:52:21.612656Z  WARN ThreadId(20) hotstuff_runner::app: Node 2 [produce_block] queue size: 0, attempting up to 0 transactions this block    
2026-08-10T05:52:21.613365Z  WARN ThreadId(20) hotstuff_runner::app: Node 2 view(1375) far exceeds block count (343); potential sync issue    
2026-08-10T05:52:21.685647Z  WARN ThreadId(20) hotstuff_runner::app: Node 2 [produce_block] queue size: 2, attempting up to 2 transactions this block    
2026-08-10T05:52:21.686174Z  WARN ThreadId(20) hotstuff_runner::app: Node 2 view(1379) far exceeds block count (344); potential sync issue    
2026-08-10T05:52:21.735982Z  WARN ThreadId(20) hotstuff_runner::app: Node 2 [produce_block] queue size: 0, attempting up to 0 transactions this block    
2026-08-10T05:52:21.736597Z  WARN ThreadId(20) hotstuff_runner::app: Node 2 view(1383) far exceeds block count (345); potential sync issue    
2026-08-10T05:52:21.788281Z  WARN ThreadId(20) hotstuff_runner::app: Node 2 [produce_block] queue size: 0, attempting up to 0 transactions this block    
2026-08-10T05:52:21.788454Z  WARN ThreadId(20) hotstuff_runner::app: Node 2 view(1387) far exceeds block count (346); potential sync issue    
2026-08-10T05:52:21.821964Z  WARN ThreadId(20) hotstuff_runner::app: Node 2 [produce_block] queue size: 2, attempting up to 2 transactions this block    
2026-08-10T05:52:21.824134Z  WARN ThreadId(20) hotstuff_runner::app: Node 2 view(1391) far exceeds block count (347); potential sync issue    
2026-08-10T05:52:21.859015Z  WARN ThreadId(20) hotstuff_runner::app: Node 2 [produce_block] queue size: 0, attempting up to 0 transactions this block    
2026-08-10T05:52:21.859605Z  WARN ThreadId(20) hotstuff_runner::app: Node 2 view(1395) far exceeds block count (348); potential sync issue    
2026-08-10T05:52:21.907488Z  WARN ThreadId(20) hotstuff_runner::app: Node 2 [produce_block] queue size: 0, attempting up to 0 transactions this block    
2026-08-10T05:52:21.907727Z  WARN ThreadId(20) hotstuff_runner::app: Node 2 view(1399) far exceeds block count (349); potential sync issue    
2026-08-10T05:52:21.951859Z  WARN ThreadId(20) hotstuff_runner::app: Node 2 [produce_block] queue size: 0, attempting up to 0 transactions this block    
2026-08-10T05:52:21.953096Z  WARN ThreadId(20) hotstuff_runner::app: Node 2 view(1403) far exceeds block count (350); potential sync issue    
2026-08-10T05:52:21.992859Z  WARN ThreadId(20) hotstuff_runner::app: Node 2 [produce_block] queue size: 0, attempting up to 0 transactions this block    
2026-08-10T05:52:21.993303Z  WARN ThreadId(20) hotstuff_runner::app: Node 2 view(1407) far exceeds block count (351); potential sync issue    
2026-08-10T05:52:22.034572Z  WARN ThreadId(20) hotstuff_runner::app: Node 2 [produce_block] queue size: 2, attempting up to 2 transactions this block    
2026-08-10T05:52:22.034869Z  WARN ThreadId(20) hotstuff_runner::app: Node 2 view(1411) far exceeds block count (352); potential sync issue    
2026-08-10T05:52:22.077661Z  WARN ThreadId(20) hotstuff_runner::app: Node 2 [produce_block] queue size: 0, attempting up to 0 transactions this block    
2026-08-10T05:52:22.078275Z  WARN ThreadId(20) hotstuff_runner::app: Node 2 view(1415) far exceeds block count (353); potential sync issue    
2026-08-10T05:52:22.121109Z  WARN ThreadId(20) hotstuff_runner::app: Node 2 [produce_block] queue size: 0, attempting up to 0 transactions this block    
2026-08-10T05:52:22.122512Z  WARN ThreadId(20) hotstuff_runner::app: Node 2 view(1419) far exceeds block count (354); potential sync issue    
2026-08-10T05:52:22.178108Z  WARN ThreadId(20) hotstuff_runner::app: Node 2 [produce_block] queue size: 0, attempting up to 0 transactions this block    
2026-08-10T05:52:22.180106Z  WARN ThreadId(20) hotstuff_runner::app: Node 2 view(1423) far exceeds block count (355); potential sync issue    
2026-08-10T05:52:22.236873Z  WARN ThreadId(20) hotstuff_runner::app: Node 2 [produce_block] queue size: 2, attempting up to 2 transactions this block    
2026-08-10T05:52:22.237732Z  WARN ThreadId(20) hotstuff_runner::app: Node 2 view(1427) far exceeds block count (356); potential sync issue    
2026-08-10T05:52:22.283972Z  WARN ThreadId(20) hotstuff_runner::app: Node 2 [produce_block] queue size: 0, attempting up to 0 transactions this block    
2026-08-10T05:52:22.288741Z  WARN ThreadId(20) hotstuff_runner::app: Node 2 view(1431) far exceeds block count (357); potential sync issue    
2026-08-10T05:52:22.350079Z  WARN ThreadId(20) hotstuff_runner::app: Node 2 [produce_block] queue size: 0, attempting up to 0 transactions this block    
2026-08-10T05:52:22.350278Z  WARN ThreadId(20) hotstuff_runner::app: Node 2 view(1435) far exceeds block count (358); potential sync issue    
2026-08-10T05:52:22.384085Z  WARN ThreadId(20) hotstuff_runner::app: Node 2 [produce_block] queue size: 0, attempting up to 0 transactions this block    
2026-08-10T05:52:22.384385Z  WARN ThreadId(20) hotstuff_runner::app: Node 2 view(1439) far exceeds block count (359); potential sync issue    
2026-08-10T05:52:22.418085Z  WARN ThreadId(20) hotstuff_runner::app: Node 2 [produce_block] queue size: 2, attempting up to 2 transactions this block    
2026-08-10T05:52:22.418348Z  WARN ThreadId(20) hotstuff_runner::app: Node 2 view(1443) far exceeds block count (360); potential sync issue    
2026-08-10T05:52:22.496681Z  WARN ThreadId(20) hotstuff_runner::app: Node 2 [produce_block] queue size: 0, attempting up to 0 transactions this block    
2026-08-10T05:52:22.496954Z  WARN ThreadId(20) hotstuff_runner::app: Node 2 view(1447) far exceeds block count (361); potential sync issue    
2026-08-10T05:52:22.568606Z  WARN ThreadId(20) hotstuff_runner::app: Node 2 [produce_block] queue size: 0, attempting up to 0 transactions this block    
2026-08-10T05:52:22.568881Z  WARN ThreadId(20) hotstuff_runner::app: Node 2 view(1451) far exceeds block count (362); potential sync issue    
2026-08-10T05:52:22.650020Z  WARN ThreadId(20) hotstuff_runner::app: Node 2 [produce_block] queue size: 2, attempting up to 2 transactions this block    
2026-08-10T05:52:22.652169Z  WARN ThreadId(20) hotstuff_runner::app: Node 2 view(1455) far exceeds block count (363); potential sync issue    
2026-08-10T05:52:22.701103Z  WARN ThreadId(20) hotstuff_runner::app: Node 2 [produce_block] queue size: 0, attempting up to 0 transactions this block    
2026-08-10T05:52:22.704845Z  WARN ThreadId(20) hotstuff_runner::app: Node 2 view(1459) far exceeds block count (364); potential sync issue    
2026-08-10T05:52:22.756137Z  WARN ThreadId(20) hotstuff_runner::app: Node 2 [produce_block] queue size: 0, attempting up to 0 transactions this block    
2026-08-10T05:52:22.756683Z  WARN ThreadId(20) hotstuff_runner::app: Node 2 view(1463) far exceeds block count (365); potential sync issue    
2026-08-10T05:52:22.796435Z  WARN ThreadId(20) hotstuff_runner::app: Node 2 [produce_block] queue size: 2, attempting up to 2 transactions this block    
2026-08-10T05:52:22.796636Z  WARN ThreadId(20) hotstuff_runner::app: Node 2 view(1467) far exceeds block count (366); potential sync issue    
2026-08-10T05:52:22.840348Z  WARN ThreadId(20) hotstuff_runner::app: Node 2 [produce_block] queue size: 0, attempting up to 0 transactions this block    
2026-08-10T05:52:22.840497Z  WARN ThreadId(20) hotstuff_runner::app: Node 2 view(1471) far exceeds block count (367); potential sync issue    
2026-08-10T05:52:22.910920Z  WARN ThreadId(20) hotstuff_runner::app: Node 2 [produce_block] queue size: 0, attempting up to 0 transactions this block    
2026-08-10T05:52:22.911126Z  WARN ThreadId(20) hotstuff_runner::app: Node 2 view(1475) far exceeds block count (368); potential sync issue    
2026-08-10T05:52:22.950806Z  WARN ThreadId(20) hotstuff_runner::app: Node 2 [produce_block] queue size: 0, attempting up to 0 transactions this block    
2026-08-10T05:52:22.951030Z  WARN ThreadId(20) hotstuff_runner::app: Node 2 view(1479) far exceeds block count (369); potential sync issue    
2026-08-10T05:52:22.987669Z  WARN ThreadId(20) hotstuff_runner::app: Node 2 [produce_block] queue size: 2, attempting up to 2 transactions this block    
2026-08-10T05:52:22.988263Z  WARN ThreadId(20) hotstuff_runner::app: Node 2 view(1483) far exceeds block count (370); potential sync issue    
2026-08-10T05:52:23.034087Z  WARN ThreadId(20) hotstuff_runner::app: Node 2 [produce_block] queue size: 0, attempting up to 0 transactions this block    
2026-08-10T05:52:23.034344Z  WARN ThreadId(20) hotstuff_runner::app: Node 2 view(1487) far exceeds block count (371); potential sync issue    
2026-08-10T05:52:23.091786Z  WARN ThreadId(20) hotstuff_runner::app: Node 2 [produce_block] queue size: 0, attempting up to 0 transactions this block    
2026-08-10T05:52:23.094395Z  WARN ThreadId(20) hotstuff_runner::app: Node 2 view(1491) far exceeds block count (372); potential sync issue    
2026-08-10T05:52:23.191231Z  WARN ThreadId(20) hotstuff_runner::app: Node 2 [produce_block] queue size: 0, attempting up to 0 transactions this block    
2026-08-10T05:52:23.191493Z  WARN ThreadId(20) hotstuff_runner::app: Node 2 view(1495) far exceeds block count (373); potential sync issue    
2026-08-10T05:52:23.284624Z  WARN ThreadId(20) hotstuff_runner::app: Node 2 [produce_block] queue size: 2, attempting up to 2 transactions this block    
2026-08-10T05:52:23.285387Z  WARN ThreadId(20) hotstuff_runner::app: Node 2 view(1499) far exceeds block count (374); potential sync issue    
2026-08-10T05:52:23.373461Z  WARN ThreadId(20) hotstuff_runner::app: Node 2 [produce_block] queue size: 0, attempting up to 0 transactions this block    
2026-08-10T05:52:23.373691Z  WARN ThreadId(20) hotstuff_runner::app: Node 2 view(1503) far exceeds block count (375); potential sync issue    
2026-08-10T05:52:23.445599Z  WARN ThreadId(20) hotstuff_runner::app: Node 2 [produce_block] queue size: 2, attempting up to 2 transactions this block    
2026-08-10T05:52:23.446129Z  WARN ThreadId(20) hotstuff_runner::app: Node 2 view(1507) far exceeds block count (376); potential sync issue    
2026-08-10T05:52:23.514293Z  WARN ThreadId(20) hotstuff_runner::app: Node 2 [produce_block] queue size: 0, attempting up to 0 transactions this block    
2026-08-10T05:52:23.514427Z  WARN ThreadId(20) hotstuff_runner::app: Node 2 view(1511) far exceeds block count (377); potential sync issue    
2026-08-10T05:52:23.617660Z  WARN ThreadId(20) hotstuff_runner::app: Node 2 [produce_block] queue size: 2, attempting up to 2 transactions this block    
2026-08-10T05:52:23.620493Z  WARN ThreadId(20) hotstuff_runner::app: Node 2 view(1515) far exceeds block count (378); potential sync issue    
2026-08-10T05:52:23.689878Z  WARN ThreadId(20) hotstuff_runner::app: Node 2 [produce_block] queue size: 0, attempting up to 0 transactions this block    
2026-08-10T05:52:23.690626Z  WARN ThreadId(20) hotstuff_runner::app: Node 2 view(1519) far exceeds block count (379); potential sync issue    
2026-08-10T05:52:23.743146Z  WARN ThreadId(20) hotstuff_runner::app: Node 2 [produce_block] queue size: 0, attempting up to 0 transactions this block    
2026-08-10T05:52:23.743831Z  WARN ThreadId(20) hotstuff_runner::app: Node 2 view(1523) far exceeds block count (380); potential sync issue    
2026-08-10T05:52:23.797915Z  WARN ThreadId(20) hotstuff_runner::app: Node 2 [produce_block] queue size: 2, attempting up to 2 transactions this block    
2026-08-10T05:52:23.798314Z  WARN ThreadId(20) hotstuff_runner::app: Node 2 view(1527) far exceeds block count (381); potential sync issue    
2026-08-10T05:52:23.839054Z  WARN ThreadId(20) hotstuff_runner::app: Node 2 [produce_block] queue size: 0, attempting up to 0 transactions this block    
2026-08-10T05:52:23.839655Z  WARN ThreadId(20) hotstuff_runner::app: Node 2 view(1531) far exceeds block count (382); potential sync issue    
2026-08-10T05:52:23.893413Z  WARN ThreadId(20) hotstuff_runner::app: Node 2 [produce_block] queue size: 0, attempting up to 0 transactions this block    
2026-08-10T05:52:23.895487Z  WARN ThreadId(20) hotstuff_runner::app: Node 2 view(1535) far exceeds block count (383); potential sync issue    
2026-08-10T05:52:23.935397Z  WARN ThreadId(20) hotstuff_runner::app: Node 2 [produce_block] queue size: 0, attempting up to 0 transactions this block    
2026-08-10T05:52:23.936446Z  WARN ThreadId(20) hotstuff_runner::app: Node 2 view(1539) far exceeds block count (384); potential sync issue    
2026-08-10T05:52:23.977540Z  WARN ThreadId(20) hotstuff_runner::app: Node 2 [produce_block] queue size: 0, attempting up to 0 transactions this block    
2026-08-10T05:52:23.980097Z  WARN ThreadId(20) hotstuff_runner::app: Node 2 view(1543) far exceeds block count (385); potential sync issue    
2026-08-10T05:52:24.036860Z  WARN ThreadId(20) hotstuff_runner::app: Node 2 [produce_block] queue size: 2, attempting up to 2 transactions this block    
2026-08-10T05:52:24.037452Z  WARN ThreadId(20) hotstuff_runner::app: Node 2 view(1547) far exceeds block count (386); potential sync issue    
2026-08-10T05:52:24.084262Z  WARN ThreadId(20) hotstuff_runner::app: Node 2 [produce_block] queue size: 0, attempting up to 0 transactions this block    
2026-08-10T05:52:24.084675Z  WARN ThreadId(20) hotstuff_runner::app: Node 2 view(1551) far exceeds block count (387); potential sync issue    
2026-08-10T05:52:24.111793Z  WARN ThreadId(20) hotstuff_runner::app: Node 2 [produce_block] queue size: 0, attempting up to 0 transactions this block    
2026-08-10T05:52:24.113252Z  WARN ThreadId(20) hotstuff_runner::app: Node 2 view(1555) far exceeds block count (388); potential sync issue    
2026-08-10T05:52:24.141595Z  WARN ThreadId(20) hotstuff_runner::app: Node 2 [produce_block] queue size: 0, attempting up to 0 transactions this block    
2026-08-10T05:52:24.141749Z  WARN ThreadId(20) hotstuff_runner::app: Node 2 view(1559) far exceeds block count (389); potential sync issue    
2026-08-10T05:52:24.179946Z  WARN ThreadId(20) hotstuff_runner::app: Node 2 [produce_block] queue size: 2, attempting up to 2 transactions this block    
2026-08-10T05:52:24.180241Z  WARN ThreadId(20) hotstuff_runner::app: Node 2 view(1563) far exceeds block count (390); potential sync issue    
2026-08-10T05:52:24.236083Z  WARN ThreadId(20) hotstuff_runner::app: Node 2 [produce_block] queue size: 0, attempting up to 0 transactions this block    
2026-08-10T05:52:24.236843Z  WARN ThreadId(20) hotstuff_runner::app: Node 2 view(1567) far exceeds block count (391); potential sync issue    
2026-08-10T05:52:24.284796Z  WARN ThreadId(20) hotstuff_runner::app: Node 2 [produce_block] queue size: 0, attempting up to 0 transactions this block    
2026-08-10T05:52:24.285158Z  WARN ThreadId(20) hotstuff_runner::app: Node 2 view(1571) far exceeds block count (392); potential sync issue    
2026-08-10T05:52:24.332270Z  WARN ThreadId(20) hotstuff_runner::app: Node 2 [produce_block] queue size: 0, attempting up to 0 transactions this block    
2026-08-10T05:52:24.333382Z  WARN ThreadId(20) hotstuff_runner::app: Node 2 view(1575) far exceeds block count (393); potential sync issue    
2026-08-10T05:52:24.387134Z  WARN ThreadId(20) hotstuff_runner::app: Node 2 [produce_block] queue size: 2, attempting up to 2 transactions this block    
2026-08-10T05:52:24.388519Z  WARN ThreadId(20) hotstuff_runner::app: Node 2 view(1579) far exceeds block count (394); potential sync issue    
2026-08-10T05:52:24.489368Z  WARN ThreadId(20) hotstuff_runner::app: Node 2 [produce_block] queue size: 0, attempting up to 0 transactions this block    
2026-08-10T05:52:24.489674Z  WARN ThreadId(20) hotstuff_runner::app: Node 2 view(1583) far exceeds block count (395); potential sync issue    
2026-08-10T05:52:24.561916Z  WARN ThreadId(20) hotstuff_runner::app: Node 2 [produce_block] queue size: 2, attempting up to 2 transactions this block    
2026-08-10T05:52:24.562566Z  WARN ThreadId(20) hotstuff_runner::app: Node 2 view(1587) far exceeds block count (396); potential sync issue    
2026-08-10T05:52:24.617492Z  WARN ThreadId(20) hotstuff_runner::app: Node 2 [produce_block] queue size: 0, attempting up to 0 transactions this block    
2026-08-10T05:52:24.618173Z  WARN ThreadId(20) hotstuff_runner::app: Node 2 view(1591) far exceeds block count (397); potential sync issue    
2026-08-10T05:52:24.764745Z  WARN ThreadId(20) hotstuff_runner::app: Node 2 [produce_block] queue size: 2, attempting up to 2 transactions this block    
2026-08-10T05:52:24.790939Z  WARN ThreadId(20) hotstuff_runner::app: Node 2 view(1595) far exceeds block count (398); potential sync issue    
2026-08-10T05:52:24.840455Z  WARN ThreadId(20) hotstuff_runner::app: Node 2 [produce_block] queue size: 0, attempting up to 0 transactions this block    
2026-08-10T05:52:24.840782Z  WARN ThreadId(20) hotstuff_runner::app: Node 2 view(1599) far exceeds block count (399); potential sync issue    
2026-08-10T05:52:24.885808Z  WARN ThreadId(20) hotstuff_runner::app: Node 2 [produce_block] queue size: 0, attempting up to 0 transactions this block    
2026-08-10T05:52:24.886049Z  WARN ThreadId(20) hotstuff_runner::app: Node 2 view(1603) far exceeds block count (400); potential sync issue    
2026-08-10T05:52:24.920041Z  WARN ThreadId(20) hotstuff_runner::app: Node 2 [produce_block] queue size: 2, attempting up to 2 transactions this block    
2026-08-10T05:52:24.921128Z  WARN ThreadId(20) hotstuff_runner::app: Node 2 view(1607) far exceeds block count (401); potential sync issue    
2026-08-10T05:52:24.967482Z  WARN ThreadId(20) hotstuff_runner::app: Node 2 [produce_block] queue size: 0, attempting up to 0 transactions this block    
2026-08-10T05:52:24.968223Z  WARN ThreadId(20) hotstuff_runner::app: Node 2 view(1611) far exceeds block count (402); potential sync issue    
2026-08-10T05:52:25.024512Z  WARN ThreadId(20) hotstuff_runner::app: Node 2 [produce_block] queue size: 0, attempting up to 0 transactions this block    
2026-08-10T05:52:25.025510Z  WARN ThreadId(20) hotstuff_runner::app: Node 2 view(1615) far exceeds block count (403); potential sync issue    
2026-08-10T05:52:25.054103Z  WARN ThreadId(20) hotstuff_runner::app: Node 2 [produce_block] queue size: 0, attempting up to 0 transactions this block    
2026-08-10T05:52:25.054743Z  WARN ThreadId(20) hotstuff_runner::app: Node 2 view(1619) far exceeds block count (404); potential sync issue    
2026-08-10T05:52:25.096383Z  WARN ThreadId(20) hotstuff_runner::app: Node 2 [produce_block] queue size: 0, attempting up to 0 transactions this block    
2026-08-10T05:52:25.096685Z  WARN ThreadId(20) hotstuff_runner::app: Node 2 view(1623) far exceeds block count (405); potential sync issue    
2026-08-10T05:52:25.137711Z  WARN ThreadId(20) hotstuff_runner::app: Node 2 [produce_block] queue size: 2, attempting up to 2 transactions this block    
2026-08-10T05:52:25.137907Z  WARN ThreadId(20) hotstuff_runner::app: Node 2 view(1627) far exceeds block count (406); potential sync issue    
2026-08-10T05:52:25.168575Z  WARN ThreadId(20) hotstuff_runner::app: Node 2 [produce_block] queue size: 0, attempting up to 0 transactions this block    
2026-08-10T05:52:25.168926Z  WARN ThreadId(20) hotstuff_runner::app: Node 2 view(1631) far exceeds block count (407); potential sync issue    
2026-08-10T05:52:25.226210Z  WARN ThreadId(20) hotstuff_runner::app: Node 2 [produce_block] queue size: 0, attempting up to 0 transactions this block    
2026-08-10T05:52:25.226947Z  WARN ThreadId(20) hotstuff_runner::app: Node 2 view(1635) far exceeds block count (408); potential sync issue    
2026-08-10T05:52:25.265096Z  WARN ThreadId(20) hotstuff_runner::app: Node 2 [produce_block] queue size: 0, attempting up to 0 transactions this block    
2026-08-10T05:52:25.265222Z  WARN ThreadId(20) hotstuff_runner::app: Node 2 view(1639) far exceeds block count (409); potential sync issue    
2026-08-10T05:52:25.319166Z  WARN ThreadId(20) hotstuff_runner::app: Node 2 [produce_block] queue size: 0, attempting up to 0 transactions this block    
2026-08-10T05:52:25.319389Z  WARN ThreadId(20) hotstuff_runner::app: Node 2 view(1643) far exceeds block count (410); potential sync issue    
2026-08-10T05:52:25.351320Z  WARN ThreadId(20) hotstuff_runner::app: Node 2 [produce_block] queue size: 2, attempting up to 2 transactions this block    
2026-08-10T05:52:25.354948Z  WARN ThreadId(20) hotstuff_runner::app: Node 2 view(1647) far exceeds block count (411); potential sync issue    
2026-08-10T05:52:25.405715Z  WARN ThreadId(20) hotstuff_runner::app: Node 2 [produce_block] queue size: 0, attempting up to 0 transactions this block    
2026-08-10T05:52:25.406768Z  WARN ThreadId(20) hotstuff_runner::app: Node 2 view(1651) far exceeds block count (412); potential sync issue    
2026-08-10T05:52:25.462208Z  WARN ThreadId(20) hotstuff_runner::app: Node 2 [produce_block] queue size: 0, attempting up to 0 transactions this block    
2026-08-10T05:52:25.468722Z  WARN ThreadId(20) hotstuff_runner::app: Node 2 view(1655) far exceeds block count (413); potential sync issue    
2026-08-10T05:52:25.538912Z  WARN ThreadId(20) hotstuff_runner::app: Node 2 [produce_block] queue size: 0, attempting up to 0 transactions this block    
2026-08-10T05:52:25.539062Z  WARN ThreadId(20) hotstuff_runner::app: Node 2 view(1659) far exceeds block count (414); potential sync issue    
2026-08-10T05:52:25.583092Z  WARN ThreadId(20) hotstuff_runner::app: Node 2 [produce_block] queue size: 0, attempting up to 0 transactions this block    
2026-08-10T05:52:25.583580Z  WARN ThreadId(20) hotstuff_runner::app: Node 2 view(1663) far exceeds block count (415); potential sync issue    
2026-08-10T05:52:25.629951Z  WARN ThreadId(20) hotstuff_runner::app: Node 2 [produce_block] queue size: 0, attempting up to 0 transactions this block    
2026-08-10T05:52:25.630479Z  WARN ThreadId(20) hotstuff_runner::app: Node 2 view(1667) far exceeds block count (416); potential sync issue    
2026-08-10T05:52:25.687461Z  WARN ThreadId(20) hotstuff_runner::app: Node 2 [produce_block] queue size: 0, attempting up to 0 transactions this block    
2026-08-10T05:52:25.688000Z  WARN ThreadId(20) hotstuff_runner::app: Node 2 view(1671) far exceeds block count (417); potential sync issue    
2026-08-10T05:52:25.726025Z  WARN ThreadId(20) hotstuff_runner::app: Node 2 [produce_block] queue size: 0, attempting up to 0 transactions this block    
2026-08-10T05:52:25.726957Z  WARN ThreadId(20) hotstuff_runner::app: Node 2 view(1675) far exceeds block count (418); potential sync issue    
2026-08-10T05:52:25.767952Z  WARN ThreadId(20) hotstuff_runner::app: Node 2 [produce_block] queue size: 2, attempting up to 2 transactions this block    
2026-08-10T05:52:25.768734Z  WARN ThreadId(20) hotstuff_runner::app: Node 2 view(1679) far exceeds block count (419); potential sync issue    
2026-08-10T05:52:25.798007Z  WARN ThreadId(20) hotstuff_runner::app: Node 2 [produce_block] queue size: 0, attempting up to 0 transactions this block    
2026-08-10T05:52:25.798149Z  WARN ThreadId(20) hotstuff_runner::app: Node 2 view(1683) far exceeds block count (420); potential sync issue    
2026-08-10T05:52:25.839450Z  WARN ThreadId(20) hotstuff_runner::app: Node 2 [produce_block] queue size: 0, attempting up to 0 transactions this block    
2026-08-10T05:52:25.839950Z  WARN ThreadId(20) hotstuff_runner::app: Node 2 view(1687) far exceeds block count (421); potential sync issue    
2026-08-10T05:52:25.885138Z  WARN ThreadId(20) hotstuff_runner::app: Node 2 [produce_block] queue size: 0, attempting up to 0 transactions this block    
2026-08-10T05:52:25.886465Z  WARN ThreadId(20) hotstuff_runner::app: Node 2 view(1691) far exceeds block count (422); potential sync issue    
2026-08-10T05:52:25.928528Z  WARN ThreadId(20) hotstuff_runner::app: Node 2 [produce_block] queue size: 0, attempting up to 0 transactions this block    
2026-08-10T05:52:25.929423Z  WARN ThreadId(20) hotstuff_runner::app: Node 2 view(1695) far exceeds block count (423); potential sync issue    
2026-08-10T05:52:25.972006Z  WARN ThreadId(20) hotstuff_runner::app: Node 2 [produce_block] queue size: 2, attempting up to 2 transactions this block    
2026-08-10T05:52:25.972142Z  WARN ThreadId(20) hotstuff_runner::app: Node 2 view(1699) far exceeds block count (424); potential sync issue    
2026-08-10T05:52:25.998166Z  WARN ThreadId(20) hotstuff_runner::app: Node 2 [produce_block] queue size: 0, attempting up to 0 transactions this block    
2026-08-10T05:52:25.998960Z  WARN ThreadId(20) hotstuff_runner::app: Node 2 view(1703) far exceeds block count (425); potential sync issue    
2026-08-10T05:52:26.044408Z  WARN ThreadId(20) hotstuff_runner::app: Node 2 [produce_block] queue size: 0, attempting up to 0 transactions this block    
2026-08-10T05:52:26.045609Z  WARN ThreadId(20) hotstuff_runner::app: Node 2 view(1707) far exceeds block count (426); potential sync issue    
2026-08-10T05:52:26.104646Z  WARN ThreadId(20) hotstuff_runner::app: Node 2 [produce_block] queue size: 0, attempting up to 0 transactions this block    
2026-08-10T05:52:26.108163Z  WARN ThreadId(20) hotstuff_runner::app: Node 2 view(1711) far exceeds block count (427); potential sync issue    
2026-08-10T05:52:26.164750Z  WARN ThreadId(20) hotstuff_runner::app: Node 2 [produce_block] queue size: 0, attempting up to 0 transactions this block    
2026-08-10T05:52:26.165003Z  WARN ThreadId(20) hotstuff_runner::app: Node 2 view(1715) far exceeds block count (428); potential sync issue    
2026-08-10T05:52:26.230181Z  WARN ThreadId(20) hotstuff_runner::app: Node 2 [produce_block] queue size: 2, attempting up to 2 transactions this block    
2026-08-10T05:52:26.230722Z  WARN ThreadId(20) hotstuff_runner::app: Node 2 view(1719) far exceeds block count (429); potential sync issue    
2026-08-10T05:52:26.278644Z  WARN ThreadId(20) hotstuff_runner::app: Node 2 [produce_block] queue size: 0, attempting up to 0 transactions this block    
2026-08-10T05:52:26.279512Z  WARN ThreadId(20) hotstuff_runner::app: Node 2 view(1723) far exceeds block count (430); potential sync issue    
2026-08-10T05:52:26.340307Z  WARN ThreadId(20) hotstuff_runner::app: Node 2 [produce_block] queue size: 0, attempting up to 0 transactions this block    
2026-08-10T05:52:26.340845Z  WARN ThreadId(20) hotstuff_runner::app: Node 2 view(1727) far exceeds block count (431); potential sync issue    
2026-08-10T05:52:26.402520Z  WARN ThreadId(20) hotstuff_runner::app: Node 2 [produce_block] queue size: 0, attempting up to 0 transactions this block    
2026-08-10T05:52:26.403744Z  WARN ThreadId(20) hotstuff_runner::app: Node 2 view(1731) far exceeds block count (432); potential sync issue    
2026-08-10T05:52:26.466927Z  WARN ThreadId(20) hotstuff_runner::app: Node 2 [produce_block] queue size: 2, attempting up to 2 transactions this block    
2026-08-10T05:52:26.468280Z  WARN ThreadId(20) hotstuff_runner::app: Node 2 view(1735) far exceeds block count (433); potential sync issue    
2026-08-10T05:52:26.514617Z  WARN ThreadId(20) hotstuff_runner::app: Node 2 [produce_block] queue size: 0, attempting up to 0 transactions this block    
2026-08-10T05:52:26.515780Z  WARN ThreadId(20) hotstuff_runner::app: Node 2 view(1739) far exceeds block count (434); potential sync issue    
2026-08-10T05:52:26.556582Z  WARN ThreadId(20) hotstuff_runner::app: Node 2 [produce_block] queue size: 0, attempting up to 0 transactions this block    
2026-08-10T05:52:26.558486Z  WARN ThreadId(20) hotstuff_runner::app: Node 2 view(1743) far exceeds block count (435); potential sync issue    
2026-08-10T05:52:26.591596Z  WARN ThreadId(20) hotstuff_runner::app: Node 2 [produce_block] queue size: 0, attempting up to 0 transactions this block    
2026-08-10T05:52:26.592519Z  WARN ThreadId(20) hotstuff_runner::app: Node 2 view(1747) far exceeds block count (436); potential sync issue    
2026-08-10T05:52:26.646784Z  WARN ThreadId(20) hotstuff_runner::app: Node 2 [produce_block] queue size: 2, attempting up to 2 transactions this block    
2026-08-10T05:52:26.648386Z  WARN ThreadId(20) hotstuff_runner::app: Node 2 view(1751) far exceeds block count (437); potential sync issue    
2026-08-10T05:52:26.697022Z  WARN ThreadId(20) hotstuff_runner::app: Node 2 [produce_block] queue size: 0, attempting up to 0 transactions this block    
2026-08-10T05:52:26.698312Z  WARN ThreadId(20) hotstuff_runner::app: Node 2 view(1755) far exceeds block count (438); potential sync issue    
2026-08-10T05:52:26.729208Z  WARN ThreadId(20) hotstuff_runner::app: Node 2 [produce_block] queue size: 0, attempting up to 0 transactions this block    
2026-08-10T05:52:26.729772Z  WARN ThreadId(20) hotstuff_runner::app: Node 2 view(1759) far exceeds block count (439); potential sync issue    
2026-08-10T05:52:26.802082Z  WARN ThreadId(20) hotstuff_runner::app: Node 2 [produce_block] queue size: 2, attempting up to 2 transactions this block    
2026-08-10T05:52:26.803087Z  WARN ThreadId(20) hotstuff_runner::app: Node 2 view(1763) far exceeds block count (440); potential sync issue    
2026-08-10T05:52:26.853254Z  WARN ThreadId(20) hotstuff_runner::app: Node 2 [produce_block] queue size: 0, attempting up to 0 transactions this block    
2026-08-10T05:52:26.854779Z  WARN ThreadId(20) hotstuff_runner::app: Node 2 view(1767) far exceeds block count (441); potential sync issue    
2026-08-10T05:52:26.907713Z  WARN ThreadId(20) hotstuff_runner::app: Node 2 [produce_block] queue size: 0, attempting up to 0 transactions this block    
2026-08-10T05:52:26.908930Z  WARN ThreadId(20) hotstuff_runner::app: Node 2 view(1771) far exceeds block count (442); potential sync issue    
2026-08-10T05:52:26.962032Z  WARN ThreadId(20) hotstuff_runner::app: Node 2 [produce_block] queue size: 2, attempting up to 2 transactions this block    
2026-08-10T05:52:26.964919Z  WARN ThreadId(20) hotstuff_runner::app: Node 2 view(1775) far exceeds block count (443); potential sync issue    
2026-08-10T05:52:27.017454Z  WARN ThreadId(20) hotstuff_runner::app: Node 2 [produce_block] queue size: 0, attempting up to 0 transactions this block    
2026-08-10T05:52:27.018063Z  WARN ThreadId(20) hotstuff_runner::app: Node 2 view(1779) far exceeds block count (444); potential sync issue    
2026-08-10T05:52:27.059677Z  WARN ThreadId(20) hotstuff_runner::app: Node 2 [produce_block] queue size: 0, attempting up to 0 transactions this block    
2026-08-10T05:52:27.059960Z  WARN ThreadId(20) hotstuff_runner::app: Node 2 view(1783) far exceeds block count (445); potential sync issue    
2026-08-10T05:52:27.117561Z  WARN ThreadId(20) hotstuff_runner::app: Node 2 [produce_block] queue size: 0, attempting up to 0 transactions this block    
2026-08-10T05:52:27.118432Z  WARN ThreadId(20) hotstuff_runner::app: Node 2 view(1787) far exceeds block count (446); potential sync issue    
2026-08-10T05:52:27.160905Z  WARN ThreadId(20) hotstuff_runner::app: Node 2 [produce_block] queue size: 2, attempting up to 2 transactions this block    
2026-08-10T05:52:27.164707Z  WARN ThreadId(20) hotstuff_runner::app: Node 2 view(1791) far exceeds block count (447); potential sync issue    
2026-08-10T05:52:27.209838Z  WARN ThreadId(20) hotstuff_runner::app: Node 2 [produce_block] queue size: 0, attempting up to 0 transactions this block    
2026-08-10T05:52:27.210453Z  WARN ThreadId(20) hotstuff_runner::app: Node 2 view(1795) far exceeds block count (448); potential sync issue    
2026-08-10T05:52:27.267015Z  WARN ThreadId(20) hotstuff_runner::app: Node 2 [produce_block] queue size: 0, attempting up to 0 transactions this block    
2026-08-10T05:52:27.267505Z  WARN ThreadId(20) hotstuff_runner::app: Node 2 view(1799) far exceeds block count (449); potential sync issue    
2026-08-10T05:52:27.343133Z  WARN ThreadId(20) hotstuff_runner::app: Node 2 [produce_block] queue size: 2, attempting up to 2 transactions this block    
2026-08-10T05:52:27.343518Z  WARN ThreadId(20) hotstuff_runner::app: Node 2 view(1803) far exceeds block count (450); potential sync issue    
2026-08-10T05:52:27.381820Z  WARN ThreadId(20) hotstuff_runner::app: Node 2 [produce_block] queue size: 0, attempting up to 0 transactions this block    
2026-08-10T05:52:27.382734Z  WARN ThreadId(20) hotstuff_runner::app: Node 2 view(1807) far exceeds block count (451); potential sync issue    
2026-08-10T05:52:27.429266Z  WARN ThreadId(20) hotstuff_runner::app: Node 2 [produce_block] queue size: 0, attempting up to 0 transactions this block    
2026-08-10T05:52:27.429443Z  WARN ThreadId(20) hotstuff_runner::app: Node 2 view(1811) far exceeds block count (452); potential sync issue    
2026-08-10T05:52:27.464840Z  WARN ThreadId(20) hotstuff_runner::app: Node 2 [produce_block] queue size: 0, attempting up to 0 transactions this block    
2026-08-10T05:52:27.465104Z  WARN ThreadId(20) hotstuff_runner::app: Node 2 view(1815) far exceeds block count (453); potential sync issue    
2026-08-10T05:52:27.527702Z  WARN ThreadId(20) hotstuff_runner::app: Node 2 [produce_block] queue size: 0, attempting up to 0 transactions this block    
2026-08-10T05:52:27.530291Z  WARN ThreadId(20) hotstuff_runner::app: Node 2 view(1819) far exceeds block count (454); potential sync issue    
2026-08-10T05:52:27.580253Z  WARN ThreadId(20) hotstuff_runner::app: Node 2 [produce_block] queue size: 2, attempting up to 2 transactions this block    
2026-08-10T05:52:27.580339Z  WARN ThreadId(20) hotstuff_runner::app: Node 2 view(1823) far exceeds block count (455); potential sync issue    
2026-08-10T05:52:27.621941Z  WARN ThreadId(20) hotstuff_runner::app: Node 2 [produce_block] queue size: 0, attempting up to 0 transactions this block    
2026-08-10T05:52:27.623045Z  WARN ThreadId(20) hotstuff_runner::app: Node 2 view(1827) far exceeds block count (456); potential sync issue    
2026-08-10T05:52:27.688120Z  WARN ThreadId(20) hotstuff_runner::app: Node 2 [produce_block] queue size: 0, attempting up to 0 transactions this block    
2026-08-10T05:52:27.689930Z  WARN ThreadId(20) hotstuff_runner::app: Node 2 view(1831) far exceeds block count (457); potential sync issue    
2026-08-10T05:52:27.735686Z  WARN ThreadId(20) hotstuff_runner::app: Node 2 [produce_block] queue size: 0, attempting up to 0 transactions this block    
2026-08-10T05:52:27.736152Z  WARN ThreadId(20) hotstuff_runner::app: Node 2 view(1835) far exceeds block count (458); potential sync issue    
2026-08-10T05:52:27.787241Z  WARN ThreadId(20) hotstuff_runner::app: Node 2 [produce_block] queue size: 2, attempting up to 2 transactions this block    
2026-08-10T05:52:27.787559Z  WARN ThreadId(20) hotstuff_runner::app: Node 2 view(1839) far exceeds block count (459); potential sync issue    
2026-08-10T05:52:27.842358Z  WARN ThreadId(20) hotstuff_runner::app: Node 2 [produce_block] queue size: 0, attempting up to 0 transactions this block    
2026-08-10T05:52:27.842731Z  WARN ThreadId(20) hotstuff_runner::app: Node 2 view(1843) far exceeds block count (460); potential sync issue    
2026-08-10T05:52:27.902691Z  WARN ThreadId(20) hotstuff_runner::app: Node 2 [produce_block] queue size: 0, attempting up to 0 transactions this block    
2026-08-10T05:52:27.903134Z  WARN ThreadId(20) hotstuff_runner::app: Node 2 view(1847) far exceeds block count (461); potential sync issue    
2026-08-10T05:52:27.938354Z  WARN ThreadId(20) hotstuff_runner::app: Node 2 [produce_block] queue size: 0, attempting up to 0 transactions this block    
2026-08-10T05:52:27.940883Z  WARN ThreadId(20) hotstuff_runner::app: Node 2 view(1851) far exceeds block count (462); potential sync issue    
2026-08-10T05:52:28.012337Z  WARN ThreadId(20) hotstuff_runner::app: Node 2 [produce_block] queue size: 2, attempting up to 2 transactions this block    
2026-08-10T05:52:28.013968Z  WARN ThreadId(20) hotstuff_runner::app: Node 2 view(1855) far exceeds block count (463); potential sync issue    
2026-08-10T05:52:28.062637Z  WARN ThreadId(20) hotstuff_runner::app: Node 2 [produce_block] queue size: 0, attempting up to 0 transactions this block    
2026-08-10T05:52:28.062757Z  WARN ThreadId(20) hotstuff_runner::app: Node 2 view(1859) far exceeds block count (464); potential sync issue    
2026-08-10T05:52:28.123221Z  WARN ThreadId(20) hotstuff_runner::app: Node 2 [produce_block] queue size: 0, attempting up to 0 transactions this block    
2026-08-10T05:52:28.125089Z  WARN ThreadId(20) hotstuff_runner::app: Node 2 view(1863) far exceeds block count (465); potential sync issue    
2026-08-10T05:52:28.168725Z  WARN ThreadId(20) hotstuff_runner::app: Node 2 [produce_block] queue size: 0, attempting up to 0 transactions this block    
2026-08-10T05:52:28.168858Z  WARN ThreadId(20) hotstuff_runner::app: Node 2 view(1867) far exceeds block count (466); potential sync issue    
2026-08-10T05:52:28.224181Z  WARN ThreadId(20) hotstuff_runner::app: Node 2 [produce_block] queue size: 2, attempting up to 2 transactions this block    
2026-08-10T05:52:28.225307Z  WARN ThreadId(20) hotstuff_runner::app: Node 2 view(1871) far exceeds block count (467); potential sync issue    
2026-08-10T05:52:28.288255Z  WARN ThreadId(20) hotstuff_runner::app: Node 2 [produce_block] queue size: 0, attempting up to 0 transactions this block    
2026-08-10T05:52:28.288643Z  WARN ThreadId(20) hotstuff_runner::app: Node 2 view(1875) far exceeds block count (468); potential sync issue    
2026-08-10T05:52:28.332573Z  WARN ThreadId(20) hotstuff_runner::app: Node 2 [produce_block] queue size: 0, attempting up to 0 transactions this block    
2026-08-10T05:52:28.333221Z  WARN ThreadId(20) hotstuff_runner::app: Node 2 view(1879) far exceeds block count (469); potential sync issue    
2026-08-10T05:52:28.382674Z  WARN ThreadId(20) hotstuff_runner::app: Node 2 [produce_block] queue size: 0, attempting up to 0 transactions this block    
2026-08-10T05:52:28.383389Z  WARN ThreadId(20) hotstuff_runner::app: Node 2 view(1883) far exceeds block count (470); potential sync issue    
2026-08-10T05:52:28.416702Z  WARN ThreadId(20) hotstuff_runner::app: Node 2 [produce_block] queue size: 2, attempting up to 2 transactions this block    
2026-08-10T05:52:28.417311Z  WARN ThreadId(20) hotstuff_runner::app: Node 2 view(1887) far exceeds block count (471); potential sync issue    
2026-08-10T05:52:28.461669Z  WARN ThreadId(20) hotstuff_runner::app: Node 2 [produce_block] queue size: 0, attempting up to 0 transactions this block    
2026-08-10T05:52:28.462191Z  WARN ThreadId(20) hotstuff_runner::app: Node 2 view(1891) far exceeds block count (472); potential sync issue    
2026-08-10T05:52:28.520567Z  WARN ThreadId(20) hotstuff_runner::app: Node 2 [produce_block] queue size: 0, attempting up to 0 transactions this block    
2026-08-10T05:52:28.520865Z  WARN ThreadId(20) hotstuff_runner::app: Node 2 view(1895) far exceeds block count (473); potential sync issue    
2026-08-10T05:52:28.573688Z  WARN ThreadId(20) hotstuff_runner::app: Node 2 [produce_block] queue size: 0, attempting up to 0 transactions this block    
2026-08-10T05:52:28.573782Z  WARN ThreadId(20) hotstuff_runner::app: Node 2 view(1899) far exceeds block count (474); potential sync issue    
2026-08-10T05:52:28.611824Z  WARN ThreadId(20) hotstuff_runner::app: Node 2 [produce_block] queue size: 2, attempting up to 2 transactions this block    
2026-08-10T05:52:28.612454Z  WARN ThreadId(20) hotstuff_runner::app: Node 2 view(1903) far exceeds block count (475); potential sync issue    
2026-08-10T05:52:28.658084Z  WARN ThreadId(20) hotstuff_runner::app: Node 2 [produce_block] queue size: 0, attempting up to 0 transactions this block    
2026-08-10T05:52:28.658298Z  WARN ThreadId(20) hotstuff_runner::app: Node 2 view(1907) far exceeds block count (476); potential sync issue    
2026-08-10T05:52:28.709355Z  WARN ThreadId(20) hotstuff_runner::app: Node 2 [produce_block] queue size: 0, attempting up to 0 transactions this block    
2026-08-10T05:52:28.710101Z  WARN ThreadId(20) hotstuff_runner::app: Node 2 view(1911) far exceeds block count (477); potential sync issue    
2026-08-10T05:52:28.760496Z  WARN ThreadId(20) hotstuff_runner::app: Node 2 [produce_block] queue size: 0, attempting up to 0 transactions this block    
2026-08-10T05:52:28.761118Z  WARN ThreadId(20) hotstuff_runner::app: Node 2 view(1915) far exceeds block count (478); potential sync issue    
2026-08-10T05:52:28.805053Z  WARN ThreadId(20) hotstuff_runner::app: Node 2 [produce_block] queue size: 0, attempting up to 0 transactions this block    
2026-08-10T05:52:28.811127Z  WARN ThreadId(20) hotstuff_runner::app: Node 2 view(1919) far exceeds block count (479); potential sync issue    
2026-08-10T05:52:29.059022Z  WARN ThreadId(20) hotstuff_runner::app: Node 2 [produce_block] queue size: 2, attempting up to 2 transactions this block    
2026-08-10T05:52:29.060026Z  WARN ThreadId(20) hotstuff_runner::app: Node 2 view(1923) far exceeds block count (480); potential sync issue    
2026-08-10T05:52:29.169934Z  WARN ThreadId(20) hotstuff_rs::block_tree::invariants: SAFE_PC_FAIL: pc.block=[109, 220, 20, 155, 39, 34, 200, 48, 123, 39, 122, 62, 169, 200, 120, 228, 138, 98, 105, 159, 90, 113, 72, 207, 7, 229, 144, 80, 151, 155, 73, 130] view=1925 phase=Generic | cond1(chain_id/genesis)=true (pc.chain_id=0, my.chain_id=0) | cond2(block_exists/genesis)=false (exists=false) | cond3(view>locked || extends)=true (pc.view=1925, locked.view=1922, extends=false) | cond4(phase/updates)=true (phase_special=false, has_updates=false) | highest_pc.block=[38, 235, 118, 221, 237, 195, 32, 209, 41, 130, 234, 74, 244, 215, 141, 166, 17, 216, 108, 150, 165, 127, 157, 34, 165, 125, 240, 23, 88, 30, 250, 219] highest_pc.view=1923 locked.block=[95, 95, 118, 38, 40, 209, 233, 93, 67, 219, 5, 139, 41, 126, 128, 6, 42, 120, 0, 24, 46, 73, 116, 247, 21, 112, 115, 139, 192, 15, 95, 145] locked.view=1922    
2026-08-10T05:52:29.170233Z  WARN ThreadId(20) hotstuff_rs::block_tree::invariants: SAFE_BLOCK_FAIL: block=[221, 133, 12, 23, 137, 10, 70, 59, 224, 132, 13, 94, 94, 54, 138, 222, 97, 246, 115, 203, 77, 55, 238, 125, 52, 93, 124, 24, 50, 151, 169, 243] height=None | cond1(safe_pc)=false | cond2(is_block_justify)=true (justify.phase=Generic) | justify.block=[109, 220, 20, 155, 39, 34, 200, 48, 123, 39, 122, 62, 169, 200, 120, 228, 138, 98, 105, 159, 90, 113, 72, 207, 7, 229, 144, 80, 151, 155, 73, 130] justify.view=1925 | highest_pc.block=[38, 235, 118, 221, 237, 195, 32, 209, 41, 130, 234, 74, 244, 215, 141, 166, 17, 216, 108, 150, 165, 127, 157, 34, 165, 125, 240, 23, 88, 30, 250, 219] highest_pc.view=1923 | locked.block=[95, 95, 118, 38, 40, 209, 233, 93, 67, 219, 5, 139, 41, 126, 128, 6, 42, 120, 0, 24, 46, 73, 116, 247, 21, 112, 115, 139, 192, 15, 95, 145] locked.view=1922    
2026-08-10T05:52:29.172203Z  WARN ThreadId(20) hotstuff_rs::block_tree::invariants: SAFE_PC_FAIL: pc.block=[221, 133, 12, 23, 137, 10, 70, 59, 224, 132, 13, 94, 94, 54, 138, 222, 97, 246, 115, 203, 77, 55, 238, 125, 52, 93, 124, 24, 50, 151, 169, 243] view=1926 phase=Generic | cond1(chain_id/genesis)=true (pc.chain_id=0, my.chain_id=0) | cond2(block_exists/genesis)=false (exists=false) | cond3(view>locked || extends)=true (pc.view=1926, locked.view=1922, extends=false) | cond4(phase/updates)=true (phase_special=false, has_updates=false) | highest_pc.block=[38, 235, 118, 221, 237, 195, 32, 209, 41, 130, 234, 74, 244, 215, 141, 166, 17, 216, 108, 150, 165, 127, 157, 34, 165, 125, 240, 23, 88, 30, 250, 219] highest_pc.view=1923 locked.block=[95, 95, 118, 38, 40, 209, 233, 93, 67, 219, 5, 139, 41, 126, 128, 6, 42, 120, 0, 24, 46, 73, 116, 247, 21, 112, 115, 139, 192, 15, 95, 145] locked.view=1922    
2026-08-10T05:52:29.675087Z  WARN ThreadId(20) hotstuff_runner::app: Node 2 [produce_block] queue size: 6, attempting up to 6 transactions this block    
2026-08-10T05:52:29.677340Z  WARN ThreadId(20) hotstuff_runner::app: Node 2 view(1927) far exceeds block count (481); potential sync issue    
2026-08-10T05:52:29.737356Z  WARN ThreadId(20) hotstuff_runner::app: Node 2 [produce_block] queue size: 2, attempting up to 2 transactions this block    
2026-08-10T05:52:29.739112Z  WARN ThreadId(20) hotstuff_runner::app: Node 2 view(1931) far exceeds block count (482); potential sync issue    
2026-08-10T05:52:29.798658Z  WARN ThreadId(20) hotstuff_runner::app: Node 2 [produce_block] queue size: 0, attempting up to 0 transactions this block    
2026-08-10T05:52:29.800542Z  WARN ThreadId(20) hotstuff_runner::app: Node 2 view(1935) far exceeds block count (483); potential sync issue    
2026-08-10T05:52:29.881991Z  WARN ThreadId(20) hotstuff_runner::app: Node 2 [produce_block] queue size: 0, attempting up to 0 transactions this block    
2026-08-10T05:52:29.883095Z  WARN ThreadId(20) hotstuff_runner::app: Node 2 view(1939) far exceeds block count (484); potential sync issue    
2026-08-10T05:52:29.995901Z  WARN ThreadId(20) hotstuff_runner::app: Node 2 [produce_block] queue size: 2, attempting up to 2 transactions this block    
2026-08-10T05:52:29.999891Z  WARN ThreadId(20) hotstuff_runner::app: Node 2 view(1943) far exceeds block count (485); potential sync issue    
2026-08-10T05:52:30.058933Z  WARN ThreadId(20) hotstuff_runner::app: Node 2 [produce_block] queue size: 0, attempting up to 0 transactions this block    
2026-08-10T05:52:30.059748Z  WARN ThreadId(20) hotstuff_runner::app: Node 2 view(1947) far exceeds block count (486); potential sync issue    
2026-08-10T05:52:30.129629Z  WARN ThreadId(20) hotstuff_runner::app: Node 2 [produce_block] queue size: 0, attempting up to 0 transactions this block    
2026-08-10T05:52:30.130294Z  WARN ThreadId(20) hotstuff_runner::app: Node 2 view(1951) far exceeds block count (487); potential sync issue    
2026-08-10T05:52:30.173996Z  WARN ThreadId(20) hotstuff_runner::app: Node 2 [produce_block] queue size: 2, attempting up to 2 transactions this block    
2026-08-10T05:52:30.174284Z  WARN ThreadId(20) hotstuff_runner::app: Node 2 view(1955) far exceeds block count (488); potential sync issue    
2026-08-10T05:52:30.239370Z  WARN ThreadId(20) hotstuff_runner::app: Node 2 [produce_block] queue size: 0, attempting up to 0 transactions this block    
2026-08-10T05:52:30.240882Z  WARN ThreadId(20) hotstuff_runner::app: Node 2 view(1959) far exceeds block count (489); potential sync issue    
2026-08-10T05:52:30.309581Z  WARN ThreadId(20) hotstuff_runner::app: Node 2 [produce_block] queue size: 0, attempting up to 0 transactions this block    
2026-08-10T05:52:30.309709Z  WARN ThreadId(20) hotstuff_runner::app: Node 2 view(1963) far exceeds block count (490); potential sync issue    
2026-08-10T05:52:30.361671Z  WARN ThreadId(20) hotstuff_runner::app: Node 2 [produce_block] queue size: 2, attempting up to 2 transactions this block    
2026-08-10T05:52:30.361795Z  WARN ThreadId(20) hotstuff_runner::app: Node 2 view(1967) far exceeds block count (491); potential sync issue    
2026-08-10T05:52:30.415443Z  WARN ThreadId(20) hotstuff_runner::app: Node 2 [produce_block] queue size: 0, attempting up to 0 transactions this block    
2026-08-10T05:52:30.418504Z  WARN ThreadId(20) hotstuff_runner::app: Node 2 view(1971) far exceeds block count (492); potential sync issue    
2026-08-10T05:52:30.456621Z  WARN ThreadId(20) hotstuff_runner::app: Node 2 [produce_block] queue size: 0, attempting up to 0 transactions this block    
2026-08-10T05:52:30.458087Z  WARN ThreadId(20) hotstuff_runner::app: Node 2 view(1975) far exceeds block count (493); potential sync issue    
2026-08-10T05:52:30.577220Z  WARN ThreadId(20) hotstuff_runner::app: Node 2 [produce_block] queue size: 0, attempting up to 0 transactions this block    
2026-08-10T05:52:30.577586Z  WARN ThreadId(20) hotstuff_runner::app: Node 2 view(1979) far exceeds block count (494); potential sync issue    
2026-08-10T05:52:30.693218Z  WARN ThreadId(20) hotstuff_runner::app: Node 2 [produce_block] queue size: 2, attempting up to 2 transactions this block    
2026-08-10T05:52:30.705110Z  WARN ThreadId(20) hotstuff_runner::app: Node 2 view(1983) far exceeds block count (495); potential sync issue    
2026-08-10T05:52:30.795950Z  WARN ThreadId(20) hotstuff_runner::app: Node 2 [produce_block] queue size: 2, attempting up to 2 transactions this block    
2026-08-10T05:52:30.796325Z  WARN ThreadId(20) hotstuff_runner::app: Node 2 view(1987) far exceeds block count (496); potential sync issue    
2026-08-10T05:52:31.114879Z  WARN ThreadId(20) hotstuff_runner::app: Node 2 [produce_block] queue size: 2, attempting up to 2 transactions this block    
2026-08-10T05:52:31.118975Z  WARN ThreadId(20) hotstuff_runner::app: Node 2 view(1991) far exceeds block count (497); potential sync issue    
2026-08-10T05:52:31.207511Z  WARN ThreadId(20) hotstuff_runner::app: Node 2 [produce_block] queue size: 2, attempting up to 2 transactions this block    
2026-08-10T05:52:31.207831Z  WARN ThreadId(20) hotstuff_runner::app: Node 2 view(1995) far exceeds block count (498); potential sync issue    
2026-08-10T05:52:31.264866Z  WARN ThreadId(20) hotstuff_runner::app: Node 2 [produce_block] queue size: 0, attempting up to 0 transactions this block    
2026-08-10T05:52:31.265036Z  WARN ThreadId(20) hotstuff_runner::app: Node 2 view(1999) far exceeds block count (499); potential sync issue    
2026-08-10T05:52:31.454767Z  WARN ThreadId(20) hotstuff_runner::app: Node 2 [produce_block] queue size: 0, attempting up to 0 transactions this block    
2026-08-10T05:52:31.455230Z  WARN ThreadId(20) hotstuff_runner::app: Node 2 view(2003) far exceeds block count (500); potential sync issue    
2026-08-10T05:52:31.612689Z  WARN ThreadId(20) hotstuff_runner::app: Node 2 [produce_block] queue size: 4, attempting up to 4 transactions this block    
2026-08-10T05:52:31.613931Z  WARN ThreadId(20) hotstuff_runner::app: Node 2 view(2007) far exceeds block count (501); potential sync issue    
2026-08-10T05:52:31.692287Z  WARN ThreadId(20) hotstuff_runner::app: Node 2 [produce_block] queue size: 0, attempting up to 0 transactions this block    
2026-08-10T05:52:31.693174Z  WARN ThreadId(20) hotstuff_runner::app: Node 2 view(2011) far exceeds block count (502); potential sync issue    
2026-08-10T05:52:31.754947Z  WARN ThreadId(20) hotstuff_runner::app: Node 2 [produce_block] queue size: 0, attempting up to 0 transactions this block    
2026-08-10T05:52:31.763211Z  WARN ThreadId(20) hotstuff_runner::app: Node 2 view(2015) far exceeds block count (503); potential sync issue    
2026-08-10T05:52:31.840864Z  WARN ThreadId(20) hotstuff_runner::app: Node 2 [produce_block] queue size: 0, attempting up to 0 transactions this block    
2026-08-10T05:52:31.841019Z  WARN ThreadId(20) hotstuff_runner::app: Node 2 view(2019) far exceeds block count (504); potential sync issue    
2026-08-10T05:52:31.904227Z  WARN ThreadId(20) hotstuff_runner::app: Node 2 [produce_block] queue size: 2, attempting up to 2 transactions this block    
2026-08-10T05:52:31.907842Z  WARN ThreadId(20) hotstuff_runner::app: Node 2 view(2023) far exceeds block count (505); potential sync issue    
2026-08-10T05:52:31.966021Z  WARN ThreadId(20) hotstuff_runner::app: Node 2 [produce_block] queue size: 0, attempting up to 0 transactions this block    
2026-08-10T05:52:31.969486Z  WARN ThreadId(20) hotstuff_runner::app: Node 2 view(2027) far exceeds block count (506); potential sync issue    
2026-08-10T05:52:32.047498Z  WARN ThreadId(20) hotstuff_runner::app: Node 2 [produce_block] queue size: 0, attempting up to 0 transactions this block    
2026-08-10T05:52:32.048329Z  WARN ThreadId(20) hotstuff_runner::app: Node 2 view(2031) far exceeds block count (507); potential sync issue    
2026-08-10T05:52:32.108262Z  WARN ThreadId(20) hotstuff_runner::app: Node 2 [produce_block] queue size: 2, attempting up to 2 transactions this block    
2026-08-10T05:52:32.108417Z  WARN ThreadId(20) hotstuff_runner::app: Node 2 view(2035) far exceeds block count (508); potential sync issue    
2026-08-10T05:52:32.190388Z  WARN ThreadId(20) hotstuff_runner::app: Node 2 [produce_block] queue size: 0, attempting up to 0 transactions this block    
2026-08-10T05:52:32.196290Z  WARN ThreadId(20) hotstuff_runner::app: Node 2 view(2039) far exceeds block count (509); potential sync issue    
2026-08-10T05:52:32.261101Z  WARN ThreadId(20) hotstuff_runner::app: Node 2 [produce_block] queue size: 0, attempting up to 0 transactions this block    
2026-08-10T05:52:32.261648Z  WARN ThreadId(20) hotstuff_runner::app: Node 2 view(2043) far exceeds block count (510); potential sync issue    
2026-08-10T05:52:32.346032Z  WARN ThreadId(20) hotstuff_runner::app: Node 2 [produce_block] queue size: 2, attempting up to 2 transactions this block    
2026-08-10T05:52:32.346744Z  WARN ThreadId(20) hotstuff_runner::app: Node 2 view(2047) far exceeds block count (511); potential sync issue    
2026-08-10T05:52:32.413762Z  WARN ThreadId(20) hotstuff_runner::app: Node 2 [produce_block] queue size: 0, attempting up to 0 transactions this block    
2026-08-10T05:52:32.413907Z  WARN ThreadId(20) hotstuff_runner::app: Node 2 view(2051) far exceeds block count (512); potential sync issue    
2026-08-10T05:52:32.544233Z  WARN ThreadId(20) hotstuff_runner::app: Node 2 [produce_block] queue size: 2, attempting up to 2 transactions this block    
2026-08-10T05:52:32.548108Z  WARN ThreadId(20) hotstuff_runner::app: Node 2 view(2055) far exceeds block count (513); potential sync issue    
2026-08-10T05:52:32.649700Z  WARN ThreadId(20) hotstuff_runner::app: Node 2 [produce_block] queue size: 0, attempting up to 0 transactions this block    
2026-08-10T05:52:32.657274Z  WARN ThreadId(20) hotstuff_runner::app: Node 2 view(2059) far exceeds block count (514); potential sync issue    
2026-08-10T05:52:32.737354Z  WARN ThreadId(20) hotstuff_runner::app: Node 2 [produce_block] queue size: 2, attempting up to 2 transactions this block    
2026-08-10T05:52:32.737621Z  WARN ThreadId(20) hotstuff_runner::app: Node 2 view(2063) far exceeds block count (515); potential sync issue    
2026-08-10T05:52:32.819738Z  WARN ThreadId(20) hotstuff_runner::app: Node 2 [produce_block] queue size: 0, attempting up to 0 transactions this block    
2026-08-10T05:52:32.820407Z  WARN ThreadId(20) hotstuff_runner::app: Node 2 view(2067) far exceeds block count (516); potential sync issue    
2026-08-10T05:52:32.919290Z  WARN ThreadId(20) hotstuff_runner::app: Node 2 [produce_block] queue size: 2, attempting up to 2 transactions this block    
2026-08-10T05:52:32.920179Z  WARN ThreadId(20) hotstuff_runner::app: Node 2 view(2071) far exceeds block count (517); potential sync issue    
2026-08-10T05:52:32.987778Z  WARN ThreadId(20) hotstuff_runner::app: Node 2 [produce_block] queue size: 0, attempting up to 0 transactions this block    
2026-08-10T05:52:32.990752Z  WARN ThreadId(20) hotstuff_runner::app: Node 2 view(2075) far exceeds block count (518); potential sync issue    
2026-08-10T05:52:33.062043Z  WARN ThreadId(20) hotstuff_runner::app: Node 2 [produce_block] queue size: 2, attempting up to 2 transactions this block    
2026-08-10T05:52:33.065192Z  WARN ThreadId(20) hotstuff_runner::app: Node 2 view(2079) far exceeds block count (519); potential sync issue    
2026-08-10T05:52:33.134982Z  WARN ThreadId(20) hotstuff_runner::app: Node 2 [produce_block] queue size: 0, attempting up to 0 transactions this block    
2026-08-10T05:52:33.140969Z  WARN ThreadId(20) hotstuff_runner::app: Node 2 view(2083) far exceeds block count (520); potential sync issue    
2026-08-10T05:52:33.229133Z  WARN ThreadId(20) hotstuff_runner::app: Node 2 [produce_block] queue size: 2, attempting up to 2 transactions this block    
2026-08-10T05:52:33.229549Z  WARN ThreadId(20) hotstuff_runner::app: Node 2 view(2087) far exceeds block count (521); potential sync issue    
2026-08-10T05:52:33.290793Z  WARN ThreadId(20) hotstuff_runner::app: Node 2 [produce_block] queue size: 0, attempting up to 0 transactions this block    
2026-08-10T05:52:33.291045Z  WARN ThreadId(20) hotstuff_runner::app: Node 2 view(2091) far exceeds block count (522); potential sync issue    
2026-08-10T05:52:33.341882Z  WARN ThreadId(20) hotstuff_runner::app: Node 2 [produce_block] queue size: 0, attempting up to 0 transactions this block    
2026-08-10T05:52:33.343028Z  WARN ThreadId(20) hotstuff_runner::app: Node 2 view(2095) far exceeds block count (523); potential sync issue    
2026-08-10T05:52:33.425822Z  WARN ThreadId(20) hotstuff_runner::app: Node 2 [produce_block] queue size: 2, attempting up to 2 transactions this block    
2026-08-10T05:52:33.426468Z  WARN ThreadId(20) hotstuff_runner::app: Node 2 view(2099) far exceeds block count (524); potential sync issue    
2026-08-10T05:52:33.505391Z  WARN ThreadId(20) hotstuff_runner::app: Node 2 [produce_block] queue size: 0, attempting up to 0 transactions this block    
2026-08-10T05:52:33.505872Z  WARN ThreadId(20) hotstuff_runner::app: Node 2 view(2103) far exceeds block count (525); potential sync issue    
2026-08-10T05:52:33.574009Z  WARN ThreadId(20) hotstuff_runner::app: Node 2 [produce_block] queue size: 0, attempting up to 0 transactions this block    
2026-08-10T05:52:33.574450Z  WARN ThreadId(20) hotstuff_runner::app: Node 2 view(2107) far exceeds block count (526); potential sync issue    
2026-08-10T05:52:33.650113Z  WARN ThreadId(20) hotstuff_runner::app: Node 2 [produce_block] queue size: 2, attempting up to 2 transactions this block    
2026-08-10T05:52:33.650345Z  WARN ThreadId(20) hotstuff_runner::app: Node 2 view(2111) far exceeds block count (527); potential sync issue    
2026-08-10T05:52:33.735032Z  WARN ThreadId(20) hotstuff_runner::app: Node 2 [produce_block] queue size: 0, attempting up to 0 transactions this block    
2026-08-10T05:52:33.737651Z  WARN ThreadId(20) hotstuff_runner::app: Node 2 view(2115) far exceeds block count (528); potential sync issue    
2026-08-10T05:52:33.999273Z  WARN ThreadId(20) hotstuff_runner::app: Node 2 [produce_block] queue size: 4, attempting up to 4 transactions this block    
2026-08-10T05:52:33.999732Z  WARN ThreadId(20) hotstuff_runner::app: Node 2 view(2119) far exceeds block count (529); potential sync issue    
2026-08-10T05:52:34.081892Z  WARN ThreadId(20) hotstuff_runner::app: Node 2 [produce_block] queue size: 0, attempting up to 0 transactions this block    
2026-08-10T05:52:34.090214Z  WARN ThreadId(20) hotstuff_runner::app: Node 2 view(2123) far exceeds block count (530); potential sync issue    
2026-08-10T05:52:34.130043Z  WARN ThreadId(20) hotstuff_runner::app: Node 2 [produce_block] queue size: 0, attempting up to 0 transactions this block    
2026-08-10T05:52:34.131750Z  WARN ThreadId(20) hotstuff_runner::app: Node 2 view(2127) far exceeds block count (531); potential sync issue    
2026-08-10T05:52:34.238842Z  WARN ThreadId(20) hotstuff_runner::app: Node 2 [produce_block] queue size: 2, attempting up to 2 transactions this block    
2026-08-10T05:52:34.244611Z  WARN ThreadId(20) hotstuff_runner::app: Node 2 view(2131) far exceeds block count (532); potential sync issue    
2026-08-10T05:52:34.351598Z  WARN ThreadId(20) hotstuff_runner::app: Node 2 [produce_block] queue size: 0, attempting up to 0 transactions this block    
2026-08-10T05:52:34.353190Z  WARN ThreadId(20) hotstuff_runner::app: Node 2 view(2135) far exceeds block count (533); potential sync issue    
2026-08-10T05:52:34.406437Z  WARN ThreadId(20) hotstuff_runner::app: Node 2 [produce_block] queue size: 2, attempting up to 2 transactions this block    
2026-08-10T05:52:34.409418Z  WARN ThreadId(20) hotstuff_runner::app: Node 2 view(2139) far exceeds block count (534); potential sync issue    
2026-08-10T05:52:34.488537Z  WARN ThreadId(20) hotstuff_runner::app: Node 2 [produce_block] queue size: 0, attempting up to 0 transactions this block    
2026-08-10T05:52:34.488780Z  WARN ThreadId(20) hotstuff_runner::app: Node 2 view(2143) far exceeds block count (535); potential sync issue    
2026-08-10T05:52:34.583395Z  WARN ThreadId(20) hotstuff_runner::app: Node 2 [produce_block] queue size: 0, attempting up to 0 transactions this block    
2026-08-10T05:52:34.586023Z  WARN ThreadId(20) hotstuff_runner::app: Node 2 view(2147) far exceeds block count (536); potential sync issue    
2026-08-10T05:52:34.638042Z  WARN ThreadId(20) hotstuff_runner::app: Node 2 [produce_block] queue size: 2, attempting up to 2 transactions this block    
2026-08-10T05:52:34.638240Z  WARN ThreadId(20) hotstuff_runner::app: Node 2 view(2151) far exceeds block count (537); potential sync issue    
2026-08-10T05:52:34.689461Z  WARN ThreadId(20) hotstuff_runner::app: Node 2 [produce_block] queue size: 0, attempting up to 0 transactions this block    
2026-08-10T05:52:34.690292Z  WARN ThreadId(20) hotstuff_runner::app: Node 2 view(2155) far exceeds block count (538); potential sync issue    
2026-08-10T05:52:34.738306Z  WARN ThreadId(20) hotstuff_runner::app: Node 2 [produce_block] queue size: 0, attempting up to 0 transactions this block    
2026-08-10T05:52:34.741827Z  WARN ThreadId(20) hotstuff_runner::app: Node 2 view(2159) far exceeds block count (539); potential sync issue    
2026-08-10T05:52:34.799532Z  WARN ThreadId(20) hotstuff_runner::app: Node 2 [produce_block] queue size: 0, attempting up to 0 transactions this block    
2026-08-10T05:52:34.799795Z  WARN ThreadId(20) hotstuff_runner::app: Node 2 view(2163) far exceeds block count (540); potential sync issue    
2026-08-10T05:52:34.878412Z  WARN ThreadId(20) hotstuff_runner::app: Node 2 [produce_block] queue size: 2, attempting up to 2 transactions this block    
2026-08-10T05:52:34.879421Z  WARN ThreadId(20) hotstuff_runner::app: Node 2 view(2167) far exceeds block count (541); potential sync issue    
2026-08-10T05:52:34.950876Z  WARN ThreadId(20) hotstuff_runner::app: Node 2 [produce_block] queue size: 0, attempting up to 0 transactions this block    
2026-08-10T05:52:34.951449Z  WARN ThreadId(20) hotstuff_runner::app: Node 2 view(2171) far exceeds block count (542); potential sync issue    
2026-08-10T05:52:35.017331Z  WARN ThreadId(20) hotstuff_runner::app: Node 2 [produce_block] queue size: 0, attempting up to 0 transactions this block    
2026-08-10T05:52:35.017519Z  WARN ThreadId(20) hotstuff_runner::app: Node 2 view(2175) far exceeds block count (543); potential sync issue    
2026-08-10T05:52:35.068699Z  WARN ThreadId(20) hotstuff_runner::app: Node 2 [produce_block] queue size: 2, attempting up to 2 transactions this block    
2026-08-10T05:52:35.068925Z  WARN ThreadId(20) hotstuff_runner::app: Node 2 view(2179) far exceeds block count (544); potential sync issue    
2026-08-10T05:52:35.125207Z  WARN ThreadId(20) hotstuff_runner::app: Node 2 [produce_block] queue size: 0, attempting up to 0 transactions this block    
2026-08-10T05:52:35.125544Z  WARN ThreadId(20) hotstuff_runner::app: Node 2 view(2183) far exceeds block count (545); potential sync issue    
2026-08-10T05:52:35.210708Z  WARN ThreadId(20) hotstuff_runner::app: Node 2 [produce_block] queue size: 0, attempting up to 0 transactions this block    
2026-08-10T05:52:35.214496Z  WARN ThreadId(20) hotstuff_runner::app: Node 2 view(2187) far exceeds block count (546); potential sync issue    
2026-08-10T05:52:35.276942Z  WARN ThreadId(20) hotstuff_runner::app: Node 2 [produce_block] queue size: 0, attempting up to 0 transactions this block    
2026-08-10T05:52:35.277323Z  WARN ThreadId(20) hotstuff_runner::app: Node 2 view(2191) far exceeds block count (547); potential sync issue    
2026-08-10T05:52:35.346737Z  WARN ThreadId(20) hotstuff_runner::app: Node 2 [produce_block] queue size: 2, attempting up to 2 transactions this block    
2026-08-10T05:52:35.348259Z  WARN ThreadId(20) hotstuff_runner::app: Node 2 view(2195) far exceeds block count (548); potential sync issue    
2026-08-10T05:52:35.426447Z  WARN ThreadId(20) hotstuff_runner::app: Node 2 [produce_block] queue size: 0, attempting up to 0 transactions this block    
2026-08-10T05:52:35.427038Z  WARN ThreadId(20) hotstuff_runner::app: Node 2 view(2199) far exceeds block count (549); potential sync issue    
2026-08-10T05:52:35.474765Z  WARN ThreadId(20) hotstuff_runner::app: Node 2 [produce_block] queue size: 0, attempting up to 0 transactions this block    
2026-08-10T05:52:35.475689Z  WARN ThreadId(20) hotstuff_runner::app: Node 2 view(2203) far exceeds block count (550); potential sync issue    
2026-08-10T05:52:35.533959Z  WARN ThreadId(20) hotstuff_runner::app: Node 2 [produce_block] queue size: 2, attempting up to 2 transactions this block    
2026-08-10T05:52:35.534612Z  WARN ThreadId(20) hotstuff_runner::app: Node 2 view(2207) far exceeds block count (551); potential sync issue    
2026-08-10T05:52:35.588368Z  WARN ThreadId(20) hotstuff_runner::app: Node 2 [produce_block] queue size: 0, attempting up to 0 transactions this block    
2026-08-10T05:52:35.589104Z  WARN ThreadId(20) hotstuff_runner::app: Node 2 view(2211) far exceeds block count (552); potential sync issue    
2026-08-10T05:52:35.653938Z  WARN ThreadId(20) hotstuff_runner::app: Node 2 [produce_block] queue size: 0, attempting up to 0 transactions this block    
2026-08-10T05:52:35.655637Z  WARN ThreadId(20) hotstuff_runner::app: Node 2 view(2215) far exceeds block count (553); potential sync issue    
2026-08-10T05:52:35.747272Z  WARN ThreadId(20) hotstuff_runner::app: Node 2 [produce_block] queue size: 2, attempting up to 2 transactions this block    
2026-08-10T05:52:35.748414Z  WARN ThreadId(20) hotstuff_runner::app: Node 2 view(2219) far exceeds block count (554); potential sync issue    
2026-08-10T05:52:35.842305Z  WARN ThreadId(20) hotstuff_runner::app: Node 2 [produce_block] queue size: 0, attempting up to 0 transactions this block    
2026-08-10T05:52:35.842448Z  WARN ThreadId(20) hotstuff_runner::app: Node 2 view(2223) far exceeds block count (555); potential sync issue    
2026-08-10T05:52:35.901539Z  WARN ThreadId(20) hotstuff_runner::app: Node 2 [produce_block] queue size: 0, attempting up to 0 transactions this block    
2026-08-10T05:52:35.901734Z  WARN ThreadId(20) hotstuff_runner::app: Node 2 view(2227) far exceeds block count (556); potential sync issue    
2026-08-10T05:52:35.964111Z  WARN ThreadId(20) hotstuff_runner::app: Node 2 [produce_block] queue size: 2, attempting up to 2 transactions this block    
2026-08-10T05:52:35.964844Z  WARN ThreadId(20) hotstuff_runner::app: Node 2 view(2231) far exceeds block count (557); potential sync issue    
2026-08-10T05:52:36.021116Z  WARN ThreadId(20) hotstuff_runner::app: Node 2 [produce_block] queue size: 0, attempting up to 0 transactions this block    
2026-08-10T05:52:36.022924Z  WARN ThreadId(20) hotstuff_runner::app: Node 2 view(2235) far exceeds block count (558); potential sync issue    
2026-08-10T05:52:36.066734Z  WARN ThreadId(20) hotstuff_runner::app: Node 2 [produce_block] queue size: 0, attempting up to 0 transactions this block    
2026-08-10T05:52:36.067703Z  WARN ThreadId(20) hotstuff_runner::app: Node 2 view(2239) far exceeds block count (559); potential sync issue    
2026-08-10T05:52:36.114003Z  WARN ThreadId(20) hotstuff_runner::app: Node 2 [produce_block] queue size: 0, attempting up to 0 transactions this block    
2026-08-10T05:52:36.116266Z  WARN ThreadId(20) hotstuff_runner::app: Node 2 view(2243) far exceeds block count (560); potential sync issue    
2026-08-10T05:52:36.153947Z  WARN ThreadId(20) hotstuff_runner::app: Node 2 [produce_block] queue size: 0, attempting up to 0 transactions this block    
2026-08-10T05:52:36.154858Z  WARN ThreadId(20) hotstuff_runner::app: Node 2 view(2247) far exceeds block count (561); potential sync issue    
2026-08-10T05:52:36.229432Z  WARN ThreadId(20) hotstuff_runner::app: Node 2 [produce_block] queue size: 2, attempting up to 2 transactions this block    
2026-08-10T05:52:36.230761Z  WARN ThreadId(20) hotstuff_runner::app: Node 2 view(2251) far exceeds block count (562); potential sync issue    
2026-08-10T05:52:36.278055Z  WARN ThreadId(20) hotstuff_runner::app: Node 2 [produce_block] queue size: 0, attempting up to 0 transactions this block    
2026-08-10T05:52:36.278236Z  WARN ThreadId(20) hotstuff_runner::app: Node 2 view(2255) far exceeds block count (563); potential sync issue    
2026-08-10T05:52:36.345618Z  WARN ThreadId(20) hotstuff_runner::app: Node 2 [produce_block] queue size: 2, attempting up to 2 transactions this block    
2026-08-10T05:52:36.347935Z  WARN ThreadId(20) hotstuff_runner::app: Node 2 view(2259) far exceeds block count (564); potential sync issue    
2026-08-10T05:52:36.434564Z  WARN ThreadId(20) hotstuff_runner::app: Node 2 [produce_block] queue size: 0, attempting up to 0 transactions this block    
2026-08-10T05:52:36.435214Z  WARN ThreadId(20) hotstuff_runner::app: Node 2 view(2263) far exceeds block count (565); potential sync issue    
2026-08-10T05:52:36.486555Z  WARN ThreadId(20) hotstuff_runner::app: Node 2 [produce_block] queue size: 0, attempting up to 0 transactions this block    
2026-08-10T05:52:36.486911Z  WARN ThreadId(20) hotstuff_runner::app: Node 2 view(2267) far exceeds block count (566); potential sync issue    
2026-08-10T05:52:36.547912Z  WARN ThreadId(20) hotstuff_runner::app: Node 2 [produce_block] queue size: 0, attempting up to 0 transactions this block    
2026-08-10T05:52:36.548307Z  WARN ThreadId(20) hotstuff_runner::app: Node 2 view(2271) far exceeds block count (567); potential sync issue    
2026-08-10T05:52:36.600088Z  WARN ThreadId(20) hotstuff_runner::app: Node 2 [produce_block] queue size: 2, attempting up to 2 transactions this block    
2026-08-10T05:52:36.606943Z  WARN ThreadId(20) hotstuff_runner::app: Node 2 view(2275) far exceeds block count (568); potential sync issue    
2026-08-10T05:52:36.669104Z  WARN ThreadId(20) hotstuff_runner::app: Node 2 [produce_block] queue size: 0, attempting up to 0 transactions this block    
2026-08-10T05:52:36.669501Z  WARN ThreadId(20) hotstuff_runner::app: Node 2 view(2279) far exceeds block count (569); potential sync issue    
2026-08-10T05:52:36.736217Z  WARN ThreadId(20) hotstuff_runner::app: Node 2 [produce_block] queue size: 0, attempting up to 0 transactions this block    
2026-08-10T05:52:36.736742Z  WARN ThreadId(20) hotstuff_runner::app: Node 2 view(2283) far exceeds block count (570); potential sync issue    
2026-08-10T05:52:36.797718Z  WARN ThreadId(20) hotstuff_runner::app: Node 2 [produce_block] queue size: 2, attempting up to 2 transactions this block    
2026-08-10T05:52:36.797956Z  WARN ThreadId(20) hotstuff_runner::app: Node 2 view(2287) far exceeds block count (571); potential sync issue    
2026-08-10T05:52:36.853800Z  WARN ThreadId(20) hotstuff_runner::app: Node 2 [produce_block] queue size: 0, attempting up to 0 transactions this block    
2026-08-10T05:52:36.856488Z  WARN ThreadId(20) hotstuff_runner::app: Node 2 view(2291) far exceeds block count (572); potential sync issue    
2026-08-10T05:52:36.913895Z  WARN ThreadId(20) hotstuff_runner::app: Node 2 [produce_block] queue size: 0, attempting up to 0 transactions this block    
2026-08-10T05:52:36.914461Z  WARN ThreadId(20) hotstuff_runner::app: Node 2 view(2295) far exceeds block count (573); potential sync issue    
2026-08-10T05:52:36.997435Z  WARN ThreadId(20) hotstuff_runner::app: Node 2 [produce_block] queue size: 2, attempting up to 2 transactions this block    
2026-08-10T05:52:36.997785Z  WARN ThreadId(20) hotstuff_runner::app: Node 2 view(2299) far exceeds block count (574); potential sync issue    
2026-08-10T05:52:37.039708Z  WARN ThreadId(20) hotstuff_runner::app: Node 2 [produce_block] queue size: 0, attempting up to 0 transactions this block    
2026-08-10T05:52:37.040585Z  WARN ThreadId(20) hotstuff_runner::app: Node 2 view(2303) far exceeds block count (575); potential sync issue    
2026-08-10T05:52:37.095481Z  WARN ThreadId(20) hotstuff_runner::app: Node 2 [produce_block] queue size: 0, attempting up to 0 transactions this block    
2026-08-10T05:52:37.095898Z  WARN ThreadId(20) hotstuff_runner::app: Node 2 view(2307) far exceeds block count (576); potential sync issue    
2026-08-10T05:52:37.150343Z  WARN ThreadId(20) hotstuff_runner::app: Node 2 [produce_block] queue size: 0, attempting up to 0 transactions this block    
2026-08-10T05:52:37.154081Z  WARN ThreadId(20) hotstuff_runner::app: Node 2 view(2311) far exceeds block count (577); potential sync issue    
2026-08-10T05:52:37.225338Z  WARN ThreadId(20) hotstuff_runner::app: Node 2 [produce_block] queue size: 2, attempting up to 2 transactions this block    
2026-08-10T05:52:37.228682Z  WARN ThreadId(20) hotstuff_runner::app: Node 2 view(2315) far exceeds block count (578); potential sync issue    
2026-08-10T05:52:37.314552Z  WARN ThreadId(20) hotstuff_runner::app: Node 2 [produce_block] queue size: 0, attempting up to 0 transactions this block    
2026-08-10T05:52:37.314912Z  WARN ThreadId(20) hotstuff_runner::app: Node 2 view(2319) far exceeds block count (579); potential sync issue    
2026-08-10T05:52:37.386978Z  WARN ThreadId(20) hotstuff_runner::app: Node 2 [produce_block] queue size: 0, attempting up to 0 transactions this block    
2026-08-10T05:52:37.387205Z  WARN ThreadId(20) hotstuff_runner::app: Node 2 view(2323) far exceeds block count (580); potential sync issue    
2026-08-10T05:52:37.433322Z  WARN ThreadId(20) hotstuff_runner::app: Node 2 [produce_block] queue size: 2, attempting up to 2 transactions this block    
2026-08-10T05:52:37.436751Z  WARN ThreadId(20) hotstuff_runner::app: Node 2 view(2327) far exceeds block count (581); potential sync issue    
2026-08-10T05:52:37.499461Z  WARN ThreadId(20) hotstuff_runner::app: Node 2 [produce_block] queue size: 0, attempting up to 0 transactions this block    
2026-08-10T05:52:37.499917Z  WARN ThreadId(20) hotstuff_runner::app: Node 2 view(2331) far exceeds block count (582); potential sync issue    
2026-08-10T05:52:37.578495Z  WARN ThreadId(20) hotstuff_runner::app: Node 2 [produce_block] queue size: 2, attempting up to 2 transactions this block    
2026-08-10T05:52:37.578872Z  WARN ThreadId(20) hotstuff_runner::app: Node 2 view(2335) far exceeds block count (583); potential sync issue    
2026-08-10T05:52:37.648246Z  WARN ThreadId(20) hotstuff_runner::app: Node 2 [produce_block] queue size: 0, attempting up to 0 transactions this block    
2026-08-10T05:52:37.649357Z  WARN ThreadId(20) hotstuff_runner::app: Node 2 view(2339) far exceeds block count (584); potential sync issue    
2026-08-10T05:52:37.695546Z  WARN ThreadId(20) hotstuff_runner::app: Node 2 [produce_block] queue size: 0, attempting up to 0 transactions this block    
2026-08-10T05:52:37.695893Z  WARN ThreadId(20) hotstuff_runner::app: Node 2 view(2343) far exceeds block count (585); potential sync issue    
2026-08-10T05:52:37.754576Z  WARN ThreadId(20) hotstuff_runner::app: Node 2 [produce_block] queue size: 2, attempting up to 2 transactions this block    
2026-08-10T05:52:37.762712Z  WARN ThreadId(20) hotstuff_runner::app: Node 2 view(2347) far exceeds block count (586); potential sync issue    
2026-08-10T05:52:37.828063Z  WARN ThreadId(20) hotstuff_runner::app: Node 2 [produce_block] queue size: 0, attempting up to 0 transactions this block    
2026-08-10T05:52:37.829089Z  WARN ThreadId(20) hotstuff_runner::app: Node 2 view(2351) far exceeds block count (587); potential sync issue    
2026-08-10T05:52:37.900812Z  WARN ThreadId(20) hotstuff_runner::app: Node 2 [produce_block] queue size: 0, attempting up to 0 transactions this block    
2026-08-10T05:52:37.901012Z  WARN ThreadId(20) hotstuff_runner::app: Node 2 view(2355) far exceeds block count (588); potential sync issue    
2026-08-10T05:52:37.973807Z  WARN ThreadId(20) hotstuff_runner::app: Node 2 [produce_block] queue size: 2, attempting up to 2 transactions this block    
2026-08-10T05:52:37.974412Z  WARN ThreadId(20) hotstuff_runner::app: Node 2 view(2359) far exceeds block count (589); potential sync issue    
2026-08-10T05:52:38.024318Z  WARN ThreadId(20) hotstuff_runner::app: Node 2 [produce_block] queue size: 0, attempting up to 0 transactions this block    
2026-08-10T05:52:38.024463Z  WARN ThreadId(20) hotstuff_runner::app: Node 2 view(2363) far exceeds block count (590); potential sync issue    
2026-08-10T05:52:38.081133Z  WARN ThreadId(20) hotstuff_runner::app: Node 2 [produce_block] queue size: 0, attempting up to 0 transactions this block    
2026-08-10T05:52:38.081299Z  WARN ThreadId(20) hotstuff_runner::app: Node 2 view(2367) far exceeds block count (591); potential sync issue    
2026-08-10T05:52:38.151152Z  WARN ThreadId(20) hotstuff_runner::app: Node 2 [produce_block] queue size: 0, attempting up to 0 transactions this block    
2026-08-10T05:52:38.151868Z  WARN ThreadId(20) hotstuff_runner::app: Node 2 view(2371) far exceeds block count (592); potential sync issue    
2026-08-10T05:52:38.195457Z  WARN ThreadId(20) hotstuff_runner::app: Node 2 [produce_block] queue size: 2, attempting up to 2 transactions this block    
2026-08-10T05:52:38.196321Z  WARN ThreadId(20) hotstuff_runner::app: Node 2 view(2375) far exceeds block count (593); potential sync issue    
2026-08-10T05:52:38.233699Z  WARN ThreadId(20) hotstuff_runner::app: Node 2 [produce_block] queue size: 0, attempting up to 0 transactions this block    
2026-08-10T05:52:38.234079Z  WARN ThreadId(20) hotstuff_runner::app: Node 2 view(2379) far exceeds block count (594); potential sync issue    
2026-08-10T05:52:38.271977Z  WARN ThreadId(20) hotstuff_runner::app: Node 2 [produce_block] queue size: 0, attempting up to 0 transactions this block    
2026-08-10T05:52:38.272205Z  WARN ThreadId(20) hotstuff_runner::app: Node 2 view(2383) far exceeds block count (595); potential sync issue    
2026-08-10T05:52:38.330131Z  WARN ThreadId(20) hotstuff_runner::app: Node 2 [produce_block] queue size: 0, attempting up to 0 transactions this block    
2026-08-10T05:52:38.330615Z  WARN ThreadId(20) hotstuff_runner::app: Node 2 view(2387) far exceeds block count (596); potential sync issue    
2026-08-10T05:52:38.376349Z  WARN ThreadId(20) hotstuff_runner::app: Node 2 [produce_block] queue size: 0, attempting up to 0 transactions this block    
2026-08-10T05:52:38.376689Z  WARN ThreadId(20) hotstuff_runner::app: Node 2 view(2391) far exceeds block count (597); potential sync issue    
2026-08-10T05:52:38.428240Z  WARN ThreadId(20) hotstuff_runner::app: Node 2 [produce_block] queue size: 2, attempting up to 2 transactions this block    
2026-08-10T05:52:38.436411Z  WARN ThreadId(20) hotstuff_runner::app: Node 2 view(2395) far exceeds block count (598); potential sync issue    
2026-08-10T05:52:38.496589Z  WARN ThreadId(20) hotstuff_runner::app: Node 2 [produce_block] queue size: 0, attempting up to 0 transactions this block    
2026-08-10T05:52:38.497383Z  WARN ThreadId(20) hotstuff_runner::app: Node 2 view(2399) far exceeds block count (599); potential sync issue    
2026-08-10T05:52:38.541648Z  WARN ThreadId(20) hotstuff_runner::app: Node 2 [produce_block] queue size: 0, attempting up to 0 transactions this block    
2026-08-10T05:52:38.542592Z  WARN ThreadId(20) hotstuff_runner::app: Node 2 view(2403) far exceeds block count (600); potential sync issue    
2026-08-10T05:52:38.592466Z  WARN ThreadId(20) hotstuff_runner::app: Node 2 [produce_block] queue size: 2, attempting up to 2 transactions this block    
2026-08-10T05:52:38.593565Z  WARN ThreadId(20) hotstuff_runner::app: Node 2 view(2407) far exceeds block count (601); potential sync issue    
2026-08-10T05:52:38.642333Z  WARN ThreadId(20) hotstuff_runner::app: Node 2 [produce_block] queue size: 0, attempting up to 0 transactions this block    
2026-08-10T05:52:38.642961Z  WARN ThreadId(20) hotstuff_runner::app: Node 2 view(2411) far exceeds block count (602); potential sync issue    
2026-08-10T05:52:38.705551Z  WARN ThreadId(20) hotstuff_runner::app: Node 2 [produce_block] queue size: 0, attempting up to 0 transactions this block    
2026-08-10T05:52:38.706149Z  WARN ThreadId(20) hotstuff_runner::app: Node 2 view(2415) far exceeds block count (603); potential sync issue    
2026-08-10T05:52:38.771884Z  WARN ThreadId(20) hotstuff_runner::app: Node 2 [produce_block] queue size: 0, attempting up to 0 transactions this block    
2026-08-10T05:52:38.772824Z  WARN ThreadId(20) hotstuff_runner::app: Node 2 view(2419) far exceeds block count (604); potential sync issue    
2026-08-10T05:52:38.824476Z  WARN ThreadId(20) hotstuff_runner::app: Node 2 [produce_block] queue size: 2, attempting up to 2 transactions this block    
2026-08-10T05:52:38.824868Z  WARN ThreadId(20) hotstuff_runner::app: Node 2 view(2423) far exceeds block count (605); potential sync issue    
2026-08-10T05:52:38.905354Z  WARN ThreadId(20) hotstuff_runner::app: Node 2 [produce_block] queue size: 0, attempting up to 0 transactions this block    
2026-08-10T05:52:38.907026Z  WARN ThreadId(20) hotstuff_runner::app: Node 2 view(2427) far exceeds block count (606); potential sync issue    
2026-08-10T05:52:38.970625Z  WARN ThreadId(20) hotstuff_runner::app: Node 2 [produce_block] queue size: 0, attempting up to 0 transactions this block    
2026-08-10T05:52:38.970899Z  WARN ThreadId(20) hotstuff_runner::app: Node 2 view(2431) far exceeds block count (607); potential sync issue    
2026-08-10T05:52:39.063944Z  WARN ThreadId(20) hotstuff_runner::app: Node 2 [produce_block] queue size: 2, attempting up to 2 transactions this block    
2026-08-10T05:52:39.064400Z  WARN ThreadId(20) hotstuff_runner::app: Node 2 view(2435) far exceeds block count (608); potential sync issue    
2026-08-10T05:52:39.128617Z  WARN ThreadId(20) hotstuff_runner::app: Node 2 [produce_block] queue size: 0, attempting up to 0 transactions this block    
2026-08-10T05:52:39.134203Z  WARN ThreadId(20) hotstuff_runner::app: Node 2 view(2439) far exceeds block count (609); potential sync issue    
2026-08-10T05:52:39.211890Z  WARN ThreadId(20) hotstuff_runner::app: Node 2 [produce_block] queue size: 0, attempting up to 0 transactions this block    
2026-08-10T05:52:39.213024Z  WARN ThreadId(20) hotstuff_runner::app: Node 2 view(2443) far exceeds block count (610); potential sync issue    
2026-08-10T05:52:39.273526Z  WARN ThreadId(20) hotstuff_runner::app: Node 2 [produce_block] queue size: 2, attempting up to 2 transactions this block    
2026-08-10T05:52:39.273723Z  WARN ThreadId(20) hotstuff_runner::app: Node 2 view(2447) far exceeds block count (611); potential sync issue    
2026-08-10T05:52:39.344781Z  WARN ThreadId(20) hotstuff_runner::app: Node 2 [produce_block] queue size: 0, attempting up to 0 transactions this block    
2026-08-10T05:52:39.345004Z  WARN ThreadId(20) hotstuff_runner::app: Node 2 view(2451) far exceeds block count (612); potential sync issue    
2026-08-10T05:52:39.418013Z  WARN ThreadId(20) hotstuff_runner::app: Node 2 [produce_block] queue size: 0, attempting up to 0 transactions this block    
2026-08-10T05:52:39.418454Z  WARN ThreadId(20) hotstuff_runner::app: Node 2 view(2455) far exceeds block count (613); potential sync issue    
2026-08-10T05:52:39.482940Z  WARN ThreadId(20) hotstuff_runner::app: Node 2 [produce_block] queue size: 2, attempting up to 2 transactions this block    
2026-08-10T05:52:39.483504Z  WARN ThreadId(20) hotstuff_runner::app: Node 2 view(2459) far exceeds block count (614); potential sync issue    
2026-08-10T05:52:39.554330Z  WARN ThreadId(20) hotstuff_runner::app: Node 2 [produce_block] queue size: 0, attempting up to 0 transactions this block    
2026-08-10T05:52:39.555488Z  WARN ThreadId(20) hotstuff_runner::app: Node 2 view(2463) far exceeds block count (615); potential sync issue    
2026-08-10T05:52:39.609039Z  WARN ThreadId(20) hotstuff_runner::app: Node 2 [produce_block] queue size: 0, attempting up to 0 transactions this block    
2026-08-10T05:52:39.610469Z  WARN ThreadId(20) hotstuff_runner::app: Node 2 view(2467) far exceeds block count (616); potential sync issue    
2026-08-10T05:52:39.651911Z  WARN ThreadId(20) hotstuff_runner::app: Node 2 [produce_block] queue size: 2, attempting up to 2 transactions this block    
2026-08-10T05:52:39.653402Z  WARN ThreadId(20) hotstuff_runner::app: Node 2 view(2471) far exceeds block count (617); potential sync issue    
2026-08-10T05:52:39.700827Z  WARN ThreadId(20) hotstuff_runner::app: Node 2 [produce_block] queue size: 0, attempting up to 0 transactions this block    
2026-08-10T05:52:39.701627Z  WARN ThreadId(20) hotstuff_runner::app: Node 2 view(2475) far exceeds block count (618); potential sync issue    
2026-08-10T05:52:39.742694Z  WARN ThreadId(20) hotstuff_runner::app: Node 2 [produce_block] queue size: 0, attempting up to 0 transactions this block    
2026-08-10T05:52:39.743394Z  WARN ThreadId(20) hotstuff_runner::app: Node 2 view(2479) far exceeds block count (619); potential sync issue    
2026-08-10T05:52:39.781264Z  WARN ThreadId(20) hotstuff_runner::app: Node 2 [produce_block] queue size: 0, attempting up to 0 transactions this block    
2026-08-10T05:52:39.781483Z  WARN ThreadId(20) hotstuff_runner::app: Node 2 view(2483) far exceeds block count (620); potential sync issue    
2026-08-10T05:52:39.838245Z  WARN ThreadId(20) hotstuff_runner::app: Node 2 [produce_block] queue size: 2, attempting up to 2 transactions this block    
2026-08-10T05:52:39.839767Z  WARN ThreadId(20) hotstuff_runner::app: Node 2 view(2487) far exceeds block count (621); potential sync issue    
2026-08-10T05:52:39.903435Z  WARN ThreadId(20) hotstuff_runner::app: Node 2 [produce_block] queue size: 0, attempting up to 0 transactions this block    
2026-08-10T05:52:39.905117Z  WARN ThreadId(20) hotstuff_runner::app: Node 2 view(2491) far exceeds block count (622); potential sync issue    
2026-08-10T05:52:39.973917Z  WARN ThreadId(20) hotstuff_runner::app: Node 2 [produce_block] queue size: 0, attempting up to 0 transactions this block    
2026-08-10T05:52:39.974185Z  WARN ThreadId(20) hotstuff_runner::app: Node 2 view(2495) far exceeds block count (623); potential sync issue    
2026-08-10T05:52:40.037642Z  WARN ThreadId(20) hotstuff_runner::app: Node 2 [produce_block] queue size: 2, attempting up to 2 transactions this block    
2026-08-10T05:52:40.037860Z  WARN ThreadId(20) hotstuff_runner::app: Node 2 view(2499) far exceeds block count (624); potential sync issue    
2026-08-10T05:52:40.117908Z  WARN ThreadId(20) hotstuff_runner::app: Node 2 [produce_block] queue size: 0, attempting up to 0 transactions this block    
2026-08-10T05:52:40.118646Z  WARN ThreadId(20) hotstuff_runner::app: Node 2 view(2503) far exceeds block count (625); potential sync issue    
2026-08-10T05:52:40.184380Z  WARN ThreadId(20) hotstuff_runner::app: Node 2 [produce_block] queue size: 2, attempting up to 2 transactions this block    
2026-08-10T05:52:40.184986Z  WARN ThreadId(20) hotstuff_runner::app: Node 2 view(2507) far exceeds block count (626); potential sync issue    
2026-08-10T05:52:40.232243Z  WARN ThreadId(20) hotstuff_runner::app: Node 2 [produce_block] queue size: 0, attempting up to 0 transactions this block    
2026-08-10T05:52:40.243293Z  WARN ThreadId(20) hotstuff_runner::app: Node 2 view(2511) far exceeds block count (627); potential sync issue    
2026-08-10T05:52:40.363305Z  WARN ThreadId(20) hotstuff_runner::app: Node 2 [produce_block] queue size: 0, attempting up to 0 transactions this block    
2026-08-10T05:52:40.366533Z  WARN ThreadId(20) hotstuff_runner::app: Node 2 view(2515) far exceeds block count (628); potential sync issue    
2026-08-10T05:52:40.447586Z  WARN ThreadId(20) hotstuff_runner::app: Node 2 [produce_block] queue size: 2, attempting up to 2 transactions this block    
2026-08-10T05:52:40.453941Z  WARN ThreadId(20) hotstuff_runner::app: Node 2 view(2519) far exceeds block count (629); potential sync issue    
2026-08-10T05:52:40.526733Z  WARN ThreadId(20) hotstuff_runner::app: Node 2 [produce_block] queue size: 0, attempting up to 0 transactions this block    
2026-08-10T05:52:40.527773Z  WARN ThreadId(20) hotstuff_runner::app: Node 2 view(2523) far exceeds block count (630); potential sync issue    
2026-08-10T05:52:40.592590Z  WARN ThreadId(20) hotstuff_runner::app: Node 2 [produce_block] queue size: 2, attempting up to 2 transactions this block    
2026-08-10T05:52:40.592935Z  WARN ThreadId(20) hotstuff_runner::app: Node 2 view(2527) far exceeds block count (631); potential sync issue    
2026-08-10T05:52:40.676275Z  WARN ThreadId(20) hotstuff_runner::app: Node 2 [produce_block] queue size: 0, attempting up to 0 transactions this block    
2026-08-10T05:52:40.677029Z  WARN ThreadId(20) hotstuff_runner::app: Node 2 view(2531) far exceeds block count (632); potential sync issue    
2026-08-10T05:52:40.764081Z  WARN ThreadId(20) hotstuff_runner::app: Node 2 [produce_block] queue size: 2, attempting up to 2 transactions this block    
2026-08-10T05:52:40.764352Z  WARN ThreadId(20) hotstuff_runner::app: Node 2 view(2535) far exceeds block count (633); potential sync issue    
2026-08-10T05:52:40.839504Z  WARN ThreadId(20) hotstuff_runner::app: Node 2 [produce_block] queue size: 0, attempting up to 0 transactions this block    
2026-08-10T05:52:40.843755Z  WARN ThreadId(20) hotstuff_runner::app: Node 2 view(2539) far exceeds block count (634); potential sync issue    
2026-08-10T05:52:40.931964Z  WARN ThreadId(20) hotstuff_runner::app: Node 2 [produce_block] queue size: 0, attempting up to 0 transactions this block    
2026-08-10T05:52:40.938716Z  WARN ThreadId(20) hotstuff_runner::app: Node 2 view(2543) far exceeds block count (635); potential sync issue    
2026-08-10T05:52:41.033277Z  WARN ThreadId(20) hotstuff_runner::app: Node 2 [produce_block] queue size: 2, attempting up to 2 transactions this block    
2026-08-10T05:52:41.037247Z  WARN ThreadId(20) hotstuff_runner::app: Node 2 view(2547) far exceeds block count (636); potential sync issue    
2026-08-10T05:52:41.140911Z  WARN ThreadId(20) hotstuff_runner::app: Node 2 [produce_block] queue size: 2, attempting up to 2 transactions this block    
2026-08-10T05:52:41.142335Z  WARN ThreadId(20) hotstuff_runner::app: Node 2 view(2551) far exceeds block count (637); potential sync issue    
2026-08-10T05:52:41.244085Z  WARN ThreadId(20) hotstuff_runner::app: Node 2 [produce_block] queue size: 0, attempting up to 0 transactions this block    
2026-08-10T05:52:41.244457Z  WARN ThreadId(20) hotstuff_runner::app: Node 2 view(2555) far exceeds block count (638); potential sync issue    
2026-08-10T05:52:41.330377Z  WARN ThreadId(20) hotstuff_runner::app: Node 2 [produce_block] queue size: 2, attempting up to 2 transactions this block    
2026-08-10T05:52:41.331459Z  WARN ThreadId(20) hotstuff_runner::app: Node 2 view(2559) far exceeds block count (639); potential sync issue    
2026-08-10T05:52:41.379115Z  WARN ThreadId(20) hotstuff_runner::app: Node 2 [produce_block] queue size: 0, attempting up to 0 transactions this block    
2026-08-10T05:52:41.381071Z  WARN ThreadId(20) hotstuff_runner::app: Node 2 view(2563) far exceeds block count (640); potential sync issue    
2026-08-10T05:52:41.428934Z  WARN ThreadId(20) hotstuff_runner::app: Node 2 [produce_block] queue size: 0, attempting up to 0 transactions this block    
2026-08-10T05:52:41.429582Z  WARN ThreadId(20) hotstuff_runner::app: Node 2 view(2567) far exceeds block count (641); potential sync issue    
2026-08-10T05:52:41.504803Z  WARN ThreadId(20) hotstuff_runner::app: Node 2 [produce_block] queue size: 2, attempting up to 2 transactions this block    
2026-08-10T05:52:41.509018Z  WARN ThreadId(20) hotstuff_runner::app: Node 2 view(2571) far exceeds block count (642); potential sync issue    
2026-08-10T05:52:41.595514Z  WARN ThreadId(20) hotstuff_runner::app: Node 2 [produce_block] queue size: 0, attempting up to 0 transactions this block    
2026-08-10T05:52:41.596269Z  WARN ThreadId(20) hotstuff_runner::app: Node 2 view(2575) far exceeds block count (643); potential sync issue    
2026-08-10T05:52:41.668228Z  WARN ThreadId(20) hotstuff_runner::app: Node 2 [produce_block] queue size: 0, attempting up to 0 transactions this block    
2026-08-10T05:52:41.678144Z  WARN ThreadId(20) hotstuff_runner::app: Node 2 view(2579) far exceeds block count (644); potential sync issue    
2026-08-10T05:52:41.747709Z  WARN ThreadId(20) hotstuff_runner::app: Node 2 [produce_block] queue size: 2, attempting up to 2 transactions this block    
2026-08-10T05:52:41.755315Z  WARN ThreadId(20) hotstuff_runner::app: Node 2 view(2583) far exceeds block count (645); potential sync issue    
2026-08-10T05:52:41.839217Z  WARN ThreadId(20) hotstuff_runner::app: Node 2 [produce_block] queue size: 0, attempting up to 0 transactions this block    
2026-08-10T05:52:41.839742Z  WARN ThreadId(20) hotstuff_runner::app: Node 2 view(2587) far exceeds block count (646); potential sync issue    
2026-08-10T05:52:41.884784Z  WARN ThreadId(20) hotstuff_runner::app: Node 2 [produce_block] queue size: 0, attempting up to 0 transactions this block    
2026-08-10T05:52:41.885356Z  WARN ThreadId(20) hotstuff_runner::app: Node 2 view(2591) far exceeds block count (647); potential sync issue    
2026-08-10T05:52:41.982961Z  WARN ThreadId(20) hotstuff_runner::app: Node 2 [produce_block] queue size: 2, attempting up to 2 transactions this block    
2026-08-10T05:52:41.987965Z  WARN ThreadId(20) hotstuff_runner::app: Node 2 view(2595) far exceeds block count (648); potential sync issue    
2026-08-10T05:52:42.059181Z  WARN ThreadId(20) hotstuff_runner::app: Node 2 [produce_block] queue size: 0, attempting up to 0 transactions this block    
2026-08-10T05:52:42.060653Z  WARN ThreadId(20) hotstuff_runner::app: Node 2 view(2599) far exceeds block count (649); potential sync issue    
2026-08-10T05:52:42.129630Z  WARN ThreadId(20) hotstuff_runner::app: Node 2 [produce_block] queue size: 2, attempting up to 2 transactions this block    
2026-08-10T05:52:42.130576Z  WARN ThreadId(20) hotstuff_runner::app: Node 2 view(2603) far exceeds block count (650); potential sync issue    
2026-08-10T05:52:42.201971Z  WARN ThreadId(20) hotstuff_runner::app: Node 2 [produce_block] queue size: 0, attempting up to 0 transactions this block    
2026-08-10T05:52:42.202440Z  WARN ThreadId(20) hotstuff_runner::app: Node 2 view(2607) far exceeds block count (651); potential sync issue    
2026-08-10T05:52:42.259216Z  WARN ThreadId(20) hotstuff_runner::app: Node 2 [produce_block] queue size: 0, attempting up to 0 transactions this block    
2026-08-10T05:52:42.260839Z  WARN ThreadId(20) hotstuff_runner::app: Node 2 view(2611) far exceeds block count (652); potential sync issue    
2026-08-10T05:52:42.344034Z  WARN ThreadId(20) hotstuff_runner::app: Node 2 [produce_block] queue size: 2, attempting up to 2 transactions this block    
2026-08-10T05:52:42.344165Z  WARN ThreadId(20) hotstuff_runner::app: Node 2 view(2615) far exceeds block count (653); potential sync issue    
2026-08-10T05:52:42.422341Z  WARN ThreadId(20) hotstuff_runner::app: Node 2 [produce_block] queue size: 0, attempting up to 0 transactions this block    
2026-08-10T05:52:42.422673Z  WARN ThreadId(20) hotstuff_runner::app: Node 2 view(2619) far exceeds block count (654); potential sync issue    
2026-08-10T05:52:42.501021Z  WARN ThreadId(20) hotstuff_runner::app: Node 2 [produce_block] queue size: 2, attempting up to 2 transactions this block    
2026-08-10T05:52:42.504567Z  WARN ThreadId(20) hotstuff_runner::app: Node 2 view(2623) far exceeds block count (655); potential sync issue    
2026-08-10T05:52:42.594898Z  WARN ThreadId(20) hotstuff_runner::app: Node 2 [produce_block] queue size: 0, attempting up to 0 transactions this block    
2026-08-10T05:52:42.597066Z  WARN ThreadId(20) hotstuff_runner::app: Node 2 view(2627) far exceeds block count (656); potential sync issue    
2026-08-10T05:52:42.631446Z  WARN ThreadId(20) hotstuff_runner::app: Node 2 [produce_block] queue size: 0, attempting up to 0 transactions this block    
2026-08-10T05:52:42.631918Z  WARN ThreadId(20) hotstuff_runner::app: Node 2 view(2631) far exceeds block count (657); potential sync issue    
2026-08-10T05:52:42.694305Z  WARN ThreadId(20) hotstuff_runner::app: Node 2 [produce_block] queue size: 0, attempting up to 0 transactions this block    
2026-08-10T05:52:42.703079Z  WARN ThreadId(20) hotstuff_runner::app: Node 2 view(2635) far exceeds block count (658); potential sync issue    
2026-08-10T05:52:42.770523Z  WARN ThreadId(20) hotstuff_runner::app: Node 2 [produce_block] queue size: 2, attempting up to 2 transactions this block    
2026-08-10T05:52:42.771106Z  WARN ThreadId(20) hotstuff_runner::app: Node 2 view(2639) far exceeds block count (659); potential sync issue    
2026-08-10T05:52:42.844168Z  WARN ThreadId(20) hotstuff_runner::app: Node 2 [produce_block] queue size: 0, attempting up to 0 transactions this block    
2026-08-10T05:52:42.845121Z  WARN ThreadId(20) hotstuff_runner::app: Node 2 view(2643) far exceeds block count (660); potential sync issue    
2026-08-10T05:52:42.888139Z  WARN ThreadId(20) hotstuff_runner::app: Node 2 [produce_block] queue size: 0, attempting up to 0 transactions this block    
2026-08-10T05:52:42.888752Z  WARN ThreadId(20) hotstuff_runner::app: Node 2 view(2647) far exceeds block count (661); potential sync issue    
2026-08-10T05:52:42.982646Z  WARN ThreadId(20) hotstuff_runner::app: Node 2 [produce_block] queue size: 2, attempting up to 2 transactions this block    
2026-08-10T05:52:42.987908Z  WARN ThreadId(20) hotstuff_runner::app: Node 2 view(2651) far exceeds block count (662); potential sync issue    
2026-08-10T05:52:43.042868Z  WARN ThreadId(20) hotstuff_runner::app: Node 2 [produce_block] queue size: 0, attempting up to 0 transactions this block    
2026-08-10T05:52:43.043211Z  WARN ThreadId(20) hotstuff_runner::app: Node 2 view(2655) far exceeds block count (663); potential sync issue    
2026-08-10T05:52:43.148477Z  WARN ThreadId(20) hotstuff_runner::app: Node 2 [produce_block] queue size: 2, attempting up to 2 transactions this block    
2026-08-10T05:52:43.149941Z  WARN ThreadId(20) hotstuff_runner::app: Node 2 view(2659) far exceeds block count (664); potential sync issue    
2026-08-10T05:52:43.234023Z  WARN ThreadId(20) hotstuff_runner::app: Node 2 [produce_block] queue size: 0, attempting up to 0 transactions this block    
2026-08-10T05:52:43.234613Z  WARN ThreadId(20) hotstuff_runner::app: Node 2 view(2663) far exceeds block count (665); potential sync issue    
2026-08-10T05:52:43.312730Z  WARN ThreadId(20) hotstuff_runner::app: Node 2 [produce_block] queue size: 2, attempting up to 2 transactions this block    
2026-08-10T05:52:43.319675Z  WARN ThreadId(20) hotstuff_runner::app: Node 2 view(2667) far exceeds block count (666); potential sync issue    
2026-08-10T05:52:43.406327Z  WARN ThreadId(20) hotstuff_runner::app: Node 2 [produce_block] queue size: 0, attempting up to 0 transactions this block    
2026-08-10T05:52:43.411951Z  WARN ThreadId(20) hotstuff_runner::app: Node 2 view(2671) far exceeds block count (667); potential sync issue    
2026-08-10T05:52:43.475432Z  WARN ThreadId(20) hotstuff_runner::app: Node 2 [produce_block] queue size: 2, attempting up to 2 transactions this block    
2026-08-10T05:52:43.475777Z  WARN ThreadId(20) hotstuff_runner::app: Node 2 view(2675) far exceeds block count (668); potential sync issue    
2026-08-10T05:52:43.542579Z  WARN ThreadId(20) hotstuff_runner::app: Node 2 [produce_block] queue size: 0, attempting up to 0 transactions this block    
2026-08-10T05:52:43.543114Z  WARN ThreadId(20) hotstuff_runner::app: Node 2 view(2679) far exceeds block count (669); potential sync issue    
2026-08-10T05:52:43.660729Z  WARN ThreadId(20) hotstuff_runner::app: Node 2 [produce_block] queue size: 0, attempting up to 0 transactions this block    
2026-08-10T05:52:43.671541Z  WARN ThreadId(20) hotstuff_runner::app: Node 2 view(2683) far exceeds block count (670); potential sync issue    
2026-08-10T05:52:43.795179Z  WARN ThreadId(20) hotstuff_runner::app: Node 2 [produce_block] queue size: 2, attempting up to 2 transactions this block    
2026-08-10T05:52:43.795959Z  WARN ThreadId(20) hotstuff_runner::app: Node 2 view(2687) far exceeds block count (671); potential sync issue    
2026-08-10T05:52:44.057410Z  WARN ThreadId(20) hotstuff_runner::app: Node 2 [produce_block] queue size: 2, attempting up to 2 transactions this block    
2026-08-10T05:52:44.057953Z  WARN ThreadId(20) hotstuff_runner::app: Node 2 view(2691) far exceeds block count (672); potential sync issue    
2026-08-10T05:52:44.274064Z  WARN ThreadId(20) hotstuff_runner::app: Node 2 [produce_block] queue size: 4, attempting up to 4 transactions this block    
2026-08-10T05:52:44.274156Z  WARN ThreadId(20) hotstuff_runner::app: Node 2 view(2695) far exceeds block count (673); potential sync issue    
2026-08-10T05:52:44.468718Z  WARN ThreadId(20) hotstuff_runner::app: Node 2 [produce_block] queue size: 2, attempting up to 2 transactions this block    
2026-08-10T05:52:44.476308Z  WARN ThreadId(20) hotstuff_runner::app: Node 2 view(2699) far exceeds block count (674); potential sync issue    
2026-08-10T05:52:44.575392Z  WARN ThreadId(20) hotstuff_runner::app: Node 2 [produce_block] queue size: 0, attempting up to 0 transactions this block    
2026-08-10T05:52:44.586576Z  WARN ThreadId(20) hotstuff_runner::app: Node 2 view(2703) far exceeds block count (675); potential sync issue    
2026-08-10T05:52:44.731965Z  WARN ThreadId(20) hotstuff_runner::app: Node 2 [produce_block] queue size: 2, attempting up to 2 transactions this block    
2026-08-10T05:52:44.737931Z  WARN ThreadId(20) hotstuff_runner::app: Node 2 view(2707) far exceeds block count (676); potential sync issue    
2026-08-10T05:52:44.812771Z  WARN ThreadId(20) hotstuff_runner::app: Node 2 [produce_block] queue size: 0, attempting up to 0 transactions this block    
2026-08-10T05:52:44.813878Z  WARN ThreadId(20) hotstuff_runner::app: Node 2 view(2711) far exceeds block count (677); potential sync issue    
2026-08-10T05:52:44.883027Z  WARN ThreadId(20) hotstuff_runner::app: Node 2 [produce_block] queue size: 2, attempting up to 2 transactions this block    
2026-08-10T05:52:44.883332Z  WARN ThreadId(20) hotstuff_runner::app: Node 2 view(2715) far exceeds block count (678); potential sync issue    
2026-08-10T05:52:44.958969Z  WARN ThreadId(20) hotstuff_runner::app: Node 2 [produce_block] queue size: 0, attempting up to 0 transactions this block    
2026-08-10T05:52:44.971323Z  WARN ThreadId(20) hotstuff_runner::app: Node 2 view(2719) far exceeds block count (679); potential sync issue    
2026-08-10T05:52:45.094979Z  WARN ThreadId(20) hotstuff_runner::app: Node 2 [produce_block] queue size: 2, attempting up to 2 transactions this block    
2026-08-10T05:52:45.095081Z  WARN ThreadId(20) hotstuff_runner::app: Node 2 view(2723) far exceeds block count (680); potential sync issue    
2026-08-10T05:52:45.163918Z  WARN ThreadId(20) hotstuff_runner::app: Node 2 [produce_block] queue size: 0, attempting up to 0 transactions this block    
2026-08-10T05:52:45.164574Z  WARN ThreadId(20) hotstuff_runner::app: Node 2 view(2727) far exceeds block count (681); potential sync issue    
2026-08-10T05:52:45.252096Z  WARN ThreadId(20) hotstuff_runner::app: Node 2 [produce_block] queue size: 0, attempting up to 0 transactions this block    
2026-08-10T05:52:45.252473Z  WARN ThreadId(20) hotstuff_runner::app: Node 2 view(2731) far exceeds block count (682); potential sync issue    
2026-08-10T05:52:45.340618Z  WARN ThreadId(20) hotstuff_runner::app: Node 2 [produce_block] queue size: 2, attempting up to 2 transactions this block    
2026-08-10T05:52:45.341507Z  WARN ThreadId(20) hotstuff_runner::app: Node 2 view(2735) far exceeds block count (683); potential sync issue    
2026-08-10T05:52:45.418814Z  WARN ThreadId(20) hotstuff_runner::app: Node 2 [produce_block] queue size: 0, attempting up to 0 transactions this block    
2026-08-10T05:52:45.419491Z  WARN ThreadId(20) hotstuff_runner::app: Node 2 view(2739) far exceeds block count (684); potential sync issue    
2026-08-10T05:52:45.588187Z  WARN ThreadId(20) hotstuff_runner::app: Node 2 [produce_block] queue size: 2, attempting up to 2 transactions this block    
2026-08-10T05:52:45.588580Z  WARN ThreadId(20) hotstuff_runner::app: Node 2 view(2743) far exceeds block count (685); potential sync issue    
2026-08-10T05:52:45.670581Z  WARN ThreadId(20) hotstuff_runner::app: Node 2 [produce_block] queue size: 0, attempting up to 0 transactions this block    
2026-08-10T05:52:45.671323Z  WARN ThreadId(20) hotstuff_runner::app: Node 2 view(2747) far exceeds block count (686); potential sync issue    
2026-08-10T05:52:45.748014Z  WARN ThreadId(20) hotstuff_runner::app: Node 2 [produce_block] queue size: 2, attempting up to 2 transactions this block    
2026-08-10T05:52:45.754059Z  WARN ThreadId(20) hotstuff_runner::app: Node 2 view(2751) far exceeds block count (687); potential sync issue    
2026-08-10T05:52:45.825826Z  WARN ThreadId(20) hotstuff_runner::app: Node 2 [produce_block] queue size: 0, attempting up to 0 transactions this block    
2026-08-10T05:52:45.826876Z  WARN ThreadId(20) hotstuff_runner::app: Node 2 view(2755) far exceeds block count (688); potential sync issue    
2026-08-10T05:52:45.902412Z  WARN ThreadId(20) hotstuff_runner::app: Node 2 [produce_block] queue size: 2, attempting up to 2 transactions this block    
2026-08-10T05:52:45.903060Z  WARN ThreadId(20) hotstuff_runner::app: Node 2 view(2759) far exceeds block count (689); potential sync issue    
2026-08-10T05:52:45.974176Z  WARN ThreadId(20) hotstuff_runner::app: Node 2 [produce_block] queue size: 0, attempting up to 0 transactions this block    
2026-08-10T05:52:45.974598Z  WARN ThreadId(20) hotstuff_runner::app: Node 2 view(2763) far exceeds block count (690); potential sync issue    
2026-08-10T05:52:46.056170Z  WARN ThreadId(20) hotstuff_runner::app: Node 2 [produce_block] queue size: 2, attempting up to 2 transactions this block    
2026-08-10T05:52:46.056276Z  WARN ThreadId(20) hotstuff_runner::app: Node 2 view(2767) far exceeds block count (691); potential sync issue    
2026-08-10T05:52:46.138078Z  WARN ThreadId(20) hotstuff_runner::app: Node 2 [produce_block] queue size: 0, attempting up to 0 transactions this block    
2026-08-10T05:52:46.138324Z  WARN ThreadId(20) hotstuff_runner::app: Node 2 view(2771) far exceeds block count (692); potential sync issue    
2026-08-10T05:52:46.206778Z  WARN ThreadId(20) hotstuff_runner::app: Node 2 [produce_block] queue size: 0, attempting up to 0 transactions this block    
2026-08-10T05:52:46.207320Z  WARN ThreadId(20) hotstuff_runner::app: Node 2 view(2775) far exceeds block count (693); potential sync issue    
2026-08-10T05:52:46.280365Z  WARN ThreadId(20) hotstuff_runner::app: Node 2 [produce_block] queue size: 2, attempting up to 2 transactions this block    
2026-08-10T05:52:46.280517Z  WARN ThreadId(20) hotstuff_runner::app: Node 2 view(2779) far exceeds block count (694); potential sync issue    
2026-08-10T05:52:46.340149Z  WARN ThreadId(20) hotstuff_runner::app: Node 2 [produce_block] queue size: 0, attempting up to 0 transactions this block    
2026-08-10T05:52:46.342398Z  WARN ThreadId(20) hotstuff_runner::app: Node 2 view(2783) far exceeds block count (695); potential sync issue    
2026-08-10T05:52:46.423518Z  WARN ThreadId(20) hotstuff_runner::app: Node 2 [produce_block] queue size: 0, attempting up to 0 transactions this block    
2026-08-10T05:52:46.429695Z  WARN ThreadId(20) hotstuff_runner::app: Node 2 view(2787) far exceeds block count (696); potential sync issue    
2026-08-10T05:52:46.489631Z  WARN ThreadId(20) hotstuff_runner::app: Node 2 [produce_block] queue size: 2, attempting up to 2 transactions this block    
2026-08-10T05:52:46.490636Z  WARN ThreadId(20) hotstuff_runner::app: Node 2 view(2791) far exceeds block count (697); potential sync issue    
2026-08-10T05:52:46.549463Z  WARN ThreadId(20) hotstuff_runner::app: Node 2 [produce_block] queue size: 0, attempting up to 0 transactions this block    
2026-08-10T05:52:46.549579Z  WARN ThreadId(20) hotstuff_runner::app: Node 2 view(2795) far exceeds block count (698); potential sync issue    
2026-08-10T05:52:46.605763Z  WARN ThreadId(20) hotstuff_runner::app: Node 2 [produce_block] queue size: 0, attempting up to 0 transactions this block    
2026-08-10T05:52:46.606493Z  WARN ThreadId(20) hotstuff_runner::app: Node 2 view(2799) far exceeds block count (699); potential sync issue    
2026-08-10T05:52:46.697118Z  WARN ThreadId(20) hotstuff_runner::app: Node 2 [produce_block] queue size: 2, attempting up to 2 transactions this block    
2026-08-10T05:52:46.697824Z  WARN ThreadId(20) hotstuff_runner::app: Node 2 view(2803) far exceeds block count (700); potential sync issue    
2026-08-10T05:52:46.788364Z  WARN ThreadId(20) hotstuff_runner::app: Node 2 [produce_block] queue size: 0, attempting up to 0 transactions this block    
2026-08-10T05:52:46.788918Z  WARN ThreadId(20) hotstuff_runner::app: Node 2 view(2807) far exceeds block count (701); potential sync issue    
2026-08-10T05:52:46.859749Z  WARN ThreadId(20) hotstuff_runner::app: Node 2 [produce_block] queue size: 0, attempting up to 0 transactions this block    
2026-08-10T05:52:46.859896Z  WARN ThreadId(20) hotstuff_runner::app: Node 2 view(2811) far exceeds block count (702); potential sync issue    
2026-08-10T05:52:46.923429Z  WARN ThreadId(20) hotstuff_runner::app: Node 2 [produce_block] queue size: 2, attempting up to 2 transactions this block    
2026-08-10T05:52:46.924436Z  WARN ThreadId(20) hotstuff_runner::app: Node 2 view(2815) far exceeds block count (703); potential sync issue    
2026-08-10T05:52:46.991123Z  WARN ThreadId(20) hotstuff_runner::app: Node 2 [produce_block] queue size: 0, attempting up to 0 transactions this block    
2026-08-10T05:52:46.992805Z  WARN ThreadId(20) hotstuff_runner::app: Node 2 view(2819) far exceeds block count (704); potential sync issue    
2026-08-10T05:52:47.063553Z  WARN ThreadId(20) hotstuff_runner::app: Node 2 [produce_block] queue size: 0, attempting up to 0 transactions this block    
2026-08-10T05:52:47.063867Z  WARN ThreadId(20) hotstuff_runner::app: Node 2 view(2823) far exceeds block count (705); potential sync issue    
2026-08-10T05:52:47.123049Z  WARN ThreadId(20) hotstuff_runner::app: Node 2 [produce_block] queue size: 2, attempting up to 2 transactions this block    
2026-08-10T05:52:47.123278Z  WARN ThreadId(20) hotstuff_runner::app: Node 2 view(2827) far exceeds block count (706); potential sync issue    
2026-08-10T05:52:47.209561Z  WARN ThreadId(20) hotstuff_runner::app: Node 2 [produce_block] queue size: 0, attempting up to 0 transactions this block    
2026-08-10T05:52:47.210446Z  WARN ThreadId(20) hotstuff_runner::app: Node 2 view(2831) far exceeds block count (707); potential sync issue    
2026-08-10T05:52:47.282868Z  WARN ThreadId(20) hotstuff_runner::app: Node 2 [produce_block] queue size: 0, attempting up to 0 transactions this block    
2026-08-10T05:52:47.283841Z  WARN ThreadId(20) hotstuff_runner::app: Node 2 view(2835) far exceeds block count (708); potential sync issue    
2026-08-10T05:52:47.339390Z  WARN ThreadId(20) hotstuff_runner::app: Node 2 [produce_block] queue size: 2, attempting up to 2 transactions this block    
2026-08-10T05:52:47.339781Z  WARN ThreadId(20) hotstuff_runner::app: Node 2 view(2839) far exceeds block count (709); potential sync issue    
2026-08-10T05:52:47.431722Z  WARN ThreadId(20) hotstuff_runner::app: Node 2 [produce_block] queue size: 0, attempting up to 0 transactions this block    
2026-08-10T05:52:47.433016Z  WARN ThreadId(20) hotstuff_runner::app: Node 2 view(2843) far exceeds block count (710); potential sync issue    
2026-08-10T05:52:47.503788Z  WARN ThreadId(20) hotstuff_runner::app: Node 2 [produce_block] queue size: 0, attempting up to 0 transactions this block    
2026-08-10T05:52:47.507033Z  WARN ThreadId(20) hotstuff_runner::app: Node 2 view(2847) far exceeds block count (711); potential sync issue    
2026-08-10T05:52:47.590727Z  WARN ThreadId(20) hotstuff_runner::app: Node 2 [produce_block] queue size: 2, attempting up to 2 transactions this block    
2026-08-10T05:52:47.591108Z  WARN ThreadId(20) hotstuff_runner::app: Node 2 view(2851) far exceeds block count (712); potential sync issue    
2026-08-10T05:52:47.632655Z  WARN ThreadId(20) hotstuff_runner::app: Node 2 [produce_block] queue size: 0, attempting up to 0 transactions this block    
2026-08-10T05:52:47.632914Z  WARN ThreadId(20) hotstuff_runner::app: Node 2 view(2855) far exceeds block count (713); potential sync issue    
2026-08-10T05:52:47.681783Z  WARN ThreadId(20) hotstuff_runner::app: Node 2 [produce_block] queue size: 0, attempting up to 0 transactions this block    
2026-08-10T05:52:47.682294Z  WARN ThreadId(20) hotstuff_runner::app: Node 2 view(2859) far exceeds block count (714); potential sync issue    
2026-08-10T05:52:47.791610Z  WARN ThreadId(20) hotstuff_runner::app: Node 2 [produce_block] queue size: 2, attempting up to 2 transactions this block    
2026-08-10T05:52:47.792039Z  WARN ThreadId(20) hotstuff_runner::app: Node 2 view(2863) far exceeds block count (715); potential sync issue    
2026-08-10T05:52:47.852624Z  WARN ThreadId(20) hotstuff_runner::app: Node 2 [produce_block] queue size: 0, attempting up to 0 transactions this block    
2026-08-10T05:52:47.852792Z  WARN ThreadId(20) hotstuff_runner::app: Node 2 view(2867) far exceeds block count (716); potential sync issue    
2026-08-10T05:52:47.953017Z  WARN ThreadId(20) hotstuff_runner::app: Node 2 [produce_block] queue size: 0, attempting up to 0 transactions this block    
2026-08-10T05:52:47.961329Z  WARN ThreadId(20) hotstuff_runner::app: Node 2 view(2871) far exceeds block count (717); potential sync issue    
2026-08-10T05:52:48.073205Z  WARN ThreadId(20) hotstuff_runner::app: Node 2 [produce_block] queue size: 2, attempting up to 2 transactions this block    
2026-08-10T05:52:48.073569Z  WARN ThreadId(20) hotstuff_runner::app: Node 2 view(2875) far exceeds block count (718); potential sync issue    
2026-08-10T05:52:48.140423Z  WARN ThreadId(20) hotstuff_runner::app: Node 2 [produce_block] queue size: 0, attempting up to 0 transactions this block    
2026-08-10T05:52:48.143085Z  WARN ThreadId(20) hotstuff_runner::app: Node 2 view(2879) far exceeds block count (719); potential sync issue    
2026-08-10T05:52:48.200782Z  WARN ThreadId(20) hotstuff_runner::app: Node 2 [produce_block] queue size: 0, attempting up to 0 transactions this block    
2026-08-10T05:52:48.201289Z  WARN ThreadId(20) hotstuff_runner::app: Node 2 view(2883) far exceeds block count (720); potential sync issue    
2026-08-10T05:52:48.266026Z  WARN ThreadId(20) hotstuff_runner::app: Node 2 [produce_block] queue size: 2, attempting up to 2 transactions this block    
2026-08-10T05:52:48.269077Z  WARN ThreadId(20) hotstuff_runner::app: Node 2 view(2887) far exceeds block count (721); potential sync issue    
2026-08-10T05:52:48.341538Z  WARN ThreadId(20) hotstuff_runner::app: Node 2 [produce_block] queue size: 0, attempting up to 0 transactions this block    
2026-08-10T05:52:48.342175Z  WARN ThreadId(20) hotstuff_runner::app: Node 2 view(2891) far exceeds block count (722); potential sync issue    
2026-08-10T05:52:48.415302Z  WARN ThreadId(20) hotstuff_runner::app: Node 2 [produce_block] queue size: 0, attempting up to 0 transactions this block    
2026-08-10T05:52:48.415608Z  WARN ThreadId(20) hotstuff_runner::app: Node 2 view(2895) far exceeds block count (723); potential sync issue    
2026-08-10T05:52:48.491458Z  WARN ThreadId(20) hotstuff_runner::app: Node 2 [produce_block] queue size: 2, attempting up to 2 transactions this block    
2026-08-10T05:52:48.495567Z  WARN ThreadId(20) hotstuff_runner::app: Node 2 view(2899) far exceeds block count (724); potential sync issue    
2026-08-10T05:52:48.570172Z  WARN ThreadId(20) hotstuff_runner::app: Node 2 [produce_block] queue size: 0, attempting up to 0 transactions this block    
2026-08-10T05:52:48.575119Z  WARN ThreadId(20) hotstuff_runner::app: Node 2 view(2903) far exceeds block count (725); potential sync issue    
2026-08-10T05:52:48.645314Z  WARN ThreadId(20) hotstuff_runner::app: Node 2 [produce_block] queue size: 0, attempting up to 0 transactions this block    
2026-08-10T05:52:48.645634Z  WARN ThreadId(20) hotstuff_runner::app: Node 2 view(2907) far exceeds block count (726); potential sync issue    
2026-08-10T05:52:48.702515Z  WARN ThreadId(20) hotstuff_runner::app: Node 2 [produce_block] queue size: 2, attempting up to 2 transactions this block    
2026-08-10T05:52:48.702916Z  WARN ThreadId(20) hotstuff_runner::app: Node 2 view(2911) far exceeds block count (727); potential sync issue    
2026-08-10T05:52:48.788821Z  WARN ThreadId(20) hotstuff_runner::app: Node 2 [produce_block] queue size: 0, attempting up to 0 transactions this block    
2026-08-10T05:52:48.790047Z  WARN ThreadId(20) hotstuff_runner::app: Node 2 view(2915) far exceeds block count (728); potential sync issue    
2026-08-10T05:52:48.856293Z  WARN ThreadId(20) hotstuff_runner::app: Node 2 [produce_block] queue size: 0, attempting up to 0 transactions this block    
2026-08-10T05:52:48.857160Z  WARN ThreadId(20) hotstuff_runner::app: Node 2 view(2919) far exceeds block count (729); potential sync issue    
2026-08-10T05:52:48.912616Z  WARN ThreadId(20) hotstuff_runner::app: Node 2 [produce_block] queue size: 2, attempting up to 2 transactions this block    
2026-08-10T05:52:48.913124Z  WARN ThreadId(20) hotstuff_runner::app: Node 2 view(2923) far exceeds block count (730); potential sync issue    
2026-08-10T05:52:48.977992Z  WARN ThreadId(20) hotstuff_runner::app: Node 2 [produce_block] queue size: 0, attempting up to 0 transactions this block    
2026-08-10T05:52:48.978156Z  WARN ThreadId(20) hotstuff_runner::app: Node 2 view(2927) far exceeds block count (731); potential sync issue    
2026-08-10T05:52:49.025692Z  WARN ThreadId(20) hotstuff_runner::app: Node 2 [produce_block] queue size: 0, attempting up to 0 transactions this block    
2026-08-10T05:52:49.025793Z  WARN ThreadId(20) hotstuff_runner::app: Node 2 view(2931) far exceeds block count (732); potential sync issue    
2026-08-10T05:52:49.111822Z  WARN ThreadId(20) hotstuff_runner::app: Node 2 [produce_block] queue size: 2, attempting up to 2 transactions this block    
2026-08-10T05:52:49.111902Z  WARN ThreadId(20) hotstuff_runner::app: Node 2 view(2935) far exceeds block count (733); potential sync issue    
2026-08-10T05:52:49.196646Z  WARN ThreadId(20) hotstuff_runner::app: Node 2 [produce_block] queue size: 0, attempting up to 0 transactions this block    
2026-08-10T05:52:49.200405Z  WARN ThreadId(20) hotstuff_runner::app: Node 2 view(2939) far exceeds block count (734); potential sync issue    
2026-08-10T05:52:49.253905Z  WARN ThreadId(20) hotstuff_runner::app: Node 2 [produce_block] queue size: 0, attempting up to 0 transactions this block    
2026-08-10T05:52:49.254281Z  WARN ThreadId(20) hotstuff_runner::app: Node 2 view(2943) far exceeds block count (735); potential sync issue    
2026-08-10T05:52:49.350906Z  WARN ThreadId(20) hotstuff_runner::app: Node 2 [produce_block] queue size: 2, attempting up to 2 transactions this block    
2026-08-10T05:52:49.352636Z  WARN ThreadId(20) hotstuff_runner::app: Node 2 view(2947) far exceeds block count (736); potential sync issue    
2026-08-10T05:52:49.410903Z  WARN ThreadId(20) hotstuff_runner::app: Node 2 [produce_block] queue size: 0, attempting up to 0 transactions this block    
2026-08-10T05:52:49.413798Z  WARN ThreadId(20) hotstuff_runner::app: Node 2 view(2951) far exceeds block count (737); potential sync issue    
2026-08-10T05:52:49.472756Z  WARN ThreadId(20) hotstuff_runner::app: Node 2 [produce_block] queue size: 0, attempting up to 0 transactions this block    
2026-08-10T05:52:49.473692Z  WARN ThreadId(20) hotstuff_runner::app: Node 2 view(2955) far exceeds block count (738); potential sync issue    
2026-08-10T05:52:49.562875Z  WARN ThreadId(20) hotstuff_runner::app: Node 2 [produce_block] queue size: 2, attempting up to 2 transactions this block    
2026-08-10T05:52:49.564337Z  WARN ThreadId(20) hotstuff_runner::app: Node 2 view(2959) far exceeds block count (739); potential sync issue    
2026-08-10T05:52:49.632013Z  WARN ThreadId(20) hotstuff_runner::app: Node 2 [produce_block] queue size: 0, attempting up to 0 transactions this block    
2026-08-10T05:52:49.632796Z  WARN ThreadId(20) hotstuff_runner::app: Node 2 view(2963) far exceeds block count (740); potential sync issue    
2026-08-10T05:52:49.708964Z  WARN ThreadId(20) hotstuff_runner::app: Node 2 [produce_block] queue size: 0, attempting up to 0 transactions this block    
2026-08-10T05:52:49.711497Z  WARN ThreadId(20) hotstuff_runner::app: Node 2 view(2967) far exceeds block count (741); potential sync issue    
2026-08-10T05:52:49.787442Z  WARN ThreadId(20) hotstuff_runner::app: Node 2 [produce_block] queue size: 2, attempting up to 2 transactions this block    
2026-08-10T05:52:49.795644Z  WARN ThreadId(20) hotstuff_runner::app: Node 2 view(2971) far exceeds block count (742); potential sync issue    
2026-08-10T05:52:49.860524Z  WARN ThreadId(20) hotstuff_runner::app: Node 2 [produce_block] queue size: 0, attempting up to 0 transactions this block    
2026-08-10T05:52:49.860711Z  WARN ThreadId(20) hotstuff_runner::app: Node 2 view(2975) far exceeds block count (743); potential sync issue    
2026-08-10T05:52:49.936713Z  WARN ThreadId(20) hotstuff_runner::app: Node 2 [produce_block] queue size: 0, attempting up to 0 transactions this block    
2026-08-10T05:52:49.937880Z  WARN ThreadId(20) hotstuff_runner::app: Node 2 view(2979) far exceeds block count (744); potential sync issue    
2026-08-10T05:52:49.993492Z  WARN ThreadId(20) hotstuff_runner::app: Node 2 [produce_block] queue size: 2, attempting up to 2 transactions this block    
2026-08-10T05:52:49.993657Z  WARN ThreadId(20) hotstuff_runner::app: Node 2 view(2983) far exceeds block count (745); potential sync issue    
2026-08-10T05:52:50.162540Z  WARN ThreadId(20) hotstuff_runner::app: Node 2 [produce_block] queue size: 0, attempting up to 0 transactions this block    
2026-08-10T05:52:50.162760Z  WARN ThreadId(20) hotstuff_runner::app: Node 2 view(2987) far exceeds block count (746); potential sync issue    
2026-08-10T05:52:50.366622Z  WARN ThreadId(20) hotstuff_runner::app: Node 2 [produce_block] queue size: 2, attempting up to 2 transactions this block    
2026-08-10T05:52:50.369319Z  WARN ThreadId(20) hotstuff_runner::app: Node 2 view(2991) far exceeds block count (747); potential sync issue    
2026-08-10T05:52:50.481299Z  WARN ThreadId(20) hotstuff_runner::app: Node 2 [produce_block] queue size: 2, attempting up to 2 transactions this block    
2026-08-10T05:52:50.481779Z  WARN ThreadId(20) hotstuff_runner::app: Node 2 view(2995) far exceeds block count (748); potential sync issue    
2026-08-10T05:52:50.587510Z  WARN ThreadId(20) hotstuff_runner::app: Node 2 [produce_block] queue size: 2, attempting up to 2 transactions this block    
2026-08-10T05:52:50.588874Z  WARN ThreadId(20) hotstuff_runner::app: Node 2 view(2999) far exceeds block count (749); potential sync issue    
2026-08-10T05:52:50.712802Z  WARN ThreadId(20) hotstuff_runner::app: Node 2 [produce_block] queue size: 0, attempting up to 0 transactions this block    
2026-08-10T05:52:50.713095Z  WARN ThreadId(20) hotstuff_runner::app: Node 2 view(3003) far exceeds block count (750); potential sync issue    
2026-08-10T05:52:50.790211Z  WARN ThreadId(20) hotstuff_runner::app: Node 2 [produce_block] queue size: 0, attempting up to 0 transactions this block    
2026-08-10T05:52:50.790481Z  WARN ThreadId(20) hotstuff_runner::app: Node 2 view(3007) far exceeds block count (751); potential sync issue    
2026-08-10T05:52:50.894961Z  WARN ThreadId(20) hotstuff_runner::app: Node 2 [produce_block] queue size: 2, attempting up to 2 transactions this block    
2026-08-10T05:52:50.900661Z  WARN ThreadId(20) hotstuff_runner::app: Node 2 view(3011) far exceeds block count (752); potential sync issue    
2026-08-10T05:52:50.965654Z  WARN ThreadId(20) hotstuff_runner::app: Node 2 [produce_block] queue size: 0, attempting up to 0 transactions this block    
2026-08-10T05:52:50.968724Z  WARN ThreadId(20) hotstuff_runner::app: Node 2 view(3015) far exceeds block count (753); potential sync issue    
2026-08-10T05:52:51.035325Z  WARN ThreadId(20) hotstuff_runner::app: Node 2 [produce_block] queue size: 2, attempting up to 2 transactions this block    
2026-08-10T05:52:51.035841Z  WARN ThreadId(20) hotstuff_runner::app: Node 2 view(3019) far exceeds block count (754); potential sync issue    
2026-08-10T05:52:51.114351Z  WARN ThreadId(20) hotstuff_runner::app: Node 2 [produce_block] queue size: 0, attempting up to 0 transactions this block    
2026-08-10T05:52:51.114677Z  WARN ThreadId(20) hotstuff_runner::app: Node 2 view(3023) far exceeds block count (755); potential sync issue    
2026-08-10T05:52:51.190671Z  WARN ThreadId(20) hotstuff_runner::app: Node 2 [produce_block] queue size: 0, attempting up to 0 transactions this block    
2026-08-10T05:52:51.191372Z  WARN ThreadId(20) hotstuff_runner::app: Node 2 view(3027) far exceeds block count (756); potential sync issue    
2026-08-10T05:52:51.257301Z  WARN ThreadId(20) hotstuff_runner::app: Node 2 [produce_block] queue size: 2, attempting up to 2 transactions this block    
2026-08-10T05:52:51.258795Z  WARN ThreadId(20) hotstuff_runner::app: Node 2 view(3031) far exceeds block count (757); potential sync issue    
2026-08-10T05:52:51.340140Z  WARN ThreadId(20) hotstuff_runner::app: Node 2 [produce_block] queue size: 0, attempting up to 0 transactions this block    
2026-08-10T05:52:51.344522Z  WARN ThreadId(20) hotstuff_runner::app: Node 2 view(3035) far exceeds block count (758); potential sync issue    
2026-08-10T05:52:51.427336Z  WARN ThreadId(20) hotstuff_runner::app: Node 2 [produce_block] queue size: 2, attempting up to 2 transactions this block    
2026-08-10T05:52:51.434805Z  WARN ThreadId(20) hotstuff_runner::app: Node 2 view(3039) far exceeds block count (759); potential sync issue    
2026-08-10T05:52:51.544755Z  WARN ThreadId(20) hotstuff_runner::app: Node 2 [produce_block] queue size: 0, attempting up to 0 transactions this block    
2026-08-10T05:52:51.544885Z  WARN ThreadId(20) hotstuff_runner::app: Node 2 view(3043) far exceeds block count (760); potential sync issue    
2026-08-10T05:52:51.634330Z  WARN ThreadId(20) hotstuff_runner::app: Node 2 [produce_block] queue size: 2, attempting up to 2 transactions this block    
2026-08-10T05:52:51.634502Z  WARN ThreadId(20) hotstuff_runner::app: Node 2 view(3047) far exceeds block count (761); potential sync issue    
2026-08-10T05:52:51.703845Z  WARN ThreadId(20) hotstuff_runner::app: Node 2 [produce_block] queue size: 0, attempting up to 0 transactions this block    
2026-08-10T05:52:51.704823Z  WARN ThreadId(20) hotstuff_runner::app: Node 2 view(3051) far exceeds block count (762); potential sync issue    
2026-08-10T05:52:51.792090Z  WARN ThreadId(20) hotstuff_runner::app: Node 2 [produce_block] queue size: 0, attempting up to 0 transactions this block    
2026-08-10T05:52:51.794135Z  WARN ThreadId(20) hotstuff_runner::app: Node 2 view(3055) far exceeds block count (763); potential sync issue    
2026-08-10T05:52:51.868021Z  WARN ThreadId(20) hotstuff_runner::app: Node 2 [produce_block] queue size: 2, attempting up to 2 transactions this block    
2026-08-10T05:52:51.868482Z  WARN ThreadId(20) hotstuff_runner::app: Node 2 view(3059) far exceeds block count (764); potential sync issue    
2026-08-10T05:52:51.935945Z  WARN ThreadId(20) hotstuff_runner::app: Node 2 [produce_block] queue size: 0, attempting up to 0 transactions this block    
2026-08-10T05:52:51.936533Z  WARN ThreadId(20) hotstuff_runner::app: Node 2 view(3063) far exceeds block count (765); potential sync issue    
2026-08-10T05:52:52.036095Z  WARN ThreadId(20) hotstuff_runner::app: Node 2 [produce_block] queue size: 2, attempting up to 2 transactions this block    
2026-08-10T05:52:52.036879Z  WARN ThreadId(20) hotstuff_runner::app: Node 2 view(3067) far exceeds block count (766); potential sync issue    
2026-08-10T05:52:52.108510Z  WARN ThreadId(20) hotstuff_runner::app: Node 2 [produce_block] queue size: 0, attempting up to 0 transactions this block    
2026-08-10T05:52:52.108933Z  WARN ThreadId(20) hotstuff_runner::app: Node 2 view(3071) far exceeds block count (767); potential sync issue    
2026-08-10T05:52:52.201118Z  WARN ThreadId(20) hotstuff_runner::app: Node 2 [produce_block] queue size: 0, attempting up to 0 transactions this block    
2026-08-10T05:52:52.202154Z  WARN ThreadId(20) hotstuff_runner::app: Node 2 view(3075) far exceeds block count (768); potential sync issue    
2026-08-10T05:52:52.296832Z  WARN ThreadId(20) hotstuff_runner::app: Node 2 [produce_block] queue size: 2, attempting up to 2 transactions this block    
2026-08-10T05:52:52.298613Z  WARN ThreadId(20) hotstuff_runner::app: Node 2 view(3079) far exceeds block count (769); potential sync issue    
2026-08-10T05:52:52.399809Z  WARN ThreadId(20) hotstuff_runner::app: Node 2 [produce_block] queue size: 0, attempting up to 0 transactions this block    
2026-08-10T05:52:52.400219Z  WARN ThreadId(20) hotstuff_runner::app: Node 2 view(3083) far exceeds block count (770); potential sync issue    
2026-08-10T05:52:52.464304Z  WARN ThreadId(20) hotstuff_runner::app: Node 2 [produce_block] queue size: 2, attempting up to 2 transactions this block    
2026-08-10T05:52:52.464439Z  WARN ThreadId(20) hotstuff_runner::app: Node 2 view(3087) far exceeds block count (771); potential sync issue    
2026-08-10T05:52:52.534863Z  WARN ThreadId(20) hotstuff_runner::app: Node 2 [produce_block] queue size: 0, attempting up to 0 transactions this block    
2026-08-10T05:52:52.535129Z  WARN ThreadId(20) hotstuff_runner::app: Node 2 view(3091) far exceeds block count (772); potential sync issue    
2026-08-10T05:52:52.614887Z  WARN ThreadId(20) hotstuff_runner::app: Node 2 [produce_block] queue size: 0, attempting up to 0 transactions this block    
2026-08-10T05:52:52.615609Z  WARN ThreadId(20) hotstuff_runner::app: Node 2 view(3095) far exceeds block count (773); potential sync issue    
2026-08-10T05:52:52.712709Z  WARN ThreadId(20) hotstuff_runner::app: Node 2 [produce_block] queue size: 2, attempting up to 2 transactions this block    
2026-08-10T05:52:52.713783Z  WARN ThreadId(20) hotstuff_runner::app: Node 2 view(3099) far exceeds block count (774); potential sync issue    
2026-08-10T05:52:52.791092Z  WARN ThreadId(20) hotstuff_runner::app: Node 2 [produce_block] queue size: 0, attempting up to 0 transactions this block    
2026-08-10T05:52:52.791406Z  WARN ThreadId(20) hotstuff_runner::app: Node 2 view(3103) far exceeds block count (775); potential sync issue    
2026-08-10T05:52:52.879430Z  WARN ThreadId(20) hotstuff_runner::app: Node 2 [produce_block] queue size: 2, attempting up to 2 transactions this block    
2026-08-10T05:52:52.883960Z  WARN ThreadId(20) hotstuff_runner::app: Node 2 view(3107) far exceeds block count (776); potential sync issue    
2026-08-10T05:52:52.960011Z  WARN ThreadId(20) hotstuff_runner::app: Node 2 [produce_block] queue size: 0, attempting up to 0 transactions this block    
2026-08-10T05:52:52.960377Z  WARN ThreadId(20) hotstuff_runner::app: Node 2 view(3111) far exceeds block count (777); potential sync issue    
2026-08-10T05:52:53.037483Z  WARN ThreadId(20) hotstuff_runner::app: Node 2 [produce_block] queue size: 0, attempting up to 0 transactions this block    
2026-08-10T05:52:53.037734Z  WARN ThreadId(20) hotstuff_runner::app: Node 2 view(3115) far exceeds block count (778); potential sync issue    
2026-08-10T05:52:53.133631Z  WARN ThreadId(20) hotstuff_runner::app: Node 2 [produce_block] queue size: 2, attempting up to 2 transactions this block    
2026-08-10T05:52:53.137389Z  WARN ThreadId(20) hotstuff_runner::app: Node 2 view(3119) far exceeds block count (779); potential sync issue    
2026-08-10T05:52:53.194392Z  WARN ThreadId(20) hotstuff_runner::app: Node 2 [produce_block] queue size: 0, attempting up to 0 transactions this block    
2026-08-10T05:52:53.195044Z  WARN ThreadId(20) hotstuff_runner::app: Node 2 view(3123) far exceeds block count (780); potential sync issue    
2026-08-10T05:52:53.308660Z  WARN ThreadId(20) hotstuff_runner::app: Node 2 [produce_block] queue size: 2, attempting up to 2 transactions this block    
2026-08-10T05:52:53.311254Z  WARN ThreadId(20) hotstuff_runner::app: Node 2 view(3127) far exceeds block count (781); potential sync issue    
2026-08-10T05:52:53.419879Z  WARN ThreadId(20) hotstuff_runner::app: Node 2 [produce_block] queue size: 0, attempting up to 0 transactions this block    
2026-08-10T05:52:53.420583Z  WARN ThreadId(20) hotstuff_runner::app: Node 2 view(3131) far exceeds block count (782); potential sync issue    
2026-08-10T05:52:53.509950Z  WARN ThreadId(20) hotstuff_runner::app: Node 2 [produce_block] queue size: 0, attempting up to 0 transactions this block    
2026-08-10T05:52:53.510339Z  WARN ThreadId(20) hotstuff_runner::app: Node 2 view(3135) far exceeds block count (783); potential sync issue    
2026-08-10T05:52:53.581940Z  WARN ThreadId(20) hotstuff_runner::app: Node 2 [produce_block] queue size: 2, attempting up to 2 transactions this block    
2026-08-10T05:52:53.582911Z  WARN ThreadId(20) hotstuff_runner::app: Node 2 view(3139) far exceeds block count (784); potential sync issue    
2026-08-10T05:52:53.653083Z  WARN ThreadId(20) hotstuff_runner::app: Node 2 [produce_block] queue size: 0, attempting up to 0 transactions this block    
2026-08-10T05:52:53.653525Z  WARN ThreadId(20) hotstuff_runner::app: Node 2 view(3143) far exceeds block count (785); potential sync issue    
2026-08-10T05:52:53.730946Z  WARN ThreadId(20) hotstuff_runner::app: Node 2 [produce_block] queue size: 2, attempting up to 2 transactions this block    
2026-08-10T05:52:53.732707Z  WARN ThreadId(20) hotstuff_runner::app: Node 2 view(3147) far exceeds block count (786); potential sync issue    
2026-08-10T05:52:53.834091Z  WARN ThreadId(20) hotstuff_runner::app: Node 2 [produce_block] queue size: 0, attempting up to 0 transactions this block    
2026-08-10T05:52:53.834326Z  WARN ThreadId(20) hotstuff_runner::app: Node 2 view(3151) far exceeds block count (787); potential sync issue    
2026-08-10T05:52:53.905955Z  WARN ThreadId(20) hotstuff_runner::app: Node 2 [produce_block] queue size: 0, attempting up to 0 transactions this block    
2026-08-10T05:52:53.906570Z  WARN ThreadId(20) hotstuff_runner::app: Node 2 view(3155) far exceeds block count (788); potential sync issue    
2026-08-10T05:52:54.038253Z  WARN ThreadId(20) hotstuff_runner::app: Node 2 [produce_block] queue size: 2, attempting up to 2 transactions this block    
2026-08-10T05:52:54.046484Z  WARN ThreadId(20) hotstuff_runner::app: Node 2 view(3159) far exceeds block count (789); potential sync issue    
2026-08-10T05:52:54.102766Z  WARN ThreadId(20) hotstuff_runner::app: Node 2 [produce_block] queue size: 2, attempting up to 2 transactions this block    
2026-08-10T05:52:54.103042Z  WARN ThreadId(20) hotstuff_runner::app: Node 2 view(3163) far exceeds block count (790); potential sync issue    
2026-08-10T05:52:54.172761Z  WARN ThreadId(20) hotstuff_runner::app: Node 2 [produce_block] queue size: 0, attempting up to 0 transactions this block    
2026-08-10T05:52:54.173020Z  WARN ThreadId(20) hotstuff_runner::app: Node 2 view(3167) far exceeds block count (791); potential sync issue    
2026-08-10T05:52:54.258260Z  WARN ThreadId(20) hotstuff_runner::app: Node 2 [produce_block] queue size: 0, attempting up to 0 transactions this block    
2026-08-10T05:52:54.258796Z  WARN ThreadId(20) hotstuff_runner::app: Node 2 view(3171) far exceeds block count (792); potential sync issue    
2026-08-10T05:52:54.319178Z  WARN ThreadId(20) hotstuff_runner::app: Node 2 [produce_block] queue size: 0, attempting up to 0 transactions this block    
2026-08-10T05:52:54.322532Z  WARN ThreadId(20) hotstuff_runner::app: Node 2 view(3175) far exceeds block count (793); potential sync issue    
2026-08-10T05:52:54.387701Z  WARN ThreadId(20) hotstuff_runner::app: Node 2 [produce_block] queue size: 2, attempting up to 2 transactions this block    
2026-08-10T05:52:54.387921Z  WARN ThreadId(20) hotstuff_runner::app: Node 2 view(3179) far exceeds block count (794); potential sync issue    
2026-08-10T05:52:54.478269Z  WARN ThreadId(20) hotstuff_runner::app: Node 2 [produce_block] queue size: 0, attempting up to 0 transactions this block    
2026-08-10T05:52:54.479026Z  WARN ThreadId(20) hotstuff_runner::app: Node 2 view(3183) far exceeds block count (795); potential sync issue    
2026-08-10T05:52:54.537906Z  WARN ThreadId(20) hotstuff_runner::app: Node 2 [produce_block] queue size: 2, attempting up to 2 transactions this block    
2026-08-10T05:52:54.539112Z  WARN ThreadId(20) hotstuff_runner::app: Node 2 view(3187) far exceeds block count (796); potential sync issue    
2026-08-10T05:52:54.618185Z  WARN ThreadId(20) hotstuff_runner::app: Node 2 [produce_block] queue size: 0, attempting up to 0 transactions this block    
2026-08-10T05:52:54.618446Z  WARN ThreadId(20) hotstuff_runner::app: Node 2 view(3191) far exceeds block count (797); potential sync issue    
2026-08-10T05:52:54.677683Z  WARN ThreadId(20) hotstuff_runner::app: Node 2 [produce_block] queue size: 2, attempting up to 2 transactions this block    
2026-08-10T05:52:54.681588Z  WARN ThreadId(20) hotstuff_runner::app: Node 2 view(3195) far exceeds block count (798); potential sync issue    
2026-08-10T05:52:54.758329Z  WARN ThreadId(20) hotstuff_runner::app: Node 2 [produce_block] queue size: 0, attempting up to 0 transactions this block    
2026-08-10T05:52:54.760464Z  WARN ThreadId(20) hotstuff_runner::app: Node 2 view(3199) far exceeds block count (799); potential sync issue    
2026-08-10T05:52:54.847569Z  WARN ThreadId(20) hotstuff_runner::app: Node 2 [produce_block] queue size: 0, attempting up to 0 transactions this block    
2026-08-10T05:52:54.847933Z  WARN ThreadId(20) hotstuff_runner::app: Node 2 view(3203) far exceeds block count (800); potential sync issue    
2026-08-10T05:52:54.907858Z  WARN ThreadId(20) hotstuff_runner::app: Node 2 [produce_block] queue size: 2, attempting up to 2 transactions this block    
2026-08-10T05:52:54.908533Z  WARN ThreadId(20) hotstuff_runner::app: Node 2 view(3207) far exceeds block count (801); potential sync issue    
2026-08-10T05:52:55.012238Z  WARN ThreadId(20) hotstuff_runner::app: Node 2 [produce_block] queue size: 0, attempting up to 0 transactions this block    
2026-08-10T05:52:55.012584Z  WARN ThreadId(20) hotstuff_runner::app: Node 2 view(3211) far exceeds block count (802); potential sync issue    
2026-08-10T05:52:55.054628Z  WARN ThreadId(20) hotstuff_runner::app: Node 2 [produce_block] queue size: 0, attempting up to 0 transactions this block    
2026-08-10T05:52:55.054963Z  WARN ThreadId(20) hotstuff_runner::app: Node 2 view(3215) far exceeds block count (803); potential sync issue    
2026-08-10T05:52:55.260364Z  WARN ThreadId(20) hotstuff_runner::app: Node 2 [produce_block] queue size: 2, attempting up to 2 transactions this block    
2026-08-10T05:52:55.260800Z  WARN ThreadId(20) hotstuff_runner::app: Node 2 view(3219) far exceeds block count (804); potential sync issue    
2026-08-10T05:52:55.370064Z  WARN ThreadId(20) hotstuff_runner::app: Node 2 [produce_block] queue size: 2, attempting up to 2 transactions this block    
2026-08-10T05:52:55.370266Z  WARN ThreadId(20) hotstuff_runner::app: Node 2 view(3223) far exceeds block count (805); potential sync issue    
2026-08-10T05:52:55.427357Z  WARN ThreadId(20) hotstuff_runner::app: Node 2 [produce_block] queue size: 0, attempting up to 0 transactions this block    
2026-08-10T05:52:55.428452Z  WARN ThreadId(20) hotstuff_runner::app: Node 2 view(3227) far exceeds block count (806); potential sync issue    
2026-08-10T05:52:55.503271Z  WARN ThreadId(20) hotstuff_runner::app: Node 2 [produce_block] queue size: 0, attempting up to 0 transactions this block    
2026-08-10T05:52:55.503516Z  WARN ThreadId(20) hotstuff_runner::app: Node 2 view(3231) far exceeds block count (807); potential sync issue    
2026-08-10T05:52:55.548413Z  WARN ThreadId(20) hotstuff_runner::app: Node 2 [produce_block] queue size: 0, attempting up to 0 transactions this block    
2026-08-10T05:52:55.548696Z  WARN ThreadId(20) hotstuff_runner::app: Node 2 view(3235) far exceeds block count (808); potential sync issue    
2026-08-10T05:52:55.653601Z  WARN ThreadId(20) hotstuff_runner::app: Node 2 [produce_block] queue size: 2, attempting up to 2 transactions this block    
2026-08-10T05:52:55.654245Z  WARN ThreadId(20) hotstuff_runner::app: Node 2 view(3239) far exceeds block count (809); potential sync issue    
2026-08-10T05:52:55.721223Z  WARN ThreadId(20) hotstuff_runner::app: Node 2 [produce_block] queue size: 0, attempting up to 0 transactions this block    
2026-08-10T05:52:55.726748Z  WARN ThreadId(20) hotstuff_runner::app: Node 2 view(3243) far exceeds block count (810); potential sync issue    
2026-08-10T05:52:55.918407Z  WARN ThreadId(20) hotstuff_runner::app: Node 2 [produce_block] queue size: 2, attempting up to 2 transactions this block    
2026-08-10T05:52:55.918583Z  WARN ThreadId(20) hotstuff_runner::app: Node 2 view(3247) far exceeds block count (811); potential sync issue    
2026-08-10T05:52:56.000338Z  WARN ThreadId(20) hotstuff_runner::app: Node 2 [produce_block] queue size: 2, attempting up to 2 transactions this block    
2026-08-10T05:52:56.000610Z  WARN ThreadId(20) hotstuff_runner::app: Node 2 view(3251) far exceeds block count (812); potential sync issue    
2026-08-10T05:52:56.060953Z  WARN ThreadId(20) hotstuff_runner::app: Node 2 [produce_block] queue size: 0, attempting up to 0 transactions this block    
2026-08-10T05:52:56.061106Z  WARN ThreadId(20) hotstuff_runner::app: Node 2 view(3255) far exceeds block count (813); potential sync issue    
2026-08-10T05:52:56.139522Z  WARN ThreadId(20) hotstuff_runner::app: Node 2 [produce_block] queue size: 0, attempting up to 0 transactions this block    
2026-08-10T05:52:56.139983Z  WARN ThreadId(20) hotstuff_runner::app: Node 2 view(3259) far exceeds block count (814); potential sync issue    
2026-08-10T05:52:56.250215Z  WARN ThreadId(20) hotstuff_runner::app: Node 2 [produce_block] queue size: 2, attempting up to 2 transactions this block    
2026-08-10T05:52:56.250655Z  WARN ThreadId(20) hotstuff_runner::app: Node 2 view(3263) far exceeds block count (815); potential sync issue    
2026-08-10T05:52:56.342534Z  WARN ThreadId(20) hotstuff_runner::app: Node 2 [produce_block] queue size: 0, attempting up to 0 transactions this block    
2026-08-10T05:52:56.343336Z  WARN ThreadId(20) hotstuff_runner::app: Node 2 view(3267) far exceeds block count (816); potential sync issue    
2026-08-10T05:52:56.464694Z  WARN ThreadId(20) hotstuff_runner::app: Node 2 [produce_block] queue size: 2, attempting up to 2 transactions this block    
2026-08-10T05:52:56.467774Z  WARN ThreadId(20) hotstuff_runner::app: Node 2 view(3271) far exceeds block count (817); potential sync issue    
2026-08-10T05:52:56.561691Z  WARN ThreadId(20) hotstuff_runner::app: Node 2 [produce_block] queue size: 2, attempting up to 2 transactions this block    
2026-08-10T05:52:56.563017Z  WARN ThreadId(20) hotstuff_runner::app: Node 2 view(3275) far exceeds block count (818); potential sync issue    
2026-08-10T05:52:56.637906Z  WARN ThreadId(20) hotstuff_runner::app: Node 2 [produce_block] queue size: 0, attempting up to 0 transactions this block    
2026-08-10T05:52:56.639194Z  WARN ThreadId(20) hotstuff_runner::app: Node 2 view(3279) far exceeds block count (819); potential sync issue    
2026-08-10T05:52:56.738849Z  WARN ThreadId(20) hotstuff_runner::app: Node 2 [produce_block] queue size: 0, attempting up to 0 transactions this block    
2026-08-10T05:52:56.743033Z  WARN ThreadId(20) hotstuff_runner::app: Node 2 view(3283) far exceeds block count (820); potential sync issue    
2026-08-10T05:52:56.822588Z  WARN ThreadId(20) hotstuff_runner::app: Node 2 [produce_block] queue size: 2, attempting up to 2 transactions this block    
2026-08-10T05:52:56.827235Z  WARN ThreadId(20) hotstuff_runner::app: Node 2 view(3287) far exceeds block count (821); potential sync issue    
2026-08-10T05:52:56.875650Z  WARN ThreadId(20) hotstuff_runner::app: Node 2 [produce_block] queue size: 0, attempting up to 0 transactions this block    
2026-08-10T05:52:56.877015Z  WARN ThreadId(20) hotstuff_runner::app: Node 2 view(3291) far exceeds block count (822); potential sync issue    
2026-08-10T05:52:56.946288Z  WARN ThreadId(20) hotstuff_runner::app: Node 2 [produce_block] queue size: 2, attempting up to 2 transactions this block    
2026-08-10T05:52:56.946469Z  WARN ThreadId(20) hotstuff_runner::app: Node 2 view(3295) far exceeds block count (823); potential sync issue    
2026-08-10T05:52:56.995640Z  WARN ThreadId(20) hotstuff_runner::app: Node 2 [produce_block] queue size: 0, attempting up to 0 transactions this block    
2026-08-10T05:52:56.996403Z  WARN ThreadId(20) hotstuff_runner::app: Node 2 view(3299) far exceeds block count (824); potential sync issue    
2026-08-10T05:52:57.078893Z  WARN ThreadId(20) hotstuff_runner::app: Node 2 [produce_block] queue size: 0, attempting up to 0 transactions this block    
2026-08-10T05:52:57.078988Z  WARN ThreadId(20) hotstuff_runner::app: Node 2 view(3303) far exceeds block count (825); potential sync issue    
2026-08-10T05:52:57.168894Z  WARN ThreadId(20) hotstuff_runner::app: Node 2 [produce_block] queue size: 2, attempting up to 2 transactions this block    
2026-08-10T05:52:57.174928Z  WARN ThreadId(20) hotstuff_runner::app: Node 2 view(3307) far exceeds block count (826); potential sync issue    
2026-08-10T05:52:57.259765Z  WARN ThreadId(20) hotstuff_runner::app: Node 2 [produce_block] queue size: 0, attempting up to 0 transactions this block    
2026-08-10T05:52:57.260260Z  WARN ThreadId(20) hotstuff_runner::app: Node 2 view(3311) far exceeds block count (827); potential sync issue    
2026-08-10T05:52:57.332249Z  WARN ThreadId(20) hotstuff_runner::app: Node 2 [produce_block] queue size: 2, attempting up to 2 transactions this block    
2026-08-10T05:52:57.333182Z  WARN ThreadId(20) hotstuff_runner::app: Node 2 view(3315) far exceeds block count (828); potential sync issue    
2026-08-10T05:52:57.412817Z  WARN ThreadId(20) hotstuff_runner::app: Node 2 [produce_block] queue size: 0, attempting up to 0 transactions this block    
2026-08-10T05:52:57.413740Z  WARN ThreadId(20) hotstuff_runner::app: Node 2 view(3319) far exceeds block count (829); potential sync issue    
2026-08-10T05:52:57.495829Z  WARN ThreadId(20) hotstuff_runner::app: Node 2 [produce_block] queue size: 0, attempting up to 0 transactions this block    
2026-08-10T05:52:57.495988Z  WARN ThreadId(20) hotstuff_runner::app: Node 2 view(3323) far exceeds block count (830); potential sync issue    
2026-08-10T05:52:57.575531Z  WARN ThreadId(20) hotstuff_runner::app: Node 2 [produce_block] queue size: 2, attempting up to 2 transactions this block    
2026-08-10T05:52:57.576207Z  WARN ThreadId(20) hotstuff_runner::app: Node 2 view(3327) far exceeds block count (831); potential sync issue    
2026-08-10T05:52:57.630584Z  WARN ThreadId(20) hotstuff_runner::app: Node 2 [produce_block] queue size: 0, attempting up to 0 transactions this block    
2026-08-10T05:52:57.630853Z  WARN ThreadId(20) hotstuff_runner::app: Node 2 view(3331) far exceeds block count (832); potential sync issue    
2026-08-10T05:52:57.693369Z  WARN ThreadId(20) hotstuff_runner::app: Node 2 [produce_block] queue size: 0, attempting up to 0 transactions this block    
2026-08-10T05:52:57.694593Z  WARN ThreadId(20) hotstuff_runner::app: Node 2 view(3335) far exceeds block count (833); potential sync issue    
2026-08-10T05:52:57.767783Z  WARN ThreadId(20) hotstuff_runner::app: Node 2 [produce_block] queue size: 2, attempting up to 2 transactions this block    
2026-08-10T05:52:57.768270Z  WARN ThreadId(20) hotstuff_runner::app: Node 2 view(3339) far exceeds block count (834); potential sync issue    
2026-08-10T05:52:57.846386Z  WARN ThreadId(20) hotstuff_runner::app: Node 2 [produce_block] queue size: 0, attempting up to 0 transactions this block    
2026-08-10T05:52:57.847060Z  WARN ThreadId(20) hotstuff_runner::app: Node 2 view(3343) far exceeds block count (835); potential sync issue    
2026-08-10T05:52:57.989462Z  WARN ThreadId(20) hotstuff_runner::app: Node 2 [produce_block] queue size: 2, attempting up to 2 transactions this block    
2026-08-10T05:52:57.989766Z  WARN ThreadId(20) hotstuff_runner::app: Node 2 view(3347) far exceeds block count (836); potential sync issue    
2026-08-10T05:52:58.090752Z  WARN ThreadId(20) hotstuff_runner::app: Node 2 [produce_block] queue size: 2, attempting up to 2 transactions this block    
2026-08-10T05:52:58.095850Z  WARN ThreadId(20) hotstuff_runner::app: Node 2 view(3351) far exceeds block count (837); potential sync issue    
2026-08-10T05:52:58.176197Z  WARN ThreadId(20) hotstuff_runner::app: Node 2 [produce_block] queue size: 0, attempting up to 0 transactions this block    
2026-08-10T05:52:58.180746Z  WARN ThreadId(20) hotstuff_runner::app: Node 2 view(3355) far exceeds block count (838); potential sync issue    
2026-08-10T05:52:58.247577Z  WARN ThreadId(20) hotstuff_runner::app: Node 2 [produce_block] queue size: 0, attempting up to 0 transactions this block    
2026-08-10T05:52:58.247744Z  WARN ThreadId(20) hotstuff_runner::app: Node 2 view(3359) far exceeds block count (839); potential sync issue    
2026-08-10T05:52:58.363253Z  WARN ThreadId(20) hotstuff_runner::app: Node 2 [produce_block] queue size: 2, attempting up to 2 transactions this block    
2026-08-10T05:52:58.364744Z  WARN ThreadId(20) hotstuff_runner::app: Node 2 view(3363) far exceeds block count (840); potential sync issue    
2026-08-10T05:52:58.474686Z  WARN ThreadId(20) hotstuff_runner::app: Node 2 [produce_block] queue size: 2, attempting up to 2 transactions this block    
2026-08-10T05:52:58.478331Z  WARN ThreadId(20) hotstuff_runner::app: Node 2 view(3367) far exceeds block count (841); potential sync issue    
2026-08-10T05:52:58.575502Z  WARN ThreadId(20) hotstuff_runner::app: Node 2 [produce_block] queue size: 0, attempting up to 0 transactions this block    
2026-08-10T05:52:58.577206Z  WARN ThreadId(20) hotstuff_runner::app: Node 2 view(3371) far exceeds block count (842); potential sync issue    
2026-08-10T05:52:58.669560Z  WARN ThreadId(20) hotstuff_runner::app: Node 2 [produce_block] queue size: 2, attempting up to 2 transactions this block    
2026-08-10T05:52:58.671205Z  WARN ThreadId(20) hotstuff_runner::app: Node 2 view(3375) far exceeds block count (843); potential sync issue    
2026-08-10T05:52:58.769181Z  WARN ThreadId(20) hotstuff_runner::app: Node 2 [produce_block] queue size: 0, attempting up to 0 transactions this block    
2026-08-10T05:52:58.770039Z  WARN ThreadId(20) hotstuff_runner::app: Node 2 view(3379) far exceeds block count (844); potential sync issue    
2026-08-10T05:52:58.948359Z  WARN ThreadId(20) hotstuff_runner::app: Node 2 [produce_block] queue size: 2, attempting up to 2 transactions this block    
2026-08-10T05:52:58.955074Z  WARN ThreadId(20) hotstuff_runner::app: Node 2 view(3383) far exceeds block count (845); potential sync issue    
2026-08-10T05:52:59.101733Z  WARN ThreadId(20) hotstuff_runner::app: Node 2 [produce_block] queue size: 2, attempting up to 2 transactions this block    
2026-08-10T05:52:59.102049Z  WARN ThreadId(20) hotstuff_runner::app: Node 2 view(3387) far exceeds block count (846); potential sync issue    
2026-08-10T05:52:59.216228Z  WARN ThreadId(20) hotstuff_runner::app: Node 2 [produce_block] queue size: 0, attempting up to 0 transactions this block    
2026-08-10T05:52:59.218830Z  WARN ThreadId(20) hotstuff_runner::app: Node 2 view(3391) far exceeds block count (847); potential sync issue    
2026-08-10T05:52:59.383791Z  WARN ThreadId(20) hotstuff_runner::app: Node 2 [produce_block] queue size: 2, attempting up to 2 transactions this block    
2026-08-10T05:52:59.384719Z  WARN ThreadId(20) hotstuff_runner::app: Node 2 view(3395) far exceeds block count (848); potential sync issue    
2026-08-10T05:52:59.478923Z  WARN ThreadId(20) hotstuff_runner::app: Node 2 [produce_block] queue size: 0, attempting up to 0 transactions this block    
2026-08-10T05:52:59.480363Z  WARN ThreadId(20) hotstuff_runner::app: Node 2 view(3399) far exceeds block count (849); potential sync issue    
2026-08-10T05:52:59.583282Z  WARN ThreadId(20) hotstuff_runner::app: Node 2 [produce_block] queue size: 2, attempting up to 2 transactions this block    
2026-08-10T05:52:59.583678Z  WARN ThreadId(20) hotstuff_runner::app: Node 2 view(3403) far exceeds block count (850); potential sync issue    
2026-08-10T05:52:59.712874Z  WARN ThreadId(20) hotstuff_runner::app: Node 2 [produce_block] queue size: 0, attempting up to 0 transactions this block    
2026-08-10T05:52:59.715383Z  WARN ThreadId(20) hotstuff_runner::app: Node 2 view(3407) far exceeds block count (851); potential sync issue    
2026-08-10T05:52:59.794642Z  WARN ThreadId(20) hotstuff_runner::app: Node 2 [produce_block] queue size: 2, attempting up to 2 transactions this block    
2026-08-10T05:52:59.795327Z  WARN ThreadId(20) hotstuff_runner::app: Node 2 view(3411) far exceeds block count (852); potential sync issue    
2026-08-10T05:52:59.870964Z  WARN ThreadId(20) hotstuff_runner::app: Node 2 [produce_block] queue size: 0, attempting up to 0 transactions this block    
2026-08-10T05:52:59.871480Z  WARN ThreadId(20) hotstuff_runner::app: Node 2 view(3415) far exceeds block count (853); potential sync issue    
2026-08-10T05:52:59.962053Z  WARN ThreadId(20) hotstuff_runner::app: Node 2 [produce_block] queue size: 2, attempting up to 2 transactions this block    
2026-08-10T05:52:59.963449Z  WARN ThreadId(20) hotstuff_runner::app: Node 2 view(3419) far exceeds block count (854); potential sync issue    
2026-08-10T05:53:00.079007Z  WARN ThreadId(20) hotstuff_runner::app: Node 2 [produce_block] queue size: 0, attempting up to 0 transactions this block    
2026-08-10T05:53:00.079190Z  WARN ThreadId(20) hotstuff_runner::app: Node 2 view(3423) far exceeds block count (855); potential sync issue    
2026-08-10T05:53:00.163898Z  WARN ThreadId(20) hotstuff_runner::app: Node 2 [produce_block] queue size: 2, attempting up to 2 transactions this block    
2026-08-10T05:53:00.164134Z  WARN ThreadId(20) hotstuff_runner::app: Node 2 view(3427) far exceeds block count (856); potential sync issue    
2026-08-10T05:53:00.266317Z  WARN ThreadId(20) hotstuff_runner::app: Node 2 [produce_block] queue size: 0, attempting up to 0 transactions this block    
2026-08-10T05:53:00.266933Z  WARN ThreadId(20) hotstuff_runner::app: Node 2 view(3431) far exceeds block count (857); potential sync issue    
2026-08-10T05:53:00.335790Z  WARN ThreadId(20) hotstuff_runner::app: Node 2 [produce_block] queue size: 2, attempting up to 2 transactions this block    
2026-08-10T05:53:00.336389Z  WARN ThreadId(20) hotstuff_runner::app: Node 2 view(3435) far exceeds block count (858); potential sync issue    
2026-08-10T05:53:00.412812Z  WARN ThreadId(20) hotstuff_runner::app: Node 2 [produce_block] queue size: 0, attempting up to 0 transactions this block    
2026-08-10T05:53:00.412935Z  WARN ThreadId(20) hotstuff_runner::app: Node 2 view(3439) far exceeds block count (859); potential sync issue    
2026-08-10T05:53:00.505039Z  WARN ThreadId(20) hotstuff_runner::app: Node 2 [produce_block] queue size: 0, attempting up to 0 transactions this block    
2026-08-10T05:53:00.505331Z  WARN ThreadId(20) hotstuff_runner::app: Node 2 view(3443) far exceeds block count (860); potential sync issue    
2026-08-10T05:53:00.580616Z  WARN ThreadId(20) hotstuff_runner::app: Node 2 [produce_block] queue size: 2, attempting up to 2 transactions this block    
2026-08-10T05:53:00.581191Z  WARN ThreadId(20) hotstuff_runner::app: Node 2 view(3447) far exceeds block count (861); potential sync issue    
2026-08-10T05:53:00.678813Z  WARN ThreadId(20) hotstuff_runner::app: Node 2 [produce_block] queue size: 0, attempting up to 0 transactions this block    
2026-08-10T05:53:00.686669Z  WARN ThreadId(20) hotstuff_runner::app: Node 2 view(3451) far exceeds block count (862); potential sync issue    
2026-08-10T05:53:00.768231Z  WARN ThreadId(20) hotstuff_runner::app: Node 2 [produce_block] queue size: 2, attempting up to 2 transactions this block    
2026-08-10T05:53:00.768507Z  WARN ThreadId(20) hotstuff_runner::app: Node 2 view(3455) far exceeds block count (863); potential sync issue    
2026-08-10T05:53:00.838795Z  WARN ThreadId(20) hotstuff_runner::app: Node 2 [produce_block] queue size: 0, attempting up to 0 transactions this block    
2026-08-10T05:53:00.838937Z  WARN ThreadId(20) hotstuff_runner::app: Node 2 view(3459) far exceeds block count (864); potential sync issue    
2026-08-10T05:53:00.918627Z  WARN ThreadId(20) hotstuff_runner::app: Node 2 [produce_block] queue size: 2, attempting up to 2 transactions this block    
2026-08-10T05:53:00.918947Z  WARN ThreadId(20) hotstuff_runner::app: Node 2 view(3463) far exceeds block count (865); potential sync issue    
2026-08-10T05:53:01.049767Z  WARN ThreadId(20) hotstuff_runner::app: Node 2 [produce_block] queue size: 0, attempting up to 0 transactions this block    
2026-08-10T05:53:01.082021Z  WARN ThreadId(20) hotstuff_runner::app: Node 2 view(3467) far exceeds block count (866); potential sync issue    
2026-08-10T05:53:01.555733Z  WARN ThreadId(21) hotstuff_runner::tcp_node: Node 2 view 3467 timed out; latency may accumulate
2026-08-10T05:53:01.643271Z  WARN ThreadId(20) hotstuff_runner::app: Node 2 [produce_block] queue size: 6, attempting up to 6 transactions this block    
2026-08-10T05:53:01.652555Z  WARN ThreadId(20) hotstuff_runner::app: Node 2 view(3471) far exceeds block count (867); potential sync issue    
2026-08-10T05:53:01.717736Z  WARN ThreadId(20) hotstuff_runner::app: Node 2 [produce_block] queue size: 0, attempting up to 0 transactions this block    
2026-08-10T05:53:01.720116Z  WARN ThreadId(20) hotstuff_runner::app: Node 2 view(3475) far exceeds block count (868); potential sync issue    
2026-08-10T05:53:01.825043Z  WARN ThreadId(20) hotstuff_runner::app: Node 2 [produce_block] queue size: 2, attempting up to 2 transactions this block    
2026-08-10T05:53:01.825585Z  WARN ThreadId(20) hotstuff_runner::app: Node 2 view(3479) far exceeds block count (869); potential sync issue    
2026-08-10T05:53:01.945203Z  WARN ThreadId(20) hotstuff_runner::app: Node 2 [produce_block] queue size: 2, attempting up to 2 transactions this block    
2026-08-10T05:53:01.945453Z  WARN ThreadId(20) hotstuff_runner::app: Node 2 view(3483) far exceeds block count (870); potential sync issue    
2026-08-10T05:53:02.014555Z  WARN ThreadId(20) hotstuff_runner::app: Node 2 [produce_block] queue size: 0, attempting up to 0 transactions this block    
2026-08-10T05:53:02.016884Z  WARN ThreadId(20) hotstuff_runner::app: Node 2 view(3487) far exceeds block count (871); potential sync issue    
2026-08-10T05:53:02.144613Z  WARN ThreadId(20) hotstuff_runner::app: Node 2 [produce_block] queue size: 0, attempting up to 0 transactions this block    
2026-08-10T05:53:02.146470Z  WARN ThreadId(20) hotstuff_runner::app: Node 2 view(3491) far exceeds block count (872); potential sync issue    
2026-08-10T05:53:02.233298Z  WARN ThreadId(20) hotstuff_runner::app: Node 2 [produce_block] queue size: 2, attempting up to 2 transactions this block    
2026-08-10T05:53:02.241592Z  WARN ThreadId(20) hotstuff_runner::app: Node 2 view(3495) far exceeds block count (873); potential sync issue    
2026-08-10T05:53:02.321679Z  WARN ThreadId(20) hotstuff_runner::app: Node 2 [produce_block] queue size: 0, attempting up to 0 transactions this block    
2026-08-10T05:53:02.323324Z  WARN ThreadId(20) hotstuff_runner::app: Node 2 view(3499) far exceeds block count (874); potential sync issue    
2026-08-10T05:53:02.404073Z  WARN ThreadId(20) hotstuff_runner::app: Node 2 [produce_block] queue size: 2, attempting up to 2 transactions this block    
2026-08-10T05:53:02.406619Z  WARN ThreadId(20) hotstuff_runner::app: Node 2 view(3503) far exceeds block count (875); potential sync issue    
2026-08-10T05:53:02.512644Z  WARN ThreadId(20) hotstuff_runner::app: Node 2 [produce_block] queue size: 0, attempting up to 0 transactions this block    
2026-08-10T05:53:02.513096Z  WARN ThreadId(20) hotstuff_runner::app: Node 2 view(3507) far exceeds block count (876); potential sync issue    
2026-08-10T05:53:02.602084Z  WARN ThreadId(20) hotstuff_runner::app: Node 2 [produce_block] queue size: 2, attempting up to 2 transactions this block    
2026-08-10T05:53:02.602715Z  WARN ThreadId(20) hotstuff_runner::app: Node 2 view(3511) far exceeds block count (877); potential sync issue    
2026-08-10T05:53:02.702586Z  WARN ThreadId(20) hotstuff_runner::app: Node 2 [produce_block] queue size: 0, attempting up to 0 transactions this block    
2026-08-10T05:53:02.702763Z  WARN ThreadId(20) hotstuff_runner::app: Node 2 view(3515) far exceeds block count (878); potential sync issue    
2026-08-10T05:53:02.777527Z  WARN ThreadId(20) hotstuff_runner::app: Node 2 [produce_block] queue size: 2, attempting up to 2 transactions this block    
2026-08-10T05:53:02.777832Z  WARN ThreadId(20) hotstuff_runner::app: Node 2 view(3519) far exceeds block count (879); potential sync issue    
2026-08-10T05:53:02.838906Z  WARN ThreadId(20) hotstuff_runner::app: Node 2 [produce_block] queue size: 0, attempting up to 0 transactions this block    
2026-08-10T05:53:02.839167Z  WARN ThreadId(20) hotstuff_runner::app: Node 2 view(3523) far exceeds block count (880); potential sync issue    
2026-08-10T05:53:02.935333Z  WARN ThreadId(20) hotstuff_runner::app: Node 2 [produce_block] queue size: 2, attempting up to 2 transactions this block    
2026-08-10T05:53:02.935724Z  WARN ThreadId(20) hotstuff_runner::app: Node 2 view(3527) far exceeds block count (881); potential sync issue    
2026-08-10T05:53:03.002953Z  WARN ThreadId(20) hotstuff_runner::app: Node 2 [produce_block] queue size: 0, attempting up to 0 transactions this block    
2026-08-10T05:53:03.003907Z  WARN ThreadId(20) hotstuff_runner::app: Node 2 view(3531) far exceeds block count (882); potential sync issue    
2026-08-10T05:53:03.077082Z  WARN ThreadId(20) hotstuff_runner::app: Node 2 [produce_block] queue size: 2, attempting up to 2 transactions this block    
2026-08-10T05:53:03.078020Z  WARN ThreadId(20) hotstuff_runner::app: Node 2 view(3535) far exceeds block count (883); potential sync issue    
2026-08-10T05:53:03.159114Z  WARN ThreadId(20) hotstuff_runner::app: Node 2 [produce_block] queue size: 0, attempting up to 0 transactions this block    
2026-08-10T05:53:03.159330Z  WARN ThreadId(20) hotstuff_runner::app: Node 2 view(3539) far exceeds block count (884); potential sync issue    
2026-08-10T05:53:03.287371Z  WARN ThreadId(20) hotstuff_runner::app: Node 2 [produce_block] queue size: 0, attempting up to 0 transactions this block    
2026-08-10T05:53:03.287766Z  WARN ThreadId(20) hotstuff_runner::app: Node 2 view(3543) far exceeds block count (885); potential sync issue    
2026-08-10T05:53:03.402937Z  WARN ThreadId(20) hotstuff_runner::app: Node 2 [produce_block] queue size: 2, attempting up to 2 transactions this block    
2026-08-10T05:53:03.404687Z  WARN ThreadId(20) hotstuff_runner::app: Node 2 view(3547) far exceeds block count (886); potential sync issue    
2026-08-10T05:53:03.478061Z  WARN ThreadId(20) hotstuff_runner::app: Node 2 [produce_block] queue size: 0, attempting up to 0 transactions this block    
2026-08-10T05:53:03.478477Z  WARN ThreadId(20) hotstuff_runner::app: Node 2 view(3551) far exceeds block count (887); potential sync issue    
2026-08-10T05:53:03.558364Z  WARN ThreadId(20) hotstuff_runner::app: Node 2 [produce_block] queue size: 2, attempting up to 2 transactions this block    
2026-08-10T05:53:03.558479Z  WARN ThreadId(20) hotstuff_runner::app: Node 2 view(3555) far exceeds block count (888); potential sync issue    
2026-08-10T05:53:03.669743Z  WARN ThreadId(20) hotstuff_runner::app: Node 2 [produce_block] queue size: 0, attempting up to 0 transactions this block    
2026-08-10T05:53:03.670083Z  WARN ThreadId(20) hotstuff_runner::app: Node 2 view(3559) far exceeds block count (889); potential sync issue    
2026-08-10T05:53:03.795344Z  WARN ThreadId(20) hotstuff_runner::app: Node 2 [produce_block] queue size: 2, attempting up to 2 transactions this block    
2026-08-10T05:53:03.795500Z  WARN ThreadId(20) hotstuff_runner::app: Node 2 view(3563) far exceeds block count (890); potential sync issue    
2026-08-10T05:53:03.880827Z  WARN ThreadId(20) hotstuff_runner::app: Node 2 [produce_block] queue size: 0, attempting up to 0 transactions this block    
2026-08-10T05:53:03.881013Z  WARN ThreadId(20) hotstuff_runner::app: Node 2 view(3567) far exceeds block count (891); potential sync issue    
2026-08-10T05:53:03.946786Z  WARN ThreadId(20) hotstuff_runner::app: Node 2 [produce_block] queue size: 2, attempting up to 2 transactions this block    
2026-08-10T05:53:03.947261Z  WARN ThreadId(20) hotstuff_runner::app: Node 2 view(3571) far exceeds block count (892); potential sync issue    
2026-08-10T05:53:04.128928Z  WARN ThreadId(20) hotstuff_runner::app: Node 2 [produce_block] queue size: 2, attempting up to 2 transactions this block    
2026-08-10T05:53:04.129113Z  WARN ThreadId(20) hotstuff_runner::app: Node 2 view(3575) far exceeds block count (893); potential sync issue    
2026-08-10T05:53:04.229332Z  WARN ThreadId(20) hotstuff_runner::app: Node 2 [produce_block] queue size: 0, attempting up to 0 transactions this block    
2026-08-10T05:53:04.229434Z  WARN ThreadId(20) hotstuff_runner::app: Node 2 view(3579) far exceeds block count (894); potential sync issue    
2026-08-10T05:53:04.328057Z  WARN ThreadId(20) hotstuff_runner::app: Node 2 [produce_block] queue size: 2, attempting up to 2 transactions this block    
2026-08-10T05:53:04.328442Z  WARN ThreadId(20) hotstuff_runner::app: Node 2 view(3583) far exceeds block count (895); potential sync issue    
2026-08-10T05:53:04.423441Z  WARN ThreadId(20) hotstuff_runner::app: Node 2 [produce_block] queue size: 0, attempting up to 0 transactions this block    
2026-08-10T05:53:04.424083Z  WARN ThreadId(20) hotstuff_runner::app: Node 2 view(3587) far exceeds block count (896); potential sync issue    
2026-08-10T05:53:04.527836Z  WARN ThreadId(20) hotstuff_runner::app: Node 2 [produce_block] queue size: 2, attempting up to 2 transactions this block    
2026-08-10T05:53:04.527973Z  WARN ThreadId(20) hotstuff_runner::app: Node 2 view(3591) far exceeds block count (897); potential sync issue    
2026-08-10T05:53:04.606996Z  WARN ThreadId(20) hotstuff_runner::app: Node 2 [produce_block] queue size: 0, attempting up to 0 transactions this block    
2026-08-10T05:53:04.607121Z  WARN ThreadId(20) hotstuff_runner::app: Node 2 view(3595) far exceeds block count (898); potential sync issue    
2026-08-10T05:53:04.734035Z  WARN ThreadId(20) hotstuff_runner::app: Node 2 [produce_block] queue size: 2, attempting up to 2 transactions this block    
2026-08-10T05:53:04.734839Z  WARN ThreadId(20) hotstuff_runner::app: Node 2 view(3599) far exceeds block count (899); potential sync issue    
2026-08-10T05:53:04.825457Z  WARN ThreadId(20) hotstuff_runner::app: Node 2 [produce_block] queue size: 0, attempting up to 0 transactions this block    
2026-08-10T05:53:04.826105Z  WARN ThreadId(20) hotstuff_runner::app: Node 2 view(3603) far exceeds block count (900); potential sync issue    
2026-08-10T05:53:04.900417Z  WARN ThreadId(20) hotstuff_runner::app: Node 2 [produce_block] queue size: 0, attempting up to 0 transactions this block    
2026-08-10T05:53:04.901783Z  WARN ThreadId(20) hotstuff_runner::app: Node 2 view(3607) far exceeds block count (901); potential sync issue    
2026-08-10T05:53:05.030095Z  WARN ThreadId(20) hotstuff_runner::app: Node 2 [produce_block] queue size: 2, attempting up to 2 transactions this block    
2026-08-10T05:53:05.037448Z  WARN ThreadId(20) hotstuff_runner::app: Node 2 view(3611) far exceeds block count (902); potential sync issue    
2026-08-10T05:53:05.139375Z  WARN ThreadId(20) hotstuff_runner::app: Node 2 [produce_block] queue size: 0, attempting up to 0 transactions this block    
2026-08-10T05:53:05.141220Z  WARN ThreadId(20) hotstuff_runner::app: Node 2 view(3615) far exceeds block count (903); potential sync issue    
2026-08-10T05:53:05.231068Z  WARN ThreadId(20) hotstuff_runner::app: Node 2 [produce_block] queue size: 2, attempting up to 2 transactions this block    
2026-08-10T05:53:05.231905Z  WARN ThreadId(20) hotstuff_runner::app: Node 2 view(3619) far exceeds block count (904); potential sync issue    
2026-08-10T05:53:05.328941Z  WARN ThreadId(20) hotstuff_runner::app: Node 2 [produce_block] queue size: 0, attempting up to 0 transactions this block    
2026-08-10T05:53:05.329993Z  WARN ThreadId(20) hotstuff_runner::app: Node 2 view(3623) far exceeds block count (905); potential sync issue    
2026-08-10T05:53:05.418440Z  WARN ThreadId(20) hotstuff_runner::app: Node 2 [produce_block] queue size: 2, attempting up to 2 transactions this block    
2026-08-10T05:53:05.419098Z  WARN ThreadId(20) hotstuff_runner::app: Node 2 view(3627) far exceeds block count (906); potential sync issue    
2026-08-10T05:53:05.471649Z  WARN ThreadId(20) hotstuff_runner::app: Node 2 [produce_block] queue size: 0, attempting up to 0 transactions this block    
2026-08-10T05:53:05.476060Z  WARN ThreadId(20) hotstuff_runner::app: Node 2 view(3631) far exceeds block count (907); potential sync issue    
2026-08-10T05:53:05.564899Z  WARN ThreadId(20) hotstuff_runner::app: Node 2 [produce_block] queue size: 2, attempting up to 2 transactions this block    
2026-08-10T05:53:05.565093Z  WARN ThreadId(20) hotstuff_runner::app: Node 2 view(3635) far exceeds block count (908); potential sync issue    
2026-08-10T05:53:05.654641Z  WARN ThreadId(20) hotstuff_runner::app: Node 2 [produce_block] queue size: 0, attempting up to 0 transactions this block    
2026-08-10T05:53:05.660127Z  WARN ThreadId(20) hotstuff_runner::app: Node 2 view(3639) far exceeds block count (909); potential sync issue    
2026-08-10T05:53:05.820776Z  WARN ThreadId(20) hotstuff_runner::app: Node 2 [produce_block] queue size: 2, attempting up to 2 transactions this block    
2026-08-10T05:53:05.828730Z  WARN ThreadId(20) hotstuff_runner::app: Node 2 view(3643) far exceeds block count (910); potential sync issue    
2026-08-10T05:53:05.907237Z  WARN ThreadId(20) hotstuff_runner::app: Node 2 [produce_block] queue size: 0, attempting up to 0 transactions this block    
2026-08-10T05:53:05.908851Z  WARN ThreadId(20) hotstuff_runner::app: Node 2 view(3647) far exceeds block count (911); potential sync issue    
2026-08-10T05:53:06.048164Z  WARN ThreadId(20) hotstuff_runner::app: Node 2 [produce_block] queue size: 2, attempting up to 2 transactions this block    
2026-08-10T05:53:06.048403Z  WARN ThreadId(20) hotstuff_runner::app: Node 2 view(3651) far exceeds block count (912); potential sync issue    
2026-08-10T05:53:06.247622Z  WARN ThreadId(20) hotstuff_runner::app: Node 2 [produce_block] queue size: 2, attempting up to 2 transactions this block    
2026-08-10T05:53:06.247832Z  WARN ThreadId(20) hotstuff_runner::app: Node 2 view(3655) far exceeds block count (913); potential sync issue    
2026-08-10T05:53:06.381421Z  WARN ThreadId(20) hotstuff_runner::app: Node 2 [produce_block] queue size: 2, attempting up to 2 transactions this block    
2026-08-10T05:53:06.381527Z  WARN ThreadId(20) hotstuff_runner::app: Node 2 view(3659) far exceeds block count (914); potential sync issue    
2026-08-10T05:53:06.492924Z  WARN ThreadId(20) hotstuff_runner::app: Node 2 [produce_block] queue size: 0, attempting up to 0 transactions this block    
2026-08-10T05:53:06.496654Z  WARN ThreadId(20) hotstuff_runner::app: Node 2 view(3663) far exceeds block count (915); potential sync issue    
2026-08-10T05:53:06.597351Z  WARN ThreadId(20) hotstuff_runner::app: Node 2 [produce_block] queue size: 2, attempting up to 2 transactions this block    
2026-08-10T05:53:06.602651Z  WARN ThreadId(20) hotstuff_runner::app: Node 2 view(3667) far exceeds block count (916); potential sync issue    
2026-08-10T05:53:06.732884Z  WARN ThreadId(20) hotstuff_runner::app: Node 2 [produce_block] queue size: 0, attempting up to 0 transactions this block    
2026-08-10T05:53:06.738722Z  WARN ThreadId(20) hotstuff_runner::app: Node 2 view(3671) far exceeds block count (917); potential sync issue    
2026-08-10T05:53:06.797903Z  WARN ThreadId(20) hotstuff_runner::app: Node 2 [produce_block] queue size: 0, attempting up to 0 transactions this block    
2026-08-10T05:53:06.798079Z  WARN ThreadId(20) hotstuff_runner::app: Node 2 view(3675) far exceeds block count (918); potential sync issue    
2026-08-10T05:53:06.869630Z  WARN ThreadId(20) hotstuff_runner::app: Node 2 [produce_block] queue size: 2, attempting up to 2 transactions this block    
2026-08-10T05:53:06.870168Z  WARN ThreadId(20) hotstuff_runner::app: Node 2 view(3679) far exceeds block count (919); potential sync issue    
2026-08-10T05:53:06.908684Z  WARN ThreadId(20) hotstuff_runner::app: Node 2 [produce_block] queue size: 0, attempting up to 0 transactions this block    
2026-08-10T05:53:06.909509Z  WARN ThreadId(20) hotstuff_runner::app: Node 2 view(3683) far exceeds block count (920); potential sync issue    
2026-08-10T05:53:06.999620Z  WARN ThreadId(20) hotstuff_runner::app: Node 2 [produce_block] queue size: 2, attempting up to 2 transactions this block    
2026-08-10T05:53:07.000235Z  WARN ThreadId(20) hotstuff_runner::app: Node 2 view(3687) far exceeds block count (921); potential sync issue    
2026-08-10T05:53:07.073548Z  WARN ThreadId(20) hotstuff_runner::app: Node 2 [produce_block] queue size: 0, attempting up to 0 transactions this block    
2026-08-10T05:53:07.074023Z  WARN ThreadId(20) hotstuff_runner::app: Node 2 view(3691) far exceeds block count (922); potential sync issue    
2026-08-10T05:53:07.162788Z  WARN ThreadId(20) hotstuff_runner::app: Node 2 [produce_block] queue size: 0, attempting up to 0 transactions this block    
2026-08-10T05:53:07.165466Z  WARN ThreadId(20) hotstuff_runner::app: Node 2 view(3695) far exceeds block count (923); potential sync issue    
2026-08-10T05:53:07.251621Z  WARN ThreadId(20) hotstuff_runner::app: Node 2 [produce_block] queue size: 2, attempting up to 2 transactions this block    
2026-08-10T05:53:07.261326Z  WARN ThreadId(20) hotstuff_runner::app: Node 2 view(3699) far exceeds block count (924); potential sync issue    
2026-08-10T05:53:07.347289Z  WARN ThreadId(20) hotstuff_runner::app: Node 2 [produce_block] queue size: 0, attempting up to 0 transactions this block    
2026-08-10T05:53:07.348528Z  WARN ThreadId(20) hotstuff_runner::app: Node 2 view(3703) far exceeds block count (925); potential sync issue    
2026-08-10T05:53:07.474739Z  WARN ThreadId(20) hotstuff_runner::app: Node 2 [produce_block] queue size: 2, attempting up to 2 transactions this block    
2026-08-10T05:53:07.476433Z  WARN ThreadId(20) hotstuff_runner::app: Node 2 view(3707) far exceeds block count (926); potential sync issue    
2026-08-10T05:53:07.543609Z  WARN ThreadId(20) hotstuff_runner::app: Node 2 [produce_block] queue size: 0, attempting up to 0 transactions this block    
2026-08-10T05:53:07.544672Z  WARN ThreadId(20) hotstuff_runner::app: Node 2 view(3711) far exceeds block count (927); potential sync issue    
2026-08-10T05:53:07.626078Z  WARN ThreadId(20) hotstuff_runner::app: Node 2 [produce_block] queue size: 0, attempting up to 0 transactions this block    
2026-08-10T05:53:07.626749Z  WARN ThreadId(20) hotstuff_runner::app: Node 2 view(3715) far exceeds block count (928); potential sync issue    
2026-08-10T05:53:07.692213Z  WARN ThreadId(20) hotstuff_runner::app: Node 2 [produce_block] queue size: 2, attempting up to 2 transactions this block    
2026-08-10T05:53:07.692667Z  WARN ThreadId(20) hotstuff_runner::app: Node 2 view(3719) far exceeds block count (929); potential sync issue    
2026-08-10T05:53:07.781040Z  WARN ThreadId(20) hotstuff_runner::app: Node 2 [produce_block] queue size: 0, attempting up to 0 transactions this block    
2026-08-10T05:53:07.781709Z  WARN ThreadId(20) hotstuff_runner::app: Node 2 view(3723) far exceeds block count (930); potential sync issue    
2026-08-10T05:53:07.872367Z  WARN ThreadId(20) hotstuff_runner::app: Node 2 [produce_block] queue size: 0, attempting up to 0 transactions this block    
2026-08-10T05:53:07.873095Z  WARN ThreadId(20) hotstuff_runner::app: Node 2 view(3727) far exceeds block count (931); potential sync issue    
2026-08-10T05:53:07.929145Z  WARN ThreadId(20) hotstuff_runner::app: Node 2 [produce_block] queue size: 2, attempting up to 2 transactions this block    
2026-08-10T05:53:07.929463Z  WARN ThreadId(20) hotstuff_runner::app: Node 2 view(3731) far exceeds block count (932); potential sync issue    
2026-08-10T05:53:07.962170Z  WARN ThreadId(20) hotstuff_runner::app: Node 2 [produce_block] queue size: 0, attempting up to 0 transactions this block    
2026-08-10T05:53:07.962857Z  WARN ThreadId(20) hotstuff_runner::app: Node 2 view(3735) far exceeds block count (933); potential sync issue    
2026-08-10T05:53:08.021827Z  WARN ThreadId(20) hotstuff_runner::app: Node 2 [produce_block] queue size: 0, attempting up to 0 transactions this block    
2026-08-10T05:53:08.022123Z  WARN ThreadId(20) hotstuff_runner::app: Node 2 view(3739) far exceeds block count (934); potential sync issue    
2026-08-10T05:53:08.086992Z  WARN ThreadId(20) hotstuff_runner::app: Node 2 [produce_block] queue size: 2, attempting up to 2 transactions this block    
2026-08-10T05:53:08.087628Z  WARN ThreadId(20) hotstuff_runner::app: Node 2 view(3743) far exceeds block count (935); potential sync issue    
2026-08-10T05:53:08.149748Z  WARN ThreadId(20) hotstuff_runner::app: Node 2 [produce_block] queue size: 0, attempting up to 0 transactions this block    
2026-08-10T05:53:08.150479Z  WARN ThreadId(20) hotstuff_runner::app: Node 2 view(3747) far exceeds block count (936); potential sync issue    
2026-08-10T05:53:08.238760Z  WARN ThreadId(20) hotstuff_runner::app: Node 2 [produce_block] queue size: 0, attempting up to 0 transactions this block    
2026-08-10T05:53:08.239030Z  WARN ThreadId(20) hotstuff_runner::app: Node 2 view(3751) far exceeds block count (937); potential sync issue    
2026-08-10T05:53:08.320009Z  WARN ThreadId(20) hotstuff_runner::app: Node 2 [produce_block] queue size: 2, attempting up to 2 transactions this block    
2026-08-10T05:53:08.322602Z  WARN ThreadId(20) hotstuff_runner::app: Node 2 view(3755) far exceeds block count (938); potential sync issue    
2026-08-10T05:53:08.398141Z  WARN ThreadId(20) hotstuff_runner::app: Node 2 [produce_block] queue size: 0, attempting up to 0 transactions this block    
2026-08-10T05:53:08.398825Z  WARN ThreadId(20) hotstuff_runner::app: Node 2 view(3759) far exceeds block count (939); potential sync issue    
2026-08-10T05:53:08.487529Z  WARN ThreadId(20) hotstuff_runner::app: Node 2 [produce_block] queue size: 2, attempting up to 2 transactions this block    
2026-08-10T05:53:08.487972Z  WARN ThreadId(20) hotstuff_runner::app: Node 2 view(3763) far exceeds block count (940); potential sync issue    
2026-08-10T05:53:08.596843Z  WARN ThreadId(20) hotstuff_runner::app: Node 2 [produce_block] queue size: 0, attempting up to 0 transactions this block    
2026-08-10T05:53:08.601216Z  WARN ThreadId(20) hotstuff_runner::app: Node 2 view(3767) far exceeds block count (941); potential sync issue    
2026-08-10T05:53:08.724838Z  WARN ThreadId(20) hotstuff_runner::app: Node 2 [produce_block] queue size: 2, attempting up to 2 transactions this block    
2026-08-10T05:53:08.725654Z  WARN ThreadId(20) hotstuff_runner::app: Node 2 view(3771) far exceeds block count (942); potential sync issue    
2026-08-10T05:53:08.841221Z  WARN ThreadId(20) hotstuff_runner::app: Node 2 [produce_block] queue size: 0, attempting up to 0 transactions this block    
2026-08-10T05:53:08.841506Z  WARN ThreadId(20) hotstuff_runner::app: Node 2 view(3775) far exceeds block count (943); potential sync issue    
2026-08-10T05:53:08.949681Z  WARN ThreadId(20) hotstuff_runner::app: Node 2 [produce_block] queue size: 2, attempting up to 2 transactions this block    
2026-08-10T05:53:08.950169Z  WARN ThreadId(20) hotstuff_runner::app: Node 2 view(3779) far exceeds block count (944); potential sync issue    
2026-08-10T05:53:09.051945Z  WARN ThreadId(20) hotstuff_runner::app: Node 2 [produce_block] queue size: 0, attempting up to 0 transactions this block    
2026-08-10T05:53:09.052052Z  WARN ThreadId(20) hotstuff_runner::app: Node 2 view(3783) far exceeds block count (945); potential sync issue    
2026-08-10T05:53:09.114175Z  WARN ThreadId(20) hotstuff_runner::app: Node 2 [produce_block] queue size: 2, attempting up to 2 transactions this block    
2026-08-10T05:53:09.115608Z  WARN ThreadId(20) hotstuff_runner::app: Node 2 view(3787) far exceeds block count (946); potential sync issue    
2026-08-10T05:53:09.203070Z  WARN ThreadId(20) hotstuff_runner::app: Node 2 [produce_block] queue size: 0, attempting up to 0 transactions this block    
2026-08-10T05:53:09.203180Z  WARN ThreadId(20) hotstuff_runner::app: Node 2 view(3791) far exceeds block count (947); potential sync issue    
2026-08-10T05:53:09.283910Z  WARN ThreadId(20) hotstuff_runner::app: Node 2 [produce_block] queue size: 2, attempting up to 2 transactions this block    
2026-08-10T05:53:09.284853Z  WARN ThreadId(20) hotstuff_runner::app: Node 2 view(3795) far exceeds block count (948); potential sync issue    
2026-08-10T05:53:09.352333Z  WARN ThreadId(20) hotstuff_runner::app: Node 2 [produce_block] queue size: 0, attempting up to 0 transactions this block    
2026-08-10T05:53:09.354120Z  WARN ThreadId(20) hotstuff_runner::app: Node 2 view(3799) far exceeds block count (949); potential sync issue    
2026-08-10T05:53:09.410510Z  WARN ThreadId(20) hotstuff_runner::app: Node 2 [produce_block] queue size: 0, attempting up to 0 transactions this block    
2026-08-10T05:53:09.410905Z  WARN ThreadId(20) hotstuff_runner::app: Node 2 view(3803) far exceeds block count (950); potential sync issue    
2026-08-10T05:53:09.540956Z  WARN ThreadId(20) hotstuff_runner::app: Node 2 [produce_block] queue size: 2, attempting up to 2 transactions this block    
2026-08-10T05:53:09.542161Z  WARN ThreadId(20) hotstuff_runner::app: Node 2 view(3807) far exceeds block count (951); potential sync issue    
2026-08-10T05:53:09.638609Z  WARN ThreadId(20) hotstuff_runner::app: Node 2 [produce_block] queue size: 0, attempting up to 0 transactions this block    
2026-08-10T05:53:09.639545Z  WARN ThreadId(20) hotstuff_runner::app: Node 2 view(3811) far exceeds block count (952); potential sync issue    
2026-08-10T05:53:09.761626Z  WARN ThreadId(20) hotstuff_runner::app: Node 2 [produce_block] queue size: 2, attempting up to 2 transactions this block    
2026-08-10T05:53:09.762200Z  WARN ThreadId(20) hotstuff_runner::app: Node 2 view(3815) far exceeds block count (953); potential sync issue    
2026-08-10T05:53:09.894434Z  WARN ThreadId(20) hotstuff_runner::app: Node 2 [produce_block] queue size: 2, attempting up to 2 transactions this block    
2026-08-10T05:53:09.897780Z  WARN ThreadId(20) hotstuff_runner::app: Node 2 view(3819) far exceeds block count (954); potential sync issue    
2026-08-10T05:53:10.028793Z  WARN ThreadId(20) hotstuff_runner::app: Node 2 [produce_block] queue size: 0, attempting up to 0 transactions this block    
2026-08-10T05:53:10.029019Z  WARN ThreadId(20) hotstuff_runner::app: Node 2 view(3823) far exceeds block count (955); potential sync issue    
2026-08-10T05:53:10.124110Z  WARN ThreadId(20) hotstuff_runner::app: Node 2 [produce_block] queue size: 2, attempting up to 2 transactions this block    
2026-08-10T05:53:10.124445Z  WARN ThreadId(20) hotstuff_runner::app: Node 2 view(3827) far exceeds block count (956); potential sync issue    
2026-08-10T05:53:10.195141Z  WARN ThreadId(20) hotstuff_runner::app: Node 2 [produce_block] queue size: 0, attempting up to 0 transactions this block    
2026-08-10T05:53:10.198028Z  WARN ThreadId(20) hotstuff_runner::app: Node 2 view(3831) far exceeds block count (957); potential sync issue    
2026-08-10T05:53:10.324407Z  WARN ThreadId(20) hotstuff_runner::app: Node 2 [produce_block] queue size: 2, attempting up to 2 transactions this block    
2026-08-10T05:53:10.325403Z  WARN ThreadId(20) hotstuff_runner::app: Node 2 view(3835) far exceeds block count (958); potential sync issue    
2026-08-10T05:53:10.423761Z  WARN ThreadId(20) hotstuff_runner::app: Node 2 [produce_block] queue size: 0, attempting up to 0 transactions this block    
2026-08-10T05:53:10.424385Z  WARN ThreadId(20) hotstuff_runner::app: Node 2 view(3839) far exceeds block count (959); potential sync issue    
2026-08-10T05:53:10.546758Z  WARN ThreadId(20) hotstuff_runner::app: Node 2 [produce_block] queue size: 2, attempting up to 2 transactions this block    
2026-08-10T05:53:10.549931Z  WARN ThreadId(20) hotstuff_runner::app: Node 2 view(3843) far exceeds block count (960); potential sync issue    
2026-08-10T05:53:10.613397Z  WARN ThreadId(20) hotstuff_runner::app: Node 2 [produce_block] queue size: 0, attempting up to 0 transactions this block    
2026-08-10T05:53:10.613550Z  WARN ThreadId(20) hotstuff_runner::app: Node 2 view(3847) far exceeds block count (961); potential sync issue    
2026-08-10T05:53:10.717113Z  WARN ThreadId(20) hotstuff_runner::app: Node 2 [produce_block] queue size: 2, attempting up to 2 transactions this block    
2026-08-10T05:53:10.717383Z  WARN ThreadId(20) hotstuff_runner::app: Node 2 view(3851) far exceeds block count (962); potential sync issue    
2026-08-10T05:53:10.816303Z  WARN ThreadId(20) hotstuff_runner::app: Node 2 [produce_block] queue size: 0, attempting up to 0 transactions this block    
2026-08-10T05:53:10.818777Z  WARN ThreadId(20) hotstuff_runner::app: Node 2 view(3855) far exceeds block count (963); potential sync issue    
2026-08-10T05:53:10.873966Z  WARN ThreadId(20) hotstuff_runner::app: Node 2 [produce_block] queue size: 0, attempting up to 0 transactions this block    
2026-08-10T05:53:10.874062Z  WARN ThreadId(20) hotstuff_runner::app: Node 2 view(3859) far exceeds block count (964); potential sync issue    
2026-08-10T05:53:10.948491Z  WARN ThreadId(20) hotstuff_runner::app: Node 2 [produce_block] queue size: 2, attempting up to 2 transactions this block    
2026-08-10T05:53:10.951318Z  WARN ThreadId(20) hotstuff_runner::app: Node 2 view(3863) far exceeds block count (965); potential sync issue    
2026-08-10T05:53:11.009228Z  WARN ThreadId(20) hotstuff_runner::app: Node 2 [produce_block] queue size: 0, attempting up to 0 transactions this block    
2026-08-10T05:53:11.009362Z  WARN ThreadId(20) hotstuff_runner::app: Node 2 view(3867) far exceeds block count (966); potential sync issue    
2026-08-10T05:53:11.116319Z  WARN ThreadId(20) hotstuff_runner::app: Node 2 [produce_block] queue size: 2, attempting up to 2 transactions this block    
2026-08-10T05:53:11.116918Z  WARN ThreadId(20) hotstuff_runner::app: Node 2 view(3871) far exceeds block count (967); potential sync issue    
2026-08-10T05:53:11.223062Z  WARN ThreadId(20) hotstuff_runner::app: Node 2 [produce_block] queue size: 0, attempting up to 0 transactions this block    
2026-08-10T05:53:11.229505Z  WARN ThreadId(20) hotstuff_runner::app: Node 2 view(3875) far exceeds block count (968); potential sync issue    
2026-08-10T05:53:11.380490Z  WARN ThreadId(20) hotstuff_runner::app: Node 2 [produce_block] queue size: 2, attempting up to 2 transactions this block    
2026-08-10T05:53:11.380769Z  WARN ThreadId(20) hotstuff_runner::app: Node 2 view(3879) far exceeds block count (969); potential sync issue    
2026-08-10T05:53:11.471967Z  WARN ThreadId(20) hotstuff_runner::app: Node 2 [produce_block] queue size: 0, attempting up to 0 transactions this block    
2026-08-10T05:53:11.473431Z  WARN ThreadId(20) hotstuff_runner::app: Node 2 view(3883) far exceeds block count (970); potential sync issue    
2026-08-10T05:53:11.561757Z  WARN ThreadId(20) hotstuff_runner::app: Node 2 [produce_block] queue size: 2, attempting up to 2 transactions this block    
2026-08-10T05:53:11.562502Z  WARN ThreadId(20) hotstuff_runner::app: Node 2 view(3887) far exceeds block count (971); potential sync issue    
2026-08-10T05:53:11.684399Z  WARN ThreadId(20) hotstuff_runner::app: Node 2 [produce_block] queue size: 0, attempting up to 0 transactions this block    
2026-08-10T05:53:11.686158Z  WARN ThreadId(20) hotstuff_runner::app: Node 2 view(3891) far exceeds block count (972); potential sync issue    
2026-08-10T05:53:11.781225Z  WARN ThreadId(20) hotstuff_runner::app: Node 2 [produce_block] queue size: 2, attempting up to 2 transactions this block    
2026-08-10T05:53:11.784078Z  WARN ThreadId(20) hotstuff_runner::app: Node 2 view(3895) far exceeds block count (973); potential sync issue    
2026-08-10T05:53:11.874367Z  WARN ThreadId(20) hotstuff_runner::app: Node 2 [produce_block] queue size: 0, attempting up to 0 transactions this block    
2026-08-10T05:53:11.874655Z  WARN ThreadId(20) hotstuff_runner::app: Node 2 view(3899) far exceeds block count (974); potential sync issue    
2026-08-10T05:53:11.925134Z  WARN ThreadId(20) hotstuff_runner::app: Node 2 [produce_block] queue size: 2, attempting up to 2 transactions this block    
2026-08-10T05:53:11.926566Z  WARN ThreadId(20) hotstuff_runner::app: Node 2 view(3903) far exceeds block count (975); potential sync issue    
2026-08-10T05:53:11.977992Z  WARN ThreadId(20) hotstuff_runner::app: Node 2 [produce_block] queue size: 0, attempting up to 0 transactions this block    
2026-08-10T05:53:11.979903Z  WARN ThreadId(20) hotstuff_runner::app: Node 2 view(3907) far exceeds block count (976); potential sync issue    
2026-08-10T05:53:12.067843Z  WARN ThreadId(20) hotstuff_runner::app: Node 2 [produce_block] queue size: 0, attempting up to 0 transactions this block    
2026-08-10T05:53:12.068139Z  WARN ThreadId(20) hotstuff_runner::app: Node 2 view(3911) far exceeds block count (977); potential sync issue    
2026-08-10T05:53:12.158500Z  WARN ThreadId(20) hotstuff_runner::app: Node 2 [produce_block] queue size: 2, attempting up to 2 transactions this block    
2026-08-10T05:53:12.159199Z  WARN ThreadId(20) hotstuff_runner::app: Node 2 view(3915) far exceeds block count (978); potential sync issue    
2026-08-10T05:53:12.235392Z  WARN ThreadId(20) hotstuff_runner::app: Node 2 [produce_block] queue size: 0, attempting up to 0 transactions this block    
2026-08-10T05:53:12.235498Z  WARN ThreadId(20) hotstuff_runner::app: Node 2 view(3919) far exceeds block count (979); potential sync issue    
2026-08-10T05:53:12.331564Z  WARN ThreadId(20) hotstuff_runner::app: Node 2 [produce_block] queue size: 0, attempting up to 0 transactions this block    
2026-08-10T05:53:12.331824Z  WARN ThreadId(20) hotstuff_runner::app: Node 2 view(3923) far exceeds block count (980); potential sync issue    
2026-08-10T05:53:12.409385Z  WARN ThreadId(20) hotstuff_runner::app: Node 2 [produce_block] queue size: 2, attempting up to 2 transactions this block    
2026-08-10T05:53:12.412354Z  WARN ThreadId(20) hotstuff_runner::app: Node 2 view(3927) far exceeds block count (981); potential sync issue    
2026-08-10T05:53:12.493307Z  WARN ThreadId(20) hotstuff_runner::app: Node 2 [produce_block] queue size: 0, attempting up to 0 transactions this block    
2026-08-10T05:53:12.494421Z  WARN ThreadId(20) hotstuff_runner::app: Node 2 view(3931) far exceeds block count (982); potential sync issue    
2026-08-10T05:53:12.585587Z  WARN ThreadId(20) hotstuff_runner::app: Node 2 [produce_block] queue size: 2, attempting up to 2 transactions this block    
2026-08-10T05:53:12.586335Z  WARN ThreadId(20) hotstuff_runner::app: Node 2 view(3935) far exceeds block count (983); potential sync issue    
2026-08-10T05:53:12.698399Z  WARN ThreadId(20) hotstuff_runner::app: Node 2 [produce_block] queue size: 0, attempting up to 0 transactions this block    
2026-08-10T05:53:12.698704Z  WARN ThreadId(20) hotstuff_runner::app: Node 2 view(3939) far exceeds block count (984); potential sync issue    
2026-08-10T05:53:12.788984Z  WARN ThreadId(20) hotstuff_runner::app: Node 2 [produce_block] queue size: 2, attempting up to 2 transactions this block    
2026-08-10T05:53:12.789695Z  WARN ThreadId(20) hotstuff_runner::app: Node 2 view(3943) far exceeds block count (985); potential sync issue    
2026-08-10T05:53:12.879832Z  WARN ThreadId(20) hotstuff_runner::app: Node 2 [produce_block] queue size: 0, attempting up to 0 transactions this block    
2026-08-10T05:53:12.880465Z  WARN ThreadId(20) hotstuff_runner::app: Node 2 view(3947) far exceeds block count (986); potential sync issue    
2026-08-10T05:53:13.017216Z  WARN ThreadId(20) hotstuff_runner::app: Node 2 [produce_block] queue size: 2, attempting up to 2 transactions this block    
2026-08-10T05:53:13.020697Z  WARN ThreadId(20) hotstuff_runner::app: Node 2 view(3951) far exceeds block count (987); potential sync issue    
2026-08-10T05:53:13.094288Z  WARN ThreadId(20) hotstuff_runner::app: Node 2 [produce_block] queue size: 0, attempting up to 0 transactions this block    
2026-08-10T05:53:13.094869Z  WARN ThreadId(20) hotstuff_runner::app: Node 2 view(3955) far exceeds block count (988); potential sync issue    
2026-08-10T05:53:13.184620Z  WARN ThreadId(20) hotstuff_runner::app: Node 2 [produce_block] queue size: 2, attempting up to 2 transactions this block    
2026-08-10T05:53:13.187814Z  WARN ThreadId(20) hotstuff_runner::app: Node 2 view(3959) far exceeds block count (989); potential sync issue    
2026-08-10T05:53:13.259393Z  WARN ThreadId(20) hotstuff_runner::app: Node 2 [produce_block] queue size: 0, attempting up to 0 transactions this block    
2026-08-10T05:53:13.261711Z  WARN ThreadId(20) hotstuff_runner::app: Node 2 view(3963) far exceeds block count (990); potential sync issue    
2026-08-10T05:53:13.389677Z  WARN ThreadId(20) hotstuff_runner::app: Node 2 [produce_block] queue size: 2, attempting up to 2 transactions this block    
2026-08-10T05:53:13.389837Z  WARN ThreadId(20) hotstuff_runner::app: Node 2 view(3967) far exceeds block count (991); potential sync issue    
2026-08-10T05:53:13.481425Z  WARN ThreadId(20) hotstuff_runner::app: Node 2 [produce_block] queue size: 0, attempting up to 0 transactions this block    
2026-08-10T05:53:13.484459Z  WARN ThreadId(20) hotstuff_runner::app: Node 2 view(3971) far exceeds block count (992); potential sync issue    
2026-08-10T05:53:13.585662Z  WARN ThreadId(20) hotstuff_runner::app: Node 2 [produce_block] queue size: 2, attempting up to 2 transactions this block    
2026-08-10T05:53:13.586474Z  WARN ThreadId(20) hotstuff_runner::app: Node 2 view(3975) far exceeds block count (993); potential sync issue    
2026-08-10T05:53:13.712081Z  WARN ThreadId(20) hotstuff_runner::app: Node 2 [produce_block] queue size: 2, attempting up to 2 transactions this block    
2026-08-10T05:53:13.725071Z  WARN ThreadId(20) hotstuff_runner::app: Node 2 view(3979) far exceeds block count (994); potential sync issue    
2026-08-10T05:53:13.783549Z  WARN ThreadId(20) hotstuff_runner::app: Node 2 [produce_block] queue size: 0, attempting up to 0 transactions this block    
2026-08-10T05:53:13.784173Z  WARN ThreadId(20) hotstuff_runner::app: Node 2 view(3983) far exceeds block count (995); potential sync issue    
2026-08-10T05:53:14.014519Z  WARN ThreadId(20) hotstuff_runner::app: Node 2 [produce_block] queue size: 2, attempting up to 2 transactions this block    
2026-08-10T05:53:14.026841Z  WARN ThreadId(20) hotstuff_runner::app: Node 2 view(3987) far exceeds block count (996); potential sync issue    
2026-08-10T05:53:14.159836Z  WARN ThreadId(20) hotstuff_runner::app: Node 2 [produce_block] queue size: 0, attempting up to 0 transactions this block    
2026-08-10T05:53:14.160171Z  WARN ThreadId(20) hotstuff_runner::app: Node 2 view(3991) far exceeds block count (997); potential sync issue    
2026-08-10T05:53:14.240608Z  WARN ThreadId(20) hotstuff_runner::app: Node 2 [produce_block] queue size: 2, attempting up to 2 transactions this block    
2026-08-10T05:53:14.241334Z  WARN ThreadId(20) hotstuff_runner::app: Node 2 view(3995) far exceeds block count (998); potential sync issue    
2026-08-10T05:53:14.369621Z  WARN ThreadId(20) hotstuff_runner::app: Node 2 [produce_block] queue size: 0, attempting up to 0 transactions this block    
2026-08-10T05:53:14.372144Z  WARN ThreadId(20) hotstuff_runner::app: Node 2 view(3999) far exceeds block count (999); potential sync issue    
2026-08-10T05:53:14.464245Z  WARN ThreadId(20) hotstuff_runner::app: Node 2 [produce_block] queue size: 2, attempting up to 2 transactions this block    
2026-08-10T05:53:14.464412Z  WARN ThreadId(20) hotstuff_runner::app: Node 2 view(4003) far exceeds block count (1000); potential sync issue    
2026-08-10T05:53:14.575903Z  WARN ThreadId(20) hotstuff_runner::app: Node 2 [produce_block] queue size: 0, attempting up to 0 transactions this block    
2026-08-10T05:53:14.576544Z  WARN ThreadId(20) hotstuff_runner::app: Node 2 view(4007) far exceeds block count (1001); potential sync issue    
2026-08-10T05:53:14.697796Z  WARN ThreadId(20) hotstuff_runner::app: Node 2 [produce_block] queue size: 2, attempting up to 2 transactions this block    
2026-08-10T05:53:14.703083Z  WARN ThreadId(20) hotstuff_runner::app: Node 2 view(4011) far exceeds block count (1002); potential sync issue    
2026-08-10T05:53:15.012997Z  WARN ThreadId(20) hotstuff_runner::app: Node 2 [produce_block] queue size: 2, attempting up to 2 transactions this block    
2026-08-10T05:53:15.021593Z  WARN ThreadId(20) hotstuff_runner::app: Node 2 view(4015) far exceeds block count (1003); potential sync issue    
2026-08-10T05:53:15.155951Z  WARN ThreadId(20) hotstuff_runner::app: Node 2 [produce_block] queue size: 2, attempting up to 2 transactions this block    
2026-08-10T05:53:15.156105Z  WARN ThreadId(20) hotstuff_runner::app: Node 2 view(4019) far exceeds block count (1004); potential sync issue    
2026-08-10T05:53:15.263035Z  WARN ThreadId(20) hotstuff_runner::app: Node 2 [produce_block] queue size: 2, attempting up to 2 transactions this block    
2026-08-10T05:53:15.266317Z  WARN ThreadId(20) hotstuff_runner::app: Node 2 view(4023) far exceeds block count (1005); potential sync issue    
2026-08-10T05:53:15.346137Z  WARN ThreadId(20) hotstuff_runner::app: Node 2 [produce_block] queue size: 0, attempting up to 0 transactions this block    
2026-08-10T05:53:15.347076Z  WARN ThreadId(20) hotstuff_runner::app: Node 2 view(4027) far exceeds block count (1006); potential sync issue    
2026-08-10T05:53:15.412431Z  WARN ThreadId(20) hotstuff_runner::app: Node 2 [produce_block] queue size: 0, attempting up to 0 transactions this block    
2026-08-10T05:53:15.412996Z  WARN ThreadId(20) hotstuff_runner::app: Node 2 view(4031) far exceeds block count (1007); potential sync issue    
2026-08-10T05:53:15.503420Z  WARN ThreadId(20) hotstuff_runner::app: Node 2 [produce_block] queue size: 2, attempting up to 2 transactions this block    
2026-08-10T05:53:15.507147Z  WARN ThreadId(20) hotstuff_runner::app: Node 2 view(4035) far exceeds block count (1008); potential sync issue    
2026-08-10T05:53:15.581651Z  WARN ThreadId(20) hotstuff_runner::app: Node 2 [produce_block] queue size: 0, attempting up to 0 transactions this block    
2026-08-10T05:53:15.591223Z  WARN ThreadId(20) hotstuff_runner::app: Node 2 view(4039) far exceeds block count (1009); potential sync issue    
2026-08-10T05:53:15.683639Z  WARN ThreadId(20) hotstuff_runner::app: Node 2 [produce_block] queue size: 2, attempting up to 2 transactions this block    
2026-08-10T05:53:15.684144Z  WARN ThreadId(20) hotstuff_runner::app: Node 2 view(4043) far exceeds block count (1010); potential sync issue    
2026-08-10T05:53:15.739771Z  WARN ThreadId(20) hotstuff_runner::app: Node 2 [produce_block] queue size: 0, attempting up to 0 transactions this block    
2026-08-10T05:53:15.743461Z  WARN ThreadId(20) hotstuff_runner::app: Node 2 view(4047) far exceeds block count (1011); potential sync issue    
2026-08-10T05:53:15.784903Z  WARN ThreadId(20) hotstuff_runner::app: Node 2 [produce_block] queue size: 0, attempting up to 0 transactions this block    
2026-08-10T05:53:15.788527Z  WARN ThreadId(20) hotstuff_runner::app: Node 2 view(4051) far exceeds block count (1012); potential sync issue    
2026-08-10T05:53:15.925726Z  WARN ThreadId(20) hotstuff_runner::app: Node 2 [produce_block] queue size: 2, attempting up to 2 transactions this block    
2026-08-10T05:53:15.927432Z  WARN ThreadId(20) hotstuff_runner::app: Node 2 view(4055) far exceeds block count (1013); potential sync issue    
2026-08-10T05:53:16.035223Z  WARN ThreadId(20) hotstuff_runner::app: Node 2 [produce_block] queue size: 0, attempting up to 0 transactions this block    
2026-08-10T05:53:16.035351Z  WARN ThreadId(20) hotstuff_runner::app: Node 2 view(4059) far exceeds block count (1014); potential sync issue    
2026-08-10T05:53:16.167057Z  WARN ThreadId(20) hotstuff_runner::app: Node 2 [produce_block] queue size: 2, attempting up to 2 transactions this block    
2026-08-10T05:53:16.170191Z  WARN ThreadId(20) hotstuff_runner::app: Node 2 view(4063) far exceeds block count (1015); potential sync issue    
2026-08-10T05:53:16.299777Z  WARN ThreadId(20) hotstuff_runner::app: Node 2 [produce_block] queue size: 2, attempting up to 2 transactions this block    
2026-08-10T05:53:16.300283Z  WARN ThreadId(20) hotstuff_runner::app: Node 2 view(4067) far exceeds block count (1016); potential sync issue    
2026-08-10T05:53:16.364862Z  WARN ThreadId(20) hotstuff_runner::app: Node 2 [produce_block] queue size: 0, attempting up to 0 transactions this block    
2026-08-10T05:53:16.365186Z  WARN ThreadId(20) hotstuff_runner::app: Node 2 view(4071) far exceeds block count (1017); potential sync issue    
2026-08-10T05:53:16.457656Z  WARN ThreadId(20) hotstuff_runner::app: Node 2 [produce_block] queue size: 0, attempting up to 0 transactions this block    
2026-08-10T05:53:16.457796Z  WARN ThreadId(20) hotstuff_runner::app: Node 2 view(4075) far exceeds block count (1018); potential sync issue    
2026-08-10T05:53:16.630635Z  WARN ThreadId(20) hotstuff_runner::app: Node 2 [produce_block] queue size: 2, attempting up to 2 transactions this block    
2026-08-10T05:53:16.633956Z  WARN ThreadId(20) hotstuff_runner::app: Node 2 view(4079) far exceeds block count (1019); potential sync issue    
2026-08-10T05:53:16.791676Z  WARN ThreadId(20) hotstuff_runner::app: Node 2 [produce_block] queue size: 2, attempting up to 2 transactions this block    
2026-08-10T05:53:16.793671Z  WARN ThreadId(20) hotstuff_runner::app: Node 2 view(4083) far exceeds block count (1020); potential sync issue    
2026-08-10T05:53:16.866975Z  WARN ThreadId(20) hotstuff_runner::app: Node 2 [produce_block] queue size: 0, attempting up to 0 transactions this block    
2026-08-10T05:53:16.868305Z  WARN ThreadId(20) hotstuff_runner::app: Node 2 view(4087) far exceeds block count (1021); potential sync issue    
2026-08-10T05:53:16.962352Z  WARN ThreadId(20) hotstuff_runner::app: Node 2 [produce_block] queue size: 2, attempting up to 2 transactions this block    
2026-08-10T05:53:16.962562Z  WARN ThreadId(20) hotstuff_runner::app: Node 2 view(4091) far exceeds block count (1022); potential sync issue    
2026-08-10T05:53:17.035420Z  WARN ThreadId(20) hotstuff_runner::app: Node 2 [produce_block] queue size: 0, attempting up to 0 transactions this block    
2026-08-10T05:53:17.035586Z  WARN ThreadId(20) hotstuff_runner::app: Node 2 view(4095) far exceeds block count (1023); potential sync issue    
2026-08-10T05:53:17.130741Z  WARN ThreadId(20) hotstuff_runner::app: Node 2 [produce_block] queue size: 2, attempting up to 2 transactions this block    
2026-08-10T05:53:17.131817Z  WARN ThreadId(20) hotstuff_runner::app: Node 2 view(4099) far exceeds block count (1024); potential sync issue    
2026-08-10T05:53:17.254074Z  WARN ThreadId(20) hotstuff_runner::app: Node 2 [produce_block] queue size: 0, attempting up to 0 transactions this block    
2026-08-10T05:53:17.254484Z  WARN ThreadId(20) hotstuff_runner::app: Node 2 view(4103) far exceeds block count (1025); potential sync issue    
2026-08-10T05:53:17.359985Z  WARN ThreadId(20) hotstuff_runner::app: Node 2 [produce_block] queue size: 2, attempting up to 2 transactions this block    
2026-08-10T05:53:17.372973Z  WARN ThreadId(20) hotstuff_runner::app: Node 2 view(4107) far exceeds block count (1026); potential sync issue    
2026-08-10T05:53:17.449948Z  WARN ThreadId(20) hotstuff_runner::app: Node 2 [produce_block] queue size: 0, attempting up to 0 transactions this block    
2026-08-10T05:53:17.450090Z  WARN ThreadId(20) hotstuff_runner::app: Node 2 view(4111) far exceeds block count (1027); potential sync issue    
2026-08-10T05:53:17.710524Z  WARN ThreadId(20) hotstuff_runner::app: Node 2 [produce_block] queue size: 4, attempting up to 4 transactions this block    
2026-08-10T05:53:17.720508Z  WARN ThreadId(20) hotstuff_runner::app: Node 2 view(4115) far exceeds block count (1028); potential sync issue    
2026-08-10T05:53:17.789395Z  WARN ThreadId(20) hotstuff_runner::app: Node 2 [produce_block] queue size: 0, attempting up to 0 transactions this block    
2026-08-10T05:53:17.789529Z  WARN ThreadId(20) hotstuff_runner::app: Node 2 view(4119) far exceeds block count (1029); potential sync issue    
2026-08-10T05:53:17.876854Z  WARN ThreadId(20) hotstuff_runner::app: Node 2 [produce_block] queue size: 0, attempting up to 0 transactions this block    
2026-08-10T05:53:17.877632Z  WARN ThreadId(20) hotstuff_runner::app: Node 2 view(4123) far exceeds block count (1030); potential sync issue    
2026-08-10T05:53:17.942747Z  WARN ThreadId(20) hotstuff_runner::app: Node 2 [produce_block] queue size: 2, attempting up to 2 transactions this block    
2026-08-10T05:53:17.944871Z  WARN ThreadId(20) hotstuff_runner::app: Node 2 view(4127) far exceeds block count (1031); potential sync issue    
2026-08-10T05:53:18.043881Z  WARN ThreadId(20) hotstuff_runner::app: Node 2 [produce_block] queue size: 0, attempting up to 0 transactions this block    
2026-08-10T05:53:18.044155Z  WARN ThreadId(20) hotstuff_runner::app: Node 2 view(4131) far exceeds block count (1032); potential sync issue    
2026-08-10T05:53:18.099580Z  WARN ThreadId(20) hotstuff_runner::app: Node 2 [produce_block] queue size: 2, attempting up to 2 transactions this block    
2026-08-10T05:53:18.099938Z  WARN ThreadId(20) hotstuff_runner::app: Node 2 view(4135) far exceeds block count (1033); potential sync issue    
2026-08-10T05:53:18.155004Z  WARN ThreadId(20) hotstuff_runner::app: Node 2 [produce_block] queue size: 0, attempting up to 0 transactions this block    
2026-08-10T05:53:18.156838Z  WARN ThreadId(20) hotstuff_runner::app: Node 2 view(4139) far exceeds block count (1034); potential sync issue    
2026-08-10T05:53:18.253277Z  WARN ThreadId(20) hotstuff_runner::app: Node 2 [produce_block] queue size: 0, attempting up to 0 transactions this block    
2026-08-10T05:53:18.253579Z  WARN ThreadId(20) hotstuff_runner::app: Node 2 view(4143) far exceeds block count (1035); potential sync issue    
2026-08-10T05:53:18.365243Z  WARN ThreadId(20) hotstuff_runner::app: Node 2 [produce_block] queue size: 2, attempting up to 2 transactions this block    
2026-08-10T05:53:18.365862Z  WARN ThreadId(20) hotstuff_runner::app: Node 2 view(4147) far exceeds block count (1036); potential sync issue    
2026-08-10T05:53:18.473051Z  WARN ThreadId(20) hotstuff_runner::app: Node 2 [produce_block] queue size: 2, attempting up to 2 transactions this block    
2026-08-10T05:53:18.473627Z  WARN ThreadId(20) hotstuff_runner::app: Node 2 view(4151) far exceeds block count (1037); potential sync issue    
2026-08-10T05:53:18.601859Z  WARN ThreadId(20) hotstuff_runner::app: Node 2 [produce_block] queue size: 0, attempting up to 0 transactions this block    
2026-08-10T05:53:18.602025Z  WARN ThreadId(20) hotstuff_runner::app: Node 2 view(4155) far exceeds block count (1038); potential sync issue    
2026-08-10T05:53:18.696184Z  WARN ThreadId(20) hotstuff_runner::app: Node 2 [produce_block] queue size: 2, attempting up to 2 transactions this block    
2026-08-10T05:53:18.698251Z  WARN ThreadId(20) hotstuff_runner::app: Node 2 view(4159) far exceeds block count (1039); potential sync issue    
2026-08-10T05:53:18.832322Z  WARN ThreadId(20) hotstuff_runner::app: Node 2 [produce_block] queue size: 0, attempting up to 0 transactions this block    
2026-08-10T05:53:18.834254Z  WARN ThreadId(20) hotstuff_runner::app: Node 2 view(4163) far exceeds block count (1040); potential sync issue    
2026-08-10T05:53:18.920707Z  WARN ThreadId(20) hotstuff_runner::app: Node 2 [produce_block] queue size: 2, attempting up to 2 transactions this block    
2026-08-10T05:53:18.925078Z  WARN ThreadId(20) hotstuff_runner::app: Node 2 view(4167) far exceeds block count (1041); potential sync issue    
2026-08-10T05:53:19.044777Z  WARN ThreadId(20) hotstuff_runner::app: Node 2 [produce_block] queue size: 0, attempting up to 0 transactions this block    
2026-08-10T05:53:19.044876Z  WARN ThreadId(20) hotstuff_runner::app: Node 2 view(4171) far exceeds block count (1042); potential sync issue    
2026-08-10T05:53:19.192874Z  WARN ThreadId(20) hotstuff_runner::app: Node 2 [produce_block] queue size: 2, attempting up to 2 transactions this block    
2026-08-10T05:53:19.202768Z  WARN ThreadId(20) hotstuff_runner::app: Node 2 view(4175) far exceeds block count (1043); potential sync issue    
2026-08-10T05:53:19.338757Z  WARN ThreadId(20) hotstuff_runner::app: Node 2 [produce_block] queue size: 2, attempting up to 2 transactions this block    
2026-08-10T05:53:19.339077Z  WARN ThreadId(20) hotstuff_runner::app: Node 2 view(4179) far exceeds block count (1044); potential sync issue    
2026-08-10T05:53:19.497669Z  WARN ThreadId(20) hotstuff_runner::app: Node 2 [produce_block] queue size: 2, attempting up to 2 transactions this block    
2026-08-10T05:53:19.497835Z  WARN ThreadId(20) hotstuff_runner::app: Node 2 view(4183) far exceeds block count (1045); potential sync issue    
2026-08-10T05:53:19.622476Z  WARN ThreadId(20) hotstuff_runner::app: Node 2 [produce_block] queue size: 0, attempting up to 0 transactions this block    
2026-08-10T05:53:19.626303Z  WARN ThreadId(20) hotstuff_runner::app: Node 2 view(4187) far exceeds block count (1046); potential sync issue    
2026-08-10T05:53:19.693309Z  WARN ThreadId(20) hotstuff_runner::app: Node 2 [produce_block] queue size: 2, attempting up to 2 transactions this block    
2026-08-10T05:53:19.693499Z  WARN ThreadId(20) hotstuff_runner::app: Node 2 view(4191) far exceeds block count (1047); potential sync issue    
2026-08-10T05:53:19.872817Z  WARN ThreadId(20) hotstuff_runner::app: Node 2 [produce_block] queue size: 2, attempting up to 2 transactions this block    
2026-08-10T05:53:19.875472Z  WARN ThreadId(20) hotstuff_runner::app: Node 2 view(4195) far exceeds block count (1048); potential sync issue    
2026-08-10T05:53:19.956612Z  WARN ThreadId(20) hotstuff_runner::app: Node 2 [produce_block] queue size: 0, attempting up to 0 transactions this block    
2026-08-10T05:53:19.957801Z  WARN ThreadId(20) hotstuff_runner::app: Node 2 view(4199) far exceeds block count (1049); potential sync issue    
2026-08-10T05:53:20.040322Z  WARN ThreadId(20) hotstuff_runner::app: Node 2 [produce_block] queue size: 0, attempting up to 0 transactions this block    
2026-08-10T05:53:20.040641Z  WARN ThreadId(20) hotstuff_runner::app: Node 2 view(4203) far exceeds block count (1050); potential sync issue    
2026-08-10T05:53:20.140290Z  WARN ThreadId(20) hotstuff_runner::app: Node 2 [produce_block] queue size: 2, attempting up to 2 transactions this block    
2026-08-10T05:53:20.142528Z  WARN ThreadId(20) hotstuff_runner::app: Node 2 view(4207) far exceeds block count (1051); potential sync issue    
2026-08-10T05:53:20.212596Z  WARN ThreadId(20) hotstuff_runner::app: Node 2 [produce_block] queue size: 0, attempting up to 0 transactions this block    
2026-08-10T05:53:20.212813Z  WARN ThreadId(20) hotstuff_runner::app: Node 2 view(4211) far exceeds block count (1052); potential sync issue    
2026-08-10T05:53:20.328297Z  WARN ThreadId(20) hotstuff_runner::app: Node 2 [produce_block] queue size: 2, attempting up to 2 transactions this block    
2026-08-10T05:53:20.328469Z  WARN ThreadId(20) hotstuff_runner::app: Node 2 view(4215) far exceeds block count (1053); potential sync issue    
2026-08-10T05:53:20.408727Z  WARN ThreadId(20) hotstuff_runner::app: Node 2 [produce_block] queue size: 0, attempting up to 0 transactions this block    
2026-08-10T05:53:20.411011Z  WARN ThreadId(20) hotstuff_runner::app: Node 2 view(4219) far exceeds block count (1054); potential sync issue    
2026-08-10T05:53:20.468808Z  WARN ThreadId(20) hotstuff_runner::app: Node 2 [produce_block] queue size: 0, attempting up to 0 transactions this block    
2026-08-10T05:53:20.471622Z  WARN ThreadId(20) hotstuff_runner::app: Node 2 view(4223) far exceeds block count (1055); potential sync issue    
2026-08-10T05:53:20.547752Z  WARN ThreadId(20) hotstuff_runner::app: Node 2 [produce_block] queue size: 2, attempting up to 2 transactions this block    
2026-08-10T05:53:20.548376Z  WARN ThreadId(20) hotstuff_runner::app: Node 2 view(4227) far exceeds block count (1056); potential sync issue    
2026-08-10T05:53:20.619605Z  WARN ThreadId(20) hotstuff_runner::app: Node 2 [produce_block] queue size: 0, attempting up to 0 transactions this block    
2026-08-10T05:53:20.624743Z  WARN ThreadId(20) hotstuff_runner::app: Node 2 view(4231) far exceeds block count (1057); potential sync issue    
2026-08-10T05:53:20.696451Z  WARN ThreadId(20) hotstuff_runner::app: Node 2 [produce_block] queue size: 0, attempting up to 0 transactions this block    
2026-08-10T05:53:20.718290Z  WARN ThreadId(20) hotstuff_runner::app: Node 2 view(4235) far exceeds block count (1058); potential sync issue    
2026-08-10T05:53:20.775690Z  WARN ThreadId(20) hotstuff_runner::app: Node 2 [produce_block] queue size: 2, attempting up to 2 transactions this block    
2026-08-10T05:53:20.775990Z  WARN ThreadId(20) hotstuff_runner::app: Node 2 view(4239) far exceeds block count (1059); potential sync issue    
2026-08-10T05:53:20.832037Z  WARN ThreadId(20) hotstuff_runner::app: Node 2 [produce_block] queue size: 0, attempting up to 0 transactions this block    
2026-08-10T05:53:20.832435Z  WARN ThreadId(20) hotstuff_runner::app: Node 2 view(4243) far exceeds block count (1060); potential sync issue    
2026-08-10T05:53:20.926922Z  WARN ThreadId(20) hotstuff_runner::app: Node 2 [produce_block] queue size: 0, attempting up to 0 transactions this block    
2026-08-10T05:53:20.927750Z  WARN ThreadId(20) hotstuff_runner::app: Node 2 view(4247) far exceeds block count (1061); potential sync issue    
2026-08-10T05:53:21.000110Z  WARN ThreadId(20) hotstuff_runner::app: Node 2 [produce_block] queue size: 2, attempting up to 2 transactions this block    
2026-08-10T05:53:21.000676Z  WARN ThreadId(20) hotstuff_runner::app: Node 2 view(4251) far exceeds block count (1062); potential sync issue    
2026-08-10T05:53:21.103080Z  WARN ThreadId(20) hotstuff_runner::app: Node 2 [produce_block] queue size: 0, attempting up to 0 transactions this block    
2026-08-10T05:53:21.105612Z  WARN ThreadId(20) hotstuff_runner::app: Node 2 view(4255) far exceeds block count (1063); potential sync issue    
2026-08-10T05:53:21.318737Z  WARN ThreadId(20) hotstuff_runner::app: Node 2 [produce_block] queue size: 2, attempting up to 2 transactions this block    
2026-08-10T05:53:21.321513Z  WARN ThreadId(20) hotstuff_runner::app: Node 2 view(4259) far exceeds block count (1064); potential sync issue    
2026-08-10T05:53:21.393912Z  WARN ThreadId(20) hotstuff_runner::app: Node 2 [produce_block] queue size: 2, attempting up to 2 transactions this block    
2026-08-10T05:53:21.394915Z  WARN ThreadId(20) hotstuff_runner::app: Node 2 view(4263) far exceeds block count (1065); potential sync issue    
2026-08-10T05:53:21.458901Z  WARN ThreadId(20) hotstuff_runner::app: Node 2 [produce_block] queue size: 0, attempting up to 0 transactions this block    
2026-08-10T05:53:21.459005Z  WARN ThreadId(20) hotstuff_runner::app: Node 2 view(4267) far exceeds block count (1066); potential sync issue    
2026-08-10T05:53:21.597197Z  WARN ThreadId(20) hotstuff_runner::app: Node 2 [produce_block] queue size: 2, attempting up to 2 transactions this block    
2026-08-10T05:53:21.608907Z  WARN ThreadId(20) hotstuff_runner::app: Node 2 view(4271) far exceeds block count (1067); potential sync issue    
2026-08-10T05:53:21.697919Z  WARN ThreadId(20) hotstuff_runner::app: Node 2 [produce_block] queue size: 0, attempting up to 0 transactions this block    
2026-08-10T05:53:21.700948Z  WARN ThreadId(20) hotstuff_runner::app: Node 2 view(4275) far exceeds block count (1068); potential sync issue    
2026-08-10T05:53:21.798384Z  WARN ThreadId(20) hotstuff_runner::app: Node 2 [produce_block] queue size: 2, attempting up to 2 transactions this block    
2026-08-10T05:53:21.801807Z  WARN ThreadId(20) hotstuff_runner::app: Node 2 view(4279) far exceeds block count (1069); potential sync issue    
2026-08-10T05:53:21.878941Z  WARN ThreadId(20) hotstuff_runner::app: Node 2 [produce_block] queue size: 0, attempting up to 0 transactions this block    
2026-08-10T05:53:21.879286Z  WARN ThreadId(20) hotstuff_runner::app: Node 2 view(4283) far exceeds block count (1070); potential sync issue    
2026-08-10T05:53:21.939728Z  WARN ThreadId(20) hotstuff_runner::app: Node 2 [produce_block] queue size: 2, attempting up to 2 transactions this block    
2026-08-10T05:53:21.941910Z  WARN ThreadId(20) hotstuff_runner::app: Node 2 view(4287) far exceeds block count (1071); potential sync issue    
2026-08-10T05:53:22.016906Z  WARN ThreadId(20) hotstuff_runner::app: Node 2 [produce_block] queue size: 0, attempting up to 0 transactions this block    
2026-08-10T05:53:22.017981Z  WARN ThreadId(20) hotstuff_runner::app: Node 2 view(4291) far exceeds block count (1072); potential sync issue    
2026-08-10T05:53:22.087825Z  WARN ThreadId(20) hotstuff_runner::app: Node 2 [produce_block] queue size: 0, attempting up to 0 transactions this block    
2026-08-10T05:53:22.088113Z  WARN ThreadId(20) hotstuff_runner::app: Node 2 view(4295) far exceeds block count (1073); potential sync issue    
2026-08-10T05:53:22.153572Z  WARN ThreadId(20) hotstuff_runner::app: Node 2 [produce_block] queue size: 2, attempting up to 2 transactions this block    
2026-08-10T05:53:22.155496Z  WARN ThreadId(20) hotstuff_runner::app: Node 2 view(4299) far exceeds block count (1074); potential sync issue    
2026-08-10T05:53:22.194245Z  WARN ThreadId(20) hotstuff_runner::app: Node 2 [produce_block] queue size: 0, attempting up to 0 transactions this block    
2026-08-10T05:53:22.194476Z  WARN ThreadId(20) hotstuff_runner::app: Node 2 view(4303) far exceeds block count (1075); potential sync issue    
2026-08-10T05:53:22.275763Z  WARN ThreadId(20) hotstuff_runner::app: Node 2 [produce_block] queue size: 0, attempting up to 0 transactions this block    
2026-08-10T05:53:22.276625Z  WARN ThreadId(20) hotstuff_runner::app: Node 2 view(4307) far exceeds block count (1076); potential sync issue    
2026-08-10T05:53:22.390411Z  WARN ThreadId(20) hotstuff_runner::app: Node 2 [produce_block] queue size: 2, attempting up to 2 transactions this block    
2026-08-10T05:53:22.392582Z  WARN ThreadId(20) hotstuff_runner::app: Node 2 view(4311) far exceeds block count (1077); potential sync issue    
2026-08-10T05:53:22.480201Z  WARN ThreadId(20) hotstuff_runner::app: Node 2 [produce_block] queue size: 0, attempting up to 0 transactions this block    
2026-08-10T05:53:22.483850Z  WARN ThreadId(20) hotstuff_runner::app: Node 2 view(4315) far exceeds block count (1078); potential sync issue    
2026-08-10T05:53:22.580482Z  WARN ThreadId(20) hotstuff_runner::app: Node 2 [produce_block] queue size: 2, attempting up to 2 transactions this block    
2026-08-10T05:53:22.583764Z  WARN ThreadId(20) hotstuff_runner::app: Node 2 view(4319) far exceeds block count (1079); potential sync issue    
2026-08-10T05:53:22.644351Z  WARN ThreadId(20) hotstuff_runner::app: Node 2 [produce_block] queue size: 0, attempting up to 0 transactions this block    
2026-08-10T05:53:22.645219Z  WARN ThreadId(20) hotstuff_runner::app: Node 2 view(4323) far exceeds block count (1080); potential sync issue    
2026-08-10T05:53:22.740022Z  WARN ThreadId(20) hotstuff_runner::app: Node 2 [produce_block] queue size: 2, attempting up to 2 transactions this block    
2026-08-10T05:53:22.740139Z  WARN ThreadId(20) hotstuff_runner::app: Node 2 view(4327) far exceeds block count (1081); potential sync issue    
2026-08-10T05:53:22.802553Z  WARN ThreadId(20) hotstuff_runner::app: Node 2 [produce_block] queue size: 0, attempting up to 0 transactions this block    
2026-08-10T05:53:22.803871Z  WARN ThreadId(20) hotstuff_runner::app: Node 2 view(4331) far exceeds block count (1082); potential sync issue    
2026-08-10T05:53:22.872060Z  WARN ThreadId(20) hotstuff_runner::app: Node 2 [produce_block] queue size: 2, attempting up to 2 transactions this block    
2026-08-10T05:53:22.872536Z  WARN ThreadId(20) hotstuff_runner::app: Node 2 view(4335) far exceeds block count (1083); potential sync issue    
2026-08-10T05:53:22.955166Z  WARN ThreadId(20) hotstuff_runner::app: Node 2 [produce_block] queue size: 0, attempting up to 0 transactions this block    
2026-08-10T05:53:22.955543Z  WARN ThreadId(20) hotstuff_runner::app: Node 2 view(4339) far exceeds block count (1084); potential sync issue    
2026-08-10T05:53:23.051539Z  WARN ThreadId(20) hotstuff_runner::app: Node 2 [produce_block] queue size: 2, attempting up to 2 transactions this block    
2026-08-10T05:53:23.051665Z  WARN ThreadId(20) hotstuff_runner::app: Node 2 view(4343) far exceeds block count (1085); potential sync issue    
2026-08-10T05:53:23.135471Z  WARN ThreadId(20) hotstuff_runner::app: Node 2 [produce_block] queue size: 0, attempting up to 0 transactions this block    
2026-08-10T05:53:23.139842Z  WARN ThreadId(20) hotstuff_runner::app: Node 2 view(4347) far exceeds block count (1086); potential sync issue    
2026-08-10T05:53:23.250654Z  WARN ThreadId(20) hotstuff_runner::app: Node 2 [produce_block] queue size: 2, attempting up to 2 transactions this block    
2026-08-10T05:53:23.251249Z  WARN ThreadId(20) hotstuff_runner::app: Node 2 view(4351) far exceeds block count (1087); potential sync issue    
2026-08-10T05:53:23.342034Z  WARN ThreadId(20) hotstuff_runner::app: Node 2 [produce_block] queue size: 0, attempting up to 0 transactions this block    
2026-08-10T05:53:23.342524Z  WARN ThreadId(20) hotstuff_runner::app: Node 2 view(4355) far exceeds block count (1088); potential sync issue    
2026-08-10T05:53:23.409471Z  WARN ThreadId(20) hotstuff_runner::app: Node 2 [produce_block] queue size: 0, attempting up to 0 transactions this block    
2026-08-10T05:53:23.414309Z  WARN ThreadId(20) hotstuff_runner::app: Node 2 view(4359) far exceeds block count (1089); potential sync issue    
2026-08-10T05:53:23.495390Z  WARN ThreadId(20) hotstuff_runner::app: Node 2 [produce_block] queue size: 2, attempting up to 2 transactions this block    
2026-08-10T05:53:23.497407Z  WARN ThreadId(20) hotstuff_runner::app: Node 2 view(4363) far exceeds block count (1090); potential sync issue    
2026-08-10T05:53:23.593581Z  WARN ThreadId(20) hotstuff_runner::app: Node 2 [produce_block] queue size: 0, attempting up to 0 transactions this block    
2026-08-10T05:53:23.595023Z  WARN ThreadId(20) hotstuff_runner::app: Node 2 view(4367) far exceeds block count (1091); potential sync issue    
2026-08-10T05:53:23.730145Z  WARN ThreadId(20) hotstuff_runner::app: Node 2 [produce_block] queue size: 2, attempting up to 2 transactions this block    
2026-08-10T05:53:23.730517Z  WARN ThreadId(20) hotstuff_runner::app: Node 2 view(4371) far exceeds block count (1092); potential sync issue    
2026-08-10T05:53:23.833848Z  WARN ThreadId(20) hotstuff_runner::app: Node 2 [produce_block] queue size: 2, attempting up to 2 transactions this block    
2026-08-10T05:53:23.836630Z  WARN ThreadId(20) hotstuff_runner::app: Node 2 view(4375) far exceeds block count (1093); potential sync issue    
2026-08-10T05:53:23.925093Z  WARN ThreadId(20) hotstuff_runner::app: Node 2 [produce_block] queue size: 0, attempting up to 0 transactions this block    
2026-08-10T05:53:23.925257Z  WARN ThreadId(20) hotstuff_runner::app: Node 2 view(4379) far exceeds block count (1094); potential sync issue    
2026-08-10T05:53:24.035797Z  WARN ThreadId(20) hotstuff_runner::app: Node 2 [produce_block] queue size: 0, attempting up to 0 transactions this block    
2026-08-10T05:53:24.039948Z  WARN ThreadId(20) hotstuff_runner::app: Node 2 view(4383) far exceeds block count (1095); potential sync issue    
2026-08-10T05:53:24.117867Z  WARN ThreadId(20) hotstuff_runner::app: Node 2 [produce_block] queue size: 2, attempting up to 2 transactions this block    
2026-08-10T05:53:24.119089Z  WARN ThreadId(20) hotstuff_runner::app: Node 2 view(4387) far exceeds block count (1096); potential sync issue    
2026-08-10T05:53:24.176995Z  WARN ThreadId(20) hotstuff_runner::app: Node 2 [produce_block] queue size: 0, attempting up to 0 transactions this block    
2026-08-10T05:53:24.177117Z  WARN ThreadId(20) hotstuff_runner::app: Node 2 view(4391) far exceeds block count (1097); potential sync issue    
2026-08-10T05:53:24.259900Z  WARN ThreadId(20) hotstuff_runner::app: Node 2 [produce_block] queue size: 0, attempting up to 0 transactions this block    
2026-08-10T05:53:24.260500Z  WARN ThreadId(20) hotstuff_runner::app: Node 2 view(4395) far exceeds block count (1098); potential sync issue    
2026-08-10T05:53:24.331699Z  WARN ThreadId(20) hotstuff_runner::app: Node 2 [produce_block] queue size: 2, attempting up to 2 transactions this block    
2026-08-10T05:53:24.331824Z  WARN ThreadId(20) hotstuff_runner::app: Node 2 view(4399) far exceeds block count (1099); potential sync issue    
2026-08-10T05:53:24.589269Z  WARN ThreadId(20) hotstuff_runner::app: Node 2 [produce_block] queue size: 2, attempting up to 2 transactions this block    
2026-08-10T05:53:24.590644Z  WARN ThreadId(20) hotstuff_runner::app: Node 2 view(4403) far exceeds block count (1100); potential sync issue    
2026-08-10T05:53:24.655329Z  WARN ThreadId(20) hotstuff_runner::app: Node 2 [produce_block] queue size: 0, attempting up to 0 transactions this block    
2026-08-10T05:53:24.658439Z  WARN ThreadId(20) hotstuff_runner::app: Node 2 view(4407) far exceeds block count (1101); potential sync issue    
2026-08-10T05:53:24.702433Z  WARN ThreadId(20) hotstuff_runner::app: Node 2 [produce_block] queue size: 0, attempting up to 0 transactions this block    
2026-08-10T05:53:24.703234Z  WARN ThreadId(20) hotstuff_runner::app: Node 2 view(4411) far exceeds block count (1102); potential sync issue    
2026-08-10T05:53:24.767231Z  WARN ThreadId(20) hotstuff_runner::app: Node 2 [produce_block] queue size: 2, attempting up to 2 transactions this block    
2026-08-10T05:53:24.767431Z  WARN ThreadId(20) hotstuff_runner::app: Node 2 view(4415) far exceeds block count (1103); potential sync issue    
2026-08-10T05:53:24.842781Z  WARN ThreadId(20) hotstuff_runner::app: Node 2 [produce_block] queue size: 0, attempting up to 0 transactions this block    
2026-08-10T05:53:24.843504Z  WARN ThreadId(20) hotstuff_runner::app: Node 2 view(4419) far exceeds block count (1104); potential sync issue    
2026-08-10T05:53:24.899962Z  WARN ThreadId(20) hotstuff_runner::app: Node 2 [produce_block] queue size: 0, attempting up to 0 transactions this block    
2026-08-10T05:53:24.900291Z  WARN ThreadId(20) hotstuff_runner::app: Node 2 view(4423) far exceeds block count (1105); potential sync issue    
2026-08-10T05:53:24.987746Z  WARN ThreadId(20) hotstuff_runner::app: Node 2 [produce_block] queue size: 2, attempting up to 2 transactions this block    
2026-08-10T05:53:24.988526Z  WARN ThreadId(20) hotstuff_runner::app: Node 2 view(4427) far exceeds block count (1106); potential sync issue    
2026-08-10T05:53:25.038730Z  WARN ThreadId(20) hotstuff_runner::app: Node 2 [produce_block] queue size: 0, attempting up to 0 transactions this block    
2026-08-10T05:53:25.040344Z  WARN ThreadId(20) hotstuff_runner::app: Node 2 view(4431) far exceeds block count (1107); potential sync issue    
2026-08-10T05:53:25.129210Z  WARN ThreadId(20) hotstuff_runner::app: Node 2 [produce_block] queue size: 0, attempting up to 0 transactions this block    
2026-08-10T05:53:25.129733Z  WARN ThreadId(20) hotstuff_runner::app: Node 2 view(4435) far exceeds block count (1108); potential sync issue    
2026-08-10T05:53:25.184416Z  WARN ThreadId(20) hotstuff_runner::app: Node 2 [produce_block] queue size: 2, attempting up to 2 transactions this block    
2026-08-10T05:53:25.185701Z  WARN ThreadId(20) hotstuff_runner::app: Node 2 view(4439) far exceeds block count (1109); potential sync issue    
2026-08-10T05:53:25.245499Z  WARN ThreadId(20) hotstuff_runner::app: Node 2 [produce_block] queue size: 0, attempting up to 0 transactions this block    
2026-08-10T05:53:25.246956Z  WARN ThreadId(20) hotstuff_runner::app: Node 2 view(4443) far exceeds block count (1110); potential sync issue    
2026-08-10T05:53:25.371139Z  WARN ThreadId(20) hotstuff_runner::app: Node 2 [produce_block] queue size: 2, attempting up to 2 transactions this block    
2026-08-10T05:53:25.371583Z  WARN ThreadId(20) hotstuff_runner::app: Node 2 view(4447) far exceeds block count (1111); potential sync issue    
2026-08-10T05:53:25.448269Z  WARN ThreadId(20) hotstuff_runner::app: Node 2 [produce_block] queue size: 0, attempting up to 0 transactions this block    
2026-08-10T05:53:25.449562Z  WARN ThreadId(20) hotstuff_runner::app: Node 2 view(4451) far exceeds block count (1112); potential sync issue    
2026-08-10T05:53:25.552102Z  WARN ThreadId(20) hotstuff_runner::app: Node 2 [produce_block] queue size: 0, attempting up to 0 transactions this block    
2026-08-10T05:53:25.553606Z  WARN ThreadId(20) hotstuff_runner::app: Node 2 view(4455) far exceeds block count (1113); potential sync issue    
2026-08-10T05:53:25.643776Z  WARN ThreadId(20) hotstuff_runner::app: Node 2 [produce_block] queue size: 2, attempting up to 2 transactions this block    
2026-08-10T05:53:25.648083Z  WARN ThreadId(20) hotstuff_runner::app: Node 2 view(4459) far exceeds block count (1114); potential sync issue    
2026-08-10T05:53:25.726707Z  WARN ThreadId(20) hotstuff_runner::app: Node 2 [produce_block] queue size: 0, attempting up to 0 transactions this block    
2026-08-10T05:53:25.727004Z  WARN ThreadId(20) hotstuff_runner::app: Node 2 view(4463) far exceeds block count (1115); potential sync issue    
2026-08-10T05:53:25.783746Z  WARN ThreadId(20) hotstuff_runner::app: Node 2 [produce_block] queue size: 2, attempting up to 2 transactions this block    
2026-08-10T05:53:25.784823Z  WARN ThreadId(20) hotstuff_runner::app: Node 2 view(4467) far exceeds block count (1116); potential sync issue    
2026-08-10T05:53:25.840355Z  WARN ThreadId(20) hotstuff_runner::app: Node 2 [produce_block] queue size: 0, attempting up to 0 transactions this block    
2026-08-10T05:53:25.840874Z  WARN ThreadId(20) hotstuff_runner::app: Node 2 view(4471) far exceeds block count (1117); potential sync issue    
2026-08-10T05:53:25.897175Z  WARN ThreadId(20) hotstuff_runner::app: Node 2 [produce_block] queue size: 0, attempting up to 0 transactions this block    
2026-08-10T05:53:25.898229Z  WARN ThreadId(20) hotstuff_runner::app: Node 2 view(4475) far exceeds block count (1118); potential sync issue    
2026-08-10T05:53:25.960240Z  WARN ThreadId(20) hotstuff_runner::app: Node 2 [produce_block] queue size: 0, attempting up to 0 transactions this block    
2026-08-10T05:53:25.961234Z  WARN ThreadId(20) hotstuff_runner::app: Node 2 view(4479) far exceeds block count (1119); potential sync issue    
2026-08-10T05:53:26.001913Z  WARN ThreadId(20) hotstuff_runner::app: Node 2 [produce_block] queue size: 0, attempting up to 0 transactions this block    
2026-08-10T05:53:26.002459Z  WARN ThreadId(20) hotstuff_runner::app: Node 2 view(4483) far exceeds block count (1120); potential sync issue    
2026-08-10T05:53:26.036874Z  WARN ThreadId(20) hotstuff_runner::app: Node 2 [produce_block] queue size: 2, attempting up to 2 transactions this block    
2026-08-10T05:53:26.037231Z  WARN ThreadId(20) hotstuff_runner::app: Node 2 view(4487) far exceeds block count (1121); potential sync issue    
2026-08-10T05:53:26.139158Z  WARN ThreadId(20) hotstuff_runner::app: Node 2 [produce_block] queue size: 0, attempting up to 0 transactions this block    
2026-08-10T05:53:26.139600Z  WARN ThreadId(20) hotstuff_runner::app: Node 2 view(4491) far exceeds block count (1122); potential sync issue    
2026-08-10T05:53:26.206456Z  WARN ThreadId(20) hotstuff_runner::app: Node 2 [produce_block] queue size: 0, attempting up to 0 transactions this block    
2026-08-10T05:53:26.208107Z  WARN ThreadId(20) hotstuff_runner::app: Node 2 view(4495) far exceeds block count (1123); potential sync issue    
2026-08-10T05:53:26.346000Z  WARN ThreadId(20) hotstuff_runner::app: Node 2 [produce_block] queue size: 2, attempting up to 2 transactions this block    
2026-08-10T05:53:26.346194Z  WARN ThreadId(20) hotstuff_runner::app: Node 2 view(4499) far exceeds block count (1124); potential sync issue    
2026-08-10T05:53:26.400394Z  WARN ThreadId(20) hotstuff_runner::app: Node 2 [produce_block] queue size: 0, attempting up to 0 transactions this block    
2026-08-10T05:53:26.402430Z  WARN ThreadId(20) hotstuff_runner::app: Node 2 view(4503) far exceeds block count (1125); potential sync issue    
2026-08-10T05:53:26.518728Z  WARN ThreadId(20) hotstuff_runner::app: Node 2 [produce_block] queue size: 2, attempting up to 2 transactions this block    
2026-08-10T05:53:26.519123Z  WARN ThreadId(20) hotstuff_runner::app: Node 2 view(4507) far exceeds block count (1126); potential sync issue    
2026-08-10T05:53:26.593270Z  WARN ThreadId(20) hotstuff_runner::app: Node 2 [produce_block] queue size: 0, attempting up to 0 transactions this block    
2026-08-10T05:53:26.593444Z  WARN ThreadId(20) hotstuff_runner::app: Node 2 view(4511) far exceeds block count (1127); potential sync issue    
2026-08-10T05:53:26.654077Z  WARN ThreadId(20) hotstuff_runner::app: Node 2 [produce_block] queue size: 2, attempting up to 2 transactions this block    
2026-08-10T05:53:26.654172Z  WARN ThreadId(20) hotstuff_runner::app: Node 2 view(4515) far exceeds block count (1128); potential sync issue    
2026-08-10T05:53:26.709184Z  WARN ThreadId(20) hotstuff_runner::app: Node 2 [produce_block] queue size: 0, attempting up to 0 transactions this block    
2026-08-10T05:53:26.710505Z  WARN ThreadId(20) hotstuff_runner::app: Node 2 view(4519) far exceeds block count (1129); potential sync issue    
2026-08-10T05:53:26.830226Z  WARN ThreadId(20) hotstuff_runner::app: Node 2 [produce_block] queue size: 0, attempting up to 0 transactions this block    
2026-08-10T05:53:26.830365Z  WARN ThreadId(20) hotstuff_runner::app: Node 2 view(4523) far exceeds block count (1130); potential sync issue    
2026-08-10T05:53:27.331992Z  WARN ThreadId(21) hotstuff_runner::tcp_node: Node 2 view 4523 timed out; latency may accumulate
2026-08-10T05:53:27.349585Z  WARN ThreadId(20) hotstuff_rs::block_tree::invariants: SAFE_PC_FAIL: pc.block=[212, 205, 250, 204, 89, 107, 254, 11, 133, 54, 2, 96, 147, 7, 204, 83, 64, 144, 98, 177, 195, 87, 136, 13, 98, 158, 20, 105, 223, 206, 72, 41] view=4520 phase=Generic | cond1(chain_id/genesis)=true (pc.chain_id=0, my.chain_id=0) | cond2(block_exists/genesis)=true (exists=true) | cond3(view>locked || extends)=false (pc.view=4520, locked.view=4521, extends=false) | cond4(phase/updates)=true (phase_special=false, has_updates=false) | highest_pc.block=[139, 113, 35, 53, 252, 147, 114, 98, 249, 38, 44, 85, 75, 43, 169, 22, 223, 199, 221, 206, 127, 45, 162, 110, 7, 234, 146, 173, 119, 66, 200, 233] highest_pc.view=4522 locked.block=[195, 99, 168, 47, 233, 87, 127, 49, 57, 22, 199, 43, 249, 251, 141, 45, 133, 178, 86, 185, 56, 131, 0, 84, 51, 81, 4, 214, 77, 194, 204, 88] locked.view=4521    
2026-08-10T05:53:27.351284Z  WARN ThreadId(20) hotstuff_rs::block_tree::invariants: SAFE_BLOCK_FAIL: block=[142, 191, 195, 130, 127, 173, 27, 236, 159, 62, 165, 76, 234, 220, 100, 195, 175, 239, 63, 68, 167, 82, 146, 21, 230, 168, 126, 143, 238, 160, 62, 53] height=None | cond1(safe_pc)=false | cond2(is_block_justify)=true (justify.phase=Generic) | justify.block=[212, 205, 250, 204, 89, 107, 254, 11, 133, 54, 2, 96, 147, 7, 204, 83, 64, 144, 98, 177, 195, 87, 136, 13, 98, 158, 20, 105, 223, 206, 72, 41] justify.view=4520 | highest_pc.block=[139, 113, 35, 53, 252, 147, 114, 98, 249, 38, 44, 85, 75, 43, 169, 22, 223, 199, 221, 206, 127, 45, 162, 110, 7, 234, 146, 173, 119, 66, 200, 233] highest_pc.view=4522 | locked.block=[195, 99, 168, 47, 233, 87, 127, 49, 57, 22, 199, 43, 249, 251, 141, 45, 133, 178, 86, 185, 56, 131, 0, 84, 51, 81, 4, 214, 77, 194, 204, 88] locked.view=4521    
2026-08-10T05:53:27.831013Z  WARN ThreadId(21) hotstuff_runner::tcp_node: Node 2 view 4524 timed out; latency may accumulate
2026-08-10T05:53:27.871586Z  WARN ThreadId(20) hotstuff_runner::app: Node 2 [produce_block] queue size: 10, attempting up to 10 transactions this block    
2026-08-10T05:53:27.871780Z  WARN ThreadId(20) hotstuff_runner::app: Node 2 view(4527) far exceeds block count (1131); potential sync issue    
2026-08-10T05:53:28.370055Z  WARN ThreadId(21) hotstuff_runner::tcp_node: Node 2 view 4527 timed out; latency may accumulate
2026-08-10T05:53:28.528917Z  WARN ThreadId(20) hotstuff_runner::app: Node 2 [produce_block] queue size: 8, attempting up to 8 transactions this block    
2026-08-10T05:53:28.530942Z  WARN ThreadId(20) hotstuff_runner::app: Node 2 view(4531) far exceeds block count (1132); potential sync issue    
2026-08-10T05:53:28.598103Z  WARN ThreadId(20) hotstuff_runner::app: Node 2 [produce_block] queue size: 0, attempting up to 0 transactions this block    
2026-08-10T05:53:28.598535Z  WARN ThreadId(20) hotstuff_runner::app: Node 2 view(4535) far exceeds block count (1133); potential sync issue    
2026-08-10T05:53:28.680562Z  WARN ThreadId(20) hotstuff_runner::app: Node 2 [produce_block] queue size: 2, attempting up to 2 transactions this block    
2026-08-10T05:53:28.681180Z  WARN ThreadId(20) hotstuff_runner::app: Node 2 view(4539) far exceeds block count (1134); potential sync issue    
2026-08-10T05:53:28.760969Z  WARN ThreadId(20) hotstuff_runner::app: Node 2 [produce_block] queue size: 0, attempting up to 0 transactions this block    
2026-08-10T05:53:28.764905Z  WARN ThreadId(20) hotstuff_runner::app: Node 2 view(4543) far exceeds block count (1135); potential sync issue    
2026-08-10T05:53:28.866514Z  WARN ThreadId(20) hotstuff_runner::app: Node 2 [produce_block] queue size: 2, attempting up to 2 transactions this block    
2026-08-10T05:53:28.873608Z  WARN ThreadId(20) hotstuff_runner::app: Node 2 view(4547) far exceeds block count (1136); potential sync issue    
2026-08-10T05:53:29.014740Z  WARN ThreadId(20) hotstuff_runner::app: Node 2 [produce_block] queue size: 0, attempting up to 0 transactions this block    
2026-08-10T05:53:29.023436Z  WARN ThreadId(20) hotstuff_runner::app: Node 2 view(4551) far exceeds block count (1137); potential sync issue    
2026-08-10T05:53:29.113908Z  WARN ThreadId(20) hotstuff_runner::app: Node 2 [produce_block] queue size: 2, attempting up to 2 transactions this block    
2026-08-10T05:53:29.123877Z  WARN ThreadId(20) hotstuff_runner::app: Node 2 view(4555) far exceeds block count (1138); potential sync issue    
2026-08-10T05:53:29.180283Z  WARN ThreadId(20) hotstuff_runner::app: Node 2 [produce_block] queue size: 0, attempting up to 0 transactions this block    
2026-08-10T05:53:29.181315Z  WARN ThreadId(20) hotstuff_runner::app: Node 2 view(4559) far exceeds block count (1139); potential sync issue    
2026-08-10T05:53:29.254819Z  WARN ThreadId(20) hotstuff_runner::app: Node 2 [produce_block] queue size: 2, attempting up to 2 transactions this block    
2026-08-10T05:53:29.258592Z  WARN ThreadId(20) hotstuff_runner::app: Node 2 view(4563) far exceeds block count (1140); potential sync issue    
2026-08-10T05:53:29.389477Z  WARN ThreadId(20) hotstuff_runner::app: Node 2 [produce_block] queue size: 0, attempting up to 0 transactions this block    
2026-08-10T05:53:29.389647Z  WARN ThreadId(20) hotstuff_runner::app: Node 2 view(4567) far exceeds block count (1141); potential sync issue    
2026-08-10T05:53:29.462342Z  WARN ThreadId(20) hotstuff_runner::app: Node 2 [produce_block] queue size: 2, attempting up to 2 transactions this block    
2026-08-10T05:53:29.472866Z  WARN ThreadId(20) hotstuff_runner::app: Node 2 view(4571) far exceeds block count (1142); potential sync issue    
2026-08-10T05:53:29.537033Z  WARN ThreadId(20) hotstuff_runner::app: Node 2 [produce_block] queue size: 0, attempting up to 0 transactions this block    
2026-08-10T05:53:29.537911Z  WARN ThreadId(20) hotstuff_runner::app: Node 2 view(4575) far exceeds block count (1143); potential sync issue    
2026-08-10T05:53:29.659976Z  WARN ThreadId(20) hotstuff_runner::app: Node 2 [produce_block] queue size: 2, attempting up to 2 transactions this block    
2026-08-10T05:53:29.660218Z  WARN ThreadId(20) hotstuff_runner::app: Node 2 view(4579) far exceeds block count (1144); potential sync issue    
2026-08-10T05:53:29.792262Z  WARN ThreadId(20) hotstuff_runner::app: Node 2 [produce_block] queue size: 0, attempting up to 0 transactions this block    
2026-08-10T05:53:29.795844Z  WARN ThreadId(20) hotstuff_runner::app: Node 2 view(4583) far exceeds block count (1145); potential sync issue    
2026-08-10T05:53:29.878039Z  WARN ThreadId(20) hotstuff_runner::app: Node 2 [produce_block] queue size: 2, attempting up to 2 transactions this block    
2026-08-10T05:53:29.878822Z  WARN ThreadId(20) hotstuff_runner::app: Node 2 view(4587) far exceeds block count (1146); potential sync issue    
2026-08-10T05:53:29.950740Z  WARN ThreadId(20) hotstuff_runner::app: Node 2 [produce_block] queue size: 0, attempting up to 0 transactions this block    
2026-08-10T05:53:29.951223Z  WARN ThreadId(20) hotstuff_runner::app: Node 2 view(4591) far exceeds block count (1147); potential sync issue    
2026-08-10T05:53:30.006215Z  WARN ThreadId(20) hotstuff_runner::app: Node 2 [produce_block] queue size: 2, attempting up to 2 transactions this block    
2026-08-10T05:53:30.006843Z  WARN ThreadId(20) hotstuff_runner::app: Node 2 view(4595) far exceeds block count (1148); potential sync issue    
2026-08-10T05:53:30.138537Z  WARN ThreadId(20) hotstuff_runner::app: Node 2 [produce_block] queue size: 0, attempting up to 0 transactions this block    
2026-08-10T05:53:30.138746Z  WARN ThreadId(20) hotstuff_runner::app: Node 2 view(4599) far exceeds block count (1149); potential sync issue    
2026-08-10T05:53:30.196561Z  WARN ThreadId(20) hotstuff_runner::app: Node 2 [produce_block] queue size: 0, attempting up to 0 transactions this block    
2026-08-10T05:53:30.198662Z  WARN ThreadId(20) hotstuff_runner::app: Node 2 view(4603) far exceeds block count (1150); potential sync issue    
2026-08-10T05:53:30.269511Z  WARN ThreadId(20) hotstuff_runner::app: Node 2 [produce_block] queue size: 2, attempting up to 2 transactions this block    
2026-08-10T05:53:30.269804Z  WARN ThreadId(20) hotstuff_runner::app: Node 2 view(4607) far exceeds block count (1151); potential sync issue    
2026-08-10T05:53:30.355260Z  WARN ThreadId(20) hotstuff_runner::app: Node 2 [produce_block] queue size: 0, attempting up to 0 transactions this block    
2026-08-10T05:53:30.356148Z  WARN ThreadId(20) hotstuff_runner::app: Node 2 view(4611) far exceeds block count (1152); potential sync issue    
2026-08-10T05:53:30.447297Z  WARN ThreadId(20) hotstuff_runner::app: Node 2 [produce_block] queue size: 2, attempting up to 2 transactions this block    
2026-08-10T05:53:30.447765Z  WARN ThreadId(20) hotstuff_runner::app: Node 2 view(4615) far exceeds block count (1153); potential sync issue    
2026-08-10T05:53:30.540811Z  WARN ThreadId(20) hotstuff_runner::app: Node 2 [produce_block] queue size: 0, attempting up to 0 transactions this block    
2026-08-10T05:53:30.541468Z  WARN ThreadId(20) hotstuff_runner::app: Node 2 view(4619) far exceeds block count (1154); potential sync issue    
2026-08-10T05:53:30.583902Z  WARN ThreadId(20) hotstuff_runner::app: Node 2 [produce_block] queue size: 0, attempting up to 0 transactions this block    
2026-08-10T05:53:30.584053Z  WARN ThreadId(20) hotstuff_runner::app: Node 2 view(4623) far exceeds block count (1155); potential sync issue    
2026-08-10T05:53:30.658642Z  WARN ThreadId(20) hotstuff_runner::app: Node 2 [produce_block] queue size: 0, attempting up to 0 transactions this block    
2026-08-10T05:53:30.660315Z  WARN ThreadId(20) hotstuff_runner::app: Node 2 view(4627) far exceeds block count (1156); potential sync issue    
2026-08-10T05:53:30.783627Z  WARN ThreadId(20) hotstuff_runner::app: Node 2 [produce_block] queue size: 2, attempting up to 2 transactions this block    
2026-08-10T05:53:30.784838Z  WARN ThreadId(20) hotstuff_runner::app: Node 2 view(4631) far exceeds block count (1157); potential sync issue    
2026-08-10T05:53:30.883788Z  WARN ThreadId(20) hotstuff_rs::block_tree::invariants: SAFE_PC_FAIL: pc.block=[119, 237, 140, 97, 174, 151, 5, 163, 144, 128, 147, 27, 60, 242, 165, 205, 177, 224, 246, 78, 193, 179, 74, 195, 104, 9, 149, 75, 20, 223, 29, 180] view=4632 phase=Generic | cond1(chain_id/genesis)=true (pc.chain_id=0, my.chain_id=0) | cond2(block_exists/genesis)=false (exists=false) | cond3(view>locked || extends)=true (pc.view=4632, locked.view=4629, extends=false) | cond4(phase/updates)=true (phase_special=false, has_updates=false) | highest_pc.block=[93, 33, 227, 229, 98, 174, 33, 97, 25, 153, 242, 189, 209, 203, 134, 159, 14, 147, 9, 161, 182, 151, 151, 202, 175, 1, 236, 191, 252, 246, 112, 103] highest_pc.view=4630 locked.block=[180, 154, 150, 99, 152, 75, 153, 80, 168, 123, 45, 153, 102, 222, 177, 81, 0, 157, 138, 76, 182, 15, 75, 163, 111, 122, 135, 160, 115, 98, 93, 138] locked.view=4629    
2026-08-10T05:53:30.884019Z  WARN ThreadId(20) hotstuff_rs::block_tree::invariants: SAFE_BLOCK_FAIL: block=[21, 164, 224, 213, 105, 135, 252, 6, 211, 21, 202, 159, 228, 243, 175, 245, 121, 207, 188, 0, 218, 12, 60, 160, 123, 91, 211, 5, 180, 76, 186, 219] height=None | cond1(safe_pc)=false | cond2(is_block_justify)=true (justify.phase=Generic) | justify.block=[119, 237, 140, 97, 174, 151, 5, 163, 144, 128, 147, 27, 60, 242, 165, 205, 177, 224, 246, 78, 193, 179, 74, 195, 104, 9, 149, 75, 20, 223, 29, 180] justify.view=4632 | highest_pc.block=[93, 33, 227, 229, 98, 174, 33, 97, 25, 153, 242, 189, 209, 203, 134, 159, 14, 147, 9, 161, 182, 151, 151, 202, 175, 1, 236, 191, 252, 246, 112, 103] highest_pc.view=4630 | locked.block=[180, 154, 150, 99, 152, 75, 153, 80, 168, 123, 45, 153, 102, 222, 177, 81, 0, 157, 138, 76, 182, 15, 75, 163, 111, 122, 135, 160, 115, 98, 93, 138] locked.view=4629    
2026-08-10T05:53:30.898464Z  WARN ThreadId(20) hotstuff_rs::block_tree::invariants: SAFE_PC_FAIL: pc.block=[21, 164, 224, 213, 105, 135, 252, 6, 211, 21, 202, 159, 228, 243, 175, 245, 121, 207, 188, 0, 218, 12, 60, 160, 123, 91, 211, 5, 180, 76, 186, 219] view=4633 phase=Generic | cond1(chain_id/genesis)=true (pc.chain_id=0, my.chain_id=0) | cond2(block_exists/genesis)=false (exists=false) | cond3(view>locked || extends)=true (pc.view=4633, locked.view=4629, extends=false) | cond4(phase/updates)=true (phase_special=false, has_updates=false) | highest_pc.block=[93, 33, 227, 229, 98, 174, 33, 97, 25, 153, 242, 189, 209, 203, 134, 159, 14, 147, 9, 161, 182, 151, 151, 202, 175, 1, 236, 191, 252, 246, 112, 103] highest_pc.view=4630 locked.block=[180, 154, 150, 99, 152, 75, 153, 80, 168, 123, 45, 153, 102, 222, 177, 81, 0, 157, 138, 76, 182, 15, 75, 163, 111, 122, 135, 160, 115, 98, 93, 138] locked.view=4629    
2026-08-10T05:53:30.899559Z  WARN ThreadId(20) hotstuff_rs::block_tree::invariants: SAFE_BLOCK_FAIL: block=[173, 146, 30, 129, 234, 131, 217, 75, 56, 14, 201, 212, 123, 136, 229, 73, 37, 148, 137, 126, 75, 188, 223, 69, 9, 17, 243, 111, 175, 113, 3, 200] height=None | cond1(safe_pc)=false | cond2(is_block_justify)=true (justify.phase=Generic) | justify.block=[21, 164, 224, 213, 105, 135, 252, 6, 211, 21, 202, 159, 228, 243, 175, 245, 121, 207, 188, 0, 218, 12, 60, 160, 123, 91, 211, 5, 180, 76, 186, 219] justify.view=4633 | highest_pc.block=[93, 33, 227, 229, 98, 174, 33, 97, 25, 153, 242, 189, 209, 203, 134, 159, 14, 147, 9, 161, 182, 151, 151, 202, 175, 1, 236, 191, 252, 246, 112, 103] highest_pc.view=4630 | locked.block=[180, 154, 150, 99, 152, 75, 153, 80, 168, 123, 45, 153, 102, 222, 177, 81, 0, 157, 138, 76, 182, 15, 75, 163, 111, 122, 135, 160, 115, 98, 93, 138] locked.view=4629    
2026-08-10T05:53:30.942970Z  WARN ThreadId(20) hotstuff_rs::block_tree::invariants: SAFE_PC_FAIL: pc.block=[173, 146, 30, 129, 234, 131, 217, 75, 56, 14, 201, 212, 123, 136, 229, 73, 37, 148, 137, 126, 75, 188, 223, 69, 9, 17, 243, 111, 175, 113, 3, 200] view=4634 phase=Generic | cond1(chain_id/genesis)=true (pc.chain_id=0, my.chain_id=0) | cond2(block_exists/genesis)=false (exists=false) | cond3(view>locked || extends)=true (pc.view=4634, locked.view=4629, extends=false) | cond4(phase/updates)=true (phase_special=false, has_updates=false) | highest_pc.block=[93, 33, 227, 229, 98, 174, 33, 97, 25, 153, 242, 189, 209, 203, 134, 159, 14, 147, 9, 161, 182, 151, 151, 202, 175, 1, 236, 191, 252, 246, 112, 103] highest_pc.view=4630 locked.block=[180, 154, 150, 99, 152, 75, 153, 80, 168, 123, 45, 153, 102, 222, 177, 81, 0, 157, 138, 76, 182, 15, 75, 163, 111, 122, 135, 160, 115, 98, 93, 138] locked.view=4629    
2026-08-10T05:53:30.978460Z  WARN ThreadId(20) hotstuff_rs::block_tree::invariants: SAFE_PC_FAIL: pc.block=[21, 164, 224, 213, 105, 135, 252, 6, 211, 21, 202, 159, 228, 243, 175, 245, 121, 207, 188, 0, 218, 12, 60, 160, 123, 91, 211, 5, 180, 76, 186, 219] view=4633 phase=Generic | cond1(chain_id/genesis)=true (pc.chain_id=0, my.chain_id=0) | cond2(block_exists/genesis)=false (exists=false) | cond3(view>locked || extends)=true (pc.view=4633, locked.view=4630, extends=false) | cond4(phase/updates)=true (phase_special=false, has_updates=false) | highest_pc.block=[254, 66, 183, 147, 20, 12, 12, 93, 32, 128, 150, 226, 93, 111, 23, 252, 139, 177, 134, 231, 208, 213, 165, 74, 0, 192, 125, 1, 103, 166, 10, 151] highest_pc.view=4631 locked.block=[93, 33, 227, 229, 98, 174, 33, 97, 25, 153, 242, 189, 209, 203, 134, 159, 14, 147, 9, 161, 182, 151, 151, 202, 175, 1, 236, 191, 252, 246, 112, 103] locked.view=4630    
2026-08-10T05:53:31.397361Z  WARN ThreadId(21) hotstuff_runner::tcp_node: Node 2 view 4634 timed out; latency may accumulate
2026-08-10T05:53:31.400031Z  WARN ThreadId(20) hotstuff_runner::app: Node 2 [produce_block] queue size: 6, attempting up to 6 transactions this block    
2026-08-10T05:53:31.405666Z  WARN ThreadId(20) hotstuff_runner::app: Node 2 view(4635) far exceeds block count (1158); potential sync issue    
2026-08-10T05:53:31.460920Z  WARN ThreadId(20) hotstuff_runner::app: Node 2 [produce_block] queue size: 0, attempting up to 0 transactions this block    
2026-08-10T05:53:31.461183Z  WARN ThreadId(20) hotstuff_runner::app: Node 2 view(4639) far exceeds block count (1159); potential sync issue    
2026-08-10T05:53:31.536910Z  WARN ThreadId(20) hotstuff_runner::app: Node 2 [produce_block] queue size: 2, attempting up to 2 transactions this block    
2026-08-10T05:53:31.537132Z  WARN ThreadId(20) hotstuff_runner::app: Node 2 view(4643) far exceeds block count (1160); potential sync issue    
2026-08-10T05:53:31.600900Z  WARN ThreadId(20) hotstuff_runner::app: Node 2 [produce_block] queue size: 0, attempting up to 0 transactions this block    
2026-08-10T05:53:31.601967Z  WARN ThreadId(20) hotstuff_runner::app: Node 2 view(4647) far exceeds block count (1161); potential sync issue    
2026-08-10T05:53:31.719651Z  WARN ThreadId(20) hotstuff_runner::app: Node 2 [produce_block] queue size: 0, attempting up to 0 transactions this block    
2026-08-10T05:53:31.727713Z  WARN ThreadId(20) hotstuff_runner::app: Node 2 view(4651) far exceeds block count (1162); potential sync issue    
2026-08-10T05:53:31.826808Z  WARN ThreadId(20) hotstuff_runner::app: Node 2 [produce_block] queue size: 2, attempting up to 2 transactions this block    
2026-08-10T05:53:31.831881Z  WARN ThreadId(20) hotstuff_runner::app: Node 2 view(4655) far exceeds block count (1163); potential sync issue    
2026-08-10T05:53:31.921856Z  WARN ThreadId(20) hotstuff_runner::app: Node 2 [produce_block] queue size: 0, attempting up to 0 transactions this block    
2026-08-10T05:53:31.921976Z  WARN ThreadId(20) hotstuff_runner::app: Node 2 view(4659) far exceeds block count (1164); potential sync issue    
2026-08-10T05:53:32.037032Z  WARN ThreadId(20) hotstuff_runner::app: Node 2 [produce_block] queue size: 2, attempting up to 2 transactions this block    
2026-08-10T05:53:32.037879Z  WARN ThreadId(20) hotstuff_runner::app: Node 2 view(4663) far exceeds block count (1165); potential sync issue    
2026-08-10T05:53:32.115181Z  WARN ThreadId(20) hotstuff_runner::app: Node 2 [produce_block] queue size: 0, attempting up to 0 transactions this block    
2026-08-10T05:53:32.115747Z  WARN ThreadId(20) hotstuff_runner::app: Node 2 view(4667) far exceeds block count (1166); potential sync issue    
2026-08-10T05:53:32.195687Z  WARN ThreadId(20) hotstuff_runner::app: Node 2 [produce_block] queue size: 0, attempting up to 0 transactions this block    
2026-08-10T05:53:32.195922Z  WARN ThreadId(20) hotstuff_runner::app: Node 2 view(4671) far exceeds block count (1167); potential sync issue    
2026-08-10T05:53:32.324306Z  WARN ThreadId(20) hotstuff_runner::app: Node 2 [produce_block] queue size: 2, attempting up to 2 transactions this block    
2026-08-10T05:53:32.325768Z  WARN ThreadId(20) hotstuff_runner::app: Node 2 view(4675) far exceeds block count (1168); potential sync issue    
2026-08-10T05:53:32.439852Z  WARN ThreadId(20) hotstuff_runner::app: Node 2 [produce_block] queue size: 0, attempting up to 0 transactions this block    
2026-08-10T05:53:32.441116Z  WARN ThreadId(20) hotstuff_runner::app: Node 2 view(4679) far exceeds block count (1169); potential sync issue    
2026-08-10T05:53:32.529853Z  WARN ThreadId(20) hotstuff_runner::app: Node 2 [produce_block] queue size: 2, attempting up to 2 transactions this block    
2026-08-10T05:53:32.530644Z  WARN ThreadId(20) hotstuff_runner::app: Node 2 view(4683) far exceeds block count (1170); potential sync issue    
2026-08-10T05:53:32.629486Z  WARN ThreadId(20) hotstuff_runner::app: Node 2 [produce_block] queue size: 0, attempting up to 0 transactions this block    
2026-08-10T05:53:32.630497Z  WARN ThreadId(20) hotstuff_runner::app: Node 2 view(4687) far exceeds block count (1171); potential sync issue    
2026-08-10T05:53:32.759168Z  WARN ThreadId(20) hotstuff_runner::app: Node 2 [produce_block] queue size: 2, attempting up to 2 transactions this block    
2026-08-10T05:53:32.765452Z  WARN ThreadId(20) hotstuff_runner::app: Node 2 view(4691) far exceeds block count (1172); potential sync issue    
2026-08-10T05:53:32.862186Z  WARN ThreadId(20) hotstuff_runner::app: Node 2 [produce_block] queue size: 0, attempting up to 0 transactions this block    
2026-08-10T05:53:32.864378Z  WARN ThreadId(20) hotstuff_runner::app: Node 2 view(4695) far exceeds block count (1173); potential sync issue    
2026-08-10T05:53:32.958194Z  WARN ThreadId(20) hotstuff_runner::app: Node 2 [produce_block] queue size: 2, attempting up to 2 transactions this block    
2026-08-10T05:53:32.958870Z  WARN ThreadId(20) hotstuff_runner::app: Node 2 view(4699) far exceeds block count (1174); potential sync issue    
2026-08-10T05:53:33.096921Z  WARN ThreadId(20) hotstuff_runner::app: Node 2 [produce_block] queue size: 2, attempting up to 2 transactions this block    
2026-08-10T05:53:33.101841Z  WARN ThreadId(20) hotstuff_runner::app: Node 2 view(4703) far exceeds block count (1175); potential sync issue    
2026-08-10T05:53:33.198033Z  WARN ThreadId(20) hotstuff_runner::app: Node 2 [produce_block] queue size: 0, attempting up to 0 transactions this block    
2026-08-10T05:53:33.198993Z  WARN ThreadId(20) hotstuff_runner::app: Node 2 view(4707) far exceeds block count (1176); potential sync issue    
2026-08-10T05:53:33.306514Z  WARN ThreadId(20) hotstuff_runner::app: Node 2 [produce_block] queue size: 2, attempting up to 2 transactions this block    
2026-08-10T05:53:33.307239Z  WARN ThreadId(20) hotstuff_runner::app: Node 2 view(4711) far exceeds block count (1177); potential sync issue    
2026-08-10T05:53:33.383081Z  WARN ThreadId(20) hotstuff_runner::app: Node 2 [produce_block] queue size: 0, attempting up to 0 transactions this block    
2026-08-10T05:53:33.393292Z  WARN ThreadId(20) hotstuff_runner::app: Node 2 view(4715) far exceeds block count (1178); potential sync issue    
2026-08-10T05:53:33.469018Z  WARN ThreadId(20) hotstuff_runner::app: Node 2 [produce_block] queue size: 0, attempting up to 0 transactions this block    
2026-08-10T05:53:33.471793Z  WARN ThreadId(20) hotstuff_runner::app: Node 2 view(4719) far exceeds block count (1179); potential sync issue    
2026-08-10T05:53:33.613161Z  WARN ThreadId(20) hotstuff_runner::app: Node 2 [produce_block] queue size: 2, attempting up to 2 transactions this block    
2026-08-10T05:53:33.617295Z  WARN ThreadId(20) hotstuff_runner::app: Node 2 view(4723) far exceeds block count (1180); potential sync issue    
2026-08-10T05:53:33.774978Z  WARN ThreadId(20) hotstuff_runner::app: Node 2 [produce_block] queue size: 2, attempting up to 2 transactions this block    
2026-08-10T05:53:33.780307Z  WARN ThreadId(20) hotstuff_runner::app: Node 2 view(4727) far exceeds block count (1181); potential sync issue    
2026-08-10T05:53:33.889302Z  WARN ThreadId(09) docker_node: Low processing efficiency: 0.0% - system may need tuning
2026-08-10T05:53:33.896628Z  WARN ThreadId(20) hotstuff_runner::app: Node 2 [produce_block] queue size: 2, attempting up to 2 transactions this block    
2026-08-10T05:53:33.896904Z  WARN ThreadId(20) hotstuff_runner::app: Node 2 view(4731) far exceeds block count (1182); potential sync issue    
2026-08-10T05:53:33.965746Z  WARN ThreadId(20) hotstuff_runner::app: Node 2 [produce_block] queue size: 0, attempting up to 0 transactions this block    
2026-08-10T05:53:33.966793Z  WARN ThreadId(20) hotstuff_runner::app: Node 2 view(4735) far exceeds block count (1183); potential sync issue    
2026-08-10T05:53:34.125168Z  WARN ThreadId(20) hotstuff_runner::app: Node 2 [produce_block] queue size: 2, attempting up to 2 transactions this block    
2026-08-10T05:53:34.126197Z  WARN ThreadId(20) hotstuff_runner::app: Node 2 view(4739) far exceeds block count (1184); potential sync issue    
2026-08-10T05:53:34.207828Z  WARN ThreadId(20) hotstuff_runner::app: Node 2 [produce_block] queue size: 0, attempting up to 0 transactions this block    
2026-08-10T05:53:34.208137Z  WARN ThreadId(20) hotstuff_runner::app: Node 2 view(4743) far exceeds block count (1185); potential sync issue    
2026-08-10T05:53:34.306213Z  WARN ThreadId(20) hotstuff_runner::app: Node 2 [produce_block] queue size: 2, attempting up to 2 transactions this block    
2026-08-10T05:53:34.309624Z  WARN ThreadId(20) hotstuff_runner::app: Node 2 view(4747) far exceeds block count (1186); potential sync issue    
2026-08-10T05:53:34.418704Z  WARN ThreadId(20) hotstuff_runner::app: Node 2 [produce_block] queue size: 0, attempting up to 0 transactions this block    
2026-08-10T05:53:34.424028Z  WARN ThreadId(20) hotstuff_runner::app: Node 2 view(4751) far exceeds block count (1187); potential sync issue    
2026-08-10T05:53:34.538077Z  WARN ThreadId(20) hotstuff_runner::app: Node 2 [produce_block] queue size: 2, attempting up to 2 transactions this block    
2026-08-10T05:53:34.539581Z  WARN ThreadId(20) hotstuff_runner::app: Node 2 view(4755) far exceeds block count (1188); potential sync issue    
2026-08-10T05:53:34.693885Z  WARN ThreadId(20) hotstuff_runner::app: Node 2 [produce_block] queue size: 0, attempting up to 0 transactions this block    
2026-08-10T05:53:34.694766Z  WARN ThreadId(20) hotstuff_runner::app: Node 2 view(4759) far exceeds block count (1189); potential sync issue    
2026-08-10T05:53:34.827785Z  WARN ThreadId(20) hotstuff_runner::app: Node 2 [produce_block] queue size: 2, attempting up to 2 transactions this block    
2026-08-10T05:53:34.836970Z  WARN ThreadId(20) hotstuff_runner::app: Node 2 view(4763) far exceeds block count (1190); potential sync issue    
2026-08-10T05:53:34.937263Z  WARN ThreadId(20) hotstuff_runner::app: Node 2 [produce_block] queue size: 0, attempting up to 0 transactions this block    
2026-08-10T05:53:34.937592Z  WARN ThreadId(20) hotstuff_runner::app: Node 2 view(4767) far exceeds block count (1191); potential sync issue    
2026-08-10T05:53:35.024553Z  WARN ThreadId(20) hotstuff_runner::app: Node 2 [produce_block] queue size: 2, attempting up to 2 transactions this block    
2026-08-10T05:53:35.024990Z  WARN ThreadId(20) hotstuff_runner::app: Node 2 view(4771) far exceeds block count (1192); potential sync issue    
2026-08-10T05:53:35.143765Z  WARN ThreadId(20) hotstuff_runner::app: Node 2 [produce_block] queue size: 0, attempting up to 0 transactions this block    
2026-08-10T05:53:35.150216Z  WARN ThreadId(20) hotstuff_runner::app: Node 2 view(4775) far exceeds block count (1193); potential sync issue    
2026-08-10T05:53:35.252815Z  WARN ThreadId(20) hotstuff_runner::app: Node 2 [produce_block] queue size: 2, attempting up to 2 transactions this block    
2026-08-10T05:53:35.255818Z  WARN ThreadId(20) hotstuff_runner::app: Node 2 view(4779) far exceeds block count (1194); potential sync issue    
2026-08-10T05:53:35.356713Z  WARN ThreadId(20) hotstuff_runner::app: Node 2 [produce_block] queue size: 2, attempting up to 2 transactions this block    
2026-08-10T05:53:35.358105Z  WARN ThreadId(20) hotstuff_runner::app: Node 2 view(4783) far exceeds block count (1195); potential sync issue    
2026-08-10T05:53:35.424274Z  WARN ThreadId(20) hotstuff_runner::app: Node 2 [produce_block] queue size: 0, attempting up to 0 transactions this block    
2026-08-10T05:53:35.425333Z  WARN ThreadId(20) hotstuff_runner::app: Node 2 view(4787) far exceeds block count (1196); potential sync issue    
2026-08-10T05:53:35.582406Z  WARN ThreadId(20) hotstuff_runner::app: Node 2 [produce_block] queue size: 2, attempting up to 2 transactions this block    
2026-08-10T05:53:35.583022Z  WARN ThreadId(20) hotstuff_runner::app: Node 2 view(4791) far exceeds block count (1197); potential sync issue    
2026-08-10T05:53:35.778564Z  WARN ThreadId(20) hotstuff_runner::app: Node 2 [produce_block] queue size: 2, attempting up to 2 transactions this block    
2026-08-10T05:53:35.782175Z  WARN ThreadId(20) hotstuff_runner::app: Node 2 view(4795) far exceeds block count (1198); potential sync issue    
2026-08-10T05:53:35.875032Z  WARN ThreadId(20) hotstuff_runner::app: Node 2 [produce_block] queue size: 0, attempting up to 0 transactions this block    
2026-08-10T05:53:35.879084Z  WARN ThreadId(20) hotstuff_runner::app: Node 2 view(4799) far exceeds block count (1199); potential sync issue    
2026-08-10T05:53:36.015800Z  WARN ThreadId(20) hotstuff_runner::app: Node 2 [produce_block] queue size: 2, attempting up to 2 transactions this block    
2026-08-10T05:53:36.021689Z  WARN ThreadId(20) hotstuff_runner::app: Node 2 view(4803) far exceeds block count (1200); potential sync issue    
2026-08-10T05:53:36.185736Z  WARN ThreadId(20) hotstuff_runner::app: Node 2 [produce_block] queue size: 2, attempting up to 2 transactions this block    
2026-08-10T05:53:36.186026Z  WARN ThreadId(20) hotstuff_runner::app: Node 2 view(4807) far exceeds block count (1201); potential sync issue    
2026-08-10T05:53:36.262337Z  WARN ThreadId(20) hotstuff_runner::app: Node 2 [produce_block] queue size: 0, attempting up to 0 transactions this block    
2026-08-10T05:53:36.262573Z  WARN ThreadId(20) hotstuff_runner::app: Node 2 view(4811) far exceeds block count (1202); potential sync issue    
2026-08-10T05:53:36.360181Z  WARN ThreadId(20) hotstuff_runner::app: Node 2 [produce_block] queue size: 0, attempting up to 0 transactions this block    
2026-08-10T05:53:36.360845Z  WARN ThreadId(20) hotstuff_runner::app: Node 2 view(4815) far exceeds block count (1203); potential sync issue    
2026-08-10T05:53:36.510980Z  WARN ThreadId(20) hotstuff_runner::app: Node 2 [produce_block] queue size: 2, attempting up to 2 transactions this block    
2026-08-10T05:53:36.511156Z  WARN ThreadId(20) hotstuff_runner::app: Node 2 view(4819) far exceeds block count (1204); potential sync issue    
2026-08-10T05:53:36.649185Z  WARN ThreadId(20) hotstuff_runner::app: Node 2 [produce_block] queue size: 2, attempting up to 2 transactions this block    
2026-08-10T05:53:36.652943Z  WARN ThreadId(20) hotstuff_runner::app: Node 2 view(4823) far exceeds block count (1205); potential sync issue    
2026-08-10T05:53:36.812475Z  WARN ThreadId(20) hotstuff_runner::app: Node 2 [produce_block] queue size: 2, attempting up to 2 transactions this block    
2026-08-10T05:53:36.825678Z  WARN ThreadId(20) hotstuff_runner::app: Node 2 view(4827) far exceeds block count (1206); potential sync issue    
2026-08-10T05:53:36.928129Z  WARN ThreadId(20) hotstuff_runner::app: Node 2 [produce_block] queue size: 0, attempting up to 0 transactions this block    
2026-08-10T05:53:36.928560Z  WARN ThreadId(20) hotstuff_runner::app: Node 2 view(4831) far exceeds block count (1207); potential sync issue    
2026-08-10T05:53:37.180735Z  WARN ThreadId(20) hotstuff_runner::app: Node 2 [produce_block] queue size: 4, attempting up to 4 transactions this block    
2026-08-10T05:53:37.180893Z  WARN ThreadId(20) hotstuff_runner::app: Node 2 view(4835) far exceeds block count (1208); potential sync issue    
2026-08-10T05:53:37.311320Z  WARN ThreadId(20) hotstuff_runner::app: Node 2 [produce_block] queue size: 0, attempting up to 0 transactions this block    
2026-08-10T05:53:37.313130Z  WARN ThreadId(20) hotstuff_runner::app: Node 2 view(4839) far exceeds block count (1209); potential sync issue    
2026-08-10T05:53:37.542060Z  WARN ThreadId(20) hotstuff_runner::app: Node 2 [produce_block] queue size: 2, attempting up to 2 transactions this block    
2026-08-10T05:53:37.542412Z  WARN ThreadId(20) hotstuff_runner::app: Node 2 view(4843) far exceeds block count (1210); potential sync issue    
2026-08-10T05:53:37.635356Z  WARN ThreadId(20) hotstuff_runner::app: Node 2 [produce_block] queue size: 2, attempting up to 2 transactions this block    
2026-08-10T05:53:37.639225Z  WARN ThreadId(20) hotstuff_runner::app: Node 2 view(4847) far exceeds block count (1211); potential sync issue    
2026-08-10T05:53:37.838847Z  WARN ThreadId(20) hotstuff_runner::app: Node 2 [produce_block] queue size: 2, attempting up to 2 transactions this block    
2026-08-10T05:53:37.839109Z  WARN ThreadId(20) hotstuff_runner::app: Node 2 view(4851) far exceeds block count (1212); potential sync issue    
2026-08-10T05:53:37.937269Z  WARN ThreadId(20) hotstuff_runner::app: Node 2 [produce_block] queue size: 0, attempting up to 0 transactions this block    
2026-08-10T05:53:37.938117Z  WARN ThreadId(20) hotstuff_runner::app: Node 2 view(4855) far exceeds block count (1213); potential sync issue    
2026-08-10T05:53:38.058183Z  WARN ThreadId(20) hotstuff_runner::app: Node 2 [produce_block] queue size: 2, attempting up to 2 transactions this block    
2026-08-10T05:53:38.058360Z  WARN ThreadId(20) hotstuff_runner::app: Node 2 view(4859) far exceeds block count (1214); potential sync issue    
2026-08-10T05:53:38.165033Z  WARN ThreadId(20) hotstuff_runner::app: Node 2 [produce_block] queue size: 2, attempting up to 2 transactions this block    
2026-08-10T05:53:38.165708Z  WARN ThreadId(20) hotstuff_runner::app: Node 2 view(4863) far exceeds block count (1215); potential sync issue    
2026-08-10T05:53:38.448699Z  WARN ThreadId(20) hotstuff_runner::app: Node 2 [produce_block] queue size: 0, attempting up to 0 transactions this block    
2026-08-10T05:53:38.449287Z  WARN ThreadId(20) hotstuff_runner::app: Node 2 view(4867) far exceeds block count (1216); potential sync issue    
2026-08-10T05:53:38.562005Z  WARN ThreadId(20) hotstuff_runner::app: Node 2 [produce_block] queue size: 0, attempting up to 0 transactions this block    
2026-08-10T05:53:38.591923Z  WARN ThreadId(20) hotstuff_runner::app: Node 2 view(4871) far exceeds block count (1217); potential sync issue    
2026-08-10T05:53:38.718461Z  WARN ThreadId(20) hotstuff_runner::app: Node 2 [produce_block] queue size: 2, attempting up to 2 transactions this block    
2026-08-10T05:53:38.720114Z  WARN ThreadId(20) hotstuff_runner::app: Node 2 view(4875) far exceeds block count (1218); potential sync issue    
2026-08-10T05:53:38.856694Z  WARN ThreadId(20) hotstuff_runner::app: Node 2 [produce_block] queue size: 2, attempting up to 2 transactions this block    
2026-08-10T05:53:38.856980Z  WARN ThreadId(20) hotstuff_runner::app: Node 2 view(4879) far exceeds block count (1219); potential sync issue    
2026-08-10T05:53:38.889373Z  WARN ThreadId(09) docker_node: Low processing efficiency: 0.0% - system may need tuning
2026-08-10T05:53:38.917057Z  WARN ThreadId(20) hotstuff_runner::app: Node 2 [produce_block] queue size: 0, attempting up to 0 transactions this block    
2026-08-10T05:53:38.920395Z  WARN ThreadId(20) hotstuff_runner::app: Node 2 view(4883) far exceeds block count (1220); potential sync issue    
2026-08-10T05:53:39.004931Z  WARN ThreadId(20) hotstuff_runner::app: Node 2 [produce_block] queue size: 2, attempting up to 2 transactions this block    
2026-08-10T05:53:39.007637Z  WARN ThreadId(20) hotstuff_runner::app: Node 2 view(4887) far exceeds block count (1221); potential sync issue    
2026-08-10T05:53:39.085126Z  WARN ThreadId(20) hotstuff_runner::app: Node 2 [produce_block] queue size: 0, attempting up to 0 transactions this block    
2026-08-10T05:53:39.085331Z  WARN ThreadId(20) hotstuff_runner::app: Node 2 view(4891) far exceeds block count (1222); potential sync issue    
2026-08-10T05:53:39.147029Z  WARN ThreadId(20) hotstuff_runner::app: Node 2 [produce_block] queue size: 0, attempting up to 0 transactions this block    
2026-08-10T05:53:39.147553Z  WARN ThreadId(20) hotstuff_runner::app: Node 2 view(4895) far exceeds block count (1223); potential sync issue    
2026-08-10T05:53:39.240138Z  WARN ThreadId(20) hotstuff_runner::app: Node 2 [produce_block] queue size: 2, attempting up to 2 transactions this block    
2026-08-10T05:53:39.240289Z  WARN ThreadId(20) hotstuff_runner::app: Node 2 view(4899) far exceeds block count (1224); potential sync issue    
2026-08-10T05:53:39.361052Z  WARN ThreadId(20) hotstuff_runner::app: Node 2 [produce_block] queue size: 2, attempting up to 2 transactions this block    
2026-08-10T05:53:39.361885Z  WARN ThreadId(20) hotstuff_runner::app: Node 2 view(4903) far exceeds block count (1225); potential sync issue    
2026-08-10T05:53:39.453354Z  WARN ThreadId(20) hotstuff_runner::app: Node 2 [produce_block] queue size: 0, attempting up to 0 transactions this block    
2026-08-10T05:53:39.454753Z  WARN ThreadId(20) hotstuff_runner::app: Node 2 view(4907) far exceeds block count (1226); potential sync issue    
2026-08-10T05:53:39.509960Z  WARN ThreadId(20) hotstuff_runner::app: Node 2 [produce_block] queue size: 0, attempting up to 0 transactions this block    
2026-08-10T05:53:39.510113Z  WARN ThreadId(20) hotstuff_runner::app: Node 2 view(4911) far exceeds block count (1227); potential sync issue    
2026-08-10T05:53:39.592729Z  WARN ThreadId(20) hotstuff_runner::app: Node 2 [produce_block] queue size: 2, attempting up to 2 transactions this block    
2026-08-10T05:53:39.593150Z  WARN ThreadId(20) hotstuff_runner::app: Node 2 view(4915) far exceeds block count (1228); potential sync issue    
2026-08-10T05:53:39.651176Z  WARN ThreadId(20) hotstuff_runner::app: Node 2 [produce_block] queue size: 0, attempting up to 0 transactions this block    
2026-08-10T05:53:39.651783Z  WARN ThreadId(20) hotstuff_runner::app: Node 2 view(4919) far exceeds block count (1229); potential sync issue    
2026-08-10T05:53:39.748232Z  WARN ThreadId(20) hotstuff_runner::app: Node 2 [produce_block] queue size: 0, attempting up to 0 transactions this block    
2026-08-10T05:53:39.748569Z  WARN ThreadId(20) hotstuff_runner::app: Node 2 view(4923) far exceeds block count (1230); potential sync issue    
2026-08-10T05:53:39.807271Z  WARN ThreadId(20) hotstuff_runner::app: Node 2 [produce_block] queue size: 2, attempting up to 2 transactions this block    
2026-08-10T05:53:39.809274Z  WARN ThreadId(20) hotstuff_runner::app: Node 2 view(4927) far exceeds block count (1231); potential sync issue    
2026-08-10T05:53:39.892780Z  WARN ThreadId(20) hotstuff_runner::app: Node 2 [produce_block] queue size: 0, attempting up to 0 transactions this block    
2026-08-10T05:53:39.894287Z  WARN ThreadId(20) hotstuff_runner::app: Node 2 view(4931) far exceeds block count (1232); potential sync issue    
2026-08-10T05:53:39.979957Z  WARN ThreadId(20) hotstuff_runner::app: Node 2 [produce_block] queue size: 2, attempting up to 2 transactions this block    
2026-08-10T05:53:39.981013Z  WARN ThreadId(20) hotstuff_runner::app: Node 2 view(4935) far exceeds block count (1233); potential sync issue    
2026-08-10T05:53:40.051113Z  WARN ThreadId(20) hotstuff_runner::app: Node 2 [produce_block] queue size: 0, attempting up to 0 transactions this block    
2026-08-10T05:53:40.057191Z  WARN ThreadId(20) hotstuff_runner::app: Node 2 view(4939) far exceeds block count (1234); potential sync issue    
2026-08-10T05:53:40.147863Z  WARN ThreadId(20) hotstuff_runner::app: Node 2 [produce_block] queue size: 0, attempting up to 0 transactions this block    
2026-08-10T05:53:40.148082Z  WARN ThreadId(20) hotstuff_runner::app: Node 2 view(4943) far exceeds block count (1235); potential sync issue    
2026-08-10T05:53:40.221056Z  WARN ThreadId(20) hotstuff_runner::app: Node 2 [produce_block] queue size: 2, attempting up to 2 transactions this block    
2026-08-10T05:53:40.221825Z  WARN ThreadId(20) hotstuff_runner::app: Node 2 view(4947) far exceeds block count (1236); potential sync issue    
2026-08-10T05:53:40.317518Z  WARN ThreadId(20) hotstuff_runner::app: Node 2 [produce_block] queue size: 0, attempting up to 0 transactions this block    
2026-08-10T05:53:40.318101Z  WARN ThreadId(20) hotstuff_runner::app: Node 2 view(4951) far exceeds block count (1237); potential sync issue    
2026-08-10T05:53:40.458489Z  WARN ThreadId(20) hotstuff_runner::app: Node 2 [produce_block] queue size: 2, attempting up to 2 transactions this block    
2026-08-10T05:53:40.459438Z  WARN ThreadId(20) hotstuff_runner::app: Node 2 view(4955) far exceeds block count (1238); potential sync issue    
2026-08-10T05:53:40.552353Z  WARN ThreadId(20) hotstuff_runner::app: Node 2 [produce_block] queue size: 0, attempting up to 0 transactions this block    
2026-08-10T05:53:40.552688Z  WARN ThreadId(20) hotstuff_runner::app: Node 2 view(4959) far exceeds block count (1239); potential sync issue    
2026-08-10T05:53:40.658288Z  WARN ThreadId(20) hotstuff_runner::app: Node 2 [produce_block] queue size: 2, attempting up to 2 transactions this block    
2026-08-10T05:53:40.658537Z  WARN ThreadId(20) hotstuff_runner::app: Node 2 view(4963) far exceeds block count (1240); potential sync issue    
2026-08-10T05:53:40.763516Z  WARN ThreadId(20) hotstuff_runner::app: Node 2 [produce_block] queue size: 0, attempting up to 0 transactions this block    
2026-08-10T05:53:40.764238Z  WARN ThreadId(20) hotstuff_runner::app: Node 2 view(4967) far exceeds block count (1241); potential sync issue    
2026-08-10T05:53:40.843028Z  WARN ThreadId(20) hotstuff_runner::app: Node 2 [produce_block] queue size: 2, attempting up to 2 transactions this block    
2026-08-10T05:53:40.843598Z  WARN ThreadId(20) hotstuff_runner::app: Node 2 view(4971) far exceeds block count (1242); potential sync issue    
2026-08-10T05:53:40.971671Z  WARN ThreadId(20) hotstuff_runner::app: Node 2 [produce_block] queue size: 0, attempting up to 0 transactions this block    
2026-08-10T05:53:40.973972Z  WARN ThreadId(20) hotstuff_runner::app: Node 2 view(4975) far exceeds block count (1243); potential sync issue    
2026-08-10T05:53:41.044548Z  WARN ThreadId(20) hotstuff_runner::app: Node 2 [produce_block] queue size: 2, attempting up to 2 transactions this block    
2026-08-10T05:53:41.045056Z  WARN ThreadId(20) hotstuff_runner::app: Node 2 view(4979) far exceeds block count (1244); potential sync issue    
2026-08-10T05:53:41.115594Z  WARN ThreadId(20) hotstuff_runner::app: Node 2 [produce_block] queue size: 0, attempting up to 0 transactions this block    
2026-08-10T05:53:41.115865Z  WARN ThreadId(20) hotstuff_runner::app: Node 2 view(4983) far exceeds block count (1245); potential sync issue    
2026-08-10T05:53:41.264274Z  WARN ThreadId(20) hotstuff_runner::app: Node 2 [produce_block] queue size: 2, attempting up to 2 transactions this block    
2026-08-10T05:53:41.264901Z  WARN ThreadId(20) hotstuff_runner::app: Node 2 view(4987) far exceeds block count (1246); potential sync issue    
2026-08-10T05:53:41.352449Z  WARN ThreadId(20) hotstuff_runner::app: Node 2 [produce_block] queue size: 0, attempting up to 0 transactions this block    
2026-08-10T05:53:41.354432Z  WARN ThreadId(20) hotstuff_runner::app: Node 2 view(4991) far exceeds block count (1247); potential sync issue    
2026-08-10T05:53:41.428045Z  WARN ThreadId(20) hotstuff_runner::app: Node 2 [produce_block] queue size: 2, attempting up to 2 transactions this block    
2026-08-10T05:53:41.429724Z  WARN ThreadId(20) hotstuff_runner::app: Node 2 view(4995) far exceeds block count (1248); potential sync issue    
2026-08-10T05:53:41.553149Z  WARN ThreadId(20) hotstuff_runner::app: Node 2 [produce_block] queue size: 0, attempting up to 0 transactions this block    
2026-08-10T05:53:41.553844Z  WARN ThreadId(20) hotstuff_runner::app: Node 2 view(4999) far exceeds block count (1249); potential sync issue    
2026-08-10T05:53:41.674372Z  WARN ThreadId(20) hotstuff_runner::app: Node 2 [produce_block] queue size: 2, attempting up to 2 transactions this block    
2026-08-10T05:53:41.679338Z  WARN ThreadId(20) hotstuff_runner::app: Node 2 view(5003) far exceeds block count (1250); potential sync issue    
2026-08-10T05:53:41.759271Z  WARN ThreadId(20) hotstuff_runner::app: Node 2 [produce_block] queue size: 0, attempting up to 0 transactions this block    
2026-08-10T05:53:41.763525Z  WARN ThreadId(20) hotstuff_runner::app: Node 2 view(5007) far exceeds block count (1251); potential sync issue    
2026-08-10T05:53:41.849018Z  WARN ThreadId(20) hotstuff_runner::app: Node 2 [produce_block] queue size: 2, attempting up to 2 transactions this block    
2026-08-10T05:53:41.860323Z  WARN ThreadId(20) hotstuff_runner::app: Node 2 view(5011) far exceeds block count (1252); potential sync issue    
2026-08-10T05:53:41.967455Z  WARN ThreadId(20) hotstuff_runner::app: Node 2 [produce_block] queue size: 0, attempting up to 0 transactions this block    
2026-08-10T05:53:41.968848Z  WARN ThreadId(20) hotstuff_runner::app: Node 2 view(5015) far exceeds block count (1253); potential sync issue    
2026-08-10T05:53:42.050690Z  WARN ThreadId(20) hotstuff_runner::app: Node 2 [produce_block] queue size: 2, attempting up to 2 transactions this block    
2026-08-10T05:53:42.051996Z  WARN ThreadId(20) hotstuff_runner::app: Node 2 view(5019) far exceeds block count (1254); potential sync issue    
2026-08-10T05:53:42.151916Z  WARN ThreadId(20) hotstuff_runner::app: Node 2 [produce_block] queue size: 0, attempting up to 0 transactions this block    
2026-08-10T05:53:42.153941Z  WARN ThreadId(20) hotstuff_runner::app: Node 2 view(5023) far exceeds block count (1255); potential sync issue    
2026-08-10T05:53:42.238714Z  WARN ThreadId(20) hotstuff_runner::app: Node 2 [produce_block] queue size: 2, attempting up to 2 transactions this block    
2026-08-10T05:53:42.239018Z  WARN ThreadId(20) hotstuff_runner::app: Node 2 view(5027) far exceeds block count (1256); potential sync issue    
2026-08-10T05:53:42.356451Z  WARN ThreadId(20) hotstuff_runner::app: Node 2 [produce_block] queue size: 0, attempting up to 0 transactions this block    
2026-08-10T05:53:42.360220Z  WARN ThreadId(20) hotstuff_runner::app: Node 2 view(5031) far exceeds block count (1257); potential sync issue    
2026-08-10T05:53:42.513869Z  WARN ThreadId(20) hotstuff_runner::app: Node 2 [produce_block] queue size: 2, attempting up to 2 transactions this block    
2026-08-10T05:53:42.518015Z  WARN ThreadId(20) hotstuff_runner::app: Node 2 view(5035) far exceeds block count (1258); potential sync issue    
2026-08-10T05:53:42.616341Z  WARN ThreadId(20) hotstuff_runner::app: Node 2 [produce_block] queue size: 0, attempting up to 0 transactions this block    
2026-08-10T05:53:42.616582Z  WARN ThreadId(20) hotstuff_runner::app: Node 2 view(5039) far exceeds block count (1259); potential sync issue    
2026-08-10T05:53:42.681330Z  WARN ThreadId(20) hotstuff_runner::app: Node 2 [produce_block] queue size: 0, attempting up to 0 transactions this block    
2026-08-10T05:53:42.681775Z  WARN ThreadId(20) hotstuff_runner::app: Node 2 view(5043) far exceeds block count (1260); potential sync issue    
2026-08-10T05:53:42.795445Z  WARN ThreadId(20) hotstuff_runner::app: Node 2 [produce_block] queue size: 2, attempting up to 2 transactions this block    
2026-08-10T05:53:42.797756Z  WARN ThreadId(20) hotstuff_runner::app: Node 2 view(5047) far exceeds block count (1261); potential sync issue    
2026-08-10T05:53:42.848532Z  WARN ThreadId(20) hotstuff_runner::app: Node 2 [produce_block] queue size: 0, attempting up to 0 transactions this block    
2026-08-10T05:53:42.849173Z  WARN ThreadId(20) hotstuff_runner::app: Node 2 view(5051) far exceeds block count (1262); potential sync issue    
2026-08-10T05:53:42.931265Z  WARN ThreadId(20) hotstuff_runner::app: Node 2 [produce_block] queue size: 2, attempting up to 2 transactions this block    
2026-08-10T05:53:42.935750Z  WARN ThreadId(20) hotstuff_runner::app: Node 2 view(5055) far exceeds block count (1263); potential sync issue    
2026-08-10T05:53:43.025956Z  WARN ThreadId(20) hotstuff_runner::app: Node 2 [produce_block] queue size: 0, attempting up to 0 transactions this block    
2026-08-10T05:53:43.026715Z  WARN ThreadId(20) hotstuff_runner::app: Node 2 view(5059) far exceeds block count (1264); potential sync issue    
2026-08-10T05:53:43.156540Z  WARN ThreadId(20) hotstuff_runner::app: Node 2 [produce_block] queue size: 2, attempting up to 2 transactions this block    
2026-08-10T05:53:43.156684Z  WARN ThreadId(20) hotstuff_runner::app: Node 2 view(5063) far exceeds block count (1265); potential sync issue    
2026-08-10T05:53:43.242314Z  WARN ThreadId(20) hotstuff_runner::app: Node 2 [produce_block] queue size: 0, attempting up to 0 transactions this block    
2026-08-10T05:53:43.242643Z  WARN ThreadId(20) hotstuff_runner::app: Node 2 view(5067) far exceeds block count (1266); potential sync issue    
2026-08-10T05:53:43.349263Z  WARN ThreadId(20) hotstuff_runner::app: Node 2 [produce_block] queue size: 2, attempting up to 2 transactions this block    
2026-08-10T05:53:43.352458Z  WARN ThreadId(20) hotstuff_runner::app: Node 2 view(5071) far exceeds block count (1267); potential sync issue    
2026-08-10T05:53:43.459934Z  WARN ThreadId(20) hotstuff_runner::app: Node 2 [produce_block] queue size: 0, attempting up to 0 transactions this block    
2026-08-10T05:53:43.460046Z  WARN ThreadId(20) hotstuff_runner::app: Node 2 view(5075) far exceeds block count (1268); potential sync issue    
2026-08-10T05:53:43.611411Z  WARN ThreadId(20) hotstuff_runner::app: Node 2 [produce_block] queue size: 2, attempting up to 2 transactions this block    
2026-08-10T05:53:43.611595Z  WARN ThreadId(20) hotstuff_runner::app: Node 2 view(5079) far exceeds block count (1269); potential sync issue    
2026-08-10T05:53:43.764401Z  WARN ThreadId(20) hotstuff_runner::app: Node 2 [produce_block] queue size: 2, attempting up to 2 transactions this block    
2026-08-10T05:53:43.767718Z  WARN ThreadId(20) hotstuff_runner::app: Node 2 view(5083) far exceeds block count (1270); potential sync issue    
2026-08-10T05:53:43.889322Z  WARN ThreadId(09) docker_node: Low processing efficiency: 0.0% - system may need tuning
2026-08-10T05:53:43.913753Z  WARN ThreadId(20) hotstuff_runner::app: Node 2 [produce_block] queue size: 2, attempting up to 2 transactions this block    
2026-08-10T05:53:43.922341Z  WARN ThreadId(20) hotstuff_runner::app: Node 2 view(5087) far exceeds block count (1271); potential sync issue    
2026-08-10T05:53:44.083212Z  WARN ThreadId(20) hotstuff_runner::app: Node 2 [produce_block] queue size: 0, attempting up to 0 transactions this block    
2026-08-10T05:53:44.083521Z  WARN ThreadId(20) hotstuff_runner::app: Node 2 view(5091) far exceeds block count (1272); potential sync issue    
2026-08-10T05:53:44.165121Z  WARN ThreadId(20) hotstuff_runner::app: Node 2 [produce_block] queue size: 2, attempting up to 2 transactions this block    
2026-08-10T05:53:44.180654Z  WARN ThreadId(20) hotstuff_runner::app: Node 2 view(5095) far exceeds block count (1273); potential sync issue    
2026-08-10T05:53:44.289217Z  WARN ThreadId(20) hotstuff_runner::app: Node 2 [produce_block] queue size: 0, attempting up to 0 transactions this block    
2026-08-10T05:53:44.290482Z  WARN ThreadId(20) hotstuff_runner::app: Node 2 view(5099) far exceeds block count (1274); potential sync issue    
2026-08-10T05:53:44.415870Z  WARN ThreadId(20) hotstuff_runner::app: Node 2 [produce_block] queue size: 2, attempting up to 2 transactions this block    
2026-08-10T05:53:44.418342Z  WARN ThreadId(20) hotstuff_runner::app: Node 2 view(5103) far exceeds block count (1275); potential sync issue    
2026-08-10T05:53:44.517361Z  WARN ThreadId(20) hotstuff_runner::app: Node 2 [produce_block] queue size: 2, attempting up to 2 transactions this block    
2026-08-10T05:53:44.517655Z  WARN ThreadId(20) hotstuff_runner::app: Node 2 view(5107) far exceeds block count (1276); potential sync issue    
2026-08-10T05:53:44.635130Z  WARN ThreadId(20) hotstuff_runner::app: Node 2 [produce_block] queue size: 0, attempting up to 0 transactions this block    
2026-08-10T05:53:44.638446Z  WARN ThreadId(20) hotstuff_runner::app: Node 2 view(5111) far exceeds block count (1277); potential sync issue    
2026-08-10T05:53:44.717867Z  WARN ThreadId(20) hotstuff_runner::app: Node 2 [produce_block] queue size: 2, attempting up to 2 transactions this block    
2026-08-10T05:53:44.718931Z  WARN ThreadId(20) hotstuff_runner::app: Node 2 view(5115) far exceeds block count (1278); potential sync issue    
2026-08-10T05:53:44.810206Z  WARN ThreadId(20) hotstuff_runner::app: Node 2 [produce_block] queue size: 0, attempting up to 0 transactions this block    
2026-08-10T05:53:44.811420Z  WARN ThreadId(20) hotstuff_runner::app: Node 2 view(5119) far exceeds block count (1279); potential sync issue    
2026-08-10T05:53:44.941617Z  WARN ThreadId(20) hotstuff_runner::app: Node 2 [produce_block] queue size: 2, attempting up to 2 transactions this block    
2026-08-10T05:53:44.942642Z  WARN ThreadId(20) hotstuff_runner::app: Node 2 view(5123) far exceeds block count (1280); potential sync issue    
2026-08-10T05:53:45.078459Z  WARN ThreadId(20) hotstuff_runner::app: Node 2 [produce_block] queue size: 2, attempting up to 2 transactions this block    
2026-08-10T05:53:45.078819Z  WARN ThreadId(20) hotstuff_runner::app: Node 2 view(5127) far exceeds block count (1281); potential sync issue    
2026-08-10T05:53:45.161569Z  WARN ThreadId(20) hotstuff_runner::app: Node 2 [produce_block] queue size: 0, attempting up to 0 transactions this block    
2026-08-10T05:53:45.161729Z  WARN ThreadId(20) hotstuff_runner::app: Node 2 view(5131) far exceeds block count (1282); potential sync issue    
2026-08-10T05:53:45.270289Z  WARN ThreadId(20) hotstuff_runner::app: Node 2 [produce_block] queue size: 2, attempting up to 2 transactions this block    
2026-08-10T05:53:45.271082Z  WARN ThreadId(20) hotstuff_runner::app: Node 2 view(5135) far exceeds block count (1283); potential sync issue    
2026-08-10T05:53:45.376983Z  WARN ThreadId(20) hotstuff_runner::app: Node 2 [produce_block] queue size: 0, attempting up to 0 transactions this block    
2026-08-10T05:53:45.377170Z  WARN ThreadId(20) hotstuff_runner::app: Node 2 view(5139) far exceeds block count (1284); potential sync issue    
2026-08-10T05:53:45.447640Z  WARN ThreadId(20) hotstuff_runner::app: Node 2 [produce_block] queue size: 2, attempting up to 2 transactions this block    
2026-08-10T05:53:45.448377Z  WARN ThreadId(20) hotstuff_runner::app: Node 2 view(5143) far exceeds block count (1285); potential sync issue    
2026-08-10T05:53:45.602996Z  WARN ThreadId(20) hotstuff_runner::app: Node 2 [produce_block] queue size: 0, attempting up to 0 transactions this block    
2026-08-10T05:53:45.603468Z  WARN ThreadId(20) hotstuff_runner::app: Node 2 view(5147) far exceeds block count (1286); potential sync issue    
2026-08-10T05:53:45.673635Z  WARN ThreadId(20) hotstuff_runner::app: Node 2 [produce_block] queue size: 2, attempting up to 2 transactions this block    
2026-08-10T05:53:45.673858Z  WARN ThreadId(20) hotstuff_runner::app: Node 2 view(5151) far exceeds block count (1287); potential sync issue    
2026-08-10T05:53:45.827513Z  WARN ThreadId(20) hotstuff_runner::app: Node 2 [produce_block] queue size: 2, attempting up to 2 transactions this block    
2026-08-10T05:53:45.833620Z  WARN ThreadId(20) hotstuff_runner::app: Node 2 view(5155) far exceeds block count (1288); potential sync issue    
2026-08-10T05:53:45.933416Z  WARN ThreadId(20) hotstuff_runner::app: Node 2 [produce_block] queue size: 0, attempting up to 0 transactions this block    
2026-08-10T05:53:45.937104Z  WARN ThreadId(20) hotstuff_runner::app: Node 2 view(5159) far exceeds block count (1289); potential sync issue    
2026-08-10T05:53:46.054671Z  WARN ThreadId(20) hotstuff_runner::app: Node 2 [produce_block] queue size: 2, attempting up to 2 transactions this block    
2026-08-10T05:53:46.054913Z  WARN ThreadId(20) hotstuff_runner::app: Node 2 view(5163) far exceeds block count (1290); potential sync issue    
2026-08-10T05:53:46.138396Z  WARN ThreadId(20) hotstuff_runner::app: Node 2 [produce_block] queue size: 0, attempting up to 0 transactions this block    
2026-08-10T05:53:46.139272Z  WARN ThreadId(20) hotstuff_runner::app: Node 2 view(5167) far exceeds block count (1291); potential sync issue    
2026-08-10T05:53:46.237543Z  WARN ThreadId(20) hotstuff_runner::app: Node 2 [produce_block] queue size: 2, attempting up to 2 transactions this block    
2026-08-10T05:53:46.243762Z  WARN ThreadId(20) hotstuff_runner::app: Node 2 view(5171) far exceeds block count (1292); potential sync issue    
2026-08-10T05:53:46.454018Z  WARN ThreadId(20) hotstuff_runner::app: Node 2 [produce_block] queue size: 2, attempting up to 2 transactions this block    
2026-08-10T05:53:46.454302Z  WARN ThreadId(20) hotstuff_runner::app: Node 2 view(5175) far exceeds block count (1293); potential sync issue    
2026-08-10T05:53:46.578156Z  WARN ThreadId(20) hotstuff_runner::app: Node 2 [produce_block] queue size: 0, attempting up to 0 transactions this block    
2026-08-10T05:53:46.583309Z  WARN ThreadId(20) hotstuff_runner::app: Node 2 view(5179) far exceeds block count (1294); potential sync issue    
2026-08-10T05:53:46.658582Z  WARN ThreadId(20) hotstuff_runner::app: Node 2 [produce_block] queue size: 2, attempting up to 2 transactions this block    
2026-08-10T05:53:46.664294Z  WARN ThreadId(20) hotstuff_runner::app: Node 2 view(5183) far exceeds block count (1295); potential sync issue    
2026-08-10T05:53:46.759477Z  WARN ThreadId(20) hotstuff_runner::app: Node 2 [produce_block] queue size: 0, attempting up to 0 transactions this block    
2026-08-10T05:53:46.759643Z  WARN ThreadId(20) hotstuff_runner::app: Node 2 view(5187) far exceeds block count (1296); potential sync issue    
2026-08-10T05:53:46.825025Z  WARN ThreadId(20) hotstuff_runner::app: Node 2 [produce_block] queue size: 2, attempting up to 2 transactions this block    
2026-08-10T05:53:46.825552Z  WARN ThreadId(20) hotstuff_runner::app: Node 2 view(5191) far exceeds block count (1297); potential sync issue    
2026-08-10T05:53:46.924270Z  WARN ThreadId(20) hotstuff_runner::app: Node 2 [produce_block] queue size: 0, attempting up to 0 transactions this block    
2026-08-10T05:53:46.926221Z  WARN ThreadId(20) hotstuff_runner::app: Node 2 view(5195) far exceeds block count (1298); potential sync issue    
2026-08-10T05:53:46.980712Z  WARN ThreadId(20) hotstuff_runner::app: Node 2 [produce_block] queue size: 2, attempting up to 2 transactions this block    
2026-08-10T05:53:46.980859Z  WARN ThreadId(20) hotstuff_runner::app: Node 2 view(5199) far exceeds block count (1299); potential sync issue    
2026-08-10T05:53:47.071466Z  WARN ThreadId(20) hotstuff_runner::app: Node 2 [produce_block] queue size: 0, attempting up to 0 transactions this block    
2026-08-10T05:53:47.088314Z  WARN ThreadId(20) hotstuff_runner::app: Node 2 view(5203) far exceeds block count (1300); potential sync issue    
2026-08-10T05:53:47.184380Z  WARN ThreadId(20) hotstuff_runner::app: Node 2 [produce_block] queue size: 2, attempting up to 2 transactions this block    
2026-08-10T05:53:47.185359Z  WARN ThreadId(20) hotstuff_runner::app: Node 2 view(5207) far exceeds block count (1301); potential sync issue    
2026-08-10T05:53:47.294680Z  WARN ThreadId(20) hotstuff_runner::app: Node 2 [produce_block] queue size: 0, attempting up to 0 transactions this block    
2026-08-10T05:53:47.294882Z  WARN ThreadId(20) hotstuff_runner::app: Node 2 view(5211) far exceeds block count (1302); potential sync issue    
2026-08-10T05:53:47.392261Z  WARN ThreadId(20) hotstuff_runner::app: Node 2 [produce_block] queue size: 2, attempting up to 2 transactions this block    
2026-08-10T05:53:47.392429Z  WARN ThreadId(20) hotstuff_runner::app: Node 2 view(5215) far exceeds block count (1303); potential sync issue    
2026-08-10T05:53:47.469295Z  WARN ThreadId(20) hotstuff_runner::app: Node 2 [produce_block] queue size: 0, attempting up to 0 transactions this block    
2026-08-10T05:53:47.478708Z  WARN ThreadId(20) hotstuff_runner::app: Node 2 view(5219) far exceeds block count (1304); potential sync issue    
2026-08-10T05:53:47.559491Z  WARN ThreadId(20) hotstuff_runner::app: Node 2 [produce_block] queue size: 2, attempting up to 2 transactions this block    
2026-08-10T05:53:47.559697Z  WARN ThreadId(20) hotstuff_runner::app: Node 2 view(5223) far exceeds block count (1305); potential sync issue    
2026-08-10T05:53:47.722738Z  WARN ThreadId(20) hotstuff_runner::app: Node 2 [produce_block] queue size: 0, attempting up to 0 transactions this block    
2026-08-10T05:53:47.725907Z  WARN ThreadId(20) hotstuff_runner::app: Node 2 view(5227) far exceeds block count (1306); potential sync issue    
2026-08-10T05:53:47.825864Z  WARN ThreadId(20) hotstuff_runner::app: Node 2 [produce_block] queue size: 2, attempting up to 2 transactions this block    
2026-08-10T05:53:47.825993Z  WARN ThreadId(20) hotstuff_runner::app: Node 2 view(5231) far exceeds block count (1307); potential sync issue    
2026-08-10T05:53:47.943483Z  WARN ThreadId(20) hotstuff_runner::app: Node 2 [produce_block] queue size: 0, attempting up to 0 transactions this block    
2026-08-10T05:53:47.943812Z  WARN ThreadId(20) hotstuff_runner::app: Node 2 view(5235) far exceeds block count (1308); potential sync issue    
2026-08-10T05:53:48.049271Z  WARN ThreadId(20) hotstuff_runner::app: Node 2 [produce_block] queue size: 2, attempting up to 2 transactions this block    
2026-08-10T05:53:48.051364Z  WARN ThreadId(20) hotstuff_runner::app: Node 2 view(5239) far exceeds block count (1309); potential sync issue    
2026-08-10T05:53:48.137861Z  WARN ThreadId(20) hotstuff_runner::app: Node 2 [produce_block] queue size: 0, attempting up to 0 transactions this block    
2026-08-10T05:53:48.138417Z  WARN ThreadId(20) hotstuff_runner::app: Node 2 view(5243) far exceeds block count (1310); potential sync issue    
2026-08-10T05:53:48.236099Z  WARN ThreadId(20) hotstuff_runner::app: Node 2 [produce_block] queue size: 2, attempting up to 2 transactions this block    
2026-08-10T05:53:48.236429Z  WARN ThreadId(20) hotstuff_runner::app: Node 2 view(5247) far exceeds block count (1311); potential sync issue    
2026-08-10T05:53:48.318596Z  WARN ThreadId(20) hotstuff_runner::app: Node 2 [produce_block] queue size: 0, attempting up to 0 transactions this block    
2026-08-10T05:53:48.318841Z  WARN ThreadId(20) hotstuff_runner::app: Node 2 view(5251) far exceeds block count (1312); potential sync issue    
2026-08-10T05:53:48.384551Z  WARN ThreadId(20) hotstuff_runner::app: Node 2 [produce_block] queue size: 2, attempting up to 2 transactions this block    
2026-08-10T05:53:48.385096Z  WARN ThreadId(20) hotstuff_runner::app: Node 2 view(5255) far exceeds block count (1313); potential sync issue    
2026-08-10T05:53:48.499274Z  WARN ThreadId(20) hotstuff_runner::app: Node 2 [produce_block] queue size: 0, attempting up to 0 transactions this block    
2026-08-10T05:53:48.501300Z  WARN ThreadId(20) hotstuff_runner::app: Node 2 view(5259) far exceeds block count (1314); potential sync issue    
2026-08-10T05:53:48.600002Z  WARN ThreadId(20) hotstuff_runner::app: Node 2 [produce_block] queue size: 2, attempting up to 2 transactions this block    
2026-08-10T05:53:48.600213Z  WARN ThreadId(20) hotstuff_runner::app: Node 2 view(5263) far exceeds block count (1315); potential sync issue    
2026-08-10T05:53:48.672264Z  WARN ThreadId(20) hotstuff_runner::app: Node 2 [produce_block] queue size: 0, attempting up to 0 transactions this block    
2026-08-10T05:53:48.672949Z  WARN ThreadId(20) hotstuff_runner::app: Node 2 view(5267) far exceeds block count (1316); potential sync issue    
2026-08-10T05:53:48.818392Z  WARN ThreadId(20) hotstuff_runner::app: Node 2 [produce_block] queue size: 2, attempting up to 2 transactions this block    
2026-08-10T05:53:48.818990Z  WARN ThreadId(20) hotstuff_runner::app: Node 2 view(5271) far exceeds block count (1317); potential sync issue    
2026-08-10T05:53:48.870658Z  WARN ThreadId(20) hotstuff_runner::app: Node 2 [produce_block] queue size: 0, attempting up to 0 transactions this block    
2026-08-10T05:53:48.870895Z  WARN ThreadId(20) hotstuff_runner::app: Node 2 view(5275) far exceeds block count (1318); potential sync issue    
2026-08-10T05:53:48.889684Z  WARN ThreadId(02) docker_node: Low processing efficiency: 0.0% - system may need tuning
2026-08-10T05:53:49.028598Z  WARN ThreadId(20) hotstuff_runner::app: Node 2 [produce_block] queue size: 2, attempting up to 2 transactions this block    
2026-08-10T05:53:49.033883Z  WARN ThreadId(20) hotstuff_runner::app: Node 2 view(5279) far exceeds block count (1319); potential sync issue    
2026-08-10T05:53:49.128167Z  WARN ThreadId(20) hotstuff_runner::app: Node 2 [produce_block] queue size: 0, attempting up to 0 transactions this block    
2026-08-10T05:53:49.133367Z  WARN ThreadId(20) hotstuff_runner::app: Node 2 view(5283) far exceeds block count (1320); potential sync issue    
2026-08-10T05:53:49.219310Z  WARN ThreadId(20) hotstuff_runner::app: Node 2 [produce_block] queue size: 2, attempting up to 2 transactions this block    
2026-08-10T05:53:49.219537Z  WARN ThreadId(20) hotstuff_runner::app: Node 2 view(5287) far exceeds block count (1321); potential sync issue    
2026-08-10T05:53:49.308219Z  WARN ThreadId(20) hotstuff_runner::app: Node 2 [produce_block] queue size: 0, attempting up to 0 transactions this block    
2026-08-10T05:53:49.308737Z  WARN ThreadId(20) hotstuff_runner::app: Node 2 view(5291) far exceeds block count (1322); potential sync issue    
2026-08-10T05:53:49.391730Z  WARN ThreadId(20) hotstuff_runner::app: Node 2 [produce_block] queue size: 0, attempting up to 0 transactions this block    
2026-08-10T05:53:49.392050Z  WARN ThreadId(20) hotstuff_runner::app: Node 2 view(5295) far exceeds block count (1323); potential sync issue    
2026-08-10T05:53:49.463291Z  WARN ThreadId(20) hotstuff_runner::app: Node 2 [produce_block] queue size: 2, attempting up to 2 transactions this block    
2026-08-10T05:53:49.466512Z  WARN ThreadId(20) hotstuff_runner::app: Node 2 view(5299) far exceeds block count (1324); potential sync issue    
2026-08-10T05:53:49.547973Z  WARN ThreadId(20) hotstuff_runner::app: Node 2 [produce_block] queue size: 0, attempting up to 0 transactions this block    
2026-08-10T05:53:49.548347Z  WARN ThreadId(20) hotstuff_runner::app: Node 2 view(5303) far exceeds block count (1325); potential sync issue    
2026-08-10T05:53:49.624748Z  WARN ThreadId(20) hotstuff_runner::app: Node 2 [produce_block] queue size: 2, attempting up to 2 transactions this block    
2026-08-10T05:53:49.625277Z  WARN ThreadId(20) hotstuff_runner::app: Node 2 view(5307) far exceeds block count (1326); potential sync issue    
2026-08-10T05:53:49.724745Z  WARN ThreadId(20) hotstuff_runner::app: Node 2 [produce_block] queue size: 0, attempting up to 0 transactions this block    
2026-08-10T05:53:49.724975Z  WARN ThreadId(20) hotstuff_runner::app: Node 2 view(5311) far exceeds block count (1327); potential sync issue    
2026-08-10T05:53:49.810682Z  WARN ThreadId(20) hotstuff_runner::app: Node 2 [produce_block] queue size: 0, attempting up to 0 transactions this block    
2026-08-10T05:53:49.811525Z  WARN ThreadId(20) hotstuff_runner::app: Node 2 view(5315) far exceeds block count (1328); potential sync issue    
2026-08-10T05:53:49.914886Z  WARN ThreadId(20) hotstuff_runner::app: Node 2 [produce_block] queue size: 2, attempting up to 2 transactions this block    
2026-08-10T05:53:49.915227Z  WARN ThreadId(20) hotstuff_runner::app: Node 2 view(5319) far exceeds block count (1329); potential sync issue    
2026-08-10T05:53:50.010012Z  WARN ThreadId(20) hotstuff_runner::app: Node 2 [produce_block] queue size: 0, attempting up to 0 transactions this block    
2026-08-10T05:53:50.010694Z  WARN ThreadId(20) hotstuff_runner::app: Node 2 view(5323) far exceeds block count (1330); potential sync issue    
2026-08-10T05:53:50.179723Z  WARN ThreadId(20) hotstuff_runner::app: Node 2 [produce_block] queue size: 2, attempting up to 2 transactions this block    
2026-08-10T05:53:50.186652Z  WARN ThreadId(20) hotstuff_runner::app: Node 2 view(5327) far exceeds block count (1331); potential sync issue    
2026-08-10T05:53:50.312278Z  WARN ThreadId(20) hotstuff_runner::app: Node 2 [produce_block] queue size: 2, attempting up to 2 transactions this block    
2026-08-10T05:53:50.313843Z  WARN ThreadId(20) hotstuff_runner::app: Node 2 view(5331) far exceeds block count (1332); potential sync issue    
2026-08-10T05:53:50.407022Z  WARN ThreadId(20) hotstuff_runner::app: Node 2 [produce_block] queue size: 0, attempting up to 0 transactions this block    
2026-08-10T05:53:50.407321Z  WARN ThreadId(20) hotstuff_runner::app: Node 2 view(5335) far exceeds block count (1333); potential sync issue    
2026-08-10T05:53:50.480240Z  WARN ThreadId(20) hotstuff_runner::app: Node 2 [produce_block] queue size: 2, attempting up to 2 transactions this block    
2026-08-10T05:53:50.484335Z  WARN ThreadId(20) hotstuff_runner::app: Node 2 view(5339) far exceeds block count (1334); potential sync issue    
2026-08-10T05:53:50.563263Z  WARN ThreadId(20) hotstuff_runner::app: Node 2 [produce_block] queue size: 0, attempting up to 0 transactions this block    
2026-08-10T05:53:50.578932Z  WARN ThreadId(20) hotstuff_runner::app: Node 2 view(5343) far exceeds block count (1335); potential sync issue    
2026-08-10T05:53:50.686042Z  WARN ThreadId(20) hotstuff_runner::app: Node 2 [produce_block] queue size: 0, attempting up to 0 transactions this block    
2026-08-10T05:53:50.687099Z  WARN ThreadId(20) hotstuff_runner::app: Node 2 view(5347) far exceeds block count (1336); potential sync issue    
2026-08-10T05:53:50.768025Z  WARN ThreadId(20) hotstuff_runner::app: Node 2 [produce_block] queue size: 2, attempting up to 2 transactions this block    
2026-08-10T05:53:50.774322Z  WARN ThreadId(20) hotstuff_runner::app: Node 2 view(5351) far exceeds block count (1337); potential sync issue    
2026-08-10T05:53:50.851325Z  WARN ThreadId(20) hotstuff_runner::app: Node 2 [produce_block] queue size: 0, attempting up to 0 transactions this block    
2026-08-10T05:53:50.851631Z  WARN ThreadId(20) hotstuff_runner::app: Node 2 view(5355) far exceeds block count (1338); potential sync issue    
2026-08-10T05:53:50.931369Z  WARN ThreadId(20) hotstuff_runner::app: Node 2 [produce_block] queue size: 2, attempting up to 2 transactions this block    
2026-08-10T05:53:50.934344Z  WARN ThreadId(20) hotstuff_runner::app: Node 2 view(5359) far exceeds block count (1339); potential sync issue    
2026-08-10T05:53:51.011407Z  WARN ThreadId(20) hotstuff_runner::app: Node 2 [produce_block] queue size: 0, attempting up to 0 transactions this block    
2026-08-10T05:53:51.011560Z  WARN ThreadId(20) hotstuff_runner::app: Node 2 view(5363) far exceeds block count (1340); potential sync issue    
2026-08-10T05:53:51.093551Z  WARN ThreadId(20) hotstuff_runner::app: Node 2 [produce_block] queue size: 0, attempting up to 0 transactions this block    
2026-08-10T05:53:51.094129Z  WARN ThreadId(20) hotstuff_runner::app: Node 2 view(5367) far exceeds block count (1341); potential sync issue    
2026-08-10T05:53:51.149099Z  WARN ThreadId(20) hotstuff_runner::app: Node 2 [produce_block] queue size: 2, attempting up to 2 transactions this block    
2026-08-10T05:53:51.149507Z  WARN ThreadId(20) hotstuff_runner::app: Node 2 view(5371) far exceeds block count (1342); potential sync issue    
2026-08-10T05:53:51.222426Z  WARN ThreadId(20) hotstuff_runner::app: Node 2 [produce_block] queue size: 0, attempting up to 0 transactions this block    
2026-08-10T05:53:51.223335Z  WARN ThreadId(20) hotstuff_runner::app: Node 2 view(5375) far exceeds block count (1343); potential sync issue    
2026-08-10T05:53:51.301913Z  WARN ThreadId(20) hotstuff_runner::app: Node 2 [produce_block] queue size: 0, attempting up to 0 transactions this block    
2026-08-10T05:53:51.302279Z  WARN ThreadId(20) hotstuff_runner::app: Node 2 view(5379) far exceeds block count (1344); potential sync issue    
2026-08-10T05:53:51.390136Z  WARN ThreadId(20) hotstuff_runner::app: Node 2 [produce_block] queue size: 2, attempting up to 2 transactions this block    
2026-08-10T05:53:51.393295Z  WARN ThreadId(20) hotstuff_runner::app: Node 2 view(5383) far exceeds block count (1345); potential sync issue    
2026-08-10T05:53:51.486978Z  WARN ThreadId(20) hotstuff_runner::app: Node 2 [produce_block] queue size: 0, attempting up to 0 transactions this block    
2026-08-10T05:53:51.487801Z  WARN ThreadId(20) hotstuff_runner::app: Node 2 view(5387) far exceeds block count (1346); potential sync issue    
2026-08-10T05:53:51.544412Z  WARN ThreadId(20) hotstuff_runner::app: Node 2 [produce_block] queue size: 2, attempting up to 2 transactions this block    
2026-08-10T05:53:51.544750Z  WARN ThreadId(20) hotstuff_runner::app: Node 2 view(5391) far exceeds block count (1347); potential sync issue    
2026-08-10T05:53:51.660771Z  WARN ThreadId(20) hotstuff_runner::app: Node 2 [produce_block] queue size: 0, attempting up to 0 transactions this block    
2026-08-10T05:53:51.660925Z  WARN ThreadId(20) hotstuff_runner::app: Node 2 view(5395) far exceeds block count (1348); potential sync issue    
2026-08-10T05:53:51.765048Z  WARN ThreadId(20) hotstuff_runner::app: Node 2 [produce_block] queue size: 2, attempting up to 2 transactions this block    
2026-08-10T05:53:51.766042Z  WARN ThreadId(20) hotstuff_runner::app: Node 2 view(5399) far exceeds block count (1349); potential sync issue    
2026-08-10T05:53:51.930995Z  WARN ThreadId(20) hotstuff_runner::app: Node 2 [produce_block] queue size: 0, attempting up to 0 transactions this block    
2026-08-10T05:53:51.931555Z  WARN ThreadId(20) hotstuff_runner::app: Node 2 view(5403) far exceeds block count (1350); potential sync issue    
2026-08-10T05:53:51.980861Z  WARN ThreadId(20) hotstuff_runner::app: Node 2 [produce_block] queue size: 2, attempting up to 2 transactions this block    
2026-08-10T05:53:51.984360Z  WARN ThreadId(20) hotstuff_runner::app: Node 2 view(5407) far exceeds block count (1351); potential sync issue    
2026-08-10T05:53:52.080939Z  WARN ThreadId(20) hotstuff_runner::app: Node 2 [produce_block] queue size: 0, attempting up to 0 transactions this block    
2026-08-10T05:53:52.082902Z  WARN ThreadId(20) hotstuff_runner::app: Node 2 view(5411) far exceeds block count (1352); potential sync issue    
2026-08-10T05:53:52.210334Z  WARN ThreadId(20) hotstuff_runner::app: Node 2 [produce_block] queue size: 2, attempting up to 2 transactions this block    
2026-08-10T05:53:52.211561Z  WARN ThreadId(20) hotstuff_runner::app: Node 2 view(5415) far exceeds block count (1353); potential sync issue    
2026-08-10T05:53:52.302788Z  WARN ThreadId(20) hotstuff_runner::app: Node 2 [produce_block] queue size: 0, attempting up to 0 transactions this block    
2026-08-10T05:53:52.303028Z  WARN ThreadId(20) hotstuff_runner::app: Node 2 view(5419) far exceeds block count (1354); potential sync issue    
2026-08-10T05:53:52.449726Z  WARN ThreadId(20) hotstuff_runner::app: Node 2 [produce_block] queue size: 2, attempting up to 2 transactions this block    
2026-08-10T05:53:52.450185Z  WARN ThreadId(20) hotstuff_runner::app: Node 2 view(5423) far exceeds block count (1355); potential sync issue    
2026-08-10T05:53:52.498029Z  WARN ThreadId(20) hotstuff_runner::app: Node 2 [produce_block] queue size: 0, attempting up to 0 transactions this block    
2026-08-10T05:53:52.502788Z  WARN ThreadId(20) hotstuff_runner::app: Node 2 view(5427) far exceeds block count (1356); potential sync issue    
2026-08-10T05:53:52.587439Z  WARN ThreadId(20) hotstuff_runner::app: Node 2 [produce_block] queue size: 2, attempting up to 2 transactions this block    
2026-08-10T05:53:52.587570Z  WARN ThreadId(20) hotstuff_runner::app: Node 2 view(5431) far exceeds block count (1357); potential sync issue    
2026-08-10T05:53:52.654567Z  WARN ThreadId(20) hotstuff_runner::app: Node 2 [produce_block] queue size: 0, attempting up to 0 transactions this block    
2026-08-10T05:53:52.656836Z  WARN ThreadId(20) hotstuff_runner::app: Node 2 view(5435) far exceeds block count (1358); potential sync issue    
2026-08-10T05:53:52.776291Z  WARN ThreadId(20) hotstuff_runner::app: Node 2 [produce_block] queue size: 0, attempting up to 0 transactions this block    
2026-08-10T05:53:52.778916Z  WARN ThreadId(20) hotstuff_runner::app: Node 2 view(5439) far exceeds block count (1359); potential sync issue    
2026-08-10T05:53:52.894635Z  WARN ThreadId(20) hotstuff_runner::app: Node 2 [produce_block] queue size: 2, attempting up to 2 transactions this block    
2026-08-10T05:53:52.895201Z  WARN ThreadId(20) hotstuff_runner::app: Node 2 view(5443) far exceeds block count (1360); potential sync issue    
2026-08-10T05:53:52.996883Z  WARN ThreadId(20) hotstuff_runner::app: Node 2 [produce_block] queue size: 0, attempting up to 0 transactions this block    
2026-08-10T05:53:52.997712Z  WARN ThreadId(20) hotstuff_runner::app: Node 2 view(5447) far exceeds block count (1361); potential sync issue    
2026-08-10T05:53:53.133713Z  WARN ThreadId(20) hotstuff_runner::app: Node 2 [produce_block] queue size: 2, attempting up to 2 transactions this block    
2026-08-10T05:53:53.133998Z  WARN ThreadId(20) hotstuff_runner::app: Node 2 view(5451) far exceeds block count (1362); potential sync issue    
2026-08-10T05:53:53.273638Z  WARN ThreadId(20) hotstuff_runner::app: Node 2 [produce_block] queue size: 2, attempting up to 2 transactions this block    
2026-08-10T05:53:53.273971Z  WARN ThreadId(20) hotstuff_runner::app: Node 2 view(5455) far exceeds block count (1363); potential sync issue    
2026-08-10T05:53:53.380280Z  WARN ThreadId(20) hotstuff_runner::app: Node 2 [produce_block] queue size: 0, attempting up to 0 transactions this block    
2026-08-10T05:53:53.380770Z  WARN ThreadId(20) hotstuff_runner::app: Node 2 view(5459) far exceeds block count (1364); potential sync issue    
2026-08-10T05:53:53.584270Z  WARN ThreadId(20) hotstuff_runner::app: Node 2 [produce_block] queue size: 2, attempting up to 2 transactions this block    
2026-08-10T05:53:53.586866Z  WARN ThreadId(20) hotstuff_runner::app: Node 2 view(5463) far exceeds block count (1365); potential sync issue    
2026-08-10T05:53:53.747107Z  WARN ThreadId(20) hotstuff_runner::app: Node 2 [produce_block] queue size: 2, attempting up to 2 transactions this block    
2026-08-10T05:53:53.747338Z  WARN ThreadId(20) hotstuff_runner::app: Node 2 view(5467) far exceeds block count (1366); potential sync issue    
2026-08-10T05:53:53.857182Z  WARN ThreadId(20) hotstuff_runner::app: Node 2 [produce_block] queue size: 0, attempting up to 0 transactions this block    
2026-08-10T05:53:53.857431Z  WARN ThreadId(20) hotstuff_runner::app: Node 2 view(5471) far exceeds block count (1367); potential sync issue    
2026-08-10T05:53:53.888360Z  WARN ThreadId(09) docker_node: Low processing efficiency: 0.0% - system may need tuning
2026-08-10T05:53:53.956621Z  WARN ThreadId(20) hotstuff_runner::app: Node 2 [produce_block] queue size: 2, attempting up to 2 transactions this block    
2026-08-10T05:53:53.957716Z  WARN ThreadId(20) hotstuff_runner::app: Node 2 view(5475) far exceeds block count (1368); potential sync issue    
2026-08-10T05:53:54.067370Z  WARN ThreadId(20) hotstuff_runner::app: Node 2 [produce_block] queue size: 2, attempting up to 2 transactions this block    
2026-08-10T05:53:54.067897Z  WARN ThreadId(20) hotstuff_runner::app: Node 2 view(5479) far exceeds block count (1369); potential sync issue    
2026-08-10T05:53:54.149903Z  WARN ThreadId(20) hotstuff_runner::app: Node 2 [produce_block] queue size: 0, attempting up to 0 transactions this block    
2026-08-10T05:53:54.150306Z  WARN ThreadId(20) hotstuff_runner::app: Node 2 view(5483) far exceeds block count (1370); potential sync issue    
2026-08-10T05:53:54.261877Z  WARN ThreadId(20) hotstuff_runner::app: Node 2 [produce_block] queue size: 2, attempting up to 2 transactions this block    
2026-08-10T05:53:54.262815Z  WARN ThreadId(20) hotstuff_runner::app: Node 2 view(5487) far exceeds block count (1371); potential sync issue    
2026-08-10T05:53:54.397137Z  WARN ThreadId(20) hotstuff_runner::app: Node 2 [produce_block] queue size: 0, attempting up to 0 transactions this block    
2026-08-10T05:53:54.397477Z  WARN ThreadId(20) hotstuff_runner::app: Node 2 view(5491) far exceeds block count (1372); potential sync issue    
2026-08-10T05:53:54.489298Z  WARN ThreadId(20) hotstuff_runner::app: Node 2 [produce_block] queue size: 2, attempting up to 2 transactions this block    
2026-08-10T05:53:54.489601Z  WARN ThreadId(20) hotstuff_runner::app: Node 2 view(5495) far exceeds block count (1373); potential sync issue    
2026-08-10T05:53:54.611783Z  WARN ThreadId(20) hotstuff_runner::app: Node 2 [produce_block] queue size: 2, attempting up to 2 transactions this block    
2026-08-10T05:53:54.612100Z  WARN ThreadId(20) hotstuff_runner::app: Node 2 view(5499) far exceeds block count (1374); potential sync issue    
2026-08-10T05:53:54.712024Z  WARN ThreadId(20) hotstuff_runner::app: Node 2 [produce_block] queue size: 0, attempting up to 0 transactions this block    
2026-08-10T05:53:54.713680Z  WARN ThreadId(20) hotstuff_runner::app: Node 2 view(5503) far exceeds block count (1375); potential sync issue    
2026-08-10T05:53:54.822149Z  WARN ThreadId(20) hotstuff_runner::app: Node 2 [produce_block] queue size: 2, attempting up to 2 transactions this block    
2026-08-10T05:53:54.822549Z  WARN ThreadId(20) hotstuff_runner::app: Node 2 view(5507) far exceeds block count (1376); potential sync issue    
2026-08-10T05:53:54.988705Z  WARN ThreadId(20) hotstuff_runner::app: Node 2 [produce_block] queue size: 2, attempting up to 2 transactions this block    
2026-08-10T05:53:54.989956Z  WARN ThreadId(20) hotstuff_runner::app: Node 2 view(5511) far exceeds block count (1377); potential sync issue    
2026-08-10T05:53:55.129883Z  WARN ThreadId(20) hotstuff_runner::app: Node 2 [produce_block] queue size: 0, attempting up to 0 transactions this block    
2026-08-10T05:53:55.130289Z  WARN ThreadId(20) hotstuff_runner::app: Node 2 view(5515) far exceeds block count (1378); potential sync issue    
2026-08-10T05:53:55.200610Z  WARN ThreadId(20) hotstuff_runner::app: Node 2 [produce_block] queue size: 2, attempting up to 2 transactions this block    
2026-08-10T05:53:55.200957Z  WARN ThreadId(20) hotstuff_runner::app: Node 2 view(5519) far exceeds block count (1379); potential sync issue    
2026-08-10T05:53:55.347041Z  WARN ThreadId(20) hotstuff_runner::app: Node 2 [produce_block] queue size: 0, attempting up to 0 transactions this block    
2026-08-10T05:53:55.352971Z  WARN ThreadId(20) hotstuff_runner::app: Node 2 view(5523) far exceeds block count (1380); potential sync issue    
2026-08-10T05:53:55.445213Z  WARN ThreadId(20) hotstuff_runner::app: Node 2 [produce_block] queue size: 2, attempting up to 2 transactions this block    
2026-08-10T05:53:55.446672Z  WARN ThreadId(20) hotstuff_runner::app: Node 2 view(5527) far exceeds block count (1381); potential sync issue    
2026-08-10T05:53:55.585714Z  WARN ThreadId(20) hotstuff_runner::app: Node 2 [produce_block] queue size: 2, attempting up to 2 transactions this block    
2026-08-10T05:53:55.597051Z  WARN ThreadId(20) hotstuff_runner::app: Node 2 view(5531) far exceeds block count (1382); potential sync issue    
2026-08-10T05:53:55.741663Z  WARN ThreadId(20) hotstuff_runner::app: Node 2 [produce_block] queue size: 0, attempting up to 0 transactions this block    
2026-08-10T05:53:55.752867Z  WARN ThreadId(20) hotstuff_runner::app: Node 2 view(5535) far exceeds block count (1383); potential sync issue    
2026-08-10T05:53:55.876079Z  WARN ThreadId(20) hotstuff_runner::app: Node 2 [produce_block] queue size: 2, attempting up to 2 transactions this block    
2026-08-10T05:53:55.877276Z  WARN ThreadId(20) hotstuff_runner::app: Node 2 view(5539) far exceeds block count (1384); potential sync issue    
2026-08-10T05:53:55.964576Z  WARN ThreadId(20) hotstuff_runner::app: Node 2 [produce_block] queue size: 0, attempting up to 0 transactions this block    
2026-08-10T05:53:55.965944Z  WARN ThreadId(20) hotstuff_runner::app: Node 2 view(5543) far exceeds block count (1385); potential sync issue    
2026-08-10T05:53:56.047301Z  WARN ThreadId(20) hotstuff_runner::app: Node 2 [produce_block] queue size: 2, attempting up to 2 transactions this block    
2026-08-10T05:53:56.047581Z  WARN ThreadId(20) hotstuff_runner::app: Node 2 view(5547) far exceeds block count (1386); potential sync issue    
2026-08-10T05:53:56.103781Z  WARN ThreadId(20) hotstuff_runner::app: Node 2 [produce_block] queue size: 0, attempting up to 0 transactions this block    
2026-08-10T05:53:56.104408Z  WARN ThreadId(20) hotstuff_runner::app: Node 2 view(5551) far exceeds block count (1387); potential sync issue    
2026-08-10T05:53:56.189744Z  WARN ThreadId(20) hotstuff_runner::app: Node 2 [produce_block] queue size: 0, attempting up to 0 transactions this block    
2026-08-10T05:53:56.192291Z  WARN ThreadId(20) hotstuff_runner::app: Node 2 view(5555) far exceeds block count (1388); potential sync issue    
2026-08-10T05:53:56.258189Z  WARN ThreadId(20) hotstuff_runner::app: Node 2 [produce_block] queue size: 2, attempting up to 2 transactions this block    
2026-08-10T05:53:56.263017Z  WARN ThreadId(20) hotstuff_runner::app: Node 2 view(5559) far exceeds block count (1389); potential sync issue    
2026-08-10T05:53:56.335689Z  WARN ThreadId(20) hotstuff_runner::app: Node 2 [produce_block] queue size: 0, attempting up to 0 transactions this block    
2026-08-10T05:53:56.335842Z  WARN ThreadId(20) hotstuff_runner::app: Node 2 view(5563) far exceeds block count (1390); potential sync issue    
2026-08-10T05:53:56.449266Z  WARN ThreadId(20) hotstuff_runner::app: Node 2 [produce_block] queue size: 2, attempting up to 2 transactions this block    
2026-08-10T05:53:56.452526Z  WARN ThreadId(20) hotstuff_runner::app: Node 2 view(5567) far exceeds block count (1391); potential sync issue    
2026-08-10T05:53:56.560331Z  WARN ThreadId(20) hotstuff_runner::app: Node 2 [produce_block] queue size: 0, attempting up to 0 transactions this block    
2026-08-10T05:53:56.570020Z  WARN ThreadId(20) hotstuff_runner::app: Node 2 view(5571) far exceeds block count (1392); potential sync issue    
2026-08-10T05:53:56.658074Z  WARN ThreadId(20) hotstuff_runner::app: Node 2 [produce_block] queue size: 2, attempting up to 2 transactions this block    
2026-08-10T05:53:56.661416Z  WARN ThreadId(20) hotstuff_runner::app: Node 2 view(5575) far exceeds block count (1393); potential sync issue    
2026-08-10T05:53:56.764627Z  WARN ThreadId(20) hotstuff_runner::app: Node 2 [produce_block] queue size: 2, attempting up to 2 transactions this block    
2026-08-10T05:53:56.764902Z  WARN ThreadId(20) hotstuff_runner::app: Node 2 view(5579) far exceeds block count (1394); potential sync issue    
2026-08-10T05:53:56.849511Z  WARN ThreadId(20) hotstuff_runner::app: Node 2 [produce_block] queue size: 0, attempting up to 0 transactions this block    
2026-08-10T05:53:56.849985Z  WARN ThreadId(20) hotstuff_runner::app: Node 2 view(5583) far exceeds block count (1395); potential sync issue    
2026-08-10T05:53:56.952273Z  WARN ThreadId(20) hotstuff_runner::app: Node 2 [produce_block] queue size: 2, attempting up to 2 transactions this block    
2026-08-10T05:53:56.953746Z  WARN ThreadId(20) hotstuff_runner::app: Node 2 view(5587) far exceeds block count (1396); potential sync issue    
2026-08-10T05:53:57.033267Z  WARN ThreadId(20) hotstuff_runner::app: Node 2 [produce_block] queue size: 0, attempting up to 0 transactions this block    
2026-08-10T05:53:57.033829Z  WARN ThreadId(20) hotstuff_runner::app: Node 2 view(5591) far exceeds block count (1397); potential sync issue    
2026-08-10T05:53:57.107768Z  WARN ThreadId(20) hotstuff_runner::app: Node 2 [produce_block] queue size: 0, attempting up to 0 transactions this block    
2026-08-10T05:53:57.108676Z  WARN ThreadId(20) hotstuff_runner::app: Node 2 view(5595) far exceeds block count (1398); potential sync issue    
2026-08-10T05:53:57.199972Z  WARN ThreadId(20) hotstuff_runner::app: Node 2 [produce_block] queue size: 2, attempting up to 2 transactions this block    
2026-08-10T05:53:57.200113Z  WARN ThreadId(20) hotstuff_runner::app: Node 2 view(5599) far exceeds block count (1399); potential sync issue    
2026-08-10T05:53:57.264977Z  WARN ThreadId(20) hotstuff_runner::app: Node 2 [produce_block] queue size: 0, attempting up to 0 transactions this block    
2026-08-10T05:53:57.265631Z  WARN ThreadId(20) hotstuff_runner::app: Node 2 view(5603) far exceeds block count (1400); potential sync issue    
2026-08-10T05:53:57.379494Z  WARN ThreadId(20) hotstuff_runner::app: Node 2 [produce_block] queue size: 2, attempting up to 2 transactions this block    
2026-08-10T05:53:57.381479Z  WARN ThreadId(20) hotstuff_runner::app: Node 2 view(5607) far exceeds block count (1401); potential sync issue    
2026-08-10T05:53:57.494003Z  WARN ThreadId(20) hotstuff_runner::app: Node 2 [produce_block] queue size: 0, attempting up to 0 transactions this block    
2026-08-10T05:53:57.494677Z  WARN ThreadId(20) hotstuff_runner::app: Node 2 view(5611) far exceeds block count (1402); potential sync issue    
2026-08-10T05:53:57.592416Z  WARN ThreadId(20) hotstuff_runner::app: Node 2 [produce_block] queue size: 2, attempting up to 2 transactions this block    
2026-08-10T05:53:57.593683Z  WARN ThreadId(20) hotstuff_runner::app: Node 2 view(5615) far exceeds block count (1403); potential sync issue    
2026-08-10T05:53:57.659633Z  WARN ThreadId(20) hotstuff_runner::app: Node 2 [produce_block] queue size: 0, attempting up to 0 transactions this block    
2026-08-10T05:53:57.664768Z  WARN ThreadId(20) hotstuff_runner::app: Node 2 view(5619) far exceeds block count (1404); potential sync issue    
2026-08-10T05:53:57.757713Z  WARN ThreadId(20) hotstuff_runner::app: Node 2 [produce_block] queue size: 2, attempting up to 2 transactions this block    
2026-08-10T05:53:57.760053Z  WARN ThreadId(20) hotstuff_runner::app: Node 2 view(5623) far exceeds block count (1405); potential sync issue    
2026-08-10T05:53:57.862248Z  WARN ThreadId(20) hotstuff_runner::app: Node 2 [produce_block] queue size: 0, attempting up to 0 transactions this block    
2026-08-10T05:53:57.864299Z  WARN ThreadId(20) hotstuff_runner::app: Node 2 view(5627) far exceeds block count (1406); potential sync issue    
2026-08-10T05:53:57.983320Z  WARN ThreadId(20) hotstuff_runner::app: Node 2 [produce_block] queue size: 2, attempting up to 2 transactions this block    
2026-08-10T05:53:57.984668Z  WARN ThreadId(20) hotstuff_runner::app: Node 2 view(5631) far exceeds block count (1407); potential sync issue    
2026-08-10T05:53:58.071523Z  WARN ThreadId(20) hotstuff_runner::app: Node 2 [produce_block] queue size: 0, attempting up to 0 transactions this block    
2026-08-10T05:53:58.072300Z  WARN ThreadId(20) hotstuff_runner::app: Node 2 view(5635) far exceeds block count (1408); potential sync issue    
2026-08-10T05:53:58.296441Z  WARN ThreadId(20) hotstuff_runner::app: Node 2 [produce_block] queue size: 4, attempting up to 4 transactions this block    
2026-08-10T05:53:58.297410Z  WARN ThreadId(20) hotstuff_runner::app: Node 2 view(5639) far exceeds block count (1409); potential sync issue    
2026-08-10T05:53:58.412550Z  WARN ThreadId(20) hotstuff_runner::app: Node 2 [produce_block] queue size: 0, attempting up to 0 transactions this block    
2026-08-10T05:53:58.412827Z  WARN ThreadId(20) hotstuff_runner::app: Node 2 view(5643) far exceeds block count (1410); potential sync issue    
2026-08-10T05:53:58.523554Z  WARN ThreadId(20) hotstuff_runner::app: Node 2 [produce_block] queue size: 2, attempting up to 2 transactions this block    
2026-08-10T05:53:58.524449Z  WARN ThreadId(20) hotstuff_runner::app: Node 2 view(5647) far exceeds block count (1411); potential sync issue    
2026-08-10T05:53:58.603011Z  WARN ThreadId(20) hotstuff_runner::app: Node 2 [produce_block] queue size: 0, attempting up to 0 transactions this block    
2026-08-10T05:53:58.604158Z  WARN ThreadId(20) hotstuff_runner::app: Node 2 view(5651) far exceeds block count (1412); potential sync issue    
2026-08-10T05:53:58.721123Z  WARN ThreadId(20) hotstuff_runner::app: Node 2 [produce_block] queue size: 2, attempting up to 2 transactions this block    
2026-08-10T05:53:58.723793Z  WARN ThreadId(20) hotstuff_runner::app: Node 2 view(5655) far exceeds block count (1413); potential sync issue    
2026-08-10T05:53:58.875178Z  WARN ThreadId(20) hotstuff_runner::app: Node 2 [produce_block] queue size: 2, attempting up to 2 transactions this block    
2026-08-10T05:53:58.875370Z  WARN ThreadId(20) hotstuff_runner::app: Node 2 view(5659) far exceeds block count (1414); potential sync issue    
2026-08-10T05:53:58.889496Z  WARN ThreadId(03) docker_node: Low processing efficiency: 0.0% - system may need tuning
2026-08-10T05:53:58.938755Z  WARN ThreadId(20) hotstuff_runner::app: Node 2 [produce_block] queue size: 0, attempting up to 0 transactions this block    
2026-08-10T05:53:58.939905Z  WARN ThreadId(20) hotstuff_runner::app: Node 2 view(5663) far exceeds block count (1415); potential sync issue    
2026-08-10T05:53:59.049109Z  WARN ThreadId(20) hotstuff_runner::app: Node 2 [produce_block] queue size: 0, attempting up to 0 transactions this block    
2026-08-10T05:53:59.052441Z  WARN ThreadId(20) hotstuff_runner::app: Node 2 view(5667) far exceeds block count (1416); potential sync issue    
2026-08-10T05:53:59.124270Z  WARN ThreadId(20) hotstuff_runner::app: Node 2 [produce_block] queue size: 2, attempting up to 2 transactions this block    
2026-08-10T05:53:59.158518Z  WARN ThreadId(20) hotstuff_runner::app: Node 2 view(5671) far exceeds block count (1417); potential sync issue    
2026-08-10T05:53:59.262274Z  WARN ThreadId(20) hotstuff_runner::app: Node 2 [produce_block] queue size: 0, attempting up to 0 transactions this block    
2026-08-10T05:53:59.262468Z  WARN ThreadId(20) hotstuff_runner::app: Node 2 view(5675) far exceeds block count (1418); potential sync issue    
2026-08-10T05:53:59.404598Z  WARN ThreadId(20) hotstuff_runner::app: Node 2 [produce_block] queue size: 2, attempting up to 2 transactions this block    
2026-08-10T05:53:59.407450Z  WARN ThreadId(20) hotstuff_runner::app: Node 2 view(5679) far exceeds block count (1419); potential sync issue    
2026-08-10T05:53:59.474619Z  WARN ThreadId(20) hotstuff_runner::app: Node 2 [produce_block] queue size: 0, attempting up to 0 transactions this block    
2026-08-10T05:53:59.476438Z  WARN ThreadId(20) hotstuff_runner::app: Node 2 view(5683) far exceeds block count (1420); potential sync issue    
2026-08-10T05:53:59.549267Z  WARN ThreadId(20) hotstuff_runner::app: Node 2 [produce_block] queue size: 2, attempting up to 2 transactions this block    
2026-08-10T05:53:59.549407Z  WARN ThreadId(20) hotstuff_runner::app: Node 2 view(5687) far exceeds block count (1421); potential sync issue    
2026-08-10T05:53:59.641859Z  WARN ThreadId(20) hotstuff_runner::app: Node 2 [produce_block] queue size: 0, attempting up to 0 transactions this block    
2026-08-10T05:53:59.642064Z  WARN ThreadId(20) hotstuff_runner::app: Node 2 view(5691) far exceeds block count (1422); potential sync issue    
2026-08-10T05:53:59.701264Z  WARN ThreadId(20) hotstuff_runner::app: Node 2 [produce_block] queue size: 0, attempting up to 0 transactions this block    
2026-08-10T05:53:59.702120Z  WARN ThreadId(20) hotstuff_runner::app: Node 2 view(5695) far exceeds block count (1423); potential sync issue    
2026-08-10T05:53:59.768042Z  WARN ThreadId(20) hotstuff_runner::app: Node 2 [produce_block] queue size: 2, attempting up to 2 transactions this block    
2026-08-10T05:53:59.769686Z  WARN ThreadId(20) hotstuff_runner::app: Node 2 view(5699) far exceeds block count (1424); potential sync issue    
2026-08-10T05:53:59.871303Z  WARN ThreadId(20) hotstuff_runner::app: Node 2 [produce_block] queue size: 0, attempting up to 0 transactions this block    
2026-08-10T05:53:59.871850Z  WARN ThreadId(20) hotstuff_runner::app: Node 2 view(5703) far exceeds block count (1425); potential sync issue    
2026-08-10T05:53:59.954440Z  WARN ThreadId(20) hotstuff_runner::app: Node 2 [produce_block] queue size: 2, attempting up to 2 transactions this block    
2026-08-10T05:53:59.958209Z  WARN ThreadId(20) hotstuff_runner::app: Node 2 view(5707) far exceeds block count (1426); potential sync issue    
2026-08-10T05:54:00.123300Z  WARN ThreadId(20) hotstuff_runner::app: Node 2 [produce_block] queue size: 2, attempting up to 2 transactions this block    
2026-08-10T05:54:00.124681Z  WARN ThreadId(20) hotstuff_runner::app: Node 2 view(5711) far exceeds block count (1427); potential sync issue    
2026-08-10T05:54:00.188096Z  WARN ThreadId(20) hotstuff_runner::app: Node 2 [produce_block] queue size: 0, attempting up to 0 transactions this block    
2026-08-10T05:54:00.188316Z  WARN ThreadId(20) hotstuff_runner::app: Node 2 view(5715) far exceeds block count (1428); potential sync issue    
2026-08-10T05:54:00.352164Z  WARN ThreadId(20) hotstuff_runner::app: Node 2 [produce_block] queue size: 2, attempting up to 2 transactions this block    
2026-08-10T05:54:00.370094Z  WARN ThreadId(20) hotstuff_runner::app: Node 2 view(5719) far exceeds block count (1429); potential sync issue    
2026-08-10T05:54:00.503348Z  WARN ThreadId(20) hotstuff_runner::app: Node 2 [produce_block] queue size: 0, attempting up to 0 transactions this block    
2026-08-10T05:54:00.505273Z  WARN ThreadId(20) hotstuff_runner::app: Node 2 view(5723) far exceeds block count (1430); potential sync issue    
2026-08-10T05:54:00.612483Z  WARN ThreadId(20) hotstuff_runner::app: Node 2 [produce_block] queue size: 2, attempting up to 2 transactions this block    
2026-08-10T05:54:00.612895Z  WARN ThreadId(20) hotstuff_runner::app: Node 2 view(5727) far exceeds block count (1431); potential sync issue    
2026-08-10T05:54:00.731736Z  WARN ThreadId(20) hotstuff_runner::app: Node 2 [produce_block] queue size: 2, attempting up to 2 transactions this block    
2026-08-10T05:54:00.731956Z  WARN ThreadId(20) hotstuff_runner::app: Node 2 view(5731) far exceeds block count (1432); potential sync issue    
2026-08-10T05:54:00.878284Z  WARN ThreadId(20) hotstuff_runner::app: Node 2 [produce_block] queue size: 0, attempting up to 0 transactions this block    
2026-08-10T05:54:00.885510Z  WARN ThreadId(20) hotstuff_runner::app: Node 2 view(5735) far exceeds block count (1433); potential sync issue    
2026-08-10T05:54:01.005878Z  WARN ThreadId(20) hotstuff_runner::app: Node 2 [produce_block] queue size: 2, attempting up to 2 transactions this block    
2026-08-10T05:54:01.012717Z  WARN ThreadId(20) hotstuff_runner::app: Node 2 view(5739) far exceeds block count (1434); potential sync issue    
2026-08-10T05:54:01.176005Z  WARN ThreadId(20) hotstuff_runner::app: Node 2 [produce_block] queue size: 2, attempting up to 2 transactions this block    
2026-08-10T05:54:01.176132Z  WARN ThreadId(20) hotstuff_runner::app: Node 2 view(5743) far exceeds block count (1435); potential sync issue    
2026-08-10T05:54:01.362577Z  WARN ThreadId(20) hotstuff_runner::app: Node 2 [produce_block] queue size: 2, attempting up to 2 transactions this block    
2026-08-10T05:54:01.364757Z  WARN ThreadId(20) hotstuff_runner::app: Node 2 view(5747) far exceeds block count (1436); potential sync issue    
2026-08-10T05:54:01.490202Z  WARN ThreadId(20) hotstuff_runner::app: Node 2 [produce_block] queue size: 0, attempting up to 0 transactions this block    
2026-08-10T05:54:01.493494Z  WARN ThreadId(20) hotstuff_runner::app: Node 2 view(5751) far exceeds block count (1437); potential sync issue    
2026-08-10T05:54:01.659692Z  WARN ThreadId(20) hotstuff_runner::app: Node 2 [produce_block] queue size: 2, attempting up to 2 transactions this block    
2026-08-10T05:54:01.663589Z  WARN ThreadId(20) hotstuff_runner::app: Node 2 view(5755) far exceeds block count (1438); potential sync issue    
2026-08-10T05:54:01.822044Z  WARN ThreadId(20) hotstuff_runner::app: Node 2 [produce_block] queue size: 2, attempting up to 2 transactions this block    
2026-08-10T05:54:01.825339Z  WARN ThreadId(20) hotstuff_runner::app: Node 2 view(5759) far exceeds block count (1439); potential sync issue    
2026-08-10T05:54:01.913455Z  WARN ThreadId(20) hotstuff_runner::app: Node 2 [produce_block] queue size: 0, attempting up to 0 transactions this block    
2026-08-10T05:54:01.917210Z  WARN ThreadId(20) hotstuff_runner::app: Node 2 view(5763) far exceeds block count (1440); potential sync issue    
2026-08-10T05:54:01.995331Z  WARN ThreadId(20) hotstuff_runner::app: Node 2 [produce_block] queue size: 2, attempting up to 2 transactions this block    
2026-08-10T05:54:01.998305Z  WARN ThreadId(20) hotstuff_runner::app: Node 2 view(5767) far exceeds block count (1441); potential sync issue    
2026-08-10T05:54:02.102886Z  WARN ThreadId(20) hotstuff_runner::app: Node 2 [produce_block] queue size: 0, attempting up to 0 transactions this block    
2026-08-10T05:54:02.106611Z  WARN ThreadId(20) hotstuff_runner::app: Node 2 view(5771) far exceeds block count (1442); potential sync issue    
2026-08-10T05:54:02.222974Z  WARN ThreadId(20) hotstuff_runner::app: Node 2 [produce_block] queue size: 2, attempting up to 2 transactions this block    
2026-08-10T05:54:02.245503Z  WARN ThreadId(20) hotstuff_runner::app: Node 2 view(5775) far exceeds block count (1443); potential sync issue    
2026-08-10T05:54:02.334123Z  WARN ThreadId(20) hotstuff_runner::app: Node 2 [produce_block] queue size: 0, attempting up to 0 transactions this block    
2026-08-10T05:54:02.335290Z  WARN ThreadId(20) hotstuff_runner::app: Node 2 view(5779) far exceeds block count (1444); potential sync issue    
2026-08-10T05:54:02.408890Z  WARN ThreadId(20) hotstuff_runner::app: Node 2 [produce_block] queue size: 0, attempting up to 0 transactions this block    
2026-08-10T05:54:02.408994Z  WARN ThreadId(20) hotstuff_runner::app: Node 2 view(5783) far exceeds block count (1445); potential sync issue    
2026-08-10T05:54:02.484911Z  WARN ThreadId(20) hotstuff_runner::app: Node 2 [produce_block] queue size: 2, attempting up to 2 transactions this block    
2026-08-10T05:54:02.485161Z  WARN ThreadId(20) hotstuff_runner::app: Node 2 view(5787) far exceeds block count (1446); potential sync issue    
2026-08-10T05:54:02.575596Z  WARN ThreadId(20) hotstuff_runner::app: Node 2 [produce_block] queue size: 0, attempting up to 0 transactions this block    
2026-08-10T05:54:02.575772Z  WARN ThreadId(20) hotstuff_runner::app: Node 2 view(5791) far exceeds block count (1447); potential sync issue    
2026-08-10T05:54:02.658566Z  WARN ThreadId(20) hotstuff_runner::app: Node 2 [produce_block] queue size: 2, attempting up to 2 transactions this block    
2026-08-10T05:54:02.658706Z  WARN ThreadId(20) hotstuff_runner::app: Node 2 view(5795) far exceeds block count (1448); potential sync issue    
2026-08-10T05:54:02.731573Z  WARN ThreadId(20) hotstuff_runner::app: Node 2 [produce_block] queue size: 0, attempting up to 0 transactions this block    
2026-08-10T05:54:02.731704Z  WARN ThreadId(20) hotstuff_runner::app: Node 2 view(5799) far exceeds block count (1449); potential sync issue    
2026-08-10T05:54:02.811996Z  WARN ThreadId(20) hotstuff_runner::app: Node 2 [produce_block] queue size: 2, attempting up to 2 transactions this block    
2026-08-10T05:54:02.818064Z  WARN ThreadId(20) hotstuff_runner::app: Node 2 view(5803) far exceeds block count (1450); potential sync issue    
2026-08-10T05:54:02.897525Z  WARN ThreadId(20) hotstuff_runner::app: Node 2 [produce_block] queue size: 0, attempting up to 0 transactions this block    
2026-08-10T05:54:02.897913Z  WARN ThreadId(20) hotstuff_runner::app: Node 2 view(5807) far exceeds block count (1451); potential sync issue    
2026-08-10T05:54:02.981360Z  WARN ThreadId(20) hotstuff_runner::app: Node 2 [produce_block] queue size: 2, attempting up to 2 transactions this block    
2026-08-10T05:54:02.981507Z  WARN ThreadId(20) hotstuff_runner::app: Node 2 view(5811) far exceeds block count (1452); potential sync issue    
2026-08-10T05:54:03.048450Z  WARN ThreadId(20) hotstuff_runner::app: Node 2 [produce_block] queue size: 0, attempting up to 0 transactions this block    
2026-08-10T05:54:03.050030Z  WARN ThreadId(20) hotstuff_runner::app: Node 2 view(5815) far exceeds block count (1453); potential sync issue    
2026-08-10T05:54:03.105489Z  WARN ThreadId(20) hotstuff_runner::app: Node 2 [produce_block] queue size: 0, attempting up to 0 transactions this block    
2026-08-10T05:54:03.106901Z  WARN ThreadId(20) hotstuff_runner::app: Node 2 view(5819) far exceeds block count (1454); potential sync issue    
2026-08-10T05:54:03.182897Z  WARN ThreadId(20) hotstuff_runner::app: Node 2 [produce_block] queue size: 0, attempting up to 0 transactions this block    
2026-08-10T05:54:03.183244Z  WARN ThreadId(20) hotstuff_runner::app: Node 2 view(5823) far exceeds block count (1455); potential sync issue    
2026-08-10T05:54:03.335619Z  WARN ThreadId(20) hotstuff_runner::app: Node 2 [produce_block] queue size: 2, attempting up to 2 transactions this block    
2026-08-10T05:54:03.337976Z  WARN ThreadId(20) hotstuff_runner::app: Node 2 view(5827) far exceeds block count (1456); potential sync issue    
2026-08-10T05:54:03.438423Z  WARN ThreadId(20) hotstuff_runner::app: Node 2 [produce_block] queue size: 2, attempting up to 2 transactions this block    
2026-08-10T05:54:03.440228Z  WARN ThreadId(20) hotstuff_runner::app: Node 2 view(5831) far exceeds block count (1457); potential sync issue    
2026-08-10T05:54:03.562413Z  WARN ThreadId(20) hotstuff_runner::app: Node 2 [produce_block] queue size: 0, attempting up to 0 transactions this block    
2026-08-10T05:54:03.563315Z  WARN ThreadId(20) hotstuff_runner::app: Node 2 view(5835) far exceeds block count (1458); potential sync issue    
2026-08-10T05:54:03.659496Z  WARN ThreadId(20) hotstuff_runner::app: Node 2 [produce_block] queue size: 2, attempting up to 2 transactions this block    
2026-08-10T05:54:03.661486Z  WARN ThreadId(20) hotstuff_runner::app: Node 2 view(5839) far exceeds block count (1459); potential sync issue    
2026-08-10T05:54:03.738546Z  WARN ThreadId(20) hotstuff_runner::app: Node 2 [produce_block] queue size: 0, attempting up to 0 transactions this block    
2026-08-10T05:54:03.739541Z  WARN ThreadId(20) hotstuff_runner::app: Node 2 view(5843) far exceeds block count (1460); potential sync issue    
2026-08-10T05:54:03.845567Z  WARN ThreadId(20) hotstuff_runner::app: Node 2 [produce_block] queue size: 2, attempting up to 2 transactions this block    
2026-08-10T05:54:03.845995Z  WARN ThreadId(20) hotstuff_runner::app: Node 2 view(5847) far exceeds block count (1461); potential sync issue    
2026-08-10T05:54:03.872566Z  WARN ThreadId(07) hotstuff_runner::pompe: 🧹 [Cleanup] Node 2 cleared 563 orphaned ordering1 states
2026-08-10T05:54:03.888460Z  WARN ThreadId(03) docker_node: Low processing efficiency: 0.0% - system may need tuning
2026-08-10T05:54:03.921624Z  WARN ThreadId(20) hotstuff_runner::app: Node 2 [produce_block] queue size: 0, attempting up to 0 transactions this block    
2026-08-10T05:54:03.921787Z  WARN ThreadId(20) hotstuff_runner::app: Node 2 view(5851) far exceeds block count (1462); potential sync issue    
2026-08-10T05:54:04.056312Z  WARN ThreadId(20) hotstuff_runner::app: Node 2 [produce_block] queue size: 2, attempting up to 2 transactions this block    
2026-08-10T05:54:04.056448Z  WARN ThreadId(20) hotstuff_runner::app: Node 2 view(5855) far exceeds block count (1463); potential sync issue    
2026-08-10T05:54:04.138720Z  WARN ThreadId(20) hotstuff_runner::app: Node 2 [produce_block] queue size: 2, attempting up to 2 transactions this block    
2026-08-10T05:54:04.138850Z  WARN ThreadId(20) hotstuff_runner::app: Node 2 view(5859) far exceeds block count (1464); potential sync issue    
2026-08-10T05:54:04.251950Z  WARN ThreadId(20) hotstuff_runner::app: Node 2 [produce_block] queue size: 0, attempting up to 0 transactions this block    
2026-08-10T05:54:04.253674Z  WARN ThreadId(20) hotstuff_runner::app: Node 2 view(5863) far exceeds block count (1465); potential sync issue    
2026-08-10T05:54:04.368873Z  WARN ThreadId(20) hotstuff_runner::app: Node 2 [produce_block] queue size: 2, attempting up to 2 transactions this block    
2026-08-10T05:54:04.371031Z  WARN ThreadId(20) hotstuff_runner::app: Node 2 view(5867) far exceeds block count (1466); potential sync issue    
2026-08-10T05:54:04.492965Z  WARN ThreadId(20) hotstuff_runner::app: Node 2 [produce_block] queue size: 2, attempting up to 2 transactions this block    
2026-08-10T05:54:04.494487Z  WARN ThreadId(20) hotstuff_runner::app: Node 2 view(5871) far exceeds block count (1467); potential sync issue    
2026-08-10T05:54:04.620308Z  WARN ThreadId(20) hotstuff_runner::app: Node 2 [produce_block] queue size: 0, attempting up to 0 transactions this block    
2026-08-10T05:54:04.621273Z  WARN ThreadId(20) hotstuff_runner::app: Node 2 view(5875) far exceeds block count (1468); potential sync issue    
2026-08-10T05:54:04.735761Z  WARN ThreadId(20) hotstuff_runner::app: Node 2 [produce_block] queue size: 2, attempting up to 2 transactions this block    
2026-08-10T05:54:04.736484Z  WARN ThreadId(20) hotstuff_runner::app: Node 2 view(5879) far exceeds block count (1469); potential sync issue    
2026-08-10T05:54:04.820255Z  WARN ThreadId(20) hotstuff_runner::app: Node 2 [produce_block] queue size: 0, attempting up to 0 transactions this block    
2026-08-10T05:54:04.820518Z  WARN ThreadId(20) hotstuff_runner::app: Node 2 view(5883) far exceeds block count (1470); potential sync issue    
2026-08-10T05:54:04.923411Z  WARN ThreadId(20) hotstuff_runner::app: Node 2 [produce_block] queue size: 0, attempting up to 0 transactions this block    
2026-08-10T05:54:04.924382Z  WARN ThreadId(20) hotstuff_runner::app: Node 2 view(5887) far exceeds block count (1471); potential sync issue    
2026-08-10T05:54:05.006145Z  WARN ThreadId(20) hotstuff_runner::app: Node 2 [produce_block] queue size: 2, attempting up to 2 transactions this block    
2026-08-10T05:54:05.006244Z  WARN ThreadId(20) hotstuff_runner::app: Node 2 view(5891) far exceeds block count (1472); potential sync issue    
2026-08-10T05:54:05.076382Z  WARN ThreadId(20) hotstuff_runner::app: Node 2 [produce_block] queue size: 0, attempting up to 0 transactions this block    
2026-08-10T05:54:05.077897Z  WARN ThreadId(20) hotstuff_runner::app: Node 2 view(5895) far exceeds block count (1473); potential sync issue    
2026-08-10T05:54:05.198059Z  WARN ThreadId(20) hotstuff_runner::app: Node 2 [produce_block] queue size: 2, attempting up to 2 transactions this block    
2026-08-10T05:54:05.198413Z  WARN ThreadId(20) hotstuff_runner::app: Node 2 view(5899) far exceeds block count (1474); potential sync issue    
2026-08-10T05:54:05.272490Z  WARN ThreadId(20) hotstuff_runner::app: Node 2 [produce_block] queue size: 0, attempting up to 0 transactions this block    
2026-08-10T05:54:05.272934Z  WARN ThreadId(20) hotstuff_runner::app: Node 2 view(5903) far exceeds block count (1475); potential sync issue    
2026-08-10T05:54:05.342049Z  WARN ThreadId(20) hotstuff_runner::app: Node 2 [produce_block] queue size: 2, attempting up to 2 transactions this block    
2026-08-10T05:54:05.346226Z  WARN ThreadId(20) hotstuff_runner::app: Node 2 view(5907) far exceeds block count (1476); potential sync issue    
2026-08-10T05:54:05.412216Z  WARN ThreadId(20) hotstuff_runner::app: Node 2 [produce_block] queue size: 0, attempting up to 0 transactions this block    
2026-08-10T05:54:05.412905Z  WARN ThreadId(20) hotstuff_runner::app: Node 2 view(5911) far exceeds block count (1477); potential sync issue    
2026-08-10T05:54:05.524957Z  WARN ThreadId(20) hotstuff_runner::app: Node 2 [produce_block] queue size: 2, attempting up to 2 transactions this block    
2026-08-10T05:54:05.525346Z  WARN ThreadId(20) hotstuff_runner::app: Node 2 view(5915) far exceeds block count (1478); potential sync issue    
2026-08-10T05:54:05.635890Z  WARN ThreadId(20) hotstuff_runner::app: Node 2 [produce_block] queue size: 0, attempting up to 0 transactions this block    
2026-08-10T05:54:05.636265Z  WARN ThreadId(20) hotstuff_runner::app: Node 2 view(5919) far exceeds block count (1479); potential sync issue    
2026-08-10T05:54:05.749875Z  WARN ThreadId(20) hotstuff_runner::app: Node 2 [produce_block] queue size: 2, attempting up to 2 transactions this block    
2026-08-10T05:54:05.750291Z  WARN ThreadId(20) hotstuff_runner::app: Node 2 view(5923) far exceeds block count (1480); potential sync issue    
2026-08-10T05:54:05.847465Z  WARN ThreadId(20) hotstuff_runner::app: Node 2 [produce_block] queue size: 0, attempting up to 0 transactions this block    
2026-08-10T05:54:05.847570Z  WARN ThreadId(20) hotstuff_runner::app: Node 2 view(5927) far exceeds block count (1481); potential sync issue    
2026-08-10T05:54:05.949637Z  WARN ThreadId(20) hotstuff_runner::app: Node 2 [produce_block] queue size: 2, attempting up to 2 transactions this block    
2026-08-10T05:54:05.949802Z  WARN ThreadId(20) hotstuff_runner::app: Node 2 view(5931) far exceeds block count (1482); potential sync issue    
2026-08-10T05:54:06.036486Z  WARN ThreadId(20) hotstuff_runner::app: Node 2 [produce_block] queue size: 0, attempting up to 0 transactions this block    
2026-08-10T05:54:06.040558Z  WARN ThreadId(20) hotstuff_runner::app: Node 2 view(5935) far exceeds block count (1483); potential sync issue    
2026-08-10T05:54:06.120668Z  WARN ThreadId(20) hotstuff_runner::app: Node 2 [produce_block] queue size: 2, attempting up to 2 transactions this block    
2026-08-10T05:54:06.120796Z  WARN ThreadId(20) hotstuff_runner::app: Node 2 view(5939) far exceeds block count (1484); potential sync issue    
2026-08-10T05:54:06.226912Z  WARN ThreadId(20) hotstuff_runner::app: Node 2 [produce_block] queue size: 0, attempting up to 0 transactions this block    
2026-08-10T05:54:06.227126Z  WARN ThreadId(20) hotstuff_runner::app: Node 2 view(5943) far exceeds block count (1485); potential sync issue    
2026-08-10T05:54:06.324170Z  WARN ThreadId(20) hotstuff_runner::app: Node 2 [produce_block] queue size: 2, attempting up to 2 transactions this block    
2026-08-10T05:54:06.325189Z  WARN ThreadId(20) hotstuff_runner::app: Node 2 view(5947) far exceeds block count (1486); potential sync issue    
2026-08-10T05:54:06.418745Z  WARN ThreadId(20) hotstuff_runner::app: Node 2 [produce_block] queue size: 0, attempting up to 0 transactions this block    
2026-08-10T05:54:06.421540Z  WARN ThreadId(20) hotstuff_runner::app: Node 2 view(5951) far exceeds block count (1487); potential sync issue    
2026-08-10T05:54:06.489744Z  WARN ThreadId(20) hotstuff_runner::app: Node 2 [produce_block] queue size: 2, attempting up to 2 transactions this block    
2026-08-10T05:54:06.490343Z  WARN ThreadId(20) hotstuff_runner::app: Node 2 view(5955) far exceeds block count (1488); potential sync issue    
2026-08-10T05:54:06.593458Z  WARN ThreadId(20) hotstuff_runner::app: Node 2 [produce_block] queue size: 0, attempting up to 0 transactions this block    
2026-08-10T05:54:06.594422Z  WARN ThreadId(20) hotstuff_runner::app: Node 2 view(5959) far exceeds block count (1489); potential sync issue    
2026-08-10T05:54:06.681980Z  WARN ThreadId(20) hotstuff_runner::app: Node 2 [produce_block] queue size: 0, attempting up to 0 transactions this block    
2026-08-10T05:54:06.688239Z  WARN ThreadId(20) hotstuff_runner::app: Node 2 view(5963) far exceeds block count (1490); potential sync issue    
2026-08-10T05:54:06.778403Z  WARN ThreadId(20) hotstuff_runner::app: Node 2 [produce_block] queue size: 2, attempting up to 2 transactions this block    
2026-08-10T05:54:06.779174Z  WARN ThreadId(20) hotstuff_runner::app: Node 2 view(5967) far exceeds block count (1491); potential sync issue    
2026-08-10T05:54:06.873841Z  WARN ThreadId(20) hotstuff_runner::app: Node 2 [produce_block] queue size: 0, attempting up to 0 transactions this block    
2026-08-10T05:54:06.878388Z  WARN ThreadId(20) hotstuff_runner::app: Node 2 view(5971) far exceeds block count (1492); potential sync issue    
2026-08-10T05:54:06.977251Z  WARN ThreadId(20) hotstuff_runner::app: Node 2 [produce_block] queue size: 2, attempting up to 2 transactions this block    
2026-08-10T05:54:06.980534Z  WARN ThreadId(20) hotstuff_runner::app: Node 2 view(5975) far exceeds block count (1493); potential sync issue    
2026-08-10T05:54:07.102905Z  WARN ThreadId(20) hotstuff_runner::app: Node 2 [produce_block] queue size: 0, attempting up to 0 transactions this block    
2026-08-10T05:54:07.103419Z  WARN ThreadId(20) hotstuff_runner::app: Node 2 view(5979) far exceeds block count (1494); potential sync issue    
2026-08-10T05:54:07.249240Z  WARN ThreadId(20) hotstuff_runner::app: Node 2 [produce_block] queue size: 2, attempting up to 2 transactions this block    
2026-08-10T05:54:07.249491Z  WARN ThreadId(20) hotstuff_runner::app: Node 2 view(5983) far exceeds block count (1495); potential sync issue    
2026-08-10T05:54:07.339418Z  WARN ThreadId(20) hotstuff_runner::app: Node 2 [produce_block] queue size: 0, attempting up to 0 transactions this block    
2026-08-10T05:54:07.339884Z  WARN ThreadId(20) hotstuff_runner::app: Node 2 view(5987) far exceeds block count (1496); potential sync issue    
2026-08-10T05:54:07.470206Z  WARN ThreadId(20) hotstuff_runner::app: Node 2 [produce_block] queue size: 2, attempting up to 2 transactions this block    
2026-08-10T05:54:07.470546Z  WARN ThreadId(20) hotstuff_runner::app: Node 2 view(5991) far exceeds block count (1497); potential sync issue    
2026-08-10T05:54:07.564974Z  WARN ThreadId(20) hotstuff_runner::app: Node 2 [produce_block] queue size: 2, attempting up to 2 transactions this block    
2026-08-10T05:54:07.565253Z  WARN ThreadId(20) hotstuff_runner::app: Node 2 view(5995) far exceeds block count (1498); potential sync issue    
2026-08-10T05:54:07.665763Z  WARN ThreadId(20) hotstuff_runner::app: Node 2 [produce_block] queue size: 0, attempting up to 0 transactions this block    
2026-08-10T05:54:07.667127Z  WARN ThreadId(20) hotstuff_runner::app: Node 2 view(5999) far exceeds block count (1499); potential sync issue    
2026-08-10T05:54:07.722599Z  WARN ThreadId(20) hotstuff_runner::app: Node 2 [produce_block] queue size: 0, attempting up to 0 transactions this block    
2026-08-10T05:54:07.722982Z  WARN ThreadId(20) hotstuff_runner::app: Node 2 view(6003) far exceeds block count (1500); potential sync issue    
2026-08-10T05:54:07.855473Z  WARN ThreadId(20) hotstuff_runner::app: Node 2 [produce_block] queue size: 2, attempting up to 2 transactions this block    
2026-08-10T05:54:07.857446Z  WARN ThreadId(20) hotstuff_runner::app: Node 2 view(6007) far exceeds block count (1501); potential sync issue    
2026-08-10T05:54:08.010659Z  WARN ThreadId(20) hotstuff_runner::app: Node 2 [produce_block] queue size: 2, attempting up to 2 transactions this block    
2026-08-10T05:54:08.013078Z  WARN ThreadId(20) hotstuff_runner::app: Node 2 view(6011) far exceeds block count (1502); potential sync issue    
2026-08-10T05:54:08.083927Z  WARN ThreadId(20) hotstuff_runner::app: Node 2 [produce_block] queue size: 0, attempting up to 0 transactions this block    
2026-08-10T05:54:08.084663Z  WARN ThreadId(20) hotstuff_runner::app: Node 2 view(6015) far exceeds block count (1503); potential sync issue    
2026-08-10T05:54:08.157804Z  WARN ThreadId(20) hotstuff_runner::app: Node 2 [produce_block] queue size: 0, attempting up to 0 transactions this block    
2026-08-10T05:54:08.158314Z  WARN ThreadId(20) hotstuff_runner::app: Node 2 view(6019) far exceeds block count (1504); potential sync issue    
2026-08-10T05:54:08.274757Z  WARN ThreadId(20) hotstuff_runner::app: Node 2 [produce_block] queue size: 2, attempting up to 2 transactions this block    
2026-08-10T05:54:08.275242Z  WARN ThreadId(20) hotstuff_runner::app: Node 2 view(6023) far exceeds block count (1505); potential sync issue    
2026-08-10T05:54:08.395275Z  WARN ThreadId(20) hotstuff_runner::app: Node 2 [produce_block] queue size: 2, attempting up to 2 transactions this block    
2026-08-10T05:54:08.396564Z  WARN ThreadId(20) hotstuff_runner::app: Node 2 view(6027) far exceeds block count (1506); potential sync issue    
2026-08-10T05:54:08.522458Z  WARN ThreadId(20) hotstuff_runner::app: Node 2 [produce_block] queue size: 0, attempting up to 0 transactions this block    
2026-08-10T05:54:08.533092Z  WARN ThreadId(20) hotstuff_runner::app: Node 2 view(6031) far exceeds block count (1507); potential sync issue    
2026-08-10T05:54:08.664518Z  WARN ThreadId(20) hotstuff_runner::app: Node 2 [produce_block] queue size: 2, attempting up to 2 transactions this block    
2026-08-10T05:54:08.665551Z  WARN ThreadId(20) hotstuff_runner::app: Node 2 view(6035) far exceeds block count (1508); potential sync issue    
2026-08-10T05:54:08.782367Z  WARN ThreadId(20) hotstuff_runner::app: Node 2 [produce_block] queue size: 0, attempting up to 0 transactions this block    
2026-08-10T05:54:08.784276Z  WARN ThreadId(20) hotstuff_runner::app: Node 2 view(6039) far exceeds block count (1509); potential sync issue    
2026-08-10T05:54:08.831055Z  WARN ThreadId(20) hotstuff_runner::app: Node 2 [produce_block] queue size: 0, attempting up to 0 transactions this block    
2026-08-10T05:54:08.831455Z  WARN ThreadId(20) hotstuff_runner::app: Node 2 view(6043) far exceeds block count (1510); potential sync issue    
2026-08-10T05:54:08.888663Z  WARN ThreadId(09) docker_node: Low processing efficiency: 0.0% - system may need tuning
2026-08-10T05:54:08.959906Z  WARN ThreadId(20) hotstuff_runner::app: Node 2 [produce_block] queue size: 2, attempting up to 2 transactions this block    
2026-08-10T05:54:08.960571Z  WARN ThreadId(20) hotstuff_runner::app: Node 2 view(6047) far exceeds block count (1511); potential sync issue    
2026-08-10T05:54:09.055446Z  WARN ThreadId(20) hotstuff_runner::app: Node 2 [produce_block] queue size: 0, attempting up to 0 transactions this block    
2026-08-10T05:54:09.055618Z  WARN ThreadId(20) hotstuff_runner::app: Node 2 view(6051) far exceeds block count (1512); potential sync issue    
2026-08-10T05:54:09.199181Z  WARN ThreadId(20) hotstuff_runner::app: Node 2 [produce_block] queue size: 2, attempting up to 2 transactions this block    
2026-08-10T05:54:09.203670Z  WARN ThreadId(20) hotstuff_runner::app: Node 2 view(6055) far exceeds block count (1513); potential sync issue    
2026-08-10T05:54:09.295955Z  WARN ThreadId(20) hotstuff_runner::app: Node 2 [produce_block] queue size: 0, attempting up to 0 transactions this block    
2026-08-10T05:54:09.296182Z  WARN ThreadId(20) hotstuff_runner::app: Node 2 view(6059) far exceeds block count (1514); potential sync issue    
2026-08-10T05:54:09.385849Z  WARN ThreadId(20) hotstuff_runner::app: Node 2 [produce_block] queue size: 0, attempting up to 0 transactions this block    
2026-08-10T05:54:09.396446Z  WARN ThreadId(20) hotstuff_runner::app: Node 2 view(6063) far exceeds block count (1515); potential sync issue    
2026-08-10T05:54:09.487794Z  WARN ThreadId(20) hotstuff_runner::app: Node 2 [produce_block] queue size: 2, attempting up to 2 transactions this block    
2026-08-10T05:54:09.487984Z  WARN ThreadId(20) hotstuff_runner::app: Node 2 view(6067) far exceeds block count (1516); potential sync issue    
2026-08-10T05:54:09.602080Z  WARN ThreadId(20) hotstuff_runner::app: Node 2 [produce_block] queue size: 2, attempting up to 2 transactions this block    
2026-08-10T05:54:09.610163Z  WARN ThreadId(20) hotstuff_runner::app: Node 2 view(6071) far exceeds block count (1517); potential sync issue    
2026-08-10T05:54:09.763498Z  WARN ThreadId(20) hotstuff_runner::app: Node 2 [produce_block] queue size: 0, attempting up to 0 transactions this block    
2026-08-10T05:54:09.771227Z  WARN ThreadId(20) hotstuff_runner::app: Node 2 view(6075) far exceeds block count (1518); potential sync issue    
2026-08-10T05:54:09.923909Z  WARN ThreadId(20) hotstuff_runner::app: Node 2 [produce_block] queue size: 2, attempting up to 2 transactions this block    
2026-08-10T05:54:09.924168Z  WARN ThreadId(20) hotstuff_runner::app: Node 2 view(6079) far exceeds block count (1519); potential sync issue    
2026-08-10T05:54:10.020332Z  WARN ThreadId(20) hotstuff_runner::app: Node 2 [produce_block] queue size: 2, attempting up to 2 transactions this block    
2026-08-10T05:54:10.021792Z  WARN ThreadId(20) hotstuff_runner::app: Node 2 view(6083) far exceeds block count (1520); potential sync issue    
2026-08-10T05:54:10.198493Z  WARN ThreadId(20) hotstuff_runner::app: Node 2 [produce_block] queue size: 2, attempting up to 2 transactions this block    
2026-08-10T05:54:10.198788Z  WARN ThreadId(20) hotstuff_runner::app: Node 2 view(6087) far exceeds block count (1521); potential sync issue    
2026-08-10T05:54:10.361454Z  WARN ThreadId(20) hotstuff_runner::app: Node 2 [produce_block] queue size: 0, attempting up to 0 transactions this block    
2026-08-10T05:54:10.362229Z  WARN ThreadId(20) hotstuff_runner::app: Node 2 view(6091) far exceeds block count (1522); potential sync issue    
2026-08-10T05:54:10.562119Z  WARN ThreadId(20) hotstuff_runner::app: Node 2 [produce_block] queue size: 2, attempting up to 2 transactions this block    
2026-08-10T05:54:10.562591Z  WARN ThreadId(20) hotstuff_runner::app: Node 2 view(6095) far exceeds block count (1523); potential sync issue    
2026-08-10T05:54:10.686165Z  WARN ThreadId(20) hotstuff_runner::app: Node 2 [produce_block] queue size: 2, attempting up to 2 transactions this block    
2026-08-10T05:54:10.688557Z  WARN ThreadId(20) hotstuff_runner::app: Node 2 view(6099) far exceeds block count (1524); potential sync issue    
2026-08-10T05:54:10.819713Z  WARN ThreadId(20) hotstuff_runner::app: Node 2 [produce_block] queue size: 2, attempting up to 2 transactions this block    
2026-08-10T05:54:10.820616Z  WARN ThreadId(20) hotstuff_runner::app: Node 2 view(6103) far exceeds block count (1525); potential sync issue    
2026-08-10T05:54:10.988596Z  WARN ThreadId(20) hotstuff_runner::app: Node 2 [produce_block] queue size: 0, attempting up to 0 transactions this block    
2026-08-10T05:54:10.990499Z  WARN ThreadId(20) hotstuff_runner::app: Node 2 view(6107) far exceeds block count (1526); potential sync issue    
2026-08-10T05:54:11.105745Z  WARN ThreadId(20) hotstuff_runner::app: Node 2 [produce_block] queue size: 2, attempting up to 2 transactions this block    
2026-08-10T05:54:11.109470Z  WARN ThreadId(20) hotstuff_runner::app: Node 2 view(6111) far exceeds block count (1527); potential sync issue    
2026-08-10T05:54:11.211293Z  WARN ThreadId(20) hotstuff_runner::app: Node 2 [produce_block] queue size: 2, attempting up to 2 transactions this block    
2026-08-10T05:54:11.214529Z  WARN ThreadId(20) hotstuff_runner::app: Node 2 view(6115) far exceeds block count (1528); potential sync issue    
2026-08-10T05:54:11.376208Z  WARN ThreadId(20) hotstuff_runner::app: Node 2 [produce_block] queue size: 2, attempting up to 2 transactions this block    
2026-08-10T05:54:11.376695Z  WARN ThreadId(20) hotstuff_runner::app: Node 2 view(6119) far exceeds block count (1529); potential sync issue    
2026-08-10T05:54:11.522008Z  WARN ThreadId(20) hotstuff_runner::app: Node 2 [produce_block] queue size: 0, attempting up to 0 transactions this block    
2026-08-10T05:54:11.538654Z  WARN ThreadId(20) hotstuff_runner::app: Node 2 view(6123) far exceeds block count (1530); potential sync issue    
2026-08-10T05:54:11.721456Z  WARN ThreadId(20) hotstuff_runner::app: Node 2 [produce_block] queue size: 2, attempting up to 2 transactions this block    
2026-08-10T05:54:11.722518Z  WARN ThreadId(20) hotstuff_runner::app: Node 2 view(6127) far exceeds block count (1531); potential sync issue    
2026-08-10T05:54:11.821920Z  WARN ThreadId(20) hotstuff_runner::app: Node 2 [produce_block] queue size: 2, attempting up to 2 transactions this block    
2026-08-10T05:54:11.824557Z  WARN ThreadId(20) hotstuff_runner::app: Node 2 view(6131) far exceeds block count (1532); potential sync issue    
2026-08-10T05:54:11.946999Z  WARN ThreadId(20) hotstuff_runner::app: Node 2 [produce_block] queue size: 0, attempting up to 0 transactions this block    
2026-08-10T05:54:11.948131Z  WARN ThreadId(20) hotstuff_runner::app: Node 2 view(6135) far exceeds block count (1533); potential sync issue    
2026-08-10T05:54:12.021870Z  WARN ThreadId(20) hotstuff_runner::app: Node 2 [produce_block] queue size: 2, attempting up to 2 transactions this block    
2026-08-10T05:54:12.022399Z  WARN ThreadId(20) hotstuff_runner::app: Node 2 view(6139) far exceeds block count (1534); potential sync issue    
2026-08-10T05:54:12.307762Z  WARN ThreadId(20) hotstuff_runner::app: Node 2 [produce_block] queue size: 2, attempting up to 2 transactions this block    
2026-08-10T05:54:12.308426Z  WARN ThreadId(20) hotstuff_runner::app: Node 2 view(6143) far exceeds block count (1535); potential sync issue    
2026-08-10T05:54:12.489963Z  WARN ThreadId(20) hotstuff_runner::app: Node 2 [produce_block] queue size: 2, attempting up to 2 transactions this block    
2026-08-10T05:54:12.490083Z  WARN ThreadId(20) hotstuff_runner::app: Node 2 view(6147) far exceeds block count (1536); potential sync issue    
2026-08-10T05:54:12.651988Z  WARN ThreadId(20) hotstuff_runner::app: Node 2 [produce_block] queue size: 2, attempting up to 2 transactions this block    
2026-08-10T05:54:12.652540Z  WARN ThreadId(20) hotstuff_runner::app: Node 2 view(6151) far exceeds block count (1537); potential sync issue    
2026-08-10T05:54:12.824926Z  WARN ThreadId(20) hotstuff_runner::app: Node 2 [produce_block] queue size: 2, attempting up to 2 transactions this block    
2026-08-10T05:54:12.825045Z  WARN ThreadId(20) hotstuff_runner::app: Node 2 view(6155) far exceeds block count (1538); potential sync issue    
2026-08-10T05:54:12.939102Z  WARN ThreadId(20) hotstuff_runner::app: Node 2 [produce_block] queue size: 0, attempting up to 0 transactions this block    
2026-08-10T05:54:12.940151Z  WARN ThreadId(20) hotstuff_runner::app: Node 2 view(6159) far exceeds block count (1539); potential sync issue    
2026-08-10T05:54:13.038890Z  WARN ThreadId(20) hotstuff_runner::app: Node 2 [produce_block] queue size: 0, attempting up to 0 transactions this block    
2026-08-10T05:54:13.041654Z  WARN ThreadId(20) hotstuff_runner::app: Node 2 view(6163) far exceeds block count (1540); potential sync issue    
2026-08-10T05:54:13.144743Z  WARN ThreadId(20) hotstuff_runner::app: Node 2 [produce_block] queue size: 2, attempting up to 2 transactions this block    
2026-08-10T05:54:13.145602Z  WARN ThreadId(20) hotstuff_runner::app: Node 2 view(6167) far exceeds block count (1541); potential sync issue    
2026-08-10T05:54:13.304387Z  WARN ThreadId(20) hotstuff_runner::app: Node 2 [produce_block] queue size: 2, attempting up to 2 transactions this block    
2026-08-10T05:54:13.305554Z  WARN ThreadId(20) hotstuff_runner::app: Node 2 view(6171) far exceeds block count (1542); potential sync issue    
2026-08-10T05:54:13.474526Z  WARN ThreadId(20) hotstuff_runner::app: Node 2 [produce_block] queue size: 2, attempting up to 2 transactions this block    
2026-08-10T05:54:13.475717Z  WARN ThreadId(20) hotstuff_runner::app: Node 2 view(6175) far exceeds block count (1543); potential sync issue    
2026-08-10T05:54:13.613554Z  WARN ThreadId(20) hotstuff_runner::app: Node 2 [produce_block] queue size: 0, attempting up to 0 transactions this block    
2026-08-10T05:54:13.623483Z  WARN ThreadId(20) hotstuff_runner::app: Node 2 view(6179) far exceeds block count (1544); potential sync issue    
2026-08-10T05:54:13.747255Z  WARN ThreadId(20) hotstuff_runner::app: Node 2 [produce_block] queue size: 2, attempting up to 2 transactions this block    
2026-08-10T05:54:13.748670Z  WARN ThreadId(20) hotstuff_runner::app: Node 2 view(6183) far exceeds block count (1545); potential sync issue    
2026-08-10T05:54:13.856075Z  WARN ThreadId(20) hotstuff_runner::app: Node 2 [produce_block] queue size: 0, attempting up to 0 transactions this block    
2026-08-10T05:54:13.856845Z  WARN ThreadId(20) hotstuff_runner::app: Node 2 view(6187) far exceeds block count (1546); potential sync issue    
2026-08-10T05:54:13.887647Z  WARN ThreadId(09) docker_node: Low processing efficiency: 0.0% - system may need tuning
2026-08-10T05:54:14.097080Z  WARN ThreadId(20) hotstuff_runner::app: Node 2 [produce_block] queue size: 4, attempting up to 4 transactions this block    
2026-08-10T05:54:14.103177Z  WARN ThreadId(20) hotstuff_runner::app: Node 2 view(6191) far exceeds block count (1547); potential sync issue    
2026-08-10T05:54:14.205886Z  WARN ThreadId(20) hotstuff_runner::app: Node 2 [produce_block] queue size: 0, attempting up to 0 transactions this block    
2026-08-10T05:54:14.206589Z  WARN ThreadId(20) hotstuff_runner::app: Node 2 view(6195) far exceeds block count (1548); potential sync issue    
2026-08-10T05:54:14.312079Z  WARN ThreadId(20) hotstuff_runner::app: Node 2 [produce_block] queue size: 2, attempting up to 2 transactions this block    
2026-08-10T05:54:14.312950Z  WARN ThreadId(20) hotstuff_runner::app: Node 2 view(6199) far exceeds block count (1549); potential sync issue    
2026-08-10T05:54:14.427221Z  WARN ThreadId(20) hotstuff_runner::app: Node 2 [produce_block] queue size: 0, attempting up to 0 transactions this block    
2026-08-10T05:54:14.439718Z  WARN ThreadId(20) hotstuff_runner::app: Node 2 view(6203) far exceeds block count (1550); potential sync issue    
2026-08-10T05:54:14.657468Z  WARN ThreadId(20) hotstuff_runner::app: Node 2 [produce_block] queue size: 2, attempting up to 2 transactions this block    
2026-08-10T05:54:14.658037Z  WARN ThreadId(20) hotstuff_runner::app: Node 2 view(6207) far exceeds block count (1551); potential sync issue    
2026-08-10T05:54:14.761087Z  WARN ThreadId(20) hotstuff_runner::app: Node 2 [produce_block] queue size: 2, attempting up to 2 transactions this block    
2026-08-10T05:54:14.761299Z  WARN ThreadId(20) hotstuff_runner::app: Node 2 view(6211) far exceeds block count (1552); potential sync issue    
2026-08-10T05:54:14.962582Z  WARN ThreadId(20) hotstuff_runner::app: Node 2 [produce_block] queue size: 2, attempting up to 2 transactions this block    
2026-08-10T05:54:14.971336Z  WARN ThreadId(20) hotstuff_runner::app: Node 2 view(6215) far exceeds block count (1553); potential sync issue    
2026-08-10T05:54:15.106451Z  WARN ThreadId(20) hotstuff_runner::app: Node 2 [produce_block] queue size: 2, attempting up to 2 transactions this block    
2026-08-10T05:54:15.109398Z  WARN ThreadId(20) hotstuff_runner::app: Node 2 view(6219) far exceeds block count (1554); potential sync issue    
2026-08-10T05:54:15.207964Z  WARN ThreadId(20) hotstuff_runner::app: Node 2 [produce_block] queue size: 0, attempting up to 0 transactions this block    
2026-08-10T05:54:15.208147Z  WARN ThreadId(20) hotstuff_runner::app: Node 2 view(6223) far exceeds block count (1555); potential sync issue    
2026-08-10T05:54:15.328390Z  WARN ThreadId(20) hotstuff_runner::app: Node 2 [produce_block] queue size: 2, attempting up to 2 transactions this block    
2026-08-10T05:54:15.330189Z  WARN ThreadId(20) hotstuff_runner::app: Node 2 view(6227) far exceeds block count (1556); potential sync issue    
2026-08-10T05:54:15.453924Z  WARN ThreadId(20) hotstuff_runner::app: Node 2 [produce_block] queue size: 0, attempting up to 0 transactions this block    
2026-08-10T05:54:15.461217Z  WARN ThreadId(20) hotstuff_runner::app: Node 2 view(6231) far exceeds block count (1557); potential sync issue    
2026-08-10T05:54:15.600137Z  WARN ThreadId(20) hotstuff_runner::app: Node 2 [produce_block] queue size: 2, attempting up to 2 transactions this block    
2026-08-10T05:54:15.600572Z  WARN ThreadId(20) hotstuff_runner::app: Node 2 view(6235) far exceeds block count (1558); potential sync issue    
2026-08-10T05:54:15.735645Z  WARN ThreadId(20) hotstuff_runner::app: Node 2 [produce_block] queue size: 2, attempting up to 2 transactions this block    
2026-08-10T05:54:15.738460Z  WARN ThreadId(20) hotstuff_runner::app: Node 2 view(6239) far exceeds block count (1559); potential sync issue    
2026-08-10T05:54:15.855105Z  WARN ThreadId(20) hotstuff_runner::app: Node 2 [produce_block] queue size: 2, attempting up to 2 transactions this block    
2026-08-10T05:54:15.861072Z  WARN ThreadId(20) hotstuff_runner::app: Node 2 view(6243) far exceeds block count (1560); potential sync issue    
2026-08-10T05:54:15.993870Z  WARN ThreadId(20) hotstuff_runner::app: Node 2 [produce_block] queue size: 0, attempting up to 0 transactions this block    
2026-08-10T05:54:15.994217Z  WARN ThreadId(20) hotstuff_runner::app: Node 2 view(6247) far exceeds block count (1561); potential sync issue    
2026-08-10T05:54:16.154169Z  WARN ThreadId(20) hotstuff_runner::app: Node 2 [produce_block] queue size: 2, attempting up to 2 transactions this block    
2026-08-10T05:54:16.154857Z  WARN ThreadId(20) hotstuff_runner::app: Node 2 view(6251) far exceeds block count (1562); potential sync issue    
2026-08-10T05:54:16.288835Z  WARN ThreadId(20) hotstuff_runner::app: Node 2 [produce_block] queue size: 2, attempting up to 2 transactions this block    
2026-08-10T05:54:16.289076Z  WARN ThreadId(20) hotstuff_runner::app: Node 2 view(6255) far exceeds block count (1563); potential sync issue    
2026-08-10T05:54:16.399894Z  WARN ThreadId(20) hotstuff_runner::app: Node 2 [produce_block] queue size: 0, attempting up to 0 transactions this block    
2026-08-10T05:54:16.401730Z  WARN ThreadId(20) hotstuff_runner::app: Node 2 view(6259) far exceeds block count (1564); potential sync issue    
2026-08-10T05:54:16.527180Z  WARN ThreadId(20) hotstuff_runner::app: Node 2 [produce_block] queue size: 2, attempting up to 2 transactions this block    
2026-08-10T05:54:16.533319Z  WARN ThreadId(20) hotstuff_runner::app: Node 2 view(6263) far exceeds block count (1565); potential sync issue    
2026-08-10T05:54:16.650710Z  WARN ThreadId(20) hotstuff_runner::app: Node 2 [produce_block] queue size: 0, attempting up to 0 transactions this block    
2026-08-10T05:54:16.650971Z  WARN ThreadId(20) hotstuff_runner::app: Node 2 view(6267) far exceeds block count (1566); potential sync issue    
2026-08-10T05:54:16.765033Z  WARN ThreadId(20) hotstuff_runner::app: Node 2 [produce_block] queue size: 2, attempting up to 2 transactions this block    
2026-08-10T05:54:16.766331Z  WARN ThreadId(20) hotstuff_runner::app: Node 2 view(6271) far exceeds block count (1567); potential sync issue    
2026-08-10T05:54:16.865625Z  WARN ThreadId(20) hotstuff_runner::app: Node 2 [produce_block] queue size: 0, attempting up to 0 transactions this block    
2026-08-10T05:54:16.865802Z  WARN ThreadId(20) hotstuff_runner::app: Node 2 view(6275) far exceeds block count (1568); potential sync issue    
2026-08-10T05:54:16.917082Z  WARN ThreadId(20) hotstuff_runner::app: Node 2 [produce_block] queue size: 2, attempting up to 2 transactions this block    
2026-08-10T05:54:16.917891Z  WARN ThreadId(20) hotstuff_runner::app: Node 2 view(6279) far exceeds block count (1569); potential sync issue    
2026-08-10T05:54:17.029283Z  WARN ThreadId(20) hotstuff_runner::app: Node 2 [produce_block] queue size: 0, attempting up to 0 transactions this block    
2026-08-10T05:54:17.029989Z  WARN ThreadId(20) hotstuff_runner::app: Node 2 view(6283) far exceeds block count (1570); potential sync issue    
2026-08-10T05:54:17.156973Z  WARN ThreadId(20) hotstuff_runner::app: Node 2 [produce_block] queue size: 2, attempting up to 2 transactions this block    
2026-08-10T05:54:17.157121Z  WARN ThreadId(20) hotstuff_runner::app: Node 2 view(6287) far exceeds block count (1571); potential sync issue    
2026-08-10T05:54:17.277830Z  WARN ThreadId(20) hotstuff_runner::app: Node 2 [produce_block] queue size: 0, attempting up to 0 transactions this block    
2026-08-10T05:54:17.278712Z  WARN ThreadId(20) hotstuff_runner::app: Node 2 view(6291) far exceeds block count (1572); potential sync issue    
2026-08-10T05:54:17.375637Z  WARN ThreadId(20) hotstuff_runner::app: Node 2 [produce_block] queue size: 2, attempting up to 2 transactions this block    
2026-08-10T05:54:17.377605Z  WARN ThreadId(20) hotstuff_runner::app: Node 2 view(6295) far exceeds block count (1573); potential sync issue    
2026-08-10T05:54:17.537303Z  WARN ThreadId(20) hotstuff_runner::app: Node 2 [produce_block] queue size: 2, attempting up to 2 transactions this block    
2026-08-10T05:54:17.537858Z  WARN ThreadId(20) hotstuff_runner::app: Node 2 view(6299) far exceeds block count (1574); potential sync issue    
2026-08-10T05:54:17.609901Z  WARN ThreadId(20) hotstuff_runner::app: Node 2 [produce_block] queue size: 0, attempting up to 0 transactions this block    
2026-08-10T05:54:17.613000Z  WARN ThreadId(20) hotstuff_runner::app: Node 2 view(6303) far exceeds block count (1575); potential sync issue    
2026-08-10T05:54:17.697359Z  WARN ThreadId(20) hotstuff_runner::app: Node 2 [produce_block] queue size: 2, attempting up to 2 transactions this block    
2026-08-10T05:54:17.698994Z  WARN ThreadId(20) hotstuff_runner::app: Node 2 view(6307) far exceeds block count (1576); potential sync issue    
2026-08-10T05:54:17.866088Z  WARN ThreadId(20) hotstuff_runner::app: Node 2 [produce_block] queue size: 0, attempting up to 0 transactions this block    
2026-08-10T05:54:17.866238Z  WARN ThreadId(20) hotstuff_runner::app: Node 2 view(6311) far exceeds block count (1577); potential sync issue    
2026-08-10T05:54:17.987620Z  WARN ThreadId(20) hotstuff_runner::app: Node 2 [produce_block] queue size: 2, attempting up to 2 transactions this block    
2026-08-10T05:54:17.988145Z  WARN ThreadId(20) hotstuff_runner::app: Node 2 view(6315) far exceeds block count (1578); potential sync issue    
2026-08-10T05:54:18.078295Z  WARN ThreadId(20) hotstuff_runner::app: Node 2 [produce_block] queue size: 0, attempting up to 0 transactions this block    
2026-08-10T05:54:18.079305Z  WARN ThreadId(20) hotstuff_runner::app: Node 2 view(6319) far exceeds block count (1579); potential sync issue    
2026-08-10T05:54:18.206571Z  WARN ThreadId(20) hotstuff_runner::app: Node 2 [produce_block] queue size: 2, attempting up to 2 transactions this block    
2026-08-10T05:54:18.207005Z  WARN ThreadId(20) hotstuff_runner::app: Node 2 view(6323) far exceeds block count (1580); potential sync issue    
2026-08-10T05:54:18.353415Z  WARN ThreadId(20) hotstuff_runner::app: Node 2 [produce_block] queue size: 0, attempting up to 0 transactions this block    
2026-08-10T05:54:18.355202Z  WARN ThreadId(20) hotstuff_runner::app: Node 2 view(6327) far exceeds block count (1581); potential sync issue    
2026-08-10T05:54:18.413394Z  WARN ThreadId(20) hotstuff_rs::block_tree::invariants: SAFE_PC_FAIL: pc.block=[117, 228, 78, 24, 15, 246, 204, 118, 121, 14, 70, 28, 86, 209, 62, 219, 193, 130, 150, 205, 129, 155, 113, 228, 27, 100, 75, 46, 103, 125, 14, 152] view=6328 phase=Generic | cond1(chain_id/genesis)=true (pc.chain_id=0, my.chain_id=0) | cond2(block_exists/genesis)=false (exists=false) | cond3(view>locked || extends)=true (pc.view=6328, locked.view=6325, extends=false) | cond4(phase/updates)=true (phase_special=false, has_updates=false) | highest_pc.block=[189, 83, 251, 223, 235, 17, 24, 145, 149, 8, 117, 25, 221, 99, 202, 176, 51, 183, 3, 34, 134, 15, 253, 225, 20, 242, 65, 104, 244, 237, 83, 173] highest_pc.view=6326 locked.block=[143, 86, 203, 161, 36, 202, 80, 114, 9, 110, 208, 252, 12, 254, 106, 79, 19, 226, 34, 151, 113, 43, 202, 193, 56, 1, 129, 220, 70, 225, 107, 140] locked.view=6325    
2026-08-10T05:54:18.414595Z  WARN ThreadId(20) hotstuff_rs::block_tree::invariants: SAFE_BLOCK_FAIL: block=[230, 194, 148, 80, 73, 252, 205, 204, 62, 106, 207, 228, 41, 130, 73, 209, 161, 102, 9, 101, 78, 69, 103, 60, 72, 5, 68, 83, 200, 198, 31, 0] height=None | cond1(safe_pc)=false | cond2(is_block_justify)=true (justify.phase=Generic) | justify.block=[117, 228, 78, 24, 15, 246, 204, 118, 121, 14, 70, 28, 86, 209, 62, 219, 193, 130, 150, 205, 129, 155, 113, 228, 27, 100, 75, 46, 103, 125, 14, 152] justify.view=6328 | highest_pc.block=[189, 83, 251, 223, 235, 17, 24, 145, 149, 8, 117, 25, 221, 99, 202, 176, 51, 183, 3, 34, 134, 15, 253, 225, 20, 242, 65, 104, 244, 237, 83, 173] highest_pc.view=6326 | locked.block=[143, 86, 203, 161, 36, 202, 80, 114, 9, 110, 208, 252, 12, 254, 106, 79, 19, 226, 34, 151, 113, 43, 202, 193, 56, 1, 129, 220, 70, 225, 107, 140] locked.view=6325    
2026-08-10T05:54:18.422154Z  WARN ThreadId(20) hotstuff_rs::block_tree::invariants: SAFE_PC_FAIL: pc.block=[230, 194, 148, 80, 73, 252, 205, 204, 62, 106, 207, 228, 41, 130, 73, 209, 161, 102, 9, 101, 78, 69, 103, 60, 72, 5, 68, 83, 200, 198, 31, 0] view=6329 phase=Generic | cond1(chain_id/genesis)=true (pc.chain_id=0, my.chain_id=0) | cond2(block_exists/genesis)=false (exists=false) | cond3(view>locked || extends)=true (pc.view=6329, locked.view=6325, extends=false) | cond4(phase/updates)=true (phase_special=false, has_updates=false) | highest_pc.block=[189, 83, 251, 223, 235, 17, 24, 145, 149, 8, 117, 25, 221, 99, 202, 176, 51, 183, 3, 34, 134, 15, 253, 225, 20, 242, 65, 104, 244, 237, 83, 173] highest_pc.view=6326 locked.block=[143, 86, 203, 161, 36, 202, 80, 114, 9, 110, 208, 252, 12, 254, 106, 79, 19, 226, 34, 151, 113, 43, 202, 193, 56, 1, 129, 220, 70, 225, 107, 140] locked.view=6325    
2026-08-10T05:54:18.440617Z  WARN ThreadId(20) hotstuff_rs::block_tree::invariants: SAFE_BLOCK_FAIL: block=[243, 114, 216, 242, 55, 191, 122, 174, 135, 22, 104, 107, 11, 53, 200, 62, 148, 172, 79, 92, 233, 181, 135, 111, 116, 16, 79, 43, 152, 132, 143, 39] height=None | cond1(safe_pc)=false | cond2(is_block_justify)=true (justify.phase=Generic) | justify.block=[230, 194, 148, 80, 73, 252, 205, 204, 62, 106, 207, 228, 41, 130, 73, 209, 161, 102, 9, 101, 78, 69, 103, 60, 72, 5, 68, 83, 200, 198, 31, 0] justify.view=6329 | highest_pc.block=[189, 83, 251, 223, 235, 17, 24, 145, 149, 8, 117, 25, 221, 99, 202, 176, 51, 183, 3, 34, 134, 15, 253, 225, 20, 242, 65, 104, 244, 237, 83, 173] highest_pc.view=6326 | locked.block=[143, 86, 203, 161, 36, 202, 80, 114, 9, 110, 208, 252, 12, 254, 106, 79, 19, 226, 34, 151, 113, 43, 202, 193, 56, 1, 129, 220, 70, 225, 107, 140] locked.view=6325    
2026-08-10T05:54:18.447112Z  WARN ThreadId(20) hotstuff_rs::block_tree::invariants: SAFE_PC_FAIL: pc.block=[243, 114, 216, 242, 55, 191, 122, 174, 135, 22, 104, 107, 11, 53, 200, 62, 148, 172, 79, 92, 233, 181, 135, 111, 116, 16, 79, 43, 152, 132, 143, 39] view=6330 phase=Generic | cond1(chain_id/genesis)=true (pc.chain_id=0, my.chain_id=0) | cond2(block_exists/genesis)=false (exists=false) | cond3(view>locked || extends)=true (pc.view=6330, locked.view=6325, extends=false) | cond4(phase/updates)=true (phase_special=false, has_updates=false) | highest_pc.block=[189, 83, 251, 223, 235, 17, 24, 145, 149, 8, 117, 25, 221, 99, 202, 176, 51, 183, 3, 34, 134, 15, 253, 225, 20, 242, 65, 104, 244, 237, 83, 173] highest_pc.view=6326 locked.block=[143, 86, 203, 161, 36, 202, 80, 114, 9, 110, 208, 252, 12, 254, 106, 79, 19, 226, 34, 151, 113, 43, 202, 193, 56, 1, 129, 220, 70, 225, 107, 140] locked.view=6325    
2026-08-10T05:54:18.486021Z  WARN ThreadId(20) hotstuff_rs::block_tree::invariants: SAFE_PC_FAIL: pc.block=[230, 194, 148, 80, 73, 252, 205, 204, 62, 106, 207, 228, 41, 130, 73, 209, 161, 102, 9, 101, 78, 69, 103, 60, 72, 5, 68, 83, 200, 198, 31, 0] view=6329 phase=Generic | cond1(chain_id/genesis)=true (pc.chain_id=0, my.chain_id=0) | cond2(block_exists/genesis)=false (exists=false) | cond3(view>locked || extends)=true (pc.view=6329, locked.view=6326, extends=false) | cond4(phase/updates)=true (phase_special=false, has_updates=false) | highest_pc.block=[46, 33, 141, 170, 177, 227, 29, 252, 8, 82, 169, 89, 93, 105, 84, 145, 181, 0, 221, 171, 6, 178, 63, 25, 186, 233, 205, 52, 44, 185, 149, 35] highest_pc.view=6327 locked.block=[189, 83, 251, 223, 235, 17, 24, 145, 149, 8, 117, 25, 221, 99, 202, 176, 51, 183, 3, 34, 134, 15, 253, 225, 20, 242, 65, 104, 244, 237, 83, 173] locked.view=6326    
2026-08-10T05:54:18.889506Z  WARN ThreadId(07) docker_node: Low processing efficiency: 0.0% - system may need tuning
2026-08-10T05:54:18.920986Z  WARN ThreadId(20) hotstuff_runner::app: Node 2 [produce_block] queue size: 6, attempting up to 6 transactions this block    
2026-08-10T05:54:18.921303Z  WARN ThreadId(20) hotstuff_runner::app: Node 2 view(6331) far exceeds block count (1582); potential sync issue    
2026-08-10T05:54:19.036728Z  WARN ThreadId(20) hotstuff_runner::app: Node 2 [produce_block] queue size: 2, attempting up to 2 transactions this block    
2026-08-10T05:54:19.036883Z  WARN ThreadId(20) hotstuff_runner::app: Node 2 view(6335) far exceeds block count (1583); potential sync issue    
2026-08-10T05:54:19.172820Z  WARN ThreadId(20) hotstuff_runner::app: Node 2 [produce_block] queue size: 2, attempting up to 2 transactions this block    
2026-08-10T05:54:19.173075Z  WARN ThreadId(20) hotstuff_runner::app: Node 2 view(6339) far exceeds block count (1584); potential sync issue    
2026-08-10T05:54:19.424631Z  WARN ThreadId(20) hotstuff_runner::app: Node 2 [produce_block] queue size: 2, attempting up to 2 transactions this block    
2026-08-10T05:54:19.427353Z  WARN ThreadId(20) hotstuff_runner::app: Node 2 view(6343) far exceeds block count (1585); potential sync issue    
2026-08-10T05:54:19.574341Z  WARN ThreadId(20) hotstuff_runner::app: Node 2 [produce_block] queue size: 0, attempting up to 0 transactions this block    
2026-08-10T05:54:19.575002Z  WARN ThreadId(20) hotstuff_runner::app: Node 2 view(6347) far exceeds block count (1586); potential sync issue    
2026-08-10T05:54:19.907114Z  WARN ThreadId(20) hotstuff_runner::app: Node 2 [produce_block] queue size: 4, attempting up to 4 transactions this block    
2026-08-10T05:54:19.907280Z  WARN ThreadId(20) hotstuff_runner::app: Node 2 view(6351) far exceeds block count (1587); potential sync issue    
2026-08-10T05:54:20.103407Z  WARN ThreadId(20) hotstuff_runner::app: Node 2 [produce_block] queue size: 2, attempting up to 2 transactions this block    
2026-08-10T05:54:20.106892Z  WARN ThreadId(20) hotstuff_runner::app: Node 2 view(6355) far exceeds block count (1588); potential sync issue    
2026-08-10T05:54:20.264739Z  WARN ThreadId(20) hotstuff_runner::app: Node 2 [produce_block] queue size: 0, attempting up to 0 transactions this block    
2026-08-10T05:54:20.267063Z  WARN ThreadId(20) hotstuff_runner::app: Node 2 view(6359) far exceeds block count (1589); potential sync issue    
2026-08-10T05:54:20.494851Z  WARN ThreadId(20) hotstuff_runner::app: Node 2 [produce_block] queue size: 2, attempting up to 2 transactions this block    
2026-08-10T05:54:20.495060Z  WARN ThreadId(20) hotstuff_runner::app: Node 2 view(6363) far exceeds block count (1590); potential sync issue    
2026-08-10T05:54:20.730919Z  WARN ThreadId(20) hotstuff_runner::app: Node 2 [produce_block] queue size: 4, attempting up to 4 transactions this block    
2026-08-10T05:54:20.731271Z  WARN ThreadId(20) hotstuff_runner::app: Node 2 view(6367) far exceeds block count (1591); potential sync issue    
2026-08-10T05:54:21.011362Z  WARN ThreadId(20) hotstuff_runner::app: Node 2 [produce_block] queue size: 2, attempting up to 2 transactions this block    
2026-08-10T05:54:21.011662Z  WARN ThreadId(20) hotstuff_runner::app: Node 2 view(6371) far exceeds block count (1592); potential sync issue    
2026-08-10T05:54:21.112477Z  WARN ThreadId(20) hotstuff_runner::app: Node 2 [produce_block] queue size: 0, attempting up to 0 transactions this block    
2026-08-10T05:54:21.112658Z  WARN ThreadId(20) hotstuff_runner::app: Node 2 view(6375) far exceeds block count (1593); potential sync issue    
2026-08-10T05:54:21.249104Z  WARN ThreadId(20) hotstuff_runner::app: Node 2 [produce_block] queue size: 2, attempting up to 2 transactions this block    
2026-08-10T05:54:21.249334Z  WARN ThreadId(20) hotstuff_runner::app: Node 2 view(6379) far exceeds block count (1594); potential sync issue    
2026-08-10T05:54:21.365466Z  WARN ThreadId(20) hotstuff_runner::app: Node 2 [produce_block] queue size: 0, attempting up to 0 transactions this block    
2026-08-10T05:54:21.365716Z  WARN ThreadId(20) hotstuff_runner::app: Node 2 view(6383) far exceeds block count (1595); potential sync issue    
2026-08-10T05:54:21.645544Z  WARN ThreadId(20) hotstuff_runner::app: Node 2 [produce_block] queue size: 4, attempting up to 4 transactions this block    
2026-08-10T05:54:21.646410Z  WARN ThreadId(20) hotstuff_runner::app: Node 2 view(6387) far exceeds block count (1596); potential sync issue    
2026-08-10T05:54:21.756289Z  WARN ThreadId(20) hotstuff_runner::app: Node 2 [produce_block] queue size: 0, attempting up to 0 transactions this block    
2026-08-10T05:54:21.758562Z  WARN ThreadId(20) hotstuff_runner::app: Node 2 view(6391) far exceeds block count (1597); potential sync issue    
2026-08-10T05:54:21.907626Z  WARN ThreadId(20) hotstuff_runner::app: Node 2 [produce_block] queue size: 2, attempting up to 2 transactions this block    
2026-08-10T05:54:21.908263Z  WARN ThreadId(20) hotstuff_runner::app: Node 2 view(6395) far exceeds block count (1598); potential sync issue    
2026-08-10T05:54:22.041878Z  WARN ThreadId(20) hotstuff_runner::app: Node 2 [produce_block] queue size: 2, attempting up to 2 transactions this block    
2026-08-10T05:54:22.043379Z  WARN ThreadId(20) hotstuff_runner::app: Node 2 view(6399) far exceeds block count (1599); potential sync issue    
2026-08-10T05:54:22.187591Z  WARN ThreadId(20) hotstuff_runner::app: Node 2 [produce_block] queue size: 2, attempting up to 2 transactions this block    
2026-08-10T05:54:22.192499Z  WARN ThreadId(20) hotstuff_runner::app: Node 2 view(6403) far exceeds block count (1600); potential sync issue    
2026-08-10T05:54:22.318582Z  WARN ThreadId(20) hotstuff_runner::app: Node 2 [produce_block] queue size: 0, attempting up to 0 transactions this block    
2026-08-10T05:54:22.318840Z  WARN ThreadId(20) hotstuff_runner::app: Node 2 view(6407) far exceeds block count (1601); potential sync issue    
2026-08-10T05:54:22.419322Z  WARN ThreadId(20) hotstuff_runner::app: Node 2 [produce_block] queue size: 2, attempting up to 2 transactions this block    
2026-08-10T05:54:22.419567Z  WARN ThreadId(20) hotstuff_runner::app: Node 2 view(6411) far exceeds block count (1602); potential sync issue    
2026-08-10T05:54:22.573068Z  WARN ThreadId(20) hotstuff_runner::app: Node 2 [produce_block] queue size: 0, attempting up to 0 transactions this block    
2026-08-10T05:54:22.575564Z  WARN ThreadId(20) hotstuff_runner::app: Node 2 view(6415) far exceeds block count (1603); potential sync issue    
2026-08-10T05:54:22.627578Z  WARN ThreadId(20) hotstuff_runner::app: Node 2 [produce_block] queue size: 0, attempting up to 0 transactions this block    
2026-08-10T05:54:22.628736Z  WARN ThreadId(20) hotstuff_runner::app: Node 2 view(6419) far exceeds block count (1604); potential sync issue    
2026-08-10T05:54:22.818480Z  WARN ThreadId(20) hotstuff_runner::app: Node 2 [produce_block] queue size: 2, attempting up to 2 transactions this block    
2026-08-10T05:54:22.818678Z  WARN ThreadId(20) hotstuff_runner::app: Node 2 view(6423) far exceeds block count (1605); potential sync issue    
2026-08-10T05:54:22.926480Z  WARN ThreadId(20) hotstuff_runner::app: Node 2 [produce_block] queue size: 2, attempting up to 2 transactions this block    
2026-08-10T05:54:22.928463Z  WARN ThreadId(20) hotstuff_runner::app: Node 2 view(6427) far exceeds block count (1606); potential sync issue    
2026-08-10T05:54:23.052598Z  WARN ThreadId(20) hotstuff_runner::app: Node 2 [produce_block] queue size: 2, attempting up to 2 transactions this block    
2026-08-10T05:54:23.053035Z  WARN ThreadId(20) hotstuff_runner::app: Node 2 view(6431) far exceeds block count (1607); potential sync issue    
2026-08-10T05:54:23.197729Z  WARN ThreadId(20) hotstuff_runner::app: Node 2 [produce_block] queue size: 0, attempting up to 0 transactions this block    
2026-08-10T05:54:23.198464Z  WARN ThreadId(20) hotstuff_runner::app: Node 2 view(6435) far exceeds block count (1608); potential sync issue    
2026-08-10T05:54:23.308649Z  WARN ThreadId(20) hotstuff_runner::app: Node 2 [produce_block] queue size: 2, attempting up to 2 transactions this block    
2026-08-10T05:54:23.309308Z  WARN ThreadId(20) hotstuff_runner::app: Node 2 view(6439) far exceeds block count (1609); potential sync issue    
2026-08-10T05:54:23.432878Z  WARN ThreadId(20) hotstuff_runner::app: Node 2 [produce_block] queue size: 0, attempting up to 0 transactions this block    
2026-08-10T05:54:23.433796Z  WARN ThreadId(20) hotstuff_runner::app: Node 2 view(6443) far exceeds block count (1610); potential sync issue    
2026-08-10T05:54:23.509487Z  WARN ThreadId(20) hotstuff_runner::app: Node 2 [produce_block] queue size: 2, attempting up to 2 transactions this block    
2026-08-10T05:54:23.510364Z  WARN ThreadId(20) hotstuff_runner::app: Node 2 view(6447) far exceeds block count (1611); potential sync issue    
2026-08-10T05:54:23.636798Z  WARN ThreadId(20) hotstuff_runner::app: Node 2 [produce_block] queue size: 0, attempting up to 0 transactions this block    
2026-08-10T05:54:23.637504Z  WARN ThreadId(20) hotstuff_runner::app: Node 2 view(6451) far exceeds block count (1612); potential sync issue    
2026-08-10T05:54:23.779736Z  WARN ThreadId(20) hotstuff_runner::app: Node 2 [produce_block] queue size: 2, attempting up to 2 transactions this block    
2026-08-10T05:54:23.780020Z  WARN ThreadId(20) hotstuff_runner::app: Node 2 view(6455) far exceeds block count (1613); potential sync issue    
2026-08-10T05:54:23.888557Z  WARN ThreadId(02) docker_node: Low processing efficiency: 0.0% - system may need tuning
2026-08-10T05:54:23.899887Z  WARN ThreadId(20) hotstuff_runner::app: Node 2 [produce_block] queue size: 2, attempting up to 2 transactions this block    
2026-08-10T05:54:23.900376Z  WARN ThreadId(20) hotstuff_runner::app: Node 2 view(6459) far exceeds block count (1614); potential sync issue    
2026-08-10T05:54:24.146970Z  WARN ThreadId(20) hotstuff_runner::app: Node 2 [produce_block] queue size: 2, attempting up to 2 transactions this block    
2026-08-10T05:54:24.147275Z  WARN ThreadId(20) hotstuff_runner::app: Node 2 view(6463) far exceeds block count (1615); potential sync issue    
2026-08-10T05:54:24.354280Z  WARN ThreadId(20) hotstuff_runner::app: Node 2 [produce_block] queue size: 2, attempting up to 2 transactions this block    
2026-08-10T05:54:24.354517Z  WARN ThreadId(20) hotstuff_runner::app: Node 2 view(6467) far exceeds block count (1616); potential sync issue    
2026-08-10T05:54:24.594817Z  WARN ThreadId(20) hotstuff_runner::app: Node 2 [produce_block] queue size: 2, attempting up to 2 transactions this block    
2026-08-10T05:54:24.626742Z  WARN ThreadId(20) hotstuff_runner::app: Node 2 view(6471) far exceeds block count (1617); potential sync issue    
2026-08-10T05:54:24.733900Z  WARN ThreadId(20) hotstuff_runner::app: Node 2 [produce_block] queue size: 2, attempting up to 2 transactions this block    
2026-08-10T05:54:24.734035Z  WARN ThreadId(20) hotstuff_runner::app: Node 2 view(6475) far exceeds block count (1618); potential sync issue    
2026-08-10T05:54:24.961173Z  WARN ThreadId(20) hotstuff_runner::app: Node 2 [produce_block] queue size: 2, attempting up to 2 transactions this block    
2026-08-10T05:54:24.972232Z  WARN ThreadId(20) hotstuff_runner::app: Node 2 view(6479) far exceeds block count (1619); potential sync issue    
2026-08-10T05:54:25.146816Z  WARN ThreadId(20) hotstuff_runner::app: Node 2 [produce_block] queue size: 2, attempting up to 2 transactions this block    
2026-08-10T05:54:25.147028Z  WARN ThreadId(20) hotstuff_runner::app: Node 2 view(6483) far exceeds block count (1620); potential sync issue    
2026-08-10T05:54:25.287352Z  WARN ThreadId(20) hotstuff_runner::app: Node 2 [produce_block] queue size: 0, attempting up to 0 transactions this block    
2026-08-10T05:54:25.287511Z  WARN ThreadId(20) hotstuff_runner::app: Node 2 view(6487) far exceeds block count (1621); potential sync issue    
2026-08-10T05:54:25.465651Z  WARN ThreadId(20) hotstuff_runner::app: Node 2 [produce_block] queue size: 2, attempting up to 2 transactions this block    
2026-08-10T05:54:25.467274Z  WARN ThreadId(20) hotstuff_runner::app: Node 2 view(6491) far exceeds block count (1622); potential sync issue    
2026-08-10T05:54:25.600738Z  WARN ThreadId(20) hotstuff_runner::app: Node 2 [produce_block] queue size: 2, attempting up to 2 transactions this block    
2026-08-10T05:54:25.601169Z  WARN ThreadId(20) hotstuff_runner::app: Node 2 view(6495) far exceeds block count (1623); potential sync issue    
2026-08-10T05:54:25.654278Z  WARN ThreadId(20) hotstuff_runner::app: Node 2 [produce_block] queue size: 2, attempting up to 2 transactions this block    
2026-08-10T05:54:25.654370Z  WARN ThreadId(20) hotstuff_runner::app: Node 2 view(6499) far exceeds block count (1624); potential sync issue    
2026-08-10T05:54:25.768275Z  WARN ThreadId(20) hotstuff_runner::app: Node 2 [produce_block] queue size: 0, attempting up to 0 transactions this block    
2026-08-10T05:54:25.779008Z  WARN ThreadId(20) hotstuff_runner::app: Node 2 view(6503) far exceeds block count (1625); potential sync issue    
2026-08-10T05:54:25.944779Z  WARN ThreadId(20) hotstuff_runner::app: Node 2 [produce_block] queue size: 2, attempting up to 2 transactions this block    
2026-08-10T05:54:25.946400Z  WARN ThreadId(20) hotstuff_runner::app: Node 2 view(6507) far exceeds block count (1626); potential sync issue    
2026-08-10T05:54:26.156784Z  WARN ThreadId(20) hotstuff_runner::app: Node 2 [produce_block] queue size: 2, attempting up to 2 transactions this block    
2026-08-10T05:54:26.157404Z  WARN ThreadId(20) hotstuff_runner::app: Node 2 view(6511) far exceeds block count (1627); potential sync issue    
2026-08-10T05:54:26.319951Z  WARN ThreadId(20) hotstuff_runner::app: Node 2 [produce_block] queue size: 2, attempting up to 2 transactions this block    
2026-08-10T05:54:26.320275Z  WARN ThreadId(20) hotstuff_runner::app: Node 2 view(6515) far exceeds block count (1628); potential sync issue    
2026-08-10T05:54:26.462558Z  WARN ThreadId(20) hotstuff_runner::app: Node 2 [produce_block] queue size: 2, attempting up to 2 transactions this block    
2026-08-10T05:54:26.464666Z  WARN ThreadId(20) hotstuff_runner::app: Node 2 view(6519) far exceeds block count (1629); potential sync issue    
2026-08-10T05:54:26.641012Z  WARN ThreadId(20) hotstuff_runner::app: Node 2 [produce_block] queue size: 2, attempting up to 2 transactions this block    
2026-08-10T05:54:26.648635Z  WARN ThreadId(20) hotstuff_runner::app: Node 2 view(6523) far exceeds block count (1630); potential sync issue    
2026-08-10T05:54:26.734874Z  WARN ThreadId(20) hotstuff_runner::app: Node 2 [produce_block] queue size: 0, attempting up to 0 transactions this block    
2026-08-10T05:54:26.735076Z  WARN ThreadId(20) hotstuff_runner::app: Node 2 view(6527) far exceeds block count (1631); potential sync issue    
2026-08-10T05:54:26.911223Z  WARN ThreadId(20) hotstuff_runner::app: Node 2 [produce_block] queue size: 2, attempting up to 2 transactions this block    
2026-08-10T05:54:26.919071Z  WARN ThreadId(20) hotstuff_runner::app: Node 2 view(6531) far exceeds block count (1632); potential sync issue    
2026-08-10T05:54:27.067209Z  WARN ThreadId(20) hotstuff_runner::app: Node 2 [produce_block] queue size: 2, attempting up to 2 transactions this block    
2026-08-10T05:54:27.067886Z  WARN ThreadId(20) hotstuff_runner::app: Node 2 view(6535) far exceeds block count (1633); potential sync issue    
2026-08-10T05:54:27.204126Z  WARN ThreadId(20) hotstuff_runner::app: Node 2 [produce_block] queue size: 0, attempting up to 0 transactions this block    
2026-08-10T05:54:27.205719Z  WARN ThreadId(20) hotstuff_runner::app: Node 2 view(6539) far exceeds block count (1634); potential sync issue    
2026-08-10T05:54:27.314472Z  WARN ThreadId(20) hotstuff_runner::app: Node 2 [produce_block] queue size: 2, attempting up to 2 transactions this block    
2026-08-10T05:54:27.314612Z  WARN ThreadId(20) hotstuff_runner::app: Node 2 view(6543) far exceeds block count (1635); potential sync issue    
2026-08-10T05:54:27.394997Z  WARN ThreadId(20) hotstuff_runner::app: Node 2 [produce_block] queue size: 0, attempting up to 0 transactions this block    
2026-08-10T05:54:27.395694Z  WARN ThreadId(20) hotstuff_runner::app: Node 2 view(6547) far exceeds block count (1636); potential sync issue    
2026-08-10T05:54:27.529219Z  WARN ThreadId(20) hotstuff_runner::app: Node 2 [produce_block] queue size: 2, attempting up to 2 transactions this block    
2026-08-10T05:54:27.530831Z  WARN ThreadId(20) hotstuff_runner::app: Node 2 view(6551) far exceeds block count (1637); potential sync issue    
2026-08-10T05:54:27.621796Z  WARN ThreadId(20) hotstuff_runner::app: Node 2 [produce_block] queue size: 0, attempting up to 0 transactions this block    
2026-08-10T05:54:27.626381Z  WARN ThreadId(20) hotstuff_runner::app: Node 2 view(6555) far exceeds block count (1638); potential sync issue    
2026-08-10T05:54:27.760184Z  WARN ThreadId(20) hotstuff_runner::app: Node 2 [produce_block] queue size: 2, attempting up to 2 transactions this block    
2026-08-10T05:54:27.760313Z  WARN ThreadId(20) hotstuff_runner::app: Node 2 view(6559) far exceeds block count (1639); potential sync issue    
2026-08-10T05:54:28.067739Z  WARN ThreadId(20) hotstuff_runner::app: Node 2 [produce_block] queue size: 2, attempting up to 2 transactions this block    
2026-08-10T05:54:28.068211Z  WARN ThreadId(20) hotstuff_runner::app: Node 2 view(6563) far exceeds block count (1640); potential sync issue    
2026-08-10T05:54:28.272112Z  WARN ThreadId(20) hotstuff_runner::app: Node 2 [produce_block] queue size: 4, attempting up to 4 transactions this block    
2026-08-10T05:54:28.274186Z  WARN ThreadId(20) hotstuff_runner::app: Node 2 view(6567) far exceeds block count (1641); potential sync issue    
2026-08-10T05:54:28.395884Z  WARN ThreadId(20) hotstuff_runner::app: Node 2 [produce_block] queue size: 0, attempting up to 0 transactions this block    
2026-08-10T05:54:28.406615Z  WARN ThreadId(20) hotstuff_runner::app: Node 2 view(6571) far exceeds block count (1642); potential sync issue    
2026-08-10T05:54:28.669671Z  WARN ThreadId(20) hotstuff_runner::app: Node 2 [produce_block] queue size: 2, attempting up to 2 transactions this block    
2026-08-10T05:54:28.684066Z  WARN ThreadId(20) hotstuff_runner::app: Node 2 view(6575) far exceeds block count (1643); potential sync issue    
2026-08-10T05:54:28.809455Z  WARN ThreadId(20) hotstuff_runner::app: Node 2 [produce_block] queue size: 2, attempting up to 2 transactions this block    
2026-08-10T05:54:28.812616Z  WARN ThreadId(20) hotstuff_runner::app: Node 2 view(6579) far exceeds block count (1644); potential sync issue    
2026-08-10T05:54:28.887528Z  WARN ThreadId(02) docker_node: Low processing efficiency: 0.0% - system may need tuning
2026-08-10T05:54:28.976295Z  WARN ThreadId(20) hotstuff_runner::app: Node 2 [produce_block] queue size: 2, attempting up to 2 transactions this block    
2026-08-10T05:54:28.976534Z  WARN ThreadId(20) hotstuff_runner::app: Node 2 view(6583) far exceeds block count (1645); potential sync issue    
2026-08-10T05:54:29.107135Z  WARN ThreadId(20) hotstuff_runner::app: Node 2 [produce_block] queue size: 0, attempting up to 0 transactions this block    
2026-08-10T05:54:29.121582Z  WARN ThreadId(20) hotstuff_runner::app: Node 2 view(6587) far exceeds block count (1646); potential sync issue    
2026-08-10T05:54:29.242823Z  WARN ThreadId(20) hotstuff_runner::app: Node 2 [produce_block] queue size: 2, attempting up to 2 transactions this block    
2026-08-10T05:54:29.243471Z  WARN ThreadId(20) hotstuff_runner::app: Node 2 view(6591) far exceeds block count (1647); potential sync issue    
2026-08-10T05:54:29.374295Z  WARN ThreadId(20) hotstuff_runner::app: Node 2 [produce_block] queue size: 2, attempting up to 2 transactions this block    
2026-08-10T05:54:29.374941Z  WARN ThreadId(20) hotstuff_runner::app: Node 2 view(6595) far exceeds block count (1648); potential sync issue    
2026-08-10T05:54:29.493596Z  WARN ThreadId(20) hotstuff_runner::app: Node 2 [produce_block] queue size: 0, attempting up to 0 transactions this block    
2026-08-10T05:54:29.494006Z  WARN ThreadId(20) hotstuff_runner::app: Node 2 view(6599) far exceeds block count (1649); potential sync issue    
2026-08-10T05:54:29.700075Z  WARN ThreadId(20) hotstuff_runner::app: Node 2 [produce_block] queue size: 2, attempting up to 2 transactions this block    
2026-08-10T05:54:29.701905Z  WARN ThreadId(20) hotstuff_runner::app: Node 2 view(6603) far exceeds block count (1650); potential sync issue    
2026-08-10T05:54:29.890862Z  WARN ThreadId(20) hotstuff_runner::app: Node 2 [produce_block] queue size: 2, attempting up to 2 transactions this block    
2026-08-10T05:54:29.892745Z  WARN ThreadId(20) hotstuff_runner::app: Node 2 view(6607) far exceeds block count (1651); potential sync issue    
2026-08-10T05:54:30.131026Z  WARN ThreadId(20) hotstuff_runner::app: Node 2 [produce_block] queue size: 4, attempting up to 4 transactions this block    
2026-08-10T05:54:30.136277Z  WARN ThreadId(20) hotstuff_runner::app: Node 2 view(6611) far exceeds block count (1652); potential sync issue    
2026-08-10T05:54:30.288108Z  WARN ThreadId(20) hotstuff_runner::app: Node 2 [produce_block] queue size: 2, attempting up to 2 transactions this block    
2026-08-10T05:54:30.292769Z  WARN ThreadId(20) hotstuff_runner::app: Node 2 view(6615) far exceeds block count (1653); potential sync issue    
2026-08-10T05:54:30.443673Z  WARN ThreadId(20) hotstuff_runner::app: Node 2 [produce_block] queue size: 2, attempting up to 2 transactions this block    
2026-08-10T05:54:30.443885Z  WARN ThreadId(20) hotstuff_runner::app: Node 2 view(6619) far exceeds block count (1654); potential sync issue    
2026-08-10T05:54:30.571112Z  WARN ThreadId(20) hotstuff_runner::app: Node 2 [produce_block] queue size: 0, attempting up to 0 transactions this block    
2026-08-10T05:54:30.571484Z  WARN ThreadId(20) hotstuff_runner::app: Node 2 view(6623) far exceeds block count (1655); potential sync issue    
2026-08-10T05:54:30.658823Z  WARN ThreadId(20) hotstuff_runner::app: Node 2 [produce_block] queue size: 2, attempting up to 2 transactions this block    
2026-08-10T05:54:30.663303Z  WARN ThreadId(20) hotstuff_runner::app: Node 2 view(6627) far exceeds block count (1656); potential sync issue    
2026-08-10T05:54:30.781846Z  WARN ThreadId(20) hotstuff_runner::app: Node 2 [produce_block] queue size: 0, attempting up to 0 transactions this block    
2026-08-10T05:54:30.781988Z  WARN ThreadId(20) hotstuff_runner::app: Node 2 view(6631) far exceeds block count (1657); potential sync issue    
2026-08-10T05:54:30.955371Z  WARN ThreadId(20) hotstuff_runner::app: Node 2 [produce_block] queue size: 2, attempting up to 2 transactions this block    
2026-08-10T05:54:30.955584Z  WARN ThreadId(20) hotstuff_runner::app: Node 2 view(6635) far exceeds block count (1658); potential sync issue    
2026-08-10T05:54:31.075051Z  WARN ThreadId(20) hotstuff_runner::app: Node 2 [produce_block] queue size: 0, attempting up to 0 transactions this block    
2026-08-10T05:54:31.075355Z  WARN ThreadId(20) hotstuff_runner::app: Node 2 view(6639) far exceeds block count (1659); potential sync issue    
2026-08-10T05:54:31.158336Z  WARN ThreadId(20) hotstuff_runner::app: Node 2 [produce_block] queue size: 2, attempting up to 2 transactions this block    
2026-08-10T05:54:31.160187Z  WARN ThreadId(20) hotstuff_runner::app: Node 2 view(6643) far exceeds block count (1660); potential sync issue    
2026-08-10T05:54:31.234312Z  WARN ThreadId(20) hotstuff_runner::app: Node 2 [produce_block] queue size: 0, attempting up to 0 transactions this block    
2026-08-10T05:54:31.236526Z  WARN ThreadId(20) hotstuff_runner::app: Node 2 view(6647) far exceeds block count (1661); potential sync issue    
2026-08-10T05:54:31.348597Z  WARN ThreadId(20) hotstuff_runner::app: Node 2 [produce_block] queue size: 2, attempting up to 2 transactions this block    
2026-08-10T05:54:31.348769Z  WARN ThreadId(20) hotstuff_runner::app: Node 2 view(6651) far exceeds block count (1662); potential sync issue    
2026-08-10T05:54:31.545928Z  WARN ThreadId(20) hotstuff_runner::app: Node 2 [produce_block] queue size: 2, attempting up to 2 transactions this block    
2026-08-10T05:54:31.547195Z  WARN ThreadId(20) hotstuff_runner::app: Node 2 view(6655) far exceeds block count (1663); potential sync issue    
2026-08-10T05:54:31.696412Z  WARN ThreadId(20) hotstuff_runner::app: Node 2 [produce_block] queue size: 0, attempting up to 0 transactions this block    
2026-08-10T05:54:31.696758Z  WARN ThreadId(20) hotstuff_runner::app: Node 2 view(6659) far exceeds block count (1664); potential sync issue    
2026-08-10T05:54:31.827620Z  WARN ThreadId(20) hotstuff_runner::app: Node 2 [produce_block] queue size: 2, attempting up to 2 transactions this block    
2026-08-10T05:54:31.831095Z  WARN ThreadId(20) hotstuff_runner::app: Node 2 view(6663) far exceeds block count (1665); potential sync issue    
2026-08-10T05:54:32.013381Z  WARN ThreadId(20) hotstuff_runner::app: Node 2 [produce_block] queue size: 2, attempting up to 2 transactions this block    
2026-08-10T05:54:32.013735Z  WARN ThreadId(20) hotstuff_runner::app: Node 2 view(6667) far exceeds block count (1666); potential sync issue    
2026-08-10T05:54:32.139086Z  WARN ThreadId(20) hotstuff_runner::app: Node 2 [produce_block] queue size: 0, attempting up to 0 transactions this block    
2026-08-10T05:54:32.140776Z  WARN ThreadId(20) hotstuff_runner::app: Node 2 view(6671) far exceeds block count (1667); potential sync issue    
2026-08-10T05:54:32.313947Z  WARN ThreadId(20) hotstuff_runner::app: Node 2 [produce_block] queue size: 2, attempting up to 2 transactions this block    
2026-08-10T05:54:32.315529Z  WARN ThreadId(20) hotstuff_runner::app: Node 2 view(6675) far exceeds block count (1668); potential sync issue    
2026-08-10T05:54:32.455303Z  WARN ThreadId(20) hotstuff_runner::app: Node 2 [produce_block] queue size: 2, attempting up to 2 transactions this block    
2026-08-10T05:54:32.457249Z  WARN ThreadId(20) hotstuff_runner::app: Node 2 view(6679) far exceeds block count (1669); potential sync issue    
2026-08-10T05:54:32.660683Z  WARN ThreadId(20) hotstuff_runner::app: Node 2 [produce_block] queue size: 2, attempting up to 2 transactions this block    
2026-08-10T05:54:32.660820Z  WARN ThreadId(20) hotstuff_runner::app: Node 2 view(6683) far exceeds block count (1670); potential sync issue    
2026-08-10T05:54:32.761613Z  WARN ThreadId(20) hotstuff_runner::app: Node 2 [produce_block] queue size: 0, attempting up to 0 transactions this block    
2026-08-10T05:54:32.766125Z  WARN ThreadId(20) hotstuff_runner::app: Node 2 view(6687) far exceeds block count (1671); potential sync issue    
2026-08-10T05:54:32.858476Z  WARN ThreadId(20) hotstuff_runner::app: Node 2 [produce_block] queue size: 2, attempting up to 2 transactions this block    
2026-08-10T05:54:32.860703Z  WARN ThreadId(20) hotstuff_runner::app: Node 2 view(6691) far exceeds block count (1672); potential sync issue    
2026-08-10T05:54:32.978629Z  WARN ThreadId(20) hotstuff_runner::app: Node 2 [produce_block] queue size: 0, attempting up to 0 transactions this block    
2026-08-10T05:54:32.979731Z  WARN ThreadId(20) hotstuff_runner::app: Node 2 view(6695) far exceeds block count (1673); potential sync issue    
2026-08-10T05:54:33.139180Z  WARN ThreadId(20) hotstuff_runner::app: Node 2 [produce_block] queue size: 2, attempting up to 2 transactions this block    
2026-08-10T05:54:33.139446Z  WARN ThreadId(20) hotstuff_runner::app: Node 2 view(6699) far exceeds block count (1674); potential sync issue    
2026-08-10T05:54:33.305288Z  WARN ThreadId(20) hotstuff_runner::app: Node 2 [produce_block] queue size: 2, attempting up to 2 transactions this block    
2026-08-10T05:54:33.305474Z  WARN ThreadId(20) hotstuff_runner::app: Node 2 view(6703) far exceeds block count (1675); potential sync issue    
2026-08-10T05:54:33.413834Z  WARN ThreadId(20) hotstuff_runner::app: Node 2 [produce_block] queue size: 2, attempting up to 2 transactions this block    
2026-08-10T05:54:33.414041Z  WARN ThreadId(20) hotstuff_runner::app: Node 2 view(6707) far exceeds block count (1676); potential sync issue    
2026-08-10T05:54:33.470372Z  WARN ThreadId(20) hotstuff_runner::app: Node 2 [produce_block] queue size: 0, attempting up to 0 transactions this block    
2026-08-10T05:54:33.470608Z  WARN ThreadId(20) hotstuff_runner::app: Node 2 view(6711) far exceeds block count (1677); potential sync issue    
2026-08-10T05:54:33.688089Z  WARN ThreadId(20) hotstuff_runner::app: Node 2 [produce_block] queue size: 2, attempting up to 2 transactions this block    
2026-08-10T05:54:33.688415Z  WARN ThreadId(20) hotstuff_runner::app: Node 2 view(6715) far exceeds block count (1678); potential sync issue    
2026-08-10T05:54:33.814274Z  WARN ThreadId(20) hotstuff_runner::app: Node 2 [produce_block] queue size: 0, attempting up to 0 transactions this block    
2026-08-10T05:54:33.814748Z  WARN ThreadId(20) hotstuff_runner::app: Node 2 view(6719) far exceeds block count (1679); potential sync issue    
2026-08-10T05:54:33.890345Z  WARN ThreadId(02) docker_node: Low processing efficiency: 0.0% - system may need tuning
2026-08-10T05:54:34.082061Z  WARN ThreadId(20) hotstuff_runner::app: Node 2 [produce_block] queue size: 4, attempting up to 4 transactions this block    
2026-08-10T05:54:34.082185Z  WARN ThreadId(20) hotstuff_runner::app: Node 2 view(6723) far exceeds block count (1680); potential sync issue    
2026-08-10T05:54:34.199367Z  WARN ThreadId(20) hotstuff_runner::app: Node 2 [produce_block] queue size: 0, attempting up to 0 transactions this block    
2026-08-10T05:54:34.203635Z  WARN ThreadId(20) hotstuff_runner::app: Node 2 view(6727) far exceeds block count (1681); potential sync issue    
2026-08-10T05:54:34.386584Z  WARN ThreadId(20) hotstuff_runner::app: Node 2 [produce_block] queue size: 2, attempting up to 2 transactions this block    
2026-08-10T05:54:34.386783Z  WARN ThreadId(20) hotstuff_runner::app: Node 2 view(6731) far exceeds block count (1682); potential sync issue    
2026-08-10T05:54:34.532004Z  WARN ThreadId(20) hotstuff_runner::app: Node 2 [produce_block] queue size: 2, attempting up to 2 transactions this block    
2026-08-10T05:54:34.533283Z  WARN ThreadId(20) hotstuff_runner::app: Node 2 view(6735) far exceeds block count (1683); potential sync issue    
2026-08-10T05:54:34.779053Z  WARN ThreadId(20) hotstuff_runner::app: Node 2 [produce_block] queue size: 2, attempting up to 2 transactions this block    
2026-08-10T05:54:34.787923Z  WARN ThreadId(20) hotstuff_runner::app: Node 2 view(6739) far exceeds block count (1684); potential sync issue    
2026-08-10T05:54:34.945373Z  WARN ThreadId(20) hotstuff_runner::app: Node 2 [produce_block] queue size: 2, attempting up to 2 transactions this block    
2026-08-10T05:54:34.945802Z  WARN ThreadId(20) hotstuff_runner::app: Node 2 view(6743) far exceeds block count (1685); potential sync issue    
2026-08-10T05:54:35.112439Z  WARN ThreadId(20) hotstuff_runner::app: Node 2 [produce_block] queue size: 2, attempting up to 2 transactions this block    
2026-08-10T05:54:35.112893Z  WARN ThreadId(20) hotstuff_runner::app: Node 2 view(6747) far exceeds block count (1686); potential sync issue    
2026-08-10T05:54:35.276940Z  WARN ThreadId(20) hotstuff_runner::app: Node 2 [produce_block] queue size: 0, attempting up to 0 transactions this block    
2026-08-10T05:54:35.277465Z  WARN ThreadId(20) hotstuff_runner::app: Node 2 view(6751) far exceeds block count (1687); potential sync issue    
2026-08-10T05:54:35.366436Z  WARN ThreadId(20) hotstuff_runner::app: Node 2 [produce_block] queue size: 2, attempting up to 2 transactions this block    
2026-08-10T05:54:35.366711Z  WARN ThreadId(20) hotstuff_runner::app: Node 2 view(6755) far exceeds block count (1688); potential sync issue    
2026-08-10T05:54:35.532817Z  WARN ThreadId(20) hotstuff_runner::app: Node 2 [produce_block] queue size: 2, attempting up to 2 transactions this block    
2026-08-10T05:54:35.532965Z  WARN ThreadId(20) hotstuff_runner::app: Node 2 view(6759) far exceeds block count (1689); potential sync issue    
2026-08-10T05:54:35.663926Z  WARN ThreadId(20) hotstuff_runner::app: Node 2 [produce_block] queue size: 0, attempting up to 0 transactions this block    
2026-08-10T05:54:35.668328Z  WARN ThreadId(20) hotstuff_runner::app: Node 2 view(6763) far exceeds block count (1690); potential sync issue    
2026-08-10T05:54:35.875613Z  WARN ThreadId(20) hotstuff_runner::app: Node 2 [produce_block] queue size: 2, attempting up to 2 transactions this block    
2026-08-10T05:54:35.883944Z  WARN ThreadId(20) hotstuff_runner::app: Node 2 view(6767) far exceeds block count (1691); potential sync issue    
2026-08-10T05:54:36.014670Z  WARN ThreadId(20) hotstuff_runner::app: Node 2 [produce_block] queue size: 2, attempting up to 2 transactions this block    
2026-08-10T05:54:36.014766Z  WARN ThreadId(20) hotstuff_runner::app: Node 2 view(6771) far exceeds block count (1692); potential sync issue    
2026-08-10T05:54:36.202938Z  WARN ThreadId(20) hotstuff_runner::app: Node 2 [produce_block] queue size: 2, attempting up to 2 transactions this block    
2026-08-10T05:54:36.203397Z  WARN ThreadId(20) hotstuff_runner::app: Node 2 view(6775) far exceeds block count (1693); potential sync issue    
2026-08-10T05:54:36.353787Z  WARN ThreadId(20) hotstuff_runner::app: Node 2 [produce_block] queue size: 2, attempting up to 2 transactions this block    
2026-08-10T05:54:36.357186Z  WARN ThreadId(20) hotstuff_runner::app: Node 2 view(6779) far exceeds block count (1694); potential sync issue    
2026-08-10T05:54:36.665748Z  WARN ThreadId(20) hotstuff_runner::app: Node 2 [produce_block] queue size: 2, attempting up to 2 transactions this block    
2026-08-10T05:54:36.665907Z  WARN ThreadId(20) hotstuff_runner::app: Node 2 view(6783) far exceeds block count (1695); potential sync issue    
2026-08-10T05:54:36.840824Z  WARN ThreadId(20) hotstuff_runner::app: Node 2 [produce_block] queue size: 2, attempting up to 2 transactions this block    
2026-08-10T05:54:36.841418Z  WARN ThreadId(20) hotstuff_runner::app: Node 2 view(6787) far exceeds block count (1696); potential sync issue    
2026-08-10T05:54:36.960406Z  WARN ThreadId(20) hotstuff_runner::app: Node 2 [produce_block] queue size: 2, attempting up to 2 transactions this block    
2026-08-10T05:54:36.972223Z  WARN ThreadId(20) hotstuff_runner::app: Node 2 view(6791) far exceeds block count (1697); potential sync issue    
2026-08-10T05:54:37.121318Z  WARN ThreadId(20) hotstuff_runner::app: Node 2 [produce_block] queue size: 2, attempting up to 2 transactions this block    
2026-08-10T05:54:37.122418Z  WARN ThreadId(20) hotstuff_runner::app: Node 2 view(6795) far exceeds block count (1698); potential sync issue    
2026-08-10T05:54:37.338192Z  WARN ThreadId(20) hotstuff_runner::app: Node 2 [produce_block] queue size: 2, attempting up to 2 transactions this block    
2026-08-10T05:54:37.339126Z  WARN ThreadId(20) hotstuff_runner::app: Node 2 view(6799) far exceeds block count (1699); potential sync issue    
2026-08-10T05:54:37.485786Z  WARN ThreadId(20) hotstuff_runner::app: Node 2 [produce_block] queue size: 2, attempting up to 2 transactions this block    
2026-08-10T05:54:37.490845Z  WARN ThreadId(20) hotstuff_runner::app: Node 2 view(6803) far exceeds block count (1700); potential sync issue    
2026-08-10T05:54:37.587654Z  WARN ThreadId(20) hotstuff_runner::app: Node 2 [produce_block] queue size: 0, attempting up to 0 transactions this block    
2026-08-10T05:54:37.588431Z  WARN ThreadId(20) hotstuff_runner::app: Node 2 view(6807) far exceeds block count (1701); potential sync issue    
2026-08-10T05:54:37.701284Z  WARN ThreadId(20) hotstuff_runner::app: Node 2 [produce_block] queue size: 2, attempting up to 2 transactions this block    
2026-08-10T05:54:37.701690Z  WARN ThreadId(20) hotstuff_runner::app: Node 2 view(6811) far exceeds block count (1702); potential sync issue    
2026-08-10T05:54:37.860446Z  WARN ThreadId(20) hotstuff_runner::app: Node 2 [produce_block] queue size: 0, attempting up to 0 transactions this block    
2026-08-10T05:54:37.860604Z  WARN ThreadId(20) hotstuff_runner::app: Node 2 view(6815) far exceeds block count (1703); potential sync issue    
2026-08-10T05:54:37.982343Z  WARN ThreadId(20) hotstuff_runner::app: Node 2 [produce_block] queue size: 2, attempting up to 2 transactions this block    
2026-08-10T05:54:37.983421Z  WARN ThreadId(20) hotstuff_runner::app: Node 2 view(6819) far exceeds block count (1704); potential sync issue    
2026-08-10T05:54:38.128617Z  WARN ThreadId(20) hotstuff_runner::app: Node 2 [produce_block] queue size: 2, attempting up to 2 transactions this block    
2026-08-10T05:54:38.135952Z  WARN ThreadId(20) hotstuff_runner::app: Node 2 view(6823) far exceeds block count (1705); potential sync issue    
2026-08-10T05:54:38.291096Z  WARN ThreadId(20) hotstuff_runner::app: Node 2 [produce_block] queue size: 0, attempting up to 0 transactions this block    
2026-08-10T05:54:38.291462Z  WARN ThreadId(20) hotstuff_runner::app: Node 2 view(6827) far exceeds block count (1706); potential sync issue    
2026-08-10T05:54:38.461424Z  WARN ThreadId(20) hotstuff_runner::app: Node 2 [produce_block] queue size: 2, attempting up to 2 transactions this block    
2026-08-10T05:54:38.462790Z  WARN ThreadId(20) hotstuff_runner::app: Node 2 view(6831) far exceeds block count (1707); potential sync issue    
2026-08-10T05:54:38.604510Z  WARN ThreadId(20) hotstuff_runner::app: Node 2 [produce_block] queue size: 2, attempting up to 2 transactions this block    
2026-08-10T05:54:38.604841Z  WARN ThreadId(20) hotstuff_runner::app: Node 2 view(6835) far exceeds block count (1708); potential sync issue    
2026-08-10T05:54:38.752783Z  WARN ThreadId(20) hotstuff_runner::app: Node 2 [produce_block] queue size: 2, attempting up to 2 transactions this block    
2026-08-10T05:54:38.753001Z  WARN ThreadId(20) hotstuff_runner::app: Node 2 view(6839) far exceeds block count (1709); potential sync issue    
2026-08-10T05:54:38.890422Z  WARN ThreadId(02) docker_node: Low processing efficiency: 0.0% - system may need tuning
2026-08-10T05:54:38.945149Z  WARN ThreadId(20) hotstuff_runner::app: Node 2 [produce_block] queue size: 2, attempting up to 2 transactions this block    
2026-08-10T05:54:38.945330Z  WARN ThreadId(20) hotstuff_runner::app: Node 2 view(6843) far exceeds block count (1710); potential sync issue    
2026-08-10T05:54:39.103114Z  WARN ThreadId(20) hotstuff_runner::app: Node 2 [produce_block] queue size: 2, attempting up to 2 transactions this block    
2026-08-10T05:54:39.104154Z  WARN ThreadId(20) hotstuff_runner::app: Node 2 view(6847) far exceeds block count (1711); potential sync issue    
2026-08-10T05:54:39.353494Z  WARN ThreadId(20) hotstuff_runner::app: Node 2 [produce_block] queue size: 2, attempting up to 2 transactions this block    
2026-08-10T05:54:39.353697Z  WARN ThreadId(20) hotstuff_runner::app: Node 2 view(6851) far exceeds block count (1712); potential sync issue    
2026-08-10T05:54:39.549927Z  WARN ThreadId(20) hotstuff_runner::app: Node 2 [produce_block] queue size: 2, attempting up to 2 transactions this block    
2026-08-10T05:54:39.551434Z  WARN ThreadId(20) hotstuff_runner::app: Node 2 view(6855) far exceeds block count (1713); potential sync issue    
2026-08-10T05:54:39.716241Z  WARN ThreadId(20) hotstuff_runner::app: Node 2 [produce_block] queue size: 0, attempting up to 0 transactions this block    
2026-08-10T05:54:39.716444Z  WARN ThreadId(20) hotstuff_runner::app: Node 2 view(6859) far exceeds block count (1714); potential sync issue    
2026-08-10T05:54:39.876738Z  WARN ThreadId(20) hotstuff_runner::app: Node 2 [produce_block] queue size: 2, attempting up to 2 transactions this block    
2026-08-10T05:54:39.888306Z  WARN ThreadId(20) hotstuff_runner::app: Node 2 view(6863) far exceeds block count (1715); potential sync issue    
2026-08-10T05:54:40.076599Z  WARN ThreadId(20) hotstuff_runner::app: Node 2 [produce_block] queue size: 2, attempting up to 2 transactions this block    
2026-08-10T05:54:40.076777Z  WARN ThreadId(20) hotstuff_runner::app: Node 2 view(6867) far exceeds block count (1716); potential sync issue    
2026-08-10T05:54:40.231687Z  WARN ThreadId(20) hotstuff_runner::app: Node 2 [produce_block] queue size: 2, attempting up to 2 transactions this block    
2026-08-10T05:54:40.291974Z  WARN ThreadId(20) hotstuff_runner::app: Node 2 view(6871) far exceeds block count (1717); potential sync issue    
2026-08-10T05:54:40.442192Z  WARN ThreadId(20) hotstuff_runner::app: Node 2 [produce_block] queue size: 2, attempting up to 2 transactions this block    
2026-08-10T05:54:40.442413Z  WARN ThreadId(20) hotstuff_runner::app: Node 2 view(6875) far exceeds block count (1718); potential sync issue    
2026-08-10T05:54:40.594801Z  WARN ThreadId(20) hotstuff_runner::app: Node 2 [produce_block] queue size: 2, attempting up to 2 transactions this block    
2026-08-10T05:54:40.602372Z  WARN ThreadId(20) hotstuff_runner::app: Node 2 view(6879) far exceeds block count (1719); potential sync issue    
2026-08-10T05:54:40.704408Z  WARN ThreadId(20) hotstuff_runner::app: Node 2 [produce_block] queue size: 2, attempting up to 2 transactions this block    
2026-08-10T05:54:40.710685Z  WARN ThreadId(20) hotstuff_runner::app: Node 2 view(6883) far exceeds block count (1720); potential sync issue    
2026-08-10T05:54:40.851734Z  WARN ThreadId(20) hotstuff_runner::app: Node 2 [produce_block] queue size: 0, attempting up to 0 transactions this block    
2026-08-10T05:54:40.852616Z  WARN ThreadId(20) hotstuff_runner::app: Node 2 view(6887) far exceeds block count (1721); potential sync issue    
2026-08-10T05:54:40.939004Z  WARN ThreadId(20) hotstuff_runner::app: Node 2 [produce_block] queue size: 2, attempting up to 2 transactions this block    
2026-08-10T05:54:40.939243Z  WARN ThreadId(20) hotstuff_runner::app: Node 2 view(6891) far exceeds block count (1722); potential sync issue    
2026-08-10T05:54:41.011269Z  WARN ThreadId(20) hotstuff_runner::app: Node 2 [produce_block] queue size: 0, attempting up to 0 transactions this block    
2026-08-10T05:54:41.011413Z  WARN ThreadId(20) hotstuff_runner::app: Node 2 view(6895) far exceeds block count (1723); potential sync issue    
2026-08-10T05:54:41.184139Z  WARN ThreadId(20) hotstuff_runner::app: Node 2 [produce_block] queue size: 2, attempting up to 2 transactions this block    
2026-08-10T05:54:41.184376Z  WARN ThreadId(20) hotstuff_runner::app: Node 2 view(6899) far exceeds block count (1724); potential sync issue    
2026-08-10T05:54:41.282284Z  WARN ThreadId(20) hotstuff_runner::app: Node 2 [produce_block] queue size: 2, attempting up to 2 transactions this block    
2026-08-10T05:54:41.282400Z  WARN ThreadId(20) hotstuff_runner::app: Node 2 view(6903) far exceeds block count (1725); potential sync issue    
2026-08-10T05:54:41.622357Z  WARN ThreadId(20) hotstuff_runner::app: Node 2 [produce_block] queue size: 2, attempting up to 2 transactions this block    
2026-08-10T05:54:41.623372Z  WARN ThreadId(20) hotstuff_runner::app: Node 2 view(6907) far exceeds block count (1726); potential sync issue    
2026-08-10T05:54:41.761290Z  WARN ThreadId(20) hotstuff_runner::app: Node 2 [produce_block] queue size: 2, attempting up to 2 transactions this block    
2026-08-10T05:54:41.761461Z  WARN ThreadId(20) hotstuff_runner::app: Node 2 view(6911) far exceeds block count (1727); potential sync issue    
2026-08-10T05:54:42.022247Z  WARN ThreadId(20) hotstuff_runner::app: Node 2 [produce_block] queue size: 2, attempting up to 2 transactions this block    
2026-08-10T05:54:42.024977Z  WARN ThreadId(20) hotstuff_runner::app: Node 2 view(6915) far exceeds block count (1728); potential sync issue    
2026-08-10T05:54:42.191036Z  WARN ThreadId(20) hotstuff_runner::app: Node 2 [produce_block] queue size: 2, attempting up to 2 transactions this block    
2026-08-10T05:54:42.192112Z  WARN ThreadId(20) hotstuff_runner::app: Node 2 view(6919) far exceeds block count (1729); potential sync issue    
2026-08-10T05:54:42.340670Z  WARN ThreadId(20) hotstuff_runner::app: Node 2 [produce_block] queue size: 0, attempting up to 0 transactions this block    
2026-08-10T05:54:42.340860Z  WARN ThreadId(20) hotstuff_runner::app: Node 2 view(6923) far exceeds block count (1730); potential sync issue    
2026-08-10T05:54:42.436275Z  WARN ThreadId(20) hotstuff_runner::app: Node 2 [produce_block] queue size: 2, attempting up to 2 transactions this block    
2026-08-10T05:54:42.438372Z  WARN ThreadId(20) hotstuff_runner::app: Node 2 view(6927) far exceeds block count (1731); potential sync issue    
2026-08-10T05:54:42.688137Z  WARN ThreadId(20) hotstuff_runner::app: Node 2 [produce_block] queue size: 2, attempting up to 2 transactions this block    
2026-08-10T05:54:42.689390Z  WARN ThreadId(20) hotstuff_runner::app: Node 2 view(6931) far exceeds block count (1732); potential sync issue    
2026-08-10T05:54:42.741958Z  WARN ThreadId(20) hotstuff_runner::app: Node 2 [produce_block] queue size: 0, attempting up to 0 transactions this block    
2026-08-10T05:54:42.742670Z  WARN ThreadId(20) hotstuff_runner::app: Node 2 view(6935) far exceeds block count (1733); potential sync issue    
2026-08-10T05:54:42.869282Z  WARN ThreadId(20) hotstuff_runner::app: Node 2 [produce_block] queue size: 2, attempting up to 2 transactions this block    
2026-08-10T05:54:42.876352Z  WARN ThreadId(20) hotstuff_runner::app: Node 2 view(6939) far exceeds block count (1734); potential sync issue    
2026-08-10T05:54:42.967062Z  WARN ThreadId(20) hotstuff_runner::app: Node 2 [produce_block] queue size: 0, attempting up to 0 transactions this block    
2026-08-10T05:54:42.968547Z  WARN ThreadId(20) hotstuff_runner::app: Node 2 view(6943) far exceeds block count (1735); potential sync issue    
2026-08-10T05:54:43.106028Z  WARN ThreadId(20) hotstuff_runner::app: Node 2 [produce_block] queue size: 2, attempting up to 2 transactions this block    
2026-08-10T05:54:43.106310Z  WARN ThreadId(20) hotstuff_runner::app: Node 2 view(6947) far exceeds block count (1736); potential sync issue    
2026-08-10T05:54:43.251281Z  WARN ThreadId(20) hotstuff_runner::app: Node 2 [produce_block] queue size: 2, attempting up to 2 transactions this block    
2026-08-10T05:54:43.251550Z  WARN ThreadId(20) hotstuff_runner::app: Node 2 view(6951) far exceeds block count (1737); potential sync issue    
2026-08-10T05:54:43.324113Z  WARN ThreadId(20) hotstuff_runner::app: Node 2 [produce_block] queue size: 0, attempting up to 0 transactions this block    
2026-08-10T05:54:43.324241Z  WARN ThreadId(20) hotstuff_runner::app: Node 2 view(6955) far exceeds block count (1738); potential sync issue    
2026-08-10T05:54:43.438024Z  WARN ThreadId(20) hotstuff_runner::app: Node 2 [produce_block] queue size: 2, attempting up to 2 transactions this block    
2026-08-10T05:54:43.439533Z  WARN ThreadId(20) hotstuff_runner::app: Node 2 view(6959) far exceeds block count (1739); potential sync issue    
2026-08-10T05:54:43.570090Z  WARN ThreadId(20) hotstuff_runner::app: Node 2 [produce_block] queue size: 0, attempting up to 0 transactions this block    
2026-08-10T05:54:43.573131Z  WARN ThreadId(20) hotstuff_runner::app: Node 2 view(6963) far exceeds block count (1740); potential sync issue    
2026-08-10T05:54:43.707218Z  WARN ThreadId(20) hotstuff_runner::app: Node 2 [produce_block] queue size: 2, attempting up to 2 transactions this block    
2026-08-10T05:54:43.711322Z  WARN ThreadId(20) hotstuff_runner::app: Node 2 view(6967) far exceeds block count (1741); potential sync issue    
2026-08-10T05:54:43.893449Z  WARN ThreadId(09) docker_node: Low processing efficiency: 0.0% - system may need tuning
2026-08-10T05:54:43.896060Z  WARN ThreadId(20) hotstuff_runner::app: Node 2 [produce_block] queue size: 2, attempting up to 2 transactions this block    
2026-08-10T05:54:43.905576Z  WARN ThreadId(20) hotstuff_runner::app: Node 2 view(6971) far exceeds block count (1742); potential sync issue    
2026-08-10T05:54:44.103078Z  WARN ThreadId(20) hotstuff_runner::app: Node 2 [produce_block] queue size: 2, attempting up to 2 transactions this block    
2026-08-10T05:54:44.107211Z  WARN ThreadId(20) hotstuff_runner::app: Node 2 view(6975) far exceeds block count (1743); potential sync issue    
2026-08-10T05:54:44.380177Z  WARN ThreadId(20) hotstuff_runner::app: Node 2 [produce_block] queue size: 2, attempting up to 2 transactions this block    
2026-08-10T05:54:44.380353Z  WARN ThreadId(20) hotstuff_runner::app: Node 2 view(6979) far exceeds block count (1744); potential sync issue    
2026-08-10T05:54:44.581475Z  WARN ThreadId(20) hotstuff_runner::app: Node 2 [produce_block] queue size: 2, attempting up to 2 transactions this block    
2026-08-10T05:54:44.585894Z  WARN ThreadId(20) hotstuff_runner::app: Node 2 view(6983) far exceeds block count (1745); potential sync issue    
2026-08-10T05:54:44.709527Z  WARN ThreadId(20) hotstuff_runner::app: Node 2 [produce_block] queue size: 2, attempting up to 2 transactions this block    
2026-08-10T05:54:44.709881Z  WARN ThreadId(20) hotstuff_runner::app: Node 2 view(6987) far exceeds block count (1746); potential sync issue    
2026-08-10T05:54:44.876436Z  WARN ThreadId(20) hotstuff_runner::app: Node 2 [produce_block] queue size: 0, attempting up to 0 transactions this block    
2026-08-10T05:54:44.877323Z  WARN ThreadId(20) hotstuff_runner::app: Node 2 view(6991) far exceeds block count (1747); potential sync issue    
2026-08-10T05:54:44.999279Z  WARN ThreadId(20) hotstuff_runner::app: Node 2 [produce_block] queue size: 2, attempting up to 2 transactions this block    
2026-08-10T05:54:44.999561Z  WARN ThreadId(20) hotstuff_runner::app: Node 2 view(6995) far exceeds block count (1748); potential sync issue    
2026-08-10T05:54:45.133346Z  WARN ThreadId(20) hotstuff_runner::app: Node 2 [produce_block] queue size: 2, attempting up to 2 transactions this block    
2026-08-10T05:54:45.134967Z  WARN ThreadId(20) hotstuff_runner::app: Node 2 view(6999) far exceeds block count (1749); potential sync issue    
2026-08-10T05:54:45.323874Z  WARN ThreadId(20) hotstuff_runner::app: Node 2 [produce_block] queue size: 0, attempting up to 0 transactions this block    
2026-08-10T05:54:45.338185Z  WARN ThreadId(20) hotstuff_runner::app: Node 2 view(7003) far exceeds block count (1750); potential sync issue    
2026-08-10T05:54:45.483985Z  WARN ThreadId(20) hotstuff_runner::app: Node 2 [produce_block] queue size: 2, attempting up to 2 transactions this block    
2026-08-10T05:54:45.486564Z  WARN ThreadId(20) hotstuff_runner::app: Node 2 view(7007) far exceeds block count (1751); potential sync issue    
2026-08-10T05:54:45.649510Z  WARN ThreadId(20) hotstuff_runner::app: Node 2 [produce_block] queue size: 2, attempting up to 2 transactions this block    
2026-08-10T05:54:45.656206Z  WARN ThreadId(20) hotstuff_runner::app: Node 2 view(7011) far exceeds block count (1752); potential sync issue    
2026-08-10T05:54:45.815161Z  WARN ThreadId(20) hotstuff_runner::app: Node 2 [produce_block] queue size: 2, attempting up to 2 transactions this block    
2026-08-10T05:54:45.816788Z  WARN ThreadId(20) hotstuff_runner::app: Node 2 view(7015) far exceeds block count (1753); potential sync issue    
2026-08-10T05:54:46.019026Z  WARN ThreadId(20) hotstuff_runner::app: Node 2 [produce_block] queue size: 2, attempting up to 2 transactions this block    
2026-08-10T05:54:46.019240Z  WARN ThreadId(20) hotstuff_runner::app: Node 2 view(7019) far exceeds block count (1754); potential sync issue    
2026-08-10T05:54:46.156782Z  WARN ThreadId(20) hotstuff_runner::app: Node 2 [produce_block] queue size: 0, attempting up to 0 transactions this block    
2026-08-10T05:54:46.158595Z  WARN ThreadId(20) hotstuff_runner::app: Node 2 view(7023) far exceeds block count (1755); potential sync issue    
2026-08-10T05:54:46.331053Z  WARN ThreadId(20) hotstuff_runner::app: Node 2 [produce_block] queue size: 2, attempting up to 2 transactions this block    
2026-08-10T05:54:46.332182Z  WARN ThreadId(20) hotstuff_runner::app: Node 2 view(7027) far exceeds block count (1756); potential sync issue    
2026-08-10T05:54:46.473639Z  WARN ThreadId(20) hotstuff_runner::app: Node 2 [produce_block] queue size: 2, attempting up to 2 transactions this block    
2026-08-10T05:54:46.474101Z  WARN ThreadId(20) hotstuff_runner::app: Node 2 view(7031) far exceeds block count (1757); potential sync issue    
2026-08-10T05:54:46.656002Z  WARN ThreadId(20) hotstuff_runner::app: Node 2 [produce_block] queue size: 2, attempting up to 2 transactions this block    
2026-08-10T05:54:46.673232Z  WARN ThreadId(20) hotstuff_runner::app: Node 2 view(7035) far exceeds block count (1758); potential sync issue    
2026-08-10T05:54:46.884071Z  WARN ThreadId(20) hotstuff_runner::app: Node 2 [produce_block] queue size: 2, attempting up to 2 transactions this block    
2026-08-10T05:54:46.891337Z  WARN ThreadId(20) hotstuff_runner::app: Node 2 view(7039) far exceeds block count (1759); potential sync issue    
2026-08-10T05:54:47.099345Z  WARN ThreadId(20) hotstuff_runner::app: Node 2 [produce_block] queue size: 2, attempting up to 2 transactions this block    
2026-08-10T05:54:47.099911Z  WARN ThreadId(20) hotstuff_runner::app: Node 2 view(7043) far exceeds block count (1760); potential sync issue    
2026-08-10T05:54:47.267008Z  WARN ThreadId(20) hotstuff_runner::app: Node 2 [produce_block] queue size: 2, attempting up to 2 transactions this block    
2026-08-10T05:54:47.269769Z  WARN ThreadId(20) hotstuff_runner::app: Node 2 view(7047) far exceeds block count (1761); potential sync issue    
2026-08-10T05:54:47.399468Z  WARN ThreadId(20) hotstuff_runner::app: Node 2 [produce_block] queue size: 2, attempting up to 2 transactions this block    
2026-08-10T05:54:47.401730Z  WARN ThreadId(20) hotstuff_runner::app: Node 2 view(7051) far exceeds block count (1762); potential sync issue    
2026-08-10T05:54:47.513046Z  WARN ThreadId(20) hotstuff_runner::app: Node 2 [produce_block] queue size: 0, attempting up to 0 transactions this block    
2026-08-10T05:54:47.514339Z  WARN ThreadId(20) hotstuff_runner::app: Node 2 view(7055) far exceeds block count (1763); potential sync issue    
2026-08-10T05:54:47.632554Z  WARN ThreadId(20) hotstuff_runner::app: Node 2 [produce_block] queue size: 2, attempting up to 2 transactions this block    
2026-08-10T05:54:47.633120Z  WARN ThreadId(20) hotstuff_runner::app: Node 2 view(7059) far exceeds block count (1764); potential sync issue    
2026-08-10T05:54:47.750281Z  WARN ThreadId(20) hotstuff_runner::app: Node 2 [produce_block] queue size: 0, attempting up to 0 transactions this block    
2026-08-10T05:54:47.750507Z  WARN ThreadId(20) hotstuff_runner::app: Node 2 view(7063) far exceeds block count (1765); potential sync issue    
2026-08-10T05:54:47.929279Z  WARN ThreadId(20) hotstuff_runner::app: Node 2 [produce_block] queue size: 2, attempting up to 2 transactions this block    
2026-08-10T05:54:47.929954Z  WARN ThreadId(20) hotstuff_runner::app: Node 2 view(7067) far exceeds block count (1766); potential sync issue    
2026-08-10T05:54:48.079273Z  WARN ThreadId(20) hotstuff_runner::app: Node 2 [produce_block] queue size: 2, attempting up to 2 transactions this block    
2026-08-10T05:54:48.079589Z  WARN ThreadId(20) hotstuff_runner::app: Node 2 view(7071) far exceeds block count (1767); potential sync issue    
2026-08-10T05:54:48.180167Z  WARN ThreadId(20) hotstuff_runner::app: Node 2 [produce_block] queue size: 0, attempting up to 0 transactions this block    
2026-08-10T05:54:48.180349Z  WARN ThreadId(20) hotstuff_runner::app: Node 2 view(7075) far exceeds block count (1768); potential sync issue    
2026-08-10T05:54:48.387501Z  WARN ThreadId(20) hotstuff_runner::app: Node 2 [produce_block] queue size: 4, attempting up to 4 transactions this block    
2026-08-10T05:54:48.387972Z  WARN ThreadId(20) hotstuff_runner::app: Node 2 view(7079) far exceeds block count (1769); potential sync issue    
2026-08-10T05:54:48.604970Z  WARN ThreadId(20) hotstuff_runner::app: Node 2 [produce_block] queue size: 0, attempting up to 0 transactions this block    
2026-08-10T05:54:48.605434Z  WARN ThreadId(20) hotstuff_runner::app: Node 2 view(7083) far exceeds block count (1770); potential sync issue    
2026-08-10T05:54:48.755199Z  WARN ThreadId(20) hotstuff_runner::app: Node 2 [produce_block] queue size: 2, attempting up to 2 transactions this block    
2026-08-10T05:54:48.756811Z  WARN ThreadId(20) hotstuff_runner::app: Node 2 view(7087) far exceeds block count (1771); potential sync issue    
2026-08-10T05:54:48.890341Z  WARN ThreadId(02) docker_node: Low processing efficiency: 0.0% - system may need tuning
2026-08-10T05:54:48.932385Z  WARN ThreadId(20) hotstuff_runner::app: Node 2 [produce_block] queue size: 2, attempting up to 2 transactions this block    
2026-08-10T05:54:48.939614Z  WARN ThreadId(20) hotstuff_runner::app: Node 2 view(7091) far exceeds block count (1772); potential sync issue    
2026-08-10T05:54:49.087133Z  WARN ThreadId(20) hotstuff_runner::app: Node 2 [produce_block] queue size: 2, attempting up to 2 transactions this block    
2026-08-10T05:54:49.087430Z  WARN ThreadId(20) hotstuff_runner::app: Node 2 view(7095) far exceeds block count (1773); potential sync issue    
2026-08-10T05:54:49.194440Z  WARN ThreadId(20) hotstuff_runner::app: Node 2 [produce_block] queue size: 0, attempting up to 0 transactions this block    
2026-08-10T05:54:49.195104Z  WARN ThreadId(20) hotstuff_runner::app: Node 2 view(7099) far exceeds block count (1774); potential sync issue    
2026-08-10T05:54:49.345366Z  WARN ThreadId(20) hotstuff_runner::app: Node 2 [produce_block] queue size: 2, attempting up to 2 transactions this block    
2026-08-10T05:54:49.347764Z  WARN ThreadId(20) hotstuff_runner::app: Node 2 view(7103) far exceeds block count (1775); potential sync issue    
2026-08-10T05:54:49.459418Z  WARN ThreadId(20) hotstuff_runner::app: Node 2 [produce_block] queue size: 2, attempting up to 2 transactions this block    
2026-08-10T05:54:49.463409Z  WARN ThreadId(20) hotstuff_runner::app: Node 2 view(7107) far exceeds block count (1776); potential sync issue    
2026-08-10T05:54:49.679964Z  WARN ThreadId(20) hotstuff_runner::app: Node 2 [produce_block] queue size: 2, attempting up to 2 transactions this block    
2026-08-10T05:54:49.680559Z  WARN ThreadId(20) hotstuff_runner::app: Node 2 view(7111) far exceeds block count (1777); potential sync issue    
2026-08-10T05:54:49.798089Z  WARN ThreadId(20) hotstuff_runner::app: Node 2 [produce_block] queue size: 0, attempting up to 0 transactions this block    
2026-08-10T05:54:49.809171Z  WARN ThreadId(20) hotstuff_runner::app: Node 2 view(7115) far exceeds block count (1778); potential sync issue    
2026-08-10T05:54:49.909514Z  WARN ThreadId(20) hotstuff_runner::app: Node 2 [produce_block] queue size: 2, attempting up to 2 transactions this block    
2026-08-10T05:54:49.910296Z  WARN ThreadId(20) hotstuff_runner::app: Node 2 view(7119) far exceeds block count (1779); potential sync issue    
2026-08-10T05:54:50.062198Z  WARN ThreadId(20) hotstuff_runner::app: Node 2 [produce_block] queue size: 2, attempting up to 2 transactions this block    
2026-08-10T05:54:50.063648Z  WARN ThreadId(20) hotstuff_runner::app: Node 2 view(7123) far exceeds block count (1780); potential sync issue    
2026-08-10T05:54:50.148483Z  WARN ThreadId(20) hotstuff_runner::app: Node 2 [produce_block] queue size: 0, attempting up to 0 transactions this block    
2026-08-10T05:54:50.153142Z  WARN ThreadId(20) hotstuff_runner::app: Node 2 view(7127) far exceeds block count (1781); potential sync issue    
2026-08-10T05:54:50.285274Z  WARN ThreadId(20) hotstuff_runner::app: Node 2 [produce_block] queue size: 2, attempting up to 2 transactions this block    
2026-08-10T05:54:50.288404Z  WARN ThreadId(20) hotstuff_runner::app: Node 2 view(7131) far exceeds block count (1782); potential sync issue    
2026-08-10T05:54:50.430468Z  WARN ThreadId(20) hotstuff_runner::app: Node 2 [produce_block] queue size: 2, attempting up to 2 transactions this block    
2026-08-10T05:54:50.431294Z  WARN ThreadId(20) hotstuff_runner::app: Node 2 view(7135) far exceeds block count (1783); potential sync issue    
2026-08-10T05:54:50.575659Z  WARN ThreadId(20) hotstuff_runner::app: Node 2 [produce_block] queue size: 0, attempting up to 0 transactions this block    
2026-08-10T05:54:50.575904Z  WARN ThreadId(20) hotstuff_runner::app: Node 2 view(7139) far exceeds block count (1784); potential sync issue    
2026-08-10T05:54:50.711790Z  WARN ThreadId(20) hotstuff_runner::app: Node 2 [produce_block] queue size: 2, attempting up to 2 transactions this block    
2026-08-10T05:54:50.711899Z  WARN ThreadId(20) hotstuff_runner::app: Node 2 view(7143) far exceeds block count (1785); potential sync issue    
2026-08-10T05:54:50.821345Z  WARN ThreadId(20) hotstuff_runner::app: Node 2 [produce_block] queue size: 0, attempting up to 0 transactions this block    
2026-08-10T05:54:50.821786Z  WARN ThreadId(20) hotstuff_runner::app: Node 2 view(7147) far exceeds block count (1786); potential sync issue    
2026-08-10T05:54:50.956757Z  WARN ThreadId(20) hotstuff_runner::app: Node 2 [produce_block] queue size: 2, attempting up to 2 transactions this block    
2026-08-10T05:54:50.956936Z  WARN ThreadId(20) hotstuff_runner::app: Node 2 view(7151) far exceeds block count (1787); potential sync issue    
2026-08-10T05:54:51.091163Z  WARN ThreadId(20) hotstuff_runner::app: Node 2 [produce_block] queue size: 2, attempting up to 2 transactions this block    
2026-08-10T05:54:51.092872Z  WARN ThreadId(20) hotstuff_runner::app: Node 2 view(7155) far exceeds block count (1788); potential sync issue    
2026-08-10T05:54:51.223288Z  WARN ThreadId(20) hotstuff_runner::app: Node 2 [produce_block] queue size: 0, attempting up to 0 transactions this block    
2026-08-10T05:54:51.231499Z  WARN ThreadId(20) hotstuff_runner::app: Node 2 view(7159) far exceeds block count (1789); potential sync issue    
2026-08-10T05:54:51.378732Z  WARN ThreadId(20) hotstuff_runner::app: Node 2 [produce_block] queue size: 2, attempting up to 2 transactions this block    
2026-08-10T05:54:51.379566Z  WARN ThreadId(20) hotstuff_runner::app: Node 2 view(7163) far exceeds block count (1790); potential sync issue    
2026-08-10T05:54:51.470286Z  WARN ThreadId(20) hotstuff_runner::app: Node 2 [produce_block] queue size: 2, attempting up to 2 transactions this block    
2026-08-10T05:54:51.474590Z  WARN ThreadId(20) hotstuff_runner::app: Node 2 view(7167) far exceeds block count (1791); potential sync issue    
2026-08-10T05:54:51.641101Z  WARN ThreadId(20) hotstuff_runner::app: Node 2 [produce_block] queue size: 0, attempting up to 0 transactions this block    
2026-08-10T05:54:51.643167Z  WARN ThreadId(20) hotstuff_runner::app: Node 2 view(7171) far exceeds block count (1792); potential sync issue    
2026-08-10T05:54:51.759413Z  WARN ThreadId(20) hotstuff_runner::app: Node 2 [produce_block] queue size: 2, attempting up to 2 transactions this block    
2026-08-10T05:54:51.759618Z  WARN ThreadId(20) hotstuff_runner::app: Node 2 view(7175) far exceeds block count (1793); potential sync issue    
2026-08-10T05:54:51.919556Z  WARN ThreadId(20) hotstuff_runner::app: Node 2 [produce_block] queue size: 2, attempting up to 2 transactions this block    
2026-08-10T05:54:51.919735Z  WARN ThreadId(20) hotstuff_runner::app: Node 2 view(7179) far exceeds block count (1794); potential sync issue    
2026-08-10T05:54:52.055215Z  WARN ThreadId(20) hotstuff_runner::app: Node 2 [produce_block] queue size: 2, attempting up to 2 transactions this block    
2026-08-10T05:54:52.058350Z  WARN ThreadId(20) hotstuff_runner::app: Node 2 view(7183) far exceeds block count (1795); potential sync issue    
2026-08-10T05:54:52.211020Z  WARN ThreadId(20) hotstuff_runner::app: Node 2 [produce_block] queue size: 2, attempting up to 2 transactions this block    
2026-08-10T05:54:52.211756Z  WARN ThreadId(20) hotstuff_runner::app: Node 2 view(7187) far exceeds block count (1796); potential sync issue    
2026-08-10T05:54:52.370651Z  WARN ThreadId(20) hotstuff_runner::app: Node 2 [produce_block] queue size: 0, attempting up to 0 transactions this block    
2026-08-10T05:54:52.372062Z  WARN ThreadId(20) hotstuff_runner::app: Node 2 view(7191) far exceeds block count (1797); potential sync issue    
2026-08-10T05:54:52.501208Z  WARN ThreadId(20) hotstuff_runner::app: Node 2 [produce_block] queue size: 2, attempting up to 2 transactions this block    
2026-08-10T05:54:52.501470Z  WARN ThreadId(20) hotstuff_runner::app: Node 2 view(7195) far exceeds block count (1798); potential sync issue    
2026-08-10T05:54:52.621321Z  WARN ThreadId(20) hotstuff_runner::app: Node 2 [produce_block] queue size: 2, attempting up to 2 transactions this block    
2026-08-10T05:54:52.622390Z  WARN ThreadId(20) hotstuff_runner::app: Node 2 view(7199) far exceeds block count (1799); potential sync issue    
2026-08-10T05:54:52.746351Z  WARN ThreadId(20) hotstuff_runner::app: Node 2 [produce_block] queue size: 0, attempting up to 0 transactions this block    
2026-08-10T05:54:52.747001Z  WARN ThreadId(20) hotstuff_runner::app: Node 2 view(7203) far exceeds block count (1800); potential sync issue    
2026-08-10T05:54:52.982194Z  WARN ThreadId(20) hotstuff_runner::app: Node 2 [produce_block] queue size: 4, attempting up to 4 transactions this block    
2026-08-10T05:54:52.982467Z  WARN ThreadId(20) hotstuff_runner::app: Node 2 view(7207) far exceeds block count (1801); potential sync issue    
2026-08-10T05:54:53.164996Z  WARN ThreadId(20) hotstuff_runner::app: Node 2 [produce_block] queue size: 2, attempting up to 2 transactions this block    
2026-08-10T05:54:53.165410Z  WARN ThreadId(20) hotstuff_runner::app: Node 2 view(7211) far exceeds block count (1802); potential sync issue    
2026-08-10T05:54:53.331165Z  WARN ThreadId(20) hotstuff_runner::app: Node 2 [produce_block] queue size: 0, attempting up to 0 transactions this block    
2026-08-10T05:54:53.331717Z  WARN ThreadId(20) hotstuff_runner::app: Node 2 view(7215) far exceeds block count (1803); potential sync issue    
2026-08-10T05:54:53.468200Z  WARN ThreadId(20) hotstuff_runner::app: Node 2 [produce_block] queue size: 2, attempting up to 2 transactions this block    
2026-08-10T05:54:53.469350Z  WARN ThreadId(20) hotstuff_runner::app: Node 2 view(7219) far exceeds block count (1804); potential sync issue    
2026-08-10T05:54:53.563367Z  WARN ThreadId(20) hotstuff_runner::app: Node 2 [produce_block] queue size: 0, attempting up to 0 transactions this block    
2026-08-10T05:54:53.563517Z  WARN ThreadId(20) hotstuff_runner::app: Node 2 view(7223) far exceeds block count (1805); potential sync issue    
2026-08-10T05:54:53.707604Z  WARN ThreadId(20) hotstuff_runner::app: Node 2 [produce_block] queue size: 2, attempting up to 2 transactions this block    
2026-08-10T05:54:53.710185Z  WARN ThreadId(20) hotstuff_runner::app: Node 2 view(7227) far exceeds block count (1806); potential sync issue    
2026-08-10T05:54:53.803992Z  WARN ThreadId(20) hotstuff_runner::app: Node 2 [produce_block] queue size: 2, attempting up to 2 transactions this block    
2026-08-10T05:54:53.804363Z  WARN ThreadId(20) hotstuff_runner::app: Node 2 view(7231) far exceeds block count (1807); potential sync issue    
2026-08-10T05:54:53.890360Z  WARN ThreadId(07) docker_node: Low processing efficiency: 0.0% - system may need tuning
2026-08-10T05:54:53.989244Z  WARN ThreadId(20) hotstuff_runner::app: Node 2 [produce_block] queue size: 2, attempting up to 2 transactions this block    
2026-08-10T05:54:53.990111Z  WARN ThreadId(20) hotstuff_runner::app: Node 2 view(7235) far exceeds block count (1808); potential sync issue    
2026-08-10T05:54:54.213884Z  WARN ThreadId(20) hotstuff_runner::app: Node 2 [produce_block] queue size: 2, attempting up to 2 transactions this block    
2026-08-10T05:54:54.224341Z  WARN ThreadId(20) hotstuff_runner::app: Node 2 view(7239) far exceeds block count (1809); potential sync issue    
2026-08-10T05:54:54.313239Z  WARN ThreadId(20) hotstuff_runner::app: Node 2 [produce_block] queue size: 0, attempting up to 0 transactions this block    
2026-08-10T05:54:54.313642Z  WARN ThreadId(20) hotstuff_runner::app: Node 2 view(7243) far exceeds block count (1810); potential sync issue    
2026-08-10T05:54:54.492053Z  WARN ThreadId(20) hotstuff_runner::app: Node 2 [produce_block] queue size: 2, attempting up to 2 transactions this block    
2026-08-10T05:54:54.494824Z  WARN ThreadId(20) hotstuff_runner::app: Node 2 view(7247) far exceeds block count (1811); potential sync issue    
2026-08-10T05:54:54.700204Z  WARN ThreadId(20) hotstuff_runner::app: Node 2 [produce_block] queue size: 2, attempting up to 2 transactions this block    
2026-08-10T05:54:54.702605Z  WARN ThreadId(20) hotstuff_runner::app: Node 2 view(7251) far exceeds block count (1812); potential sync issue    
2026-08-10T05:54:54.884765Z  WARN ThreadId(20) hotstuff_runner::app: Node 2 [produce_block] queue size: 2, attempting up to 2 transactions this block    
2026-08-10T05:54:54.885102Z  WARN ThreadId(20) hotstuff_runner::app: Node 2 view(7255) far exceeds block count (1813); potential sync issue    
2026-08-10T05:54:55.143958Z  WARN ThreadId(20) hotstuff_runner::app: Node 2 [produce_block] queue size: 2, attempting up to 2 transactions this block    
2026-08-10T05:54:55.152434Z  WARN ThreadId(20) hotstuff_runner::app: Node 2 view(7259) far exceeds block count (1814); potential sync issue    
2026-08-10T05:54:55.303707Z  WARN ThreadId(20) hotstuff_runner::app: Node 2 [produce_block] queue size: 2, attempting up to 2 transactions this block    
2026-08-10T05:54:55.304019Z  WARN ThreadId(20) hotstuff_runner::app: Node 2 view(7263) far exceeds block count (1815); potential sync issue    
2026-08-10T05:54:55.467693Z  WARN ThreadId(20) hotstuff_runner::app: Node 2 [produce_block] queue size: 2, attempting up to 2 transactions this block    
2026-08-10T05:54:55.470532Z  WARN ThreadId(20) hotstuff_runner::app: Node 2 view(7267) far exceeds block count (1816); potential sync issue    
2026-08-10T05:54:55.608125Z  WARN ThreadId(20) hotstuff_runner::app: Node 2 [produce_block] queue size: 0, attempting up to 0 transactions this block    
2026-08-10T05:54:55.608946Z  WARN ThreadId(20) hotstuff_runner::app: Node 2 view(7271) far exceeds block count (1817); potential sync issue    
2026-08-10T05:54:55.874982Z  WARN ThreadId(20) hotstuff_runner::app: Node 2 [produce_block] queue size: 4, attempting up to 4 transactions this block    
2026-08-10T05:54:55.875523Z  WARN ThreadId(20) hotstuff_runner::app: Node 2 view(7275) far exceeds block count (1818); potential sync issue    
2026-08-10T05:54:56.032843Z  WARN ThreadId(20) hotstuff_runner::app: Node 2 [produce_block] queue size: 2, attempting up to 2 transactions this block    
2026-08-10T05:54:56.033128Z  WARN ThreadId(20) hotstuff_runner::app: Node 2 view(7279) far exceeds block count (1819); potential sync issue    
2026-08-10T05:54:56.250082Z  WARN ThreadId(20) hotstuff_runner::app: Node 2 [produce_block] queue size: 2, attempting up to 2 transactions this block    
2026-08-10T05:54:56.250523Z  WARN ThreadId(20) hotstuff_runner::app: Node 2 view(7283) far exceeds block count (1820); potential sync issue    
2026-08-10T05:54:56.386095Z  WARN ThreadId(20) hotstuff_runner::app: Node 2 [produce_block] queue size: 2, attempting up to 2 transactions this block    
2026-08-10T05:54:56.386409Z  WARN ThreadId(20) hotstuff_runner::app: Node 2 view(7287) far exceeds block count (1821); potential sync issue    
2026-08-10T05:54:56.515313Z  WARN ThreadId(20) hotstuff_runner::app: Node 2 [produce_block] queue size: 0, attempting up to 0 transactions this block    
2026-08-10T05:54:56.517290Z  WARN ThreadId(20) hotstuff_runner::app: Node 2 view(7291) far exceeds block count (1822); potential sync issue    
2026-08-10T05:54:56.650664Z  WARN ThreadId(20) hotstuff_runner::app: Node 2 [produce_block] queue size: 2, attempting up to 2 transactions this block    
2026-08-10T05:54:56.651018Z  WARN ThreadId(20) hotstuff_runner::app: Node 2 view(7295) far exceeds block count (1823); potential sync issue    
2026-08-10T05:54:56.823279Z  WARN ThreadId(20) hotstuff_runner::app: Node 2 [produce_block] queue size: 2, attempting up to 2 transactions this block    
2026-08-10T05:54:56.828111Z  WARN ThreadId(20) hotstuff_runner::app: Node 2 view(7299) far exceeds block count (1824); potential sync issue    
2026-08-10T05:54:56.932518Z  WARN ThreadId(20) hotstuff_runner::app: Node 2 [produce_block] queue size: 0, attempting up to 0 transactions this block    
2026-08-10T05:54:56.932797Z  WARN ThreadId(20) hotstuff_runner::app: Node 2 view(7303) far exceeds block count (1825); potential sync issue    
2026-08-10T05:54:57.069865Z  WARN ThreadId(20) hotstuff_runner::app: Node 2 [produce_block] queue size: 2, attempting up to 2 transactions this block    
2026-08-10T05:54:57.070504Z  WARN ThreadId(20) hotstuff_runner::app: Node 2 view(7307) far exceeds block count (1826); potential sync issue    
2026-08-10T05:54:57.251420Z  WARN ThreadId(20) hotstuff_runner::app: Node 2 [produce_block] queue size: 2, attempting up to 2 transactions this block    
2026-08-10T05:54:57.252989Z  WARN ThreadId(20) hotstuff_runner::app: Node 2 view(7311) far exceeds block count (1827); potential sync issue    
2026-08-10T05:54:57.455669Z  WARN ThreadId(20) hotstuff_runner::app: Node 2 [produce_block] queue size: 2, attempting up to 2 transactions this block    
2026-08-10T05:54:57.457509Z  WARN ThreadId(20) hotstuff_runner::app: Node 2 view(7315) far exceeds block count (1828); potential sync issue    
2026-08-10T05:54:57.636391Z  WARN ThreadId(20) hotstuff_runner::app: Node 2 [produce_block] queue size: 2, attempting up to 2 transactions this block    
2026-08-10T05:54:57.638001Z  WARN ThreadId(20) hotstuff_runner::app: Node 2 view(7319) far exceeds block count (1829); potential sync issue    
2026-08-10T05:54:57.830345Z  WARN ThreadId(20) hotstuff_runner::app: Node 2 [produce_block] queue size: 2, attempting up to 2 transactions this block    
2026-08-10T05:54:57.830551Z  WARN ThreadId(20) hotstuff_runner::app: Node 2 view(7323) far exceeds block count (1830); potential sync issue    
2026-08-10T05:54:57.994302Z  WARN ThreadId(20) hotstuff_runner::app: Node 2 [produce_block] queue size: 2, attempting up to 2 transactions this block    
2026-08-10T05:54:57.994554Z  WARN ThreadId(20) hotstuff_runner::app: Node 2 view(7327) far exceeds block count (1831); potential sync issue    
2026-08-10T05:54:58.164231Z  WARN ThreadId(20) hotstuff_runner::app: Node 2 [produce_block] queue size: 0, attempting up to 0 transactions this block    
2026-08-10T05:54:58.166366Z  WARN ThreadId(20) hotstuff_runner::app: Node 2 view(7331) far exceeds block count (1832); potential sync issue    
2026-08-10T05:54:58.338357Z  WARN ThreadId(20) hotstuff_runner::app: Node 2 [produce_block] queue size: 2, attempting up to 2 transactions this block    
2026-08-10T05:54:58.339182Z  WARN ThreadId(20) hotstuff_runner::app: Node 2 view(7335) far exceeds block count (1833); potential sync issue    
2026-08-10T05:54:58.536886Z  WARN ThreadId(20) hotstuff_runner::app: Node 2 [produce_block] queue size: 2, attempting up to 2 transactions this block    
2026-08-10T05:54:58.538023Z  WARN ThreadId(20) hotstuff_runner::app: Node 2 view(7339) far exceeds block count (1834); potential sync issue    
2026-08-10T05:54:58.698164Z  WARN ThreadId(20) hotstuff_runner::app: Node 2 [produce_block] queue size: 2, attempting up to 2 transactions this block    
2026-08-10T05:54:58.699173Z  WARN ThreadId(20) hotstuff_runner::app: Node 2 view(7343) far exceeds block count (1835); potential sync issue    
2026-08-10T05:54:58.786045Z  WARN ThreadId(20) hotstuff_runner::app: Node 2 [produce_block] queue size: 0, attempting up to 0 transactions this block    
2026-08-10T05:54:58.786829Z  WARN ThreadId(20) hotstuff_runner::app: Node 2 view(7347) far exceeds block count (1836); potential sync issue    
2026-08-10T05:54:58.890425Z  WARN ThreadId(03) docker_node: Low processing efficiency: 0.0% - system may need tuning
2026-08-10T05:54:58.946272Z  WARN ThreadId(20) hotstuff_runner::app: Node 2 [produce_block] queue size: 2, attempting up to 2 transactions this block    
2026-08-10T05:54:58.946487Z  WARN ThreadId(20) hotstuff_runner::app: Node 2 view(7351) far exceeds block count (1837); potential sync issue    
2026-08-10T05:54:59.076832Z  WARN ThreadId(20) hotstuff_runner::app: Node 2 [produce_block] queue size: 2, attempting up to 2 transactions this block    
2026-08-10T05:54:59.077032Z  WARN ThreadId(20) hotstuff_runner::app: Node 2 view(7355) far exceeds block count (1838); potential sync issue    
2026-08-10T05:54:59.262268Z  WARN ThreadId(20) hotstuff_runner::app: Node 2 [produce_block] queue size: 2, attempting up to 2 transactions this block    
2026-08-10T05:54:59.268000Z  WARN ThreadId(20) hotstuff_runner::app: Node 2 view(7359) far exceeds block count (1839); potential sync issue    
2026-08-10T05:54:59.525274Z  WARN ThreadId(20) hotstuff_runner::app: Node 2 [produce_block] queue size: 2, attempting up to 2 transactions this block    
2026-08-10T05:54:59.525622Z  WARN ThreadId(20) hotstuff_runner::app: Node 2 view(7363) far exceeds block count (1840); potential sync issue    
2026-08-10T05:54:59.777000Z  WARN ThreadId(20) hotstuff_runner::app: Node 2 [produce_block] queue size: 2, attempting up to 2 transactions this block    
2026-08-10T05:54:59.780619Z  WARN ThreadId(20) hotstuff_runner::app: Node 2 view(7367) far exceeds block count (1841); potential sync issue    
2026-08-10T05:54:59.944393Z  WARN ThreadId(20) hotstuff_runner::app: Node 2 [produce_block] queue size: 2, attempting up to 2 transactions this block    
2026-08-10T05:54:59.945174Z  WARN ThreadId(20) hotstuff_runner::app: Node 2 view(7371) far exceeds block count (1842); potential sync issue    
2026-08-10T05:55:00.102036Z  WARN ThreadId(20) hotstuff_runner::app: Node 2 [produce_block] queue size: 2, attempting up to 2 transactions this block    
2026-08-10T05:55:00.103825Z  WARN ThreadId(20) hotstuff_runner::app: Node 2 view(7375) far exceeds block count (1843); potential sync issue    
2026-08-10T05:55:00.246582Z  WARN ThreadId(20) hotstuff_runner::app: Node 2 [produce_block] queue size: 2, attempting up to 2 transactions this block    
2026-08-10T05:55:00.252433Z  WARN ThreadId(20) hotstuff_runner::app: Node 2 view(7379) far exceeds block count (1844); potential sync issue    
2026-08-10T05:55:00.576817Z  WARN ThreadId(20) hotstuff_runner::app: Node 2 [produce_block] queue size: 4, attempting up to 4 transactions this block    
2026-08-10T05:55:00.579021Z  WARN ThreadId(20) hotstuff_runner::app: Node 2 view(7383) far exceeds block count (1845); potential sync issue    
2026-08-10T05:55:00.701694Z  WARN ThreadId(20) hotstuff_runner::app: Node 2 [produce_block] queue size: 0, attempting up to 0 transactions this block    
2026-08-10T05:55:00.706299Z  WARN ThreadId(20) hotstuff_runner::app: Node 2 view(7387) far exceeds block count (1846); potential sync issue    
2026-08-10T05:55:01.008042Z  WARN ThreadId(20) hotstuff_runner::app: Node 2 [produce_block] queue size: 4, attempting up to 4 transactions this block    
2026-08-10T05:55:01.008311Z  WARN ThreadId(20) hotstuff_runner::app: Node 2 view(7391) far exceeds block count (1847); potential sync issue    
2026-08-10T05:55:01.159290Z  WARN ThreadId(20) hotstuff_runner::app: Node 2 [produce_block] queue size: 2, attempting up to 2 transactions this block    
2026-08-10T05:55:01.159736Z  WARN ThreadId(20) hotstuff_runner::app: Node 2 view(7395) far exceeds block count (1848); potential sync issue    
2026-08-10T05:55:01.273863Z  WARN ThreadId(20) hotstuff_runner::app: Node 2 [produce_block] queue size: 0, attempting up to 0 transactions this block    
2026-08-10T05:55:01.275758Z  WARN ThreadId(20) hotstuff_runner::app: Node 2 view(7399) far exceeds block count (1849); potential sync issue    
2026-08-10T05:55:01.499837Z  WARN ThreadId(20) hotstuff_runner::app: Node 2 [produce_block] queue size: 4, attempting up to 4 transactions this block    
2026-08-10T05:55:01.503834Z  WARN ThreadId(20) hotstuff_runner::app: Node 2 view(7403) far exceeds block count (1850); potential sync issue    
2026-08-10T05:55:01.665741Z  WARN ThreadId(20) hotstuff_runner::app: Node 2 [produce_block] queue size: 0, attempting up to 0 transactions this block    
2026-08-10T05:55:01.666743Z  WARN ThreadId(20) hotstuff_runner::app: Node 2 view(7407) far exceeds block count (1851); potential sync issue    
2026-08-10T05:55:01.810036Z  WARN ThreadId(20) hotstuff_runner::app: Node 2 [produce_block] queue size: 2, attempting up to 2 transactions this block    
2026-08-10T05:55:01.815152Z  WARN ThreadId(20) hotstuff_runner::app: Node 2 view(7411) far exceeds block count (1852); potential sync issue    
2026-08-10T05:55:01.952473Z  WARN ThreadId(20) hotstuff_runner::app: Node 2 [produce_block] queue size: 2, attempting up to 2 transactions this block    
2026-08-10T05:55:01.952558Z  WARN ThreadId(20) hotstuff_runner::app: Node 2 view(7415) far exceeds block count (1853); potential sync issue    
2026-08-10T05:55:02.071266Z  WARN ThreadId(20) hotstuff_runner::app: Node 2 [produce_block] queue size: 2, attempting up to 2 transactions this block    
2026-08-10T05:55:02.072997Z  WARN ThreadId(20) hotstuff_runner::app: Node 2 view(7419) far exceeds block count (1854); potential sync issue    
2026-08-10T05:55:02.185675Z  WARN ThreadId(20) hotstuff_runner::app: Node 2 [produce_block] queue size: 0, attempting up to 0 transactions this block    
2026-08-10T05:55:02.188627Z  WARN ThreadId(20) hotstuff_runner::app: Node 2 view(7423) far exceeds block count (1855); potential sync issue    
2026-08-10T05:55:02.320134Z  WARN ThreadId(20) hotstuff_runner::app: Node 2 [produce_block] queue size: 2, attempting up to 2 transactions this block    
2026-08-10T05:55:02.321862Z  WARN ThreadId(20) hotstuff_runner::app: Node 2 view(7427) far exceeds block count (1856); potential sync issue    
2026-08-10T05:55:02.486589Z  WARN ThreadId(20) hotstuff_runner::app: Node 2 [produce_block] queue size: 0, attempting up to 0 transactions this block    
2026-08-10T05:55:02.486921Z  WARN ThreadId(20) hotstuff_runner::app: Node 2 view(7431) far exceeds block count (1857); potential sync issue    
2026-08-10T05:55:02.649457Z  WARN ThreadId(20) hotstuff_runner::app: Node 2 [produce_block] queue size: 2, attempting up to 2 transactions this block    
2026-08-10T05:55:02.653259Z  WARN ThreadId(20) hotstuff_runner::app: Node 2 view(7435) far exceeds block count (1858); potential sync issue    
2026-08-10T05:55:02.827178Z  WARN ThreadId(20) hotstuff_runner::app: Node 2 [produce_block] queue size: 2, attempting up to 2 transactions this block    
2026-08-10T05:55:02.828014Z  WARN ThreadId(20) hotstuff_runner::app: Node 2 view(7439) far exceeds block count (1859); potential sync issue    
2026-08-10T05:55:02.959483Z  WARN ThreadId(20) hotstuff_runner::app: Node 2 [produce_block] queue size: 2, attempting up to 2 transactions this block    
2026-08-10T05:55:02.959709Z  WARN ThreadId(20) hotstuff_runner::app: Node 2 view(7443) far exceeds block count (1860); potential sync issue    
2026-08-10T05:55:03.076323Z  WARN ThreadId(20) hotstuff_runner::app: Node 2 [produce_block] queue size: 2, attempting up to 2 transactions this block    
2026-08-10T05:55:03.081681Z  WARN ThreadId(20) hotstuff_runner::app: Node 2 view(7447) far exceeds block count (1861); potential sync issue    
2026-08-10T05:55:03.189884Z  WARN ThreadId(20) hotstuff_runner::app: Node 2 [produce_block] queue size: 0, attempting up to 0 transactions this block    
2026-08-10T05:55:03.190113Z  WARN ThreadId(20) hotstuff_runner::app: Node 2 view(7451) far exceeds block count (1862); potential sync issue    
2026-08-10T05:55:03.312179Z  WARN ThreadId(20) hotstuff_runner::app: Node 2 [produce_block] queue size: 2, attempting up to 2 transactions this block    
2026-08-10T05:55:03.316717Z  WARN ThreadId(20) hotstuff_runner::app: Node 2 view(7455) far exceeds block count (1863); potential sync issue    
2026-08-10T05:55:03.410013Z  WARN ThreadId(20) hotstuff_runner::app: Node 2 [produce_block] queue size: 0, attempting up to 0 transactions this block    
2026-08-10T05:55:03.410961Z  WARN ThreadId(20) hotstuff_runner::app: Node 2 view(7459) far exceeds block count (1864); potential sync issue    
2026-08-10T05:55:03.570419Z  WARN ThreadId(20) hotstuff_runner::app: Node 2 [produce_block] queue size: 2, attempting up to 2 transactions this block    
2026-08-10T05:55:03.570796Z  WARN ThreadId(20) hotstuff_runner::app: Node 2 view(7463) far exceeds block count (1865); potential sync issue    
2026-08-10T05:55:03.694935Z  WARN ThreadId(20) hotstuff_runner::app: Node 2 [produce_block] queue size: 2, attempting up to 2 transactions this block    
2026-08-10T05:55:03.695626Z  WARN ThreadId(20) hotstuff_runner::app: Node 2 view(7467) far exceeds block count (1866); potential sync issue    
2026-08-10T05:55:03.891249Z  WARN ThreadId(09) docker_node: Low processing efficiency: 0.0% - system may need tuning
2026-08-10T05:55:03.895456Z  WARN ThreadId(20) hotstuff_runner::app: Node 2 [produce_block] queue size: 2, attempting up to 2 transactions this block    
2026-08-10T05:55:03.895863Z  WARN ThreadId(20) hotstuff_runner::app: Node 2 view(7471) far exceeds block count (1867); potential sync issue    
2026-08-10T05:55:04.090761Z  WARN ThreadId(20) hotstuff_runner::app: Node 2 [produce_block] queue size: 2, attempting up to 2 transactions this block    
2026-08-10T05:55:04.093354Z  WARN ThreadId(20) hotstuff_runner::app: Node 2 view(7475) far exceeds block count (1868); potential sync issue    
2026-08-10T05:55:04.228209Z  WARN ThreadId(20) hotstuff_runner::app: Node 2 [produce_block] queue size: 0, attempting up to 0 transactions this block    
2026-08-10T05:55:04.234221Z  WARN ThreadId(20) hotstuff_runner::app: Node 2 view(7479) far exceeds block count (1869); potential sync issue    
2026-08-10T05:55:04.367218Z  WARN ThreadId(20) hotstuff_runner::app: Node 2 [produce_block] queue size: 2, attempting up to 2 transactions this block    
2026-08-10T05:55:04.367878Z  WARN ThreadId(20) hotstuff_runner::app: Node 2 view(7483) far exceeds block count (1870); potential sync issue    
2026-08-10T05:55:04.476384Z  WARN ThreadId(20) hotstuff_runner::app: Node 2 [produce_block] queue size: 2, attempting up to 2 transactions this block    
2026-08-10T05:55:04.481662Z  WARN ThreadId(20) hotstuff_runner::app: Node 2 view(7487) far exceeds block count (1871); potential sync issue    
2026-08-10T05:55:04.600878Z  WARN ThreadId(20) hotstuff_runner::app: Node 2 [produce_block] queue size: 0, attempting up to 0 transactions this block    
2026-08-10T05:55:04.601103Z  WARN ThreadId(20) hotstuff_runner::app: Node 2 view(7491) far exceeds block count (1872); potential sync issue    
2026-08-10T05:55:04.682763Z  WARN ThreadId(20) hotstuff_runner::app: Node 2 [produce_block] queue size: 0, attempting up to 0 transactions this block    
2026-08-10T05:55:04.684286Z  WARN ThreadId(20) hotstuff_runner::app: Node 2 view(7495) far exceeds block count (1873); potential sync issue    
2026-08-10T05:55:04.789215Z  WARN ThreadId(20) hotstuff_runner::app: Node 2 [produce_block] queue size: 2, attempting up to 2 transactions this block    
2026-08-10T05:55:04.789400Z  WARN ThreadId(20) hotstuff_runner::app: Node 2 view(7499) far exceeds block count (1874); potential sync issue    
2026-08-10T05:55:04.976751Z  WARN ThreadId(20) hotstuff_runner::app: Node 2 [produce_block] queue size: 2, attempting up to 2 transactions this block    
2026-08-10T05:55:04.977291Z  WARN ThreadId(20) hotstuff_runner::app: Node 2 view(7503) far exceeds block count (1875); potential sync issue    
2026-08-10T05:55:05.172715Z  WARN ThreadId(20) hotstuff_runner::app: Node 2 [produce_block] queue size: 0, attempting up to 0 transactions this block    
2026-08-10T05:55:05.173024Z  WARN ThreadId(20) hotstuff_runner::app: Node 2 view(7507) far exceeds block count (1876); potential sync issue    
2026-08-10T05:55:05.312263Z  WARN ThreadId(20) hotstuff_runner::app: Node 2 [produce_block] queue size: 2, attempting up to 2 transactions this block    
2026-08-10T05:55:05.313275Z  WARN ThreadId(20) hotstuff_runner::app: Node 2 view(7511) far exceeds block count (1877); potential sync issue    
2026-08-10T05:55:05.584220Z  WARN ThreadId(20) hotstuff_runner::app: Node 2 [produce_block] queue size: 4, attempting up to 4 transactions this block    
2026-08-10T05:55:05.588439Z  WARN ThreadId(20) hotstuff_runner::app: Node 2 view(7515) far exceeds block count (1878); potential sync issue    
2026-08-10T05:55:05.691312Z  WARN ThreadId(20) hotstuff_runner::app: Node 2 [produce_block] queue size: 0, attempting up to 0 transactions this block    
2026-08-10T05:55:05.691521Z  WARN ThreadId(20) hotstuff_runner::app: Node 2 view(7519) far exceeds block count (1879); potential sync issue    
2026-08-10T05:55:05.903993Z  WARN ThreadId(20) hotstuff_runner::app: Node 2 [produce_block] queue size: 2, attempting up to 2 transactions this block    
2026-08-10T05:55:05.904567Z  WARN ThreadId(20) hotstuff_runner::app: Node 2 view(7523) far exceeds block count (1880); potential sync issue    
2026-08-10T05:55:06.041483Z  WARN ThreadId(20) hotstuff_runner::app: Node 2 [produce_block] queue size: 2, attempting up to 2 transactions this block    
2026-08-10T05:55:06.041850Z  WARN ThreadId(20) hotstuff_runner::app: Node 2 view(7527) far exceeds block count (1881); potential sync issue    
2026-08-10T05:55:06.208956Z  WARN ThreadId(20) hotstuff_runner::app: Node 2 [produce_block] queue size: 2, attempting up to 2 transactions this block    
2026-08-10T05:55:06.210223Z  WARN ThreadId(20) hotstuff_runner::app: Node 2 view(7531) far exceeds block count (1882); potential sync issue    
2026-08-10T05:55:06.373573Z  WARN ThreadId(20) hotstuff_runner::app: Node 2 [produce_block] queue size: 0, attempting up to 0 transactions this block    
2026-08-10T05:55:06.374972Z  WARN ThreadId(20) hotstuff_runner::app: Node 2 view(7535) far exceeds block count (1883); potential sync issue    
2026-08-10T05:55:06.588732Z  WARN ThreadId(20) hotstuff_runner::app: Node 2 [produce_block] queue size: 2, attempting up to 2 transactions this block    
2026-08-10T05:55:06.590039Z  WARN ThreadId(20) hotstuff_runner::app: Node 2 view(7539) far exceeds block count (1884); potential sync issue    
2026-08-10T05:55:06.795023Z  WARN ThreadId(20) hotstuff_runner::app: Node 2 [produce_block] queue size: 2, attempting up to 2 transactions this block    
2026-08-10T05:55:06.796948Z  WARN ThreadId(20) hotstuff_runner::app: Node 2 view(7543) far exceeds block count (1885); potential sync issue    
2026-08-10T05:55:07.133947Z  WARN ThreadId(20) hotstuff_runner::app: Node 2 [produce_block] queue size: 4, attempting up to 4 transactions this block    
2026-08-10T05:55:07.137100Z  WARN ThreadId(20) hotstuff_runner::app: Node 2 view(7547) far exceeds block count (1886); potential sync issue    
2026-08-10T05:55:07.312818Z  WARN ThreadId(20) hotstuff_runner::app: Node 2 [produce_block] queue size: 0, attempting up to 0 transactions this block    
2026-08-10T05:55:07.313050Z  WARN ThreadId(20) hotstuff_runner::app: Node 2 view(7551) far exceeds block count (1887); potential sync issue    
2026-08-10T05:55:07.541541Z  WARN ThreadId(20) hotstuff_runner::app: Node 2 [produce_block] queue size: 4, attempting up to 4 transactions this block    
2026-08-10T05:55:07.541861Z  WARN ThreadId(20) hotstuff_runner::app: Node 2 view(7555) far exceeds block count (1888); potential sync issue    
2026-08-10T05:55:07.809842Z  WARN ThreadId(20) hotstuff_runner::app: Node 2 [produce_block] queue size: 2, attempting up to 2 transactions this block    
2026-08-10T05:55:07.810729Z  WARN ThreadId(20) hotstuff_runner::app: Node 2 view(7559) far exceeds block count (1889); potential sync issue    
2026-08-10T05:55:08.058588Z  WARN ThreadId(20) hotstuff_runner::app: Node 2 [produce_block] queue size: 4, attempting up to 4 transactions this block    
2026-08-10T05:55:08.058977Z  WARN ThreadId(20) hotstuff_runner::app: Node 2 view(7563) far exceeds block count (1890); potential sync issue    
2026-08-10T05:55:08.238411Z  WARN ThreadId(20) hotstuff_runner::app: Node 2 [produce_block] queue size: 2, attempting up to 2 transactions this block    
2026-08-10T05:55:08.239042Z  WARN ThreadId(20) hotstuff_runner::app: Node 2 view(7567) far exceeds block count (1891); potential sync issue    
2026-08-10T05:55:08.381133Z  WARN ThreadId(20) hotstuff_runner::app: Node 2 [produce_block] queue size: 0, attempting up to 0 transactions this block    
2026-08-10T05:55:08.381305Z  WARN ThreadId(20) hotstuff_runner::app: Node 2 view(7571) far exceeds block count (1892); potential sync issue    
2026-08-10T05:55:08.607273Z  WARN ThreadId(20) hotstuff_runner::app: Node 2 [produce_block] queue size: 2, attempting up to 2 transactions this block    
2026-08-10T05:55:08.608251Z  WARN ThreadId(20) hotstuff_runner::app: Node 2 view(7575) far exceeds block count (1893); potential sync issue    
2026-08-10T05:55:08.799569Z  WARN ThreadId(20) hotstuff_runner::app: Node 2 [produce_block] queue size: 2, attempting up to 2 transactions this block    
2026-08-10T05:55:08.807177Z  WARN ThreadId(20) hotstuff_runner::app: Node 2 view(7579) far exceeds block count (1894); potential sync issue    
2026-08-10T05:55:08.891359Z  WARN ThreadId(07) docker_node: Low processing efficiency: 0.0% - system may need tuning
2026-08-10T05:55:09.029345Z  WARN ThreadId(20) hotstuff_runner::app: Node 2 [produce_block] queue size: 4, attempting up to 4 transactions this block    
2026-08-10T05:55:09.033577Z  WARN ThreadId(20) hotstuff_runner::app: Node 2 view(7583) far exceeds block count (1895); potential sync issue    
2026-08-10T05:55:09.166913Z  WARN ThreadId(20) hotstuff_runner::app: Node 2 [produce_block] queue size: 0, attempting up to 0 transactions this block    
2026-08-10T05:55:09.167644Z  WARN ThreadId(20) hotstuff_runner::app: Node 2 view(7587) far exceeds block count (1896); potential sync issue    
2026-08-10T05:55:09.556670Z  WARN ThreadId(20) hotstuff_runner::app: Node 2 [produce_block] queue size: 4, attempting up to 4 transactions this block    
2026-08-10T05:55:09.557029Z  WARN ThreadId(20) hotstuff_runner::app: Node 2 view(7591) far exceeds block count (1897); potential sync issue    
2026-08-10T05:55:09.741256Z  WARN ThreadId(20) hotstuff_runner::app: Node 2 [produce_block] queue size: 2, attempting up to 2 transactions this block    
2026-08-10T05:55:09.741442Z  WARN ThreadId(20) hotstuff_runner::app: Node 2 view(7595) far exceeds block count (1898); potential sync issue    
2026-08-10T05:55:09.967480Z  WARN ThreadId(20) hotstuff_runner::app: Node 2 [produce_block] queue size: 2, attempting up to 2 transactions this block    
2026-08-10T05:55:09.968886Z  WARN ThreadId(20) hotstuff_runner::app: Node 2 view(7599) far exceeds block count (1899); potential sync issue    
2026-08-10T05:55:10.234179Z  WARN ThreadId(20) hotstuff_runner::app: Node 2 [produce_block] queue size: 2, attempting up to 2 transactions this block    
2026-08-10T05:55:10.234431Z  WARN ThreadId(20) hotstuff_runner::app: Node 2 view(7603) far exceeds block count (1900); potential sync issue    
2026-08-10T05:55:10.400655Z  WARN ThreadId(20) hotstuff_runner::app: Node 2 [produce_block] queue size: 2, attempting up to 2 transactions this block    
2026-08-10T05:55:10.403721Z  WARN ThreadId(20) hotstuff_runner::app: Node 2 view(7607) far exceeds block count (1901); potential sync issue    
2026-08-10T05:55:10.631893Z  WARN ThreadId(20) hotstuff_runner::app: Node 2 [produce_block] queue size: 4, attempting up to 4 transactions this block    
2026-08-10T05:55:10.636669Z  WARN ThreadId(20) hotstuff_runner::app: Node 2 view(7611) far exceeds block count (1902); potential sync issue    
2026-08-10T05:55:10.776260Z  WARN ThreadId(20) hotstuff_runner::app: Node 2 [produce_block] queue size: 0, attempting up to 0 transactions this block    
2026-08-10T05:55:10.776619Z  WARN ThreadId(20) hotstuff_runner::app: Node 2 view(7615) far exceeds block count (1903); potential sync issue    
2026-08-10T05:55:10.910493Z  WARN ThreadId(20) hotstuff_runner::app: Node 2 [produce_block] queue size: 2, attempting up to 2 transactions this block    
2026-08-10T05:55:10.910718Z  WARN ThreadId(20) hotstuff_runner::app: Node 2 view(7619) far exceeds block count (1904); potential sync issue    
2026-08-10T05:55:11.071889Z  WARN ThreadId(20) hotstuff_runner::app: Node 2 [produce_block] queue size: 2, attempting up to 2 transactions this block    
2026-08-10T05:55:11.080803Z  WARN ThreadId(20) hotstuff_runner::app: Node 2 view(7623) far exceeds block count (1905); potential sync issue    
2026-08-10T05:55:11.242720Z  WARN ThreadId(20) hotstuff_runner::app: Node 2 [produce_block] queue size: 2, attempting up to 2 transactions this block    
2026-08-10T05:55:11.242864Z  WARN ThreadId(20) hotstuff_runner::app: Node 2 view(7627) far exceeds block count (1906); potential sync issue    
2026-08-10T05:55:11.348976Z  WARN ThreadId(20) hotstuff_runner::app: Node 2 [produce_block] queue size: 0, attempting up to 0 transactions this block    
2026-08-10T05:55:11.354361Z  WARN ThreadId(20) hotstuff_runner::app: Node 2 view(7631) far exceeds block count (1907); potential sync issue    
2026-08-10T05:55:11.522120Z  WARN ThreadId(20) hotstuff_runner::app: Node 2 [produce_block] queue size: 2, attempting up to 2 transactions this block    
2026-08-10T05:55:11.523101Z  WARN ThreadId(20) hotstuff_runner::app: Node 2 view(7635) far exceeds block count (1908); potential sync issue    
2026-08-10T05:55:11.644815Z  WARN ThreadId(20) hotstuff_runner::app: Node 2 [produce_block] queue size: 2, attempting up to 2 transactions this block    
2026-08-10T05:55:11.645542Z  WARN ThreadId(20) hotstuff_runner::app: Node 2 view(7639) far exceeds block count (1909); potential sync issue    
2026-08-10T05:55:11.841864Z  WARN ThreadId(20) hotstuff_runner::app: Node 2 [produce_block] queue size: 2, attempting up to 2 transactions this block    
2026-08-10T05:55:11.843115Z  WARN ThreadId(20) hotstuff_runner::app: Node 2 view(7643) far exceeds block count (1910); potential sync issue    
2026-08-10T05:55:11.986411Z  WARN ThreadId(20) hotstuff_runner::app: Node 2 [produce_block] queue size: 0, attempting up to 0 transactions this block    
2026-08-10T05:55:11.986602Z  WARN ThreadId(20) hotstuff_runner::app: Node 2 view(7647) far exceeds block count (1911); potential sync issue    
2026-08-10T05:55:12.257205Z  WARN ThreadId(20) hotstuff_runner::app: Node 2 [produce_block] queue size: 4, attempting up to 4 transactions this block    
2026-08-10T05:55:12.260820Z  WARN ThreadId(20) hotstuff_runner::app: Node 2 view(7651) far exceeds block count (1912); potential sync issue    
2026-08-10T05:55:12.356967Z  WARN ThreadId(20) hotstuff_runner::app: Node 2 [produce_block] queue size: 0, attempting up to 0 transactions this block    
2026-08-10T05:55:12.357781Z  WARN ThreadId(20) hotstuff_runner::app: Node 2 view(7655) far exceeds block count (1913); potential sync issue    
2026-08-10T05:55:12.485531Z  WARN ThreadId(20) hotstuff_runner::app: Node 2 [produce_block] queue size: 2, attempting up to 2 transactions this block    
2026-08-10T05:55:12.487228Z  WARN ThreadId(20) hotstuff_runner::app: Node 2 view(7659) far exceeds block count (1914); potential sync issue    
2026-08-10T05:55:12.588480Z  WARN ThreadId(20) hotstuff_runner::app: Node 2 [produce_block] queue size: 2, attempting up to 2 transactions this block    
2026-08-10T05:55:12.589457Z  WARN ThreadId(20) hotstuff_runner::app: Node 2 view(7663) far exceeds block count (1915); potential sync issue    
2026-08-10T05:55:12.789826Z  WARN ThreadId(20) hotstuff_runner::app: Node 2 [produce_block] queue size: 2, attempting up to 2 transactions this block    
2026-08-10T05:55:12.791681Z  WARN ThreadId(20) hotstuff_runner::app: Node 2 view(7667) far exceeds block count (1916); potential sync issue    
2026-08-10T05:55:12.970139Z  WARN ThreadId(20) hotstuff_runner::app: Node 2 [produce_block] queue size: 2, attempting up to 2 transactions this block    
2026-08-10T05:55:12.973250Z  WARN ThreadId(20) hotstuff_runner::app: Node 2 view(7671) far exceeds block count (1917); potential sync issue    
2026-08-10T05:55:13.122029Z  WARN ThreadId(20) hotstuff_runner::app: Node 2 [produce_block] queue size: 0, attempting up to 0 transactions this block    
2026-08-10T05:55:13.123228Z  WARN ThreadId(20) hotstuff_runner::app: Node 2 view(7675) far exceeds block count (1918); potential sync issue    
2026-08-10T05:55:13.264608Z  WARN ThreadId(20) hotstuff_runner::app: Node 2 [produce_block] queue size: 2, attempting up to 2 transactions this block    
2026-08-10T05:55:13.267311Z  WARN ThreadId(20) hotstuff_runner::app: Node 2 view(7679) far exceeds block count (1919); potential sync issue    
2026-08-10T05:55:13.380221Z  WARN ThreadId(20) hotstuff_runner::app: Node 2 [produce_block] queue size: 2, attempting up to 2 transactions this block    
2026-08-10T05:55:13.380896Z  WARN ThreadId(20) hotstuff_runner::app: Node 2 view(7683) far exceeds block count (1920); potential sync issue    
2026-08-10T05:55:13.532015Z  WARN ThreadId(20) hotstuff_runner::app: Node 2 [produce_block] queue size: 2, attempting up to 2 transactions this block    
2026-08-10T05:55:13.532932Z  WARN ThreadId(20) hotstuff_runner::app: Node 2 view(7687) far exceeds block count (1921); potential sync issue    
2026-08-10T05:55:13.671514Z  WARN ThreadId(20) hotstuff_runner::app: Node 2 [produce_block] queue size: 0, attempting up to 0 transactions this block    
2026-08-10T05:55:13.672229Z  WARN ThreadId(20) hotstuff_runner::app: Node 2 view(7691) far exceeds block count (1922); potential sync issue    
2026-08-10T05:55:13.842200Z  WARN ThreadId(20) hotstuff_runner::app: Node 2 [produce_block] queue size: 2, attempting up to 2 transactions this block    
2026-08-10T05:55:13.842317Z  WARN ThreadId(20) hotstuff_runner::app: Node 2 view(7695) far exceeds block count (1923); potential sync issue    
2026-08-10T05:55:13.891302Z  WARN ThreadId(03) docker_node: Low processing efficiency: 0.0% - system may need tuning
2026-08-10T05:55:14.062456Z  WARN ThreadId(20) hotstuff_runner::app: Node 2 [produce_block] queue size: 2, attempting up to 2 transactions this block    
2026-08-10T05:55:14.063260Z  WARN ThreadId(20) hotstuff_runner::app: Node 2 view(7699) far exceeds block count (1924); potential sync issue    
2026-08-10T05:55:14.230551Z  WARN ThreadId(20) hotstuff_runner::app: Node 2 [produce_block] queue size: 2, attempting up to 2 transactions this block    
2026-08-10T05:55:14.235140Z  WARN ThreadId(20) hotstuff_runner::app: Node 2 view(7703) far exceeds block count (1925); potential sync issue    
2026-08-10T05:55:14.501082Z  WARN ThreadId(20) hotstuff_runner::app: Node 2 [produce_block] queue size: 2, attempting up to 2 transactions this block    
2026-08-10T05:55:14.501344Z  WARN ThreadId(20) hotstuff_runner::app: Node 2 view(7707) far exceeds block count (1926); potential sync issue    
2026-08-10T05:55:14.694479Z  WARN ThreadId(20) hotstuff_runner::app: Node 2 [produce_block] queue size: 2, attempting up to 2 transactions this block    
2026-08-10T05:55:14.695317Z  WARN ThreadId(20) hotstuff_runner::app: Node 2 view(7711) far exceeds block count (1927); potential sync issue    
2026-08-10T05:55:14.958208Z  WARN ThreadId(20) hotstuff_runner::app: Node 2 [produce_block] queue size: 2, attempting up to 2 transactions this block    
2026-08-10T05:55:14.959103Z  WARN ThreadId(20) hotstuff_runner::app: Node 2 view(7715) far exceeds block count (1928); potential sync issue    
2026-08-10T05:55:15.145936Z  WARN ThreadId(20) hotstuff_runner::app: Node 2 [produce_block] queue size: 2, attempting up to 2 transactions this block    
2026-08-10T05:55:15.148825Z  WARN ThreadId(20) hotstuff_runner::app: Node 2 view(7719) far exceeds block count (1929); potential sync issue    
2026-08-10T05:55:15.290295Z  WARN ThreadId(20) hotstuff_runner::app: Node 2 [produce_block] queue size: 2, attempting up to 2 transactions this block    
2026-08-10T05:55:15.291221Z  WARN ThreadId(20) hotstuff_runner::app: Node 2 view(7723) far exceeds block count (1930); potential sync issue    
2026-08-10T05:55:15.555114Z  WARN ThreadId(20) hotstuff_runner::app: Node 2 [produce_block] queue size: 2, attempting up to 2 transactions this block    
2026-08-10T05:55:15.555398Z  WARN ThreadId(20) hotstuff_runner::app: Node 2 view(7727) far exceeds block count (1931); potential sync issue    
2026-08-10T05:55:15.711348Z  WARN ThreadId(20) hotstuff_runner::app: Node 2 [produce_block] queue size: 2, attempting up to 2 transactions this block    
2026-08-10T05:55:15.715372Z  WARN ThreadId(20) hotstuff_runner::app: Node 2 view(7731) far exceeds block count (1932); potential sync issue    
2026-08-10T05:55:15.821729Z  WARN ThreadId(20) hotstuff_runner::app: Node 2 [produce_block] queue size: 2, attempting up to 2 transactions this block    
2026-08-10T05:55:15.824650Z  WARN ThreadId(20) hotstuff_runner::app: Node 2 view(7735) far exceeds block count (1933); potential sync issue    
2026-08-10T05:55:15.962591Z  WARN ThreadId(20) hotstuff_runner::app: Node 2 [produce_block] queue size: 0, attempting up to 0 transactions this block    
2026-08-10T05:55:15.963636Z  WARN ThreadId(20) hotstuff_runner::app: Node 2 view(7739) far exceeds block count (1934); potential sync issue    
2026-08-10T05:55:16.078213Z  WARN ThreadId(20) hotstuff_runner::app: Node 2 [produce_block] queue size: 2, attempting up to 2 transactions this block    
2026-08-10T05:55:16.078465Z  WARN ThreadId(20) hotstuff_runner::app: Node 2 view(7743) far exceeds block count (1935); potential sync issue    
2026-08-10T05:55:16.240003Z  WARN ThreadId(20) hotstuff_runner::app: Node 2 [produce_block] queue size: 0, attempting up to 0 transactions this block    
2026-08-10T05:55:16.242727Z  WARN ThreadId(20) hotstuff_runner::app: Node 2 view(7747) far exceeds block count (1936); potential sync issue    
2026-08-10T05:55:16.371625Z  WARN ThreadId(20) hotstuff_runner::app: Node 2 [produce_block] queue size: 2, attempting up to 2 transactions this block    
2026-08-10T05:55:16.371862Z  WARN ThreadId(20) hotstuff_runner::app: Node 2 view(7751) far exceeds block count (1937); potential sync issue    
2026-08-10T05:55:16.536037Z  WARN ThreadId(20) hotstuff_runner::app: Node 2 [produce_block] queue size: 0, attempting up to 0 transactions this block    
2026-08-10T05:55:16.536331Z  WARN ThreadId(20) hotstuff_runner::app: Node 2 view(7755) far exceeds block count (1938); potential sync issue    
2026-08-10T05:55:16.719328Z  WARN ThreadId(20) hotstuff_runner::app: Node 2 [produce_block] queue size: 2, attempting up to 2 transactions this block    
2026-08-10T05:55:16.723624Z  WARN ThreadId(20) hotstuff_runner::app: Node 2 view(7759) far exceeds block count (1939); potential sync issue    
2026-08-10T05:55:16.913066Z  WARN ThreadId(20) hotstuff_runner::app: Node 2 [produce_block] queue size: 2, attempting up to 2 transactions this block    
2026-08-10T05:55:16.914136Z  WARN ThreadId(20) hotstuff_runner::app: Node 2 view(7763) far exceeds block count (1940); potential sync issue    
2026-08-10T05:55:17.130995Z  WARN ThreadId(20) hotstuff_runner::app: Node 2 [produce_block] queue size: 2, attempting up to 2 transactions this block    
2026-08-10T05:55:17.133237Z  WARN ThreadId(20) hotstuff_runner::app: Node 2 view(7767) far exceeds block count (1941); potential sync issue    
2026-08-10T05:55:17.352580Z  WARN ThreadId(20) hotstuff_runner::app: Node 2 [produce_block] queue size: 2, attempting up to 2 transactions this block    
2026-08-10T05:55:17.352688Z  WARN ThreadId(20) hotstuff_runner::app: Node 2 view(7771) far exceeds block count (1942); potential sync issue    
2026-08-10T05:55:17.468572Z  WARN ThreadId(20) hotstuff_runner::app: Node 2 [produce_block] queue size: 2, attempting up to 2 transactions this block    
2026-08-10T05:55:17.477541Z  WARN ThreadId(20) hotstuff_runner::app: Node 2 view(7775) far exceeds block count (1943); potential sync issue    
2026-08-10T05:55:17.596165Z  WARN ThreadId(20) hotstuff_runner::app: Node 2 [produce_block] queue size: 0, attempting up to 0 transactions this block    
2026-08-10T05:55:17.597104Z  WARN ThreadId(20) hotstuff_runner::app: Node 2 view(7779) far exceeds block count (1944); potential sync issue    
2026-08-10T05:55:17.740042Z  WARN ThreadId(20) hotstuff_runner::app: Node 2 [produce_block] queue size: 2, attempting up to 2 transactions this block    
2026-08-10T05:55:17.743117Z  WARN ThreadId(20) hotstuff_runner::app: Node 2 view(7783) far exceeds block count (1945); potential sync issue    
2026-08-10T05:55:17.882346Z  WARN ThreadId(20) hotstuff_runner::app: Node 2 [produce_block] queue size: 2, attempting up to 2 transactions this block    
2026-08-10T05:55:17.882692Z  WARN ThreadId(20) hotstuff_runner::app: Node 2 view(7787) far exceeds block count (1946); potential sync issue    
2026-08-10T05:55:17.985528Z  WARN ThreadId(20) hotstuff_runner::app: Node 2 [produce_block] queue size: 0, attempting up to 0 transactions this block    
2026-08-10T05:55:17.985894Z  WARN ThreadId(20) hotstuff_runner::app: Node 2 view(7791) far exceeds block count (1947); potential sync issue    
2026-08-10T05:55:18.218865Z  WARN ThreadId(20) hotstuff_runner::app: Node 2 [produce_block] queue size: 2, attempting up to 2 transactions this block    
2026-08-10T05:55:18.223357Z  WARN ThreadId(20) hotstuff_runner::app: Node 2 view(7795) far exceeds block count (1948); potential sync issue    
2026-08-10T05:55:18.472885Z  WARN ThreadId(20) hotstuff_runner::app: Node 2 [produce_block] queue size: 2, attempting up to 2 transactions this block    
2026-08-10T05:55:18.473151Z  WARN ThreadId(20) hotstuff_runner::app: Node 2 view(7799) far exceeds block count (1949); potential sync issue    
2026-08-10T05:55:18.694146Z  WARN ThreadId(20) hotstuff_runner::app: Node 2 [produce_block] queue size: 2, attempting up to 2 transactions this block    
2026-08-10T05:55:18.696463Z  WARN ThreadId(20) hotstuff_runner::app: Node 2 view(7803) far exceeds block count (1950); potential sync issue    
2026-08-10T05:55:18.839783Z  WARN ThreadId(20) hotstuff_runner::app: Node 2 [produce_block] queue size: 2, attempting up to 2 transactions this block    
2026-08-10T05:55:18.841576Z  WARN ThreadId(20) hotstuff_runner::app: Node 2 view(7807) far exceeds block count (1951); potential sync issue    
2026-08-10T05:55:18.890231Z  WARN ThreadId(07) docker_node: Low processing efficiency: 0.0% - system may need tuning
2026-08-10T05:55:19.037465Z  WARN ThreadId(20) hotstuff_runner::app: Node 2 [produce_block] queue size: 2, attempting up to 2 transactions this block    
2026-08-10T05:55:19.043530Z  WARN ThreadId(20) hotstuff_runner::app: Node 2 view(7811) far exceeds block count (1952); potential sync issue    
2026-08-10T05:55:19.203266Z  WARN ThreadId(20) hotstuff_runner::app: Node 2 [produce_block] queue size: 0, attempting up to 0 transactions this block    
2026-08-10T05:55:19.213217Z  WARN ThreadId(20) hotstuff_runner::app: Node 2 view(7815) far exceeds block count (1953); potential sync issue    
2026-08-10T05:55:19.403985Z  WARN ThreadId(20) hotstuff_runner::app: Node 2 [produce_block] queue size: 4, attempting up to 4 transactions this block    
2026-08-10T05:55:19.404161Z  WARN ThreadId(20) hotstuff_runner::app: Node 2 view(7819) far exceeds block count (1954); potential sync issue    
2026-08-10T05:55:19.508442Z  WARN ThreadId(20) hotstuff_runner::app: Node 2 [produce_block] queue size: 0, attempting up to 0 transactions this block    
2026-08-10T05:55:19.508584Z  WARN ThreadId(20) hotstuff_runner::app: Node 2 view(7823) far exceeds block count (1955); potential sync issue    
2026-08-10T05:55:19.626093Z  WARN ThreadId(20) hotstuff_runner::app: Node 2 [produce_block] queue size: 2, attempting up to 2 transactions this block    
2026-08-10T05:55:19.626315Z  WARN ThreadId(20) hotstuff_runner::app: Node 2 view(7827) far exceeds block count (1956); potential sync issue    
2026-08-10T05:55:19.801820Z  WARN ThreadId(20) hotstuff_runner::app: Node 2 [produce_block] queue size: 0, attempting up to 0 transactions this block    
2026-08-10T05:55:19.802904Z  WARN ThreadId(20) hotstuff_runner::app: Node 2 view(7831) far exceeds block count (1957); potential sync issue    
2026-08-10T05:55:19.982295Z  WARN ThreadId(20) hotstuff_runner::app: Node 2 [produce_block] queue size: 2, attempting up to 2 transactions this block    
2026-08-10T05:55:19.995214Z  WARN ThreadId(20) hotstuff_runner::app: Node 2 view(7835) far exceeds block count (1958); potential sync issue    
2026-08-10T05:55:20.188164Z  WARN ThreadId(20) hotstuff_runner::app: Node 2 [produce_block] queue size: 2, attempting up to 2 transactions this block    
2026-08-10T05:55:20.188718Z  WARN ThreadId(20) hotstuff_runner::app: Node 2 view(7839) far exceeds block count (1959); potential sync issue    
2026-08-10T05:55:20.491988Z  WARN ThreadId(20) hotstuff_runner::app: Node 2 [produce_block] queue size: 4, attempting up to 4 transactions this block    
2026-08-10T05:55:20.494833Z  WARN ThreadId(20) hotstuff_runner::app: Node 2 view(7843) far exceeds block count (1960); potential sync issue    
2026-08-10T05:55:20.633847Z  WARN ThreadId(20) hotstuff_runner::app: Node 2 [produce_block] queue size: 0, attempting up to 0 transactions this block    
2026-08-10T05:55:20.635504Z  WARN ThreadId(20) hotstuff_runner::app: Node 2 view(7847) far exceeds block count (1961); potential sync issue    
2026-08-10T05:55:20.836937Z  WARN ThreadId(20) hotstuff_runner::app: Node 2 [produce_block] queue size: 2, attempting up to 2 transactions this block    
2026-08-10T05:55:20.837857Z  WARN ThreadId(20) hotstuff_runner::app: Node 2 view(7851) far exceeds block count (1962); potential sync issue    
2026-08-10T05:55:20.958179Z  WARN ThreadId(20) hotstuff_runner::app: Node 2 [produce_block] queue size: 2, attempting up to 2 transactions this block    
2026-08-10T05:55:20.960832Z  WARN ThreadId(20) hotstuff_runner::app: Node 2 view(7855) far exceeds block count (1963); potential sync issue    
2026-08-10T05:55:21.090608Z  WARN ThreadId(20) hotstuff_runner::app: Node 2 [produce_block] queue size: 2, attempting up to 2 transactions this block    
2026-08-10T05:55:21.090844Z  WARN ThreadId(20) hotstuff_runner::app: Node 2 view(7859) far exceeds block count (1964); potential sync issue    
2026-08-10T05:55:21.234047Z  WARN ThreadId(20) hotstuff_runner::app: Node 2 [produce_block] queue size: 0, attempting up to 0 transactions this block    
2026-08-10T05:55:21.235210Z  WARN ThreadId(20) hotstuff_runner::app: Node 2 view(7863) far exceeds block count (1965); potential sync issue    
2026-08-10T05:55:21.350203Z  WARN ThreadId(20) hotstuff_runner::app: Node 2 [produce_block] queue size: 2, attempting up to 2 transactions this block    
2026-08-10T05:55:21.350432Z  WARN ThreadId(20) hotstuff_runner::app: Node 2 view(7867) far exceeds block count (1966); potential sync issue    
2026-08-10T05:55:21.579876Z  WARN ThreadId(20) hotstuff_runner::app: Node 2 [produce_block] queue size: 2, attempting up to 2 transactions this block    
2026-08-10T05:55:21.581072Z  WARN ThreadId(20) hotstuff_runner::app: Node 2 view(7871) far exceeds block count (1967); potential sync issue    
2026-08-10T05:55:21.749751Z  WARN ThreadId(20) hotstuff_runner::app: Node 2 [produce_block] queue size: 2, attempting up to 2 transactions this block    
2026-08-10T05:55:21.754021Z  WARN ThreadId(20) hotstuff_runner::app: Node 2 view(7875) far exceeds block count (1968); potential sync issue    
2026-08-10T05:55:21.903909Z  WARN ThreadId(20) hotstuff_runner::app: Node 2 [produce_block] queue size: 2, attempting up to 2 transactions this block    
2026-08-10T05:55:21.907329Z  WARN ThreadId(20) hotstuff_runner::app: Node 2 view(7879) far exceeds block count (1969); potential sync issue    
2026-08-10T05:55:22.087789Z  WARN ThreadId(20) hotstuff_runner::app: Node 2 [produce_block] queue size: 2, attempting up to 2 transactions this block    
2026-08-10T05:55:22.095286Z  WARN ThreadId(20) hotstuff_runner::app: Node 2 view(7883) far exceeds block count (1970); potential sync issue    
2026-08-10T05:55:22.221009Z  WARN ThreadId(20) hotstuff_runner::app: Node 2 [produce_block] queue size: 0, attempting up to 0 transactions this block    
2026-08-10T05:55:22.221121Z  WARN ThreadId(20) hotstuff_runner::app: Node 2 view(7887) far exceeds block count (1971); potential sync issue    
2026-08-10T05:55:22.310419Z  WARN ThreadId(20) hotstuff_runner::app: Node 2 [produce_block] queue size: 2, attempting up to 2 transactions this block    
2026-08-10T05:55:22.310734Z  WARN ThreadId(20) hotstuff_runner::app: Node 2 view(7891) far exceeds block count (1972); potential sync issue    
2026-08-10T05:55:22.486894Z  WARN ThreadId(20) hotstuff_runner::app: Node 2 [produce_block] queue size: 2, attempting up to 2 transactions this block    
2026-08-10T05:55:22.487363Z  WARN ThreadId(20) hotstuff_runner::app: Node 2 view(7895) far exceeds block count (1973); potential sync issue    
2026-08-10T05:55:22.727411Z  WARN ThreadId(20) hotstuff_runner::app: Node 2 [produce_block] queue size: 2, attempting up to 2 transactions this block    
2026-08-10T05:55:22.729229Z  WARN ThreadId(20) hotstuff_runner::app: Node 2 view(7899) far exceeds block count (1974); potential sync issue    
2026-08-10T05:55:23.066835Z  WARN ThreadId(20) hotstuff_runner::app: Node 2 [produce_block] queue size: 2, attempting up to 2 transactions this block    
2026-08-10T05:55:23.072248Z  WARN ThreadId(20) hotstuff_runner::app: Node 2 view(7903) far exceeds block count (1975); potential sync issue    
2026-08-10T05:55:23.219993Z  WARN ThreadId(20) hotstuff_runner::app: Node 2 [produce_block] queue size: 2, attempting up to 2 transactions this block    
2026-08-10T05:55:23.220330Z  WARN ThreadId(20) hotstuff_runner::app: Node 2 view(7907) far exceeds block count (1976); potential sync issue    
2026-08-10T05:55:23.411460Z  WARN ThreadId(20) hotstuff_runner::app: Node 2 [produce_block] queue size: 2, attempting up to 2 transactions this block    
2026-08-10T05:55:23.414793Z  WARN ThreadId(20) hotstuff_runner::app: Node 2 view(7911) far exceeds block count (1977); potential sync issue    
2026-08-10T05:55:23.562214Z  WARN ThreadId(20) hotstuff_runner::app: Node 2 [produce_block] queue size: 2, attempting up to 2 transactions this block    
2026-08-10T05:55:23.562357Z  WARN ThreadId(20) hotstuff_runner::app: Node 2 view(7915) far exceeds block count (1978); potential sync issue    
2026-08-10T05:55:23.712543Z  WARN ThreadId(20) hotstuff_runner::app: Node 2 [produce_block] queue size: 2, attempting up to 2 transactions this block    
2026-08-10T05:55:23.713939Z  WARN ThreadId(20) hotstuff_runner::app: Node 2 view(7919) far exceeds block count (1979); potential sync issue    
2026-08-10T05:55:23.881390Z  WARN ThreadId(20) hotstuff_runner::app: Node 2 [produce_block] queue size: 2, attempting up to 2 transactions this block    
2026-08-10T05:55:23.882707Z  WARN ThreadId(20) hotstuff_runner::app: Node 2 view(7923) far exceeds block count (1980); potential sync issue    
2026-08-10T05:55:23.891236Z  WARN ThreadId(07) docker_node: Low processing efficiency: 0.0% - system may need tuning
2026-08-10T05:55:24.084233Z  WARN ThreadId(20) hotstuff_runner::app: Node 2 [produce_block] queue size: 2, attempting up to 2 transactions this block    
2026-08-10T05:55:24.112172Z  WARN ThreadId(20) hotstuff_runner::app: Node 2 view(7927) far exceeds block count (1981); potential sync issue    
2026-08-10T05:55:24.244568Z  WARN ThreadId(20) hotstuff_runner::app: Node 2 [produce_block] queue size: 2, attempting up to 2 transactions this block    
2026-08-10T05:55:24.244890Z  WARN ThreadId(20) hotstuff_runner::app: Node 2 view(7931) far exceeds block count (1982); potential sync issue    
2026-08-10T05:55:24.335449Z  WARN ThreadId(20) hotstuff_runner::app: Node 2 [produce_block] queue size: 0, attempting up to 0 transactions this block    
2026-08-10T05:55:24.336320Z  WARN ThreadId(20) hotstuff_runner::app: Node 2 view(7935) far exceeds block count (1983); potential sync issue    
2026-08-10T05:55:24.446702Z  WARN ThreadId(20) hotstuff_runner::app: Node 2 [produce_block] queue size: 2, attempting up to 2 transactions this block    
2026-08-10T05:55:24.450577Z  WARN ThreadId(20) hotstuff_runner::app: Node 2 view(7939) far exceeds block count (1984); potential sync issue    
2026-08-10T05:55:24.645432Z  WARN ThreadId(20) hotstuff_runner::app: Node 2 [produce_block] queue size: 2, attempting up to 2 transactions this block    
2026-08-10T05:55:24.648957Z  WARN ThreadId(20) hotstuff_runner::app: Node 2 view(7943) far exceeds block count (1985); potential sync issue    
2026-08-10T05:55:24.800025Z  WARN ThreadId(20) hotstuff_runner::app: Node 2 [produce_block] queue size: 0, attempting up to 0 transactions this block    
2026-08-10T05:55:24.801156Z  WARN ThreadId(20) hotstuff_runner::app: Node 2 view(7947) far exceeds block count (1986); potential sync issue    
2026-08-10T05:55:25.066065Z  WARN ThreadId(20) hotstuff_runner::app: Node 2 [produce_block] queue size: 4, attempting up to 4 transactions this block    
2026-08-10T05:55:25.066244Z  WARN ThreadId(20) hotstuff_runner::app: Node 2 view(7951) far exceeds block count (1987); potential sync issue    
2026-08-10T05:55:25.204273Z  WARN ThreadId(20) hotstuff_runner::app: Node 2 [produce_block] queue size: 0, attempting up to 0 transactions this block    
2026-08-10T05:55:25.205929Z  WARN ThreadId(20) hotstuff_runner::app: Node 2 view(7955) far exceeds block count (1988); potential sync issue    
2026-08-10T05:55:25.387702Z  WARN ThreadId(20) hotstuff_runner::app: Node 2 [produce_block] queue size: 2, attempting up to 2 transactions this block    
2026-08-10T05:55:25.388551Z  WARN ThreadId(20) hotstuff_runner::app: Node 2 view(7959) far exceeds block count (1989); potential sync issue    
2026-08-10T05:55:25.583384Z  WARN ThreadId(20) hotstuff_runner::app: Node 2 [produce_block] queue size: 2, attempting up to 2 transactions this block    
2026-08-10T05:55:25.583692Z  WARN ThreadId(20) hotstuff_runner::app: Node 2 view(7963) far exceeds block count (1990); potential sync issue    
2026-08-10T05:55:25.750719Z  WARN ThreadId(20) hotstuff_runner::app: Node 2 [produce_block] queue size: 2, attempting up to 2 transactions this block    
2026-08-10T05:55:25.751857Z  WARN ThreadId(20) hotstuff_runner::app: Node 2 view(7967) far exceeds block count (1991); potential sync issue    
2026-08-10T05:55:25.823655Z  WARN ThreadId(20) hotstuff_runner::app: Node 2 [produce_block] queue size: 0, attempting up to 0 transactions this block    
2026-08-10T05:55:25.823989Z  WARN ThreadId(20) hotstuff_runner::app: Node 2 view(7971) far exceeds block count (1992); potential sync issue    
2026-08-10T05:55:25.961832Z  WARN ThreadId(20) hotstuff_runner::app: Node 2 [produce_block] queue size: 2, attempting up to 2 transactions this block    
2026-08-10T05:55:25.966367Z  WARN ThreadId(20) hotstuff_runner::app: Node 2 view(7975) far exceeds block count (1993); potential sync issue    
2026-08-10T05:55:26.174161Z  WARN ThreadId(20) hotstuff_runner::app: Node 2 [produce_block] queue size: 2, attempting up to 2 transactions this block    
2026-08-10T05:55:26.174942Z  WARN ThreadId(20) hotstuff_runner::app: Node 2 view(7979) far exceeds block count (1994); potential sync issue    
2026-08-10T05:55:26.339803Z  WARN ThreadId(20) hotstuff_runner::app: Node 2 [produce_block] queue size: 2, attempting up to 2 transactions this block    
2026-08-10T05:55:26.340229Z  WARN ThreadId(20) hotstuff_runner::app: Node 2 view(7983) far exceeds block count (1995); potential sync issue    
2026-08-10T05:55:26.474057Z  WARN ThreadId(20) hotstuff_runner::app: Node 2 [produce_block] queue size: 2, attempting up to 2 transactions this block    
2026-08-10T05:55:26.475622Z  WARN ThreadId(20) hotstuff_runner::app: Node 2 view(7987) far exceeds block count (1996); potential sync issue    
2026-08-10T05:55:26.600935Z  WARN ThreadId(20) hotstuff_runner::app: Node 2 [produce_block] queue size: 0, attempting up to 0 transactions this block    
2026-08-10T05:55:26.607271Z  WARN ThreadId(20) hotstuff_runner::app: Node 2 view(7991) far exceeds block count (1997); potential sync issue    
2026-08-10T05:55:27.185435Z  WARN ThreadId(20) hotstuff_runner::app: Node 2 [produce_block] queue size: 6, attempting up to 6 transactions this block    
2026-08-10T05:55:27.187253Z  WARN ThreadId(20) hotstuff_runner::app: Node 2 view(7995) far exceeds block count (1998); potential sync issue    
2026-08-10T05:55:27.352729Z  WARN ThreadId(20) hotstuff_runner::app: Node 2 [produce_block] queue size: 2, attempting up to 2 transactions this block    
2026-08-10T05:55:27.355073Z  WARN ThreadId(20) hotstuff_runner::app: Node 2 view(7999) far exceeds block count (1999); potential sync issue    
2026-08-10T05:55:27.509367Z  WARN ThreadId(20) hotstuff_runner::app: Node 2 [produce_block] queue size: 2, attempting up to 2 transactions this block    
2026-08-10T05:55:27.511245Z  WARN ThreadId(20) hotstuff_runner::app: Node 2 view(8003) far exceeds block count (2000); potential sync issue    
2026-08-10T05:55:27.694651Z  WARN ThreadId(20) hotstuff_runner::app: Node 2 [produce_block] queue size: 2, attempting up to 2 transactions this block    
2026-08-10T05:55:27.694797Z  WARN ThreadId(20) hotstuff_runner::app: Node 2 view(8007) far exceeds block count (2001); potential sync issue    
2026-08-10T05:55:27.886172Z  WARN ThreadId(20) hotstuff_runner::app: Node 2 [produce_block] queue size: 2, attempting up to 2 transactions this block    
2026-08-10T05:55:27.886334Z  WARN ThreadId(20) hotstuff_runner::app: Node 2 view(8011) far exceeds block count (2002); potential sync issue    
2026-08-10T05:55:28.077316Z  WARN ThreadId(20) hotstuff_runner::app: Node 2 [produce_block] queue size: 0, attempting up to 0 transactions this block    
2026-08-10T05:55:28.077946Z  WARN ThreadId(20) hotstuff_runner::app: Node 2 view(8015) far exceeds block count (2003); potential sync issue    
2026-08-10T05:55:28.186657Z  WARN ThreadId(20) hotstuff_runner::app: Node 2 [produce_block] queue size: 2, attempting up to 2 transactions this block    
2026-08-10T05:55:28.189825Z  WARN ThreadId(20) hotstuff_runner::app: Node 2 view(8019) far exceeds block count (2004); potential sync issue    
2026-08-10T05:55:28.310444Z  WARN ThreadId(20) hotstuff_runner::app: Node 2 [produce_block] queue size: 2, attempting up to 2 transactions this block    
2026-08-10T05:55:28.310781Z  WARN ThreadId(20) hotstuff_runner::app: Node 2 view(8023) far exceeds block count (2005); potential sync issue    
2026-08-10T05:55:28.469485Z  WARN ThreadId(20) hotstuff_runner::app: Node 2 [produce_block] queue size: 0, attempting up to 0 transactions this block    
2026-08-10T05:55:28.469957Z  WARN ThreadId(20) hotstuff_runner::app: Node 2 view(8027) far exceeds block count (2006); potential sync issue    
2026-08-10T05:55:28.646323Z  WARN ThreadId(20) hotstuff_runner::app: Node 2 [produce_block] queue size: 2, attempting up to 2 transactions this block    
2026-08-10T05:55:28.649108Z  WARN ThreadId(20) hotstuff_runner::app: Node 2 view(8031) far exceeds block count (2007); potential sync issue    
2026-08-10T05:55:28.751749Z  WARN ThreadId(20) hotstuff_runner::app: Node 2 [produce_block] queue size: 2, attempting up to 2 transactions this block    
2026-08-10T05:55:28.753785Z  WARN ThreadId(20) hotstuff_runner::app: Node 2 view(8035) far exceeds block count (2008); potential sync issue    
2026-08-10T05:55:28.891414Z  WARN ThreadId(03) docker_node: Low processing efficiency: 0.0% - system may need tuning
2026-08-10T05:55:28.952697Z  WARN ThreadId(20) hotstuff_runner::app: Node 2 [produce_block] queue size: 2, attempting up to 2 transactions this block    
2026-08-10T05:55:28.952940Z  WARN ThreadId(20) hotstuff_runner::app: Node 2 view(8039) far exceeds block count (2009); potential sync issue    
2026-08-10T05:55:29.077514Z  WARN ThreadId(20) hotstuff_runner::app: Node 2 [produce_block] queue size: 0, attempting up to 0 transactions this block    
2026-08-10T05:55:29.078420Z  WARN ThreadId(20) hotstuff_runner::app: Node 2 view(8043) far exceeds block count (2010); potential sync issue    
2026-08-10T05:55:29.209139Z  WARN ThreadId(20) hotstuff_runner::app: Node 2 [produce_block] queue size: 2, attempting up to 2 transactions this block    
2026-08-10T05:55:29.241436Z  WARN ThreadId(20) hotstuff_runner::app: Node 2 view(8047) far exceeds block count (2011); potential sync issue    
2026-08-10T05:55:29.337869Z  WARN ThreadId(20) hotstuff_runner::app: Node 2 [produce_block] queue size: 0, attempting up to 0 transactions this block    
2026-08-10T05:55:29.338113Z  WARN ThreadId(20) hotstuff_runner::app: Node 2 view(8051) far exceeds block count (2012); potential sync issue    
2026-08-10T05:55:29.424221Z  WARN ThreadId(20) hotstuff_runner::app: Node 2 [produce_block] queue size: 2, attempting up to 2 transactions this block    
2026-08-10T05:55:29.447077Z  WARN ThreadId(20) hotstuff_runner::app: Node 2 view(8055) far exceeds block count (2013); potential sync issue    
2026-08-10T05:55:29.613737Z  WARN ThreadId(20) hotstuff_runner::app: Node 2 [produce_block] queue size: 2, attempting up to 2 transactions this block    
2026-08-10T05:55:29.615305Z  WARN ThreadId(20) hotstuff_runner::app: Node 2 view(8059) far exceeds block count (2014); potential sync issue    
2026-08-10T05:55:29.797131Z  WARN ThreadId(20) hotstuff_runner::app: Node 2 [produce_block] queue size: 2, attempting up to 2 transactions this block    
2026-08-10T05:55:29.800254Z  WARN ThreadId(20) hotstuff_runner::app: Node 2 view(8063) far exceeds block count (2015); potential sync issue    
2026-08-10T05:55:29.972016Z  WARN ThreadId(20) hotstuff_runner::app: Node 2 [produce_block] queue size: 0, attempting up to 0 transactions this block    
2026-08-10T05:55:29.972692Z  WARN ThreadId(20) hotstuff_runner::app: Node 2 view(8067) far exceeds block count (2016); potential sync issue    
2026-08-10T05:55:30.195035Z  WARN ThreadId(20) hotstuff_runner::app: Node 2 [produce_block] queue size: 4, attempting up to 4 transactions this block    
2026-08-10T05:55:30.195935Z  WARN ThreadId(20) hotstuff_runner::app: Node 2 view(8071) far exceeds block count (2017); potential sync issue    
2026-08-10T05:55:30.354503Z  WARN ThreadId(20) hotstuff_runner::app: Node 2 [produce_block] queue size: 2, attempting up to 2 transactions this block    
2026-08-10T05:55:30.356475Z  WARN ThreadId(20) hotstuff_runner::app: Node 2 view(8075) far exceeds block count (2018); potential sync issue    
2026-08-10T05:55:30.572005Z  WARN ThreadId(20) hotstuff_runner::app: Node 2 [produce_block] queue size: 2, attempting up to 2 transactions this block    
2026-08-10T05:55:30.573958Z  WARN ThreadId(20) hotstuff_runner::app: Node 2 view(8079) far exceeds block count (2019); potential sync issue    
2026-08-10T05:55:30.928542Z  WARN ThreadId(20) hotstuff_runner::app: Node 2 [produce_block] queue size: 4, attempting up to 4 transactions this block    
2026-08-10T05:55:30.935425Z  WARN ThreadId(20) hotstuff_runner::app: Node 2 view(8083) far exceeds block count (2020); potential sync issue    
2026-08-10T05:55:31.177266Z  WARN ThreadId(20) hotstuff_runner::app: Node 2 [produce_block] queue size: 2, attempting up to 2 transactions this block    
2026-08-10T05:55:31.183266Z  WARN ThreadId(20) hotstuff_runner::app: Node 2 view(8087) far exceeds block count (2021); potential sync issue    
2026-08-10T05:55:31.366818Z  WARN ThreadId(20) hotstuff_runner::app: Node 2 [produce_block] queue size: 2, attempting up to 2 transactions this block    
2026-08-10T05:55:31.370882Z  WARN ThreadId(20) hotstuff_runner::app: Node 2 view(8091) far exceeds block count (2022); potential sync issue    
2026-08-10T05:55:31.622468Z  WARN ThreadId(20) hotstuff_runner::app: Node 2 [produce_block] queue size: 2, attempting up to 2 transactions this block    
2026-08-10T05:55:31.623696Z  WARN ThreadId(20) hotstuff_runner::app: Node 2 view(8095) far exceeds block count (2023); potential sync issue    
2026-08-10T05:55:31.877805Z  WARN ThreadId(20) hotstuff_runner::app: Node 2 [produce_block] queue size: 4, attempting up to 4 transactions this block    
2026-08-10T05:55:31.879990Z  WARN ThreadId(20) hotstuff_runner::app: Node 2 view(8099) far exceeds block count (2024); potential sync issue    
2026-08-10T05:55:32.012307Z  WARN ThreadId(20) hotstuff_runner::app: Node 2 [produce_block] queue size: 0, attempting up to 0 transactions this block    
2026-08-10T05:55:32.015056Z  WARN ThreadId(20) hotstuff_runner::app: Node 2 view(8103) far exceeds block count (2025); potential sync issue    
2026-08-10T05:55:32.189322Z  WARN ThreadId(20) hotstuff_runner::app: Node 2 [produce_block] queue size: 2, attempting up to 2 transactions this block    
2026-08-10T05:55:32.193239Z  WARN ThreadId(20) hotstuff_runner::app: Node 2 view(8107) far exceeds block count (2026); potential sync issue    
2026-08-10T05:55:32.370912Z  WARN ThreadId(20) hotstuff_runner::app: Node 2 [produce_block] queue size: 2, attempting up to 2 transactions this block    
2026-08-10T05:55:32.374957Z  WARN ThreadId(20) hotstuff_runner::app: Node 2 view(8111) far exceeds block count (2027); potential sync issue    
2026-08-10T05:55:32.491712Z  WARN ThreadId(20) hotstuff_runner::app: Node 2 [produce_block] queue size: 0, attempting up to 0 transactions this block    
2026-08-10T05:55:32.492339Z  WARN ThreadId(20) hotstuff_runner::app: Node 2 view(8115) far exceeds block count (2028); potential sync issue    
2026-08-10T05:55:32.791117Z  WARN ThreadId(20) hotstuff_runner::app: Node 2 [produce_block] queue size: 0, attempting up to 0 transactions this block    
2026-08-10T05:55:32.797180Z  WARN ThreadId(20) hotstuff_runner::app: Node 2 view(8119) far exceeds block count (2029); potential sync issue    
2026-08-10T05:55:32.935373Z  WARN ThreadId(20) hotstuff_runner::app: Node 2 [produce_block] queue size: 0, attempting up to 0 transactions this block    
2026-08-10T05:55:32.935821Z  WARN ThreadId(20) hotstuff_runner::app: Node 2 view(8123) far exceeds block count (2030); potential sync issue    
2026-08-10T05:55:33.025148Z  WARN ThreadId(20) hotstuff_runner::app: Node 2 [produce_block] queue size: 0, attempting up to 0 transactions this block    
2026-08-10T05:55:33.028850Z  WARN ThreadId(20) hotstuff_runner::app: Node 2 view(8127) far exceeds block count (2031); potential sync issue    
2026-08-10T05:55:33.148259Z  WARN ThreadId(20) hotstuff_runner::app: Node 2 [produce_block] queue size: 0, attempting up to 0 transactions this block    
2026-08-10T05:55:33.148861Z  WARN ThreadId(20) hotstuff_runner::app: Node 2 view(8131) far exceeds block count (2032); potential sync issue    
2026-08-10T05:55:33.273425Z  WARN ThreadId(20) hotstuff_runner::app: Node 2 [produce_block] queue size: 0, attempting up to 0 transactions this block    
2026-08-10T05:55:33.275195Z  WARN ThreadId(20) hotstuff_runner::app: Node 2 view(8135) far exceeds block count (2033); potential sync issue    
2026-08-10T05:55:33.462495Z  WARN ThreadId(20) hotstuff_runner::app: Node 2 [produce_block] queue size: 0, attempting up to 0 transactions this block    
2026-08-10T05:55:33.469322Z  WARN ThreadId(20) hotstuff_runner::app: Node 2 view(8139) far exceeds block count (2034); potential sync issue    
2026-08-10T05:55:33.701984Z  WARN ThreadId(20) hotstuff_runner::app: Node 2 [produce_block] queue size: 0, attempting up to 0 transactions this block    
2026-08-10T05:55:33.703586Z  WARN ThreadId(20) hotstuff_runner::app: Node 2 view(8143) far exceeds block count (2035); potential sync issue    
2026-08-10T05:55:33.892391Z  WARN ThreadId(02) docker_node: Low processing efficiency: 0.0% - system may need tuning
2026-08-10T05:55:33.908804Z  WARN ThreadId(20) hotstuff_runner::app: Node 2 [produce_block] queue size: 0, attempting up to 0 transactions this block    
2026-08-10T05:55:33.919684Z  WARN ThreadId(20) hotstuff_runner::app: Node 2 view(8147) far exceeds block count (2036); potential sync issue    
2026-08-10T05:55:34.124426Z  WARN ThreadId(20) hotstuff_runner::app: Node 2 [produce_block] queue size: 0, attempting up to 0 transactions this block    
2026-08-10T05:55:34.129999Z  WARN ThreadId(20) hotstuff_runner::app: Node 2 view(8151) far exceeds block count (2037); potential sync issue    
2026-08-10T05:55:34.471607Z  WARN ThreadId(20) hotstuff_runner::app: Node 2 [produce_block] queue size: 0, attempting up to 0 transactions this block    
2026-08-10T05:55:34.476947Z  WARN ThreadId(20) hotstuff_runner::app: Node 2 view(8155) far exceeds block count (2038); potential sync issue    
2026-08-10T05:55:34.873449Z  WARN ThreadId(20) hotstuff_runner::app: Node 2 [produce_block] queue size: 0, attempting up to 0 transactions this block    
2026-08-10T05:55:34.874333Z  WARN ThreadId(20) hotstuff_runner::app: Node 2 view(8159) far exceeds block count (2039); potential sync issue    
2026-08-10T05:55:35.009990Z  WARN ThreadId(20) hotstuff_runner::app: Node 2 [produce_block] queue size: 0, attempting up to 0 transactions this block    
2026-08-10T05:55:35.014292Z  WARN ThreadId(20) hotstuff_runner::app: Node 2 view(8163) far exceeds block count (2040); potential sync issue    
2026-08-10T05:55:35.152432Z  WARN ThreadId(20) hotstuff_runner::app: Node 2 [produce_block] queue size: 0, attempting up to 0 transactions this block    
2026-08-10T05:55:35.152542Z  WARN ThreadId(20) hotstuff_runner::app: Node 2 view(8167) far exceeds block count (2041); potential sync issue    
2026-08-10T05:55:35.298464Z  WARN ThreadId(20) hotstuff_runner::app: Node 2 [produce_block] queue size: 0, attempting up to 0 transactions this block    
2026-08-10T05:55:35.298773Z  WARN ThreadId(20) hotstuff_runner::app: Node 2 view(8171) far exceeds block count (2042); potential sync issue    
2026-08-10T05:55:35.388332Z  WARN ThreadId(20) hotstuff_runner::app: Node 2 [produce_block] queue size: 0, attempting up to 0 transactions this block    
2026-08-10T05:55:35.388915Z  WARN ThreadId(20) hotstuff_runner::app: Node 2 view(8175) far exceeds block count (2043); potential sync issue    
2026-08-10T05:55:35.511318Z  WARN ThreadId(20) hotstuff_runner::app: Node 2 [produce_block] queue size: 0, attempting up to 0 transactions this block    
2026-08-10T05:55:35.513854Z  WARN ThreadId(20) hotstuff_runner::app: Node 2 view(8179) far exceeds block count (2044); potential sync issue    
2026-08-10T05:55:35.594395Z  WARN ThreadId(20) hotstuff_runner::app: Node 2 [produce_block] queue size: 0, attempting up to 0 transactions this block    
2026-08-10T05:55:35.594642Z  WARN ThreadId(20) hotstuff_runner::app: Node 2 view(8183) far exceeds block count (2045); potential sync issue    
2026-08-10T05:55:35.688570Z  WARN ThreadId(20) hotstuff_runner::app: Node 2 [produce_block] queue size: 0, attempting up to 0 transactions this block    
2026-08-10T05:55:35.688979Z  WARN ThreadId(20) hotstuff_runner::app: Node 2 view(8187) far exceeds block count (2046); potential sync issue    
2026-08-10T05:55:35.871288Z  WARN ThreadId(20) hotstuff_runner::app: Node 2 [produce_block] queue size: 0, attempting up to 0 transactions this block    
2026-08-10T05:55:35.874329Z  WARN ThreadId(20) hotstuff_runner::app: Node 2 view(8191) far exceeds block count (2047); potential sync issue    
2026-08-10T05:55:36.040319Z  WARN ThreadId(20) hotstuff_runner::app: Node 2 [produce_block] queue size: 0, attempting up to 0 transactions this block    
2026-08-10T05:55:36.047536Z  WARN ThreadId(20) hotstuff_runner::app: Node 2 view(8195) far exceeds block count (2048); potential sync issue    
2026-08-10T05:55:36.205739Z  WARN ThreadId(20) hotstuff_runner::app: Node 2 [produce_block] queue size: 0, attempting up to 0 transactions this block    
2026-08-10T05:55:36.213584Z  WARN ThreadId(20) hotstuff_runner::app: Node 2 view(8199) far exceeds block count (2049); potential sync issue    
2026-08-10T05:55:36.309314Z  WARN ThreadId(20) hotstuff_runner::app: Node 2 [produce_block] queue size: 0, attempting up to 0 transactions this block    
2026-08-10T05:55:36.314226Z  WARN ThreadId(20) hotstuff_runner::app: Node 2 view(8203) far exceeds block count (2050); potential sync issue    
2026-08-10T05:55:36.438397Z  WARN ThreadId(20) hotstuff_runner::app: Node 2 [produce_block] queue size: 0, attempting up to 0 transactions this block    
2026-08-10T05:55:36.438874Z  WARN ThreadId(20) hotstuff_runner::app: Node 2 view(8207) far exceeds block count (2051); potential sync issue    
2026-08-10T05:55:36.608314Z  WARN ThreadId(20) hotstuff_runner::app: Node 2 [produce_block] queue size: 0, attempting up to 0 transactions this block    
2026-08-10T05:55:36.611233Z  WARN ThreadId(20) hotstuff_runner::app: Node 2 view(8211) far exceeds block count (2052); potential sync issue    
2026-08-10T05:55:36.743344Z  WARN ThreadId(20) hotstuff_runner::app: Node 2 [produce_block] queue size: 0, attempting up to 0 transactions this block    
2026-08-10T05:55:36.743629Z  WARN ThreadId(20) hotstuff_runner::app: Node 2 view(8215) far exceeds block count (2053); potential sync issue    
2026-08-10T05:55:36.831329Z  WARN ThreadId(20) hotstuff_runner::app: Node 2 [produce_block] queue size: 0, attempting up to 0 transactions this block    
2026-08-10T05:55:36.839329Z  WARN ThreadId(20) hotstuff_runner::app: Node 2 view(8219) far exceeds block count (2054); potential sync issue    
2026-08-10T05:55:37.010206Z  WARN ThreadId(20) hotstuff_runner::app: Node 2 [produce_block] queue size: 0, attempting up to 0 transactions this block    
2026-08-10T05:55:37.010580Z  WARN ThreadId(20) hotstuff_runner::app: Node 2 view(8223) far exceeds block count (2055); potential sync issue    
2026-08-10T05:55:37.160685Z  WARN ThreadId(20) hotstuff_runner::app: Node 2 [produce_block] queue size: 0, attempting up to 0 transactions this block    
2026-08-10T05:55:37.164115Z  WARN ThreadId(20) hotstuff_runner::app: Node 2 view(8227) far exceeds block count (2056); potential sync issue    
2026-08-10T05:55:37.318001Z  WARN ThreadId(20) hotstuff_runner::app: Node 2 [produce_block] queue size: 0, attempting up to 0 transactions this block    
2026-08-10T05:55:37.318884Z  WARN ThreadId(20) hotstuff_runner::app: Node 2 view(8231) far exceeds block count (2057); potential sync issue    
2026-08-10T05:55:37.527445Z  WARN ThreadId(20) hotstuff_runner::app: Node 2 [produce_block] queue size: 0, attempting up to 0 transactions this block    
2026-08-10T05:55:37.537464Z  WARN ThreadId(20) hotstuff_runner::app: Node 2 view(8235) far exceeds block count (2058); potential sync issue    
2026-08-10T05:55:37.728188Z  WARN ThreadId(20) hotstuff_runner::app: Node 2 [produce_block] queue size: 0, attempting up to 0 transactions this block    
2026-08-10T05:55:37.730338Z  WARN ThreadId(20) hotstuff_runner::app: Node 2 view(8239) far exceeds block count (2059); potential sync issue    
2026-08-10T05:55:37.923975Z  WARN ThreadId(20) hotstuff_runner::app: Node 2 [produce_block] queue size: 0, attempting up to 0 transactions this block    
2026-08-10T05:55:37.930458Z  WARN ThreadId(20) hotstuff_runner::app: Node 2 view(8243) far exceeds block count (2060); potential sync issue    
2026-08-10T05:55:38.087459Z  WARN ThreadId(20) hotstuff_runner::app: Node 2 [produce_block] queue size: 0, attempting up to 0 transactions this block    
2026-08-10T05:55:38.087603Z  WARN ThreadId(20) hotstuff_runner::app: Node 2 view(8247) far exceeds block count (2061); potential sync issue    
2026-08-10T05:55:38.245893Z  WARN ThreadId(20) hotstuff_runner::app: Node 2 [produce_block] queue size: 0, attempting up to 0 transactions this block    
2026-08-10T05:55:38.251020Z  WARN ThreadId(20) hotstuff_runner::app: Node 2 view(8251) far exceeds block count (2062); potential sync issue    
2026-08-10T05:55:38.397746Z  WARN ThreadId(20) hotstuff_runner::app: Node 2 [produce_block] queue size: 0, attempting up to 0 transactions this block    
2026-08-10T05:55:38.402292Z  WARN ThreadId(20) hotstuff_runner::app: Node 2 view(8255) far exceeds block count (2063); potential sync issue    
2026-08-10T05:55:38.524824Z  WARN ThreadId(20) hotstuff_runner::app: Node 2 [produce_block] queue size: 0, attempting up to 0 transactions this block    
2026-08-10T05:55:38.525088Z  WARN ThreadId(20) hotstuff_runner::app: Node 2 view(8259) far exceeds block count (2064); potential sync issue    
2026-08-10T05:55:38.640030Z  WARN ThreadId(20) hotstuff_runner::app: Node 2 [produce_block] queue size: 0, attempting up to 0 transactions this block    
2026-08-10T05:55:38.640637Z  WARN ThreadId(20) hotstuff_runner::app: Node 2 view(8263) far exceeds block count (2065); potential sync issue    
2026-08-10T05:55:38.892282Z  WARN ThreadId(03) docker_node: Low processing efficiency: 0.0% - system may need tuning
2026-08-10T05:55:38.975453Z  WARN ThreadId(20) hotstuff_runner::app: Node 2 [produce_block] queue size: 0, attempting up to 0 transactions this block    
2026-08-10T05:55:38.976283Z  WARN ThreadId(20) hotstuff_runner::app: Node 2 view(8267) far exceeds block count (2066); potential sync issue    
2026-08-10T05:55:39.138622Z  WARN ThreadId(20) hotstuff_runner::app: Node 2 [produce_block] queue size: 0, attempting up to 0 transactions this block    
2026-08-10T05:55:39.139074Z  WARN ThreadId(20) hotstuff_runner::app: Node 2 view(8271) far exceeds block count (2067); potential sync issue    
2026-08-10T05:55:39.225072Z  WARN ThreadId(20) hotstuff_runner::app: Node 2 [produce_block] queue size: 0, attempting up to 0 transactions this block    
2026-08-10T05:55:39.225226Z  WARN ThreadId(20) hotstuff_runner::app: Node 2 view(8275) far exceeds block count (2068); potential sync issue    
2026-08-10T05:55:39.417269Z  WARN ThreadId(20) hotstuff_runner::app: Node 2 [produce_block] queue size: 0, attempting up to 0 transactions this block    
2026-08-10T05:55:39.419353Z  WARN ThreadId(20) hotstuff_runner::app: Node 2 view(8279) far exceeds block count (2069); potential sync issue    
2026-08-10T05:55:39.608860Z  WARN ThreadId(20) hotstuff_runner::app: Node 2 [produce_block] queue size: 0, attempting up to 0 transactions this block    
2026-08-10T05:55:39.610099Z  WARN ThreadId(20) hotstuff_runner::app: Node 2 view(8283) far exceeds block count (2070); potential sync issue    
2026-08-10T05:55:39.836708Z  WARN ThreadId(20) hotstuff_runner::app: Node 2 [produce_block] queue size: 0, attempting up to 0 transactions this block    
2026-08-10T05:55:39.837726Z  WARN ThreadId(20) hotstuff_runner::app: Node 2 view(8287) far exceeds block count (2071); potential sync issue    
2026-08-10T05:55:39.950098Z  WARN ThreadId(20) hotstuff_runner::app: Node 2 [produce_block] queue size: 0, attempting up to 0 transactions this block    
2026-08-10T05:55:40.016632Z  WARN ThreadId(20) hotstuff_runner::app: Node 2 view(8291) far exceeds block count (2072); potential sync issue    
2026-08-10T05:55:40.142491Z  WARN ThreadId(20) hotstuff_runner::app: Node 2 [produce_block] queue size: 0, attempting up to 0 transactions this block    
2026-08-10T05:55:40.144115Z  WARN ThreadId(20) hotstuff_runner::app: Node 2 view(8295) far exceeds block count (2073); potential sync issue    
2026-08-10T05:55:40.241052Z  WARN ThreadId(20) hotstuff_runner::app: Node 2 [produce_block] queue size: 0, attempting up to 0 transactions this block    
2026-08-10T05:55:40.241307Z  WARN ThreadId(20) hotstuff_runner::app: Node 2 view(8299) far exceeds block count (2074); potential sync issue    
2026-08-10T05:55:40.395287Z  WARN ThreadId(20) hotstuff_runner::app: Node 2 [produce_block] queue size: 0, attempting up to 0 transactions this block    
2026-08-10T05:55:40.395529Z  WARN ThreadId(20) hotstuff_runner::app: Node 2 view(8303) far exceeds block count (2075); potential sync issue    
2026-08-10T05:55:40.494625Z  WARN ThreadId(20) hotstuff_runner::app: Node 2 [produce_block] queue size: 0, attempting up to 0 transactions this block    
2026-08-10T05:55:40.494808Z  WARN ThreadId(20) hotstuff_runner::app: Node 2 view(8307) far exceeds block count (2076); potential sync issue    
2026-08-10T05:55:40.716259Z  WARN ThreadId(20) hotstuff_runner::app: Node 2 [produce_block] queue size: 0, attempting up to 0 transactions this block    
2026-08-10T05:55:40.722469Z  WARN ThreadId(20) hotstuff_runner::app: Node 2 view(8311) far exceeds block count (2077); potential sync issue    
2026-08-10T05:55:40.894194Z  WARN ThreadId(20) hotstuff_runner::app: Node 2 [produce_block] queue size: 0, attempting up to 0 transactions this block    
2026-08-10T05:55:40.896364Z  WARN ThreadId(20) hotstuff_runner::app: Node 2 view(8315) far exceeds block count (2078); potential sync issue    
2026-08-10T05:55:41.113703Z  WARN ThreadId(20) hotstuff_runner::app: Node 2 [produce_block] queue size: 0, attempting up to 0 transactions this block    
2026-08-10T05:55:41.117360Z  WARN ThreadId(20) hotstuff_runner::app: Node 2 view(8319) far exceeds block count (2079); potential sync issue    
2026-08-10T05:55:41.407611Z  WARN ThreadId(20) hotstuff_runner::app: Node 2 [produce_block] queue size: 0, attempting up to 0 transactions this block    
2026-08-10T05:55:41.414329Z  WARN ThreadId(20) hotstuff_runner::app: Node 2 view(8323) far exceeds block count (2080); potential sync issue    
2026-08-10T05:55:41.594704Z  WARN ThreadId(20) hotstuff_runner::app: Node 2 [produce_block] queue size: 0, attempting up to 0 transactions this block    
2026-08-10T05:55:41.594920Z  WARN ThreadId(20) hotstuff_runner::app: Node 2 view(8327) far exceeds block count (2081); potential sync issue    
2026-08-10T05:55:41.719700Z  WARN ThreadId(20) hotstuff_runner::app: Node 2 [produce_block] queue size: 0, attempting up to 0 transactions this block    
2026-08-10T05:55:41.719933Z  WARN ThreadId(20) hotstuff_runner::app: Node 2 view(8331) far exceeds block count (2082); potential sync issue    
2026-08-10T05:55:41.864972Z  WARN ThreadId(20) hotstuff_runner::app: Node 2 [produce_block] queue size: 0, attempting up to 0 transactions this block    
2026-08-10T05:55:41.867931Z  WARN ThreadId(20) hotstuff_runner::app: Node 2 view(8335) far exceeds block count (2083); potential sync issue    
2026-08-10T05:55:42.037125Z  WARN ThreadId(20) hotstuff_runner::app: Node 2 [produce_block] queue size: 0, attempting up to 0 transactions this block    
2026-08-10T05:55:42.037367Z  WARN ThreadId(20) hotstuff_runner::app: Node 2 view(8339) far exceeds block count (2084); potential sync issue    
2026-08-10T05:55:42.211205Z  WARN ThreadId(20) hotstuff_runner::app: Node 2 [produce_block] queue size: 0, attempting up to 0 transactions this block    
2026-08-10T05:55:42.211795Z  WARN ThreadId(20) hotstuff_runner::app: Node 2 view(8343) far exceeds block count (2085); potential sync issue    
2026-08-10T05:55:42.510405Z  WARN ThreadId(20) hotstuff_runner::app: Node 2 [produce_block] queue size: 0, attempting up to 0 transactions this block    
2026-08-10T05:55:42.515746Z  WARN ThreadId(20) hotstuff_runner::app: Node 2 view(8347) far exceeds block count (2086); potential sync issue    
2026-08-10T05:55:42.624800Z  WARN ThreadId(20) hotstuff_runner::app: Node 2 [produce_block] queue size: 0, attempting up to 0 transactions this block    
2026-08-10T05:55:42.625065Z  WARN ThreadId(20) hotstuff_runner::app: Node 2 view(8351) far exceeds block count (2087); potential sync issue    
2026-08-10T05:55:42.805366Z  WARN ThreadId(20) hotstuff_runner::app: Node 2 [produce_block] queue size: 0, attempting up to 0 transactions this block    
2026-08-10T05:55:42.805998Z  WARN ThreadId(20) hotstuff_runner::app: Node 2 view(8355) far exceeds block count (2088); potential sync issue    
2026-08-10T05:55:43.040881Z  WARN ThreadId(20) hotstuff_runner::app: Node 2 [produce_block] queue size: 0, attempting up to 0 transactions this block    
2026-08-10T05:55:43.041162Z  WARN ThreadId(20) hotstuff_runner::app: Node 2 view(8359) far exceeds block count (2089); potential sync issue    
2026-08-10T05:55:43.311743Z  WARN ThreadId(20) hotstuff_runner::app: Node 2 [produce_block] queue size: 0, attempting up to 0 transactions this block    
2026-08-10T05:55:43.311888Z  WARN ThreadId(20) hotstuff_runner::app: Node 2 view(8363) far exceeds block count (2090); potential sync issue    
2026-08-10T05:55:43.473787Z  WARN ThreadId(20) hotstuff_runner::app: Node 2 [produce_block] queue size: 0, attempting up to 0 transactions this block    
2026-08-10T05:55:43.479474Z  WARN ThreadId(20) hotstuff_runner::app: Node 2 view(8367) far exceeds block count (2091); potential sync issue    
2026-08-10T05:55:43.581895Z  WARN ThreadId(20) hotstuff_runner::app: Node 2 [produce_block] queue size: 0, attempting up to 0 transactions this block    
2026-08-10T05:55:43.583330Z  WARN ThreadId(20) hotstuff_runner::app: Node 2 view(8371) far exceeds block count (2092); potential sync issue    
2026-08-10T05:55:43.891379Z  WARN ThreadId(03) docker_node: Low processing efficiency: 0.0% - system may need tuning
2026-08-10T05:55:43.908980Z  WARN ThreadId(20) hotstuff_runner::app: Node 2 [produce_block] queue size: 0, attempting up to 0 transactions this block    
2026-08-10T05:55:43.910903Z  WARN ThreadId(20) hotstuff_runner::app: Node 2 view(8375) far exceeds block count (2093); potential sync issue    
2026-08-10T05:55:44.133764Z  WARN ThreadId(20) hotstuff_runner::app: Node 2 [produce_block] queue size: 0, attempting up to 0 transactions this block    
2026-08-10T05:55:44.140407Z  WARN ThreadId(20) hotstuff_runner::app: Node 2 view(8379) far exceeds block count (2094); potential sync issue    
2026-08-10T05:55:44.245358Z  WARN ThreadId(20) hotstuff_runner::app: Node 2 [produce_block] queue size: 0, attempting up to 0 transactions this block    
2026-08-10T05:55:44.246037Z  WARN ThreadId(20) hotstuff_runner::app: Node 2 view(8383) far exceeds block count (2095); potential sync issue    
